t_over_T,t,sigma_x_magnus4,sigma_x_rk4,norm_magnus4,norm_rk4
0.000000000000000000e+00,0.000000000000000000e+00,1.000000000000000000e+00,1.000000000000000000e+00,9.999999403953552246e-01,9.999999403953552246e-01
1.250000000000000069e-02,7.853981633974482790e-02,9.999997019767761230e-01,9.999997019767761230e-01,9.999999403953552246e-01,9.999999403953552246e-01
2.500000000000000139e-02,1.570796326794896558e-01,9.999792575836181641e-01,9.999790787696838379e-01,9.999998807907104492e-01,9.999999403953552246e-01
3.749999999999999861e-02,2.356194490192344837e-01,9.997646808624267578e-01,9.997646212577819824e-01,9.999998211860656738e-01,1.000000000000000000e+00
5.000000000000000278e-02,3.141592653589793116e-01,9.986981749534606934e-01,9.986981749534606934e-01,9.999999403953552246e-01,9.999999403953552246e-01
6.250000000000000000e-02,3.926990816987241395e-01,9.951788187026977539e-01,9.951786994934082031e-01,9.999999403953552246e-01,1.000000000000000000e+00
7.499999999999999722e-02,4.712388980384689674e-01,9.863129258155822754e-01,9.863127470016479492e-01,9.999999403953552246e-01,1.000000000000000000e+00
8.749999999999999445e-02,5.497787143782137953e-01,9.681506156921386719e-01,9.681502580642700195e-01,9.999999403953552246e-01,9.999999403953552246e-01
1.000000000000000056e-01,6.283185307179586232e-01,9.371339678764343262e-01,9.371332526206970215e-01,9.999998807907104492e-01,9.999999403953552246e-01
1.125000000000000028e-01,7.068583470577034511e-01,8.931072354316711426e-01,8.931064009666442871e-01,9.999999403953552246e-01,1.000000000000000000e+00
1.250000000000000000e-01,7.853981633974482790e-01,8.430910110473632812e-01,8.430906534194946289e-01,1.000000000000000000e+00,9.999999403953552246e-01
1.375000000000000111e-01,8.639379797371931069e-01,8.030276298522949219e-01,8.030284643173217773e-01,9.999999403953552246e-01,1.000000000000000000e+00
1.499999999999999944e-01,9.424777960769379348e-01,7.931760549545288086e-01,7.931788563728332520e-01,1.000000000000000000e+00,9.999999403953552246e-01
1.625000000000000056e-01,1.021017612416682763e+00,8.246514201164245605e-01,8.246559500694274902e-01,9.999999403953552246e-01,1.000000000000000000e+00
1.749999999999999889e-01,1.099557428756427591e+00,8.822612166404724121e-01,8.822658061981201172e-01,1.000000000000000000e+00,9.999999403953552246e-01
1.875000000000000000e-01,1.178097245096172418e+00,9.195057749748229980e-01,9.195076227188110352e-01,1.000000000000000000e+00,9.999998807907104492e-01
2.000000000000000111e-01,1.256637061435917246e+00,8.834258317947387695e-01,8.834236860275268555e-01,1.000000000000000000e+00,9.999998211860656738e-01
2.124999999999999944e-01,1.335176877775662074e+00,7.655212283134460449e-01,7.655172944068908691e-01,1.000000000000000000e+00,9.999997615814208984e-01
2.250000000000000056e-01,1.413716694115406902e+00,6.355394721031188965e-01,6.355386376380920410e-01,1.000000000000000000e+00,9.999997019767761230e-01
2.374999999999999889e-01,1.492256510455151730e+00,6.004288792610168457e-01,6.004330515861511230e-01,1.000000119209289551e+00,9.999995231628417969e-01
2.500000000000000000e-01,1.570796326794896558e+00,6.917840838432312012e-01,6.917900443077087402e-01,1.000000119209289551e+00,9.999993443489074707e-01
2.625000000000000111e-01,1.649336143134641386e+00,7.947925329208374023e-01,7.947952151298522949e-01,1.000000119209289551e+00,9.999991059303283691e-01
2.750000000000000222e-01,1.727875959474386214e+00,7.472156286239624023e-01,7.472150325775146484e-01,1.000000119209289551e+00,9.999988079071044922e-01
2.874999999999999778e-01,1.806415775814131042e+00,5.503128767013549805e-01,5.503137111663818359e-01,1.000000238418579102e+00,9.999984502792358398e-01
2.999999999999999889e-01,1.884955592153875870e+00,4.169346988201141357e-01,4.169364869594573975e-01,1.000000238418579102e+00,9.999980330467224121e-01
3.125000000000000000e-01,1.963495408493620697e+00,5.064685344696044922e-01,5.064660906791687012e-01,1.000000238418579102e+00,9.999974966049194336e-01
3.250000000000000111e-01,2.042035224833365525e+00,6.600434780120849609e-01,6.600410938262939453e-01,1.000000357627868652e+00,9.999969005584716797e-01
3.375000000000000222e-01,2.120575041173110353e+00,5.884854793548583984e-01,5.884950160980224609e-01,1.000000238418579102e+00,9.999961256980895996e-01
3.499999999999999778e-01,2.199114857512855181e+00,3.336801528930664062e-01,3.336937427520751953e-01,1.000000357627868652e+00,9.999954104423522949e-01
3.624999999999999889e-01,2.277654673852600009e+00,2.563017904758453369e-01,2.562929987907409668e-01,1.000000238418579102e+00,9.999946355819702148e-01
3.750000000000000000e-01,2.356194490192344837e+00,4.450898766517639160e-01,4.450665712356567383e-01,1.000000238418579102e+00,9.999936223030090332e-01
3.875000000000000111e-01,2.434734306532089665e+00,5.154224634170532227e-01,5.154321193695068359e-01,1.000000357627868652e+00,9.999926090240478516e-01
4.000000000000000222e-01,2.513274122871834493e+00,2.650519609451293945e-01,2.650912702083587646e-01,1.000000357627868652e+00,9.999914169311523438e-01
4.124999999999999778e-01,2.591813939211579321e+00,7.881591469049453735e-02,7.881088554859161377e-02,1.000000238418579102e+00,9.999902844429016113e-01
4.249999999999999889e-01,2.670353755551324149e+00,2.448575645685195923e-01,2.448041290044784546e-01,1.000000238418579102e+00,9.999889731407165527e-01
4.375000000000000000e-01,2.748893571891068976e+00,3.832912445068359375e-01,3.832942247390747070e-01,1.000000238418579102e+00,9.999876022338867188e-01
4.500000000000000111e-01,2.827433388230813804e+00,1.485206931829452515e-01,1.485918313264846802e-01,1.000000357627868652e+00,9.999862313270568848e-01
4.625000000000000222e-01,2.905973204570558632e+00,-7.965505868196487427e-02,-7.965508103370666504e-02,1.000000476837158203e+00,9.999848008155822754e-01
4.749999999999999778e-01,2.984513020910303460e+00,7.737696915864944458e-02,7.728891074657440186e-02,1.000000476837158203e+00,9.999832510948181152e-01
4.874999999999999889e-01,3.063052837250048288e+00,2.344763278961181641e-01,2.344758957624435425e-01,1.000000357627868652e+00,9.999816417694091797e-01
5.000000000000000000e-01,3.141592653589793116e+00,-5.458775558508932590e-05,5.128869452164508402e-05,1.000000476837158203e+00,9.999800920486450195e-01
5.124999999999999556e-01,3.220132469929537944e+00,-2.344763875007629395e-01,-2.344758063554763794e-01,1.000000476837158203e+00,9.999785423278808594e-01
5.250000000000000222e-01,3.298672286269282772e+00,-7.726810872554779053e-02,-7.739099115133285522e-02,1.000000476837158203e+00,9.999769330024719238e-01
5.374999999999999778e-01,3.377212102609027600e+00,7.965618371963500977e-02,7.965387403964996338e-02,1.000000476837158203e+00,9.999754428863525391e-01
5.500000000000000444e-01,3.455751918948772428e+00,-1.486285626888275146e-01,-1.484907120466232300e-01,1.000000476837158203e+00,9.999738931655883789e-01
5.625000000000000000e-01,3.534291735288517255e+00,-3.832964599132537842e-01,-3.832893371582031250e-01,1.000000596046447754e+00,9.999724626541137695e-01
5.749999999999999556e-01,3.612831551628262083e+00,-2.447516918182373047e-01,-2.449032962322235107e-01,1.000000596046447754e+00,9.999709725379943848e-01
5.875000000000000222e-01,3.691371367968006911e+00,-7.880163192749023438e-02,-7.882408797740936279e-02,1.000000596046447754e+00,9.999697804450988770e-01
5.999999999999999778e-01,3.769911184307751739e+00,-2.651537656784057617e-01,-2.649959027767181396e-01,1.000000596046447754e+00,9.999685883522033691e-01
6.125000000000000444e-01,3.848451000647496567e+00,-5.154516100883483887e-01,-5.154047608375549316e-01,1.000000715255737305e+00,9.999673962593078613e-01
6.250000000000000000e-01,3.926990816987241395e+00,-4.449966847896575928e-01,-4.451534152030944824e-01,1.000000596046447754e+00,9.999663233757019043e-01
6.374999999999999556e-01,4.005530633326985779e+00,-2.562518119812011719e-01,-2.563397288322448730e-01,1.000000596046447754e+00,9.999653100967407227e-01
6.500000000000000222e-01,4.084070449666731051e+00,-3.337555825710296631e-01,-3.336234986782073975e-01,1.000000596046447754e+00,9.999644756317138672e-01
6.625000000000000888e-01,4.162610266006476323e+00,-5.885586738586425781e-01,-5.884268283843994141e-01,1.000000596046447754e+00,9.999637603759765625e-01
6.750000000000000444e-01,4.241150082346220707e+00,-6.600002050399780273e-01,-6.600813269615173340e-01,1.000000715255737305e+00,9.999631643295288086e-01
6.874999999999998890e-01,4.319689898685965090e+00,-5.063799023628234863e-01,-5.065484046936035156e-01,1.000000715255737305e+00,9.999626874923706055e-01
6.999999999999999556e-01,4.398229715025710362e+00,-4.169302582740783691e-01,-4.169408082962036133e-01,1.000000715255737305e+00,9.999620914459228516e-01
7.125000000000000222e-01,4.476769531365455634e+00,-5.503931045532226562e-01,-5.502392649650573730e-01,1.000000834465026855e+00,9.999617338180541992e-01
7.249999999999999778e-01,4.555309347705200018e+00,-7.472711205482482910e-01,-7.471635937690734863e-01,1.000000834465026855e+00,9.999614357948303223e-01
7.374999999999999334e-01,4.633849164044944402e+00,-7.947579622268676758e-01,-7.948272228240966797e-01,1.000000834465026855e+00,9.999611973762512207e-01
7.500000000000000000e-01,4.712388980384689674e+00,-6.917064785957336426e-01,-6.918619871139526367e-01,1.000000834465026855e+00,9.999610185623168945e-01
7.625000000000000666e-01,4.790928796724434946e+00,-6.003942489624023438e-01,-6.004650592803955078e-01,1.000000715255737305e+00,9.999607801437377930e-01
7.750000000000000222e-01,4.869468613064179330e+00,-6.355772614479064941e-01,-6.355036497116088867e-01,1.000000834465026855e+00,9.999606609344482422e-01
7.874999999999999778e-01,4.948008429403923714e+00,-7.655891180038452148e-01,-7.654541730880737305e-01,1.000000834465026855e+00,9.999605417251586914e-01
8.000000000000000444e-01,5.026548245743668986e+00,-8.834648728370666504e-01,-8.833873271942138672e-01,1.000000834465026855e+00,9.999604821205139160e-01
8.125000000000001110e-01,5.105088062083414258e+00,-9.194910526275634766e-01,-9.195212125778198242e-01,1.000000953674316406e+00,9.999603629112243652e-01
8.249999999999999556e-01,5.183627878423158641e+00,-8.822103142738342285e-01,-8.823129534721374512e-01,1.000000953674316406e+00,9.999603033065795898e-01
8.374999999999999112e-01,5.262167694762903025e+00,-8.245995044708251953e-01,-8.247041702270507812e-01,1.000000953674316406e+00,9.999602437019348145e-01
8.499999999999999778e-01,5.340707511102648297e+00,-7.931495308876037598e-01,-7.932036519050598145e-01,1.000000834465026855e+00,9.999602437019348145e-01
8.625000000000000444e-01,5.419247327442393569e+00,-8.030331730842590332e-01,-8.030235767364501953e-01,1.000000953674316406e+00,9.999601244926452637e-01
8.750000000000000000e-01,5.497787143782137953e+00,-8.431197404861450195e-01,-8.430641293525695801e-01,1.000000834465026855e+00,9.999601244926452637e-01
8.874999999999999556e-01,5.576326960121882337e+00,-8.931450843811035156e-01,-8.930712342262268066e-01,1.000000834465026855e+00,9.999601244926452637e-01
9.000000000000000222e-01,5.654866776461627609e+00,-9.371694326400756836e-01,-9.371001720428466797e-01,1.000000834465026855e+00,9.999601840972900391e-01
9.125000000000000888e-01,5.733406592801372881e+00,-9.681779742240905762e-01,-9.681248068809509277e-01,1.000000834465026855e+00,9.999601840972900391e-01
9.250000000000000444e-01,5.811946409141117265e+00,-9.863309264183044434e-01,-9.862961173057556152e-01,1.000000834465026855e+00,9.999601840972900391e-01
9.374999999999998890e-01,5.890486225480861648e+00,-9.951889514923095703e-01,-9.951692819595336914e-01,1.000000834465026855e+00,9.999602437019348145e-01
9.499999999999999556e-01,5.969026041820606920e+00,-9.987031221389770508e-01,-9.986936450004577637e-01,1.000000715255737305e+00,9.999601840972900391e-01
9.625000000000000222e-01,6.047565858160352192e+00,-9.997665882110595703e-01,-9.997629523277282715e-01,1.000000715255737305e+00,9.999602437019348145e-01
9.749999999999999778e-01,6.126105674500096576e+00,-9.999797344207763672e-01,-9.999787211418151855e-01,1.000000715255737305e+00,9.999601840972900391e-01
9.874999999999999334e-01,6.204645490839840960e+00,-9.999996423721313477e-01,-9.999995231628417969e-01,1.000000715255737305e+00,9.999602437019348145e-01
1.000000000000000000e+00,6.283185307179586232e+00,-1.000000000000000000e+00,-1.000000000000000000e+00,1.000000596046447754e+00,9.999602437019348145e-01
1.012500000000000178e+00,6.361725123519331504e+00,-9.999996423721313477e-01,-9.999997615814208984e-01,1.000000596046447754e+00,9.999603033065795898e-01
1.024999999999999911e+00,6.440264939859075888e+00,-9.999786615371704102e-01,-9.999796748161315918e-01,1.000000596046447754e+00,9.999603033065795898e-01
1.037499999999999867e+00,6.518804756198820272e+00,-9.997627139091491699e-01,-9.997665286064147949e-01,1.000000596046447754e+00,9.999603033065795898e-01
1.050000000000000044e+00,6.597344572538565544e+00,-9.986934065818786621e-01,-9.987028241157531738e-01,1.000000476837158203e+00,9.999603629112243652e-01
1.062500000000000000e+00,6.675884388878310816e+00,-9.951685667037963867e-01,-9.951880574226379395e-01,1.000000476837158203e+00,9.999603629112243652e-01
1.074999999999999956e+00,6.754424205218055199e+00,-9.862949848175048828e-01,-9.863293766975402832e-01,1.000000476837158203e+00,9.999603629112243652e-01
1.087499999999999911e+00,6.832964021557799583e+00,-9.681232571601867676e-01,-9.681754708290100098e-01,1.000000476837158203e+00,9.999603629112243652e-01
1.100000000000000089e+00,6.911503837897544855e+00,-9.370980858802795410e-01,-9.371660947799682617e-01,1.000000476837158203e+00,9.999603629112243652e-01
1.112500000000000044e+00,6.990043654237290127e+00,-8.930690288543701172e-01,-8.931413292884826660e-01,1.000000476837158203e+00,9.999603629112243652e-01
1.125000000000000000e+00,7.068583470577034511e+00,-8.430620431900024414e-01,-8.431170582771301270e-01,1.000000357627868652e+00,9.999603033065795898e-01
1.137499999999999956e+00,7.147123286916778895e+00,-8.030219078063964844e-01,-8.030333518981933594e-01,1.000000357627868652e+00,9.999603629112243652e-01
1.149999999999999911e+00,7.225663103256524167e+00,-7.932024598121643066e-01,-7.931541800498962402e-01,1.000000476837158203e+00,9.999604225158691406e-01
1.162500000000000089e+00,7.304202919596269439e+00,-8.247033953666687012e-01,-8.246078491210937500e-01,1.000000476837158203e+00,9.999604225158691406e-01
1.175000000000000044e+00,7.382742735936013823e+00,-8.823123574256896973e-01,-8.822187185287475586e-01,1.000000476837158203e+00,9.999604225158691406e-01
1.187500000000000000e+00,7.461282552275758206e+00,-9.195205569267272949e-01,-9.194941520690917969e-01,1.000000357627868652e+00,9.999604821205139160e-01
1.199999999999999956e+00,7.539822368615503478e+00,-8.833867907524108887e-01,-8.834602832794189453e-01,1.000000476837158203e+00,9.999604225158691406e-01
1.212500000000000133e+00,7.618362184955248750e+00,-7.654526829719543457e-01,-7.655804157257080078e-01,1.000000476837158203e+00,9.999602437019348145e-01
1.225000000000000089e+00,7.696902001294993134e+00,-6.355011463165283203e-01,-6.355732679367065430e-01,1.000000476837158203e+00,9.999601840972900391e-01
1.237499999999999822e+00,7.775441817634737518e+00,-6.004630923271179199e-01,-6.004004478454589844e-01,1.000000476837158203e+00,9.999600648880004883e-01
1.250000000000000000e+00,7.853981633974482790e+00,-6.918619275093078613e-01,-6.917179822921752930e-01,1.000000596046447754e+00,9.999598860740661621e-01
1.262500000000000178e+00,7.932521450314228062e+00,-7.948276400566101074e-01,-7.947633266448974609e-01,1.000000596046447754e+00,9.999597072601318359e-01
1.274999999999999911e+00,8.011061266653971558e+00,-7.471599578857421875e-01,-7.472667694091796875e-01,1.000000596046447754e+00,9.999594092369079590e-01
1.287499999999999867e+00,8.089601082993716830e+00,-5.502319335937500000e-01,-5.503879785537719727e-01,1.000000596046447754e+00,9.999589920043945312e-01
1.300000000000000044e+00,8.168140899333462102e+00,-4.169388711452484131e-01,-4.169318675994873047e-01,1.000000715255737305e+00,9.999586939811706543e-01
1.312500000000000000e+00,8.246680715673207374e+00,-5.065575838088989258e-01,-5.063835382461547852e-01,1.000000715255737305e+00,9.999581575393676758e-01
1.325000000000000178e+00,8.325220532012952646e+00,-6.600872278213500977e-01,-6.600013971328735352e-01,1.000000715255737305e+00,9.999576210975646973e-01
1.337499999999999911e+00,8.403760348352696141e+00,-5.884118676185607910e-01,-5.885633826255798340e-01,1.000000834465026855e+00,9.999569058418273926e-01
1.350000000000000089e+00,8.482300164692441413e+00,-3.336040377616882324e-01,-3.337632417678833008e-01,1.000000715255737305e+00,9.999561905860900879e-01
1.362500000000000044e+00,8.560839981032186685e+00,-2.563523054122924805e-01,-2.562458813190460205e-01,1.000000715255737305e+00,9.999552965164184570e-01
1.374999999999999778e+00,8.639379797371930181e+00,-4.451839625835418701e-01,-4.449803233146667480e-01,1.000000715255737305e+00,9.999543428421020508e-01
1.387499999999999956e+00,8.717919613711675453e+00,-5.153928995132446289e-01,-5.154598951339721680e-01,1.000000715255737305e+00,9.999532699584960938e-01
1.399999999999999911e+00,8.796459430051420725e+00,-2.649487853050231934e-01,-2.651855647563934326e-01,1.000000834465026855e+00,9.999521970748901367e-01
1.412500000000000089e+00,8.874999246391165997e+00,-7.883001118898391724e-02,-7.879699766635894775e-02,1.000000715255737305e+00,9.999509453773498535e-01
1.425000000000000044e+00,8.953539062730911269e+00,-2.449644654989242554e-01,-2.447059452533721924e-01,1.000000715255737305e+00,9.999496340751647949e-01
1.437500000000000000e+00,9.032078879070654764e+00,-3.832860589027404785e-01,-3.832997083663940430e-01,1.000000834465026855e+00,9.999482035636901855e-01
1.449999999999999956e+00,9.110618695410400036e+00,-1.484118998050689697e-01,-1.486918032169342041e-01,1.000000715255737305e+00,9.999468326568603516e-01
1.462500000000000133e+00,9.189158511750145308e+00,7.965403050184249878e-02,7.965658605098724365e-02,1.000000834465026855e+00,9.999453425407409668e-01
1.474999999999999867e+00,9.267698328089888804e+00,-7.748683542013168335e-02,-7.718813419342041016e-02,1.000000834465026855e+00,9.999437332153320312e-01
1.487499999999999822e+00,9.346238144429634076e+00,-2.344763576984405518e-01,-2.344764024019241333e-01,1.000000834465026855e+00,9.999421834945678711e-01
1.500000000000000000e+00,9.424777960769379348e+00,1.647584140300750732e-04,-1.522493839729577303e-04,1.000000834465026855e+00,9.999405741691589355e-01
1.512500000000000178e+00,9.503317777109124620e+00,2.344763427972793579e-01,2.344763129949569702e-01,1.000000953674316406e+00,9.999389648437500000e-01
1.525000000000000133e+00,9.581857593448869892e+00,7.715832442045211792e-02,7.749164104461669922e-02,1.000000953674316406e+00,9.999374151229858398e-01
1.537499999999999867e+00,9.660397409788613388e+00,-7.965727895498275757e-02,-7.965331524610519409e-02,1.000000834465026855e+00,9.999358654022216797e-01
1.550000000000000044e+00,9.738937226128358660e+00,1.487373262643814087e-01,1.483912169933319092e-01,1.000000834465026855e+00,9.999343752861022949e-01
1.562500000000000000e+00,9.817477042468103932e+00,3.833014965057373047e-01,3.832848072052001953e-01,1.000000953674316406e+00,9.999329447746276855e-01
1.574999999999999956e+00,9.896016858807847427e+00,2.446447908878326416e-01,2.450009733438491821e-01,1.000001072883605957e+00,9.999316930770874023e-01
1.587499999999999911e+00,9.974556675147592699e+00,7.878725230693817139e-02,7.883699238300323486e-02,1.000001072883605957e+00,9.999303221702575684e-01
1.600000000000000089e+00,1.005309649148733797e+01,2.652563452720642090e-01,2.649019658565521240e-01,1.000001072883605957e+00,9.999291896820068359e-01
1.612500000000000044e+00,1.013163630782708324e+01,5.154811143875122070e-01,5.153778195381164551e-01,1.000001072883605957e+00,9.999278783798217773e-01
1.625000000000000222e+00,1.021017612416682852e+01,4.449027180671691895e-01,4.452396333217620850e-01,1.000001072883605957e+00,9.999269843101501465e-01
1.637499999999999956e+00,1.028871594050657201e+01,2.562009692192077637e-01,2.563858926296234131e-01,1.000001072883605957e+00,9.999260306358337402e-01
1.649999999999999911e+00,1.036725575684631728e+01,3.338314890861511230e-01,3.335536420345306396e-01,1.000001192092895508e+00,9.999251961708068848e-01
1.662500000000000089e+00,1.044579557318606255e+01,5.886326432228088379e-01,5.883592367172241211e-01,1.000001072883605957e+00,9.999244213104248047e-01
1.674999999999999822e+00,1.052433538952580605e+01,6.599570512771606445e-01,6.601214408874511719e-01,1.000001192092895508e+00,9.999236464500427246e-01
1.687500000000000000e+00,1.060287520586555132e+01,5.062904953956604004e-01,5.066303014755249023e-01,1.000001311302185059e+00,9.999231696128845215e-01
1.699999999999999956e+00,1.068141502220529659e+01,4.169252812862396240e-01,4.169445633888244629e-01,1.000001192092895508e+00,9.999227523803710938e-01
1.712500000000000133e+00,1.075995483854504187e+01,5.504736304283142090e-01,5.501649975776672363e-01,1.000001192092895508e+00,9.999223947525024414e-01
1.725000000000000089e+00,1.083849465488478714e+01,7.473272681236267090e-01,7.471123337745666504e-01,1.000001192092895508e+00,9.999219775199890137e-01
1.737499999999999822e+00,1.091703447122453063e+01,7.947235107421875000e-01,7.948592305183410645e-01,1.000001192092895508e+00,9.999216794967651367e-01
1.750000000000000000e+00,1.099557428756427591e+01,6.916283965110778809e-01,6.919338107109069824e-01,1.000001192092895508e+00,9.999215602874755859e-01
1.762500000000000178e+00,1.107411410390402118e+01,6.003590822219848633e-01,6.004970073699951172e-01,1.000001192092895508e+00,9.999213218688964844e-01
1.774999999999999911e+00,1.115265392024376467e+01,6.356149911880493164e-01,6.354686617851257324e-01,1.000001192092895508e+00,9.999211430549621582e-01
1.787499999999999867e+00,1.123119373658350995e+01,7.656576633453369141e-01,7.653912305831909180e-01,1.000001192092895508e+00,9.999210238456726074e-01
1.800000000000000044e+00,1.130973355292325522e+01,8.835045695304870605e-01,8.833511471748352051e-01,1.000001311302185059e+00,9.999209642410278320e-01
1.812500000000000000e+00,1.138827336926300049e+01,9.194766879081726074e-01,9.195345640182495117e-01,1.000001311302185059e+00,9.999208450317382812e-01
1.825000000000000178e+00,1.146681318560274576e+01,8.821591138839721680e-01,8.823599815368652344e-01,1.000001311302185059e+00,9.999208450317382812e-01
1.837499999999999911e+00,1.154535300194248926e+01,8.245471119880676270e-01,8.247520327568054199e-01,1.000001311302185059e+00,9.999207854270935059e-01
1.850000000000000089e+00,1.162389281828223453e+01,7.931224107742309570e-01,7.932280898094177246e-01,1.000001192092895508e+00,9.999207854270935059e-01
1.862500000000000044e+00,1.170243263462197980e+01,8.030379414558410645e-01,8.030184507369995117e-01,1.000001311302185059e+00,9.999207258224487305e-01
1.874999999999999778e+00,1.178097245096172330e+01,8.431480526924133301e-01,8.430375456809997559e-01,1.000001192092895508e+00,9.999207258224487305e-01
1.887499999999999956e+00,1.185951226730146857e+01,8.931826949119567871e-01,8.930362462997436523e-01,1.000001192092895508e+00,9.999207854270935059e-01
1.899999999999999911e+00,1.193805208364121384e+01,9.372051358222961426e-01,9.370672106742858887e-01,1.000001192092895508e+00,9.999207258224487305e-01
1.912500000000000089e+00,1.201659189998095911e+01,9.682053327560424805e-01,9.680995345115661621e-01,1.000001192092895508e+00,9.999207854270935059e-01
1.925000000000000044e+00,1.209513171632070438e+01,9.863488674163818359e-01,9.862795472145080566e-01,1.000001192092895508e+00,9.999207854270935059e-01
1.937500000000000000e+00,1.217367153266044788e+01,9.951991438865661621e-01,9.951598644256591797e-01,1.000001072883605957e+00,9.999208450317382812e-01
1.949999999999999956e+00,1.225221134900019315e+01,9.987080693244934082e-01,9.986890554428100586e-01,1.000001192092895508e+00,9.999209046363830566e-01
1.962500000000000133e+00,1.233075116533993842e+01,9.997686147689819336e-01,9.997610449790954590e-01,1.000001072883605957e+00,9.999209046363830566e-01
1.974999999999999867e+00,1.240929098167968192e+01,9.999803304672241211e-01,9.999781847000122070e-01,1.000001072883605957e+00,9.999209046363830566e-01
1.987499999999999822e+00,1.248783079801942719e+01,9.999997615814208984e-01,9.999995231628417969e-01,1.000001192092895508e+00,9.999209046363830566e-01
2.000000000000000000e+00,1.256637061435917246e+01,9.999998807907104492e-01,1.000000000000000000e+00,1.000001192092895508e+00,9.999208450317382812e-01
2.012500000000000178e+00,1.264491043069891774e+01,9.999995231628417969e-01,9.999997019767761230e-01,1.000001072883605957e+00,9.999209642410278320e-01
2.025000000000000355e+00,1.272345024703866301e+01,9.999780654907226562e-01,9.999802112579345703e-01,1.000001072883605957e+00,9.999209642410278320e-01
2.037500000000000089e+00,1.280199006337840650e+01,9.997607469558715820e-01,9.997681975364685059e-01,1.000001192092895508e+00,9.999209046363830566e-01
2.049999999999999822e+00,1.288052987971815178e+01,9.986882805824279785e-01,9.987072348594665527e-01,1.000001192092895508e+00,9.999209046363830566e-01
2.062500000000000000e+00,1.295906969605789705e+01,9.951583743095397949e-01,9.951975345611572266e-01,1.000001192092895508e+00,9.999210238456726074e-01
2.074999999999999734e+00,1.303760951239764054e+01,9.862769246101379395e-01,9.863458871841430664e-01,1.000001192092895508e+00,9.999209642410278320e-01
2.087499999999999911e+00,1.311614932873738582e+01,9.680958390235900879e-01,9.682007431983947754e-01,1.000001192092895508e+00,9.999209642410278320e-01
2.100000000000000089e+00,1.319468914507713109e+01,9.370626211166381836e-01,9.371990561485290527e-01,1.000001192092895508e+00,9.999209046363830566e-01
2.112500000000000266e+00,1.327322896141687636e+01,8.930314183235168457e-01,8.931763172149658203e-01,1.000001311302185059e+00,9.999209046363830566e-01
2.125000000000000000e+00,1.335176877775662163e+01,8.430337905883789062e-01,8.431435823440551758e-01,1.000001311302185059e+00,9.999208450317382812e-01
2.137499999999999734e+00,1.343030859409636513e+01,8.030170798301696777e-01,8.030384182929992676e-01,1.000001192092895508e+00,9.999208450317382812e-01
2.149999999999999911e+00,1.350884841043611040e+01,7.932296991348266602e-01,7.931295633316040039e-01,1.000001192092895508e+00,9.999208450317382812e-01
2.162500000000000089e+00,1.358738822677585567e+01,8.247558474540710449e-01,8.245597481727600098e-01,1.000001311302185059e+00,9.999207854270935059e-01
2.174999999999999822e+00,1.366592804311559917e+01,8.823633193969726562e-01,8.821714520454406738e-01,1.000001311302185059e+00,9.999208450317382812e-01
2.187500000000000000e+00,1.374446785945534444e+01,9.195346832275390625e-01,9.194805622100830078e-01,1.000001311302185059e+00,9.999206662178039551e-01
2.200000000000000178e+00,1.382300767579508971e+01,8.833466172218322754e-01,8.834965229034423828e-01,1.000001192092895508e+00,9.999207258224487305e-01
2.212499999999999911e+00,1.390154749213483498e+01,7.653843760490417480e-01,7.656434774398803711e-01,1.000001192092895508e+00,9.999206066131591797e-01
2.225000000000000089e+00,1.398008730847458025e+01,6.354644894599914551e-01,6.356081962585449219e-01,1.000001311302185059e+00,9.999204277992248535e-01
2.237499999999999822e+00,1.405862712481432375e+01,6.004992127418518066e-01,6.003684401512145996e-01,1.000001311302185059e+00,9.999203085899353027e-01
2.250000000000000000e+00,1.413716694115406902e+01,6.919403076171875000e-01,6.916460394859313965e-01,1.000001311302185059e+00,9.999201297760009766e-01
2.262500000000000178e+00,1.421570675749381429e+01,7.948614954948425293e-01,7.947313189506530762e-01,1.000001311302185059e+00,9.999198317527770996e-01
2.274999999999999911e+00,1.429424657383355779e+01,7.471033334732055664e-01,7.473182082176208496e-01,1.000001311302185059e+00,9.999195337295532227e-01
2.287500000000000089e+00,1.437278639017330306e+01,5.501515865325927734e-01,5.504623651504516602e-01,1.000001430511474609e+00,9.999191761016845703e-01
2.299999999999999822e+00,1.445132620651304833e+01,4.169445633888244629e-01,4.169276058673858643e-01,1.000001311302185059e+00,9.999186992645263672e-01
2.312500000000000000e+00,1.452986602285279361e+01,5.066473484039306641e-01,5.063014030456542969e-01,1.000001430511474609e+00,9.999182224273681641e-01
2.325000000000000178e+00,1.460840583919253888e+01,6.601302027702331543e-01,6.599614024162292480e-01,1.000001430511474609e+00,9.999176263809204102e-01
2.337499999999999911e+00,1.468694565553228237e+01,5.883376598358154297e-01,5.886309146881103516e-01,1.000001430511474609e+00,9.999170899391174316e-01
2.350000000000000089e+00,1.476548547187202765e+01,3.335289061069488525e-01,3.338329792022705078e-01,1.000001430511474609e+00,9.999163150787353516e-01
2.362500000000000266e+00,1.484402528821177292e+01,2.564039528369903564e-01,2.561994194984436035e-01,1.000001430511474609e+00,9.999154210090637207e-01
2.375000000000000000e+00,1.492256510455151641e+01,4.452777206897735596e-01,4.448940455913543701e-01,1.000001430511474609e+00,9.999145269393920898e-01
2.387499999999999734e+00,1.500110492089126168e+01,5.153625011444091797e-01,5.154869556427001953e-01,1.000001430511474609e+00,9.999135136604309082e-01
2.399999999999999911e+00,1.507964473723100696e+01,2.648465037345886230e-01,2.652797996997833252e-01,1.000001430511474609e+00,9.999123811721801758e-01
2.412500000000000089e+00,1.515818455357075223e+01,7.884550094604492188e-02,7.878372073173522949e-02,1.000001430511474609e+00,9.999111294746398926e-01
2.425000000000000266e+00,1.523672436991049750e+01,2.450714707374572754e-01,2.446078956127166748e-01,1.000001430511474609e+00,9.999099373817443848e-01
2.437500000000000000e+00,1.531526418625024100e+01,3.832798898220062256e-01,3.833047449588775635e-01,1.000001430511474609e+00,9.999085068702697754e-01
2.450000000000000178e+00,1.539380400258998627e+01,1.483028382062911987e-01,1.487918049097061157e-01,1.000001549720764160e+00,9.999071359634399414e-01
2.462499999999999911e+00,1.547234381892973154e+01,-7.965199649333953857e-02,-7.965794205665588379e-02,1.000001668930053711e+00,9.999056458473205566e-01
2.474999999999999645e+00,1.555088363526947504e+01,7.759673893451690674e-02,7.708705961704254150e-02,1.000001549720764160e+00,9.999040961265563965e-01
2.487499999999999822e+00,1.562942345160922031e+01,2.344752103090286255e-01,2.344767749309539795e-01,1.000001549720764160e+00,9.999024271965026855e-01
2.500000000000000000e+00,1.570796326794896558e+01,-2.752011350821703672e-04,2.537150285206735134e-04,1.000001549720764160e+00,9.999008774757385254e-01
2.512500000000000178e+00,1.578650308428871085e+01,-2.344754487276077271e-01,-2.344768047332763672e-01,1.000001549720764160e+00,9.998992681503295898e-01
2.525000000000000355e+00,1.586504290062845612e+01,-7.704830169677734375e-02,-7.759300619363784790e-02,1.000001549720764160e+00,9.998976588249206543e-01
2.537500000000000089e+00,1.594358271696819962e+01,7.965713739395141602e-02,7.965317368507385254e-02,1.000001549720764160e+00,9.998961687088012695e-01
2.549999999999999822e+00,1.602212253330794312e+01,-1.488466709852218628e-01,-1.482906639575958252e-01,1.000001549720764160e+00,9.998946189880371094e-01
2.562500000000000000e+00,1.610066234964768839e+01,-3.833057582378387451e-01,-3.832808136940002441e-01,1.000001668930053711e+00,9.998931884765625000e-01
2.574999999999999734e+00,1.617920216598743366e+01,-2.445376664400100708e-01,-2.450997978448867798e-01,1.000001668930053711e+00,9.998918771743774414e-01
2.587499999999999911e+00,1.625774198232717893e+01,-7.877417653799057007e-02,-7.884946465492248535e-02,1.000001668930053711e+00,9.998905062675476074e-01
2.600000000000000089e+00,1.633628179866692420e+01,-2.653596699237823486e-01,-2.648065388202667236e-01,1.000001549720764160e+00,9.998893141746520996e-01
2.612500000000000266e+00,1.641482161500666948e+01,-5.155097842216491699e-01,-5.153509974479675293e-01,1.000001668930053711e+00,9.998882412910461426e-01
2.625000000000000000e+00,1.649336143134641475e+01,-4.448082745075225830e-01,-4.453267753124237061e-01,1.000001549720764160e+00,9.998872280120849609e-01
2.637500000000000178e+00,1.657190124768616002e+01,-2.561512887477874756e-01,-2.564322054386138916e-01,1.000001668930053711e+00,9.998862147331237793e-01
2.650000000000000355e+00,1.665044106402590529e+01,-3.339084386825561523e-01,-3.334829211235046387e-01,1.000001668930053711e+00,9.998853802680969238e-01
2.662499999999999645e+00,1.672898088036564701e+01,-5.887060165405273438e-01,-5.882912874221801758e-01,1.000001668930053711e+00,9.998846054077148438e-01
2.674999999999999822e+00,1.680752069670539228e+01,-6.599125266075134277e-01,-6.601620316505432129e-01,1.000001788139343262e+00,9.998839497566223145e-01
2.687500000000000000e+00,1.688606051304513755e+01,-5.062014460563659668e-01,-5.067125558853149414e-01,1.000001788139343262e+00,9.998833537101745605e-01
2.700000000000000178e+00,1.696460032938488283e+01,-4.169221222400665283e-01,-4.169481992721557617e-01,1.000001788139343262e+00,9.998829364776611328e-01
2.712499999999999911e+00,1.704314014572462810e+01,-5.505552291870117188e-01,-5.500899553298950195e-01,1.000001788139343262e+00,9.998824596405029297e-01
2.725000000000000089e+00,1.712167996206437337e+01,-7.473825812339782715e-01,-7.470608353614807129e-01,1.000001907348632812e+00,9.998820424079895020e-01
2.737500000000000266e+00,1.720021977840411864e+01,-7.946879863739013672e-01,-7.948917746543884277e-01,1.000001788139343262e+00,9.998818039894104004e-01
2.749999999999999556e+00,1.727875959474386036e+01,-6.915501952171325684e-01,-6.920058727264404297e-01,1.000001788139343262e+00,9.998815655708312988e-01
2.762499999999999734e+00,1.735729941108360563e+01,-6.003249287605285645e-01,-6.005284786224365234e-01,1.000001907348632812e+00,9.998814463615417480e-01
2.774999999999999911e+00,1.743583922742335091e+01,-6.356535553932189941e-01,-6.354328989982604980e-01,1.000001788139343262e+00,9.998813271522521973e-01
2.787500000000000089e+00,1.751437904376309618e+01,-7.657263875007629395e-01,-7.653275728225708008e-01,1.000001788139343262e+00,9.998811483383178711e-01
2.799999999999999822e+00,1.759291886010284145e+01,-8.835436701774597168e-01,-8.833147883415222168e-01,1.000001907348632812e+00,9.998810887336730957e-01
2.812500000000000000e+00,1.767145867644258672e+01,-9.194614887237548828e-01,-9.195485115051269531e-01,1.000001788139343262e+00,9.998810291290283203e-01
2.825000000000000178e+00,1.774999849278233199e+01,-8.821077346801757812e-01,-8.824073672294616699e-01,1.000001788139343262e+00,9.998809695243835449e-01
2.837500000000000355e+00,1.782853830912207727e+01,-8.244953155517578125e-01,-8.248001337051391602e-01,1.000001788139343262e+00,9.998809695243835449e-01
2.850000000000000089e+00,1.790707812546182254e+01,-7.930964827537536621e-01,-7.932521104812622070e-01,1.000001788139343262e+00,9.998809099197387695e-01
2.862499999999999822e+00,1.798561794180156426e+01,-8.030443191528320312e-01,-8.030129075050354004e-01,1.000001788139343262e+00,9.998809695243835449e-01
2.875000000000000000e+00,1.806415775814130953e+01,-8.431774973869323730e-01,-8.430105447769165039e-01,1.000001788139343262e+00,9.998809099197387695e-01
2.887499999999999734e+00,1.814269757448105480e+01,-8.932211995124816895e-01,-8.930009007453918457e-01,1.000001907348632812e+00,9.998809695243835449e-01
2.899999999999999911e+00,1.822123739082080007e+01,-9.372410774230957031e-01,-9.370341300964355469e-01,1.000001788139343262e+00,9.998809099197387695e-01
2.912500000000000089e+00,1.829977720716054534e+01,-9.682328104972839355e-01,-9.680741429328918457e-01,1.000001788139343262e+00,9.998809099197387695e-01
2.925000000000000266e+00,1.837831702350029062e+01,-9.863667488098144531e-01,-9.862629175186157227e-01,1.000001788139343262e+00,9.998809099197387695e-01
2.937500000000000000e+00,1.845685683984003589e+01,-9.952092170715332031e-01,-9.951504468917846680e-01,1.000001788139343262e+00,9.998809099197387695e-01
2.949999999999999734e+00,1.853539665617977761e+01,-9.987129569053649902e-01,-9.986844658851623535e-01,1.000001788139343262e+00,9.998808503150939941e-01
2.962499999999999911e+00,1.861393647251952288e+01,-9.997704029083251953e-01,-9.997591972351074219e-01,1.000001788139343262e+00,9.998809099197387695e-01
2.974999999999999645e+00,1.869247628885926815e+01,-9.999806880950927734e-01,-9.999775886535644531e-01,1.000001788139343262e+00,9.998809099197387695e-01
2.987499999999999822e+00,1.877101610519901342e+01,-9.999998807907104492e-01,-9.999993443489074707e-01,1.000001668930053711e+00,9.998808503150939941e-01
3.000000000000000000e+00,1.884955592153875870e+01,-1.000000000000000000e+00,-9.999998807907104492e-01,1.000001668930053711e+00,9.998809099197387695e-01
3.012500000000000178e+00,1.892809573787850397e+01,-9.999994039535522461e-01,-9.999997615814208984e-01,1.000001668930053711e+00,9.998809099197387695e-01
3.025000000000000355e+00,1.900663555421824924e+01,-9.999775290489196777e-01,-9.999806284904479980e-01,1.000001549720764160e+00,9.998809099197387695e-01
3.037500000000000089e+00,1.908517537055799451e+01,-9.997587800025939941e-01,-9.997698664665222168e-01,1.000001549720764160e+00,9.998808503150939941e-01
3.050000000000000266e+00,1.916371518689773978e+01,-9.986833333969116211e-01,-9.987117648124694824e-01,1.000001549720764160e+00,9.998810291290283203e-01
3.062500000000000000e+00,1.924225500323748150e+01,-9.951481223106384277e-01,-9.952068924903869629e-01,1.000001549720764160e+00,9.998810291290283203e-01
3.074999999999999734e+00,1.932079481957722678e+01,-9.862589240074157715e-01,-9.863625168800354004e-01,1.000001549720764160e+00,9.998810887336730957e-01
3.087499999999999911e+00,1.939933463591697205e+01,-9.680680632591247559e-01,-9.682261347770690918e-01,1.000001549720764160e+00,9.998810887336730957e-01
3.100000000000000089e+00,1.947787445225671732e+01,-9.370263814926147461e-01,-9.372321367263793945e-01,1.000001668930053711e+00,9.998810887336730957e-01
3.112500000000000266e+00,1.955641426859646259e+01,-8.929926156997680664e-01,-8.932116627693176270e-01,1.000001549720764160e+00,9.998811483383178711e-01
3.125000000000000000e+00,1.963495408493620786e+01,-8.430039882659912109e-01,-8.431703448295593262e-01,1.000001668930053711e+00,9.998811483383178711e-01
3.137500000000000178e+00,1.971349390127595314e+01,-8.030104637145996094e-01,-8.030437231063842773e-01,1.000001668930053711e+00,9.998810887336730957e-01
3.149999999999999911e+00,1.979203371761569485e+01,-7.932555079460144043e-01,-7.931052446365356445e-01,1.000001668930053711e+00,9.998811483383178711e-01
3.162499999999999645e+00,1.987057353395544013e+01,-8.248076438903808594e-01,-8.245117068290710449e-01,1.000001668930053711e+00,9.998810887336730957e-01
3.174999999999999822e+00,1.994911335029518540e+01,-8.824149370193481445e-01,-8.821240663528442383e-01,1.000001668930053711e+00,9.998810291290283203e-01
3.187500000000000000e+00,2.002765316663493067e+01,-9.195501804351806641e-01,-9.194668531417846680e-01,1.000001668930053711e+00,9.998809695243835449e-01
3.200000000000000178e+00,2.010619298297467594e+01,-8.833076953887939453e-01,-8.835327625274658203e-01,1.000001668930053711e+00,9.998808503150939941e-01
3.212499999999999911e+00,2.018473279931442121e+01,-7.653151154518127441e-01,-7.657067775726318359e-01,1.000001668930053711e+00,9.998807907104492188e-01
3.225000000000000089e+00,2.026327261565416649e+01,-6.354245543479919434e-01,-6.356436014175415039e-01,1.000001668930053711e+00,9.998807907104492188e-01
3.237500000000000266e+00,2.034181243199391176e+01,-6.005325317382812500e-01,-6.003367304801940918e-01,1.000001668930053711e+00,9.998806118965148926e-01
3.250000000000000444e+00,2.042035224833365703e+01,-6.920186877250671387e-01,-6.915739178657531738e-01,1.000001668930053711e+00,9.998804330825805664e-01
3.262499999999999734e+00,2.049889206467339875e+01,-7.948977947235107422e-01,-7.946988344192504883e-01,1.000001788139343262e+00,9.998801946640014648e-01
3.274999999999999911e+00,2.057743188101314402e+01,-7.470481395721435547e-01,-7.473695874214172363e-01,1.000001788139343262e+00,9.998798966407775879e-01
3.287500000000000089e+00,2.065597169735288929e+01,-5.500695705413818359e-01,-5.505372881889343262e-01,1.000001668930053711e+00,9.998795986175537109e-01
3.299999999999999822e+00,2.073451151369263457e+01,-4.169472455978393555e-01,-4.169241786003112793e-01,1.000001668930053711e+00,9.998791813850402832e-01
3.312500000000000000e+00,2.081305133003237984e+01,-5.067365169525146484e-01,-5.062191486358642578e-01,1.000001668930053711e+00,9.998786449432373047e-01
3.325000000000000178e+00,2.089159114637212511e+01,-6.601751446723937988e-01,-6.599205136299133301e-01,1.000001668930053711e+00,9.998780488967895508e-01
3.337500000000000355e+00,2.097013096271187038e+01,-5.882641673088073730e-01,-5.886986851692199707e-01,1.000001549720764160e+00,9.998774528503417969e-01
3.349999999999999645e+00,2.104867077905161210e+01,-3.334510326385498047e-01,-3.339037895202636719e-01,1.000001668930053711e+00,9.998766183853149414e-01
3.362499999999999822e+00,2.112721059539135737e+01,-2.564530372619628906e-01,-2.561532557010650635e-01,1.000001668930053711e+00,9.998757243156433105e-01
3.375000000000000000e+00,2.120575041173110264e+01,-4.453726112842559814e-01,-4.448069036006927490e-01,1.000001668930053711e+00,9.998748302459716797e-01
3.387499999999999734e+00,2.128429022807084792e+01,-5.153342485427856445e-01,-5.155134797096252441e-01,1.000001549720764160e+00,9.998738765716552734e-01
3.399999999999999911e+00,2.136283004441059319e+01,-2.647426128387451172e-01,-2.653748989105224609e-01,1.000001668930053711e+00,9.998726844787597656e-01
3.412500000000000089e+00,2.144136986075033846e+01,-7.885793596506118774e-02,-7.877163589000701904e-02,1.000001549720764160e+00,9.998714923858642578e-01
3.425000000000000266e+00,2.151990967709008373e+01,-2.451789379119873047e-01,-2.445093989372253418e-01,1.000001549720764160e+00,9.998703002929687500e-01
3.437500000000000000e+00,2.159844949342982900e+01,-3.832763433456420898e-01,-3.833082616329193115e-01,1.000001668930053711e+00,9.998688101768493652e-01
3.450000000000000178e+00,2.167698930976957428e+01,-1.481928974390029907e-01,-1.488922238349914551e-01,1.000001668930053711e+00,9.998673796653747559e-01
3.462499999999999911e+00,2.175552912610931600e+01,7.965292781591415405e-02,7.965759187936782837e-02,1.000001668930053711e+00,9.998658895492553711e-01
3.474999999999999645e+00,2.183406894244906127e+01,-7.770761847496032715e-02,-7.698576897382736206e-02,1.000001668930053711e+00,9.998642802238464355e-01
3.487499999999999822e+00,2.191260875878880654e+01,-2.344770282506942749e-01,-2.344755083322525024e-01,1.000001668930053711e+00,9.998627305030822754e-01
3.500000000000000000e+00,2.199114857512855181e+01,3.862965386360883713e-04,-3.552288690116256475e-04,1.000001668930053711e+00,9.998611211776733398e-01
3.512500000000000178e+00,2.206968839146829708e+01,2.344766408205032349e-01,2.344753295183181763e-01,1.000001788139343262e+00,9.998594522476196289e-01
3.525000000000000355e+00,2.214822820780804236e+01,7.693756371736526489e-02,7.769414782524108887e-02,1.000001668930053711e+00,9.998578429222106934e-01
3.537500000000000089e+00,2.222676802414778763e+01,-7.965980470180511475e-02,-7.965067774057388306e-02,1.000001549720764160e+00,9.998562932014465332e-01
3.549999999999999822e+00,2.230530784048752935e+01,1.489561349153518677e-01,1.481905579566955566e-01,1.000001668930053711e+00,9.998547434806823730e-01
3.562500000000000000e+00,2.238384765682727462e+01,3.833124637603759766e-01,3.832744061946868896e-01,1.000001788139343262e+00,9.998533129692077637e-01
3.574999999999999734e+00,2.246238747316701989e+01,2.444305270910263062e-01,2.451979517936706543e-01,1.000001788139343262e+00,9.998519420623779297e-01
3.587499999999999911e+00,2.254092728950676516e+01,7.875815778970718384e-02,7.886431366205215454e-02,1.000001788139343262e+00,9.998506307601928711e-01
3.600000000000000089e+00,2.261946710584651044e+01,2.654627263545989990e-01,2.647128999233245850e-01,1.000001788139343262e+00,9.998494386672973633e-01
3.612500000000000266e+00,2.269800692218625571e+01,5.155407786369323730e-01,5.153226256370544434e-01,1.000001788139343262e+00,9.998482465744018555e-01
3.625000000000000000e+00,2.277654673852600098e+01,4.447138607501983643e-01,4.454123675823211670e-01,1.000001788139343262e+00,9.998472332954406738e-01
3.637500000000000178e+00,2.285508655486574625e+01,2.560989856719970703e-01,2.564800083637237549e-01,1.000001788139343262e+00,9.998463392257690430e-01
3.650000000000000355e+00,2.293362637120549152e+01,3.339840471744537354e-01,3.334144055843353271e-01,1.000001788139343262e+00,9.998453855514526367e-01
3.662499999999999645e+00,2.301216618754523324e+01,5.887809395790100098e-01,5.882228612899780273e-01,1.000001788139343262e+00,9.998446702957153320e-01
3.674999999999999822e+00,2.309070600388497851e+01,6.598693728446960449e-01,6.602007746696472168e-01,1.000001788139343262e+00,9.998440146446228027e-01
3.687500000000000000e+00,2.316924582022472379e+01,5.061108469963073730e-01,5.067949295043945312e-01,1.000001907348632812e+00,9.998434185981750488e-01
3.700000000000000178e+00,2.324778563656446906e+01,4.169161319732666016e-01,4.169540703296661377e-01,1.000001907348632812e+00,9.998429417610168457e-01
3.712499999999999911e+00,2.332632545290421433e+01,5.506360530853271484e-01,5.500165820121765137e-01,1.000001788139343262e+00,9.998425245285034180e-01
3.725000000000000089e+00,2.340486526924395960e+01,7.474396228790283203e-01,7.470088005065917969e-01,1.000001788139343262e+00,9.998421072959899902e-01
3.737500000000000266e+00,2.348340508558370487e+01,7.946535944938659668e-01,7.949225902557373047e-01,1.000001788139343262e+00,9.998418688774108887e-01
3.749999999999999556e+00,2.356194490192344659e+01,6.914711594581604004e-01,6.920776367187500000e-01,1.000001907348632812e+00,9.998416900634765625e-01
3.762499999999999734e+00,2.364048471826319187e+01,6.002888679504394531e-01,6.005620360374450684e-01,1.000001907348632812e+00,9.998414516448974609e-01
3.774999999999999911e+00,2.371902453460293714e+01,6.356910467147827148e-01,6.353996396064758301e-01,1.000001907348632812e+00,9.998413324356079102e-01
3.787500000000000089e+00,2.379756435094268241e+01,7.657952308654785156e-01,7.652652263641357422e-01,1.000001907348632812e+00,9.998412132263183594e-01
3.799999999999999822e+00,2.387610416728242768e+01,8.835838437080383301e-01,8.832778930664062500e-01,1.000001907348632812e+00,9.998411536216735840e-01
3.812500000000000000e+00,2.395464398362217295e+01,9.194470643997192383e-01,9.195611476898193359e-01,1.000001907348632812e+00,9.998410940170288086e-01
3.825000000000000178e+00,2.403318379996191823e+01,8.820563554763793945e-01,8.824541568756103516e-01,1.000001907348632812e+00,9.998410940170288086e-01
3.837500000000000355e+00,2.411172361630166350e+01,8.244424462318420410e-01,8.248484730720520020e-01,1.000001907348632812e+00,9.998410344123840332e-01
3.850000000000000089e+00,2.419026343264140877e+01,7.930690646171569824e-01,7.932778596878051758e-01,1.000001907348632812e+00,9.998410940170288086e-01
3.862499999999999822e+00,2.426880324898115049e+01,8.030490875244140625e-01,8.030092120170593262e-01,1.000001907348632812e+00,9.998410344123840332e-01
3.875000000000000000e+00,2.434734306532089576e+01,8.432058691978454590e-01,8.429851531982421875e-01,1.000001907348632812e+00,9.998410344123840332e-01
3.887499999999999734e+00,2.442588288166064103e+01,8.932590484619140625e-01,8.929665684700012207e-01,1.000001907348632812e+00,9.998410344123840332e-01
3.899999999999999911e+00,2.450442269800038630e+01,9.372768402099609375e-01,9.370016455650329590e-01,1.000001907348632812e+00,9.998410940170288086e-01
3.912500000000000089e+00,2.458296251434013158e+01,9.682604074478149414e-01,9.680490493774414062e-01,1.000001907348632812e+00,9.998410344123840332e-01
3.925000000000000266e+00,2.466150233067987685e+01,9.863848686218261719e-01,9.862462282180786133e-01,1.000001907348632812e+00,9.998410940170288086e-01
3.937500000000000000e+00,2.474004214701962212e+01,9.952194690704345703e-01,9.951409697532653809e-01,1.000001907348632812e+00,9.998410940170288086e-01
3.949999999999999734e+00,2.481858196335936384e+01,9.987179636955261230e-01,9.986799359321594238e-01,1.000001907348632812e+00,9.998411536216735840e-01
3.962499999999999911e+00,2.489712177969910911e+01,9.997722506523132324e-01,9.997572898864746094e-01,1.000001788139343262e+00,9.998411536216735840e-01
3.974999999999999645e+00,2.497566159603885438e+01,9.999812841415405273e-01,9.999771118164062500e-01,1.000001788139343262e+00,9.998410940170288086e-01
3.987499999999999822e+00,2.505420141237859966e+01,9.999997615814208984e-01,9.999993443489074707e-01,1.000001907348632812e+00,9.998410344123840332e-01
4.000000000000000000e+00,2.513274122871834493e+01,9.999998807907104492e-01,9.999999403953552246e-01,1.000001907348632812e+00,9.998410344123840332e-01
4.012500000000000178e+00,2.521128104505809020e+01,9.999992847442626953e-01,9.999998211860656738e-01,1.000001788139343262e+00,9.998410940170288086e-01
4.025000000000000355e+00,2.528982086139783547e+01,9.999769330024719238e-01,9.999811053276062012e-01,1.000001907348632812e+00,9.998410940170288086e-01
4.037500000000000533e+00,2.536836067773758074e+01,9.997568130493164062e-01,9.997716546058654785e-01,1.000001907348632812e+00,9.998410940170288086e-01
4.050000000000000711e+00,2.544690049407732602e+01,9.986783266067504883e-01,9.987163543701171875e-01,1.000001907348632812e+00,9.998410940170288086e-01
4.062500000000000000e+00,2.552544031041706774e+01,9.951377511024475098e-01,9.952162504196166992e-01,1.000001907348632812e+00,9.998410344123840332e-01
4.075000000000000178e+00,2.560398012675681301e+01,9.862407445907592773e-01,9.863790869712829590e-01,1.000002026557922363e+00,9.998410344123840332e-01
4.087500000000000355e+00,2.568251994309655828e+01,9.680407643318176270e-01,9.682512879371643066e-01,1.000001907348632812e+00,9.998409748077392578e-01
4.099999999999999645e+00,2.576105975943630355e+01,9.369907379150390625e-01,9.372646808624267578e-01,1.000001907348632812e+00,9.998410344123840332e-01
4.112499999999999822e+00,2.583959957577604882e+01,8.929550051689147949e-01,8.932459354400634766e-01,1.000002026557922363e+00,9.998410344123840332e-01
4.125000000000000000e+00,2.591813939211579410e+01,8.429757356643676758e-01,8.431957364082336426e-01,1.000002145767211914e+00,9.998410940170288086e-01
4.137500000000000178e+00,2.599667920845553937e+01,8.030057549476623535e-01,8.030474781990051270e-01,1.000002026557922363e+00,9.998410940170288086e-01
4.149999999999999467e+00,2.607521902479528109e+01,7.932826876640319824e-01,7.930796146392822266e-01,1.000002026557922363e+00,9.998410940170288086e-01
4.162499999999999645e+00,2.615375884113502636e+01,8.248600363731384277e-01,8.244631886482238770e-01,1.000002026557922363e+00,9.998410344123840332e-01
4.174999999999999822e+00,2.623229865747477163e+01,8.824657797813415527e-01,8.820770978927612305e-01,1.000002145767211914e+00,9.998409748077392578e-01
4.187500000000000000e+00,2.631083847381451690e+01,9.195643067359924316e-01,9.194540977478027344e-01,1.000002145767211914e+00,9.998409152030944824e-01
4.200000000000000178e+00,2.638937829015426217e+01,8.832677602767944336e-01,8.835695981979370117e-01,1.000002145767211914e+00,9.998409152030944824e-01
4.212500000000000355e+00,2.646791810649400745e+01,7.652469277381896973e-01,7.657693624496459961e-01,1.000002145767211914e+00,9.998407959938049316e-01
4.225000000000000533e+00,2.654645792283375272e+01,6.353874206542968750e-01,6.356772184371948242e-01,1.000002145767211914e+00,9.998406767845153809e-01
4.237499999999999822e+00,2.662499773917349799e+01,6.005679368972778320e-01,6.003031134605407715e-01,1.000002145767211914e+00,9.998406171798706055e-01
4.250000000000000000e+00,2.670353755551324326e+01,6.920962929725646973e-01,6.915017366409301758e-01,1.000002145767211914e+00,9.998404979705810547e-01
4.262500000000000178e+00,2.678207737185298498e+01,7.949317097663879395e-01,7.946678996086120605e-01,1.000002145767211914e+00,9.998401403427124023e-01
4.274999999999999467e+00,2.686061718819273025e+01,7.469921112060546875e-01,7.474219799041748047e-01,1.000002145767211914e+00,9.998398423194885254e-01
4.287499999999999645e+00,2.693915700453247553e+01,5.499896407127380371e-01,5.506108403205871582e-01,1.000002264976501465e+00,9.998396039009094238e-01
4.299999999999999822e+00,2.701769682087222080e+01,4.169524610042572021e-01,4.169179797172546387e-01,1.000002264976501465e+00,9.998391866683959961e-01
4.312500000000000000e+00,2.709623663721196607e+01,5.068253874778747559e-01,5.061361193656921387e-01,1.000002264976501465e+00,9.998386502265930176e-01
4.325000000000000178e+00,2.717477645355171134e+01,6.602177023887634277e-01,6.598815321922302246e-01,1.000002264976501465e+00,9.998381137847900391e-01
4.337500000000000355e+00,2.725331626989145661e+01,5.881901979446411133e-01,5.887678861618041992e-01,1.000002384185791016e+00,9.998375177383422852e-01
4.349999999999999645e+00,2.733185608623119833e+01,3.333759307861328125e-01,3.339726030826568604e-01,1.000002384185791016e+00,9.998367428779602051e-01
4.362499999999999822e+00,2.741039590257094360e+01,2.565044462680816650e-01,2.561048865318298340e-01,1.000002384185791016e+00,9.998359084129333496e-01
4.375000000000000000e+00,2.748893571891068888e+01,4.454663097858428955e-01,4.447210133075714111e-01,1.000002503395080566e+00,9.998349547386169434e-01
4.387500000000000178e+00,2.756747553525043415e+01,5.153042674064636230e-01,5.155424475669860840e-01,1.000002503395080566e+00,9.998339414596557617e-01
4.400000000000000355e+00,2.764601535159017942e+01,2.646403014659881592e-01,2.654689550399780273e-01,1.000002503395080566e+00,9.998327493667602539e-01
4.412499999999999645e+00,2.772455516792992469e+01,7.887303829193115234e-02,7.875627279281616211e-02,1.000002503395080566e+00,9.998314976692199707e-01
4.424999999999999822e+00,2.780309498426966996e+01,2.452857792377471924e-01,2.444109618663787842e-01,1.000002503395080566e+00,9.998301863670349121e-01
4.437500000000000000e+00,2.788163480060941524e+01,3.832705914974212646e-01,3.833151757717132568e-01,1.000002622604370117e+00,9.998288154602050781e-01
4.450000000000000178e+00,2.796017461694916051e+01,1.480843573808670044e-01,1.489923447370529175e-01,1.000002622604370117e+00,9.998273849487304688e-01
4.462499999999999467e+00,2.803871443328890223e+01,-7.965105026960372925e-02,-7.966059446334838867e-02,1.000002741813659668e+00,9.998258948326110840e-01
4.474999999999999645e+00,2.811725424962864750e+01,7.781752943992614746e-02,7.688441127538681030e-02,1.000002741813659668e+00,9.998243451118469238e-01
4.487499999999999822e+00,2.819579406596839277e+01,2.344765067100524902e-01,2.344775199890136719e-01,1.000002741813659668e+00,9.998228549957275391e-01
4.500000000000000000e+00,2.827433388230813804e+01,-4.965884145349264145e-04,4.570415767375379801e-04,1.000002741813659668e+00,9.998211860656738281e-01
4.512500000000000178e+00,2.835287369864788332e+01,-2.344765663146972656e-01,-2.344775646924972534e-01,1.000002861022949219e+00,9.998195767402648926e-01
4.525000000000000355e+00,2.843141351498762859e+01,-7.682751864194869995e-02,-7.779544591903686523e-02,1.000002861022949219e+00,9.998180866241455078e-01
4.537500000000000533e+00,2.850995333132737386e+01,7.966050505638122559e-02,7.965185493230819702e-02,1.000002861022949219e+00,9.998164176940917969e-01
4.549999999999999822e+00,2.858849314766711558e+01,-1.490649729967117310e-01,-1.480901092290878296e-01,1.000002861022949219e+00,9.998149275779724121e-01
4.562500000000000000e+00,2.866703296400686085e+01,-3.833176195621490479e-01,-3.832717835903167725e-01,1.000002980232238770e+00,9.998134970664978027e-01
4.575000000000000178e+00,2.874557278034660612e+01,-2.443236559629440308e-01,-2.452962994575500488e-01,1.000002980232238770e+00,9.998122453689575195e-01
4.587500000000000355e+00,2.882411259668635140e+01,-7.874415069818496704e-02,-7.887513935565948486e-02,1.000002980232238770e+00,9.998108744621276855e-01
4.599999999999999645e+00,2.890265241302609667e+01,-2.655654847621917725e-01,-2.646177709102630615e-01,1.000002980232238770e+00,9.998096823692321777e-01
4.612499999999999822e+00,2.898119222936584194e+01,-5.155702829360961914e-01,-5.152972936630249023e-01,1.000003099441528320e+00,9.998085498809814453e-01
4.625000000000000000e+00,2.905973204570558721e+01,-4.446198344230651855e-01,-4.454992711544036865e-01,1.000003099441528320e+00,9.998075366020202637e-01
4.637500000000000178e+00,2.913827186204533248e+01,-2.560485899448394775e-01,-2.565245032310485840e-01,1.000002980232238770e+00,9.998065829277038574e-01
4.650000000000000355e+00,2.921681167838507776e+01,-3.340599834918975830e-01,-3.333432376384735107e-01,1.000002980232238770e+00,9.998058080673217773e-01
4.662499999999999645e+00,2.929535149472481947e+01,-5.888546705245971680e-01,-5.881563425064086914e-01,1.000002980232238770e+00,9.998050332069396973e-01
4.674999999999999822e+00,2.937389131106456475e+01,-6.598258018493652344e-01,-6.602422595024108887e-01,1.000003099441528320e+00,9.998044371604919434e-01
4.687500000000000000e+00,2.945243112740431002e+01,-5.060216784477233887e-01,-5.068759918212890625e-01,1.000003099441528320e+00,9.998038411140441895e-01
4.700000000000000178e+00,2.953097094374405529e+01,-4.169116318225860596e-01,-4.169556796550750732e-01,1.000003099441528320e+00,9.998033046722412109e-01
4.712500000000000355e+00,2.960951076008380056e+01,-5.507169365882873535e-01,-5.499413609504699707e-01,1.000003099441528320e+00,9.998029470443725586e-01
4.725000000000000533e+00,2.968805057642354583e+01,-7.474954128265380859e-01,-7.469586133956909180e-01,1.000003099441528320e+00,9.998026490211486816e-01
4.737499999999999822e+00,2.976659039276329111e+01,-7.946185469627380371e-01,-7.949559688568115234e-01,1.000003099441528320e+00,9.998024106025695801e-01
4.750000000000000000e+00,2.984513020910303283e+01,-6.913928985595703125e-01,-6.921488642692565918e-01,1.000003099441528320e+00,9.998021721839904785e-01
4.762500000000000178e+00,2.992367002544277810e+01,-6.002538800239562988e-01,-6.005918383598327637e-01,1.000003099441528320e+00,9.998019933700561523e-01
4.774999999999999467e+00,3.000220984178252337e+01,-6.357289552688598633e-01,-6.353627443313598633e-01,1.000002980232238770e+00,9.998018741607666016e-01
4.787499999999999645e+00,3.008074965812226864e+01,-7.658638954162597656e-01,-7.652018070220947266e-01,1.000002980232238770e+00,9.998017549514770508e-01
4.799999999999999822e+00,3.015928947446201391e+01,-8.836231827735900879e-01,-8.832426667213439941e-01,1.000003099441528320e+00,9.998017549514770508e-01
4.812500000000000000e+00,3.023782929080175919e+01,-9.194321632385253906e-01,-9.195755720138549805e-01,1.000003099441528320e+00,9.998016357421875000e-01
4.825000000000000178e+00,3.031636910714150446e+01,-8.820046782493591309e-01,-8.825011849403381348e-01,1.000003099441528320e+00,9.998015761375427246e-01
4.837500000000000355e+00,3.039490892348124973e+01,-8.243897557258605957e-01,-8.248953819274902344e-01,1.000003099441528320e+00,9.998015165328979492e-01
4.850000000000000533e+00,3.047344873982099500e+01,-7.930419445037841797e-01,-7.933005690574645996e-01,1.000003099441528320e+00,9.998015165328979492e-01
4.862499999999999822e+00,3.055198855616073672e+01,-8.030543923377990723e-01,-8.030024170875549316e-01,1.000003099441528320e+00,9.998015165328979492e-01
4.875000000000000000e+00,3.063052837250048199e+01,-8.432345986366271973e-01,-8.429574370384216309e-01,1.000003218650817871e+00,9.998015165328979492e-01
4.887500000000000178e+00,3.070906818884022726e+01,-8.932973146438598633e-01,-8.929308056831359863e-01,1.000003099441528320e+00,9.998015165328979492e-01
4.900000000000000355e+00,3.078760800517997254e+01,-9.373126626014709473e-01,-9.369685053825378418e-01,1.000003218650817871e+00,9.998015761375427246e-01
4.912499999999999645e+00,3.086614782151971781e+01,-9.682879447937011719e-01,-9.680238366127014160e-01,1.000003218650817871e+00,9.998015165328979492e-01
4.924999999999999822e+00,3.094468763785946308e+01,-9.864029288291931152e-01,-9.862297773361206055e-01,1.000003218650817871e+00,9.998015165328979492e-01
4.937500000000000000e+00,3.102322745419920835e+01,-9.952298402786254883e-01,-9.951317310333251953e-01,1.000003218650817871e+00,9.998014569282531738e-01
4.949999999999999289e+00,3.110176727053895007e+01,-9.987228512763977051e-01,-9.986754059791564941e-01,1.000003218650817871e+00,9.998014569282531738e-01
4.962499999999999467e+00,3.118030708687869534e+01,-9.997740983963012695e-01,-9.997556209564208984e-01,1.000003099441528320e+00,9.998014569282531738e-01
4.974999999999999645e+00,3.125884690321844062e+01,-9.999816417694091797e-01,-9.999765753746032715e-01,1.000003099441528320e+00,9.998014569282531738e-01
4.987499999999999822e+00,3.133738671955818589e+01,-9.999998807907104492e-01,-9.999991655349731445e-01,1.000003099441528320e+00,9.998014569282531738e-01
5.000000000000000000e+00,3.141592653589793116e+01,-9.999998807907104492e-01,-9.999998211860656738e-01,1.000003099441528320e+00,9.998014569282531738e-01
5.012500000000000178e+00,3.149446635223767643e+01,-9.999991655349731445e-01,-9.999997615814208984e-01,1.000002980232238770e+00,9.998014569282531738e-01
5.025000000000000355e+00,3.157300616857742170e+01,-9.999763369560241699e-01,-9.999814629554748535e-01,1.000003099441528320e+00,9.998013973236083984e-01
5.037500000000000533e+00,3.165154598491716698e+01,-9.997547268867492676e-01,-9.997733235359191895e-01,1.000002980232238770e+00,9.998013377189636230e-01
5.050000000000000711e+00,3.173008580125691225e+01,-9.986733794212341309e-01,-9.987207651138305664e-01,1.000002980232238770e+00,9.998013377189636230e-01
5.062500000000000000e+00,3.180862561759665397e+01,-9.951275587081909180e-01,-9.952255487442016602e-01,1.000002980232238770e+00,9.998013973236083984e-01
5.075000000000000178e+00,3.188716543393639924e+01,-9.862225651741027832e-01,-9.863954186439514160e-01,1.000002980232238770e+00,9.998013973236083984e-01
5.087500000000000355e+00,3.196570525027614451e+01,-9.680131673812866211e-01,-9.682765007019042969e-01,1.000002980232238770e+00,9.998014569282531738e-01
5.099999999999999645e+00,3.204424506661588623e+01,-9.369547963142395020e-01,-9.372978210449218750e-01,1.000002980232238770e+00,9.998014569282531738e-01
5.112499999999999822e+00,3.212278488295563506e+01,-8.929170370101928711e-01,-8.932816386222839355e-01,1.000002980232238770e+00,9.998014569282531738e-01
5.125000000000000000e+00,3.220132469929537677e+01,-8.429475426673889160e-01,-8.432236909866333008e-01,1.000002980232238770e+00,9.998013973236083984e-01
5.137500000000000178e+00,3.227986451563512560e+01,-8.030010461807250977e-01,-8.030543923377990723e-01,1.000002861022949219e+00,9.998013973236083984e-01
5.149999999999999467e+00,3.235840433197486732e+01,-7.933101058006286621e-01,-7.930569052696228027e-01,1.000002861022949219e+00,9.998014569282531738e-01
5.162500000000000533e+00,3.243694414831461614e+01,-8.249126672744750977e-01,-8.244161605834960938e-01,1.000002980232238770e+00,9.998013973236083984e-01
5.174999999999999822e+00,3.251548396465435786e+01,-8.825171589851379395e-01,-8.820298314094543457e-01,1.000002980232238770e+00,9.998013377189636230e-01
5.187500000000000888e+00,3.259402378099410669e+01,-9.195787310600280762e-01,-9.194393157958984375e-01,1.000002980232238770e+00,9.998013377189636230e-01
5.200000000000000178e+00,3.267256359733384841e+01,-8.832278251647949219e-01,-8.836047649383544922e-01,1.000002980232238770e+00,9.998013377189636230e-01
5.212499999999999467e+00,3.275110341367359013e+01,-7.651783823966979980e-01,-7.658328413963317871e-01,1.000002980232238770e+00,9.998012781143188477e-01
5.225000000000000533e+00,3.282964323001333895e+01,-6.353504061698913574e-01,-6.357144713401794434e-01,1.000002980232238770e+00,9.998010993003845215e-01
5.237499999999999822e+00,3.290818304635308067e+01,-6.006040573120117188e-01,-6.002739071846008301e-01,1.000002980232238770e+00,9.998009800910949707e-01
5.250000000000000000e+00,3.298672286269282949e+01,-6.921749711036682129e-01,-6.914306282997131348e-01,1.000002980232238770e+00,9.998008012771606445e-01
5.262500000000000178e+00,3.306526267903257121e+01,-7.949656248092651367e-01,-7.946339845657348633e-01,1.000002980232238770e+00,9.998006224632263184e-01
5.275000000000000355e+00,3.314380249537232004e+01,-7.469356656074523926e-01,-7.474715709686279297e-01,1.000003099441528320e+00,9.998002648353576660e-01
5.287499999999999645e+00,3.322234231171206176e+01,-5.499095320701599121e-01,-5.506861209869384766e-01,1.000002980232238770e+00,9.997999668121337891e-01
5.300000000000000711e+00,3.330088212805181058e+01,-4.169576764106750488e-01,-4.169171750545501709e-01,1.000003099441528320e+00,9.997995495796203613e-01
5.312500000000000000e+00,3.337942194439155230e+01,-5.069143176078796387e-01,-5.060556530952453613e-01,1.000002980232238770e+00,9.997991323471069336e-01
5.324999999999999289e+00,3.345796176073129402e+01,-6.602608561515808105e-01,-6.598396301269531250e-01,1.000003099441528320e+00,9.997985363006591797e-01
5.337500000000000355e+00,3.353650157707104285e+01,-5.881167054176330566e-01,-5.888332724571228027e-01,1.000003218650817871e+00,9.997979402542114258e-01
5.349999999999999645e+00,3.361504139341078456e+01,-3.333001434803009033e-01,-3.340442180633544922e-01,1.000003218650817871e+00,9.997971653938293457e-01
5.362500000000000711e+00,3.369358120975053339e+01,-2.565554380416870117e-01,-2.560620903968811035e-01,1.000003099441528320e+00,9.997963309288024902e-01
5.375000000000000000e+00,3.377212102609027511e+01,-4.455603063106536865e-01,-4.446341097354888916e-01,1.000003099441528320e+00,9.997954368591308594e-01
5.387500000000000178e+00,3.385066084243002393e+01,-5.152736902236938477e-01,-5.155662298202514648e-01,1.000003218650817871e+00,9.997943639755249023e-01
5.400000000000000355e+00,3.392920065876976565e+01,-2.645363807678222656e-01,-2.655639052391052246e-01,1.000003218650817871e+00,9.997932910919189453e-01
5.412499999999999645e+00,3.400774047510950737e+01,-7.888910919427871704e-02,-7.874689996242523193e-02,1.000003337860107422e+00,9.997920393943786621e-01
5.424999999999999822e+00,3.408628029144925620e+01,-2.453942894935607910e-01,-2.443128079175949097e-01,1.000003218650817871e+00,9.997907876968383789e-01
5.437500000000000000e+00,3.416482010778899792e+01,-3.832632899284362793e-01,-3.833165466785430908e-01,1.000003337860107422e+00,9.997894167900085449e-01
5.450000000000000178e+00,3.424335992412874674e+01,-1.479729115962982178e-01,-1.490925252437591553e-01,1.000003337860107422e+00,9.997879266738891602e-01
5.462499999999999467e+00,3.432189974046848846e+01,7.964740693569183350e-02,7.965806871652603149e-02,1.000003457069396973e+00,9.997864365577697754e-01
5.475000000000000533e+00,3.440043955680823728e+01,-7.793061435222625732e-02,-7.678387314081192017e-02,1.000003457069396973e+00,9.997848868370056152e-01
5.487499999999999822e+00,3.447897937314797900e+01,-2.344733178615570068e-01,-2.344740629196166992e-01,1.000003457069396973e+00,9.997832775115966797e-01
5.499999999999999112e+00,3.455751918948772072e+01,6.096545839682221413e-04,-5.578061682172119617e-04,1.000003337860107422e+00,9.997817277908325195e-01
5.512500000000000178e+00,3.463605900582746955e+01,2.344721108675003052e-01,2.344740629196166992e-01,1.000003337860107422e+00,9.997801184654235840e-01
5.524999999999999467e+00,3.471459882216721127e+01,7.671458274126052856e-02,7.789594680070877075e-02,1.000003457069396973e+00,9.997785687446594238e-01
5.537500000000000533e+00,3.479313863850696009e+01,-7.965638488531112671e-02,-7.964725047349929810e-02,1.000003457069396973e+00,9.997770190238952637e-01
5.549999999999999822e+00,3.487167845484670181e+01,1.491769999265670776e-01,1.479908376932144165e-01,1.000003457069396973e+00,9.997754693031311035e-01
5.562500000000000000e+00,3.495021827118645064e+01,3.833169639110565186e-01,3.832632303237915039e-01,1.000003457069396973e+00,9.997740387916564941e-01
5.575000000000000178e+00,3.502875808752619236e+01,2.442135214805603027e-01,2.453936934471130371e-01,1.000003695487976074e+00,9.997724890708923340e-01
5.587500000000000355e+00,3.510729790386594118e+01,7.873659580945968628e-02,7.889243215322494507e-02,1.000003576278686523e+00,9.997712969779968262e-01
5.599999999999999645e+00,3.518583772020568290e+01,2.656726539134979248e-01,2.645251154899597168e-01,1.000003695487976074e+00,9.997701048851013184e-01
5.612499999999999822e+00,3.526437753654542462e+01,5.155938267707824707e-01,5.152667164802551270e-01,1.000003814697265625e+00,9.997688531875610352e-01
5.625000000000000000e+00,3.534291735288517344e+01,4.445217549800872803e-01,4.455838501453399658e-01,1.000003695487976074e+00,9.997678995132446289e-01
5.637499999999999289e+00,3.542145716922491516e+01,2.560045719146728516e-01,2.565748393535614014e-01,1.000003695487976074e+00,9.997669458389282227e-01
5.650000000000000355e+00,3.549999698556466399e+01,3.341431915760040283e-01,3.332766890525817871e-01,1.000003814697265625e+00,9.997661113739013672e-01
5.662499999999999645e+00,3.557853680190440571e+01,5.889250636100769043e-01,5.880864262580871582e-01,1.000003814697265625e+00,9.997653961181640625e-01
5.675000000000000711e+00,3.565707661824415453e+01,6.597756147384643555e-01,6.602790355682373047e-01,1.000003814697265625e+00,9.997647404670715332e-01
5.687500000000000000e+00,3.573561643458389625e+01,5.059349536895751953e-01,5.069592595100402832e-01,1.000003814697265625e+00,9.997642040252685547e-01
5.700000000000000178e+00,3.581415625092364508e+01,4.169163703918457031e-01,4.169641137123107910e-01,1.000003933906555176e+00,9.997637271881103516e-01
5.712500000000000355e+00,3.589269606726338679e+01,5.508018732070922852e-01,5.498691797256469727e-01,1.000003933906555176e+00,9.997633099555969238e-01
5.724999999999999645e+00,3.597123588360312851e+01,7.475469708442687988e-01,7.469053864479064941e-01,1.000003933906555176e+00,9.997628927230834961e-01
5.737499999999999822e+00,3.604977569994287734e+01,7.945788502693176270e-01,7.949854135513305664e-01,1.000003933906555176e+00,9.997627139091491699e-01
5.750000000000000000e+00,3.612831551628261906e+01,6.913159489631652832e-01,6.922210454940795898e-01,1.000003933906555176e+00,9.997625350952148438e-01
5.762500000000000178e+00,3.620685533262236788e+01,6.002258062362670898e-01,6.006271839141845703e-01,1.000003933906555176e+00,9.997623562812805176e-01
5.774999999999999467e+00,3.628539514896210960e+01,6.357734799385070801e-01,6.353312134742736816e-01,1.000003933906555176e+00,9.997621774673461914e-01
5.787500000000000533e+00,3.636393496530185843e+01,7.659343481063842773e-01,7.651397585868835449e-01,1.000003933906555176e+00,9.997620582580566406e-01
5.799999999999999822e+00,3.644247478164160015e+01,8.836602568626403809e-01,8.832049965858459473e-01,1.000003933906555176e+00,9.997619986534118652e-01
5.812499999999999112e+00,3.652101459798134186e+01,9.194139838218688965e-01,9.195873141288757324e-01,1.000003933906555176e+00,9.997619390487670898e-01
5.825000000000000178e+00,3.659955441432109069e+01,8.819525241851806641e-01,8.825479745864868164e-01,1.000003933906555176e+00,9.997619986534118652e-01
5.837499999999999467e+00,3.667809423066083241e+01,8.243403434753417969e-01,8.249447941780090332e-01,1.000003933906555176e+00,9.997620582580566406e-01
5.850000000000000533e+00,3.675663404700058123e+01,7.930204868316650391e-01,7.933278083801269531e-01,1.000003933906555176e+00,9.997619986534118652e-01
5.862499999999999822e+00,3.683517386334032295e+01,8.030655384063720703e-01,8.030001521110534668e-01,1.000003933906555176e+00,9.997619390487670898e-01
5.875000000000000000e+00,3.691371367968007178e+01,8.432679772377014160e-01,8.429331779479980469e-01,1.000003933906555176e+00,9.997619986534118652e-01
5.887500000000000178e+00,3.699225349601981350e+01,8.933384418487548828e-01,8.928971290588378906e-01,1.000003933906555176e+00,9.997620582580566406e-01
5.899999999999999467e+00,3.707079331235955522e+01,9.373499751091003418e-01,9.369361996650695801e-01,1.000003933906555176e+00,9.997620582580566406e-01
5.912499999999999645e+00,3.714933312869930404e+01,9.683157801628112793e-01,9.679985642433166504e-01,1.000003933906555176e+00,9.997620582580566406e-01
5.924999999999999822e+00,3.722787294503904576e+01,9.864208102226257324e-01,9.862130284309387207e-01,1.000003933906555176e+00,9.997619986534118652e-01
5.937500000000000000e+00,3.730641276137879458e+01,9.952397346496582031e-01,9.951220154762268066e-01,1.000003933906555176e+00,9.997619390487670898e-01
5.949999999999999289e+00,3.738495257771853630e+01,9.987275004386901855e-01,9.986706972122192383e-01,1.000003933906555176e+00,9.997619986534118652e-01
5.962500000000000355e+00,3.746349239405828513e+01,9.997758865356445312e-01,9.997535943984985352e-01,1.000003933906555176e+00,9.997619390487670898e-01
5.974999999999999645e+00,3.754203221039802685e+01,9.999821186065673828e-01,9.999759793281555176e-01,1.000003933906555176e+00,9.997619390487670898e-01
5.987500000000000711e+00,3.762057202673777567e+01,9.999997615814208984e-01,9.999991655349731445e-01,1.000004053115844727e+00,9.997619986534118652e-01
6.000000000000000000e+00,3.769911184307751739e+01,9.999998807907104492e-01,9.999997615814208984e-01,1.000003933906555176e+00,9.997618794441223145e-01
6.012499999999999289e+00,3.777765165941725911e+01,9.999990463256835938e-01,9.999997615814208984e-01,1.000004053115844727e+00,9.997619390487670898e-01
6.025000000000000355e+00,3.785619147575700794e+01,9.999758601188659668e-01,9.999820590019226074e-01,1.000003933906555176e+00,9.997618794441223145e-01
6.037499999999999645e+00,3.793473129209674966e+01,9.997528791427612305e-01,9.997751712799072266e-01,1.000003933906555176e+00,9.997619390487670898e-01
6.050000000000000711e+00,3.801327110843649848e+01,9.986685514450073242e-01,9.987252950668334961e-01,1.000003933906555176e+00,9.997618198394775391e-01
6.062500000000000000e+00,3.809181092477624020e+01,9.951174259185791016e-01,9.952349066734313965e-01,1.000003933906555176e+00,9.997618198394775391e-01
6.075000000000000178e+00,3.817035074111598902e+01,9.862045645713806152e-01,9.864120483398437500e-01,1.000003814697265625e+00,9.997617602348327637e-01
6.087500000000000355e+00,3.824889055745573074e+01,9.679850339889526367e-01,9.683014154434204102e-01,1.000003814697265625e+00,9.997618198394775391e-01
6.100000000000000533e+00,3.832743037379547957e+01,9.369174242019653320e-01,9.373298287391662598e-01,1.000003814697265625e+00,9.997618198394775391e-01
6.112499999999999822e+00,3.840597019013522129e+01,8.928753733634948730e-01,8.933150768280029297e-01,1.000003814697265625e+00,9.997617602348327637e-01
6.125000000000000000e+00,3.848451000647496301e+01,8.429131507873535156e-01,8.432476520538330078e-01,1.000003814697265625e+00,9.997618198394775391e-01
6.137500000000000178e+00,3.856304982281471183e+01,8.029890656471252441e-01,8.030564188957214355e-01,1.000003814697265625e+00,9.997618198394775391e-01
6.149999999999999467e+00,3.864158963915445355e+01,7.933312058448791504e-01,7.930296659469604492e-01,1.000003814697265625e+00,9.997617602348327637e-01
6.162500000000000533e+00,3.872012945549420238e+01,8.249623775482177734e-01,8.243669271469116211e-01,1.000003814697265625e+00,9.997617602348327637e-01
6.174999999999999822e+00,3.879866927183394409e+01,8.825696110725402832e-01,8.819835186004638672e-01,1.000003814697265625e+00,9.997617006301879883e-01
6.187500000000000888e+00,3.887720908817369292e+01,9.195972084999084473e-01,9.194276928901672363e-01,1.000003695487976074e+00,9.997617006301879883e-01
6.200000000000000178e+00,3.895574890451343464e+01,8.831912279129028320e-01,8.836421370506286621e-01,1.000003814697265625e+00,9.997616410255432129e-01
6.212499999999999467e+00,3.903428872085317636e+01,7.651072144508361816e-01,7.658945322036743164e-01,1.000003814697265625e+00,9.997615814208984375e-01
6.225000000000000533e+00,3.911282853719292518e+01,6.353048086166381836e-01,6.357456445693969727e-01,1.000003576278686523e+00,9.997614026069641113e-01
6.237499999999999822e+00,3.919136835353266690e+01,6.006318330764770508e-01,6.002383828163146973e-01,1.000003695487976074e+00,9.997613430023193359e-01
6.250000000000000000e+00,3.926990816987241573e+01,6.922528147697448730e-01,6.913586854934692383e-01,1.000003695487976074e+00,9.997611045837402344e-01
6.262500000000000178e+00,3.934844798621215745e+01,7.950059771537780762e-01,7.946047782897949219e-01,1.000003695487976074e+00,9.997609257698059082e-01
6.275000000000000355e+00,3.942698780255190627e+01,7.468826770782470703e-01,7.475246191024780273e-01,1.000003576278686523e+00,9.997605085372924805e-01
6.287499999999999645e+00,3.950552761889164799e+01,5.498238801956176758e-01,5.507577657699584961e-01,1.000003576278686523e+00,9.997602105140686035e-01
6.299999999999999822e+00,3.958406743523138971e+01,4.169546961784362793e-01,4.169083833694458008e-01,1.000003695487976074e+00,9.997598528861999512e-01
6.312500000000000000e+00,3.966260725157113853e+01,5.070022344589233398e-01,5.059726238250732422e-01,1.000003695487976074e+00,9.997594356536865234e-01
6.324999999999999289e+00,3.974114706791088025e+01,6.603096127510070801e-01,6.598030328750610352e-01,1.000003695487976074e+00,9.997588396072387695e-01
6.337500000000000355e+00,3.981968688425062908e+01,5.880464911460876465e-01,5.889033079147338867e-01,1.000003695487976074e+00,9.997582435607910156e-01
6.349999999999999645e+00,3.989822670059037080e+01,3.332193195819854736e-01,3.341103494167327881e-01,1.000003695487976074e+00,9.997574090957641602e-01
6.362500000000000711e+00,3.997676651693011962e+01,2.565978765487670898e-01,2.560108006000518799e-01,1.000003814697265625e+00,9.997565150260925293e-01
6.375000000000000000e+00,4.005530633326986134e+01,4.456552863121032715e-01,4.445495307445526123e-01,1.000003814697265625e+00,9.997556209564208984e-01
6.387500000000000178e+00,4.013384614960961017e+01,5.152527093887329102e-01,5.155979990959167480e-01,1.000003814697265625e+00,9.997544288635253906e-01
6.400000000000000355e+00,4.021238596594935188e+01,2.644337117671966553e-01,2.656565010547637939e-01,1.000003814697265625e+00,9.997533559799194336e-01
6.412499999999999645e+00,4.029092578228909360e+01,7.889150083065032959e-02,7.872813940048217773e-02,1.000003933906555176e+00,9.997521638870239258e-01
6.424999999999999822e+00,4.036946559862884243e+01,2.454980313777923584e-01,2.442155480384826660e-01,1.000003933906555176e+00,9.997508525848388672e-01
6.437500000000000000e+00,4.044800541496858415e+01,3.832699060440063477e-01,3.833265602588653564e-01,1.000003933906555176e+00,9.997494220733642578e-01
6.450000000000000178e+00,4.052654523130833297e+01,1.478675156831741333e-01,1.491914391517639160e-01,1.000004053115844727e+00,9.997480511665344238e-01
6.462499999999999467e+00,4.060508504764807469e+01,-7.966092228889465332e-02,-7.966435700654983521e-02,1.000004053115844727e+00,9.997464418411254883e-01
6.475000000000000533e+00,4.068362486398782352e+01,7.803544402122497559e-02,7.668342441320419312e-02,1.000004053115844727e+00,9.997449517250061035e-01
6.487499999999999822e+00,4.076216468032756524e+01,2.344888001680374146e-01,2.344790846109390259e-01,1.000004053115844727e+00,9.997433423995971680e-01
6.500000000000000888e+00,4.084070449666731406e+01,-7.156417123042047024e-04,6.586784729734063148e-04,1.000004053115844727e+00,9.997417926788330078e-01
6.512500000000000178e+00,4.091924431300705578e+01,-2.344897091388702393e-01,-2.344788312911987305e-01,1.000004172325134277e+00,9.997401237487792969e-01
6.524999999999999467e+00,4.099778412934679750e+01,-7.660789042711257935e-02,-7.799654453992843628e-02,1.000004172325134277e+00,9.997385740280151367e-01
6.537500000000000533e+00,4.107632394568654632e+01,7.967664301395416260e-02,7.965109497308731079e-02,1.000004172325134277e+00,9.997370839118957520e-01
6.549999999999999822e+00,4.115486376202628804e+01,-1.492819339036941528e-01,-1.478905528783798218e-01,1.000004053115844727e+00,9.997355937957763672e-01
6.562500000000000000e+00,4.123340357836603687e+01,-3.833417892456054688e-01,-3.832631111145019531e-01,1.000004053115844727e+00,9.997341632843017578e-01
6.575000000000000178e+00,4.131194339470577859e+01,-2.441094368696212769e-01,-2.454921752214431763e-01,1.000004172325134277e+00,9.997326731681823730e-01
6.587500000000000355e+00,4.139048321104552741e+01,-7.870011031627655029e-02,-7.890020310878753662e-02,1.000004172325134277e+00,9.997314214706420898e-01
6.599999999999999645e+00,4.146902302738526913e+01,-2.657682597637176514e-01,-2.644289731979370117e-01,1.000004172325134277e+00,9.997302293777465820e-01
6.612499999999999822e+00,4.154756284372501085e+01,-5.156419277191162109e-01,-5.152441859245300293e-01,1.000004172325134277e+00,9.997290968894958496e-01
6.625000000000000000e+00,4.162610266006475968e+01,-4.444342553615570068e-01,-4.456719160079956055e-01,1.000004291534423828e+00,9.997280836105346680e-01
6.637499999999999289e+00,4.170464247640450139e+01,-2.559334337711334229e-01,-2.566157877445220947e-01,1.000004291534423828e+00,9.997270703315734863e-01
6.650000000000000355e+00,4.178318229274425022e+01,-3.342042565345764160e-01,-3.332027494907379150e-01,1.000004291534423828e+00,9.997261762619018555e-01
6.662499999999999645e+00,4.186172210908399194e+01,-5.890105962753295898e-01,-5.880217552185058594e-01,1.000004291534423828e+00,9.997254610061645508e-01
6.675000000000000711e+00,4.194026192542374076e+01,-6.597462892532348633e-01,-6.603232622146606445e-01,1.000004291534423828e+00,9.997248649597167969e-01
6.687500000000000000e+00,4.201880174176348248e+01,-5.058363080024719238e-01,-5.070391893386840820e-01,1.000004291534423828e+00,9.997243285179138184e-01
6.699999999999999289e+00,4.209734155810322420e+01,-4.168905019760131836e-01,-4.169626533985137939e-01,1.000004172325134277e+00,9.997238516807556152e-01
6.712500000000000355e+00,4.217588137444297303e+01,-5.508759021759033203e-01,-5.497928261756896973e-01,1.000004291534423828e+00,9.997234344482421875e-01
6.724999999999999645e+00,4.225442119078271475e+01,-7.476140856742858887e-01,-7.468567490577697754e-01,1.000004410743713379e+00,9.997231364250183105e-01
6.737499999999999822e+00,4.233296100712246357e+01,-7.945542931556701660e-01,-7.950203418731689453e-01,1.000004410743713379e+00,9.997228384017944336e-01
6.750000000000000000e+00,4.241150082346220529e+01,-6.912333965301513672e-01,-6.922919750213623047e-01,1.000004410743713379e+00,9.997225999832153320e-01
6.762500000000000178e+00,4.249004063980195411e+01,-6.001747250556945801e-01,-6.006546616554260254e-01,1.000004410743713379e+00,9.997224807739257812e-01
6.774999999999999467e+00,4.256858045614169583e+01,-6.357972025871276855e-01,-6.352922916412353516e-01,1.000004529953002930e+00,9.997223019599914551e-01
6.787500000000000533e+00,4.264712027248144466e+01,-7.659999132156372070e-01,-7.650761008262634277e-01,1.000004529953002930e+00,9.997223019599914551e-01
6.799999999999999822e+00,4.272566008882118638e+01,-8.837065100669860840e-01,-8.831707239151000977e-01,1.000004529953002930e+00,9.997221231460571289e-01
6.812499999999999112e+00,4.280419990516092810e+01,-9.194073081016540527e-01,-9.196028709411621094e-01,1.000004529953002930e+00,9.997221827507019043e-01
6.825000000000000178e+00,4.288273972150067692e+01,-8.819022774696350098e-01,-8.825951814651489258e-01,1.000004529953002930e+00,9.997221231460571289e-01
6.837499999999999467e+00,4.296127953784041864e+01,-8.242804408073425293e-01,-8.249908089637756348e-01,1.000004529953002930e+00,9.997220039367675781e-01
6.850000000000000533e+00,4.303981935418016747e+01,-7.929810285568237305e-01,-7.933488488197326660e-01,1.000004529953002930e+00,9.997220635414123535e-01
6.862499999999999822e+00,4.311835917051990918e+01,-8.030577301979064941e-01,-8.029916286468505859e-01,1.000004529953002930e+00,9.997220039367675781e-01
6.875000000000000000e+00,4.319689898685965801e+01,-8.432866334915161133e-01,-8.429039716720581055e-01,1.000004529953002930e+00,9.997219443321228027e-01
6.887500000000000178e+00,4.327543880319939973e+01,-8.933701515197753906e-01,-8.928605318069458008e-01,1.000004529953002930e+00,9.997219443321228027e-01
6.900000000000000355e+00,4.335397861953914855e+01,-9.373829960823059082e-01,-9.369025230407714844e-01,1.000004529953002930e+00,9.997218847274780273e-01
6.912499999999999645e+00,4.343251843587889027e+01,-9.683429598808288574e-01,-9.679732918739318848e-01,1.000004529953002930e+00,9.997218847274780273e-01
6.924999999999999822e+00,4.351105825221863199e+01,-9.864394664764404297e-01,-9.861965775489807129e-01,1.000004529953002930e+00,9.997219443321228027e-01
6.937500000000000000e+00,4.358959806855838082e+01,-9.952506422996520996e-01,-9.951128959655761719e-01,1.000004529953002930e+00,9.997218847274780273e-01
6.949999999999999289e+00,4.366813788489812254e+01,-9.987329840660095215e-01,-9.986663460731506348e-01,1.000004529953002930e+00,9.997219443321228027e-01
6.962500000000000355e+00,4.374667770123787136e+01,-9.997781515121459961e-01,-9.997519850730895996e-01,1.000004529953002930e+00,9.997219443321228027e-01
6.974999999999999645e+00,4.382521751757761308e+01,-9.999825954437255859e-01,-9.999756217002868652e-01,1.000004529953002930e+00,9.997219443321228027e-01
6.987500000000000711e+00,4.390375733391736190e+01,-9.999998807907104492e-01,-9.999990463256835938e-01,1.000004529953002930e+00,9.997220039367675781e-01
7.000000000000000000e+00,4.398229715025710362e+01,-9.999996423721313477e-01,-9.999997615814208984e-01,1.000004529953002930e+00,9.997220635414123535e-01
7.012499999999999289e+00,4.406083696659684534e+01,-9.999989271163940430e-01,-9.999999403953552246e-01,1.000004649162292480e+00,9.997220039367675781e-01
7.025000000000000355e+00,4.413937678293659417e+01,-9.999751448631286621e-01,-9.999823570251464844e-01,1.000004649162292480e+00,9.997219443321228027e-01
7.037499999999999645e+00,4.421791659927633589e+01,-9.997504949569702148e-01,-9.997768402099609375e-01,1.000004529953002930e+00,9.997219443321228027e-01
7.050000000000000711e+00,4.429645641561608471e+01,-9.986628890037536621e-01,-9.987297654151916504e-01,1.000004529953002930e+00,9.997218847274780273e-01
7.062500000000000000e+00,4.437499623195582643e+01,-9.951063990592956543e-01,-9.952441453933715820e-01,1.000004529953002930e+00,9.997218251228332520e-01
7.075000000000000178e+00,4.445353604829557526e+01,-9.861859083175659180e-01,-9.864283800125122070e-01,1.000004529953002930e+00,9.997218251228332520e-01
7.087500000000000355e+00,4.453207586463531698e+01,-9.679577946662902832e-01,-9.683266282081604004e-01,1.000004529953002930e+00,9.997218847274780273e-01
7.099999999999999645e+00,4.461061568097505869e+01,-9.368843436241149902e-01,-9.373633265495300293e-01,1.000004529953002930e+00,9.997218847274780273e-01
7.112499999999999822e+00,4.468915549731480752e+01,-8.928437232971191406e-01,-8.933516740798950195e-01,1.000004529953002930e+00,9.997219443321228027e-01
7.125000000000000000e+00,4.476769531365454924e+01,-8.428948521614074707e-01,-8.432766795158386230e-01,1.000004529953002930e+00,9.997218847274780273e-01
7.137500000000000178e+00,4.484623512999429806e+01,-8.029967546463012695e-01,-8.030647635459899902e-01,1.000004649162292480e+00,9.997218847274780273e-01
7.149999999999999467e+00,4.492477494633403978e+01,-7.933703660964965820e-01,-7.930084466934204102e-01,1.000004529953002930e+00,9.997218847274780273e-01
7.162500000000000533e+00,4.500331476267378861e+01,-8.250216841697692871e-01,-8.243207931518554688e-01,1.000004529953002930e+00,9.997219443321228027e-01
7.174999999999999822e+00,4.508185457901353033e+01,-8.826195597648620605e-01,-8.819360733032226562e-01,1.000004649162292480e+00,9.997218847274780273e-01
7.187500000000000888e+00,4.516039439535327915e+01,-9.196036458015441895e-01,-9.194121360778808594e-01,1.000004529953002930e+00,9.997218251228332520e-01
7.200000000000000178e+00,4.523893421169302087e+01,-8.831443786621093750e-01,-8.836766481399536133e-01,1.000004529953002930e+00,9.997217655181884766e-01
7.212499999999999467e+00,4.531747402803276259e+01,-7.650421261787414551e-01,-7.659583091735839844e-01,1.000004649162292480e+00,9.997217655181884766e-01
7.225000000000000533e+00,4.539601384437251141e+01,-6.352819800376892090e-01,-6.357840299606323242e-01,1.000004529953002930e+00,9.997216463088989258e-01
7.237499999999999822e+00,4.547455366071225313e+01,-6.006827354431152344e-01,-6.002102494239807129e-01,1.000004649162292480e+00,9.997216463088989258e-01
7.250000000000000000e+00,4.555309347705200196e+01,-6.923343539237976074e-01,-6.912876963615417480e-01,1.000004649162292480e+00,9.997214078903198242e-01
7.262500000000000178e+00,4.563163329339174368e+01,-7.950301766395568848e-01,-7.945701479911804199e-01,1.000004649162292480e+00,9.997212290763854980e-01
7.275000000000000355e+00,4.571017310973149250e+01,-7.468168735504150391e-01,-7.475734949111938477e-01,1.000004649162292480e+00,9.997209310531616211e-01
7.287499999999999645e+00,4.578871292607123422e+01,-5.497493743896484375e-01,-5.508342981338500977e-01,1.000004649162292480e+00,9.997205734252929688e-01
7.300000000000000711e+00,4.586725274241098305e+01,-4.169782996177673340e-01,-4.169092774391174316e-01,1.000004649162292480e+00,9.997201561927795410e-01
7.312500000000000000e+00,4.594579255875072477e+01,-5.071005821228027344e-01,-5.058921575546264648e-01,1.000004529953002930e+00,9.997196793556213379e-01
7.324999999999999289e+00,4.602433237509046648e+01,-6.603410840034484863e-01,-6.597595810890197754e-01,1.000004649162292480e+00,9.997192621231079102e-01
7.337500000000000355e+00,4.610287219143021531e+01,-5.879601836204528809e-01,-5.889683961868286133e-01,1.000004768371582031e+00,9.997184872627258301e-01
7.349999999999999645e+00,4.618141200776995703e+01,-3.331553339958190918e-01,-3.341834545135498047e-01,1.000004649162292480e+00,9.997177720069885254e-01
7.362500000000000711e+00,4.625995182410970585e+01,-2.566698789596557617e-01,-2.559692561626434326e-01,1.000004768371582031e+00,9.997169375419616699e-01
7.375000000000000000e+00,4.633849164044944757e+01,-4.457458555698394775e-01,-4.444619417190551758e-01,1.000004768371582031e+00,9.997159838676452637e-01
7.387500000000000178e+00,4.641703145678919640e+01,-5.152028799057006836e-01,-5.156201720237731934e-01,1.000004887580871582e+00,9.997149705886840820e-01
7.400000000000000355e+00,4.649557127312893812e+01,-2.643348276615142822e-01,-2.657518386840820312e-01,1.000004887580871582e+00,9.997137784957885742e-01
7.412499999999999645e+00,4.657411108946867984e+01,-7.893115282058715820e-02,-7.872114330530166626e-02,1.000004768371582031e+00,9.997125267982482910e-01
7.424999999999999822e+00,4.665265090580842866e+01,-2.456059008836746216e-01,-2.441174983978271484e-01,1.000004887580871582e+00,9.997112751007080078e-01
7.437500000000000000e+00,4.673119072214817038e+01,-3.832407593727111816e-01,-3.833255767822265625e-01,1.000005006790161133e+00,9.997099041938781738e-01
7.450000000000000178e+00,4.680973053848791920e+01,-1.477594077587127686e-01,-1.492918431758880615e-01,1.000005006790161133e+00,9.997085332870483398e-01
7.462499999999999467e+00,4.688827035482766092e+01,7.963278144598007202e-02,7.965932041406631470e-02,1.000005125999450684e+00,9.997069835662841797e-01
7.475000000000000533e+00,4.696681017116740975e+01,-7.814557105302810669e-02,-7.658236473798751831e-02,1.000005125999450684e+00,9.997053742408752441e-01
7.487499999999999822e+00,4.704534998750715147e+01,-2.344616502523422241e-01,-2.344734668731689453e-01,1.000005125999450684e+00,9.997037649154663086e-01
7.499999999999999112e+00,4.712388980384689319e+01,8.244889322668313980e-04,-7.601423421874642372e-04,1.000005125999450684e+00,9.997022151947021484e-01
7.512500000000000178e+00,4.720242962018664201e+01,2.344617098569869995e-01,2.344736009836196899e-01,1.000005245208740234e+00,9.997006058692932129e-01
7.524999999999999467e+00,4.728096943652638373e+01,7.650198787450790405e-02,7.809774577617645264e-02,1.000005125999450684e+00,9.996989965438842773e-01
7.537500000000000533e+00,4.735950925286613256e+01,-7.964833080768585205e-02,-7.964530587196350098e-02,1.000005125999450684e+00,9.996975064277648926e-01
7.549999999999999822e+00,4.743804906920587428e+01,1.493876427412033081e-01,1.477909982204437256e-01,1.000005245208740234e+00,9.996958971023559570e-01
7.562500000000000000e+00,4.751658888554562310e+01,3.833188712596893311e-01,3.832540214061737061e-01,1.000005245208740234e+00,9.996944665908813477e-01
7.575000000000000178e+00,4.759512870188536482e+01,2.440082728862762451e-01,2.455897778272628784e-01,1.000005245208740234e+00,9.996930956840515137e-01
7.587500000000000355e+00,4.767366851822511364e+01,7.871714979410171509e-02,7.891801744699478149e-02,1.000005245208740234e+00,9.996917843818664551e-01
7.599999999999999645e+00,4.775220833456485536e+01,2.658712863922119141e-01,2.643365561962127686e-01,1.000005245208740234e+00,9.996905326843261719e-01
7.612499999999999822e+00,4.783074815090459708e+01,5.156447291374206543e-01,5.152129530906677246e-01,1.000005364418029785e+00,9.996894001960754395e-01
7.625000000000000000e+00,4.790928796724434591e+01,4.443404376506805420e-01,4.457560181617736816e-01,1.000005364418029785e+00,9.996883273124694824e-01
7.637499999999999289e+00,4.798782778358408763e+01,2.559119760990142822e-01,2.566665112972259521e-01,1.000005483627319336e+00,9.996873736381530762e-01
7.650000000000000355e+00,4.806636759992383645e+01,3.342916071414947510e-01,3.331370651721954346e-01,1.000005483627319336e+00,9.996865987777709961e-01
7.662499999999999645e+00,4.814490741626357817e+01,5.890645384788513184e-01,5.879517197608947754e-01,1.000005602836608887e+00,9.996857643127441406e-01
7.675000000000000711e+00,4.822344723260332700e+01,6.596897244453430176e-01,6.603591442108154297e-01,1.000005602836608887e+00,9.996850490570068359e-01
7.687500000000000000e+00,4.830198704894306871e+01,5.057634115219116211e-01,5.071224570274353027e-01,1.000005602836608887e+00,9.996845722198486328e-01
7.700000000000000178e+00,4.838052686528281754e+01,4.169097542762756348e-01,4.169719219207763672e-01,1.000005602836608887e+00,9.996840953826904297e-01
7.712500000000000355e+00,4.845906668162255926e+01,5.509589910507202148e-01,5.497208237648010254e-01,1.000005602836608887e+00,9.996837377548217773e-01
7.724999999999999645e+00,4.853760649796230098e+01,7.476540207862854004e-01,7.468029856681823730e-01,1.000005602836608887e+00,9.996833801269531250e-01
7.737499999999999822e+00,4.861614631430204980e+01,7.945090532302856445e-01,7.950494289398193359e-01,1.000005602836608887e+00,9.996831417083740234e-01
7.750000000000000000e+00,4.869468613064179152e+01,6.911646127700805664e-01,6.923640966415405273e-01,1.000005602836608887e+00,9.996829032897949219e-01
7.762500000000000178e+00,4.877322594698154035e+01,6.001614332199096680e-01,6.006904244422912598e-01,1.000005602836608887e+00,9.996827840805053711e-01
7.774999999999999467e+00,4.885176576332128207e+01,6.358503103256225586e-01,6.352610588073730469e-01,1.000005722045898438e+00,9.996826052665710449e-01
7.787500000000000533e+00,4.893030557966103089e+01,7.660675644874572754e-01,7.650141716003417969e-01,1.000005722045898438e+00,9.996825456619262695e-01
7.799999999999999822e+00,4.900884539600077261e+01,8.837348818778991699e-01,8.831329345703125000e-01,1.000005722045898438e+00,9.996823668479919434e-01
7.812499999999999112e+00,4.908738521234051433e+01,9.193838834762573242e-01,9.196143150329589844e-01,1.000005722045898438e+00,9.996823072433471680e-01
7.825000000000000178e+00,4.916592502868026315e+01,8.818531036376953125e-01,8.826414942741394043e-01,1.000005722045898438e+00,9.996822476387023926e-01
7.837499999999999467e+00,4.924446484502000487e+01,8.242403268814086914e-01,8.250398635864257812e-01,1.000005841255187988e+00,9.996823072433471680e-01
7.850000000000000533e+00,4.932300466135975370e+01,7.929708957672119141e-01,7.933760285377502441e-01,1.000005841255187988e+00,9.996821880340576172e-01
7.862499999999999822e+00,4.940154447769949542e+01,8.030782341957092285e-01,8.029896616935729980e-01,1.000005841255187988e+00,9.996821880340576172e-01
7.875000000000000000e+00,4.948008429403924424e+01,8.433254957199096680e-01,8.428798913955688477e-01,1.000005841255187988e+00,9.996820688247680664e-01
7.887500000000000178e+00,4.955862411037898596e+01,8.934128880500793457e-01,8.928272128105163574e-01,1.000005960464477539e+00,9.996821284294128418e-01
7.899999999999999467e+00,4.963716392671872768e+01,9.374192953109741211e-01,9.368703961372375488e-01,1.000005960464477539e+00,9.996820688247680664e-01
7.912499999999999645e+00,4.971570374305847650e+01,9.683687090873718262e-01,9.679480791091918945e-01,1.000005841255187988e+00,9.996821284294128418e-01
7.924999999999999822e+00,4.979424355939821822e+01,9.864555001258850098e-01,9.861799478530883789e-01,1.000005960464477539e+00,9.996821284294128418e-01
7.937500000000000000e+00,4.987278337573796705e+01,9.952592253684997559e-01,9.951031804084777832e-01,1.000005841255187988e+00,9.996821284294128418e-01
7.949999999999999289e+00,4.995132319207770877e+01,9.987367987632751465e-01,9.986613988876342773e-01,1.000005841255187988e+00,9.996822476387023926e-01
7.962500000000000355e+00,5.002986300841745759e+01,9.997794032096862793e-01,9.997499585151672363e-01,1.000005841255187988e+00,9.996822476387023926e-01
7.974999999999999645e+00,5.010840282475719931e+01,9.999830722808837891e-01,9.999747872352600098e-01,1.000005841255187988e+00,9.996822476387023926e-01
7.987500000000000711e+00,5.018694264109694814e+01,9.999997615814208984e-01,9.999988675117492676e-01,1.000005841255187988e+00,9.996821880340576172e-01
8.000000000000000000e+00,5.026548245743668986e+01,9.999996423721313477e-01,9.999996423721313477e-01,1.000005960464477539e+00,9.996821284294128418e-01
8.012499999999999289e+00,5.034402227377643158e+01,9.999988079071044922e-01,9.999998211860656738e-01,1.000005841255187988e+00,9.996821880340576172e-01
8.025000000000000355e+00,5.042256209011618040e+01,9.999745488166809082e-01,9.999827146530151367e-01,1.000005841255187988e+00,9.996821880340576172e-01
8.037499999999999645e+00,5.050110190645592212e+01,9.997490048408508301e-01,9.997785687446594238e-01,1.000005841255187988e+00,9.996821284294128418e-01
8.050000000000000711e+00,5.057964172279567094e+01,9.986588954925537109e-01,9.987342357635498047e-01,1.000005841255187988e+00,9.996821284294128418e-01
8.062500000000000000e+00,5.065818153913541266e+01,9.950976371765136719e-01,9.952535033226013184e-01,1.000005722045898438e+00,9.996821284294128418e-01
8.075000000000001066e+00,5.073672135547516149e+01,9.861696958541870117e-01,9.864448308944702148e-01,1.000005722045898438e+00,9.996821284294128418e-01
8.087500000000000355e+00,5.081526117181490321e+01,9.679318666458129883e-01,9.683516025543212891e-01,1.000005841255187988e+00,9.996820688247680664e-01
8.100000000000001421e+00,5.089380098815465203e+01,9.368476271629333496e-01,9.373953938484191895e-01,1.000005841255187988e+00,9.996821284294128418e-01
8.112500000000000711e+00,5.097234080449439375e+01,8.928009867668151855e-01,8.933848738670349121e-01,1.000005841255187988e+00,9.996821284294128418e-01
8.125000000000000000e+00,5.105088062083413547e+01,8.428561687469482422e-01,8.433007597923278809e-01,1.000005841255187988e+00,9.996820092201232910e-01
8.137500000000001066e+00,5.112942043717388430e+01,8.029764890670776367e-01,8.030667304992675781e-01,1.000005722045898438e+00,9.996820688247680664e-01
8.150000000000000355e+00,5.120796025351362601e+01,7.933806180953979492e-01,7.929811477661132812e-01,1.000005722045898438e+00,9.996820092201232910e-01
8.162499999999999645e+00,5.128650006985337484e+01,8.250616192817687988e-01,8.242713809013366699e-01,1.000005722045898438e+00,9.996820092201232910e-01
8.175000000000000711e+00,5.136503988619311656e+01,8.826684951782226562e-01,8.818894028663635254e-01,1.000005602836608887e+00,9.996820092201232910e-01
8.187500000000000000e+00,5.144357970253286538e+01,9.196268320083618164e-01,9.194002747535705566e-01,1.000005722045898438e+00,9.996818900108337402e-01
8.199999999999999289e+00,5.152211951887260710e+01,8.831157684326171875e-01,8.837140798568725586e-01,1.000005722045898438e+00,9.996818304061889648e-01
8.212500000000000355e+00,5.160065933521234882e+01,7.649742960929870605e-01,7.660200595855712891e-01,1.000005722045898438e+00,9.996817111968994141e-01
8.224999999999999645e+00,5.167919915155209765e+01,6.352291107177734375e-01,6.358156204223632812e-01,1.000005722045898438e+00,9.996815919876098633e-01
8.237499999999998934e+00,5.175773896789183937e+01,6.006962656974792480e-01,6.001749634742736816e-01,1.000005722045898438e+00,9.996815323829650879e-01
8.250000000000000000e+00,5.183627878423158819e+01,6.924025416374206543e-01,6.912152171134948730e-01,1.000005841255187988e+00,9.996812939643859863e-01
8.262499999999999289e+00,5.191481860057132991e+01,7.950748801231384277e-01,7.945404052734375000e-01,1.000005841255187988e+00,9.996811151504516602e-01
8.275000000000000355e+00,5.199335841691107873e+01,7.467769384384155273e-01,7.476268410682678223e-01,1.000005841255187988e+00,9.996807575225830078e-01
8.287499999999999645e+00,5.207189823325082045e+01,5.496661663055419922e-01,5.509064793586730957e-01,1.000005841255187988e+00,9.996804594993591309e-01
8.299999999999998934e+00,5.215043804959056217e+01,4.169584810733795166e-01,4.169009029865264893e-01,1.000005722045898438e+00,9.996799826622009277e-01
8.312500000000000000e+00,5.222897786593031100e+01,5.071728825569152832e-01,5.058088898658752441e-01,1.000005722045898438e+00,9.996795058250427246e-01
8.324999999999999289e+00,5.230751768227005272e+01,6.603975892066955566e-01,6.597223877906799316e-01,1.000005722045898438e+00,9.996789693832397461e-01
8.337500000000000355e+00,5.238605749860980154e+01,5.879056453704833984e-01,5.890380144119262695e-01,1.000005841255187988e+00,9.996783137321472168e-01
8.349999999999999645e+00,5.246459731494954326e+01,3.330677747726440430e-01,3.342504799365997314e-01,1.000005841255187988e+00,9.996774792671203613e-01
8.362500000000000711e+00,5.254313713128929209e+01,2.566927075386047363e-01,2.559192478656768799e-01,1.000005841255187988e+00,9.996766448020935059e-01
8.375000000000000000e+00,5.262167694762903380e+01,4.458403885364532471e-01,4.443764686584472656e-01,1.000005960464477539e+00,9.996756315231323242e-01
8.387500000000001066e+00,5.270021676396878263e+01,5.151976943016052246e-01,5.156506896018981934e-01,1.000006079673767090e+00,9.996746182441711426e-01
8.400000000000000355e+00,5.277875658030852435e+01,2.642305493354797363e-01,2.658458352088928223e-01,1.000006079673767090e+00,9.996734857559204102e-01
8.412499999999999645e+00,5.285729639664826607e+01,7.891759276390075684e-02,7.870368659496307373e-02,1.000005960464477539e+00,9.996721744537353516e-01
8.425000000000000711e+00,5.293583621298801489e+01,2.457090914249420166e-01,2.440185397863388062e-01,1.000005960464477539e+00,9.996708035469055176e-01
8.437500000000000000e+00,5.301437602932775661e+01,3.832604885101318359e-01,3.833343386650085449e-01,1.000005960464477539e+00,9.996694922447204590e-01
8.450000000000001066e+00,5.309291584566750544e+01,1.476515829563140869e-01,1.493923664093017578e-01,1.000005960464477539e+00,9.996680617332458496e-01
8.462500000000000355e+00,5.317145566200724716e+01,-7.965787500143051147e-02,-7.966461777687072754e-02,1.000006079673767090e+00,9.996665120124816895e-01
8.474999999999999645e+00,5.324999547834699598e+01,7.825387269258499146e-02,7.648078352212905884e-02,1.000005960464477539e+00,9.996650218963623047e-01
8.487500000000000711e+00,5.332853529468673770e+01,2.344865947961807251e-01,2.344776242971420288e-01,1.000005960464477539e+00,9.996633529663085938e-01
8.500000000000000000e+00,5.340707511102648652e+01,-9.342056000605225563e-04,8.616243721917271614e-04,1.000005960464477539e+00,9.996618032455444336e-01
8.512499999999999289e+00,5.348561492736622824e+01,-2.344853878021240234e-01,-2.344777733087539673e-01,1.000006079673767090e+00,9.996603131294250488e-01
8.525000000000000355e+00,5.356415474370596996e+01,-7.639085501432418823e-02,-7.819873094558715820e-02,1.000005960464477539e+00,9.996587634086608887e-01
8.537499999999999645e+00,5.364269456004571879e+01,7.967310398817062378e-02,7.964791357517242432e-02,1.000006079673767090e+00,9.996572136878967285e-01
8.549999999999998934e+00,5.372123437638546051e+01,-1.494967639446258545e-01,-1.476906538009643555e-01,1.000006079673767090e+00,9.996557831764221191e-01
8.562500000000000000e+00,5.379977419272520933e+01,-3.833449482917785645e-01,-3.832519948482513428e-01,1.000006079673767090e+00,9.996542334556579590e-01
8.574999999999999289e+00,5.387831400906495105e+01,-2.438995689153671265e-01,-2.456883639097213745e-01,1.000006198883056641e+00,9.996528625488281250e-01
8.587500000000000355e+00,5.395685382540469988e+01,-7.868085801601409912e-02,-7.892844825983047485e-02,1.000006198883056641e+00,9.996516108512878418e-01
8.599999999999999645e+00,5.403539364174444160e+01,-2.659714221954345703e-01,-2.642406523227691650e-01,1.000006198883056641e+00,9.996503591537475586e-01
8.612499999999998934e+00,5.411393345808418331e+01,-5.156918168067932129e-01,-5.151879191398620605e-01,1.000006198883056641e+00,9.996491074562072754e-01
8.625000000000000000e+00,5.419247327442393214e+01,-4.442491829395294189e-01,-4.458440542221069336e-01,1.000006198883056641e+00,9.996481537818908691e-01
8.637499999999999289e+00,5.427101309076367386e+01,-2.558442354202270508e-01,-2.567110359668731689e-01,1.000006198883056641e+00,9.996472597122192383e-01
8.650000000000000355e+00,5.434955290710342268e+01,-3.343577980995178223e-01,-3.330643773078918457e-01,1.000006198883056641e+00,9.996463656425476074e-01
8.662499999999999645e+00,5.442809272344316440e+01,-5.891480445861816406e-01,-5.878845453262329102e-01,1.000006198883056641e+00,9.996455907821655273e-01
8.675000000000000711e+00,5.450663253978291323e+01,-6.596560478210449219e-01,-6.604016423225402832e-01,1.000006079673767090e+00,9.996448755264282227e-01
8.687500000000000000e+00,5.458517235612265495e+01,-5.056682229042053223e-01,-5.072041749954223633e-01,1.000006198883056641e+00,9.996442198753356934e-01
8.699999999999999289e+00,5.466371217246239667e+01,-4.168907701969146729e-01,-4.169727861881256104e-01,1.000006198883056641e+00,9.996438622474670410e-01
8.712500000000000355e+00,5.474225198880214549e+01,-5.510340929031372070e-01,-5.496445298194885254e-01,1.000006198883056641e+00,9.996434450149536133e-01
8.724999999999999645e+00,5.482079180514188721e+01,-7.477169632911682129e-01,-7.467525005340576172e-01,1.000006198883056641e+00,9.996430277824401855e-01
8.737500000000000711e+00,5.489933162148163603e+01,-7.944831848144531250e-01,-7.950831651687622070e-01,1.000006318092346191e+00,9.996428489685058594e-01
8.750000000000000000e+00,5.497787143782137775e+01,-6.910840272903442383e-01,-6.924358606338500977e-01,1.000006318092346191e+00,9.996425509452819824e-01
8.762500000000001066e+00,5.505641125416112658e+01,-6.001132130622863770e-01,-6.007203459739685059e-01,1.000006437301635742e+00,9.996423721313476562e-01
8.775000000000000355e+00,5.513495107050086830e+01,-6.358757019042968750e-01,-6.352239251136779785e-01,1.000006318092346191e+00,9.996422529220581055e-01
8.787499999999999645e+00,5.521349088684061712e+01,-7.661334276199340820e-01,-7.649500966072082520e-01,1.000006318092346191e+00,9.996421933174133301e-01
8.800000000000000711e+00,5.529203070318035884e+01,-8.837801814079284668e-01,-8.830970525741577148e-01,1.000006318092346191e+00,9.996420145034790039e-01
8.812500000000000000e+00,5.537057051952010056e+01,-9.193754792213439941e-01,-9.196289181709289551e-01,1.000006318092346191e+00,9.996420145034790039e-01
8.824999999999999289e+00,5.544911033585984939e+01,-8.818026185035705566e-01,-8.826891779899597168e-01,1.000006437301635742e+00,9.996420145034790039e-01
8.837500000000000355e+00,5.552765015219959110e+01,-8.241820931434631348e-01,-8.250873088836669922e-01,1.000006318092346191e+00,9.996419548988342285e-01
8.849999999999999645e+00,5.560618996853933993e+01,-7.929338216781616211e-01,-7.933990359306335449e-01,1.000006318092346191e+00,9.996419548988342285e-01
8.862499999999998934e+00,5.568472978487908165e+01,-8.030728697776794434e-01,-8.029827475547790527e-01,1.000006318092346191e+00,9.996420145034790039e-01
8.875000000000000000e+00,5.576326960121883047e+01,-8.433457612991333008e-01,-8.428516387939453125e-01,1.000006437301635742e+00,9.996419548988342285e-01
8.887499999999999289e+00,5.584180941755857219e+01,-8.934459686279296875e-01,-8.927910327911376953e-01,1.000006318092346191e+00,9.996419548988342285e-01
8.900000000000000355e+00,5.592034923389832102e+01,-9.374531507492065430e-01,-9.368367195129394531e-01,1.000006437301635742e+00,9.996419548988342285e-01
8.912499999999999645e+00,5.599888905023806274e+01,-9.683960676193237305e-01,-9.679224491119384766e-01,1.000006437301635742e+00,9.996420741081237793e-01
8.924999999999998934e+00,5.607742886657780446e+01,-9.864739775657653809e-01,-9.861632585525512695e-01,1.000006437301635742e+00,9.996419548988342285e-01
8.937500000000000000e+00,5.615596868291755328e+01,-9.952698945999145508e-01,-9.950936436653137207e-01,1.000006556510925293e+00,9.996419548988342285e-01
8.949999999999999289e+00,5.623450849925729500e+01,-9.987420439720153809e-01,-9.986569285392761230e-01,1.000006437301635742e+00,9.996419548988342285e-01
8.962500000000000355e+00,5.631304831559704382e+01,-9.997816085815429688e-01,-9.997481107711791992e-01,1.000006556510925293e+00,9.996418356895446777e-01
8.974999999999999645e+00,5.639158813193678554e+01,-9.999834895133972168e-01,-9.999743103981018066e-01,1.000006556510925293e+00,9.996418952941894531e-01
8.987500000000000711e+00,5.647012794827653437e+01,-9.999997615814208984e-01,-9.999986290931701660e-01,1.000006437301635742e+00,9.996418952941894531e-01
9.000000000000000000e+00,5.654866776461627609e+01,-9.999995231628417969e-01,-9.999994635581970215e-01,1.000006556510925293e+00,9.996418356895446777e-01
9.012499999999999289e+00,5.662720758095601781e+01,-9.999985694885253906e-01,-9.999997019767761230e-01,1.000006556510925293e+00,9.996418356895446777e-01
9.025000000000000355e+00,5.670574739729576663e+01,-9.999737739562988281e-01,-9.999831914901733398e-01,1.000006437301635742e+00,9.996419548988342285e-01
9.037499999999999645e+00,5.678428721363550835e+01,-9.997466802597045898e-01,-9.997802376747131348e-01,1.000006556510925293e+00,9.996418952941894531e-01
9.050000000000000711e+00,5.686282702997525718e+01,-9.986533522605895996e-01,-9.987387061119079590e-01,1.000006556510925293e+00,9.996418952941894531e-01
9.062500000000000000e+00,5.694136684631499890e+01,-9.950864911079406738e-01,-9.952627420425415039e-01,1.000006556510925293e+00,9.996419548988342285e-01
9.075000000000001066e+00,5.701990666265474772e+01,-9.861509203910827637e-01,-9.864613413810729980e-01,1.000006556510925293e+00,9.996419548988342285e-01
9.087500000000000355e+00,5.709844647899448944e+01,-9.679043292999267578e-01,-9.683771133422851562e-01,1.000006556510925293e+00,9.996419548988342285e-01
9.099999999999999645e+00,5.717698629533423116e+01,-9.368137717247009277e-01,-9.374288320541381836e-01,1.000006556510925293e+00,9.996418952941894531e-01
9.112500000000000711e+00,5.725552611167397998e+01,-8.927672505378723145e-01,-8.934208750724792480e-01,1.000006556510925293e+00,9.996418952941894531e-01
9.125000000000000000e+00,5.733406592801372170e+01,-8.428349494934082031e-01,-8.433286547660827637e-01,1.000006556510925293e+00,9.996418356895446777e-01
9.137500000000001066e+00,5.741260574435347053e+01,-8.029813170433044434e-01,-8.030733466148376465e-01,1.000006556510925293e+00,9.996417760848999023e-01
9.150000000000000355e+00,5.749114556069321225e+01,-7.934175133705139160e-01,-7.929579019546508789e-01,1.000006556510925293e+00,9.996418356895446777e-01
9.162499999999999645e+00,5.756968537703296107e+01,-8.251202106475830078e-01,-8.242238163948059082e-01,1.000006556510925293e+00,9.996418356895446777e-01
9.175000000000000711e+00,5.764822519337270279e+01,-8.827190995216369629e-01,-8.818417191505432129e-01,1.000006556510925293e+00,9.996419548988342285e-01
9.187500000000000000e+00,5.772676500971245162e+01,-9.196349978446960449e-01,-9.193856716156005859e-01,1.000006556510925293e+00,9.996418356895446777e-01
9.199999999999999289e+00,5.780530482605219333e+01,-8.830705881118774414e-01,-8.837497830390930176e-01,1.000006675720214844e+00,9.996417760848999023e-01
9.212500000000000355e+00,5.788384464239193505e+01,-7.649077177047729492e-01,-7.660840153694152832e-01,1.000006556510925293e+00,9.996418356895446777e-01
9.224999999999999645e+00,5.796238445873168388e+01,-6.352027058601379395e-01,-6.358525753021240234e-01,1.000006675720214844e+00,9.996415972709655762e-01
9.237499999999998934e+00,5.804092427507142560e+01,-6.007444858551025391e-01,-6.001445651054382324e-01,1.000006675720214844e+00,9.996414780616760254e-01
9.250000000000000000e+00,5.811946409141117442e+01,-6.924844980239868164e-01,-6.911433935165405273e-01,1.000006675720214844e+00,9.996414184570312500e-01
9.262499999999999289e+00,5.819800390775091614e+01,-7.951008677482604980e-01,-7.945069670677185059e-01,1.000006794929504395e+00,9.996411800384521484e-01
9.275000000000000355e+00,5.827654372409066497e+01,-7.467118501663208008e-01,-7.476772069931030273e-01,1.000006675720214844e+00,9.996408820152282715e-01
9.287499999999999645e+00,5.835508354043040669e+01,-5.495916008949279785e-01,-5.509821772575378418e-01,1.000006675720214844e+00,9.996405243873596191e-01
9.300000000000000711e+00,5.843362335677015551e+01,-4.169808030128479004e-01,-4.168992042541503906e-01,1.000006675720214844e+00,9.996401071548461914e-01
9.312500000000000000e+00,5.851216317310989723e+01,-5.072691440582275391e-01,-5.057272315025329590e-01,1.000006675720214844e+00,9.996396303176879883e-01
9.324999999999999289e+00,5.859070298944963895e+01,-6.604287028312683105e-01,-6.596803069114685059e-01,1.000006675720214844e+00,9.996390938758850098e-01
9.337500000000000355e+00,5.866924280578938777e+01,-5.878227353096008301e-01,-5.891051888465881348e-01,1.000006794929504395e+00,9.996383786201477051e-01
9.349999999999999645e+00,5.874778262212912949e+01,-3.330046832561492920e-01,-3.343222439289093018e-01,1.000006914138793945e+00,9.996377229690551758e-01
9.362500000000000711e+00,5.882632243846887832e+01,-2.567588686943054199e-01,-2.558741867542266846e-01,1.000006914138793945e+00,9.996368288993835449e-01
9.375000000000000000e+00,5.890486225480862004e+01,-4.459277391433715820e-01,-4.442890286445617676e-01,1.000007033348083496e+00,9.996359348297119141e-01
9.387500000000001066e+00,5.898340207114836886e+01,-5.151539444923400879e-01,-5.156764388084411621e-01,1.000006914138793945e+00,9.996348619461059570e-01
9.400000000000000355e+00,5.906194188748811058e+01,-2.641347348690032959e-01,-2.659408748149871826e-01,1.000007033348083496e+00,9.996336698532104492e-01
9.412499999999999645e+00,5.914048170382785230e+01,-7.894784212112426758e-02,-7.869236916303634644e-02,1.000007033348083496e+00,9.996325373649597168e-01
9.425000000000000711e+00,5.921902152016760112e+01,-2.458119541406631470e-01,-2.439205795526504517e-01,1.000007033348083496e+00,9.996311664581298828e-01
9.437500000000000000e+00,5.929756133650734284e+01,-3.832412064075469971e-01,-3.833371698856353760e-01,1.000007033348083496e+00,9.996299147605895996e-01
9.450000000000001066e+00,5.937610115284709167e+01,-1.475476473569869995e-01,-1.494919210672378540e-01,1.000007152557373047e+00,9.996283650398254395e-01
9.462500000000000355e+00,5.945464096918683339e+01,7.964289933443069458e-02,7.966330647468566895e-02,1.000007152557373047e+00,9.996268749237060547e-01
9.474999999999999645e+00,5.953318078552658221e+01,-7.836049795150756836e-02,-7.638014853000640869e-02,1.000007152557373047e+00,9.996253252029418945e-01
9.487500000000000711e+00,5.961172060186632393e+01,-2.344741523265838623e-01,-2.344751507043838501e-01,1.000007271766662598e+00,9.996237158775329590e-01
9.500000000000000000e+00,5.969026041820606565e+01,1.041664858348667622e-03,-9.627548279240727425e-04,1.000007271766662598e+00,9.996221065521240234e-01
9.512499999999999289e+00,5.976880023454581448e+01,2.344749122858047485e-01,2.344749718904495239e-01,1.000007271766662598e+00,9.996205568313598633e-01
9.525000000000000355e+00,5.984734005088555620e+01,7.628313452005386353e-02,7.829983532428741455e-02,1.000007271766662598e+00,9.996188879013061523e-01
9.537499999999999645e+00,5.992587986722530502e+01,-7.966467738151550293e-02,-7.964430749416351318e-02,1.000007152557373047e+00,9.996173381805419922e-01
9.549999999999998934e+00,6.000441968356504674e+01,1.496045887470245361e-01,1.475904583930969238e-01,1.000007152557373047e+00,9.996158480644226074e-01
9.562500000000000000e+00,6.008295949990479556e+01,3.833432495594024658e-01,3.832450509071350098e-01,1.000007152557373047e+00,9.996143579483032227e-01
9.574999999999999289e+00,6.016149931624453728e+01,2.437931299209594727e-01,2.457866370677947998e-01,1.000007271766662598e+00,9.996129274368286133e-01
9.587500000000000355e+00,6.024003913258428611e+01,7.867280393838882446e-02,7.894330471754074097e-02,1.000007271766662598e+00,9.996116161346435547e-01
9.599999999999999645e+00,6.031857894892402783e+01,2.660755813121795654e-01,2.641464173793792725e-01,1.000007271766662598e+00,9.996103644371032715e-01
9.612499999999998934e+00,6.039711876526376955e+01,5.157167315483093262e-01,5.151595473289489746e-01,1.000007271766662598e+00,9.996092319488525391e-01
9.625000000000000000e+00,6.047565858160351837e+01,4.441522955894470215e-01,4.459300637245178223e-01,1.000007271766662598e+00,9.996082186698913574e-01
9.637499999999999289e+00,6.055419839794326009e+01,2.557969987392425537e-01,2.567587196826934814e-01,1.000007271766662598e+00,9.996072649955749512e-01
9.650000000000000355e+00,6.063273821428300892e+01,3.344386816024780273e-01,3.329955339431762695e-01,1.000007271766662598e+00,9.996063709259033203e-01
9.662499999999999645e+00,6.071127803062275063e+01,5.892215371131896973e-01,5.878161787986755371e-01,1.000007390975952148e+00,9.996055960655212402e-01
9.675000000000000711e+00,6.078981784696249946e+01,6.596074700355529785e-01,6.604404449462890625e-01,1.000007271766662598e+00,9.996049404144287109e-01
9.687500000000000000e+00,6.086835766330224118e+01,5.055767893791198730e-01,5.072865486145019531e-01,1.000007390975952148e+00,9.996044039726257324e-01
9.700000000000001066e+00,6.094689747964199000e+01,4.168910086154937744e-01,4.169785976409912109e-01,1.000007390975952148e+00,9.996039271354675293e-01
9.712500000000000355e+00,6.102543729598173172e+01,5.511206388473510742e-01,5.495709776878356934e-01,1.000007390975952148e+00,9.996034502983093262e-01
9.724999999999999645e+00,6.110397711232147344e+01,7.477725148200988770e-01,7.467003464698791504e-01,1.000007390975952148e+00,9.996031522750854492e-01
9.737500000000000711e+00,6.118251692866122227e+01,7.944433093070983887e-01,7.951140999794006348e-01,1.000007390975952148e+00,9.996027946472167969e-01
9.750000000000000000e+00,6.126105674500096399e+01,6.910043358802795410e-01,6.925078034400939941e-01,1.000007390975952148e+00,9.996026158332824707e-01
9.762500000000001066e+00,6.133959656134071281e+01,6.000828146934509277e-01,6.007533669471740723e-01,1.000007390975952148e+00,9.996024370193481445e-01
9.775000000000000355e+00,6.141813637768045453e+01,6.359197497367858887e-01,6.351899504661560059e-01,1.000007390975952148e+00,9.996022582054138184e-01
9.787499999999999645e+00,6.149667619402020335e+01,7.662047743797302246e-01,7.648873329162597656e-01,1.000007390975952148e+00,9.996021986007690430e-01
9.800000000000000711e+00,6.157521601035994507e+01,8.838183283805847168e-01,8.830603361129760742e-01,1.000007390975952148e+00,9.996020197868347168e-01
9.812500000000000000e+00,6.165375582669968679e+01,9.193580746650695801e-01,9.196416139602661133e-01,1.000007390975952148e+00,9.996021389961242676e-01
9.824999999999999289e+00,6.173229564303943562e+01,8.817495107650756836e-01,8.827358484268188477e-01,1.000007390975952148e+00,9.996020793914794922e-01
9.837500000000000355e+00,6.181083545937917734e+01,8.241305947303771973e-01,8.251357674598693848e-01,1.000007510185241699e+00,9.996020197868347168e-01
9.849999999999999645e+00,6.188937527571892616e+01,7.929103970527648926e-01,7.934244275093078613e-01,1.000007510185241699e+00,9.996019601821899414e-01
9.862499999999998934e+00,6.196791509205866788e+01,8.030825257301330566e-01,8.029787540435791016e-01,1.000007510185241699e+00,9.996019005775451660e-01
9.875000000000000000e+00,6.204645490839841671e+01,8.433785438537597656e-01,8.428261280059814453e-01,1.000007510185241699e+00,9.996019005775451660e-01
9.887499999999999289e+00,6.212499472473815842e+01,8.934866786003112793e-01,8.927565813064575195e-01,1.000007510185241699e+00,9.996018409729003906e-01
9.899999999999998579e+00,6.220353454107790014e+01,9.374904036521911621e-01,9.368041753768920898e-01,1.000007510185241699e+00,9.996019005775451660e-01
9.912499999999999645e+00,6.228207435741764897e+01,9.684240818023681641e-01,9.678972959518432617e-01,1.000007629394531250e+00,9.996018409729003906e-01
9.924999999999998934e+00,6.236061417375739069e+01,9.864920377731323242e-01,9.861464500427246094e-01,1.000007629394531250e+00,9.996019005775451660e-01
9.937500000000000000e+00,6.243915399009713951e+01,9.952800869941711426e-01,9.950842857360839844e-01,1.000007510185241699e+00,9.996019005775451660e-01
9.949999999999999289e+00,6.251769380643688123e+01,9.987469315528869629e-01,9.986522197723388672e-01,1.000007629394531250e+00,9.996019601821899414e-01
9.962500000000000355e+00,6.259623362277663006e+01,9.997833371162414551e-01,9.997463226318359375e-01,1.000007510185241699e+00,9.996019005775451660e-01
9.974999999999999645e+00,6.267477343911637178e+01,9.999837875366210938e-01,9.999736547470092773e-01,1.000007510185241699e+00,9.996019601821899414e-01
9.987500000000000711e+00,6.275331325545612060e+01,9.999996423721313477e-01,9.999985098838806152e-01,1.000007510185241699e+00,9.996019601821899414e-01
1.000000000000000000e+01,6.283185307179586232e+01,9.999995231628417969e-01,9.999994039535522461e-01,1.000007510185241699e+00,9.996020197868347168e-01
1.001249999999999929e+01,6.291039288813560404e+01,9.999983310699462891e-01,9.999997019767761230e-01,1.000007629394531250e+00,9.996020197868347168e-01
1.002500000000000036e+01,6.298893270447535286e+01,9.999731183052062988e-01,9.999836087226867676e-01,1.000007629394531250e+00,9.996020197868347168e-01
1.003749999999999964e+01,6.306747252081509458e+01,9.997447729110717773e-01,9.997818470001220703e-01,1.000007629394531250e+00,9.996020793914794922e-01
1.005000000000000071e+01,6.314601233715484341e+01,9.986483454704284668e-01,9.987430572509765625e-01,1.000007629394531250e+00,9.996021389961242676e-01
1.006250000000000000e+01,6.322455215349458513e+01,9.950762391090393066e-01,9.952720999717712402e-01,1.000007629394531250e+00,9.996021389961242676e-01
1.007500000000000107e+01,6.330309196983433395e+01,9.861325025558471680e-01,9.864779114723205566e-01,1.000007629394531250e+00,9.996021389961242676e-01
1.008750000000000036e+01,6.338163178617407567e+01,9.678757190704345703e-01,9.684021472930908203e-01,1.000007629394531250e+00,9.996021986007690430e-01
1.010000000000000142e+01,6.346017160251382450e+01,9.367761611938476562e-01,9.374611973762512207e-01,1.000007510185241699e+00,9.996020793914794922e-01
1.011250000000000071e+01,6.353871141885356622e+01,8.927265405654907227e-01,8.934552073478698730e-01,1.000007510185241699e+00,9.996021389961242676e-01
1.012500000000000000e+01,6.361725123519330793e+01,8.428024053573608398e-01,8.433540463447570801e-01,1.000007510185241699e+00,9.996021986007690430e-01
1.013750000000000107e+01,6.369579105153305676e+01,8.029714822769165039e-01,8.030771613121032715e-01,1.000007510185241699e+00,9.996021389961242676e-01
1.015000000000000036e+01,6.377433086787279848e+01,7.934407591819763184e-01,7.929322719573974609e-01,1.000007390975952148e+00,9.996021389961242676e-01
1.016249999999999964e+01,6.385287068421254730e+01,8.251712322235107422e-01,8.241751790046691895e-01,1.000007390975952148e+00,9.996020197868347168e-01
1.017500000000000071e+01,6.393141050055228902e+01,8.827719092369079590e-01,8.817946910858154297e-01,1.000007390975952148e+00,9.996020197868347168e-01
1.018750000000000000e+01,6.400995031689203074e+01,9.196524620056152344e-01,9.193728566169738770e-01,1.000007390975952148e+00,9.996019601821899414e-01
1.019999999999999929e+01,6.408849013323177246e+01,8.830313086509704590e-01,8.837864398956298828e-01,1.000007390975952148e+00,9.996019005775451660e-01
1.021250000000000036e+01,6.416702994957152839e+01,7.648361921310424805e-01,7.661464810371398926e-01,1.000007510185241699e+00,9.996017813682556152e-01
1.022499999999999964e+01,6.424556976591127011e+01,6.351600885391235352e-01,6.358857750892639160e-01,1.000007510185241699e+00,9.996016621589660645e-01
1.023749999999999893e+01,6.432410958225101183e+01,6.007761359214782715e-01,6.001108288764953613e-01,1.000007390975952148e+00,9.996016025543212891e-01
1.025000000000000000e+01,6.440264939859075355e+01,6.925640106201171875e-01,6.910712122917175293e-01,1.000007390975952148e+00,9.996013641357421875e-01
1.026250000000000107e+01,6.448118921493050948e+01,7.951390147209167480e-01,7.944763302803039551e-01,1.000007510185241699e+00,9.996012449264526367e-01
1.027500000000000036e+01,6.455972903127025120e+01,7.466560006141662598e-01,7.477298974990844727e-01,1.000007390975952148e+00,9.996010065078735352e-01
1.028749999999999964e+01,6.463826884760999292e+01,5.495064854621887207e-01,5.510555505752563477e-01,1.000007510185241699e+00,9.996005892753601074e-01
1.029999999999999893e+01,6.471680866394973464e+01,4.169805943965911865e-01,4.168924093246459961e-01,1.000007510185241699e+00,9.996002912521362305e-01
1.031249999999999822e+01,6.479534848028947636e+01,5.073597431182861328e-01,5.056439042091369629e-01,1.000007629394531250e+00,9.995997548103332520e-01
1.032500000000000107e+01,6.487388829662923229e+01,6.604783535003662109e-01,6.596416234970092773e-01,1.000007629394531250e+00,9.995991587638854980e-01
1.033750000000000036e+01,6.495242811296897401e+01,5.877480506896972656e-01,5.891747474670410156e-01,1.000007629394531250e+00,9.995985627174377441e-01
1.034999999999999964e+01,6.503096792930871572e+01,3.329208195209503174e-01,3.343915045261383057e-01,1.000007629394531250e+00,9.995977282524108887e-01
1.036249999999999893e+01,6.510950774564845744e+01,2.568074464797973633e-01,2.558254599571228027e-01,1.000007510185241699e+00,9.995968937873840332e-01
1.037500000000000178e+01,6.518804756198821337e+01,4.460285305976867676e-01,4.442022442817687988e-01,1.000007629394531250e+00,9.995959997177124023e-01
1.038750000000000107e+01,6.526658737832795509e+01,5.151273012161254883e-01,5.157050490379333496e-01,1.000007629394531250e+00,9.995949864387512207e-01
1.040000000000000036e+01,6.534512719466769681e+01,2.640235126018524170e-01,2.660356163978576660e-01,1.000007510185241699e+00,9.995937943458557129e-01
1.041249999999999964e+01,6.542366701100743853e+01,7.895812392234802246e-02,7.867725193500518799e-02,1.000007629394531250e+00,9.995926618576049805e-01
1.042499999999999893e+01,6.550220682734718025e+01,2.459280490875244141e-01,2.438218593597412109e-01,1.000007629394531250e+00,9.995912909507751465e-01
1.043750000000000000e+01,6.558074664368693618e+01,3.832390308380126953e-01,3.833442330360412598e-01,1.000007748603820801e+00,9.995899200439453125e-01
1.045000000000000107e+01,6.565928646002667790e+01,1.474292576313018799e-01,1.495927423238754272e-01,1.000007748603820801e+00,9.995884299278259277e-01
1.046250000000000036e+01,6.573782627636641962e+01,-7.964490354061126709e-02,-7.966700941324234009e-02,1.000007748603820801e+00,9.995869994163513184e-01
1.047499999999999964e+01,6.581636609270616134e+01,7.847875356674194336e-02,7.627806067466735840e-02,1.000007748603820801e+00,9.995853900909423828e-01
1.048750000000000071e+01,6.589490590904591727e+01,2.344774007797241211e-01,2.344773858785629272e-01,1.000007629394531250e+00,9.995838403701782227e-01
1.050000000000000000e+01,6.597344572538565899e+01,-1.161749358288943768e-03,1.065390999428927898e-03,1.000007748603820801e+00,9.995822906494140625e-01
1.051249999999999929e+01,6.605198554172540071e+01,-2.344774603843688965e-01,-2.344765365123748779e-01,1.000007748603820801e+00,9.995808005332946777e-01
1.052500000000000036e+01,6.613052535806514243e+01,-7.616264373064041138e-02,-7.840165495872497559e-02,1.000007748603820801e+00,9.995791316032409668e-01
1.053749999999999964e+01,6.620906517440488415e+01,7.966685295104980469e-02,7.964522391557693481e-02,1.000007629394531250e+00,9.995775818824768066e-01
1.055000000000000071e+01,6.628760499074464008e+01,-1.497235745191574097e-01,-1.474896669387817383e-01,1.000007629394531250e+00,9.995760321617126465e-01
1.056250000000000000e+01,6.636614480708438180e+01,-3.833491802215576172e-01,-3.832421600818634033e-01,1.000007629394531250e+00,9.995745420455932617e-01
1.057499999999999929e+01,6.644468462342412352e+01,-2.436771839857101440e-01,-2.458860874176025391e-01,1.000007748603820801e+00,9.995731711387634277e-01
1.058749999999999858e+01,6.652322443976386523e+01,-7.865666598081588745e-02,-7.895445823669433594e-02,1.000007867813110352e+00,9.995718598365783691e-01
1.060000000000000142e+01,6.660176425610362116e+01,-2.661880850791931152e-01,-2.640499770641326904e-01,1.000007867813110352e+00,9.995706081390380859e-01
1.061250000000000071e+01,6.668030407244336288e+01,-5.157499313354492188e-01,-5.151333212852478027e-01,1.000007867813110352e+00,9.995694160461425781e-01
1.062500000000000000e+01,6.675884388878310460e+01,-4.440494179725646973e-01,-4.460181593894958496e-01,1.000007867813110352e+00,9.995684623718261719e-01
1.063749999999999929e+01,6.683738370512284632e+01,-2.557417750358581543e-01,-2.568045556545257568e-01,1.000007867813110352e+00,9.995674490928649902e-01
1.064999999999999858e+01,6.691592352146258804e+01,-3.345210850238800049e-01,-3.329237699508666992e-01,1.000007867813110352e+00,9.995666146278381348e-01
1.066250000000000142e+01,6.699446333780234397e+01,-5.893002748489379883e-01,-5.877482891082763672e-01,1.000007867813110352e+00,9.995658993721008301e-01
1.067500000000000071e+01,6.707300315414208569e+01,-6.595607995986938477e-01,-6.604824066162109375e-01,1.000007867813110352e+00,9.995652437210083008e-01
1.068750000000000000e+01,6.715154297048182741e+01,-5.054811835289001465e-01,-5.073685646057128906e-01,1.000007867813110352e+00,9.995647072792053223e-01
1.069999999999999929e+01,6.723008278682156913e+01,-4.168852269649505615e-01,-4.169802665710449219e-01,1.000007867813110352e+00,9.995641708374023438e-01
1.071249999999999858e+01,6.730862260316131085e+01,-5.512063503265380859e-01,-5.494949221611022949e-01,1.000007987022399902e+00,9.995638132095336914e-01
1.072500000000000142e+01,6.738716241950106678e+01,-7.478322386741638184e-01,-7.466497421264648438e-01,1.000007987022399902e+00,9.995633959770202637e-01
1.073750000000000071e+01,6.746570223584080850e+01,-7.944071888923645020e-01,-7.951478958129882812e-01,1.000007987022399902e+00,9.995631575584411621e-01
1.075000000000000000e+01,6.754424205218055022e+01,-6.909207105636596680e-01,-6.925802826881408691e-01,1.000007987022399902e+00,9.995630383491516113e-01
1.076249999999999929e+01,6.762278186852029194e+01,-6.000432372093200684e-01,-6.007838845252990723e-01,1.000007867813110352e+00,9.995627403259277344e-01
1.077500000000000036e+01,6.770132168486004787e+01,-6.359583735466003418e-01,-6.351523995399475098e-01,1.000007987022399902e+00,9.995626807212829590e-01
1.078749999999999964e+01,6.777986150119978959e+01,-7.662773728370666504e-01,-7.648226022720336914e-01,1.000007987022399902e+00,9.995626211166381836e-01
1.080000000000000071e+01,6.785840131753953131e+01,-8.838612437248229980e-01,-8.830240368843078613e-01,1.000007987022399902e+00,9.995625615119934082e-01
1.081250000000000000e+01,6.793694113387927302e+01,-9.193429946899414062e-01,-9.196563363075256348e-01,1.000007987022399902e+00,9.995625615119934082e-01
1.082499999999999929e+01,6.801548095021901474e+01,-8.816946148872375488e-01,-8.827841281890869141e-01,1.000008106231689453e+00,9.995625019073486328e-01
1.083750000000000036e+01,6.809402076655877067e+01,-8.240741491317749023e-01,-8.251838684082031250e-01,1.000008106231689453e+00,9.995625615119934082e-01
1.084999999999999964e+01,6.817256058289851239e+01,-7.928807735443115234e-01,-7.934479117393493652e-01,1.000008106231689453e+00,9.995625615119934082e-01
1.086249999999999893e+01,6.825110039923825411e+01,-8.030872941017150879e-01,-8.029718399047851562e-01,1.000008106231689453e+00,9.995624423027038574e-01
1.087500000000000000e+01,6.832964021557799583e+01,-8.434085249900817871e-01,-8.427975773811340332e-01,1.000008106231689453e+00,9.995624423027038574e-01
1.088750000000000107e+01,6.840818003191775176e+01,-8.935266733169555664e-01,-8.927198052406311035e-01,1.000008106231689453e+00,9.995623826980590820e-01
1.090000000000000036e+01,6.848671984825749348e+01,-9.375282526016235352e-01,-9.367699623107910156e-01,1.000008225440979004e+00,9.995623826980590820e-01
1.091249999999999964e+01,6.856525966459723520e+01,-9.684534668922424316e-01,-9.678711891174316406e-01,1.000008225440979004e+00,9.995623826980590820e-01
1.092499999999999893e+01,6.864379948093697692e+01,-9.865112900733947754e-01,-9.861295223236083984e-01,1.000008225440979004e+00,9.995623826980590820e-01
1.093749999999999822e+01,6.872233929727671864e+01,-9.952908158302307129e-01,-9.950745701789855957e-01,1.000008344650268555e+00,9.995623826980590820e-01
1.095000000000000107e+01,6.880087911361647457e+01,-9.987520575523376465e-01,-9.986475110054016113e-01,1.000008225440979004e+00,9.995624423027038574e-01
1.096250000000000036e+01,6.887941892995621629e+01,-9.997853636741638184e-01,-9.997442960739135742e-01,1.000008225440979004e+00,9.995623826980590820e-01
1.097499999999999964e+01,6.895795874629595801e+01,-9.999843835830688477e-01,-9.999731779098510742e-01,1.000008225440979004e+00,9.995624423027038574e-01
1.098749999999999893e+01,6.903649856263569973e+01,-9.999996423721313477e-01,-9.999983906745910645e-01,1.000008225440979004e+00,9.995624423027038574e-01
1.099999999999999822e+01,6.911503837897544145e+01,-9.999992847442626953e-01,-9.999992847442626953e-01,1.000008225440979004e+00,9.995624423027038574e-01
1.101250000000000107e+01,6.919357819531519738e+01,-9.999983310699462891e-01,-9.999997019767761230e-01,1.000008106231689453e+00,9.995624423027038574e-01
1.102500000000000036e+01,6.927211801165493910e+01,-9.999724626541137695e-01,-9.999839067459106445e-01,1.000008225440979004e+00,9.995624423027038574e-01
1.103749999999999964e+01,6.935065782799468082e+01,-9.997424483299255371e-01,-9.997835755348205566e-01,1.000008106231689453e+00,9.995623826980590820e-01
1.104999999999999893e+01,6.942919764433442253e+01,-9.986429214477539062e-01,-9.987475872039794922e-01,1.000008106231689453e+00,9.995624423027038574e-01
1.106250000000000178e+01,6.950773746067417846e+01,-9.950651526451110840e-01,-9.952816963195800781e-01,1.000008106231689453e+00,9.995623826980590820e-01
1.107500000000000107e+01,6.958627727701392018e+01,-9.861130118370056152e-01,-9.864947795867919922e-01,1.000008106231689453e+00,9.995624423027038574e-01
1.108750000000000036e+01,6.966481709335366190e+01,-9.678466916084289551e-01,-9.684279561042785645e-01,1.000008106231689453e+00,9.995624423027038574e-01
1.109999999999999964e+01,6.974335690969340362e+01,-9.367383122444152832e-01,-9.374952912330627441e-01,1.000008225440979004e+00,9.995624423027038574e-01
1.111249999999999893e+01,6.982189672603314534e+01,-8.926864266395568848e-01,-8.934917449951171875e-01,1.000008225440979004e+00,9.995624423027038574e-01
1.112500000000000000e+01,6.990043654237290127e+01,-8.427724242210388184e-01,-8.433825969696044922e-01,1.000008225440979004e+00,9.995623826980590820e-01
1.113750000000000107e+01,6.997897635871264299e+01,-8.029670119285583496e-01,-8.030838966369628906e-01,1.000008225440979004e+00,9.995625019073486328e-01
1.115000000000000036e+01,7.005751617505238471e+01,-7.934702634811401367e-01,-7.929084300994873047e-01,1.000008225440979004e+00,9.995623826980590820e-01
1.116249999999999964e+01,7.013605599139212643e+01,-8.252274990081787109e-01,-8.241265416145324707e-01,1.000008344650268555e+00,9.995623826980590820e-01
1.117500000000000071e+01,7.021459580773188236e+01,-8.828261494636535645e-01,-8.817458152770996094e-01,1.000008344650268555e+00,9.995623826980590820e-01
1.118750000000000000e+01,7.029313562407162408e+01,-9.196668863296508789e-01,-9.193575978279113770e-01,1.000008344650268555e+00,9.995623826980590820e-01
1.119999999999999929e+01,7.037167544041136580e+01,-8.829896450042724609e-01,-8.838229179382324219e-01,1.000008344650268555e+00,9.995622634887695312e-01
1.121250000000000036e+01,7.045021525675110752e+01,-7.647641301155090332e-01,-7.662121057510375977e-01,1.000008344650268555e+00,9.995622038841247559e-01
1.122499999999999964e+01,7.052875507309084924e+01,-6.351198554039001465e-01,-6.359243988990783691e-01,1.000008463859558105e+00,9.995620846748352051e-01
1.123750000000000071e+01,7.060729488943060517e+01,-6.008127927780151367e-01,-6.000803112983703613e-01,1.000008463859558105e+00,9.995619654655456543e-01
1.125000000000000000e+01,7.068583470577034689e+01,-6.926457285881042480e-01,-6.909971237182617188e-01,1.000008463859558105e+00,9.995617866516113281e-01
1.126249999999999929e+01,7.076437452211008861e+01,-7.951763272285461426e-01,-7.944406270980834961e-01,1.000008463859558105e+00,9.995615482330322266e-01
1.127499999999999858e+01,7.084291433844983032e+01,-7.465972304344177246e-01,-7.477809786796569824e-01,1.000008463859558105e+00,9.995611906051635742e-01
1.128750000000000142e+01,7.092145415478958625e+01,-5.494195222854614258e-01,-5.511345267295837402e-01,1.000008463859558105e+00,9.995608925819396973e-01
1.130000000000000071e+01,7.099999397112932797e+01,-4.169853627681732178e-01,-4.168924987316131592e-01,1.000008463859558105e+00,9.995605349540710449e-01
1.131250000000000000e+01,7.107853378746906969e+01,-5.074546933174133301e-01,-5.055604577064514160e-01,1.000008583068847656e+00,9.995600581169128418e-01
1.132499999999999929e+01,7.115707360380881141e+01,-6.605235338211059570e-01,-6.595972776412963867e-01,1.000008583068847656e+00,9.995595216751098633e-01
1.133749999999999858e+01,7.123561342014855313e+01,-5.876712799072265625e-01,-5.892416834831237793e-01,1.000008583068847656e+00,9.995588064193725586e-01
1.135000000000000142e+01,7.131415323648830906e+01,-3.328416645526885986e-01,-3.344652950763702393e-01,1.000008583068847656e+00,9.995580315589904785e-01
1.136250000000000071e+01,7.139269305282805078e+01,-2.568602263927459717e-01,-2.557820081710815430e-01,1.000008702278137207e+00,9.995573163032531738e-01
1.137500000000000000e+01,7.147123286916779250e+01,-4.461247026920318604e-01,-4.441135227680206299e-01,1.000008583068847656e+00,9.995563030242919922e-01
1.138749999999999929e+01,7.154977268550753422e+01,-5.150949954986572266e-01,-5.157295465469360352e-01,1.000008583068847656e+00,9.995552301406860352e-01
1.140000000000000036e+01,7.162831250184729015e+01,-2.639206647872924805e-01,-2.661327719688415527e-01,1.000008702278137207e+00,9.995541572570800781e-01
1.141250000000000142e+01,7.170685231818703187e+01,-7.897408306598663330e-02,-7.866747677326202393e-02,1.000008702278137207e+00,9.995529055595397949e-01
1.142500000000000071e+01,7.178539213452677359e+01,-2.460342347621917725e-01,-2.437207400798797607e-01,1.000008583068847656e+00,9.995514750480651855e-01
1.143750000000000000e+01,7.186393195086651531e+01,-3.832348883152008057e-01,-3.833449482917785645e-01,1.000008702278137207e+00,9.995501637458801270e-01
1.144999999999999929e+01,7.194247176720625703e+01,-1.473208367824554443e-01,-1.496962308883666992e-01,1.000008702278137207e+00,9.995487332344055176e-01
1.146250000000000036e+01,7.202101158354601296e+01,7.964479178190231323e-02,7.966301590204238892e-02,1.000008702278137207e+00,9.995472431182861328e-01
1.147499999999999964e+01,7.209955139988575468e+01,-7.858839631080627441e-02,-7.617422193288803101e-02,1.000008702278137207e+00,9.995457530021667480e-01
1.148750000000000071e+01,7.217809121622549640e+01,-2.344777286052703857e-01,-2.344730645418167114e-01,1.000008702278137207e+00,9.995442032814025879e-01
1.150000000000000000e+01,7.225663103256523812e+01,1.268886844627559185e-03,-1.169097493402659893e-03,1.000008821487426758e+00,9.995425939559936523e-01
1.151249999999999929e+01,7.233517084890497983e+01,2.344792336225509644e-01,2.344734668731689453e-01,1.000008821487426758e+00,9.995409846305847168e-01
1.152500000000000036e+01,7.241371066524473576e+01,7.605736702680587769e-02,7.850565016269683838e-02,1.000008821487426758e+00,9.995394349098205566e-01
1.153749999999999964e+01,7.249225048158447748e+01,-7.967269420623779297e-02,-7.964148372411727905e-02,1.000008821487426758e+00,9.995378851890563965e-01
1.154999999999999893e+01,7.257079029792421920e+01,1.498280614614486694e-01,1.473861634731292725e-01,1.000008821487426758e+00,9.995363354682922363e-01
1.156250000000000000e+01,7.264933011426396092e+01,3.833584189414978027e-01,3.832341432571411133e-01,1.000008821487426758e+00,9.995349049568176270e-01
1.157500000000000107e+01,7.272786993060371685e+01,2.435743957757949829e-01,2.459869980812072754e-01,1.000008821487426758e+00,9.995335936546325684e-01
1.158750000000000036e+01,7.280640974694345857e+01,7.863873243331909180e-02,7.897186279296875000e-02,1.000008821487426758e+00,9.995322227478027344e-01
1.159999999999999964e+01,7.288494956328320029e+01,2.662834227085113525e-01,2.639546394348144531e-01,1.000008821487426758e+00,9.995309710502624512e-01
1.161249999999999893e+01,7.296348937962294201e+01,5.157823562622070312e-01,5.151023864746093750e-01,1.000008940696716309e+00,9.995298981666564941e-01
1.162499999999999822e+01,7.304202919596268373e+01,4.439636468887329102e-01,4.461045265197753906e-01,1.000008940696716309e+00,9.995288252830505371e-01
1.163750000000000107e+01,7.312056901230243966e+01,2.556867003440856934e-01,2.568546235561370850e-01,1.000009059906005859e+00,9.995278716087341309e-01
1.165000000000000036e+01,7.319910882864218138e+01,3.345876932144165039e-01,3.328548073768615723e-01,1.000008940696716309e+00,9.995269775390625000e-01
1.166249999999999964e+01,7.327764864498192310e+01,5.893753767013549805e-01,5.876774787902832031e-01,1.000009059906005859e+00,9.995262622833251953e-01
1.167499999999999893e+01,7.335618846132166482e+01,6.595250368118286133e-01,6.605208516120910645e-01,1.000009059906005859e+00,9.995256066322326660e-01
1.168750000000000178e+01,7.343472827766142075e+01,5.053927302360534668e-01,5.074542760848999023e-01,1.000009179115295410e+00,9.995250701904296875e-01
1.170000000000000107e+01,7.351326809400116247e+01,4.168720245361328125e-01,4.169888794422149658e-01,1.000009179115295410e+00,9.995245933532714844e-01
1.171250000000000036e+01,7.359180791034090419e+01,5.512806773185729980e-01,5.494202375411987305e-01,1.000009179115295410e+00,9.995241165161132812e-01
1.172499999999999964e+01,7.367034772668064591e+01,7.478913664817810059e-01,7.465944886207580566e-01,1.000009179115295410e+00,9.995236992835998535e-01
1.173749999999999893e+01,7.374888754302038762e+01,7.943774461746215820e-01,7.951780557632446289e-01,1.000009179115295410e+00,9.995234608650207520e-01
1.175000000000000000e+01,7.382742735936014356e+01,6.908428668975830078e-01,6.926546096801757812e-01,1.000009179115295410e+00,9.995233416557312012e-01
1.176250000000000107e+01,7.390596717569988527e+01,6.000032424926757812e-01,6.008206009864807129e-01,1.000009179115295410e+00,9.995231032371520996e-01
1.177500000000000036e+01,7.398450699203962699e+01,6.359891891479492188e-01,6.351205110549926758e-01,1.000009179115295410e+00,9.995228648185729980e-01
1.178749999999999964e+01,7.406304680837936871e+01,7.663425803184509277e-01,7.647592425346374512e-01,1.000009179115295410e+00,9.995228052139282227e-01
1.179999999999999893e+01,7.414158662471911043e+01,8.839018940925598145e-01,8.829854726791381836e-01,1.000009179115295410e+00,9.995227456092834473e-01
1.181250000000000000e+01,7.422012644105886636e+01,9.193317294120788574e-01,9.196678400039672852e-01,1.000009059906005859e+00,9.995226860046386719e-01
1.182499999999999929e+01,7.429866625739860808e+01,8.816453218460083008e-01,8.828313350677490234e-01,1.000009059906005859e+00,9.995226263999938965e-01
1.183750000000000036e+01,7.437720607373834980e+01,8.240200877189636230e-01,8.252342939376831055e-01,1.000009059906005859e+00,9.995225667953491211e-01
1.184999999999999964e+01,7.445574589007809152e+01,7.928495407104492188e-01,7.934760451316833496e-01,1.000008940696716309e+00,9.995225667953491211e-01
1.186250000000000071e+01,7.453428570641784745e+01,8.030872941017150879e-01,8.029701113700866699e-01,1.000009059906005859e+00,9.995225071907043457e-01
1.187500000000000000e+01,7.461282552275758917e+01,8.434323668479919434e-01,8.427736163139343262e-01,1.000008940696716309e+00,9.995225071907043457e-01
1.188749999999999929e+01,7.469136533909733089e+01,8.935612440109252930e-01,8.926860094070434570e-01,1.000009059906005859e+00,9.995225667953491211e-01
1.189999999999999858e+01,7.476990515543707261e+01,9.375617504119873047e-01,9.367374777793884277e-01,1.000008940696716309e+00,9.995224475860595703e-01
1.191249999999999964e+01,7.484844497177681433e+01,9.684798121452331543e-01,9.678457379341125488e-01,1.000009059906005859e+00,9.995225071907043457e-01
1.192500000000000071e+01,7.492698478811657026e+01,9.865289926528930664e-01,9.861125349998474121e-01,1.000008940696716309e+00,9.995225071907043457e-01
1.193750000000000000e+01,7.500552460445631198e+01,9.953010082244873047e-01,9.950648546218872070e-01,1.000009059906005859e+00,9.995225071907043457e-01
1.194999999999999929e+01,7.508406442079605370e+01,9.987569451332092285e-01,9.986426830291748047e-01,1.000009059906005859e+00,9.995224475860595703e-01
1.196249999999999858e+01,7.516260423713579542e+01,9.997870922088623047e-01,9.997424483299255371e-01,1.000009059906005859e+00,9.995224475860595703e-01
1.197500000000000142e+01,7.524114405347555135e+01,9.999847412109375000e-01,9.999725222587585449e-01,1.000009059906005859e+00,9.995224475860595703e-01
1.198750000000000071e+01,7.531968386981529306e+01,9.999995231628417969e-01,9.999982714653015137e-01,1.000008940696716309e+00,9.995224475860595703e-01
1.200000000000000000e+01,7.539822368615503478e+01,9.999990463256835938e-01,9.999993443489074707e-01,1.000008940696716309e+00,9.995225071907043457e-01
1.201249999999999929e+01,7.547676350249477650e+01,9.999979734420776367e-01,9.999996423721313477e-01,1.000009059906005859e+00,9.995225071907043457e-01
1.202499999999999858e+01,7.555530331883451822e+01,9.999718070030212402e-01,9.999843835830688477e-01,1.000009059906005859e+00,9.995226263999938965e-01
1.203750000000000142e+01,7.563384313517427415e+01,9.997403621673583984e-01,9.997854828834533691e-01,1.000008940696716309e+00,9.995225667953491211e-01
1.205000000000000071e+01,7.571238295151401587e+01,9.986377358436584473e-01,9.987523555755615234e-01,1.000008940696716309e+00,9.995226263999938965e-01
1.206250000000000000e+01,7.579092276785375759e+01,9.950547218322753906e-01,9.952912330627441406e-01,1.000008821487426758e+00,9.995225667953491211e-01
1.207499999999999929e+01,7.586946258419349931e+01,9.860951900482177734e-01,9.865115284919738770e-01,1.000008821487426758e+00,9.995225667953491211e-01
1.208750000000000036e+01,7.594800240053325524e+01,9.678198099136352539e-01,9.684532284736633301e-01,1.000008821487426758e+00,9.995225667953491211e-01
1.210000000000000142e+01,7.602654221687299696e+01,9.367043375968933105e-01,9.375277161598205566e-01,1.000008821487426758e+00,9.995225667953491211e-01
1.211250000000000071e+01,7.610508203321273868e+01,8.926517367362976074e-01,8.935251832008361816e-01,1.000008821487426758e+00,9.995225071907043457e-01
1.212500000000000000e+01,7.618362184955248040e+01,8.427484631538391113e-01,8.434061408042907715e-01,1.000008940696716309e+00,9.995226263999938965e-01
1.213749999999999929e+01,7.626216166589222212e+01,8.029665946960449219e-01,8.030851483345031738e-01,1.000008821487426758e+00,9.995225667953491211e-01
1.215000000000000036e+01,7.634070148223197805e+01,7.935007810592651367e-01,7.928802371025085449e-01,1.000008821487426758e+00,9.995225071907043457e-01
1.216249999999999964e+01,7.641924129857171977e+01,8.252804279327392578e-01,8.240762948989868164e-01,1.000008821487426758e+00,9.995224475860595703e-01
1.217500000000000071e+01,7.649778111491146149e+01,8.828750848770141602e-01,8.816989660263061523e-01,1.000008821487426758e+00,9.995225071907043457e-01
1.218750000000000000e+01,7.657632093125120321e+01,9.196780920028686523e-01,9.193463325500488281e-01,1.000008821487426758e+00,9.995224475860595703e-01
1.220000000000000107e+01,7.665486074759095914e+01,8.829483985900878906e-01,8.838608860969543457e-01,1.000008821487426758e+00,9.995223879814147949e-01
1.221250000000000036e+01,7.673340056393070086e+01,7.646993398666381836e-01,7.662735581398010254e-01,1.000008821487426758e+00,9.995223283767700195e-01
1.222499999999999964e+01,7.681194038027044257e+01,6.350892782211303711e-01,6.359546780586242676e-01,1.000008940696716309e+00,9.995222091674804688e-01
1.223749999999999893e+01,7.689048019661018429e+01,6.008531451225280762e-01,6.000440716743469238e-01,1.000008940696716309e+00,9.995220899581909180e-01
1.225000000000000000e+01,7.696902001294992601e+01,6.927228569984436035e-01,6.909251213073730469e-01,1.000008940696716309e+00,9.995219111442565918e-01
1.226250000000000107e+01,7.704755982928968194e+01,7.952049374580383301e-01,7.944122552871704102e-01,1.000008940696716309e+00,9.995216727256774902e-01
1.227500000000000036e+01,7.712609964562942366e+01,7.465401887893676758e-01,7.478345036506652832e-01,1.000009059906005859e+00,9.995213747024536133e-01
1.228749999999999964e+01,7.720463946196916538e+01,5.493447780609130859e-01,5.512045621871948242e-01,1.000009059906005859e+00,9.995210170745849609e-01
1.229999999999999893e+01,7.728317927830890710e+01,4.169958233833312988e-01,4.168821275234222412e-01,1.000009059906005859e+00,9.995205402374267578e-01
1.231249999999999822e+01,7.736171909464864882e+01,5.075438618659973145e-01,5.054777860641479492e-01,1.000009059906005859e+00,9.995201230049133301e-01
1.232500000000000107e+01,7.744025891098840475e+01,6.605607867240905762e-01,6.595626473426818848e-01,1.000009059906005859e+00,9.995195269584655762e-01
1.233750000000000036e+01,7.751879872732814647e+01,5.875935554504394531e-01,5.893117785453796387e-01,1.000009179115295410e+00,9.995189309120178223e-01
1.234999999999999964e+01,7.759733854366788819e+01,3.327721357345581055e-01,3.345295786857604980e-01,1.000009298324584961e+00,9.995182156562805176e-01
1.236249999999999893e+01,7.767587836000762991e+01,2.569177746772766113e-01,2.557294666767120361e-01,1.000009298324584961e+00,9.995173811912536621e-01
1.237500000000000178e+01,7.775441817634738584e+01,4.462173879146575928e-01,4.440292716026306152e-01,1.000009298324584961e+00,9.995164871215820312e-01
1.238750000000000107e+01,7.783295799268712756e+01,5.150576233863830566e-01,5.157621502876281738e-01,1.000009298324584961e+00,9.995154142379760742e-01
1.240000000000000036e+01,7.791149780902686928e+01,2.638172209262847900e-01,2.662258446216583252e-01,1.000009417533874512e+00,9.995142817497253418e-01
1.241249999999999964e+01,7.799003762536661100e+01,7.899986952543258667e-02,7.864810526371002197e-02,1.000009298324584961e+00,9.995130896568298340e-01
1.242499999999999893e+01,7.806857744170635272e+01,2.461427599191665649e-01,2.436229735612869263e-01,1.000009298324584961e+00,9.995117187500000000e-01
1.243750000000000000e+01,7.814711725804610865e+01,3.832176923751831055e-01,3.833556175231933594e-01,1.000009417533874512e+00,9.995103478431701660e-01
1.245000000000000107e+01,7.822565707438585036e+01,1.472133398056030273e-01,1.497949212789535522e-01,1.000009417533874512e+00,9.995089173316955566e-01
1.246250000000000036e+01,7.830419689072559208e+01,-7.963146269321441650e-02,-7.967116683721542358e-02,1.000009536743164062e+00,9.995074868202209473e-01
1.247499999999999964e+01,7.838273670706533380e+01,7.869794219732284546e-02,7.607445120811462402e-02,1.000009536743164062e+00,9.995058774948120117e-01
1.248750000000000071e+01,7.846127652340508973e+01,2.344633042812347412e-01,2.344805002212524414e-01,1.000009536743164062e+00,9.995042681694030762e-01
1.250000000000000000e+01,7.853981633974483145e+01,-1.380016561597585678e-03,1.269601634703576565e-03,1.000009536743164062e+00,9.995027184486389160e-01
1.251249999999999929e+01,7.861835615608457317e+01,-2.344618290662765503e-01,-2.344805151224136353e-01,1.000009536743164062e+00,9.995011687278747559e-01
1.252500000000000036e+01,7.869689597242431489e+01,-7.594823092222213745e-02,-7.860569655895233154e-02,1.000009536743164062e+00,9.994995594024658203e-01
1.253749999999999964e+01,7.877543578876405661e+01,7.965442538261413574e-02,7.964659482240676880e-02,1.000009655952453613e+00,9.994980692863464355e-01
1.255000000000000071e+01,7.885397560510381254e+01,-1.499346196651458740e-01,-1.472876518964767456e-01,1.000009655952453613e+00,9.994965791702270508e-01
1.256250000000000000e+01,7.893251542144355426e+01,-3.833460211753845215e-01,-3.832346200942993164e-01,1.000009655952453613e+00,9.994950890541076660e-01
1.257499999999999929e+01,7.901105523778329598e+01,-2.434699386358261108e-01,-2.460832595825195312e-01,1.000009775161743164e+00,9.994936585426330566e-01
1.258749999999999858e+01,7.908959505412303770e+01,-7.864329963922500610e-02,-7.897889614105224609e-02,1.000009775161743164e+00,9.994924068450927734e-01
1.259999999999999964e+01,7.916813487046277942e+01,-2.663885056972503662e-01,-2.638601660728454590e-01,1.000009894371032715e+00,9.994911551475524902e-01
1.261250000000000071e+01,7.924667468680253535e+01,-5.157935619354248047e-01,-5.150809288024902344e-01,1.000009894371032715e+00,9.994900822639465332e-01
1.262500000000000000e+01,7.932521450314227707e+01,-4.438676536083221436e-01,-4.461922645568847656e-01,1.000010013580322266e+00,9.994888901710510254e-01
1.263749999999999929e+01,7.940375431948201879e+01,-2.556574344635009766e-01,-2.568956315517425537e-01,1.000010013580322266e+00,9.994880557060241699e-01
1.264999999999999858e+01,7.948229413582176051e+01,-3.346723020076751709e-01,-3.327811658382415771e-01,1.000009894371032715e+00,9.994871616363525391e-01
1.266250000000000142e+01,7.956083395216151644e+01,-5.894350409507751465e-01,-5.876122117042541504e-01,1.000010013580322266e+00,9.994863867759704590e-01
1.267500000000000071e+01,7.963937376850125816e+01,-6.594707369804382324e-01,-6.605641245841979980e-01,1.000010013580322266e+00,9.994857907295227051e-01
1.268750000000000000e+01,7.971791358484099987e+01,-5.053149461746215820e-01,-5.075340270996093750e-01,1.000010132789611816e+00,9.994852542877197266e-01
1.269999999999999929e+01,7.979645340118074159e+01,-4.168870747089385986e-01,-4.169875681400299072e-01,1.000010132789611816e+00,9.994847178459167480e-01
1.271249999999999858e+01,7.987499321752048331e+01,-5.513637661933898926e-01,-5.493444204330444336e-01,1.000010132789611816e+00,9.994843602180480957e-01
1.272500000000000142e+01,7.995353303386023924e+01,-7.479341626167297363e-01,-7.465464472770690918e-01,1.000010132789611816e+00,9.994840025901794434e-01
1.273750000000000071e+01,8.003207285019998096e+01,-7.943353056907653809e-01,-7.952129244804382324e-01,1.000010132789611816e+00,9.994837641716003418e-01
1.275000000000000000e+01,8.011061266653972268e+01,-6.907721161842346191e-01,-6.927240490913391113e-01,1.000010132789611816e+00,9.994835257530212402e-01
1.276249999999999929e+01,8.018915248287946440e+01,-5.999848842620849609e-01,-6.008467674255371094e-01,1.000010132789611816e+00,9.994833469390869141e-01
1.277500000000000036e+01,8.026769229921922033e+01,-6.360386013984680176e-01,-6.350811123847961426e-01,1.000010132789611816e+00,9.994831681251525879e-01
1.278749999999999964e+01,8.034623211555896205e+01,-7.664106488227844238e-01,-7.646958231925964355e-01,1.000010132789611816e+00,9.994829893112182617e-01
1.280000000000000071e+01,8.042477193189870377e+01,-8.839332461357116699e-01,-8.829518556594848633e-01,1.000010132789611816e+00,9.994829297065734863e-01
1.281250000000000000e+01,8.050331174823844549e+01,-9.193102717399597168e-01,-9.196839928627014160e-01,1.000010132789611816e+00,9.994828104972839355e-01
1.282499999999999929e+01,8.058185156457818721e+01,-8.815957903861999512e-01,-8.828782439231872559e-01,1.000010132789611816e+00,9.994828104972839355e-01
1.283750000000000036e+01,8.066039138091794314e+01,-8.239777684211730957e-01,-8.252786993980407715e-01,1.000010132789611816e+00,9.994827508926391602e-01
1.284999999999999964e+01,8.073893119725768486e+01,-7.928356528282165527e-01,-7.934954166412353516e-01,1.000010132789611816e+00,9.994827508926391602e-01
1.286249999999999893e+01,8.081747101359742658e+01,-8.031039237976074219e-01,-8.029603362083435059e-01,1.000010013580322266e+00,9.994827508926391602e-01
1.287500000000000000e+01,8.089601082993716830e+01,-8.434686064720153809e-01,-8.427434563636779785e-01,1.000010132789611816e+00,9.994827508926391602e-01
1.288750000000000107e+01,8.097455064627692423e+01,-8.936026096343994141e-01,-8.926489353179931641e-01,1.000010013580322266e+00,9.994826912879943848e-01
1.290000000000000036e+01,8.105309046261666595e+01,-9.375977516174316406e-01,-9.367039799690246582e-01,1.000010132789611816e+00,9.994827508926391602e-01
1.291249999999999964e+01,8.113163027895640766e+01,-9.685058593750000000e-01,-9.678206443786621094e-01,1.000010132789611816e+00,9.994827508926391602e-01
1.292499999999999893e+01,8.121017009529614938e+01,-9.865450859069824219e-01,-9.860962629318237305e-01,1.000010013580322266e+00,9.994826912879943848e-01
1.293749999999999822e+01,8.128870991163589110e+01,-9.953097105026245117e-01,-9.950556755065917969e-01,1.000010013580322266e+00,9.994826316833496094e-01
1.295000000000000107e+01,8.136724972797564703e+01,-9.987608790397644043e-01,-9.986382722854614258e-01,1.000010013580322266e+00,9.994826316833496094e-01
1.296250000000000036e+01,8.144578954431538875e+01,-9.997886419296264648e-01,-9.997406005859375000e-01,1.000010013580322266e+00,9.994826912879943848e-01
1.297499999999999964e+01,8.152432936065513047e+01,-9.999850988388061523e-01,-9.999719858169555664e-01,1.000010013580322266e+00,9.994826912879943848e-01
1.298749999999999893e+01,8.160286917699487219e+01,-9.999994039535522461e-01,-9.999979734420776367e-01,1.000010013580322266e+00,9.994827508926391602e-01
1.300000000000000178e+01,8.168140899333462812e+01,-9.999989271163940430e-01,-9.999991655349731445e-01,1.000010132789611816e+00,9.994826912879943848e-01
1.301250000000000107e+01,8.175994880967436984e+01,-9.999978542327880859e-01,-9.999995231628417969e-01,1.000010132789611816e+00,9.994826912879943848e-01
1.302500000000000036e+01,8.183848862601411156e+01,-9.999712109565734863e-01,-9.999846816062927246e-01,1.000010132789611816e+00,9.994826912879943848e-01
1.303749999999999964e+01,8.191702844235385328e+01,-9.997387528419494629e-01,-9.997867941856384277e-01,1.000010132789611816e+00,9.994826912879943848e-01
1.304999999999999893e+01,8.199556825869359500e+01,-9.986334443092346191e-01,-9.987563490867614746e-01,1.000010132789611816e+00,9.994827508926391602e-01
1.306250000000000178e+01,8.207410807503335093e+01,-9.950456619262695312e-01,-9.952998757362365723e-01,1.000010132789611816e+00,9.994826912879943848e-01
1.307500000000000107e+01,8.215264789137309265e+01,-9.860787987709045410e-01,-9.865274429321289062e-01,1.000010132789611816e+00,9.994827508926391602e-01
1.308750000000000036e+01,8.223118770771283437e+01,-9.677935838699340820e-01,-9.684781432151794434e-01,1.000010013580322266e+00,9.994826912879943848e-01
1.309999999999999964e+01,8.230972752405257609e+01,-9.366681575775146484e-01,-9.375607371330261230e-01,1.000010013580322266e+00,9.994827508926391602e-01
1.311249999999999893e+01,8.238826734039231781e+01,-8.926098346710205078e-01,-8.935618996620178223e-01,1.000010132789611816e+00,9.994827508926391602e-01
1.312500000000000000e+01,8.246680715673207374e+01,-8.427116274833679199e-01,-8.434360027313232422e-01,1.000010132789611816e+00,9.994828104972839355e-01
1.313750000000000107e+01,8.254534697307181546e+01,-8.029491305351257324e-01,-8.030949234962463379e-01,1.000010132789611816e+00,9.994828104972839355e-01
1.315000000000000036e+01,8.262388678941155717e+01,-7.935143113136291504e-01,-7.928606867790222168e-01,1.000010132789611816e+00,9.994828701019287109e-01
1.316249999999999964e+01,8.270242660575129889e+01,-8.253231048583984375e-01,-8.240315914154052734e-01,1.000010013580322266e+00,9.994828701019287109e-01
1.317500000000000071e+01,8.278096642209105482e+01,-8.829243779182434082e-01,-8.816519379615783691e-01,1.000010132789611816e+00,9.994828701019287109e-01
1.318750000000000000e+01,8.285950623843079654e+01,-9.196994304656982422e-01,-9.193300008773803711e-01,1.000010013580322266e+00,9.994828104972839355e-01
1.319999999999999929e+01,8.293804605477053826e+01,-8.829174637794494629e-01,-8.838942050933837891e-01,1.000010132789611816e+00,9.994827508926391602e-01
1.321250000000000036e+01,8.301658587111027998e+01,-7.646311521530151367e-01,-7.663371562957763672e-01,1.000010132789611816e+00,9.994827508926391602e-01
1.322499999999999964e+01,8.309512568745002170e+01,-6.350400447845458984e-01,-6.359941959381103516e-01,1.000010132789611816e+00,9.994826912879943848e-01
1.323750000000000071e+01,8.317366550378977763e+01,-6.008712649345397949e-01,-6.000176072120666504e-01,1.000010132789611816e+00,9.994825720787048340e-01
1.325000000000000000e+01,8.325220532012951935e+01,-6.927935481071472168e-01,-6.908550858497619629e-01,1.000010013580322266e+00,9.994823932647705078e-01
1.326249999999999929e+01,8.333074513646926107e+01,-7.952473163604736328e-01,-7.943770885467529297e-01,1.000010013580322266e+00,9.994820356369018555e-01
1.327499999999999858e+01,8.340928495280900279e+01,-7.464945316314697266e-01,-7.478824853897094727e-01,1.000010132789611816e+00,9.994818568229675293e-01
1.328750000000000142e+01,8.348782476914875872e+01,-5.492625236511230469e-01,-5.512809157371520996e-01,1.000010132789611816e+00,9.994815587997436523e-01
1.330000000000000071e+01,8.356636458548850044e+01,-4.169842898845672607e-01,-4.168838262557983398e-01,1.000010132789611816e+00,9.994811415672302246e-01
1.331250000000000000e+01,8.364490440182824216e+01,-5.076210498809814453e-01,-5.053978562355041504e-01,1.000010251998901367e+00,9.994806051254272461e-01
1.332499999999999929e+01,8.372344421816798388e+01,-6.606137752532958984e-01,-6.595179438591003418e-01,1.000010251998901367e+00,9.994800090789794922e-01
1.333749999999999858e+01,8.380198403450772560e+01,-5.875337719917297363e-01,-5.893766880035400391e-01,1.000010251998901367e+00,9.994793534278869629e-01
1.335000000000000142e+01,8.388052385084748153e+01,-3.326885700225830078e-01,-3.346045017242431641e-01,1.000010371208190918e+00,9.994785785675048828e-01
1.336250000000000071e+01,8.395906366718722325e+01,-2.569484114646911621e-01,-2.556891739368438721e-01,1.000010371208190918e+00,9.994776844978332520e-01
1.337500000000000000e+01,8.403760348352696496e+01,-4.463097155094146729e-01,-4.439409077167510986e-01,1.000010371208190918e+00,9.994767308235168457e-01
1.338749999999999929e+01,8.411614329986670668e+01,-5.150480866432189941e-01,-5.157828330993652344e-01,1.000010490417480469e+00,9.994757175445556641e-01
1.339999999999999858e+01,8.419468311620644840e+01,-2.637162506580352783e-01,-2.663208842277526855e-01,1.000010490417480469e+00,9.994745850563049316e-01
1.341250000000000142e+01,8.427322293254620433e+01,-7.899014651775360107e-02,-7.864221930503845215e-02,1.000010490417480469e+00,9.994734525680541992e-01
1.342500000000000071e+01,8.435176274888594605e+01,-2.462451159954071045e-01,-2.435259819030761719e-01,1.000010609626770020e+00,9.994720816612243652e-01
1.343750000000000000e+01,8.443030256522568777e+01,-3.832331597805023193e-01,-3.833541572093963623e-01,1.000010609626770020e+00,9.994708299636840820e-01
1.344999999999999929e+01,8.450884238156542949e+01,-1.471058875322341919e-01,-1.498942077159881592e-01,1.000010490417480469e+00,9.994693398475646973e-01
1.346250000000000036e+01,8.458738219790518542e+01,7.965242117643356323e-02,7.966508716344833374e-02,1.000010490417480469e+00,9.994679093360900879e-01
1.347499999999999964e+01,8.466592201424492714e+01,-7.880430668592453003e-02,-7.597397267818450928e-02,1.000010609626770020e+00,9.994664192199707031e-01
1.348750000000000071e+01,8.474446183058466886e+01,-2.344876527786254883e-01,-2.344724237918853760e-01,1.000010490417480469e+00,9.994648694992065430e-01
1.350000000000000000e+01,8.482300164692441058e+01,1.488562091253697872e-03,-1.370235579088330269e-03,1.000010609626770020e+00,9.994632005691528320e-01
1.351249999999999929e+01,8.490154146326415230e+01,2.344877421855926514e-01,2.344717383384704590e-01,1.000010609626770020e+00,9.994617104530334473e-01
1.352500000000000036e+01,8.498008127960390823e+01,7.583665102720260620e-02,7.870577275753021240e-02,1.000010609626770020e+00,9.994601011276245117e-01
1.353749999999999964e+01,8.505862109594364995e+01,-7.968072593212127686e-02,-7.963716238737106323e-02,1.000010490417480469e+00,9.994586110115051270e-01
1.354999999999999893e+01,8.513716091228339167e+01,1.500448882579803467e-01,1.471888571977615356e-01,1.000010609626770020e+00,9.994570612907409668e-01
1.356250000000000000e+01,8.521570072862313339e+01,3.833719193935394287e-01,3.832228779792785645e-01,1.000010728836059570e+00,9.994556903839111328e-01
1.357500000000000107e+01,8.529424054496288932e+01,2.433617413043975830e-01,2.461811006069183350e-01,1.000010728836059570e+00,9.994543790817260742e-01
1.358750000000000036e+01,8.537278036130263104e+01,7.860634475946426392e-02,7.899916917085647583e-02,1.000010728836059570e+00,9.994530081748962402e-01
1.359999999999999964e+01,8.545132017764237276e+01,2.664895653724670410e-01,2.637672722339630127e-01,1.000010728836059570e+00,9.994518160820007324e-01
1.361249999999999893e+01,8.552985999398211447e+01,5.158435106277465820e-01,5.150473117828369141e-01,1.000010728836059570e+00,9.994506239891052246e-01
1.362499999999999822e+01,8.560839981032185619e+01,4.437738955020904541e-01,4.462761580944061279e-01,1.000010848045349121e+00,9.994496107101440430e-01
1.363750000000000107e+01,8.568693962666161212e+01,2.555854320526123047e-01,2.569485604763031006e-01,1.000010728836059570e+00,9.994487166404724121e-01
1.365000000000000036e+01,8.576547944300135384e+01,3.347402811050415039e-01,3.327170610427856445e-01,1.000010728836059570e+00,9.994478821754455566e-01
1.366249999999999964e+01,8.584401925934109556e+01,5.895216464996337891e-01,5.875418186187744141e-01,1.000010728836059570e+00,9.994471073150634766e-01
1.367499999999999893e+01,8.592255907568083728e+01,6.594370603561401367e-01,6.605983376502990723e-01,1.000010728836059570e+00,9.994465112686157227e-01
1.368750000000000178e+01,8.600109889202059321e+01,5.052149295806884766e-01,5.076165795326232910e-01,1.000010848045349121e+00,9.994459748268127441e-01
1.370000000000000107e+01,8.607963870836033493e+01,4.168643057346343994e-01,4.169980883598327637e-01,1.000010848045349121e+00,9.994454979896545410e-01
1.371250000000000036e+01,8.615817852470007665e+01,5.514416098594665527e-01,5.492741465568542480e-01,1.000010967254638672e+00,9.994450807571411133e-01
1.372499999999999964e+01,8.623671834103981837e+01,7.480006814002990723e-01,7.464926242828369141e-01,1.000010967254638672e+00,9.994447231292724609e-01
1.373749999999999893e+01,8.631525815737956009e+01,7.943083643913269043e-01,7.952404618263244629e-01,1.000010967254638672e+00,9.994444251060485840e-01
1.375000000000000000e+01,8.639379797371931602e+01,6.906883716583251953e-01,6.927960515022277832e-01,1.000010967254638672e+00,9.994442462921142578e-01
1.376250000000000107e+01,8.647233779005905774e+01,5.999341011047363281e-01,6.008836627006530762e-01,1.000010967254638672e+00,9.994441270828247070e-01
1.377500000000000036e+01,8.655087760639879946e+01,6.360646486282348633e-01,6.350513100624084473e-01,1.000010967254638672e+00,9.994439482688903809e-01
1.378749999999999964e+01,8.662941742273854118e+01,7.664781212806701660e-01,7.646343111991882324e-01,1.000010967254638672e+00,9.994438290596008301e-01
1.380000000000000071e+01,8.670795723907829711e+01,8.839799165725708008e-01,8.829132914543151855e-01,1.000011086463928223e+00,9.994437694549560547e-01
1.381250000000000000e+01,8.678649705541803883e+01,9.193022251129150391e-01,9.196944236755371094e-01,1.000010967254638672e+00,9.994436502456665039e-01
1.382499999999999929e+01,8.686503687175778055e+01,8.815435171127319336e-01,8.829244375228881836e-01,1.000010967254638672e+00,9.994436502456665039e-01
1.383750000000000036e+01,8.694357668809752226e+01,8.239168524742126465e-01,8.253293633460998535e-01,1.000010967254638672e+00,9.994435906410217285e-01
1.384999999999999964e+01,8.702211650443726398e+01,7.927968502044677734e-01,7.935245037078857422e-01,1.000010967254638672e+00,9.994435310363769531e-01
1.386250000000000071e+01,8.710065632077701991e+01,8.030979633331298828e-01,8.029600977897644043e-01,1.000010967254638672e+00,9.994434714317321777e-01
1.387500000000000000e+01,8.717919613711676163e+01,8.434892296791076660e-01,8.427207469940185547e-01,1.000010967254638672e+00,9.994435310363769531e-01
1.388749999999999929e+01,8.725773595345650335e+01,8.936361670494079590e-01,8.926163315773010254e-01,1.000010967254638672e+00,9.994434118270874023e-01
1.389999999999999858e+01,8.733627576979624507e+01,9.376324415206909180e-01,9.366716742515563965e-01,1.000010967254638672e+00,9.994434714317321777e-01
1.391249999999999964e+01,8.741481558613598679e+01,9.685339927673339844e-01,9.677952527999877930e-01,1.000010967254638672e+00,9.994434118270874023e-01
1.392500000000000071e+01,8.749335540247574272e+01,9.865642189979553223e-01,9.860792756080627441e-01,1.000010967254638672e+00,9.994435310363769531e-01
1.393750000000000000e+01,8.757189521881548444e+01,9.953208565711975098e-01,9.950457811355590820e-01,1.000010967254638672e+00,9.994435310363769531e-01
1.394999999999999929e+01,8.765043503515522616e+01,9.987663626670837402e-01,9.986333847045898438e-01,1.000010967254638672e+00,9.994435310363769531e-01
1.396249999999999858e+01,8.772897485149496788e+01,9.997906684875488281e-01,9.997385144233703613e-01,1.000010967254638672e+00,9.994434714317321777e-01
1.397500000000000142e+01,8.780751466783472381e+01,9.999855756759643555e-01,9.999712109565734863e-01,1.000010967254638672e+00,9.994434714317321777e-01
1.398750000000000071e+01,8.788605448417446553e+01,9.999994039535522461e-01,9.999977946281433105e-01,1.000010967254638672e+00,9.994434118270874023e-01
1.400000000000000000e+01,8.796459430051420725e+01,9.999986886978149414e-01,9.999989867210388184e-01,1.000010967254638672e+00,9.994433522224426270e-01
1.401249999999999929e+01,8.804313411685394897e+01,9.999976158142089844e-01,9.999993443489074707e-01,1.000010967254638672e+00,9.994433522224426270e-01
1.402499999999999858e+01,8.812167393319369069e+01,9.999704957008361816e-01,9.999850392341613770e-01,1.000010848045349121e+00,9.994434118270874023e-01
1.403750000000000142e+01,8.820021374953344662e+01,9.997362494468688965e-01,9.997885823249816895e-01,1.000010967254638672e+00,9.994433522224426270e-01
1.405000000000000071e+01,8.827875356587318834e+01,9.986276030540466309e-01,9.987609386444091797e-01,1.000010967254638672e+00,9.994432926177978516e-01
1.406250000000000000e+01,8.835729338221293006e+01,9.950342178344726562e-01,9.953095316886901855e-01,1.000010967254638672e+00,9.994434118270874023e-01
1.407499999999999929e+01,8.843583319855267177e+01,9.860591888427734375e-01,9.865440726280212402e-01,1.000010967254638672e+00,9.994433522224426270e-01
1.408750000000000036e+01,8.851437301489242770e+01,9.677652120590209961e-01,9.685031771659851074e-01,1.000010848045349121e+00,9.994433522224426270e-01
1.410000000000000142e+01,8.859291283123216942e+01,9.366334080696105957e-01,9.375927448272705078e-01,1.000010967254638672e+00,9.994433522224426270e-01
1.411250000000000071e+01,8.867145264757191114e+01,8.925759792327880859e-01,8.935946226119995117e-01,1.000010848045349121e+00,9.994434118270874023e-01
1.412500000000000000e+01,8.874999246391165286e+01,8.426908254623413086e-01,8.434589505195617676e-01,1.000010848045349121e+00,9.994434118270874023e-01
1.413749999999999929e+01,8.882853228025139458e+01,8.029554486274719238e-01,8.030953407287597656e-01,1.000010728836059570e+00,9.994434118270874023e-01
1.415000000000000036e+01,8.890707209659115051e+01,7.935532331466674805e-01,7.928315997123718262e-01,1.000010728836059570e+00,9.994434118270874023e-01
1.416249999999999964e+01,8.898561191293089223e+01,8.253837227821350098e-01,8.239808082580566406e-01,1.000010848045349121e+00,9.994432926177978516e-01
1.417500000000000071e+01,8.906415172927063395e+01,8.829764127731323242e-01,8.816049098968505859e-01,1.000010728836059570e+00,9.994431734085083008e-01
1.418750000000000000e+01,8.914269154561037567e+01,9.197068810462951660e-01,9.193188548088073730e-01,1.000010728836059570e+00,9.994431734085083008e-01
1.419999999999999929e+01,8.922123136195011739e+01,8.828701376914978027e-01,8.839329481124877930e-01,1.000010728836059570e+00,9.994431138038635254e-01
1.421250000000000036e+01,8.929977117828987332e+01,7.645629048347473145e-01,7.663996815681457520e-01,1.000010728836059570e+00,9.994429945945739746e-01
1.422499999999999964e+01,8.937831099462961504e+01,6.350131630897521973e-01,6.360247731208801270e-01,1.000010728836059570e+00,9.994428753852844238e-01
1.423749999999999893e+01,8.945685081096935676e+01,6.009215712547302246e-01,5.999799370765686035e-01,1.000010728836059570e+00,9.994427561759948730e-01
1.425000000000000000e+01,8.953539062730909848e+01,6.928774714469909668e-01,6.907808184623718262e-01,1.000010728836059570e+00,9.994426965713500977e-01
1.426250000000000107e+01,8.961393044364885441e+01,7.952744364738464355e-01,7.943474054336547852e-01,1.000010728836059570e+00,9.994423985481262207e-01
1.427500000000000036e+01,8.969247025998859613e+01,7.464278936386108398e-01,7.479374408721923828e-01,1.000010728836059570e+00,9.994421601295471191e-01
1.428749999999999964e+01,8.977101007632833785e+01,5.491839051246643066e-01,5.513548254966735840e-01,1.000010728836059570e+00,9.994418025016784668e-01
1.429999999999999893e+01,8.984954989266807956e+01,4.170063436031341553e-01,4.168744385242462158e-01,1.000010609626770020e+00,9.994414448738098145e-01
1.431249999999999822e+01,8.992808970900782128e+01,5.077207684516906738e-01,5.053122043609619141e-01,1.000010728836059570e+00,9.994408488273620605e-01
1.432500000000000107e+01,9.000662952534757721e+01,6.606464385986328125e-01,6.594808101654052734e-01,1.000010728836059570e+00,9.994403123855590820e-01
1.433750000000000036e+01,9.008516934168731893e+01,5.874490737915039062e-01,5.894476771354675293e-01,1.000010728836059570e+00,9.994396567344665527e-01
1.434999999999999964e+01,9.016370915802706065e+01,3.326223194599151611e-01,3.346707522869110107e-01,1.000010728836059570e+00,9.994388818740844727e-01
1.436249999999999893e+01,9.024224897436680237e+01,2.570167183876037598e-01,2.556371390819549561e-01,1.000010728836059570e+00,9.994380474090576172e-01
1.437500000000000178e+01,9.032078879070655830e+01,4.463998675346374512e-01,4.438557624816894531e-01,1.000010848045349121e+00,9.994371533393859863e-01
1.438750000000000107e+01,9.039932860704630002e+01,5.150006413459777832e-01,5.158157348632812500e-01,1.000010848045349121e+00,9.994360804557800293e-01
1.440000000000000036e+01,9.047786842338604174e+01,2.636188864707946777e-01,2.664147019386291504e-01,1.000010848045349121e+00,9.994349479675292969e-01
1.441249999999999964e+01,9.055640823972578346e+01,7.902465760707855225e-02,7.862216979265213013e-02,1.000010967254638672e+00,9.994337558746337891e-01
1.442499999999999893e+01,9.063494805606552518e+01,2.463496029376983643e-01,2.434260994195938110e-01,1.000010848045349121e+00,9.994324445724487305e-01
1.443750000000000000e+01,9.071348787240528111e+01,3.832114636898040771e-01,3.833644390106201172e-01,1.000010967254638672e+00,9.994310736656188965e-01
1.445000000000000107e+01,9.079202768874502283e+01,1.469994485378265381e-01,1.499962657690048218e-01,1.000010967254638672e+00,9.994296431541442871e-01
1.446250000000000036e+01,9.087056750508476455e+01,-7.963341474533081055e-02,-7.967163622379302979e-02,1.000010967254638672e+00,9.994281530380249023e-01
1.447499999999999964e+01,9.094910732142450627e+01,7.891322672367095947e-02,7.587067782878875732e-02,1.000010967254638672e+00,9.994266629219055176e-01
1.448750000000000071e+01,9.102764713776426220e+01,2.344695329666137695e-01,2.344784438610076904e-01,1.000010967254638672e+00,9.994251132011413574e-01
1.450000000000000000e+01,9.110618695410400392e+01,-1.594562083482742310e-03,1.473326236009597778e-03,1.000010967254638672e+00,9.994235634803771973e-01
1.451249999999999929e+01,9.118472677044374564e+01,-2.344711273908615112e-01,-2.344788759946823120e-01,1.000010967254638672e+00,9.994219541549682617e-01
1.452500000000000036e+01,9.126326658678348736e+01,-7.573278993368148804e-02,-7.880890369415283203e-02,1.000010967254638672e+00,9.994204640388488770e-01
1.453749999999999964e+01,9.134180640312322907e+01,7.966759055852890015e-02,7.964405417442321777e-02,1.000010967254638672e+00,9.994188547134399414e-01
1.455000000000000071e+01,9.142034621946298500e+01,-1.501499116420745850e-01,-1.470855325460433960e-01,1.000010967254638672e+00,9.994174242019653320e-01
1.456250000000000000e+01,9.149888603580272672e+01,-3.833661377429962158e-01,-3.832246661186218262e-01,1.000010967254638672e+00,9.994160532951354980e-01
1.457499999999999929e+01,9.157742585214246844e+01,-2.432585209608078003e-01,-2.462819069623947144e-01,1.000010967254638672e+00,9.994146227836608887e-01
1.458749999999999858e+01,9.165596566848221016e+01,-7.860463857650756836e-02,-7.900601625442504883e-02,1.000010967254638672e+00,9.994133114814758301e-01
1.460000000000000142e+01,9.173450548482196609e+01,-2.665888667106628418e-01,-2.636698186397552490e-01,1.000010967254638672e+00,9.994121193885803223e-01
1.461250000000000071e+01,9.181304530116170781e+01,-5.158626437187194824e-01,-5.150251388549804688e-01,1.000010848045349121e+00,9.994109272956848145e-01
1.462500000000000000e+01,9.189158511750144953e+01,-4.436837136745452881e-01,-4.463650882244110107e-01,1.000010967254638672e+00,9.994099140167236328e-01
1.463749999999999929e+01,9.197012493384119125e+01,-2.555441558361053467e-01,-2.569897472858428955e-01,1.000011086463928223e+00,9.994089007377624512e-01
1.464999999999999858e+01,9.204866475018093297e+01,-3.348172903060913086e-01,-3.326417207717895508e-01,1.000011086463928223e+00,9.994081854820251465e-01
1.466250000000000142e+01,9.212720456652068890e+01,-5.895892381668090820e-01,-5.874758958816528320e-01,1.000011205673217773e+00,9.994074106216430664e-01
1.467500000000000071e+01,9.220574438286043062e+01,-6.593909859657287598e-01,-6.606438755989074707e-01,1.000011205673217773e+00,9.994067549705505371e-01
1.468750000000000000e+01,9.228428419920017234e+01,-5.051311850547790527e-01,-5.076988935470581055e-01,1.000011205673217773e+00,9.994061589241027832e-01
1.469999999999999929e+01,9.236282401553991406e+01,-4.168658852577209473e-01,-4.169958233833312988e-01,1.000011324882507324e+00,9.994056820869445801e-01
1.471249999999999858e+01,9.244136383187965578e+01,-5.515224337577819824e-01,-5.491944551467895508e-01,1.000011324882507324e+00,9.994052648544311523e-01
1.472500000000000142e+01,9.251990364821941171e+01,-7.480526566505432129e-01,-7.464423179626464844e-01,1.000011205673217773e+00,9.994049072265625000e-01
1.473750000000000071e+01,9.259844346455915343e+01,-7.942698597908020020e-01,-7.952767610549926758e-01,1.000011205673217773e+00,9.994046688079833984e-01
1.475000000000000000e+01,9.267698328089889515e+01,-6.906126737594604492e-01,-6.928691864013671875e-01,1.000011324882507324e+00,9.994044303894042969e-01
1.476249999999999929e+01,9.275552309723863686e+01,-5.999059081077575684e-01,-6.009122133255004883e-01,1.000011324882507324e+00,9.994042515754699707e-01
1.477500000000000036e+01,9.283406291357839279e+01,-6.361067891120910645e-01,-6.350113153457641602e-01,1.000011324882507324e+00,9.994040727615356445e-01
1.478749999999999964e+01,9.291260272991813451e+01,-7.665462493896484375e-01,-7.645685672760009766e-01,1.000011324882507324e+00,9.994039535522460938e-01
1.480000000000000071e+01,9.299114254625787623e+01,-8.840156197547912598e-01,-8.828777074813842773e-01,1.000011324882507324e+00,9.994037747383117676e-01
1.481250000000000000e+01,9.306968236259761795e+01,-9.192847609519958496e-01,-9.197101593017578125e-01,1.000011205673217773e+00,9.994037747383117676e-01
1.482499999999999929e+01,9.314822217893735967e+01,-8.814928531646728516e-01,-8.829729557037353516e-01,1.000011205673217773e+00,9.994037151336669922e-01
1.483750000000000036e+01,9.322676199527711560e+01,-8.238678574562072754e-01,-8.253763914108276367e-01,1.000011205673217773e+00,9.994036555290222168e-01
1.484999999999999964e+01,9.330530181161685732e+01,-7.927747368812561035e-01,-7.935462594032287598e-01,1.000011324882507324e+00,9.994035959243774414e-01
1.486249999999999893e+01,9.338384162795659904e+01,-8.031077980995178223e-01,-8.029515743255615234e-01,1.000011324882507324e+00,9.994035959243774414e-01
1.487500000000000000e+01,9.346238144429634076e+01,-8.435208797454833984e-01,-8.426910638809204102e-01,1.000011324882507324e+00,9.994036555290222168e-01
1.488750000000000107e+01,9.354092126063609669e+01,-8.936757445335388184e-01,-8.925789594650268555e-01,1.000011205673217773e+00,9.994035959243774414e-01
1.490000000000000036e+01,9.361946107697583841e+01,-9.376681447029113770e-01,-9.366374611854553223e-01,1.000011205673217773e+00,9.994035959243774414e-01
1.491249999999999964e+01,9.369800089331558013e+01,-9.685607552528381348e-01,-9.677692651748657227e-01,1.000011205673217773e+00,9.994035363197326660e-01
1.492499999999999893e+01,9.377654070965532185e+01,-9.865816235542297363e-01,-9.860624074935913086e-01,1.000011086463928223e+00,9.994035363197326660e-01
1.493749999999999822e+01,9.385508052599506357e+01,-9.953306317329406738e-01,-9.950363636016845703e-01,1.000011205673217773e+00,9.994035363197326660e-01
1.495000000000000107e+01,9.393362034233481950e+01,-9.987708926200866699e-01,-9.986286759376525879e-01,1.000011205673217773e+00,9.994035363197326660e-01
1.496250000000000036e+01,9.401216015867456122e+01,-9.997923970222473145e-01,-9.997366666793823242e-01,1.000011324882507324e+00,9.994035363197326660e-01
1.497499999999999964e+01,9.409069997501430294e+01,-9.999858140945434570e-01,-9.999707341194152832e-01,1.000011324882507324e+00,9.994034767150878906e-01
1.498749999999999893e+01,9.416923979135404466e+01,-9.999992847442626953e-01,-9.999975562095642090e-01,1.000011205673217773e+00,9.994035363197326660e-01
1.499999999999999822e+01,9.424777960769378637e+01,-9.999985694885253906e-01,-9.999988675117492676e-01,1.000011324882507324e+00,9.994034767150878906e-01
1.501250000000000107e+01,9.432631942403354230e+01,-9.999973773956298828e-01,-9.999994039535522461e-01,1.000011324882507324e+00,9.994034767150878906e-01
1.502500000000000036e+01,9.440485924037328402e+01,-9.999697804450988770e-01,-9.999854564666748047e-01,1.000011324882507324e+00,9.994034767150878906e-01
1.503749999999999964e+01,9.448339905671302574e+01,-9.997342824935913086e-01,-9.997902512550354004e-01,1.000011324882507324e+00,9.994035363197326660e-01
1.504999999999999893e+01,9.456193887305276746e+01,-9.986228346824645996e-01,-9.987652301788330078e-01,1.000011324882507324e+00,9.994035959243774414e-01
1.506250000000000178e+01,9.464047868939252339e+01,-9.950243234634399414e-01,-9.953188300132751465e-01,1.000011324882507324e+00,9.994036555290222168e-01
1.507500000000000107e+01,9.471901850573226511e+01,-9.860416650772094727e-01,-9.865608215332031250e-01,1.000011324882507324e+00,9.994035959243774414e-01
1.508750000000000036e+01,9.479755832207200683e+01,-9.677376747131347656e-01,-9.685289859771728516e-01,1.000011324882507324e+00,9.994035959243774414e-01
1.509999999999999964e+01,9.487609813841174855e+01,-9.365969300270080566e-01,-9.376266598701477051e-01,1.000011205673217773e+00,9.994035959243774414e-01
1.511249999999999893e+01,9.495463795475149027e+01,-8.925364017486572266e-01,-8.936313390731811523e-01,1.000011205673217773e+00,9.994035363197326660e-01
1.512500000000000000e+01,9.503317777109124620e+01,-8.426589965820312500e-01,-8.434878587722778320e-01,1.000011324882507324e+00,9.994035363197326660e-01
1.513750000000000107e+01,9.511171758743098792e+01,-8.029452562332153320e-01,-8.031031489372253418e-01,1.000011205673217773e+00,9.994034767150878906e-01
1.515000000000000036e+01,9.519025740377072964e+01,-7.935749292373657227e-01,-7.928093075752258301e-01,1.000011205673217773e+00,9.994034767150878906e-01
1.516249999999999964e+01,9.526879722011047136e+01,-8.254320025444030762e-01,-8.239335417747497559e-01,1.000011205673217773e+00,9.994034767150878906e-01
1.517500000000000071e+01,9.534733703645022729e+01,-8.830270171165466309e-01,-8.815568685531616211e-01,1.000011205673217773e+00,9.994034171104431152e-01
1.518750000000000000e+01,9.542587685278996901e+01,-9.197241067886352539e-01,-9.193034768104553223e-01,1.000011205673217773e+00,9.994034171104431152e-01
1.519999999999999929e+01,9.550441666912971073e+01,-8.828337192535400391e-01,-8.839678168296813965e-01,1.000011086463928223e+00,9.994034767150878906e-01
1.521250000000000036e+01,9.558295648546945245e+01,-7.644947171211242676e-01,-7.664636373519897461e-01,1.000011205673217773e+00,9.994033575057983398e-01
1.522499999999999964e+01,9.566149630180919416e+01,-6.349709630012512207e-01,-6.360630989074707031e-01,1.000011205673217773e+00,9.994032382965087891e-01
1.523750000000000071e+01,9.574003611814895010e+01,-6.009501218795776367e-01,-5.999513864517211914e-01,1.000011205673217773e+00,9.994030594825744629e-01
1.525000000000000000e+01,9.581857593448869181e+01,-6.929528117179870605e-01,-6.907096505165100098e-01,1.000011205673217773e+00,9.994028210639953613e-01
1.526249999999999929e+01,9.589711575082843353e+01,-7.953119874000549316e-01,-7.943129539489746094e-01,1.000011086463928223e+00,9.994025826454162598e-01
1.527499999999999858e+01,9.597565556716817525e+01,-7.463776469230651855e-01,-7.479863166809082031e-01,1.000011205673217773e+00,9.994022846221923828e-01
1.528750000000000142e+01,9.605419538350793118e+01,-5.491015911102294922e-01,-5.514297485351562500e-01,1.000011205673217773e+00,9.994018673896789551e-01
1.530000000000000071e+01,9.613273519984767290e+01,-4.170015156269073486e-01,-4.168744683265686035e-01,1.000011324882507324e+00,9.994014501571655273e-01
1.531250000000000000e+01,9.621127501618741462e+01,-5.078057050704956055e-01,-5.052326321601867676e-01,1.000011205673217773e+00,9.994009137153625488e-01
1.532499999999999929e+01,9.628981483252715634e+01,-6.606947779655456543e-01,-6.594384908676147461e-01,1.000011205673217773e+00,9.994003176689147949e-01
1.533749999999999858e+01,9.636835464886689806e+01,-5.873785614967346191e-01,-5.895128846168518066e-01,1.000011205673217773e+00,9.993996620178222656e-01
1.535000000000000142e+01,9.644689446520665399e+01,-3.325415551662445068e-01,-3.347428143024444580e-01,1.000011205673217773e+00,9.993989467620849609e-01
1.536250000000000071e+01,9.652543428154639571e+01,-2.570603787899017334e-01,-2.555940449237823486e-01,1.000011205673217773e+00,9.993981719017028809e-01
1.537500000000000000e+01,9.660397409788613743e+01,-4.464977383613586426e-01,-4.437680542469024658e-01,1.000011324882507324e+00,9.993971586227416992e-01
1.538749999999999929e+01,9.668251391422587915e+01,-5.149766206741333008e-01,-5.158393979072570801e-01,1.000011205673217773e+00,9.993961453437805176e-01
1.540000000000000036e+01,9.676105373056563508e+01,-2.635107934474945068e-01,-2.665107846260070801e-01,1.000011205673217773e+00,9.993950724601745605e-01
1.541250000000000142e+01,9.683959354690537680e+01,-7.903420180082321167e-02,-7.861355692148208618e-02,1.000011205673217773e+00,9.993938207626342773e-01
1.542500000000000071e+01,9.691813336324511852e+01,-2.464593946933746338e-01,-2.433274537324905396e-01,1.000011205673217773e+00,9.993924498558044434e-01
1.543750000000000000e+01,9.699667317958486024e+01,-3.832095563411712646e-01,-3.833650052547454834e-01,1.000011205673217773e+00,9.993910789489746094e-01
1.544999999999999929e+01,9.707521299592460196e+01,-1.468901038169860840e-01,-1.500957161188125610e-01,1.000011205673217773e+00,9.993895888328552246e-01
1.546250000000000036e+01,9.715375281226435789e+01,7.963643968105316162e-02,7.966883480548858643e-02,1.000011444091796875e+00,9.993881583213806152e-01
1.547499999999999964e+01,9.723229262860409960e+01,-7.902365177869796753e-02,-7.577078044414520264e-02,1.000011324882507324e+00,9.993864893913269043e-01
1.548750000000000071e+01,9.731083244494384132e+01,-2.344711422920227051e-01,-2.344752699136734009e-01,1.000011324882507324e+00,9.993849396705627441e-01
1.550000000000000000e+01,9.738937226128358304e+01,1.706982729956507683e-03,-1.574291964061558247e-03,1.000011324882507324e+00,9.993833303451538086e-01
1.551249999999999929e+01,9.746791207762332476e+01,2.344698309898376465e-01,2.344753593206405640e-01,1.000011324882507324e+00,9.993817806243896484e-01
1.552500000000000036e+01,9.754645189396308069e+01,7.562216371297836304e-02,7.890947163105010986e-02,1.000011324882507324e+00,9.993802309036254883e-01
1.553749999999999964e+01,9.762499171030282241e+01,-7.966577261686325073e-02,-7.963867485523223877e-02,1.000011324882507324e+00,9.993786811828613281e-01
1.554999999999999893e+01,9.770353152664256413e+01,1.502569168806076050e-01,1.469870060682296753e-01,1.000011324882507324e+00,9.993772506713867188e-01
1.556250000000000000e+01,9.778207134298230585e+01,3.833690285682678223e-01,3.832153975963592529e-01,1.000011444091796875e+00,9.993758201599121094e-01
1.557500000000000107e+01,9.786061115932206178e+01,2.431534528732299805e-01,2.463781535625457764e-01,1.000011444091796875e+00,9.993743896484375000e-01
1.558750000000000036e+01,9.793915097566180350e+01,7.859267294406890869e-02,7.902316004037857056e-02,1.000011444091796875e+00,9.993730783462524414e-01
1.559999999999999964e+01,9.801769079200154522e+01,2.666907906532287598e-01,2.635775804519653320e-01,1.000011563301086426e+00,9.993717670440673828e-01
1.561249999999999893e+01,9.809623060834128694e+01,5.158876180648803711e-01,5.149950385093688965e-01,1.000011682510375977e+00,9.993706941604614258e-01
1.562499999999999822e+01,9.817477042468102866e+01,4.435912668704986572e-01,4.464499652385711670e-01,1.000011682510375977e+00,9.993696808815002441e-01
1.563750000000000107e+01,9.825331024102078459e+01,2.555003464221954346e-01,2.570393979549407959e-01,1.000011682510375977e+00,9.993687868118286133e-01
1.565000000000000036e+01,9.833185005736052631e+01,3.348921239376068115e-01,3.325745165348052979e-01,1.000011682510375977e+00,9.993678927421569824e-01
1.566249999999999964e+01,9.841038987370026803e+01,5.896571874618530273e-01,5.874060988426208496e-01,1.000011801719665527e+00,9.993671178817749023e-01
1.567499999999999893e+01,9.848892969004000975e+01,6.593465209007263184e-01,6.606808304786682129e-01,1.000011682510375977e+00,9.993665218353271484e-01
1.568750000000000178e+01,9.856746950637976568e+01,5.050475001335144043e-01,5.077816247940063477e-01,1.000011801719665527e+00,9.993659853935241699e-01
1.570000000000000107e+01,9.864600932271950740e+01,4.168660640716552734e-01,4.170043766498565674e-01,1.000011801719665527e+00,9.993654489517211914e-01
1.571250000000000036e+01,9.872454913905924911e+01,5.515998005867004395e-01,5.491231679916381836e-01,1.000011920928955078e+00,9.993650913238525391e-01
1.572499999999999964e+01,9.880308895539899083e+01,7.481030225753784180e-01,7.463895082473754883e-01,1.000011801719665527e+00,9.993647336959838867e-01
1.573749999999999893e+01,9.888162877173873255e+01,7.942357659339904785e-01,7.953054308891296387e-01,1.000011920928955078e+00,9.993644356727600098e-01
1.575000000000000000e+01,9.896016858807848848e+01,6.905388832092285156e-01,6.929401159286499023e-01,1.000011801719665527e+00,9.993642568588256836e-01
1.576250000000000107e+01,9.903870840441823020e+01,5.998752713203430176e-01,6.009470224380493164e-01,1.000011920928955078e+00,9.993640780448913574e-01
1.577500000000000036e+01,9.911724822075797192e+01,6.361452937126159668e-01,6.349803209304809570e-01,1.000011920928955078e+00,9.993638992309570312e-01
1.578749999999999964e+01,9.919578803709771364e+01,7.666119933128356934e-01,7.645075321197509766e-01,1.000011920928955078e+00,9.993637800216674805e-01
1.579999999999999893e+01,9.927432785343745536e+01,8.840522766113281250e-01,8.828406333923339844e-01,1.000012040138244629e+00,9.993636608123779297e-01
1.581250000000000000e+01,9.935286766977721129e+01,9.192693829536437988e-01,9.197217226028442383e-01,1.000011920928955078e+00,9.993635416030883789e-01
1.582499999999999929e+01,9.943140748611695301e+01,8.814443945884704590e-01,8.830185532569885254e-01,1.000011920928955078e+00,9.993635416030883789e-01
1.583750000000000036e+01,9.950994730245669473e+01,8.238200545310974121e-01,8.254241347312927246e-01,1.000011920928955078e+00,9.993635416030883789e-01
1.584999999999999964e+01,9.958848711879643645e+01,7.927513718605041504e-01,7.935720086097717285e-01,1.000011920928955078e+00,9.993634819984436035e-01
1.586250000000000071e+01,9.966702693513619238e+01,8.031147718429565430e-01,8.029485344886779785e-01,1.000012040138244629e+00,9.993634819984436035e-01
1.587500000000000000e+01,9.974556675147593410e+01,8.435496091842651367e-01,8.426666259765625000e-01,1.000012040138244629e+00,9.993634819984436035e-01
1.588749999999999929e+01,9.982410656781567582e+01,8.937125205993652344e-01,8.925457000732421875e-01,1.000012040138244629e+00,9.993634819984436035e-01
1.589999999999999858e+01,9.990264638415541754e+01,9.377023577690124512e-01,9.366056919097900391e-01,1.000012040138244629e+00,9.993634223937988281e-01
1.591249999999999964e+01,9.998118620049515926e+01,9.685865640640258789e-01,9.677447676658630371e-01,1.000012040138244629e+00,9.993634223937988281e-01
1.592500000000000071e+01,1.000597260168349152e+02,9.865983724594116211e-01,9.860461354255676270e-01,1.000012040138244629e+00,9.993634223937988281e-01
1.593750000000000000e+01,1.001382658331746569e+02,9.953399300575256348e-01,9.950269460678100586e-01,1.000012040138244629e+00,9.993634223937988281e-01
1.594999999999999929e+01,1.002168056495143986e+02,9.987753033638000488e-01,9.986241459846496582e-01,1.000012159347534180e+00,9.993634819984436035e-01
1.596249999999999858e+01,1.002953454658541403e+02,9.997940063476562500e-01,9.997347593307495117e-01,1.000012040138244629e+00,9.993634223937988281e-01
1.597500000000000142e+01,1.003738852821938963e+02,9.999860525131225586e-01,9.999700188636779785e-01,1.000012040138244629e+00,9.993634819984436035e-01
1.598750000000000071e+01,1.004524250985336380e+02,9.999991655349731445e-01,9.999974966049194336e-01,1.000012159347534180e+00,9.993634223937988281e-01
1.600000000000000000e+01,1.005309649148733797e+02,9.999985694885253906e-01,9.999986886978149414e-01,1.000012159347534180e+00,9.993634223937988281e-01
1.601249999999999929e+01,1.006095047312131214e+02,9.999971389770507812e-01,9.999993443489074707e-01,1.000012159347534180e+00,9.993634223937988281e-01
1.602499999999999858e+01,1.006880445475528632e+02,9.999690651893615723e-01,9.999858140945434570e-01,1.000012159347534180e+00,9.993634819984436035e-01
1.603750000000000142e+01,1.007665843638926191e+02,9.997323751449584961e-01,9.997918009757995605e-01,1.000012159347534180e+00,9.993634819984436035e-01
1.605000000000000071e+01,1.008451241802323608e+02,9.986180663108825684e-01,9.987697005271911621e-01,1.000012159347534180e+00,9.993634819984436035e-01
1.606250000000000000e+01,1.009236639965721025e+02,9.950146675109863281e-01,9.953278899192810059e-01,1.000012159347534180e+00,9.993634819984436035e-01
1.607499999999999929e+01,1.010022038129118442e+02,9.860244989395141602e-01,9.865767359733581543e-01,1.000012159347534180e+00,9.993634819984436035e-01
1.608750000000000213e+01,1.010807436292516002e+02,9.677116870880126953e-01,9.685532450675964355e-01,1.000012278556823730e+00,9.993635416030883789e-01
1.610000000000000142e+01,1.011592834455913419e+02,9.365623593330383301e-01,9.376580715179443359e-01,1.000012159347534180e+00,9.993636012077331543e-01
1.611250000000000071e+01,1.012378232619310836e+02,8.924986720085144043e-01,8.936645388603210449e-01,1.000012159347534180e+00,9.993636608123779297e-01
1.612500000000000000e+01,1.013163630782708253e+02,8.426294922828674316e-01,8.435119986534118652e-01,1.000012159347534180e+00,9.993636608123779297e-01
1.613749999999999929e+01,1.013949028946105670e+02,8.029375076293945312e-01,8.031058907508850098e-01,1.000012159347534180e+00,9.993636012077331543e-01
1.615000000000000213e+01,1.014734427109503230e+02,7.935979962348937988e-01,7.927833795547485352e-01,1.000012159347534180e+00,9.993636012077331543e-01
1.616250000000000142e+01,1.015519825272900647e+02,8.254805207252502441e-01,8.238855004310607910e-01,1.000012159347534180e+00,9.993636012077331543e-01
1.617500000000000071e+01,1.016305223436298064e+02,8.830755352973937988e-01,8.815109729766845703e-01,1.000012159347534180e+00,9.993636012077331543e-01
1.618750000000000000e+01,1.017090621599695481e+02,9.197396039962768555e-01,9.192914962768554688e-01,1.000012159347534180e+00,9.993636012077331543e-01
1.620000000000000284e+01,1.017876019763093041e+02,8.827971816062927246e-01,8.840045332908630371e-01,1.000012159347534180e+00,9.993635416030883789e-01
1.621250000000000213e+01,1.018661417926490458e+02,7.644283771514892578e-01,7.665245532989501953e-01,1.000012159347534180e+00,9.993634819984436035e-01
1.622500000000000142e+01,1.019446816089887875e+02,6.349324584007263184e-01,6.360942125320434570e-01,1.000012159347534180e+00,9.993634223937988281e-01
1.623750000000000071e+01,1.020232214253285292e+02,6.009806990623474121e-01,5.999166369438171387e-01,1.000012159347534180e+00,9.993633031845092773e-01
1.625000000000000000e+01,1.021017612416682709e+02,6.930269002914428711e-01,6.906386017799377441e-01,1.000012159347534180e+00,9.993631839752197266e-01
1.626249999999999929e+01,1.021803010580080269e+02,7.953459024429321289e-01,7.942841053009033203e-01,1.000012159347534180e+00,9.993629455566406250e-01
1.627500000000000213e+01,1.022588408743477686e+02,7.463242411613464355e-01,7.480388879776000977e-01,1.000012159347534180e+00,9.993626475334167480e-01
1.628750000000000142e+01,1.023373806906875103e+02,5.490252971649169922e-01,5.515009164810180664e-01,1.000012159347534180e+00,9.993623495101928711e-01
1.630000000000000071e+01,1.024159205070272520e+02,4.170050919055938721e-01,4.168654382228851318e-01,1.000012159347534180e+00,9.993618726730346680e-01
1.631250000000000000e+01,1.024944603233669937e+02,5.078886747360229492e-01,5.051496028900146484e-01,1.000012278556823730e+00,9.993613958358764648e-01
1.632499999999999929e+01,1.025730001397067497e+02,6.607373952865600586e-01,6.594020128250122070e-01,1.000012278556823730e+00,9.993608593940734863e-01
1.633749999999999858e+01,1.026515399560464914e+02,5.873103737831115723e-01,5.895828604698181152e-01,1.000012278556823730e+00,9.993602037429809570e-01
1.635000000000000142e+01,1.027300797723862331e+02,3.324681520462036133e-01,3.348093926906585693e-01,1.000012278556823730e+00,9.993593692779541016e-01
1.636250000000000071e+01,1.028086195887259748e+02,2.571060955524444580e-01,2.555437684059143066e-01,1.000012278556823730e+00,9.993585348129272461e-01
1.637500000000000000e+01,1.028871594050657308e+02,4.465863406658172607e-01,4.436834752559661865e-01,1.000012278556823730e+00,9.993576407432556152e-01
1.638749999999999929e+01,1.029656992214054725e+02,5.149528384208679199e-01,5.158697962760925293e-01,1.000012397766113281e+00,9.993565678596496582e-01
1.639999999999999858e+01,1.030442390377452142e+02,2.634127140045166016e-01,2.666023671627044678e-01,1.000012397766113281e+00,9.993554949760437012e-01
1.641249999999999787e+01,1.031227788540849559e+02,7.904132455587387085e-02,7.859636098146438599e-02,1.000012397766113281e+00,9.993542432785034180e-01
1.642500000000000071e+01,1.032013186704246976e+02,2.465624958276748657e-01,2.432313114404678345e-01,1.000012516975402832e+00,9.993528723716735840e-01
1.643750000000000000e+01,1.032798584867644536e+02,3.832093179225921631e-01,3.833742737770080566e-01,1.000012516975402832e+00,9.993515014648437500e-01
1.644999999999999929e+01,1.033583983031041953e+02,1.467823386192321777e-01,1.501941531896591187e-01,1.000012516975402832e+00,9.993500709533691406e-01
1.646249999999999858e+01,1.034369381194439370e+02,-7.964054495096206665e-02,-7.967411726713180542e-02,1.000012636184692383e+00,9.993485212326049805e-01
1.647499999999999787e+01,1.035154779357836787e+02,7.913136482238769531e-02,7.567036896944046021e-02,1.000012636184692383e+00,9.993469715118408203e-01
1.648750000000000071e+01,1.035940177521234347e+02,2.344788610935211182e-01,2.344783693552017212e-01,1.000012636184692383e+00,9.993453621864318848e-01
1.650000000000000000e+01,1.036725575684631764e+02,-1.816644682548940182e-03,1.674724975600838661e-03,1.000012636184692383e+00,9.993437528610229492e-01
1.651249999999999929e+01,1.037510973848029181e+02,-2.344790548086166382e-01,-2.344779372215270996e-01,1.000012636184692383e+00,9.993421435356140137e-01
1.652499999999999858e+01,1.038296372011426598e+02,-7.550971955060958862e-02,-7.900901883840560913e-02,1.000012636184692383e+00,9.993405938148498535e-01
1.653749999999999787e+01,1.039081770174824015e+02,7.967489957809448242e-02,7.964086532592773438e-02,1.000012636184692383e+00,9.993389844894409180e-01
1.655000000000000071e+01,1.039867168338221575e+02,-1.503692567348480225e-01,-1.468880772590637207e-01,1.000012636184692383e+00,9.993374943733215332e-01
1.656250000000000000e+01,1.040652566501618992e+02,-3.833790719509124756e-01,-3.832144141197204590e-01,1.000012755393981934e+00,9.993360042572021484e-01
1.657499999999999929e+01,1.041437964665016409e+02,-2.430433034896850586e-01,-2.464760690927505493e-01,1.000012874603271484e+00,9.993346929550170898e-01
1.658749999999999858e+01,1.042223362828413826e+02,-7.857254892587661743e-02,-7.903210818767547607e-02,1.000012874603271484e+00,9.993333816528320312e-01
1.659999999999999787e+01,1.043008760991811243e+02,-2.667973935604095459e-01,-2.634819746017456055e-01,1.000012874603271484e+00,9.993321895599365234e-01
1.661250000000000071e+01,1.043794159155208803e+02,-5.159238576889038086e-01,-5.149707794189453125e-01,1.000012874603271484e+00,9.993310570716857910e-01
1.662500000000000000e+01,1.044579557318606220e+02,-4.434915482997894287e-01,-4.465370476245880127e-01,1.000012993812561035e+00,9.993299841880798340e-01
1.663749999999999929e+01,1.045364955482003637e+02,-2.554422318935394287e-01,-2.570828497409820557e-01,1.000012874603271484e+00,9.993290901184082031e-01
1.664999999999999858e+01,1.046150353645401054e+02,-3.349719047546386719e-01,-3.325031399726867676e-01,1.000012874603271484e+00,9.993283152580261230e-01
1.666250000000000142e+01,1.046935751808798614e+02,-5.897367000579833984e-01,-5.873407721519470215e-01,1.000012993812561035e+00,9.993274807929992676e-01
1.667500000000000071e+01,1.047721149972196031e+02,-6.593014597892761230e-01,-6.607223153114318848e-01,1.000012874603271484e+00,9.993268847465515137e-01
1.668750000000000000e+01,1.048506548135593448e+02,-5.049518346786499023e-01,-5.078607797622680664e-01,1.000012993812561035e+00,9.993262887001037598e-01
1.669999999999999929e+01,1.049291946298990865e+02,-4.168588817119598389e-01,-4.170045256614685059e-01,1.000013113021850586e+00,9.993257522583007812e-01
1.671249999999999858e+01,1.050077344462388282e+02,-5.516853928565979004e-01,-5.490483641624450684e-01,1.000013113021850586e+00,9.993253350257873535e-01
1.672500000000000142e+01,1.050862742625785842e+02,-7.481626868247985840e-01,-7.463408708572387695e-01,1.000013113021850586e+00,9.993249177932739258e-01
1.673750000000000071e+01,1.051648140789183259e+02,-7.941996455192565918e-01,-7.953395247459411621e-01,1.000013113021850586e+00,9.993246793746948242e-01
1.675000000000000000e+01,1.052433538952580676e+02,-6.904569268226623535e-01,-6.930104494094848633e-01,1.000013113021850586e+00,9.993245005607604980e-01
1.676249999999999929e+01,1.053218937115978093e+02,-5.998368859291076660e-01,-6.009747982025146484e-01,1.000013113021850586e+00,9.993243217468261719e-01
1.677500000000000213e+01,1.054004335279375653e+02,-6.361836194992065430e-01,-6.349418759346008301e-01,1.000012993812561035e+00,9.993242025375366211e-01
1.678750000000000142e+01,1.054789733442773070e+02,-7.666831612586975098e-01,-7.644438743591308594e-01,1.000012993812561035e+00,9.993240833282470703e-01
1.680000000000000071e+01,1.055575131606170487e+02,-8.840940594673156738e-01,-8.828058242797851562e-01,1.000013113021850586e+00,9.993239641189575195e-01
1.681250000000000000e+01,1.056360529769567904e+02,-9.192546010017395020e-01,-9.197368025779724121e-01,1.000013113021850586e+00,9.993238449096679688e-01
1.682499999999999929e+01,1.057145927932965321e+02,-8.813899159431457520e-01,-8.830658793449401855e-01,1.000013113021850586e+00,9.993237853050231934e-01
1.683750000000000213e+01,1.057931326096362881e+02,-8.237642645835876465e-01,-8.254706859588623047e-01,1.000013113021850586e+00,9.993237853050231934e-01
1.685000000000000142e+01,1.058716724259760298e+02,-7.927222847938537598e-01,-7.935937047004699707e-01,1.000013113021850586e+00,9.993237853050231934e-01
1.686250000000000071e+01,1.059502122423157715e+02,-8.031192421913146973e-01,-8.029403686523437500e-01,1.000013113021850586e+00,9.993237853050231934e-01
1.687500000000000000e+01,1.060287520586555132e+02,-8.435785770416259766e-01,-8.426375389099121094e-01,1.000013113021850586e+00,9.993237257003784180e-01
1.688749999999999929e+01,1.061072918749952692e+02,-8.937515616416931152e-01,-8.925088047981262207e-01,1.000013113021850586e+00,9.993237853050231934e-01
1.690000000000000213e+01,1.061858316913350109e+02,-9.377393722534179688e-01,-9.365715980529785156e-01,1.000013232231140137e+00,9.993237853050231934e-01
1.691250000000000142e+01,1.062643715076747526e+02,-9.686151146888732910e-01,-9.677187204360961914e-01,1.000013113021850586e+00,9.993237257003784180e-01
1.692500000000000071e+01,1.063429113240144943e+02,-9.866170883178710938e-01,-9.860293269157409668e-01,1.000013113021850586e+00,9.993237853050231934e-01
1.693750000000000000e+01,1.064214511403542360e+02,-9.953504204750061035e-01,-9.950173497200012207e-01,1.000013113021850586e+00,9.993237853050231934e-01
1.694999999999999929e+01,1.064999909566939920e+02,-9.987802505493164062e-01,-9.986194968223571777e-01,1.000013113021850586e+00,9.993237257003784180e-01
1.696249999999999858e+01,1.065785307730337337e+02,-9.997956752777099609e-01,-9.997328519821166992e-01,1.000013113021850586e+00,9.993237257003784180e-01
1.697500000000000142e+01,1.066570705893734754e+02,-9.999865293502807617e-01,-9.999693036079406738e-01,1.000013113021850586e+00,9.993237853050231934e-01
1.698750000000000071e+01,1.067356104057132171e+02,-9.999990463256835938e-01,-9.999971389770507812e-01,1.000013113021850586e+00,9.993238449096679688e-01
1.700000000000000000e+01,1.068141502220529730e+02,-9.999983310699462891e-01,-9.999985098838806152e-01,1.000013113021850586e+00,9.993238449096679688e-01
1.701249999999999929e+01,1.068926900383927148e+02,-9.999967813491821289e-01,-9.999991059303283691e-01,1.000013113021850586e+00,9.993238449096679688e-01
1.702499999999999858e+01,1.069712298547324565e+02,-9.999682307243347168e-01,-9.999861121177673340e-01,1.000013113021850586e+00,9.993237853050231934e-01
1.703750000000000142e+01,1.070497696710721982e+02,-9.997300505638122559e-01,-9.997934699058532715e-01,1.000012993812561035e+00,9.993238449096679688e-01
1.705000000000000071e+01,1.071283094874119399e+02,-9.986127018928527832e-01,-9.987739920616149902e-01,1.000012993812561035e+00,9.993239641189575195e-01
1.706250000000000000e+01,1.072068493037516959e+02,-9.950037598609924316e-01,-9.953368902206420898e-01,1.000012874603271484e+00,9.993239641189575195e-01
1.707499999999999929e+01,1.072853891200914376e+02,-9.860054254531860352e-01,-9.865931868553161621e-01,1.000012874603271484e+00,9.993239045143127441e-01
1.708749999999999858e+01,1.073639289364311793e+02,-9.676828980445861816e-01,-9.685785770416259766e-01,1.000012993812561035e+00,9.993240237236022949e-01
1.709999999999999787e+01,1.074424687527709210e+02,-9.365254044532775879e-01,-9.376918673515319824e-01,1.000012993812561035e+00,9.993240237236022949e-01
1.711250000000000071e+01,1.075210085691106627e+02,-8.924598097801208496e-01,-8.937012553215026855e-01,1.000012874603271484e+00,9.993240833282470703e-01
1.712500000000000000e+01,1.075995483854504187e+02,-8.426004648208618164e-01,-8.435413837432861328e-01,1.000012874603271484e+00,9.993241429328918457e-01
1.713749999999999929e+01,1.076780882017901604e+02,-8.029332160949707031e-01,-8.031142354011535645e-01,1.000012874603271484e+00,9.993241429328918457e-01
1.714999999999999858e+01,1.077566280181299021e+02,-7.936269044876098633e-01,-7.927617430686950684e-01,1.000012874603271484e+00,9.993240237236022949e-01
1.716249999999999787e+01,1.078351678344696438e+02,-8.255354762077331543e-01,-8.238387107849121094e-01,1.000012874603271484e+00,9.993241429328918457e-01
1.717500000000000071e+01,1.079137076508093998e+02,-8.831286430358886719e-01,-8.814627528190612793e-01,1.000012874603271484e+00,9.993241429328918457e-01
1.718750000000000000e+01,1.079922474671491415e+02,-9.197534322738647461e-01,-9.192752242088317871e-01,1.000012755393981934e+00,9.993240833282470703e-01
1.719999999999999929e+01,1.080707872834888832e+02,-8.827553391456604004e-01,-8.840392231941223145e-01,1.000012874603271484e+00,9.993240833282470703e-01
1.721249999999999858e+01,1.081493270998286249e+02,-7.643572688102722168e-01,-7.665894031524658203e-01,1.000012874603271484e+00,9.993239641189575195e-01
1.722499999999999787e+01,1.082278669161683666e+02,-6.348934173583984375e-01,-6.361340880393981934e-01,1.000012874603271484e+00,9.993239045143127441e-01
1.723750000000000071e+01,1.083064067325081226e+02,-6.010177731513977051e-01,-5.998889207839965820e-01,1.000012874603271484e+00,9.993237853050231934e-01
1.725000000000000000e+01,1.083849465488478643e+02,-6.931078433990478516e-01,-6.905663013458251953e-01,1.000012874603271484e+00,9.993236660957336426e-01
1.726249999999999929e+01,1.084634863651876060e+02,-7.953822016716003418e-01,-7.942473888397216797e-01,1.000012993812561035e+00,9.993234872817993164e-01
1.727499999999999858e+01,1.085420261815273477e+02,-7.462654709815979004e-01,-7.480878233909606934e-01,1.000012874603271484e+00,9.993231892585754395e-01
1.728750000000000142e+01,1.086205659978671036e+02,-5.489397048950195312e-01,-5.515797734260559082e-01,1.000012993812561035e+00,9.993227720260620117e-01
1.730000000000000071e+01,1.086991058142068454e+02,-4.170108139514923096e-01,-4.168682396411895752e-01,1.000012993812561035e+00,9.993224143981933594e-01
1.731250000000000000e+01,1.087776456305465871e+02,-5.079828500747680664e-01,-5.050681233406066895e-01,1.000012993812561035e+00,9.993218779563903809e-01
1.732499999999999929e+01,1.088561854468863288e+02,-6.607814431190490723e-01,-6.593558192253112793e-01,1.000012993812561035e+00,9.993213415145874023e-01
1.733749999999999858e+01,1.089347252632260705e+02,-5.872339606285095215e-01,-5.896474123001098633e-01,1.000013113021850586e+00,9.993207454681396484e-01
1.735000000000000142e+01,1.090132650795658265e+02,-3.323903977870941162e-01,-3.348849117755889893e-01,1.000013113021850586e+00,9.993200302124023438e-01
1.736250000000000071e+01,1.090918048959055682e+02,-2.571587562561035156e-01,-2.555040121078491211e-01,1.000013113021850586e+00,9.993191957473754883e-01
1.737500000000000000e+01,1.091703447122453099e+02,-4.466811120510101318e-01,-4.435946345329284668e-01,1.000013232231140137e+00,9.993182420730590820e-01
1.738749999999999929e+01,1.092488845285850516e+02,-5.149203538894653320e-01,-5.158907175064086914e-01,1.000013113021850586e+00,9.993172287940979004e-01
1.739999999999999858e+01,1.093274243449247933e+02,-2.633114457130432129e-01,-2.666994929313659668e-01,1.000013232231140137e+00,9.993160963058471680e-01
1.741250000000000142e+01,1.094059641612645493e+02,-7.905762642621994019e-02,-7.859025895595550537e-02,1.000013232231140137e+00,9.993148446083068848e-01
1.742500000000000071e+01,1.094845039776042910e+02,-2.466668337583541870e-01,-2.431312054395675659e-01,1.000013232231140137e+00,9.993134737014770508e-01
1.743750000000000000e+01,1.095630437939440327e+02,-3.832045793533325195e-01,-3.833719491958618164e-01,1.000013232231140137e+00,9.993121027946472168e-01
1.744999999999999929e+01,1.096415836102837744e+02,-1.466755717992782593e-01,-1.502968221902847290e-01,1.000013351440429688e+00,9.993106126785278320e-01
1.746250000000000213e+01,1.097201234266235303e+02,7.963979244232177734e-02,7.966688275337219238e-02,1.000013351440429688e+00,9.993091821670532227e-01
1.747500000000000142e+01,1.097986632429632721e+02,-7.923937588930130005e-02,-7.556779682636260986e-02,1.000013470649719238e+00,9.993076324462890625e-01
1.748750000000000071e+01,1.098772030593030138e+02,-2.344787418842315674e-01,-2.344709932804107666e-01,1.000013470649719238e+00,9.993061423301696777e-01
1.750000000000000000e+01,1.099557428756427555e+02,1.922088093124330044e-03,-1.777189783751964569e-03,1.000013470649719238e+00,9.993044734001159668e-01
1.751249999999999929e+01,1.100342826919824972e+02,2.344803363084793091e-01,2.344714254140853882e-01,1.000013470649719238e+00,9.993029236793518066e-01
1.752500000000000213e+01,1.101128225083222532e+02,7.540611922740936279e-02,7.911185920238494873e-02,1.000013470649719238e+00,9.993014335632324219e-01
1.753750000000000142e+01,1.101913623246619949e+02,-7.968029379844665527e-02,-7.963345944881439209e-02,1.000013470649719238e+00,9.992998838424682617e-01
1.755000000000000071e+01,1.102699021410017366e+02,1.504727303981781006e-01,1.467859894037246704e-01,1.000013589859008789e+00,9.992983341217041016e-01
1.756250000000000000e+01,1.103484419573414783e+02,3.833904266357421875e-01,3.832028806209564209e-01,1.000013589859008789e+00,9.992969036102294922e-01
1.757499999999999929e+01,1.104269817736812342e+02,2.429415285587310791e-01,2.465758025646209717e-01,1.000013709068298340e+00,9.992955327033996582e-01
1.758750000000000213e+01,1.105055215900209760e+02,7.855232805013656616e-02,7.905300706624984741e-02,1.000013709068298340e+00,9.992942810058593750e-01
1.760000000000000142e+01,1.105840614063607177e+02,2.668912112712860107e-01,2.633885443210601807e-01,1.000013589859008789e+00,9.992930889129638672e-01
1.761250000000000071e+01,1.106626012227004594e+02,5.159580707550048828e-01,5.149371623992919922e-01,1.000013589859008789e+00,9.992919564247131348e-01
1.762500000000000000e+01,1.107411410390402011e+02,4.434072673320770264e-01,4.466214179992675781e-01,1.000013589859008789e+00,9.992910027503967285e-01
1.763749999999999929e+01,1.108196808553799571e+02,2.553856074810028076e-01,2.571355998516082764e-01,1.000013709068298340e+00,9.992899894714355469e-01
1.764999999999999858e+01,1.108982206717196988e+02,3.350363969802856445e-01,3.324374556541442871e-01,1.000013709068298340e+00,9.992892146110534668e-01
1.766250000000000142e+01,1.109767604880594405e+02,5.898119211196899414e-01,5.872691273689270020e-01,1.000013709068298340e+00,9.992884993553161621e-01
1.767500000000000071e+01,1.110553003043991822e+02,6.592654585838317871e-01,6.607584953308105469e-01,1.000013709068298340e+00,9.992879033088684082e-01
1.768750000000000000e+01,1.111338401207389381e+02,5.048629045486450195e-01,5.079465508460998535e-01,1.000013828277587891e+00,9.992873668670654297e-01
1.769999999999999929e+01,1.112123799370786799e+02,4.168456196784973145e-01,4.170152246952056885e-01,1.000013828277587891e+00,9.992867708206176758e-01
1.771249999999999858e+01,1.112909197534184216e+02,5.517597794532775879e-01,5.489750504493713379e-01,1.000013828277587891e+00,9.992863535881042480e-01
1.772499999999999787e+01,1.113694595697581633e+02,7.482219338417053223e-01,7.462847828865051270e-01,1.000013828277587891e+00,9.992861151695251465e-01
1.773750000000000071e+01,1.114479993860979050e+02,7.941698431968688965e-01,7.953680157661437988e-01,1.000013828277587891e+00,9.992857575416564941e-01
1.775000000000000000e+01,1.115265392024376609e+02,6.903787851333618164e-01,6.930848956108093262e-01,1.000013828277587891e+00,9.992855191230773926e-01
1.776249999999999929e+01,1.116050790187774027e+02,5.997965931892395020e-01,6.010134816169738770e-01,1.000013947486877441e+00,9.992853999137878418e-01
1.777499999999999858e+01,1.116836188351171444e+02,6.362142562866210938e-01,6.349119544029235840e-01,1.000013947486877441e+00,9.992852807044982910e-01
1.778749999999999787e+01,1.117621586514568861e+02,7.667484879493713379e-01,7.643808722496032715e-01,1.000013828277587891e+00,9.992851614952087402e-01
1.780000000000000071e+01,1.118406984677966420e+02,8.841347694396972656e-01,8.827663064002990723e-01,1.000013828277587891e+00,9.992851018905639648e-01
1.781250000000000000e+01,1.119192382841363838e+02,9.192431569099426270e-01,9.197471141815185547e-01,1.000013828277587891e+00,9.992850422859191895e-01
1.782499999999999929e+01,1.119977781004761255e+02,8.813404440879821777e-01,8.831127285957336426e-01,1.000013828277587891e+00,9.992849230766296387e-01
1.783749999999999858e+01,1.120763179168158672e+02,8.237097263336181641e-01,8.255220055580139160e-01,1.000013828277587891e+00,9.992849826812744141e-01
1.784999999999999787e+01,1.121548577331556089e+02,7.926906943321228027e-01,7.936236262321472168e-01,1.000013947486877441e+00,9.992849826812744141e-01
1.786250000000000071e+01,1.122333975494953648e+02,8.031191229820251465e-01,8.029406666755676270e-01,1.000013828277587891e+00,9.992849826812744141e-01
1.787500000000000000e+01,1.123119373658351066e+02,8.436025977134704590e-01,8.426151275634765625e-01,1.000013947486877441e+00,9.992849230766296387e-01
1.788749999999999929e+01,1.123904771821748483e+02,8.937863111495971680e-01,8.924760222434997559e-01,1.000013947486877441e+00,9.992850422859191895e-01
1.789999999999999858e+01,1.124690169985145900e+02,9.377731084823608398e-01,9.365396499633789062e-01,1.000013947486877441e+00,9.992850422859191895e-01
1.791249999999999787e+01,1.125475568148543317e+02,9.686418175697326660e-01,9.676933884620666504e-01,1.000013828277587891e+00,9.992850422859191895e-01
1.792500000000000071e+01,1.126260966311940876e+02,9.866347908973693848e-01,9.860121607780456543e-01,1.000013828277587891e+00,9.992851018905639648e-01
1.793750000000000000e+01,1.127046364475338294e+02,9.953605532646179199e-01,9.950073957443237305e-01,1.000013828277587891e+00,9.992851018905639648e-01
1.794999999999999929e+01,1.127831762638735711e+02,9.987851381301879883e-01,9.986144900321960449e-01,1.000013828277587891e+00,9.992850422859191895e-01
1.796249999999999858e+01,1.128617160802133128e+02,9.997976422309875488e-01,9.997307658195495605e-01,1.000013828277587891e+00,9.992851018905639648e-01
1.797500000000000142e+01,1.129402558965530687e+02,9.999868869781494141e-01,9.999686479568481445e-01,1.000013828277587891e+00,9.992851614952087402e-01
1.798750000000000071e+01,1.130187957128928105e+02,9.999989271163940430e-01,9.999969601631164551e-01,1.000013828277587891e+00,9.992852210998535156e-01
1.800000000000000000e+01,1.130973355292325522e+02,9.999980926513671875e-01,9.999982714653015137e-01,1.000013828277587891e+00,9.992851614952087402e-01
1.801249999999999929e+01,1.131758753455722939e+02,9.999965429306030273e-01,9.999991059303283691e-01,1.000013828277587891e+00,9.992851018905639648e-01
1.802499999999999858e+01,1.132544151619120356e+02,9.999675154685974121e-01,9.999864101409912109e-01,1.000013828277587891e+00,9.992850422859191895e-01
1.803750000000000142e+01,1.133329549782517915e+02,9.997278451919555664e-01,9.997951388359069824e-01,1.000013828277587891e+00,9.992851018905639648e-01
1.805000000000000071e+01,1.134114947945915333e+02,9.986073374748229980e-01,9.987785816192626953e-01,1.000013947486877441e+00,9.992851018905639648e-01
1.806250000000000000e+01,1.134900346109312750e+02,9.949930310249328613e-01,9.953467249870300293e-01,1.000013828277587891e+00,9.992850422859191895e-01
1.807499999999999929e+01,1.135685744272710167e+02,9.859871864318847656e-01,9.866100549697875977e-01,1.000013828277587891e+00,9.992851018905639648e-01
1.808750000000000213e+01,1.136471142436107726e+02,9.676555991172790527e-01,9.686037302017211914e-01,1.000013828277587891e+00,9.992851018905639648e-01
1.810000000000000142e+01,1.137256540599505144e+02,9.364909529685974121e-01,9.377235174179077148e-01,1.000013828277587891e+00,9.992851018905639648e-01
1.811250000000000071e+01,1.138041938762902561e+02,8.924247622489929199e-01,8.937333226203918457e-01,1.000013828277587891e+00,9.992850422859191895e-01
1.812500000000000000e+01,1.138827336926299978e+02,8.425764441490173340e-01,8.435629606246948242e-01,1.000013828277587891e+00,9.992851018905639648e-01
1.813749999999999929e+01,1.139612735089697395e+02,8.029332756996154785e-01,8.031132221221923828e-01,1.000013709068298340e+00,9.992851018905639648e-01
1.815000000000000213e+01,1.140398133253094954e+02,7.936584949493408203e-01,7.927312850952148438e-01,1.000013709068298340e+00,9.992851018905639648e-01
1.816250000000000142e+01,1.141183531416492372e+02,8.255897760391235352e-01,8.237871527671813965e-01,1.000013709068298340e+00,9.992851018905639648e-01
1.817500000000000071e+01,1.141968929579889789e+02,8.831787109375000000e-01,8.814159631729125977e-01,1.000013709068298340e+00,9.992850422859191895e-01
1.818750000000000000e+01,1.142754327743287206e+02,9.197645187377929688e-01,9.192652702331542969e-01,1.000013709068298340e+00,9.992850422859191895e-01
1.819999999999999929e+01,1.143539725906684623e+02,8.827129602432250977e-01,8.840782046318054199e-01,1.000013709068298340e+00,9.992849826812744141e-01
1.821250000000000213e+01,1.144325124070082182e+02,7.642911076545715332e-01,7.666505575180053711e-01,1.000013709068298340e+00,9.992848634719848633e-01
1.822500000000000142e+01,1.145110522233479600e+02,6.348627209663391113e-01,6.361622810363769531e-01,1.000013709068298340e+00,9.992847442626953125e-01
1.823750000000000071e+01,1.145895920396877017e+02,6.010594367980957031e-01,5.998499989509582520e-01,1.000013709068298340e+00,9.992846250534057617e-01
1.825000000000000000e+01,1.146681318560274434e+02,6.931865215301513672e-01,6.904932856559753418e-01,1.000013709068298340e+00,9.992843866348266602e-01
1.826249999999999929e+01,1.147466716723671993e+02,7.954112887382507324e-01,7.942204475402832031e-01,1.000013709068298340e+00,9.992842674255371094e-01
1.827500000000000213e+01,1.148252114887069411e+02,7.462070584297180176e-01,7.481428384780883789e-01,1.000013828277587891e+00,9.992839694023132324e-01
1.828750000000000142e+01,1.149037513050466828e+02,5.488633513450622559e-01,5.516490936279296875e-01,1.000013828277587891e+00,9.992836117744445801e-01
1.830000000000000071e+01,1.149822911213864245e+02,4.170218706130981445e-01,4.168554544448852539e-01,1.000013828277587891e+00,9.992832541465759277e-01
1.831250000000000000e+01,1.150608309377261662e+02,5.080741643905639648e-01,5.049844980239868164e-01,1.000013947486877441e+00,9.992827773094177246e-01
1.832499999999999929e+01,1.151393707540659221e+02,6.608192920684814453e-01,6.593226194381713867e-01,1.000013947486877441e+00,9.992821216583251953e-01
1.833749999999999858e+01,1.152179105704056639e+02,5.871543288230895996e-01,5.897187590599060059e-01,1.000013828277587891e+00,9.992814064025878906e-01
1.835000000000000142e+01,1.152964503867454056e+02,3.323196172714233398e-01,3.349473774433135986e-01,1.000013947486877441e+00,9.992806911468505859e-01
1.836250000000000071e+01,1.153749902030851473e+02,2.572178542613983154e-01,2.554489672183990479e-01,1.000013947486877441e+00,9.992798566818237305e-01
1.837500000000000000e+01,1.154535300194249032e+02,4.467757344245910645e-01,4.435112476348876953e-01,1.000014066696166992e+00,9.992789626121520996e-01
1.838749999999999929e+01,1.155320698357646449e+02,5.148817896842956543e-01,5.159260630607604980e-01,1.000014066696166992e+00,9.992778301239013672e-01
1.839999999999999858e+01,1.156106096521043867e+02,2.632057964801788330e-01,2.667917311191558838e-01,1.000014066696166992e+00,9.992766976356506348e-01
1.841249999999999787e+01,1.156891494684441284e+02,7.908450067043304443e-02,7.856731861829757690e-02,1.000014066696166992e+00,9.992754459381103516e-01
1.842500000000000071e+01,1.157676892847838701e+02,2.467778325080871582e-01,2.430334687232971191e-01,1.000014066696166992e+00,9.992740750312805176e-01
1.843750000000000000e+01,1.158462291011236260e+02,3.831864893436431885e-01,3.833854198455810547e-01,1.000014066696166992e+00,9.992727637290954590e-01
1.844999999999999929e+01,1.159247689174633678e+02,1.465654522180557251e-01,1.503949612379074097e-01,1.000014185905456543e+00,9.992713928222656250e-01
1.846249999999999858e+01,1.160033087338031095e+02,-7.962550222873687744e-02,-7.967811077833175659e-02,1.000014305114746094e+00,9.992698431015014648e-01
1.847499999999999787e+01,1.160818485501428512e+02,7.935164868831634521e-02,7.546822726726531982e-02,1.000014305114746094e+00,9.992683529853820801e-01
1.848750000000000071e+01,1.161603883664826071e+02,2.344633638858795166e-01,2.344814091920852661e-01,1.000014305114746094e+00,9.992666840553283691e-01
1.850000000000000000e+01,1.162389281828223488e+02,-2.036047168076038361e-03,1.877616974525153637e-03,1.000014305114746094e+00,9.992650151252746582e-01
1.851249999999999929e+01,1.163174679991620906e+02,-2.344620823860168457e-01,-2.344813048839569092e-01,1.000014305114746094e+00,9.992634654045104980e-01
1.852499999999999858e+01,1.163960078155018323e+02,-7.529431581497192383e-02,-7.921183854341506958e-02,1.000014305114746094e+00,9.992618560791015625e-01
1.853749999999999787e+01,1.164745476318415740e+02,7.966110110282897949e-02,7.964155822992324829e-02,1.000014305114746094e+00,9.992603659629821777e-01
1.855000000000000071e+01,1.165530874481813299e+02,-1.505820304155349731e-01,-1.466865837574005127e-01,1.000014424324035645e+00,9.992588758468627930e-01
1.856250000000000000e+01,1.166316272645210717e+02,-3.833773434162139893e-01,-3.832062184810638428e-01,1.000014424324035645e+00,9.992573857307434082e-01
1.857499999999999929e+01,1.167101670808608134e+02,-2.428344488143920898e-01,-2.466725409030914307e-01,1.000014543533325195e+00,9.992560148239135742e-01
1.858749999999999858e+01,1.167887068972005551e+02,-7.855746150016784668e-02,-7.905683666467666626e-02,1.000014662742614746e+00,9.992547631263732910e-01
1.860000000000000142e+01,1.168672467135403110e+02,-2.669988870620727539e-01,-2.632929980754852295e-01,1.000014662742614746e+00,9.992535114288330078e-01
1.861250000000000071e+01,1.169457865298800527e+02,-5.159691572189331055e-01,-5.149180889129638672e-01,1.000014662742614746e+00,9.992523789405822754e-01
1.862500000000000000e+01,1.170243263462197945e+02,-4.433087408542633057e-01,-4.467103183269500732e-01,1.000014662742614746e+00,9.992513060569763184e-01
1.863749999999999929e+01,1.171028661625595362e+02,-2.553557753562927246e-01,-2.571739554405212402e-01,1.000014662742614746e+00,9.992504119873046875e-01
1.864999999999999858e+01,1.171814059788992779e+02,-3.351233303546905518e-01,-3.323613405227661133e-01,1.000014662742614746e+00,9.992495775222778320e-01
1.866250000000000142e+01,1.172599457952390338e+02,-5.898734331130981445e-01,-5.872051715850830078e-01,1.000014662742614746e+00,9.992488026618957520e-01
1.867500000000000071e+01,1.173384856115787755e+02,-6.592113971710205078e-01,-6.608041524887084961e-01,1.000014781951904297e+00,9.992481470108032227e-01
1.868750000000000000e+01,1.174170254279185173e+02,-5.047832727432250977e-01,-5.080257058143615723e-01,1.000014781951904297e+00,9.992476701736450195e-01
1.869999999999999929e+01,1.174955652442582590e+02,-4.168591797351837158e-01,-4.170112013816833496e-01,1.000014781951904297e+00,9.992471933364868164e-01
1.871249999999999858e+01,1.175741050605980007e+02,-5.518434047698974609e-01,-5.488977432250976562e-01,1.000014901161193848e+00,9.992467761039733887e-01
1.872500000000000142e+01,1.176526448769377566e+02,-7.482659816741943359e-01,-7.462375760078430176e-01,1.000014901161193848e+00,9.992464780807495117e-01
1.873750000000000071e+01,1.177311846932774984e+02,-7.941278815269470215e-01,-7.954040169715881348e-01,1.000014901161193848e+00,9.992461800575256348e-01
1.875000000000000000e+01,1.178097245096172401e+02,-6.903068423271179199e-01,-6.931541562080383301e-01,1.000014901161193848e+00,9.992459416389465332e-01
1.876249999999999929e+01,1.178882643259569818e+02,-5.997766256332397461e-01,-6.010380983352661133e-01,1.000014901161193848e+00,9.992457628250122070e-01
1.877500000000000213e+01,1.179668041422967377e+02,-6.362631916999816895e-01,-6.348710656166076660e-01,1.000015020370483398e+00,9.992455840110778809e-01
1.878750000000000142e+01,1.180453439586364794e+02,-7.668161988258361816e-01,-7.643172144889831543e-01,1.000015020370483398e+00,9.992455244064331055e-01
1.880000000000000071e+01,1.181238837749762212e+02,-8.841662406921386719e-01,-8.827334642410278320e-01,1.000015020370483398e+00,9.992454051971435547e-01
1.881250000000000000e+01,1.182024235913159629e+02,-9.192221760749816895e-01,-9.197639822959899902e-01,1.000015020370483398e+00,9.992452859878540039e-01
1.882499999999999929e+01,1.182809634076557046e+02,-8.812911510467529297e-01,-8.831595182418823242e-01,1.000015020370483398e+00,9.992452859878540039e-01
1.883750000000000213e+01,1.183595032239954605e+02,-8.236671686172485352e-01,-8.255655765533447266e-01,1.000015020370483398e+00,9.992452859878540039e-01
1.885000000000000142e+01,1.184380430403352022e+02,-7.926763892173767090e-01,-7.936416864395141602e-01,1.000015020370483398e+00,9.992452263832092285e-01
1.886250000000000071e+01,1.185165828566749440e+02,-8.031353354454040527e-01,-8.029293417930603027e-01,1.000015020370483398e+00,9.992452263832092285e-01
1.887500000000000000e+01,1.185951226730146857e+02,-8.436383605003356934e-01,-8.425839543342590332e-01,1.000015020370483398e+00,9.992452263832092285e-01
1.888749999999999929e+01,1.186736624893544416e+02,-8.938271999359130859e-01,-8.924385905265808105e-01,1.000015020370483398e+00,9.992451071739196777e-01
1.890000000000000213e+01,1.187522023056941833e+02,-9.378088712692260742e-01,-9.365057945251464844e-01,1.000015020370483398e+00,9.992451071739196777e-01
1.891250000000000142e+01,1.188307421220339251e+02,-9.686675667762756348e-01,-9.676682949066162109e-01,1.000015020370483398e+00,9.992451667785644531e-01
1.892500000000000071e+01,1.189092819383736668e+02,-9.866509437561035156e-01,-9.859960079193115234e-01,1.000015139579772949e+00,9.992451667785644531e-01
1.893750000000000000e+01,1.189878217547134085e+02,-9.953692555427551270e-01,-9.949983954429626465e-01,1.000015139579772949e+00,9.992452263832092285e-01
1.894999999999999929e+01,1.190663615710531644e+02,-9.987891316413879395e-01,-9.986100792884826660e-01,1.000015139579772949e+00,9.992451667785644531e-01
1.896249999999999858e+01,1.191449013873929061e+02,-9.997988939285278320e-01,-9.997289180755615234e-01,1.000015139579772949e+00,9.992451667785644531e-01
1.897500000000000142e+01,1.192234412037326479e+02,-9.999871253967285156e-01,-9.999679923057556152e-01,1.000015258789062500e+00,9.992452263832092285e-01
1.898750000000000071e+01,1.193019810200723896e+02,-9.999986886978149414e-01,-9.999967217445373535e-01,1.000015139579772949e+00,9.992452263832092285e-01
1.900000000000000000e+01,1.193805208364121313e+02,-9.999978542327880859e-01,-9.999981522560119629e-01,1.000015139579772949e+00,9.992452263832092285e-01
1.901249999999999929e+01,1.194590606527518872e+02,-9.999963045120239258e-01,-9.999989271163940430e-01,1.000015139579772949e+00,9.992452263832092285e-01
1.902499999999999858e+01,1.195376004690916290e+02,-9.999669194221496582e-01,-9.999866485595703125e-01,1.000015139579772949e+00,9.992451071739196777e-01
1.903750000000000142e+01,1.196161402854313707e+02,-9.997259378433227539e-01,-9.997966885566711426e-01,1.000015139579772949e+00,9.992451071739196777e-01
1.905000000000000071e+01,1.196946801017711124e+02,-9.986030459403991699e-01,-9.987825751304626465e-01,1.000015139579772949e+00,9.992450475692749023e-01
1.906250000000000000e+01,1.197732199181108683e+02,-9.949839115142822266e-01,-9.953553080558776855e-01,1.000015139579772949e+00,9.992451071739196777e-01
1.907499999999999929e+01,1.198517597344506100e+02,-9.859704971313476562e-01,-9.866259098052978516e-01,1.000015139579772949e+00,9.992451071739196777e-01
1.908749999999999858e+01,1.199302995507903518e+02,-9.676294326782226562e-01,-9.686285853385925293e-01,1.000015139579772949e+00,9.992451071739196777e-01
1.909999999999999787e+01,1.200088393671300935e+02,-9.364545941352844238e-01,-9.377571940422058105e-01,1.000015139579772949e+00,9.992451071739196777e-01
1.911250000000000071e+01,1.200873791834698352e+02,-8.923826813697814941e-01,-8.937708139419555664e-01,1.000015139579772949e+00,9.992449879646301270e-01
1.912500000000000000e+01,1.201659189998095911e+02,-8.425396680831909180e-01,-8.435940742492675781e-01,1.000015139579772949e+00,9.992449283599853516e-01
1.913749999999999929e+01,1.202444588161493328e+02,-8.029156923294067383e-01,-8.031243681907653809e-01,1.000015258789062500e+00,9.992448687553405762e-01
1.914999999999999858e+01,1.203229986324890746e+02,-7.936718463897705078e-01,-7.927129268646240234e-01,1.000015258789062500e+00,9.992449283599853516e-01
1.916249999999999787e+01,1.204015384488288163e+02,-8.256321549415588379e-01,-8.237430453300476074e-01,1.000015139579772949e+00,9.992448687553405762e-01
1.917500000000000071e+01,1.204800782651685722e+02,-8.832275867462158203e-01,-8.813686370849609375e-01,1.000015139579772949e+00,9.992448091506958008e-01
1.918750000000000000e+01,1.205586180815083139e+02,-9.197856187820434570e-01,-9.192480444908142090e-01,1.000015258789062500e+00,9.992447495460510254e-01
1.919999999999999929e+01,1.206371578978480557e+02,-8.826819062232971191e-01,-8.841109275817871094e-01,1.000015258789062500e+00,9.992446899414062500e-01
1.921249999999999858e+01,1.207156977141877974e+02,-7.642230987548828125e-01,-7.667141556739807129e-01,1.000015139579772949e+00,9.992445707321166992e-01
1.922499999999999787e+01,1.207942375305275391e+02,-6.348136067390441895e-01,-6.362028717994689941e-01,1.000015139579772949e+00,9.992445111274719238e-01
1.923750000000000071e+01,1.208727773468672950e+02,-6.010774970054626465e-01,-5.998250246047973633e-01,1.000015139579772949e+00,9.992443919181823730e-01
1.925000000000000000e+01,1.209513171632070367e+02,-6.932569742202758789e-01,-6.904235482215881348e-01,1.000015258789062500e+00,9.992442131042480469e-01
1.926249999999999929e+01,1.210298569795467785e+02,-7.954538464546203613e-01,-7.941842675209045410e-01,1.000015377998352051e+00,9.992440342903137207e-01
1.927499999999999858e+01,1.211083967958865202e+02,-7.461627721786499023e-01,-7.481899857521057129e-01,1.000015258789062500e+00,9.992437958717346191e-01
1.928750000000000142e+01,1.211869366122262761e+02,-5.487810969352722168e-01,-5.517261028289794922e-01,1.000015377998352051e+00,9.992434382438659668e-01
1.930000000000000071e+01,1.212654764285660178e+02,-4.170084893703460693e-01,-4.168584048748016357e-01,1.000015377998352051e+00,9.992430210113525391e-01
1.931250000000000000e+01,1.213440162449057595e+02,-5.081498026847839355e-01,-5.049045681953430176e-01,1.000015377998352051e+00,9.992425441741943359e-01
1.932499999999999929e+01,1.214225560612455013e+02,-6.608729362487792969e-01,-6.592773199081420898e-01,1.000015258789062500e+00,9.992420077323913574e-01
1.933749999999999858e+01,1.215010958775852430e+02,-5.870962142944335938e-01,-5.897832512855529785e-01,1.000015377998352051e+00,9.992412328720092773e-01
1.935000000000000142e+01,1.215796356939249989e+02,-3.322357535362243652e-01,-3.350230455398559570e-01,1.000015377998352051e+00,9.992404580116271973e-01
1.936250000000000071e+01,1.216581755102647406e+02,-2.572465538978576660e-01,-2.554093003273010254e-01,1.000015377998352051e+00,9.992396235466003418e-01
1.937500000000000000e+01,1.217367153266044824e+02,-4.468674957752227783e-01,-4.434222280979156494e-01,1.000015377998352051e+00,9.992387294769287109e-01
1.938749999999999929e+01,1.218152551429442241e+02,-5.148739814758300781e-01,-5.159458518028259277e-01,1.000015377998352051e+00,9.992377161979675293e-01
1.940000000000000213e+01,1.218937949592839800e+02,-2.631053626537322998e-01,-2.668872177600860596e-01,1.000015497207641602e+00,9.992365837097167969e-01
1.941250000000000142e+01,1.219723347756237217e+02,-7.907292246818542480e-02,-7.856294512748718262e-02,1.000015497207641602e+00,9.992353320121765137e-01
1.942500000000000071e+01,1.220508745919634634e+02,-2.468792498111724854e-01,-2.429361492395401001e-01,1.000015497207641602e+00,9.992340803146362305e-01
1.943750000000000000e+01,1.221294144083032052e+02,-3.832034766674041748e-01,-3.833825290203094482e-01,1.000015616416931152e+00,9.992327094078063965e-01
1.944999999999999929e+01,1.222079542246429469e+02,-1.464588940143585205e-01,-1.504948437213897705e-01,1.000015497207641602e+00,9.992312192916870117e-01
1.946250000000000213e+01,1.222864940409827028e+02,7.964811474084854126e-02,7.967069745063781738e-02,1.000015616416931152e+00,9.992297291755676270e-01
1.947500000000000142e+01,1.223650338573224445e+02,-7.945699989795684814e-02,-7.536724209785461426e-02,1.000015616416931152e+00,9.992281794548034668e-01
1.948750000000000071e+01,1.224435736736621863e+02,-2.344893068075180054e-01,-2.344722449779510498e-01,1.000015497207641602e+00,9.992265701293945312e-01
1.950000000000000000e+01,1.225221134900019280e+02,2.143565099686384201e-03,-1.979156164452433586e-03,1.000015497207641602e+00,9.992250800132751465e-01
1.951249999999999929e+01,1.226006533063416697e+02,2.344894558191299438e-01,2.344716787338256836e-01,1.000015497207641602e+00,9.992234110832214355e-01
1.952500000000000213e+01,1.226791931226814256e+02,7.518371939659118652e-02,7.931273430585861206e-02,1.000015497207641602e+00,9.992219209671020508e-01
1.953750000000000142e+01,1.227577329390211673e+02,-7.968882471323013306e-02,-7.963161915540695190e-02,1.000015616416931152e+00,9.992203116416931152e-01
1.955000000000000071e+01,1.228362727553609091e+02,1.506913006305694580e-01,1.465874612331390381e-01,1.000015616416931152e+00,9.992188811302185059e-01
1.956250000000000000e+01,1.229148125717006508e+02,3.834044337272644043e-01,3.831939101219177246e-01,1.000015735626220703e+00,9.992174506187438965e-01
1.957499999999999929e+01,1.229933523880404067e+02,2.427267581224441528e-01,2.467703819274902344e-01,1.000015735626220703e+00,9.992161393165588379e-01
1.958750000000000213e+01,1.230718922043801484e+02,7.851921766996383667e-02,7.907751947641372681e-02,1.000015735626220703e+00,9.992147684097290039e-01
1.960000000000000142e+01,1.231504320207198901e+02,2.670991420745849609e-01,2.632001936435699463e-01,1.000015854835510254e+00,9.992135167121887207e-01
1.961250000000000071e+01,1.232289718370596319e+02,5.160202383995056152e-01,5.148841738700866699e-01,1.000015854835510254e+00,9.992124438285827637e-01
1.962500000000000000e+01,1.233075116533993736e+02,4.432158172130584717e-01,4.467940926551818848e-01,1.000015854835510254e+00,9.992113709449768066e-01
1.963749999999999929e+01,1.233860514697391295e+02,2.552827298641204834e-01,2.572272717952728271e-01,1.000015735626220703e+00,9.992104172706604004e-01
1.964999999999999858e+01,1.234645912860788712e+02,3.351899683475494385e-01,3.322973549365997314e-01,1.000015735626220703e+00,9.992095828056335449e-01
1.966250000000000142e+01,1.235431311024186130e+02,5.899602174758911133e-01,5.871344804763793945e-01,1.000015854835510254e+00,9.992088079452514648e-01
1.967500000000000071e+01,1.236216709187583547e+02,6.591789722442626953e-01,6.608381867408752441e-01,1.000015735626220703e+00,9.992080926895141602e-01
1.968750000000000000e+01,1.237002107350981106e+02,5.046834349632263184e-01,5.081084370613098145e-01,1.000015735626220703e+00,9.992075562477111816e-01
1.969999999999999929e+01,1.237787505514378523e+02,4.168351888656616211e-01,4.170222580432891846e-01,1.000015854835510254e+00,9.992070794105529785e-01
1.971249999999999858e+01,1.238572903677775940e+02,5.519204139709472656e-01,5.488275885581970215e-01,1.000015854835510254e+00,9.992066621780395508e-01
1.972499999999999787e+01,1.239358301841173358e+02,7.483328580856323242e-01,7.461835741996765137e-01,1.000015854835510254e+00,9.992063641548156738e-01
1.973750000000000071e+01,1.240143700004570775e+02,7.941015958786010742e-01,7.954317927360534668e-01,1.000015974044799805e+00,9.992061257362365723e-01
1.975000000000000000e+01,1.240929098167968334e+02,6.902230978012084961e-01,6.932264566421508789e-01,1.000015974044799805e+00,9.992058277130126953e-01
1.976249999999999929e+01,1.241714496331365751e+02,5.997250676155090332e-01,6.010752320289611816e-01,1.000015974044799805e+00,9.992057085037231445e-01
1.977499999999999858e+01,1.242499894494763168e+02,6.362882852554321289e-01,6.348410248756408691e-01,1.000015854835510254e+00,9.992055296897888184e-01
1.978749999999999787e+01,1.243285292658160586e+02,7.668840289115905762e-01,7.642555236816406250e-01,1.000015974044799805e+00,9.992054700851440430e-01
1.979999999999999716e+01,1.244070690821558003e+02,8.842138648033142090e-01,8.826946616172790527e-01,1.000015974044799805e+00,9.992054104804992676e-01
1.981250000000000000e+01,1.244856088984955562e+02,9.192144870758056641e-01,9.197745323181152344e-01,1.000015974044799805e+00,9.992053508758544922e-01
1.982499999999999929e+01,1.245641487148352979e+02,8.812383413314819336e-01,8.832062482833862305e-01,1.000015974044799805e+00,9.992053508758544922e-01
1.983749999999999858e+01,1.246426885311750397e+02,8.236052989959716797e-01,8.256162405014038086e-01,1.000015974044799805e+00,9.992052912712097168e-01
1.984999999999999787e+01,1.247212283475147814e+02,7.926365733146667480e-01,7.936705350875854492e-01,1.000015974044799805e+00,9.992052912712097168e-01
1.986250000000000071e+01,1.247997681638545373e+02,8.031285405158996582e-01,8.029287457466125488e-01,1.000015974044799805e+00,9.992053508758544922e-01
1.987500000000000000e+01,1.248783079801942790e+02,8.436585068702697754e-01,8.425606489181518555e-01,1.000015974044799805e+00,9.992054104804992676e-01
1.988749999999999929e+01,1.249568477965340207e+02,8.938610553741455078e-01,8.924052715301513672e-01,1.000015974044799805e+00,9.992053508758544922e-01
1.989999999999999858e+01,1.250353876128737625e+02,9.378437399864196777e-01,9.364733099937438965e-01,1.000015974044799805e+00,9.992053508758544922e-01
1.991249999999999787e+01,1.251139274292135042e+02,9.686959981918334961e-01,9.676425457000732422e-01,1.000015974044799805e+00,9.992053508758544922e-01
1.992500000000000071e+01,1.251924672455532601e+02,9.866701364517211914e-01,9.859788417816162109e-01,1.000016093254089355e+00,9.992054104804992676e-01
1.993750000000000000e+01,1.252710070618930018e+02,9.953802824020385742e-01,9.949884414672851562e-01,1.000015974044799805e+00,9.992053508758544922e-01
1.994999999999999929e+01,1.253495468782327436e+02,9.987946152687072754e-01,9.986050128936767578e-01,1.000016093254089355e+00,9.992053508758544922e-01
1.996249999999999858e+01,1.254280866945724853e+02,9.998010396957397461e-01,9.997268319129943848e-01,1.000016093254089355e+00,9.992053508758544922e-01
1.997500000000000142e+01,1.255066265109122412e+02,9.999874830245971680e-01,9.999672770500183105e-01,1.000016093254089355e+00,9.992052912712097168e-01
1.998750000000000071e+01,1.255851663272519829e+02,9.999984502792358398e-01,9.999963641166687012e-01,1.000016093254089355e+00,9.992052912712097168e-01
2.000000000000000000e+01,1.256637061435917246e+02,9.999976158142089844e-01,9.999979138374328613e-01,1.000016093254089355e+00,9.992052912712097168e-01
2.001249999999999929e+01,1.257422459599314664e+02,9.999960660934448242e-01,9.999988079071044922e-01,1.000016093254089355e+00,9.992053508758544922e-01
2.002499999999999858e+01,1.258207857762712081e+02,9.999660253524780273e-01,9.999868869781494141e-01,1.000016093254089355e+00,9.992053508758544922e-01
2.003750000000000142e+01,1.258993255926109640e+02,9.997233748435974121e-01,9.997982978820800781e-01,1.000016093254089355e+00,9.992053508758544922e-01
2.005000000000000071e+01,1.259778654089507057e+02,9.985971450805664062e-01,9.987871646881103516e-01,1.000016093254089355e+00,9.992054104804992676e-01
2.006250000000000000e+01,1.260564052252904474e+02,9.949724078178405762e-01,9.953647255897521973e-01,1.000016212463378906e+00,9.992054104804992676e-01
2.007499999999999929e+01,1.261349450416301892e+02,9.859510660171508789e-01,9.866423606872558594e-01,1.000016212463378906e+00,9.992053508758544922e-01
2.008750000000000213e+01,1.262134848579699451e+02,9.676010012626647949e-01,9.686536192893981934e-01,1.000016212463378906e+00,9.992053508758544922e-01
2.010000000000000142e+01,1.262920246743096868e+02,9.364199638366699219e-01,9.377890825271606445e-01,1.000016212463378906e+00,9.992054700851440430e-01
2.011250000000000071e+01,1.263705644906494285e+02,8.923490643501281738e-01,8.938037157058715820e-01,1.000016212463378906e+00,9.992054104804992676e-01
2.012500000000000000e+01,1.264491043069891703e+02,8.425189256668090820e-01,8.436171412467956543e-01,1.000016331672668457e+00,9.992053508758544922e-01
2.013749999999999929e+01,1.265276441233289120e+02,8.029222488403320312e-01,8.031250834465026855e-01,1.000016331672668457e+00,9.992054104804992676e-01
2.015000000000000213e+01,1.266061839396686679e+02,7.937110662460327148e-01,7.926842570304870605e-01,1.000016212463378906e+00,9.992053508758544922e-01
2.016250000000000142e+01,1.266847237560084096e+02,8.256929516792297363e-01,8.236925005912780762e-01,1.000016212463378906e+00,9.992052912712097168e-01
2.017500000000000071e+01,1.267632635723481513e+02,8.832795023918151855e-01,8.813216686248779297e-01,1.000016212463378906e+00,9.992052316665649414e-01
2.018750000000000000e+01,1.268418033886878931e+02,9.197927713394165039e-01,9.192365407943725586e-01,1.000016331672668457e+00,9.992052316665649414e-01
2.020000000000000284e+01,1.269203432050276490e+02,8.826345205307006836e-01,8.841493129730224609e-01,1.000016212463378906e+00,9.992051720619201660e-01
2.021250000000000213e+01,1.269988830213673907e+02,7.641548514366149902e-01,7.667766809463500977e-01,1.000016212463378906e+00,9.992049932479858398e-01
2.022500000000000142e+01,1.270774228377071324e+02,6.347869038581848145e-01,6.362341642379760742e-01,1.000016212463378906e+00,9.992048740386962891e-01
2.023750000000000071e+01,1.271559626540468741e+02,6.011280417442321777e-01,5.997880101203918457e-01,1.000016331672668457e+00,9.992047548294067383e-01
2.025000000000000000e+01,1.272345024703866159e+02,6.933407783508300781e-01,6.903497576713562012e-01,1.000016331672668457e+00,9.992045164108276367e-01
2.026249999999999929e+01,1.273130422867263718e+02,7.954800128936767578e-01,7.941544055938720703e-01,1.000016331672668457e+00,9.992043972015380859e-01
2.027500000000000213e+01,1.273915821030661135e+02,7.460947632789611816e-01,7.482442855834960938e-01,1.000016331672668457e+00,9.992040991783142090e-01
2.028750000000000142e+01,1.274701219194058552e+02,5.487030148506164551e-01,5.517996549606323242e-01,1.000016450881958008e+00,9.992037415504455566e-01
2.030000000000000071e+01,1.275486617357455970e+02,4.170326888561248779e-01,4.168499708175659180e-01,1.000016450881958008e+00,9.992033243179321289e-01
2.031250000000000000e+01,1.276272015520853387e+02,5.082505345344543457e-01,5.048199892044067383e-01,1.000016450881958008e+00,9.992028474807739258e-01
2.032499999999999929e+01,1.277057413684250946e+02,6.609041690826416016e-01,6.592394113540649414e-01,1.000016450881958008e+00,9.992023110389709473e-01
2.033749999999999858e+01,1.277842811847648363e+02,5.870100855827331543e-01,5.898532867431640625e-01,1.000016331672668457e+00,9.992017149925231934e-01
2.035000000000000142e+01,1.278628210011045780e+02,3.321708142757415771e-01,3.350900709629058838e-01,1.000016450881958008e+00,9.992009997367858887e-01
2.036250000000000071e+01,1.279413608174443198e+02,2.573170959949493408e-01,2.553590238094329834e-01,1.000016450881958008e+00,9.992001056671142578e-01
2.037500000000000000e+01,1.280199006337840615e+02,4.469576179981231689e-01,4.433372020721435547e-01,1.000016331672668457e+00,9.991992115974426270e-01
2.038749999999999929e+01,1.280984404501238032e+02,5.148257017135620117e-01,5.159770846366882324e-01,1.000016450881958008e+00,9.991980791091918945e-01
2.039999999999999858e+01,1.281769802664635449e+02,2.630053460597991943e-01,2.669809460639953613e-01,1.000016450881958008e+00,9.991969466209411621e-01
2.041250000000000142e+01,1.282555200828033151e+02,7.911015301942825317e-02,7.854416221380233765e-02,1.000016570091247559e+00,9.991957545280456543e-01
2.042500000000000071e+01,1.283340598991430568e+02,2.469898909330368042e-01,2.428369075059890747e-01,1.000016570091247559e+00,9.991944432258605957e-01
2.043750000000000000e+01,1.284125997154827985e+02,3.831790685653686523e-01,3.833917081356048584e-01,1.000016570091247559e+00,9.991930723190307617e-01
2.044999999999999929e+01,1.284911395318225402e+02,1.463466584682464600e-01,1.505948901176452637e-01,1.000016570091247559e+00,9.991916418075561523e-01
2.046249999999999858e+01,1.285696793481622819e+02,-7.962910830974578857e-02,-7.967731356620788574e-02,1.000016570091247559e+00,9.991900920867919922e-01
2.047499999999999787e+01,1.286482191645020237e+02,7.957180589437484741e-02,7.526576519012451172e-02,1.000016689300537109e+00,9.991885423660278320e-01
2.048749999999999716e+01,1.287267589808417654e+02,2.344740480184555054e-01,2.344794124364852905e-01,1.000016570091247559e+00,9.991869926452636719e-01
2.050000000000000000e+01,1.288052987971815071e+02,-2.255997387692332268e-03,2.081635175272822380e-03,1.000016570091247559e+00,9.991853237152099609e-01
2.051249999999999929e+01,1.288838386135212488e+02,-2.344748973846435547e-01,-2.344784587621688843e-01,1.000016689300537109e+00,9.991837739944458008e-01
2.052500000000000213e+01,1.289623784298610190e+02,-7.507729530334472656e-02,-7.941415905952453613e-02,1.000016689300537109e+00,9.991821646690368652e-01
2.053750000000000142e+01,1.290409182462007607e+02,7.967502623796463013e-02,7.963795959949493408e-02,1.000016689300537109e+00,9.991806149482727051e-01
2.055000000000000071e+01,1.291194580625405024e+02,-1.507963240146636963e-01,-1.464860290288925171e-01,1.000016689300537109e+00,9.991791844367980957e-01
2.056250000000000000e+01,1.291979978788802441e+02,-3.833986520767211914e-01,-3.831953406333923340e-01,1.000016808509826660e+00,9.991776347160339355e-01
2.057499999999999929e+01,1.292765376952199858e+02,-2.426237463951110840e-01,-2.468698024749755859e-01,1.000016808509826660e+00,9.991762042045593262e-01
2.058749999999999858e+01,1.293550775115597276e+02,-7.851674407720565796e-02,-7.908506691455841064e-02,1.000016927719116211e+00,9.991748929023742676e-01
2.059999999999999787e+01,1.294336173278994693e+02,-2.672002911567687988e-01,-2.631039023399353027e-01,1.000016927719116211e+00,9.991736412048339844e-01
2.061249999999999716e+01,1.295121571442392110e+02,-5.160381197929382324e-01,-5.148624181747436523e-01,1.000016808509826660e+00,9.991724491119384766e-01
2.062499999999999645e+01,1.295906969605789527e+02,-4.431201815605163574e-01,-4.468832612037658691e-01,1.000016927719116211e+00,9.991714358329772949e-01
2.063750000000000284e+01,1.296692367769187229e+02,-2.552424073219299316e-01,-2.572690844535827637e-01,1.000016927719116211e+00,9.991704821586608887e-01
2.065000000000000213e+01,1.297477765932584646e+02,-3.352717459201812744e-01,-3.322217166423797607e-01,1.000016927719116211e+00,9.991697072982788086e-01
2.066250000000000142e+01,1.298263164095982063e+02,-5.900306701660156250e-01,-5.870670080184936523e-01,1.000016927719116211e+00,9.991689324378967285e-01
2.067500000000000071e+01,1.299048562259379480e+02,-6.591295599937438965e-01,-6.608824729919433594e-01,1.000016927719116211e+00,9.991682767868041992e-01
2.068750000000000000e+01,1.299833960422776897e+02,-5.045935511589050293e-01,-5.081908106803894043e-01,1.000016927719116211e+00,9.991676211357116699e-01
2.069999999999999929e+01,1.300619358586174314e+02,-4.168375432491302490e-01,-4.170212149620056152e-01,1.000016927719116211e+00,9.991670846939086914e-01
2.071249999999999858e+01,1.301404756749571732e+02,-5.520064234733581543e-01,-5.487488508224487305e-01,1.000016927719116211e+00,9.991667270660400391e-01
2.072499999999999787e+01,1.302190154912969149e+02,-7.483862042427062988e-01,-7.461328506469726562e-01,1.000017046928405762e+00,9.991663098335266113e-01
2.073749999999999716e+01,1.302975553076366566e+02,-7.940614819526672363e-01,-7.954671978950500488e-01,1.000017166137695312e+00,9.991659522056579590e-01
2.075000000000000355e+01,1.303760951239764267e+02,-6.901433467864990234e-01,-6.932992339134216309e-01,1.000017166137695312e+00,9.991658329963684082e-01
2.076250000000000284e+01,1.304546349403161685e+02,-5.996935367584228516e-01,-6.011044979095458984e-01,1.000017166137695312e+00,9.991657137870788574e-01
2.077500000000000213e+01,1.305331747566559102e+02,-6.363312602043151855e-01,-6.348021030426025391e-01,1.000017166137695312e+00,9.991655349731445312e-01
2.078750000000000142e+01,1.306117145729956519e+02,-7.669548392295837402e-01,-7.641903758049011230e-01,1.000017166137695312e+00,9.991654157638549805e-01
2.080000000000000071e+01,1.306902543893353936e+02,-8.842524886131286621e-01,-8.826590776443481445e-01,1.000017166137695312e+00,9.991652965545654297e-01
2.081250000000000000e+01,1.307687942056751353e+02,-9.191975593566894531e-01,-9.197902679443359375e-01,1.000017166137695312e+00,9.991652965545654297e-01
2.082499999999999929e+01,1.308473340220148771e+02,-8.811845183372497559e-01,-8.832545876502990723e-01,1.000017285346984863e+00,9.991651773452758789e-01
2.083749999999999858e+01,1.309258738383546188e+02,-8.235517740249633789e-01,-8.256630897521972656e-01,1.000017285346984863e+00,9.991651773452758789e-01
2.084999999999999787e+01,1.310044136546943605e+02,-7.926105856895446777e-01,-7.936916947364807129e-01,1.000017285346984863e+00,9.991651177406311035e-01
2.086250000000000071e+01,1.310829534710341306e+02,-8.031362295150756836e-01,-8.029195666313171387e-01,1.000017285346984863e+00,9.991651177406311035e-01
2.087500000000000000e+01,1.311614932873738724e+02,-8.436902761459350586e-01,-8.425304293632507324e-01,1.000017166137695312e+00,9.991651177406311035e-01
2.088749999999999929e+01,1.312400331037136141e+02,-8.939020037651062012e-01,-8.923674225807189941e-01,1.000017166137695312e+00,9.991650581359863281e-01
2.090000000000000213e+01,1.313185729200533558e+02,-9.378814101219177246e-01,-9.364386200904846191e-01,1.000017166137695312e+00,9.991650581359863281e-01
2.091250000000000142e+01,1.313971127363930975e+02,-9.687246680259704590e-01,-9.676164388656616211e-01,1.000017166137695312e+00,9.991651177406311035e-01
2.092500000000000071e+01,1.314756525527328392e+02,-9.866886138916015625e-01,-9.859617948532104492e-01,1.000017166137695312e+00,9.991650581359863281e-01
2.093750000000000000e+01,1.315541923690725810e+02,-9.953907132148742676e-01,-9.949788451194763184e-01,1.000017166137695312e+00,9.991651177406311035e-01
2.094999999999999929e+01,1.316327321854123227e+02,-9.987993240356445312e-01,-9.986003637313842773e-01,1.000017046928405762e+00,9.991650581359863281e-01
2.096249999999999858e+01,1.317112720017520644e+02,-9.998027086257934570e-01,-9.997248649597167969e-01,1.000017046928405762e+00,9.991651177406311035e-01
2.097500000000000142e+01,1.317898118180918345e+02,-9.999878406524658203e-01,-9.999665617942810059e-01,1.000017046928405762e+00,9.991651177406311035e-01
2.098750000000000071e+01,1.318683516344315763e+02,-9.999983310699462891e-01,-9.999961256980895996e-01,1.000017166137695312e+00,9.991651177406311035e-01
2.100000000000000000e+01,1.319468914507713180e+02,-9.999973773956298828e-01,-9.999977350234985352e-01,1.000017166137695312e+00,9.991650581359863281e-01
2.101249999999999929e+01,1.320254312671110597e+02,-9.999957084655761719e-01,-9.999985098838806152e-01,1.000017166137695312e+00,9.991651177406311035e-01
2.102499999999999858e+01,1.321039710834508014e+02,-9.999652504920959473e-01,-9.999871850013732910e-01,1.000017166137695312e+00,9.991650581359863281e-01
2.103750000000000142e+01,1.321825108997905431e+02,-9.997211694717407227e-01,-9.997997879981994629e-01,1.000017166137695312e+00,9.991649985313415527e-01
2.105000000000000071e+01,1.322610507161302849e+02,-9.985917210578918457e-01,-9.987915158271789551e-01,1.000017166137695312e+00,9.991650581359863281e-01
2.106250000000000000e+01,1.323395905324700266e+02,-9.949613809585571289e-01,-9.953741431236267090e-01,1.000017166137695312e+00,9.991649985313415527e-01
2.107499999999999929e+01,1.324181303488097683e+02,-9.859315752983093262e-01,-9.866592884063720703e-01,1.000017046928405762e+00,9.991650581359863281e-01
2.108750000000000213e+01,1.324966701651495384e+02,-9.675714969635009766e-01,-9.686796665191650391e-01,1.000017046928405762e+00,9.991651177406311035e-01
2.110000000000000142e+01,1.325752099814892802e+02,-9.363810420036315918e-01,-9.378233551979064941e-01,1.000017046928405762e+00,9.991650581359863281e-01
2.111250000000000071e+01,1.326537497978290219e+02,-8.923075199127197266e-01,-8.938412070274353027e-01,1.000017046928405762e+00,9.991650581359863281e-01
2.112500000000000000e+01,1.327322896141687636e+02,-8.424863219261169434e-01,-8.436465859413146973e-01,1.000017046928405762e+00,9.991649985313415527e-01
2.113749999999999929e+01,1.328108294305085053e+02,-8.029137253761291504e-01,-8.031328320503234863e-01,1.000017046928405762e+00,9.991649985313415527e-01
2.114999999999999858e+01,1.328893692468482470e+02,-7.937369942665100098e-01,-7.926611304283142090e-01,1.000017046928405762e+00,9.991649389266967773e-01
2.116249999999999787e+01,1.329679090631879887e+02,-8.257471323013305664e-01,-8.236439228057861328e-01,1.000017046928405762e+00,9.991649389266967773e-01
2.117499999999999716e+01,1.330464488795277305e+02,-8.833342790603637695e-01,-8.812724351882934570e-01,1.000017046928405762e+00,9.991649389266967773e-01
2.118750000000000000e+01,1.331249886958674722e+02,-9.198101162910461426e-01,-9.192211031913757324e-01,1.000017046928405762e+00,9.991648793220520020e-01
2.120000000000000284e+01,1.332035285122072423e+02,-8.825919628143310547e-01,-8.841858506202697754e-01,1.000017046928405762e+00,9.991648197174072266e-01
2.121250000000000213e+01,1.332820683285469840e+02,-7.640786170959472656e-01,-7.668428421020507812e-01,1.000017046928405762e+00,9.991648197174072266e-01
2.122500000000000142e+01,1.333606081448867258e+02,-6.347437500953674316e-01,-6.362729072570800781e-01,1.000017046928405762e+00,9.991647005081176758e-01
2.123750000000000071e+01,1.334391479612264675e+02,-6.011636853218078613e-01,-5.997574925422668457e-01,1.000016927719116211e+00,9.991646409034729004e-01
2.125000000000000000e+01,1.335176877775662092e+02,-6.934254169464111328e-01,-6.902753710746765137e-01,1.000016927719116211e+00,9.991643428802490234e-01
2.126249999999999929e+01,1.335962275939059509e+02,-7.955195903778076172e-01,-7.941190004348754883e-01,1.000016927719116211e+00,9.991641640663146973e-01
2.127499999999999858e+01,1.336747674102456926e+02,-7.460349202156066895e-01,-7.482956051826477051e-01,1.000016927719116211e+00,9.991639256477355957e-01
2.128749999999999787e+01,1.337533072265854344e+02,-5.486140847206115723e-01,-5.518773198127746582e-01,1.000016927719116211e+00,9.991635680198669434e-01
2.129999999999999716e+01,1.338318470429251761e+02,-4.170364141464233398e-01,-4.168482124805450439e-01,1.000017046928405762e+00,9.991632103919982910e-01
2.131249999999999645e+01,1.339103868592649178e+02,-5.083481073379516602e-01,-5.047357082366943359e-01,1.000017046928405762e+00,9.991626739501953125e-01
2.132500000000000284e+01,1.339889266756046879e+02,-6.609525084495544434e-01,-6.591953039169311523e-01,1.000017046928405762e+00,9.991621375083923340e-01
2.133750000000000213e+01,1.340674664919444297e+02,-5.869251489639282227e-01,-5.899223089218139648e-01,1.000017046928405762e+00,9.991614222526550293e-01
2.135000000000000142e+01,1.341460063082841714e+02,-3.320852220058441162e-01,-3.351666629314422607e-01,1.000017166137695312e+00,9.991607069969177246e-01
2.136250000000000071e+01,1.342245461246239131e+02,-2.573774158954620361e-01,-2.553144097328186035e-01,1.000017046928405762e+00,9.991598129272460938e-01
2.137500000000000000e+01,1.343030859409636548e+02,-4.470652937889099121e-01,-4.432452619075775146e-01,1.000017166137695312e+00,9.991588592529296875e-01
2.138749999999999929e+01,1.343816257573033965e+02,-5.147891640663146973e-01,-5.160016417503356934e-01,1.000017166137695312e+00,9.991577863693237305e-01
2.139999999999999858e+01,1.344601655736431383e+02,-2.628899812698364258e-01,-2.670815885066986084e-01,1.000017166137695312e+00,9.991565942764282227e-01
2.141249999999999787e+01,1.345387053899828800e+02,-7.912750542163848877e-02,-7.853554934263229370e-02,1.000017166137695312e+00,9.991554021835327148e-01
2.142499999999999716e+01,1.346172452063226217e+02,-2.471080422401428223e-01,-2.427333295345306396e-01,1.000017166137695312e+00,9.991540312767028809e-01
2.143750000000000355e+01,1.346957850226623918e+02,-3.831695914268493652e-01,-3.833920359611511230e-01,1.000017285346984863e+00,9.991526603698730469e-01
2.145000000000000284e+01,1.347743248390021336e+02,-1.462259590625762939e-01,-1.507008671760559082e-01,1.000017285346984863e+00,9.991512894630432129e-01
2.146250000000000213e+01,1.348528646553418753e+02,7.962124794721603394e-02,7.967301458120346069e-02,1.000017404556274414e+00,9.991496801376342773e-01
2.147500000000000142e+01,1.349314044716816170e+02,-7.969168573617935181e-02,-7.515846192836761475e-02,1.000017285346984863e+00,9.991481900215148926e-01
2.148750000000000071e+01,1.350099442880213587e+02,-2.344649285078048706e-01,-2.344717830419540405e-01,1.000017404556274414e+00,9.991465210914611816e-01
2.150000000000000000e+01,1.350884841043611004e+02,2.373383147642016411e-03,-2.187156584113836288e-03,1.000017404556274414e+00,9.991449713706970215e-01
2.151249999999999929e+01,1.351670239207008422e+02,2.344642579555511475e-01,2.344706803560256958e-01,1.000017523765563965e+00,9.991434812545776367e-01
2.152499999999999858e+01,1.352455637370405839e+02,7.495730370283126831e-02,7.951903343200683594e-02,1.000017404556274414e+00,9.991418719291687012e-01
2.153749999999999787e+01,1.353241035533803256e+02,-7.966286689043045044e-02,-7.962927222251892090e-02,1.000017404556274414e+00,9.991403818130493164e-01
2.155000000000000071e+01,1.354026433697200957e+02,1.509184390306472778e-01,1.463821679353713989e-01,1.000017404556274414e+00,9.991388916969299316e-01
2.156250000000000000e+01,1.354811831860598375e+02,3.833892941474914551e-01,3.831828534603118896e-01,1.000017404556274414e+00,9.991374015808105469e-01
2.157499999999999929e+01,1.355597230023995792e+02,2.425044029951095581e-01,2.469714432954788208e-01,1.000017404556274414e+00,9.991360306739807129e-01
2.158750000000000213e+01,1.356382628187393209e+02,7.851734757423400879e-02,7.910602539777755737e-02,1.000017404556274414e+00,9.991347193717956543e-01
2.160000000000000142e+01,1.357168026350790626e+02,2.673158347606658936e-01,2.630074322223663330e-01,1.000017523765563965e+00,9.991334676742553711e-01
2.161250000000000071e+01,1.357953424514188043e+02,5.160586237907409668e-01,5.148274302482604980e-01,1.000017523765563965e+00,9.991323947906494141e-01
2.162500000000000000e+01,1.358738822677585460e+02,4.430159032344818115e-01,4.469704627990722656e-01,1.000017642974853516e+00,9.991313815116882324e-01
2.163749999999999929e+01,1.359524220840982878e+02,2.551968991756439209e-01,2.573239207267761230e-01,1.000017642974853516e+00,9.991304874420166016e-01
2.164999999999999858e+01,1.360309619004380295e+02,3.353603482246398926e-01,3.321554660797119141e-01,1.000017642974853516e+00,9.991296529769897461e-01
2.166250000000000142e+01,1.361095017167777996e+02,5.901028513908386230e-01,5.869948863983154297e-01,1.000017642974853516e+00,9.991288781166076660e-01
2.167500000000000071e+01,1.361880415331175413e+02,6.590769886970520020e-01,6.609191894531250000e-01,1.000017762184143066e+00,9.991282224655151367e-01
2.168750000000000000e+01,1.362665813494572831e+02,5.045052766799926758e-01,5.082758069038391113e-01,1.000017762184143066e+00,9.991276860237121582e-01
2.169999999999999929e+01,1.363451211657970248e+02,4.168414771556854248e-01,4.170307219028472900e-01,1.000017762184143066e+00,9.991271495819091797e-01
2.171249999999999858e+01,1.364236609821367665e+02,5.520929098129272461e-01,5.486753582954406738e-01,1.000017881393432617e+00,9.991267323493957520e-01
2.172499999999999787e+01,1.365022007984765082e+02,7.484400868415832520e-01,7.460778355598449707e-01,1.000017881393432617e+00,9.991263747215270996e-01
2.173750000000000071e+01,1.365807406148162499e+02,7.940226197242736816e-01,7.954962253570556641e-01,1.000017762184143066e+00,9.991260766983032227e-01
2.175000000000000000e+01,1.366592804311559917e+02,6.900662183761596680e-01,6.933724880218505859e-01,1.000017881393432617e+00,9.991258978843688965e-01
2.176249999999999929e+01,1.367378202474957334e+02,5.996651649475097656e-01,6.011408567428588867e-01,1.000017881393432617e+00,9.991257786750793457e-01
2.177500000000000213e+01,1.368163600638355035e+02,6.363759636878967285e-01,6.347705125808715820e-01,1.000017881393432617e+00,9.991255998611450195e-01
2.178750000000000142e+01,1.368948998801752452e+02,7.670264840126037598e-01,7.641272544860839844e-01,1.000017881393432617e+00,9.991254806518554688e-01
2.180000000000000071e+01,1.369734396965149870e+02,8.842887282371520996e-01,8.826205134391784668e-01,1.000017881393432617e+00,9.991254210472106934e-01
2.181250000000000000e+01,1.370519795128547287e+02,9.191785454750061035e-01,9.198015332221984863e-01,1.000017881393432617e+00,9.991254210472106934e-01
2.182499999999999929e+01,1.371305193291944704e+02,8.811328411102294922e-01,8.833019137382507324e-01,1.000017762184143066e+00,9.991253614425659180e-01
2.183749999999999858e+01,1.372090591455342121e+02,8.235023617744445801e-01,8.257144689559936523e-01,1.000017881393432617e+00,9.991253018379211426e-01
2.184999999999999787e+01,1.372875989618739538e+02,7.925888299942016602e-01,7.937212586402893066e-01,1.000017881393432617e+00,9.991252422332763672e-01
2.186249999999999716e+01,1.373661387782136956e+02,8.031467199325561523e-01,8.029190897941589355e-01,1.000017881393432617e+00,9.991253018379211426e-01
2.187499999999999645e+01,1.374446785945534373e+02,8.437226414680480957e-01,8.425070047378540039e-01,1.000017881393432617e+00,9.991251826286315918e-01
2.188750000000000284e+01,1.375232184108932074e+02,8.939419388771057129e-01,8.923338651657104492e-01,1.000017881393432617e+00,9.991253018379211426e-01
2.190000000000000213e+01,1.376017582272329491e+02,9.379182457923889160e-01,9.364060759544372559e-01,1.000017881393432617e+00,9.991253018379211426e-01
2.191250000000000142e+01,1.376802980435726909e+02,9.687519669532775879e-01,9.675906300544738770e-01,1.000017881393432617e+00,9.991253018379211426e-01
2.192500000000000071e+01,1.377588378599124326e+02,9.867064356803894043e-01,9.859445095062255859e-01,1.000017881393432617e+00,9.991252422332763672e-01
2.193750000000000000e+01,1.378373776762521743e+02,9.954003691673278809e-01,9.949687719345092773e-01,1.000018000602722168e+00,9.991253018379211426e-01
2.194999999999999929e+01,1.379159174925919160e+02,9.988038539886474609e-01,9.985952973365783691e-01,1.000018000602722168e+00,9.991252422332763672e-01
2.196249999999999858e+01,1.379944573089316577e+02,9.998042583465576172e-01,9.997227191925048828e-01,1.000018000602722168e+00,9.991253018379211426e-01
2.197499999999999787e+01,1.380729971252713995e+02,9.999879598617553711e-01,9.999658465385437012e-01,1.000017881393432617e+00,9.991253018379211426e-01
2.198749999999999716e+01,1.381515369416111412e+02,9.999980926513671875e-01,9.999959468841552734e-01,1.000017881393432617e+00,9.991253018379211426e-01
2.199999999999999645e+01,1.382300767579508829e+02,9.999971389770507812e-01,9.999974966049194336e-01,1.000017881393432617e+00,9.991253614425659180e-01
2.201250000000000284e+01,1.383086165742906530e+02,9.999953508377075195e-01,9.999984502792358398e-01,1.000017881393432617e+00,9.991253018379211426e-01
2.202500000000000213e+01,1.383871563906303948e+02,9.999644756317138672e-01,9.999874830245971680e-01,1.000017881393432617e+00,9.991253614425659180e-01
2.203750000000000142e+01,1.384656962069701365e+02,9.997191429138183594e-01,9.998015761375427246e-01,1.000017881393432617e+00,9.991253614425659180e-01
2.205000000000000071e+01,1.385442360233098782e+02,9.985866546630859375e-01,9.987961053848266602e-01,1.000017881393432617e+00,9.991253614425659180e-01
2.206250000000000000e+01,1.386227758396496199e+02,9.949510693550109863e-01,9.953837394714355469e-01,1.000018000602722168e+00,9.991253018379211426e-01
2.207499999999999929e+01,1.387013156559893616e+02,9.859133958816528320e-01,9.866761565208435059e-01,1.000018000602722168e+00,9.991253018379211426e-01
2.208749999999999858e+01,1.387798554723291033e+02,9.675431251525878906e-01,9.687051773071289062e-01,1.000018000602722168e+00,9.991253018379211426e-01
2.209999999999999787e+01,1.388583952886688451e+02,9.363439083099365234e-01,9.378558993339538574e-01,1.000018000602722168e+00,9.991253614425659180e-01
2.211249999999999716e+01,1.389369351050085868e+02,8.922663927078247070e-01,8.938742280006408691e-01,1.000018000602722168e+00,9.991253614425659180e-01
2.212500000000000355e+01,1.390154749213483569e+02,8.424536585807800293e-01,8.436695933341979980e-01,1.000018000602722168e+00,9.991253018379211426e-01
2.213750000000000284e+01,1.390940147376880986e+02,8.029035329818725586e-01,8.031328916549682617e-01,1.000018000602722168e+00,9.991253018379211426e-01
2.215000000000000213e+01,1.391725545540278404e+02,7.937593460083007812e-01,7.926313281059265137e-01,1.000018000602722168e+00,9.991253018379211426e-01
2.216250000000000142e+01,1.392510943703675821e+02,8.257967829704284668e-01,8.235923051834106445e-01,1.000018000602722168e+00,9.991252422332763672e-01
2.217500000000000071e+01,1.393296341867073238e+02,8.833859562873840332e-01,8.812246322631835938e-01,1.000018119812011719e+00,9.991253018379211426e-01
2.218750000000000000e+01,1.394081740030470655e+02,9.198279380798339844e-01,9.192095398902893066e-01,1.000018119812011719e+00,9.991251826286315918e-01
2.219999999999999929e+01,1.394867138193868072e+02,8.825556635856628418e-01,8.842248916625976562e-01,1.000018239021301270e+00,9.991251230239868164e-01
2.221249999999999858e+01,1.395652536357265490e+02,7.640082836151123047e-01,7.669064402580261230e-01,1.000018119812011719e+00,9.991250634193420410e-01
2.222499999999999787e+01,1.396437934520662907e+02,6.346973776817321777e-01,6.363043785095214844e-01,1.000018119812011719e+00,9.991249442100524902e-01
2.223750000000000071e+01,1.397223332684060608e+02,6.011909246444702148e-01,5.997198224067687988e-01,1.000018119812011719e+00,9.991248250007629395e-01
2.225000000000000000e+01,1.398008730847458025e+02,6.935025453567504883e-01,6.902009248733520508e-01,1.000018119812011719e+00,9.991246461868286133e-01
2.226249999999999929e+01,1.398794129010855443e+02,7.955592870712280273e-01,7.940894961357116699e-01,1.000018239021301270e+00,9.991245269775390625e-01
2.227500000000000213e+01,1.399579527174252860e+02,7.459838986396789551e-01,7.483513951301574707e-01,1.000018239021301270e+00,9.991242289543151855e-01
2.228750000000000142e+01,1.400364925337650277e+02,5.485280156135559082e-01,5.519514083862304688e-01,1.000018239021301270e+00,9.991239905357360840e-01
2.230000000000000071e+01,1.401150323501047694e+02,4.170285463333129883e-01,4.168380498886108398e-01,1.000018239021301270e+00,9.991236329078674316e-01
2.231250000000000000e+01,1.401935721664445111e+02,5.084347128868103027e-01,5.046494007110595703e-01,1.000018239021301270e+00,9.991230964660644531e-01
2.232499999999999929e+01,1.402721119827842529e+02,6.610057950019836426e-01,6.591584086418151855e-01,1.000018358230590820e+00,9.991225600242614746e-01
2.233749999999999858e+01,1.403506517991239946e+02,5.868582725524902344e-01,5.899940133094787598e-01,1.000018358230590820e+00,9.991219043731689453e-01
2.235000000000000142e+01,1.404291916154637647e+02,3.319970071315765381e-01,3.352314531803131104e-01,1.000018358230590820e+00,9.991211295127868652e-01
2.236250000000000071e+01,1.405077314318035064e+02,2.574119567871093750e-01,2.552597820758819580e-01,1.000018358230590820e+00,9.991202354431152344e-01
2.237500000000000000e+01,1.405862712481432482e+02,4.471665918827056885e-01,4.431606531143188477e-01,1.000018358230590820e+00,9.991192817687988281e-01
2.238749999999999929e+01,1.406648110644829899e+02,5.147748589515686035e-01,5.160366892814636230e-01,1.000018477439880371e+00,9.991183280944824219e-01
2.239999999999999858e+01,1.407433508808227316e+02,2.627774178981781006e-01,2.671748995780944824e-01,1.000018477439880371e+00,9.991171956062316895e-01
2.241249999999999787e+01,1.408218906971624733e+02,7.912004739046096802e-02,7.851321995258331299e-02,1.000018477439880371e+00,9.991159439086914062e-01
2.242500000000000071e+01,1.409004305135022150e+02,2.472179830074310303e-01,2.426346987485885620e-01,1.000018596649169922e+00,9.991145730018615723e-01
2.243750000000000000e+01,1.409789703298419568e+02,3.831874132156372070e-01,3.834056556224822998e-01,1.000018596649169922e+00,9.991132616996765137e-01
2.244999999999999929e+01,1.410575101461816985e+02,1.461129933595657349e-01,1.508013606071472168e-01,1.000018596649169922e+00,9.991117715835571289e-01
2.246250000000000213e+01,1.411360499625214686e+02,-7.964556664228439331e-02,-7.968297600746154785e-02,1.000018596649169922e+00,9.991102814674377441e-01
2.247500000000000142e+01,1.412145897788612103e+02,7.980666309595108032e-02,7.505667954683303833e-02,1.000018596649169922e+00,9.991086721420288086e-01
2.248750000000000071e+01,1.412931295952009521e+02,2.344871461391448975e-01,2.344811856746673584e-01,1.000018715858459473e+00,9.991071820259094238e-01
2.250000000000000000e+01,1.413716694115406938e+02,-2.491517225280404091e-03,2.289032097905874252e-03,1.000018715858459473e+00,9.991055727005004883e-01
2.251249999999999929e+01,1.414502092278804355e+02,-2.344835549592971802e-01,-2.344823032617568970e-01,1.000018715858459473e+00,9.991040229797363281e-01
2.252499999999999858e+01,1.415287490442201772e+02,-7.483761757612228394e-02,-7.962291687726974487e-02,1.000018835067749023e+00,9.991024732589721680e-01
2.253749999999999787e+01,1.416072888605599189e+02,7.968682795763015747e-02,7.964024692773818970e-02,1.000018835067749023e+00,9.991008639335632324e-01
2.254999999999999716e+01,1.416858286768996606e+02,-1.510375291109085083e-01,-1.462782174348831177e-01,1.000018715858459473e+00,9.990993738174438477e-01
2.256249999999999645e+01,1.417643684932394024e+02,-3.834184408187866211e-01,-3.831880688667297363e-01,1.000018835067749023e+00,9.990979433059692383e-01
2.257500000000000284e+01,1.418429083095791725e+02,-2.423841953277587891e-01,-2.470725029706954956e-01,1.000018954277038574e+00,9.990965127944946289e-01
2.258750000000000213e+01,1.419214481259189142e+02,-7.847660034894943237e-02,-7.910818606615066528e-02,1.000018835067749023e+00,9.990952610969543457e-01
2.260000000000000142e+01,1.419999879422586559e+02,-2.674267292022705078e-01,-2.629072070121765137e-01,1.000019073486328125e+00,9.990940093994140625e-01
2.261250000000000071e+01,1.420785277585983977e+02,-5.161098241806030273e-01,-5.148082971572875977e-01,1.000019073486328125e+00,9.990928769111633301e-01
2.262500000000000000e+01,1.421570675749381394e+02,-4.429180920124053955e-01,-4.470620751380920410e-01,1.000019073486328125e+00,9.990917444229125977e-01
2.263749999999999929e+01,1.422356073912778811e+02,-2.551238834857940674e-01,-2.573617100715637207e-01,1.000019073486328125e+00,9.990907907485961914e-01
2.264999999999999858e+01,1.423141472076176228e+02,-3.354282677173614502e-01,-3.320760428905487061e-01,1.000019192695617676e+00,9.990899562835693359e-01
2.266249999999999787e+01,1.423926870239573645e+02,-5.901919603347778320e-01,-5.869302153587341309e-01,1.000019192695617676e+00,9.990891218185424805e-01
2.267499999999999716e+01,1.424712268402971063e+02,-6.590414047241210938e-01,-6.609681844711303711e-01,1.000019311904907227e+00,9.990884661674499512e-01
2.268750000000000355e+01,1.425497666566368764e+02,-5.044041275978088379e-01,-5.083588957786560059e-01,1.000019311904907227e+00,9.990878701210021973e-01
2.270000000000000284e+01,1.426283064729766181e+02,-4.168220162391662598e-01,-4.170256853103637695e-01,1.000019311904907227e+00,9.990873932838439941e-01
2.271250000000000213e+01,1.427068462893163598e+02,-5.521718859672546387e-01,-5.485929846763610840e-01,1.000019311904907227e+00,9.990869760513305664e-01
2.272500000000000142e+01,1.427853861056561016e+02,-7.485060095787048340e-01,-7.460274696350097656e-01,1.000019431114196777e+00,9.990866184234619141e-01
2.273750000000000071e+01,1.428639259219958433e+02,-7.939919829368591309e-01,-7.955346107482910156e-01,1.000019431114196777e+00,9.990863204002380371e-01
2.275000000000000000e+01,1.429424657383355850e+02,-6.899816393852233887e-01,-6.934464573860168457e-01,1.000019311904907227e+00,9.990861415863037109e-01
2.276249999999999929e+01,1.430210055546753267e+02,-5.996199250221252441e-01,-6.011670231819152832e-01,1.000019431114196777e+00,9.990859031677246094e-01
2.277499999999999858e+01,1.430995453710150684e+02,-6.364072561264038086e-01,-6.347268819808959961e-01,1.000019431114196777e+00,9.990857243537902832e-01
2.278749999999999787e+01,1.431780851873548102e+02,-7.670956254005432129e-01,-7.640589475631713867e-01,1.000019311904907227e+00,9.990857243537902832e-01
2.280000000000000071e+01,1.432566250036945803e+02,-8.843340873718261719e-01,-8.825848698616027832e-01,1.000019311904907227e+00,9.990856051445007324e-01
2.281250000000000000e+01,1.433351648200343220e+02,-9.191672205924987793e-01,-9.198188781738281250e-01,1.000019311904907227e+00,9.990856051445007324e-01
2.282500000000000284e+01,1.434137046363740637e+02,-8.810799121856689453e-01,-8.833516836166381836e-01,1.000019431114196777e+00,9.990854859352111816e-01
2.283750000000000213e+01,1.434922444527138055e+02,-8.234446048736572266e-01,-8.257613778114318848e-01,1.000019431114196777e+00,9.990855455398559570e-01
2.285000000000000142e+01,1.435707842690535472e+02,-7.925543785095214844e-01,-7.937412858009338379e-01,1.000019431114196777e+00,9.990854859352111816e-01
2.286250000000000071e+01,1.436493240853932889e+02,-8.031454682350158691e-01,-8.029081225395202637e-01,1.000019431114196777e+00,9.990854859352111816e-01
2.287500000000000000e+01,1.437278639017330306e+02,-8.437467217445373535e-01,-8.424749374389648438e-01,1.000019431114196777e+00,9.990854263305664062e-01
2.288749999999999929e+01,1.438064037180727723e+02,-8.939773440361022949e-01,-8.922947049140930176e-01,1.000019431114196777e+00,9.990854263305664062e-01
2.289999999999999858e+01,1.438849435344125141e+02,-9.379529356956481934e-01,-9.363706707954406738e-01,1.000019431114196777e+00,9.990854859352111816e-01
2.291249999999999787e+01,1.439634833507522558e+02,-9.687799215316772461e-01,-9.675642251968383789e-01,1.000019431114196777e+00,9.990854263305664062e-01
2.292500000000000071e+01,1.440420231670920259e+02,-9.867249727249145508e-01,-9.859273433685302734e-01,1.000019431114196777e+00,9.990854859352111816e-01
2.293750000000000000e+01,1.441205629834317676e+02,-9.954112172126770020e-01,-9.949591159820556641e-01,1.000019311904907227e+00,9.990855455398559570e-01
2.294999999999999929e+01,1.441991027997715094e+02,-9.988089799880981445e-01,-9.985907673835754395e-01,1.000019431114196777e+00,9.990855455398559570e-01
2.296249999999999858e+01,1.442776426161112511e+02,-9.998061060905456543e-01,-9.997208118438720703e-01,1.000019311904907227e+00,9.990854859352111816e-01
2.297500000000000142e+01,1.443561824324509928e+02,-9.999884366989135742e-01,-9.999650716781616211e-01,1.000019311904907227e+00,9.990854859352111816e-01
2.298750000000000071e+01,1.444347222487907345e+02,-9.999978542327880859e-01,-9.999956488609313965e-01,1.000019311904907227e+00,9.990854859352111816e-01
2.300000000000000000e+01,1.445132620651304762e+02,-9.999967813491821289e-01,-9.999972581863403320e-01,1.000019311904907227e+00,9.990854859352111816e-01
2.301249999999999929e+01,1.445918018814702179e+02,-9.999949932098388672e-01,-9.999983310699462891e-01,1.000019311904907227e+00,9.990855455398559570e-01
2.302499999999999858e+01,1.446703416978099597e+02,-9.999636411666870117e-01,-9.999877810478210449e-01,1.000019311904907227e+00,9.990855455398559570e-01
2.303750000000000142e+01,1.447488815141497298e+02,-9.997166991233825684e-01,-9.998030066490173340e-01,1.000019311904907227e+00,9.990856051445007324e-01
2.305000000000000071e+01,1.448274213304894715e+02,-9.985810518264770508e-01,-9.988002777099609375e-01,1.000019311904907227e+00,9.990856051445007324e-01
2.306250000000000000e+01,1.449059611468292132e+02,-9.949400424957275391e-01,-9.953927993774414062e-01,1.000019311904907227e+00,9.990856647491455078e-01
2.307499999999999929e+01,1.449845009631689550e+02,-9.858943223953247070e-01,-9.866926074028015137e-01,1.000019311904907227e+00,9.990856051445007324e-01
2.308749999999999858e+01,1.450630407795086967e+02,-9.675146937370300293e-01,-9.687309265136718750e-01,1.000019311904907227e+00,9.990857243537902832e-01
2.309999999999999787e+01,1.451415805958484384e+02,-9.363079071044921875e-01,-9.378905296325683594e-01,1.000019431114196777e+00,9.990856647491455078e-01
2.311250000000000071e+01,1.452201204121881801e+02,-8.922305107116699219e-01,-8.939129114151000977e-01,1.000019311904907227e+00,9.990857243537902832e-01
2.312500000000000000e+01,1.452986602285279218e+02,-8.424290418624877930e-01,-8.437012434005737305e-01,1.000019311904907227e+00,9.990856051445007324e-01
2.313749999999999929e+01,1.453772000448676636e+02,-8.029045462608337402e-01,-8.031438589096069336e-01,1.000019311904907227e+00,9.990856647491455078e-01
2.315000000000000213e+01,1.454557398612074337e+02,-7.937931418418884277e-01,-7.926117181777954102e-01,1.000019431114196777e+00,9.990856647491455078e-01
2.316250000000000142e+01,1.455342796775471754e+02,-8.258541226387023926e-01,-8.235460519790649414e-01,1.000019431114196777e+00,9.990856647491455078e-01
2.317500000000000071e+01,1.456128194938869171e+02,-8.834373950958251953e-01,-8.811753392219543457e-01,1.000019431114196777e+00,9.990856051445007324e-01
2.318750000000000000e+01,1.456913593102266589e+02,-9.198383092880249023e-01,-9.191918373107910156e-01,1.000019431114196777e+00,9.990856647491455078e-01
2.319999999999999929e+01,1.457698991265664006e+02,-8.825125694274902344e-01,-8.842578530311584473e-01,1.000019431114196777e+00,9.990856051445007324e-01
2.321249999999999858e+01,1.458484389429061423e+02,-7.639413475990295410e-01,-7.669703364372253418e-01,1.000019550323486328e+00,9.990856051445007324e-01
2.322499999999999787e+01,1.459269787592458840e+02,-6.346663236618041992e-01,-6.363457441329956055e-01,1.000019431114196777e+00,9.990854263305664062e-01
2.323749999999999716e+01,1.460055185755856257e+02,-6.012326478958129883e-01,-5.996953248977661133e-01,1.000019550323486328e+00,9.990853071212768555e-01
2.324999999999999645e+01,1.460840583919253675e+02,-6.935822963714599609e-01,-6.901309490203857422e-01,1.000019550323486328e+00,9.990851879119873047e-01
2.326250000000000284e+01,1.461625982082651376e+02,-7.955893874168395996e-01,-7.940526008605957031e-01,1.000019669532775879e+00,9.990848898887634277e-01
2.327500000000000213e+01,1.462411380246048793e+02,-7.459238171577453613e-01,-7.483980059623718262e-01,1.000019550323486328e+00,9.990845322608947754e-01
2.328750000000000142e+01,1.463196778409446210e+02,-5.484517216682434082e-01,-5.520290732383728027e-01,1.000019669532775879e+00,9.990842342376708984e-01
2.330000000000000071e+01,1.463982176572843628e+02,-4.170408546924591064e-01,-4.168429970741271973e-01,1.000019550323486328e+00,9.990838170051574707e-01
2.331250000000000000e+01,1.464767574736241045e+02,-5.085242390632629395e-01,-5.045706033706665039e-01,1.000019550323486328e+00,9.990833997726440430e-01
2.332499999999999929e+01,1.465552972899638462e+02,-6.610411405563354492e-01,-6.591122746467590332e-01,1.000019669532775879e+00,9.990828037261962891e-01
2.333749999999999858e+01,1.466338371063035879e+02,-5.867818593978881836e-01,-5.900570750236511230e-01,1.000019669532775879e+00,9.990821480751037598e-01
2.334999999999999787e+01,1.467123769226433296e+02,-3.319321572780609131e-01,-3.353073596954345703e-01,1.000019550323486328e+00,9.990813136100769043e-01
2.336249999999999716e+01,1.467909167389830714e+02,-2.574693262577056885e-01,-2.552212476730346680e-01,1.000019669532775879e+00,9.990805387496948242e-01
2.337500000000000355e+01,1.468694565553228415e+02,-4.472507834434509277e-01,-4.430698156356811523e-01,1.000019550323486328e+00,9.990795850753784180e-01
2.338750000000000284e+01,1.469479963716625832e+02,-5.147399306297302246e-01,-5.160537958145141602e-01,1.000019550323486328e+00,9.990785717964172363e-01
2.340000000000000213e+01,1.470265361880023249e+02,-2.626869976520538330e-01,-2.672731578350067139e-01,1.000019669532775879e+00,9.990774393081665039e-01
2.341250000000000142e+01,1.471050760043420667e+02,-7.914546132087707520e-02,-7.851290702819824219e-02,1.000019669532775879e+00,9.990761280059814453e-01
2.342500000000000071e+01,1.471836158206818084e+02,-2.473127543926239014e-01,-2.425354719161987305e-01,1.000019550323486328e+00,9.990748763084411621e-01
2.343750000000000000e+01,1.472621556370215501e+02,-3.831685483455657959e-01,-3.833988606929779053e-01,1.000019550323486328e+00,9.990734457969665527e-01
2.344999999999999929e+01,1.473406954533612918e+02,-1.460194438695907593e-01,-1.509033441543579102e-01,1.000019669532775879e+00,9.990720748901367188e-01
2.346249999999999858e+01,1.474192352697010335e+02,7.962995767593383789e-02,7.967098802328109741e-02,1.000019788742065430e+00,9.990705251693725586e-01
2.347499999999999787e+01,1.474977750860407752e+02,-7.990170270204544067e-02,-7.495516538619995117e-02,1.000019669532775879e+00,9.990689754486083984e-01
2.348750000000000071e+01,1.475763149023805454e+02,-2.344757020473480225e-01,-2.344686985015869141e-01,1.000019669532775879e+00,9.990674853324890137e-01
2.350000000000000000e+01,1.476548547187202871e+02,2.589242067188024521e-03,-2.391590038314461708e-03,1.000019669532775879e+00,9.990659356117248535e-01
2.351250000000000284e+01,1.477333945350600288e+02,2.344745993614196777e-01,2.344692051410675049e-01,1.000019669532775879e+00,9.990642666816711426e-01
2.352500000000000213e+01,1.478119343513997705e+02,7.473734766244888306e-02,7.972498238086700439e-02,1.000019788742065430e+00,9.990627169609069824e-01
2.353750000000000142e+01,1.478904741677395123e+02,-7.968030124902725220e-02,-7.962396740913391113e-02,1.000019788742065430e+00,9.990611076354980469e-01
2.355000000000000071e+01,1.479690139840792540e+02,1.511345654726028442e-01,1.461801677942276001e-01,1.000019669532775879e+00,9.990596175193786621e-01
2.356250000000000000e+01,1.480475538004189957e+02,3.834184110164642334e-01,3.831700384616851807e-01,1.000019669532775879e+00,9.990582466125488281e-01
2.357499999999999929e+01,1.481260936167587374e+02,2.422915399074554443e-01,2.471682727336883545e-01,1.000019788742065430e+00,9.990569353103637695e-01
2.358749999999999858e+01,1.482046334330984791e+02,7.846613973379135132e-02,7.913480699062347412e-02,1.000019907951354980e+00,9.990556240081787109e-01
2.359999999999999787e+01,1.482831732494382209e+02,2.675166726112365723e-01,2.628176212310791016e-01,1.000019907951354980e+00,9.990543723106384277e-01
2.361250000000000071e+01,1.483617130657779910e+02,5.161343812942504883e-01,5.147698521614074707e-01,1.000019907951354980e+00,9.990532398223876953e-01
2.362500000000000000e+01,1.484402528821177327e+02,4.428329169750213623e-01,4.471424818038940430e-01,1.000019907951354980e+00,9.990521669387817383e-01
2.363749999999999929e+01,1.485187926984574744e+02,2.550824582576751709e-01,2.574190497398376465e-01,1.000019788742065430e+00,9.990512132644653320e-01
2.364999999999999858e+01,1.485973325147972162e+02,3.355004787445068359e-01,3.320165574550628662e-01,1.000019907951354980e+00,9.990504384040832520e-01
2.366250000000000142e+01,1.486758723311369579e+02,5.902575254440307617e-01,5.868567824363708496e-01,1.000019907951354980e+00,9.990496039390563965e-01
2.367500000000000071e+01,1.487544121474766996e+02,6.589990854263305664e-01,6.609979271888732910e-01,1.000020027160644531e+00,9.990490078926086426e-01
2.368750000000000000e+01,1.488329519638164413e+02,5.043213963508605957e-01,5.084432363510131836e-01,1.000020027160644531e+00,9.990484118461608887e-01
2.369999999999999929e+01,1.489114917801561830e+02,4.168212413787841797e-01,4.170431792736053467e-01,1.000020027160644531e+00,9.990478754043579102e-01
2.371249999999999858e+01,1.489900315964959248e+02,5.522502064704895020e-01,5.485272407531738281e-01,1.000020027160644531e+00,9.990473985671997070e-01
2.372500000000000142e+01,1.490685714128356949e+02,7.485562562942504883e-01,7.459724545478820801e-01,1.000020146369934082e+00,9.990470409393310547e-01
2.373750000000000071e+01,1.491471112291754366e+02,7.939548492431640625e-01,7.955582141876220703e-01,1.000020146369934082e+00,9.990467429161071777e-01
2.375000000000000000e+01,1.492256510455151783e+02,6.899061799049377441e-01,6.935164928436279297e-01,1.000020265579223633e+00,9.990465044975280762e-01
2.376249999999999929e+01,1.493041908618549201e+02,5.995911359786987305e-01,6.012067794799804688e-01,1.000020265579223633e+00,9.990462660789489746e-01
2.377499999999999858e+01,1.493827306781946618e+02,6.364496350288391113e-01,6.347022056579589844e-01,1.000020384788513184e+00,9.990461468696594238e-01
2.378749999999999787e+01,1.494612704945344035e+02,7.671638727188110352e-01,7.640008926391601562e-01,1.000020384788513184e+00,9.990460872650146484e-01
2.379999999999999716e+01,1.495398103108741452e+02,8.843696117401123047e-01,8.825461268424987793e-01,1.000020384788513184e+00,9.990459680557250977e-01
2.381250000000000000e+01,1.496183501272138869e+02,9.191496372222900391e-01,9.198267459869384766e-01,1.000020384788513184e+00,9.990459084510803223e-01
2.382499999999999929e+01,1.496968899435536287e+02,8.810286521911621094e-01,8.833951354026794434e-01,1.000020384788513184e+00,9.990459084510803223e-01
2.383750000000000213e+01,1.497754297598933988e+02,8.233960270881652832e-01,8.258106112480163574e-01,1.000020384788513184e+00,9.990458488464355469e-01
2.385000000000000142e+01,1.498539695762331405e+02,7.925333380699157715e-01,7.937713861465454102e-01,1.000020384788513184e+00,9.990457892417907715e-01
2.386250000000000071e+01,1.499325093925728822e+02,8.031561970710754395e-01,8.029103279113769531e-01,1.000020384788513184e+00,9.990457892417907715e-01
2.387500000000000000e+01,1.500110492089126240e+02,8.437795639038085938e-01,8.424552083015441895e-01,1.000020384788513184e+00,9.990457892417907715e-01
2.388749999999999929e+01,1.500895890252523657e+02,8.940169811248779297e-01,8.922644853591918945e-01,1.000020384788513184e+00,9.990457892417907715e-01
2.389999999999999858e+01,1.501681288415921074e+02,9.379884600639343262e-01,9.363404512405395508e-01,1.000020384788513184e+00,9.990457892417907715e-01
2.391249999999999787e+01,1.502466686579318491e+02,9.688062667846679688e-01,9.675402045249938965e-01,1.000020384788513184e+00,9.990457892417907715e-01
2.392499999999999716e+01,1.503252084742715908e+02,9.867420792579650879e-01,9.859111905097961426e-01,1.000020384788513184e+00,9.990457892417907715e-01
2.393749999999999645e+01,1.504037482906113325e+02,9.954204559326171875e-01,9.949496388435363770e-01,1.000020265579223633e+00,9.990457892417907715e-01
2.395000000000000284e+01,1.504822881069511027e+02,9.988132119178771973e-01,9.985859394073486328e-01,1.000020265579223633e+00,9.990457892417907715e-01
2.396250000000000213e+01,1.505608279232908444e+02,9.998075366020202637e-01,9.997188448905944824e-01,1.000020265579223633e+00,9.990457892417907715e-01
2.397500000000000142e+01,1.506393677396305861e+02,9.999884366989135742e-01,9.999643564224243164e-01,1.000020265579223633e+00,9.990457296371459961e-01
2.398750000000000071e+01,1.507179075559703278e+02,9.999976158142089844e-01,9.999954104423522949e-01,1.000020265579223633e+00,9.990457892417907715e-01
2.400000000000000000e+01,1.507964473723100696e+02,9.999965429306030273e-01,9.999969601631164551e-01,1.000020265579223633e+00,9.990457296371459961e-01
2.401249999999999929e+01,1.508749871886498113e+02,9.999946355819702148e-01,9.999981522560119629e-01,1.000020384788513184e+00,9.990457892417907715e-01
2.402499999999999858e+01,1.509535270049895530e+02,9.999628067016601562e-01,9.999880790710449219e-01,1.000020265579223633e+00,9.990458488464355469e-01
2.403749999999999787e+01,1.510320668213292947e+02,9.997146725654602051e-01,9.998046159744262695e-01,1.000020384788513184e+00,9.990457892417907715e-01
2.404999999999999716e+01,1.511106066376690364e+02,9.985762238502502441e-01,9.988046884536743164e-01,1.000020384788513184e+00,9.990457892417907715e-01
2.406250000000000355e+01,1.511891464540088066e+02,9.949302673339843750e-01,9.954017996788024902e-01,1.000020384788513184e+00,9.990457892417907715e-01
2.407500000000000284e+01,1.512676862703485483e+02,9.858774542808532715e-01,9.867081642150878906e-01,1.000020384788513184e+00,9.990457296371459961e-01
2.408750000000000213e+01,1.513462260866882900e+02,9.674882292747497559e-01,9.687543511390686035e-01,1.000020384788513184e+00,9.990457296371459961e-01
2.410000000000000142e+01,1.514247659030280317e+02,9.362720847129821777e-01,9.379201531410217285e-01,1.000020384788513184e+00,9.990457296371459961e-01
2.411250000000000071e+01,1.515033057193677735e+02,8.921903967857360840e-01,8.939429521560668945e-01,1.000020384788513184e+00,9.990457296371459961e-01
2.412500000000000000e+01,1.515818455357075152e+02,8.423967957496643066e-01,8.437215089797973633e-01,1.000020384788513184e+00,9.990457892417907715e-01
2.413749999999999929e+01,1.516603853520472569e+02,8.028931617736816406e-01,8.031426072120666504e-01,1.000020384788513184e+00,9.990457892417907715e-01
2.414999999999999858e+01,1.517389251683869986e+02,7.938125729560852051e-01,7.925828695297241211e-01,1.000020384788513184e+00,9.990458488464355469e-01
2.416249999999999787e+01,1.518174649847267403e+02,8.259006738662719727e-01,8.234973549842834473e-01,1.000020384788513184e+00,9.990458488464355469e-01
2.417500000000000071e+01,1.518960048010665105e+02,8.834871053695678711e-01,8.811312913894653320e-01,1.000020384788513184e+00,9.990457892417907715e-01
2.418750000000000000e+01,1.519745446174062522e+02,9.198555350303649902e-01,9.191825389862060547e-01,1.000020384788513184e+00,9.990457892417907715e-01
2.420000000000000284e+01,1.520530844337459939e+02,8.824779391288757324e-01,8.842952251434326172e-01,1.000020384788513184e+00,9.990457296371459961e-01
2.421250000000000213e+01,1.521316242500857356e+02,7.638761401176452637e-01,7.670285105705261230e-01,1.000020384788513184e+00,9.990456700325012207e-01
2.422500000000000142e+01,1.522101640664254774e+02,6.346254944801330566e-01,6.363710761070251465e-01,1.000020384788513184e+00,9.990456104278564453e-01
2.423750000000000071e+01,1.522887038827652191e+02,6.012590527534484863e-01,5.996558666229248047e-01,1.000020503997802734e+00,9.990454912185668945e-01
2.425000000000000000e+01,1.523672436991049608e+02,6.936529874801635742e-01,6.900600790977478027e-01,1.000020503997802734e+00,9.990452527999877930e-01
2.426249999999999929e+01,1.524457835154447025e+02,7.956258058547973633e-01,7.940278649330139160e-01,1.000020384788513184e+00,9.990449547767639160e-01
2.427499999999999858e+01,1.525243233317844442e+02,7.458756566047668457e-01,7.484525442123413086e-01,1.000020503997802734e+00,9.990447163581848145e-01
2.428750000000000142e+01,1.526028631481242144e+02,5.483716130256652832e-01,5.520960688591003418e-01,1.000020384788513184e+00,9.990443587303161621e-01
2.430000000000000071e+01,1.526814029644639561e+02,4.170344471931457520e-01,4.168283939361572266e-01,1.000020503997802734e+00,9.990440011024475098e-01
2.431250000000000000e+01,1.527599427808036978e+02,5.086031556129455566e-01,5.044880509376525879e-01,1.000020503997802734e+00,9.990435838699340820e-01
2.432499999999999929e+01,1.528384825971434395e+02,6.610899567604064941e-01,6.590811610221862793e-01,1.000020503997802734e+00,9.990429878234863281e-01
2.433749999999999858e+01,1.529170224134831813e+02,5.867191553115844727e-01,5.901279449462890625e-01,1.000020623207092285e+00,9.990423917770385742e-01
2.435000000000000142e+01,1.529955622298229230e+02,3.318528532981872559e-01,3.353673517704010010e-01,1.000020623207092285e+00,9.990416765213012695e-01
2.436250000000000071e+01,1.530741020461626647e+02,2.575069963932037354e-01,2.551663815975189209e-01,1.000020742416381836e+00,9.990407228469848633e-01
2.437500000000000000e+01,1.531526418625024064e+02,4.473410844802856445e-01,4.429897964000701904e-01,1.000020742416381836e+00,9.990397691726684570e-01
2.438749999999999929e+01,1.532311816788421481e+02,5.147190093994140625e-01,5.160896182060241699e-01,1.000020861625671387e+00,9.990386962890625000e-01
2.440000000000000213e+01,1.533097214951819183e+02,2.625912129878997803e-01,2.673592269420623779e-01,1.000020861625671387e+00,9.990376830101013184e-01
2.441250000000000142e+01,1.533882613115216600e+02,7.915197312831878662e-02,7.848577946424484253e-02,1.000020861625671387e+00,9.990364313125610352e-01
2.442500000000000071e+01,1.534668011278614017e+02,2.474132478237152100e-01,2.424426972866058350e-01,1.000020861625671387e+00,9.990351796150207520e-01
2.443750000000000000e+01,1.535453409442011434e+02,3.831677138805389404e-01,3.834173083305358887e-01,1.000020980834960938e+00,9.990338683128356934e-01
2.444999999999999929e+01,1.536238807605408851e+02,1.459141969680786133e-01,1.509981453418731689e-01,1.000020980834960938e+00,9.990324378013610840e-01
2.446249999999999858e+01,1.537024205768806269e+02,-7.963044196367263794e-02,-7.968645542860031128e-02,1.000020980834960938e+00,9.990309476852416992e-01
2.447499999999999787e+01,1.537809603932203686e+02,8.000712841749191284e-02,7.485877722501754761e-02,1.000020980834960938e+00,9.990295171737670898e-01
2.448749999999999716e+01,1.538595002095601103e+02,2.344766408205032349e-01,2.344834208488464355e-01,1.000020861625671387e+00,9.990279078483581543e-01
2.450000000000000000e+01,1.539380400258998520e+02,-2.692306879907846451e-03,2.488655736669898033e-03,1.000020980834960938e+00,9.990263581275939941e-01
2.451249999999999929e+01,1.540165798422395937e+02,-2.344781160354614258e-01,-2.344833612442016602e-01,1.000020980834960938e+00,9.990248084068298340e-01
2.452500000000000213e+01,1.540951196585793639e+02,-7.463711500167846680e-02,-7.982119172811508179e-02,1.000020980834960938e+00,9.990231990814208984e-01
2.453750000000000142e+01,1.541736594749191056e+02,7.968777418136596680e-02,7.963808625936508179e-02,1.000021100044250488e+00,9.990216493606567383e-01
2.455000000000000071e+01,1.542521992912588473e+02,-1.512321829795837402e-01,-1.460833847522735596e-01,1.000021100044250488e+00,9.990201592445373535e-01
2.456250000000000000e+01,1.543307391075985890e+02,-3.834263384342193604e-01,-3.831803500652313232e-01,1.000021219253540039e+00,9.990187883377075195e-01
2.457499999999999929e+01,1.544092789239383308e+02,-2.421981245279312134e-01,-2.472653537988662720e-01,1.000021219253540039e+00,9.990174174308776855e-01
2.458749999999999858e+01,1.544878187402780725e+02,-7.845231890678405762e-02,-7.913302630186080933e-02,1.000021338462829590e+00,9.990161061286926270e-01
2.459999999999999787e+01,1.545663585566178142e+02,-2.676035761833190918e-01,-2.627205550670623779e-01,1.000021338462829590e+00,9.990148544311523438e-01
2.461249999999999716e+01,1.546448983729575559e+02,-5.161609649658203125e-01,-5.147547125816345215e-01,1.000021338462829590e+00,9.990137219429016113e-01
2.462499999999999645e+01,1.547234381892972976e+02,-4.427556693553924561e-01,-4.472315013408660889e-01,1.000021457672119141e+00,9.990126490592956543e-01
2.463750000000000284e+01,1.548019780056370678e+02,-2.550405859947204590e-01,-2.574520707130432129e-01,1.000021457672119141e+00,9.990117549896240234e-01
2.465000000000000213e+01,1.548805178219768095e+02,-3.355643451213836670e-01,-3.319376707077026367e-01,1.000021457672119141e+00,9.990108013153076172e-01
2.466250000000000142e+01,1.549590576383165512e+02,-5.903171896934509277e-01,-5.867963433265686035e-01,1.000021457672119141e+00,9.990102052688598633e-01
2.467500000000000071e+01,1.550375974546562929e+02,-6.589616537094116211e-01,-6.610465645790100098e-01,1.000021457672119141e+00,9.990094900131225586e-01
2.468750000000000000e+01,1.551161372709960347e+02,-5.042484402656555176e-01,-5.085194706916809082e-01,1.000021576881408691e+00,9.990090131759643555e-01
2.469999999999999929e+01,1.551946770873357764e+02,-4.168178439140319824e-01,-4.170334041118621826e-01,1.000021457672119141e+00,9.990084767341613770e-01
2.471249999999999858e+01,1.552732169036755181e+02,-5.523168444633483887e-01,-5.484477877616882324e-01,1.000021576881408691e+00,9.990080595016479492e-01
2.472499999999999787e+01,1.553517567200152598e+02,-7.486029267311096191e-01,-7.459280490875244141e-01,1.000021576881408691e+00,9.990077018737792969e-01
2.473749999999999716e+01,1.554302965363550015e+02,-7.939251065254211426e-01,-7.955983281135559082e-01,1.000021576881408691e+00,9.990074634552001953e-01
2.475000000000000355e+01,1.555088363526947717e+02,-6.898384094238281250e-01,-6.935874819755554199e-01,1.000021576881408691e+00,9.990071654319763184e-01
2.476250000000000284e+01,1.555873761690345134e+02,-5.995595455169677734e-01,-6.012282371520996094e-01,1.000021576881408691e+00,9.990069866180419922e-01
2.477500000000000213e+01,1.556659159853742551e+02,-6.364809870719909668e-01,-6.346558928489685059e-01,1.000021576881408691e+00,9.990069866180419922e-01
2.478750000000000142e+01,1.557444558017139968e+02,-7.672228217124938965e-01,-7.639338970184326172e-01,1.000021576881408691e+00,9.990068674087524414e-01
2.480000000000000071e+01,1.558229956180537386e+02,-8.844043612480163574e-01,-8.825134038925170898e-01,1.000021696090698242e+00,9.990068674087524414e-01
2.481250000000000000e+01,1.559015354343934803e+02,-9.191369414329528809e-01,-9.198456406593322754e-01,1.000021696090698242e+00,9.990068078041076660e-01
2.482499999999999929e+01,1.559800752507332220e+02,-8.809834718704223633e-01,-8.834438920021057129e-01,1.000021696090698242e+00,9.990068078041076660e-01
2.483749999999999858e+01,1.560586150670729637e+02,-8.233491778373718262e-01,-8.258544802665710449e-01,1.000021696090698242e+00,9.990068078041076660e-01
2.484999999999999787e+01,1.561371548834127054e+02,-7.925088405609130859e-01,-7.937876582145690918e-01,1.000021696090698242e+00,9.990067481994628906e-01
2.486250000000000071e+01,1.562156946997524756e+02,-8.031598925590515137e-01,-8.028963208198547363e-01,1.000021696090698242e+00,9.990067481994628906e-01
2.487500000000000000e+01,1.562942345160922173e+02,-8.438043594360351562e-01,-8.424211144447326660e-01,1.000021815299987793e+00,9.990067481994628906e-01
2.488749999999999929e+01,1.563727743324319590e+02,-8.940506577491760254e-01,-8.922245502471923828e-01,1.000021696090698242e+00,9.990067481994628906e-01
2.490000000000000213e+01,1.564513141487717007e+02,-9.380198717117309570e-01,-9.363048672676086426e-01,1.000021696090698242e+00,9.990067481994628906e-01
2.491250000000000142e+01,1.565298539651114424e+02,-9.688300490379333496e-01,-9.675136208534240723e-01,1.000021696090698242e+00,9.990066885948181152e-01
2.492500000000000071e+01,1.566083937814511842e+02,-9.867575168609619141e-01,-9.858942031860351562e-01,1.000021696090698242e+00,9.990066885948181152e-01
2.493750000000000000e+01,1.566869335977909259e+02,-9.954293370246887207e-01,-9.949401021003723145e-01,1.000021696090698242e+00,9.990066885948181152e-01
2.494999999999999929e+01,1.567654734141306676e+02,-9.988174438476562500e-01,-9.985812306404113770e-01,1.000021696090698242e+00,9.990066885948181152e-01
2.496249999999999858e+01,1.568440132304704093e+02,-9.998090267181396484e-01,-9.997168183326721191e-01,1.000021696090698242e+00,9.990066885948181152e-01
2.497500000000000142e+01,1.569225530468101795e+02,-9.999887943267822266e-01,-9.999637007713317871e-01,1.000021696090698242e+00,9.990067481994628906e-01
2.498750000000000071e+01,1.570010928631499212e+02,-9.999974966049194336e-01,-9.999949932098388672e-01,1.000021696090698242e+00,9.990066885948181152e-01
2.500000000000000000e+01,1.570796326794896629e+02,-9.999963045120239258e-01,-9.999968409538269043e-01,1.000021696090698242e+00,9.990066885948181152e-01
2.501249999999999929e+01,1.571581724958294046e+02,-9.999942779541015625e-01,-9.999979138374328613e-01,1.000021576881408691e+00,9.990067481994628906e-01
2.502499999999999858e+01,1.572367123121691463e+02,-9.999620914459228516e-01,-9.999882578849792480e-01,1.000021696090698242e+00,9.990066885948181152e-01
2.503750000000000142e+01,1.573152521285088881e+02,-9.997126460075378418e-01,-9.998058676719665527e-01,1.000021696090698242e+00,9.990066885948181152e-01
2.505000000000000071e+01,1.573937919448486298e+02,-9.985715746879577637e-01,-9.988086819648742676e-01,1.000021576881408691e+00,9.990066885948181152e-01
2.506250000000000000e+01,1.574723317611883715e+02,-9.949208498001098633e-01,-9.954106807708740234e-01,1.000021457672119141e+00,9.990066885948181152e-01
2.507499999999999929e+01,1.575508715775281132e+02,-9.858612418174743652e-01,-9.867244958877563477e-01,1.000021576881408691e+00,9.990066885948181152e-01
2.508750000000000213e+01,1.576294113938678834e+02,-9.674641489982604980e-01,-9.687800407409667969e-01,1.000021576881408691e+00,9.990067481994628906e-01
2.510000000000000142e+01,1.577079512102076251e+02,-9.362404942512512207e-01,-9.379550218582153320e-01,1.000021576881408691e+00,9.990067481994628906e-01
2.511250000000000071e+01,1.577864910265473668e+02,-8.921567201614379883e-01,-8.939824104309082031e-01,1.000021576881408691e+00,9.990066885948181152e-01
2.512500000000000000e+01,1.578650308428871085e+02,-8.423707485198974609e-01,-8.437551856040954590e-01,1.000021576881408691e+00,9.990066289901733398e-01
2.513749999999999929e+01,1.579435706592268502e+02,-8.028884530067443848e-01,-8.031564354896545410e-01,1.000021576881408691e+00,9.990066885948181152e-01
2.514999999999999858e+01,1.580221104755665920e+02,-7.938362360000610352e-01,-7.925663590431213379e-01,1.000021576881408691e+00,9.990066289901733398e-01
2.516249999999999787e+01,1.581006502919063337e+02,-8.259462714195251465e-01,-8.234534263610839844e-01,1.000021576881408691e+00,9.990066885948181152e-01
2.517499999999999716e+01,1.581791901082460754e+02,-8.835323452949523926e-01,-8.810825347900390625e-01,1.000021576881408691e+00,9.990066289901733398e-01
2.518750000000000000e+01,1.582577299245858171e+02,-9.198681116104125977e-01,-9.191632270812988281e-01,1.000021576881408691e+00,9.990065693855285645e-01
2.519999999999999929e+01,1.583362697409255588e+02,-8.824414014816284180e-01,-8.843273520469665527e-01,1.000021576881408691e+00,9.990064501762390137e-01
2.521250000000000213e+01,1.584148095572653290e+02,-7.638128399848937988e-01,-7.670943140983581543e-01,1.000021576881408691e+00,9.990063309669494629e-01
2.522500000000000142e+01,1.584933493736050707e+02,-6.345908641815185547e-01,-6.364166140556335449e-01,1.000021457672119141e+00,9.990062117576599121e-01
2.523750000000000071e+01,1.585718891899448124e+02,-6.012918949127197266e-01,-5.996343493461608887e-01,1.000021576881408691e+00,9.990060925483703613e-01
2.525000000000000000e+01,1.586504290062845541e+02,-6.937249898910522461e-01,-6.899890303611755371e-01,1.000021457672119141e+00,9.990059137344360352e-01
2.526249999999999929e+01,1.587289688226242959e+02,-7.956561446189880371e-01,-7.939863204956054688e-01,1.000021576881408691e+00,9.990056753158569336e-01
2.527499999999999858e+01,1.588075086389640376e+02,-7.458243370056152344e-01,-7.484968900680541992e-01,1.000021576881408691e+00,9.990054368972778320e-01
2.528749999999999787e+01,1.588860484553037793e+02,-5.483011603355407715e-01,-5.521782636642456055e-01,1.000021576881408691e+00,9.990050792694091797e-01
2.529999999999999716e+01,1.589645882716435210e+02,-4.170427918434143066e-01,-4.168406128883361816e-01,1.000021576881408691e+00,9.990046620368957520e-01
2.531249999999999645e+01,1.590431280879832627e+02,-5.086835026741027832e-01,-5.044105648994445801e-01,1.000021576881408691e+00,9.990041851997375488e-01
2.532500000000000284e+01,1.591216679043230329e+02,-6.611239910125732422e-01,-6.590294241905212402e-01,1.000021576881408691e+00,9.990035295486450195e-01
2.533750000000000213e+01,1.592002077206627746e+02,-5.866533517837524414e-01,-5.901884436607360840e-01,1.000021576881408691e+00,9.990029335021972656e-01
2.535000000000000142e+01,1.592787475370025163e+02,-3.317904174327850342e-01,-3.354495465755462646e-01,1.000021576881408691e+00,9.990021586418151855e-01
2.536250000000000071e+01,1.593572873533422580e+02,-2.575541734695434570e-01,-2.551347613334655762e-01,1.000021696090698242e+00,9.990012645721435547e-01
2.537500000000000000e+01,1.594358271696819997e+02,-4.474225342273712158e-01,-4.428976178169250488e-01,1.000021576881408691e+00,9.990003705024719238e-01
2.538749999999999929e+01,1.595143669860217415e+02,-5.146880149841308594e-01,-5.161026716232299805e-01,1.000021696090698242e+00,9.989992976188659668e-01
2.539999999999999858e+01,1.595929068023614832e+02,-2.624989151954650879e-01,-2.674593329429626465e-01,1.000021815299987793e+00,9.989981651306152344e-01
2.541249999999999787e+01,1.596714466187012249e+02,-7.917274534702301025e-02,-7.849020510911941528e-02,1.000021696090698242e+00,9.989969134330749512e-01
2.542499999999999716e+01,1.597499864350409666e+02,-2.475114017724990845e-01,-2.423409372568130493e-01,1.000021696090698242e+00,9.989957213401794434e-01
2.543750000000000355e+01,1.598285262513807368e+02,-3.831583559513092041e-01,-3.834029436111450195e-01,1.000021696090698242e+00,9.989942908287048340e-01
2.545000000000000284e+01,1.599070660677204785e+02,-1.458115577697753906e-01,-1.511010080575942993e-01,1.000021815299987793e+00,9.989929199218750000e-01
2.546250000000000213e+01,1.599856058840602202e+02,7.962742447853088379e-02,7.966626435518264771e-02,1.000021815299987793e+00,9.989914298057556152e-01
2.547500000000000142e+01,1.600641457003999619e+02,-8.011377602815628052e-02,-7.475672662258148193e-02,1.000021815299987793e+00,9.989898800849914551e-01
2.548750000000000071e+01,1.601426855167397036e+02,-2.344742119312286377e-01,-2.344632744789123535e-01,1.000021815299987793e+00,9.989882707595825195e-01
2.550000000000000000e+01,1.602212253330794454e+02,2.799623878672719002e-03,-2.591792261227965355e-03,1.000021815299987793e+00,9.989867210388183594e-01
2.551249999999999929e+01,1.602997651494191871e+02,2.344727963209152222e-01,2.344627827405929565e-01,1.000021934509277344e+00,9.989851117134094238e-01
2.552499999999999858e+01,1.603783049657589288e+02,7.453273981809616089e-02,7.992346584796905518e-02,1.000021934509277344e+00,9.989835023880004883e-01
2.553749999999999787e+01,1.604568447820986705e+02,-7.968083024024963379e-02,-7.961630076169967651e-02,1.000021934509277344e+00,9.989820122718811035e-01
2.555000000000000071e+01,1.605353845984384407e+02,1.513383239507675171e-01,1.459829509258270264e-01,1.000021934509277344e+00,9.989804625511169434e-01
2.556250000000000000e+01,1.606139244147781824e+02,3.834244906902313232e-01,3.831557035446166992e-01,1.000022053718566895e+00,9.989790916442871094e-01
2.557499999999999929e+01,1.606924642311179241e+02,2.420910894870758057e-01,2.473638802766799927e-01,1.000022053718566895e+00,9.989776611328125000e-01
2.558750000000000213e+01,1.607710040474576658e+02,7.844795286655426025e-02,7.916774600744247437e-02,1.000021934509277344e+00,9.989764094352722168e-01
2.560000000000000142e+01,1.608495438637974075e+02,2.677102982997894287e-01,2.626324295997619629e-01,1.000022053718566895e+00,9.989752173423767090e-01
2.561250000000000071e+01,1.609280836801371493e+02,5.161800384521484375e-01,5.147113800048828125e-01,1.000022053718566895e+00,9.989740252494812012e-01
2.562500000000000000e+01,1.610066234964768910e+02,4.426552951335906982e-01,4.473108947277069092e-01,1.000022172927856445e+00,9.989731907844543457e-01
2.563749999999999929e+01,1.610851633128166327e+02,2.549974620342254639e-01,2.575145661830902100e-01,1.000022172927856445e+00,9.989722371101379395e-01
2.564999999999999858e+01,1.611637031291563744e+02,3.356513977050781250e-01,3.318814635276794434e-01,1.000022172927856445e+00,9.989714026451110840e-01
2.566250000000000142e+01,1.612422429454961446e+02,5.903903841972351074e-01,5.867201089859008789e-01,1.000022172927856445e+00,9.989706277847290039e-01
2.567500000000000071e+01,1.613207827618358863e+02,6.589068174362182617e-01,6.610729098320007324e-01,1.000022172927856445e+00,9.989700317382812500e-01
2.568750000000000000e+01,1.613993225781756280e+02,5.041561126708984375e-01,5.086059570312500000e-01,1.000022172927856445e+00,9.989694356918334961e-01
2.569999999999999929e+01,1.614778623945153697e+02,4.168243110179901123e-01,4.170551896095275879e-01,1.000022172927856445e+00,9.989689588546752930e-01
2.571249999999999858e+01,1.615564022108551114e+02,5.524069666862487793e-01,5.483824014663696289e-01,1.000022292137145996e+00,9.989685416221618652e-01
2.572499999999999787e+01,1.616349420271948532e+02,7.486571073532104492e-01,7.458685636520385742e-01,1.000022292137145996e+00,9.989682435989379883e-01
2.573750000000000071e+01,1.617134818435345949e+02,7.938834428787231445e-01,7.956190705299377441e-01,1.000022411346435547e+00,9.989680051803588867e-01
2.575000000000000000e+01,1.617920216598743366e+02,6.897562146186828613e-01,6.936604380607604980e-01,1.000022411346435547e+00,9.989677667617797852e-01
2.576249999999999929e+01,1.618705614762140783e+02,5.995280146598815918e-01,6.012749671936035156e-01,1.000022530555725098e+00,9.989675879478454590e-01
2.577500000000000213e+01,1.619491012925538485e+02,6.365257501602172852e-01,6.346368789672851562e-01,1.000022411346435547e+00,9.989674687385559082e-01
2.578750000000000142e+01,1.620276411088935902e+02,7.672960758209228516e-01,7.638764977455139160e-01,1.000022530555725098e+00,9.989674091339111328e-01
2.580000000000000071e+01,1.621061809252333319e+02,8.844440579414367676e-01,8.824715614318847656e-01,1.000022530555725098e+00,9.989673495292663574e-01
2.581250000000000000e+01,1.621847207415730736e+02,9.191184639930725098e-01,9.198502302169799805e-01,1.000022530555725098e+00,9.989672303199768066e-01
2.582499999999999929e+01,1.622632605579128153e+02,8.809279799461364746e-01,8.834872245788574219e-01,1.000022530555725098e+00,9.989672303199768066e-01
2.583749999999999858e+01,1.623418003742525570e+02,8.232957720756530762e-01,8.259068131446838379e-01,1.000022530555725098e+00,9.989671111106872559e-01
2.584999999999999787e+01,1.624203401905922988e+02,7.924847602844238281e-01,7.938229441642761230e-01,1.000022530555725098e+00,9.989671111106872559e-01
2.586249999999999716e+01,1.624988800069320405e+02,8.031705021858215332e-01,8.029039502143859863e-01,1.000022530555725098e+00,9.989671707153320312e-01
2.587499999999999645e+01,1.625774198232717822e+02,8.438387513160705566e-01,8.424055576324462891e-01,1.000022530555725098e+00,9.989671111106872559e-01
2.588750000000000284e+01,1.626559596396115523e+02,8.940932750701904297e-01,8.921968340873718262e-01,1.000022530555725098e+00,9.989671111106872559e-01
2.590000000000000213e+01,1.627344994559512941e+02,9.380593299865722656e-01,9.362758994102478027e-01,1.000022411346435547e+00,9.989671111106872559e-01
2.591250000000000142e+01,1.628130392722910358e+02,9.688594937324523926e-01,9.674897789955139160e-01,1.000022530555725098e+00,9.989671111106872559e-01
2.592500000000000071e+01,1.628915790886307775e+02,9.867761731147766113e-01,9.858776330947875977e-01,1.000022530555725098e+00,9.989671111106872559e-01
2.593750000000000000e+01,1.629701189049705192e+02,9.954395294189453125e-01,9.949301481246948242e-01,1.000022530555725098e+00,9.989671111106872559e-01
2.594999999999999929e+01,1.630486587213102609e+02,9.988222718238830566e-01,9.985760450363159180e-01,1.000022530555725098e+00,9.989670515060424805e-01
2.596249999999999858e+01,1.631271985376500027e+02,9.998106956481933594e-01,9.997144937515258789e-01,1.000022530555725098e+00,9.989670515060424805e-01
2.597499999999999787e+01,1.632057383539897444e+02,9.999890327453613281e-01,9.999628663063049316e-01,1.000022530555725098e+00,9.989671111106872559e-01
2.598749999999999716e+01,1.632842781703294861e+02,9.999972581863403320e-01,9.999946355819702148e-01,1.000022649765014648e+00,9.989670515060424805e-01
2.600000000000000355e+01,1.633628179866692562e+02,9.999959468841552734e-01,9.999964833259582520e-01,1.000022649765014648e+00,9.989669919013977051e-01
2.601250000000000284e+01,1.634413578030089980e+02,9.999939203262329102e-01,9.999977350234985352e-01,1.000022649765014648e+00,9.989669322967529297e-01
2.602500000000000213e+01,1.635198976193487397e+02,9.999611377716064453e-01,9.999884963035583496e-01,1.000022530555725098e+00,9.989669322967529297e-01
2.603750000000000142e+01,1.635984374356884814e+02,9.997103214263916016e-01,9.998077750205993652e-01,1.000022530555725098e+00,9.989669322967529297e-01
2.605000000000000071e+01,1.636769772520282231e+02,9.985660314559936523e-01,9.988133311271667480e-01,1.000022649765014648e+00,9.989669919013977051e-01
2.606250000000000000e+01,1.637555170683679648e+02,9.949097633361816406e-01,9.954202771186828613e-01,1.000022530555725098e+00,9.989671111106872559e-01
2.607499999999999929e+01,1.638340568847077066e+02,9.858414530754089355e-01,9.867408871650695801e-01,1.000022530555725098e+00,9.989670515060424805e-01
2.608749999999999858e+01,1.639125967010474483e+02,9.674342274665832520e-01,9.688037037849426270e-01,1.000022530555725098e+00,9.989670515060424805e-01
2.609999999999999787e+01,1.639911365173871900e+02,9.362016320228576660e-01,9.379838705062866211e-01,1.000022530555725098e+00,9.989669919013977051e-01
2.611249999999999716e+01,1.640696763337269317e+02,8.921139836311340332e-01,8.940093517303466797e-01,1.000022649765014648e+00,9.989669919013977051e-01
2.612500000000000355e+01,1.641482161500667019e+02,8.423365354537963867e-01,8.437695503234863281e-01,1.000022649765014648e+00,9.989669919013977051e-01
2.613750000000000284e+01,1.642267559664064436e+02,8.028778433799743652e-01,8.031474351882934570e-01,1.000022649765014648e+00,9.989669322967529297e-01
2.615000000000000213e+01,1.643052957827461853e+02,7.938604950904846191e-01,7.925297617912292480e-01,1.000022649765014648e+00,9.989668726921081543e-01
2.616250000000000142e+01,1.643838355990859270e+02,8.259997367858886719e-01,8.234000802040100098e-01,1.000022649765014648e+00,9.989667534828186035e-01
2.617500000000000071e+01,1.644623754154256687e+02,8.835872411727905273e-01,8.810387849807739258e-01,1.000022649765014648e+00,9.989666938781738281e-01
2.618750000000000000e+01,1.645409152317654105e+02,9.198854565620422363e-01,9.191586971282958984e-01,1.000022649765014648e+00,9.989666938781738281e-01
2.619999999999999929e+01,1.646194550481051522e+02,8.823996186256408691e-01,8.843693733215332031e-01,1.000022768974304199e+00,9.989666938781738281e-01
2.621249999999999858e+01,1.646979948644448939e+02,7.637388110160827637e-01,7.671516537666320801e-01,1.000022649765014648e+00,9.989665746688842773e-01
2.622499999999999787e+01,1.647765346807846356e+02,6.345469951629638672e-01,6.364342570304870605e-01,1.000022649765014648e+00,9.989665746688842773e-01
2.623750000000000071e+01,1.648550744971244058e+02,6.013253927230834961e-01,5.995863676071166992e-01,1.000022768974304199e+00,9.989663958549499512e-01
2.625000000000000000e+01,1.649336143134641475e+02,6.938083767890930176e-01,6.899161338806152344e-01,1.000022768974304199e+00,9.989662170410156250e-01
2.626249999999999929e+01,1.650121541298038892e+02,7.956953048706054688e-01,7.939673066139221191e-01,1.000022768974304199e+00,9.989660382270812988e-01
2.627500000000000213e+01,1.650906939461436309e+02,7.457639575004577637e-01,7.485560178756713867e-01,1.000022768974304199e+00,9.989656805992126465e-01
2.628750000000000142e+01,1.651692337624833726e+02,5.482133626937866211e-01,5.522384047508239746e-01,1.000022768974304199e+00,9.989653825759887695e-01
2.630000000000000071e+01,1.652477735788231143e+02,4.170466959476470947e-01,4.168131649494171143e-01,1.000022649765014648e+00,9.989650249481201172e-01
2.631250000000000000e+01,1.653263133951628561e+02,5.087810158729553223e-01,5.043250322341918945e-01,1.000022768974304199e+00,9.989645481109619141e-01
2.632499999999999929e+01,1.654048532115025978e+02,6.611707210540771484e-01,6.590079665184020996e-01,1.000022768974304199e+00,9.989639520645141602e-01
2.633749999999999858e+01,1.654833930278423395e+02,5.865699052810668945e-01,5.902649164199829102e-01,1.000022768974304199e+00,9.989631772041320801e-01
2.635000000000000142e+01,1.655619328441821096e+02,3.317098021507263184e-01,3.354993462562561035e-01,1.000022888183593750e+00,9.989624023437500000e-01
2.636250000000000071e+01,1.656404726605218514e+02,2.576127946376800537e-01,2.550687491893768311e-01,1.000022888183593750e+00,9.989616274833679199e-01
2.637500000000000000e+01,1.657190124768615931e+02,4.475234448909759521e-01,4.428229033946990967e-01,1.000022888183593750e+00,9.989606738090515137e-01
2.638749999999999929e+01,1.657975522932013348e+02,5.146546363830566406e-01,5.161496996879577637e-01,1.000022888183593750e+00,9.989596605300903320e-01
2.639999999999999858e+01,1.658760921095410765e+02,2.623857259750366211e-01,2.675429880619049072e-01,1.000022888183593750e+00,9.989585876464843750e-01
2.641249999999999787e+01,1.659546319258808182e+02,7.918705791234970093e-02,7.845208048820495605e-02,1.000022888183593750e+00,9.989573359489440918e-01
2.642500000000000071e+01,1.660331717422205600e+02,2.476312816143035889e-01,2.422484755516052246e-01,1.000023007392883301e+00,9.989560246467590332e-01
2.643750000000000000e+01,1.661117115585603017e+02,3.831554353237152100e-01,3.834319114685058594e-01,1.000023126602172852e+00,9.989547133445739746e-01
2.644999999999999929e+01,1.661902513749000434e+02,1.456921398639678955e-01,1.511934846639633179e-01,1.000023126602172852e+00,9.989532232284545898e-01
2.646250000000000213e+01,1.662687911912398135e+02,-7.963180541992187500e-02,-7.969602942466735840e-02,1.000023126602172852e+00,9.989517331123352051e-01
2.647500000000000142e+01,1.663473310075795553e+02,8.023142814636230469e-02,7.466116547584533691e-02,1.000023126602172852e+00,9.989502429962158203e-01
2.648750000000000071e+01,1.664258708239192970e+02,2.344824224710464478e-01,2.344918102025985718e-01,1.000023007392883301e+00,9.989486336708068848e-01
2.650000000000000000e+01,1.665044106402590387e+02,-2.918091369792819023e-03,2.687421627342700958e-03,1.000023007392883301e+00,9.989470243453979492e-01
2.651249999999999929e+01,1.665829504565987804e+02,-2.344834506511688232e-01,-2.344911098480224609e-01,1.000023126602172852e+00,9.989454746246337891e-01
2.652499999999999858e+01,1.666614902729385221e+02,-7.441687583923339844e-02,-8.001790195703506470e-02,1.000023126602172852e+00,9.989439249038696289e-01
2.653749999999999787e+01,1.667400300892782639e+02,7.969018071889877319e-02,7.964542508125305176e-02,1.000023126602172852e+00,9.989423155784606934e-01
2.654999999999999716e+01,1.668185699056180056e+02,-1.514495760202407837e-01,-1.458869725465774536e-01,1.000023126602172852e+00,9.989407658576965332e-01
2.656249999999999645e+01,1.668971097219577473e+02,-3.834377229213714600e-01,-3.831784129142761230e-01,1.000023126602172852e+00,9.989392757415771484e-01
2.657500000000000284e+01,1.669756495382975174e+02,-2.419819980859756470e-01,-2.474568784236907959e-01,1.000023365020751953e+00,9.989379644393920898e-01
2.658750000000000213e+01,1.670541893546372592e+02,-7.842165976762771606e-02,-7.915040105581283569e-02,1.000023365020751953e+00,9.989367127418518066e-01
2.660000000000000142e+01,1.671327291709770009e+02,-2.678145766258239746e-01,-2.625360190868377686e-01,1.000023245811462402e+00,9.989354610443115234e-01
2.661250000000000071e+01,1.672112689873167426e+02,-5.162221193313598633e-01,-5.147102475166320801e-01,1.000023365020751953e+00,9.989342689514160156e-01
2.662500000000000000e+01,1.672898088036564843e+02,-4.425579011440277100e-01,-4.474023282527923584e-01,1.000023365020751953e+00,9.989332556724548340e-01
2.663749999999999929e+01,1.673683486199962260e+02,-2.549303770065307617e-01,-2.575355172157287598e-01,1.000023245811462402e+00,9.989323019981384277e-01
2.664999999999999858e+01,1.674468884363359678e+02,-3.357214629650115967e-01,-3.317954540252685547e-01,1.000023245811462402e+00,9.989314675331115723e-01
2.666249999999999787e+01,1.675254282526757095e+02,-5.904768109321594238e-01,-5.866667032241821289e-01,1.000023365020751953e+00,9.989306926727294922e-01
2.667499999999999716e+01,1.676039680690154512e+02,-6.588729023933410645e-01,-6.611289978027343750e-01,1.000023365020751953e+00,9.989299774169921875e-01
2.668750000000000355e+01,1.676825078853552213e+02,-5.040540099143981934e-01,-5.086766481399536133e-01,1.000023365020751953e+00,9.989294409751892090e-01
2.670000000000000284e+01,1.677610477016949631e+02,-4.168013334274291992e-01,-4.170338511466979980e-01,1.000023365020751953e+00,9.989289641380310059e-01
2.671250000000000213e+01,1.678395875180347048e+02,-5.524867773056030273e-01,-5.482991337776184082e-01,1.000023365020751953e+00,9.989285469055175781e-01
2.672500000000000142e+01,1.679181273343744465e+02,-7.487243413925170898e-01,-7.458304166793823242e-01,1.000023365020751953e+00,9.989281892776489258e-01
2.673750000000000071e+01,1.679966671507141882e+02,-7.938562035560607910e-01,-7.956639528274536133e-01,1.000023484230041504e+00,9.989279508590698242e-01
2.675000000000000000e+01,1.680752069670539299e+02,-6.896722912788391113e-01,-6.937255859375000000e-01,1.000023484230041504e+00,9.989277124404907227e-01
2.676249999999999929e+01,1.681537467833936716e+02,-5.994766950607299805e-01,-6.012853384017944336e-01,1.000023484230041504e+00,9.989275336265563965e-01
2.677499999999999858e+01,1.682322865997334134e+02,-6.365514397621154785e-01,-6.345835924148559570e-01,1.000023603439331055e+00,9.989274144172668457e-01
2.678749999999999787e+01,1.683108264160731551e+02,-7.673629522323608398e-01,-7.638105750083923340e-01,1.000023484230041504e+00,9.989272952079772949e-01
2.679999999999999716e+01,1.683893662324128968e+02,-8.844904899597167969e-01,-8.824449777603149414e-01,1.000023484230041504e+00,9.989271759986877441e-01
2.681250000000000000e+01,1.684679060487526669e+02,-9.191114306449890137e-01,-9.198743104934692383e-01,1.000023484230041504e+00,9.989271163940429688e-01
2.682500000000000284e+01,1.685464458650924087e+02,-8.808767199516296387e-01,-8.835350275039672852e-01,1.000023484230041504e+00,9.989271163940429688e-01
2.683750000000000213e+01,1.686249856814321504e+02,-8.232344985008239746e-01,-8.259440064430236816e-01,1.000023484230041504e+00,9.989269971847534180e-01
2.685000000000000142e+01,1.687035254977718921e+02,-7.924438118934631348e-01,-7.938296198844909668e-01,1.000023484230041504e+00,9.989269375801086426e-01
2.686250000000000071e+01,1.687820653141116338e+02,-8.031617999076843262e-01,-8.028808832168579102e-01,1.000023603439331055e+00,9.989269375801086426e-01
2.687500000000000000e+01,1.688606051304513755e+02,-8.438568711280822754e-01,-8.423653244972229004e-01,1.000023603439331055e+00,9.989269971847534180e-01
2.688749999999999929e+01,1.689391449467911173e+02,-8.941258192062377930e-01,-8.921538591384887695e-01,1.000023603439331055e+00,9.989269375801086426e-01
2.689999999999999858e+01,1.690176847631308590e+02,-9.380929470062255859e-01,-9.362395405769348145e-01,1.000023603439331055e+00,9.989269375801086426e-01
2.691249999999999787e+01,1.690962245794706007e+02,-9.688873291015625000e-01,-9.674641489982604980e-01,1.000023484230041504e+00,9.989269375801086426e-01
2.692500000000000071e+01,1.691747643958103708e+02,-9.867951273918151855e-01,-9.858619570732116699e-01,1.000023484230041504e+00,9.989269375801086426e-01
2.693750000000000000e+01,1.692533042121501126e+02,-9.954506158828735352e-01,-9.949217438697814941e-01,1.000023484230041504e+00,9.989269375801086426e-01
2.694999999999999929e+01,1.693318440284898543e+02,-9.988275170326232910e-01,-9.985721707344055176e-01,1.000023484230041504e+00,9.989268779754638672e-01
2.696249999999999858e+01,1.694103838448295960e+02,-9.998127222061157227e-01,-9.997130036354064941e-01,1.000023484230041504e+00,9.989269375801086426e-01
2.697500000000000142e+01,1.694889236611693377e+02,-9.999892711639404297e-01,-9.999620914459228516e-01,1.000023484230041504e+00,9.989269375801086426e-01
2.698750000000000071e+01,1.695674634775090794e+02,-9.999970197677612305e-01,-9.999943375587463379e-01,1.000023603439331055e+00,9.989268779754638672e-01
2.700000000000000000e+01,1.696460032938488212e+02,-9.999955892562866211e-01,-9.999963045120239258e-01,1.000023603439331055e+00,9.989268779754638672e-01
2.701249999999999929e+01,1.697245431101885629e+02,-9.999935626983642578e-01,-9.999975562095642090e-01,1.000023603439331055e+00,9.989268183708190918e-01
2.702499999999999858e+01,1.698030829265283046e+02,-9.999603033065795898e-01,-9.999886155128479004e-01,1.000023603439331055e+00,9.989267587661743164e-01
2.703750000000000142e+01,1.698816227428680747e+02,-9.997076988220214844e-01,-9.998088479042053223e-01,1.000023603439331055e+00,9.989268183708190918e-01
2.705000000000000071e+01,1.699601625592078165e+02,-9.985601902008056641e-01,-9.988167881965637207e-01,1.000023603439331055e+00,9.989268779754638672e-01
2.706250000000000000e+01,1.700387023755475582e+02,-9.948980808258056641e-01,-9.954283237457275391e-01,1.000023603439331055e+00,9.989268779754638672e-01
2.707499999999999929e+01,1.701172421918872999e+02,-9.858218431472778320e-01,-9.867563843727111816e-01,1.000023603439331055e+00,9.989268183708190918e-01
2.708749999999999858e+01,1.701957820082270416e+02,-9.674055576324462891e-01,-9.688292741775512695e-01,1.000023603439331055e+00,9.989268183708190918e-01
2.709999999999999787e+01,1.702743218245667833e+02,-9.361674785614013672e-01,-9.380199909210205078e-01,1.000023603439331055e+00,9.989268183708190918e-01
2.711250000000000071e+01,1.703528616409065251e+02,-8.920819163322448730e-01,-8.940523862838745117e-01,1.000023603439331055e+00,9.989268183708190918e-01
2.712500000000000000e+01,1.704314014572462668e+02,-8.423181176185607910e-01,-8.438093662261962891e-01,1.000023603439331055e+00,9.989268779754638672e-01
2.713749999999999929e+01,1.705099412735860085e+02,-8.028861284255981445e-01,-8.031694293022155762e-01,1.000023603439331055e+00,9.989268779754638672e-01
2.715000000000000213e+01,1.705884810899257786e+02,-7.939008474349975586e-01,-7.925210595130920410e-01,1.000023603439331055e+00,9.989268779754638672e-01
2.716250000000000142e+01,1.706670209062655204e+02,-8.260603547096252441e-01,-8.233605623245239258e-01,1.000023603439331055e+00,9.989268183708190918e-01
2.717500000000000071e+01,1.707455607226052621e+02,-8.836374878883361816e-01,-8.809894919395446777e-01,1.000023603439331055e+00,9.989268183708190918e-01
2.718750000000000000e+01,1.708241005389450038e+02,-9.198921322822570801e-01,-9.191345572471618652e-01,1.000023603439331055e+00,9.989266991615295410e-01
2.719999999999999929e+01,1.709026403552847455e+02,-8.823515772819519043e-01,-8.843970298767089844e-01,1.000023603439331055e+00,9.989266991615295410e-01
2.721249999999999858e+01,1.709811801716244872e+02,-7.636700868606567383e-01,-7.672196030616760254e-01,1.000023603439331055e+00,9.989266395568847656e-01
2.722499999999999787e+01,1.710597199879642289e+02,-6.345232129096984863e-01,-6.364891529083251953e-01,1.000023722648620605e+00,9.989265203475952148e-01
2.723749999999999716e+01,1.711382598043039707e+02,-6.013782024383544922e-01,-5.995750427246093750e-01,1.000023603439331055e+00,9.989264011383056641e-01
2.724999999999999645e+01,1.712167996206437124e+02,-6.938918828964233398e-01,-6.898477673530578613e-01,1.000023722648620605e+00,9.989262819290161133e-01
2.726250000000000284e+01,1.712953394369834825e+02,-7.957205176353454590e-01,-7.939202189445495605e-01,1.000023603439331055e+00,9.989260435104370117e-01
2.727500000000000213e+01,1.713738792533232242e+02,-7.456953525543212891e-01,-7.485954761505126953e-01,1.000023603439331055e+00,9.989257454872131348e-01
2.728750000000000142e+01,1.714524190696629660e+02,-5.481350421905517578e-01,-5.523249506950378418e-01,1.000023603439331055e+00,9.989253282546997070e-01
2.730000000000000071e+01,1.715309588860027077e+02,-4.170721769332885742e-01,-4.168344438076019287e-01,1.000023603439331055e+00,9.989249110221862793e-01
2.731250000000000000e+01,1.716094987023424494e+02,-5.088831186294555664e-01,-5.042489767074584961e-01,1.000023722648620605e+00,9.989244341850280762e-01
2.732499999999999929e+01,1.716880385186821911e+02,-6.612043976783752441e-01,-6.589474678039550781e-01,1.000023722648620605e+00,9.989238977432250977e-01
2.733749999999999858e+01,1.717665783350219328e+02,-5.864789485931396484e-01,-5.903211832046508789e-01,1.000023603439331055e+00,9.989232420921325684e-01
2.734999999999999787e+01,1.718451181513616746e+02,-3.316381275653839111e-01,-3.355911076068878174e-01,1.000023722648620605e+00,9.989224672317504883e-01
2.736249999999999716e+01,1.719236579677014163e+02,-2.576880156993865967e-01,-2.550462484359741211e-01,1.000023841857910156e+00,9.989216923713684082e-01
2.737500000000000355e+01,1.720021977840411864e+02,-4.476222395896911621e-01,-4.427252709865570068e-01,1.000023841857910156e+00,9.989206790924072266e-01
2.738750000000000284e+01,1.720807376003809281e+02,-5.146030187606811523e-01,-5.161533355712890625e-01,1.000023961067199707e+00,9.989197254180908203e-01
2.740000000000000213e+01,1.721592774167206699e+02,-2.622788250446319580e-01,-2.676483988761901855e-01,1.000023961067199707e+00,9.989185333251953125e-01
2.741250000000000142e+01,1.722378172330604116e+02,-7.922362536191940308e-02,-7.846870273351669312e-02,1.000023961067199707e+00,9.989174008369445801e-01
2.742500000000000071e+01,1.723163570494001533e+02,-2.477450966835021973e-01,-2.421457022428512573e-01,1.000024080276489258e+00,9.989160299301147461e-01
2.743750000000000000e+01,1.723948968657398950e+02,-3.831274509429931641e-01,-3.834089636802673340e-01,1.000024199485778809e+00,9.989146590232849121e-01
2.744999999999999929e+01,1.724734366820796367e+02,-1.455761045217514038e-01,-1.512991487979888916e-01,1.000024318695068359e+00,9.989131093025207520e-01
2.746249999999999858e+01,1.725519764984193785e+02,7.960382103919982910e-02,7.966653257608413696e-02,1.000024318695068359e+00,9.989116191864013672e-01
2.747499999999999787e+01,1.726305163147591202e+02,-8.034799247980117798e-02,-7.455502450466156006e-02,1.000024199485778809e+00,9.989100694656372070e-01
2.748750000000000071e+01,1.727090561310988903e+02,-2.344537079334259033e-01,-2.344594299793243408e-01,1.000024318695068359e+00,9.989085793495178223e-01
2.750000000000000000e+01,1.727875959474386320e+02,3.031740430742502213e-03,-2.793331630527973175e-03,1.000024318695068359e+00,9.989069700241088867e-01
2.751250000000000284e+01,1.728661357637783738e+02,2.344531565904617310e-01,2.344579100608825684e-01,1.000024318695068359e+00,9.989053606986999512e-01
2.752500000000000213e+01,1.729446755801181155e+02,7.430110126733779907e-02,8.012358099222183228e-02,1.000024318695068359e+00,9.989038109779357910e-01
2.753750000000000142e+01,1.730232153964578572e+02,-7.965795695781707764e-02,-7.961080223321914673e-02,1.000024318695068359e+00,9.989023208618164062e-01
2.755000000000000071e+01,1.731017552127975989e+02,1.515687406063079834e-01,1.457839459180831909e-01,1.000024318695068359e+00,9.989007115364074707e-01
2.756250000000000000e+01,1.731802950291373406e+02,3.834096789360046387e-01,3.831419646739959717e-01,1.000024318695068359e+00,9.988992810249328613e-01
2.757499999999999929e+01,1.732588348454770824e+02,2.418658286333084106e-01,2.475580573081970215e-01,1.000024318695068359e+00,9.988979101181030273e-01
2.758749999999999858e+01,1.733373746618168241e+02,7.844275236129760742e-02,7.919745147228240967e-02,1.000024437904357910e+00,9.988966584205627441e-01
2.760000000000000142e+01,1.734159144781565942e+02,2.679314017295837402e-01,2.624454498291015625e-01,1.000024318695068359e+00,9.988954067230224609e-01
2.761250000000000071e+01,1.734944542944963359e+02,5.162252187728881836e-01,5.146538019180297852e-01,1.000024437904357910e+00,9.988942742347717285e-01
2.762500000000000000e+01,1.735729941108360777e+02,4.424515664577484131e-01,4.474828243255615234e-01,1.000024437904357910e+00,9.988932013511657715e-01
2.763749999999999929e+01,1.736515339271758194e+02,2.549040317535400391e-01,2.576126456260681152e-01,1.000024557113647461e+00,9.988923072814941406e-01
2.764999999999999858e+01,1.737300737435155611e+02,3.358200192451477051e-01,3.317453861236572266e-01,1.000024557113647461e+00,9.988914728164672852e-01
2.766250000000000142e+01,1.738086135598553028e+02,5.905368924140930176e-01,5.865824222564697266e-01,1.000024557113647461e+00,9.988906979560852051e-01
2.767500000000000071e+01,1.738871533761950445e+02,6.588090658187866211e-01,6.611492633819580078e-01,1.000024557113647461e+00,9.988901019096374512e-01
2.768750000000000000e+01,1.739656931925347862e+02,5.039753317832946777e-01,5.087695717811584473e-01,1.000024557113647461e+00,9.988895058631896973e-01
2.769999999999999929e+01,1.740442330088745280e+02,4.168240427970886230e-01,4.170665442943572998e-01,1.000024676322937012e+00,9.988890290260314941e-01
2.771249999999999858e+01,1.741227728252142697e+02,5.525783896446228027e-01,5.482353568077087402e-01,1.000024676322937012e+00,9.988886117935180664e-01
2.772500000000000142e+01,1.742013126415540398e+02,7.487673759460449219e-01,7.457637786865234375e-01,1.000024676322937012e+00,9.988883137702941895e-01
2.773750000000000071e+01,1.742798524578937815e+02,7.938047051429748535e-01,7.956796884536743164e-01,1.000024676322937012e+00,9.988880157470703125e-01
2.775000000000000000e+01,1.743583922742335233e+02,6.895987987518310547e-01,6.938028931617736816e-01,1.000024676322937012e+00,9.988877773284912109e-01
2.776249999999999929e+01,1.744369320905732650e+02,5.994665026664733887e-01,6.013411283493041992e-01,1.000024676322937012e+00,9.988876581192016602e-01
2.777499999999999858e+01,1.745154719069130067e+02,6.366127729415893555e-01,6.345697045326232910e-01,1.000024676322937012e+00,9.988874793052673340e-01
2.778749999999999787e+01,1.745940117232527484e+02,7.674382328987121582e-01,7.637513875961303711e-01,1.000024557113647461e+00,9.988873600959777832e-01
2.779999999999999716e+01,1.746725515395924901e+02,8.845189809799194336e-01,8.823981285095214844e-01,1.000024557113647461e+00,9.988873004913330078e-01
2.781250000000000000e+01,1.747510913559322319e+02,9.190835356712341309e-01,9.198759794235229492e-01,1.000024557113647461e+00,9.988872408866882324e-01
2.782499999999999929e+01,1.748296311722719736e+02,8.808234333992004395e-01,8.835811614990234375e-01,1.000024676322937012e+00,9.988871216773986816e-01
2.783750000000000213e+01,1.749081709886117437e+02,8.231928944587707520e-01,8.260040879249572754e-01,1.000024676322937012e+00,9.988871812820434570e-01
2.785000000000000142e+01,1.749867108049514854e+02,7.924359440803527832e-01,7.938735485076904297e-01,1.000024795532226562e+00,9.988872408866882324e-01
2.786250000000000071e+01,1.750652506212912272e+02,8.031867742538452148e-01,8.028950691223144531e-01,1.000024676322937012e+00,9.988872408866882324e-01
2.787500000000000000e+01,1.751437904376309689e+02,8.439006209373474121e-01,8.423530459403991699e-01,1.000024676322937012e+00,9.988871216773986816e-01
2.788749999999999929e+01,1.752223302539707106e+02,8.941723704338073730e-01,8.921267986297607422e-01,1.000024676322937012e+00,9.988871216773986816e-01
2.789999999999999858e+01,1.753008700703104523e+02,9.381325840950012207e-01,9.362094998359680176e-01,1.000024676322937012e+00,9.988870620727539062e-01
2.791249999999999787e+01,1.753794098866501940e+02,9.689151048660278320e-01,9.674383997917175293e-01,1.000024795532226562e+00,9.988871216773986816e-01
2.792499999999999716e+01,1.754579497029899358e+02,9.868121147155761719e-01,9.858436584472656250e-01,1.000024795532226562e+00,9.988871216773986816e-01
2.793749999999999645e+01,1.755364895193296775e+02,9.954592585563659668e-01,9.949106574058532715e-01,1.000024676322937012e+00,9.988871216773986816e-01
2.795000000000000284e+01,1.756150293356694476e+02,9.988312125205993652e-01,9.985663294792175293e-01,1.000024795532226562e+00,9.988870620727539062e-01
2.796250000000000213e+01,1.756935691520091893e+02,9.998139142990112305e-01,9.997103810310363770e-01,1.000024795532226562e+00,9.988871812820434570e-01
2.797500000000000142e+01,1.757721089683489311e+02,9.999893903732299805e-01,9.999611973762512207e-01,1.000024795532226562e+00,9.988871216773986816e-01
2.798750000000000071e+01,1.758506487846886728e+02,9.999966621398925781e-01,9.999940991401672363e-01,1.000024795532226562e+00,9.988871216773986816e-01
2.800000000000000000e+01,1.759291886010284145e+02,9.999952316284179688e-01,9.999960660934448242e-01,1.000024914741516113e+00,9.988870620727539062e-01
2.801249999999999929e+01,1.760077284173681562e+02,9.999930858612060547e-01,9.999974370002746582e-01,1.000024795532226562e+00,9.988870620727539062e-01
2.802499999999999858e+01,1.760862682337078979e+02,9.999594688415527344e-01,9.999889731407165527e-01,1.000024795532226562e+00,9.988870024681091309e-01
2.803749999999999787e+01,1.761648080500476397e+02,9.997057914733886719e-01,9.998107552528381348e-01,1.000024676322937012e+00,9.988870024681091309e-01
2.804999999999999716e+01,1.762433478663873814e+02,9.985557198524475098e-01,9.988220334053039551e-01,1.000024795532226562e+00,9.988870024681091309e-01
2.806250000000000355e+01,1.763218876827271515e+02,9.948884844779968262e-01,9.954388141632080078e-01,1.000024795532226562e+00,9.988871216773986816e-01
2.807500000000000284e+01,1.764004274990668932e+02,9.858040809631347656e-01,9.867739677429199219e-01,1.000024676322937012e+00,9.988870620727539062e-01
2.808750000000000213e+01,1.764789673154066350e+02,9.673764705657958984e-01,9.688543677330017090e-01,1.000024795532226562e+00,9.988871216773986816e-01
2.810000000000000142e+01,1.765575071317463767e+02,9.361261725425720215e-01,9.380494356155395508e-01,1.000024795532226562e+00,9.988870620727539062e-01
2.811250000000000071e+01,1.766360469480861184e+02,8.920327425003051758e-01,8.940785527229309082e-01,1.000024795532226562e+00,9.988869428634643555e-01
2.812500000000000000e+01,1.767145867644258601e+02,8.422727584838867188e-01,8.438209295272827148e-01,1.000024795532226562e+00,9.988870024681091309e-01
2.813749999999999929e+01,1.767931265807656018e+02,8.028605580329895020e-01,8.031544685363769531e-01,1.000024795532226562e+00,9.988870024681091309e-01
2.814999999999999858e+01,1.768716663971053435e+02,7.939092516899108887e-01,7.924767136573791504e-01,1.000024795532226562e+00,9.988870024681091309e-01
2.816249999999999787e+01,1.769502062134450853e+02,8.261032104492187500e-01,8.233002424240112305e-01,1.000024795532226562e+00,9.988869428634643555e-01
2.817500000000000071e+01,1.770287460297848554e+02,8.836920857429504395e-01,8.809425830841064453e-01,1.000024795532226562e+00,9.988868832588195801e-01
2.818750000000000000e+01,1.771072858461245971e+02,9.199196696281433105e-01,9.191318750381469727e-01,1.000024795532226562e+00,9.988868236541748047e-01
2.820000000000000284e+01,1.771858256624643388e+02,8.823223710060119629e-01,8.844440579414367676e-01,1.000024795532226562e+00,9.988867640495300293e-01
2.821250000000000213e+01,1.772643654788040806e+02,7.635940909385681152e-01,7.672799229621887207e-01,1.000024914741516113e+00,9.988867044448852539e-01
2.822500000000000142e+01,1.773429052951438223e+02,6.344584822654724121e-01,6.365039348602294922e-01,1.000024914741516113e+00,9.988865852355957031e-01
2.823750000000000071e+01,1.774214451114835640e+02,6.013873219490051270e-01,5.995188355445861816e-01,1.000024914741516113e+00,9.988864660263061523e-01
2.825000000000000000e+01,1.774999849278233057e+02,6.939670443534851074e-01,6.897687315940856934e-01,1.000024795532226562e+00,9.988862872123718262e-01
2.826249999999999929e+01,1.775785247441630474e+02,7.957740426063537598e-01,7.939029932022094727e-01,1.000024914741516113e+00,9.988860487937927246e-01
2.827499999999999858e+01,1.776570645605027892e+02,7.456541657447814941e-01,7.486624121665954590e-01,1.000024795532226562e+00,9.988857507705688477e-01
2.828750000000000142e+01,1.777356043768425593e+02,5.480369329452514648e-01,5.523899197578430176e-01,1.000024914741516113e+00,9.988855123519897461e-01
2.830000000000000071e+01,1.778141441931823010e+02,4.170410931110382080e-01,4.168020486831665039e-01,1.000024914741516113e+00,9.988850355148315430e-01
2.831250000000000000e+01,1.778926840095220427e+02,5.089640021324157715e-01,5.041545033454895020e-01,1.000025033950805664e+00,9.988845586776733398e-01
2.832499999999999929e+01,1.779712238258617845e+02,6.612749099731445312e-01,6.589252948760986328e-01,1.000025033950805664e+00,9.988840222358703613e-01
2.833749999999999858e+01,1.780497636422015262e+02,5.864219069480895996e-01,5.904038548469543457e-01,1.000025033950805664e+00,9.988833069801330566e-01
2.835000000000000142e+01,1.781283034585412679e+02,3.315316736698150635e-01,3.356409370899200439e-01,1.000025033950805664e+00,9.988824725151062012e-01
2.836250000000000071e+01,1.782068432748810096e+02,2.577021718025207520e-01,2.549722194671630859e-01,1.000025033950805664e+00,9.988816976547241211e-01
2.837500000000000000e+01,1.782853830912207513e+02,4.477327466011047363e-01,4.426469504833221436e-01,1.000025033950805664e+00,9.988807439804077148e-01
2.838749999999999929e+01,1.783639229075604931e+02,5.146087408065795898e-01,5.162070393562316895e-01,1.000025033950805664e+00,9.988797307014465332e-01
2.839999999999999858e+01,1.784424627239002348e+02,2.621574699878692627e-01,2.677359580993652344e-01,1.000025033950805664e+00,9.988785982131958008e-01
2.841250000000000142e+01,1.785210025402400049e+02,7.919105887413024902e-02,7.842357456684112549e-02,1.000025153160095215e+00,9.988774061203002930e-01
2.842500000000000071e+01,1.785995423565797466e+02,2.478582710027694702e-01,2.420479953289031982e-01,1.000025153160095215e+00,9.988760352134704590e-01
2.843750000000000000e+01,1.786780821729194884e+02,3.831689655780792236e-01,3.834437429904937744e-01,1.000025153160095215e+00,9.988746643066406250e-01
2.844999999999999929e+01,1.787566219892592301e+02,1.454592794179916382e-01,1.513984799385070801e-01,1.000025272369384766e+00,9.988731741905212402e-01
2.846249999999999858e+01,1.788351618055989718e+02,-7.965391874313354492e-02,-7.969951629638671875e-02,1.000025272369384766e+00,9.988716244697570801e-01
2.847499999999999787e+01,1.789137016219387135e+02,8.046512305736541748e-02,7.445277273654937744e-02,1.000025272369384766e+00,9.988700747489929199e-01
2.848749999999999716e+01,1.789922414382784552e+02,2.345011830329895020e-01,2.344912588596343994e-01,1.000025272369384766e+00,9.988684654235839844e-01
2.850000000000000000e+01,1.790707812546181970e+02,-3.152535064145922661e-03,2.894466277211904526e-03,1.000025272369384766e+00,9.988669157028198242e-01
2.851249999999999929e+01,1.791493210709579387e+02,-2.344976365566253662e-01,-2.344924807548522949e-01,1.000025272369384766e+00,9.988652467727661133e-01
2.852500000000000213e+01,1.792278608872977088e+02,-7.417836040258407593e-02,-8.022571355104446411e-02,1.000025272369384766e+00,9.988637566566467285e-01
2.853750000000000142e+01,1.793064007036374505e+02,7.970777899026870728e-02,7.964571565389633179e-02,1.000025153160095215e+00,9.988622069358825684e-01
2.855000000000000071e+01,1.793849405199771923e+02,-1.516892760992050171e-01,-1.456799060106277466e-01,1.000025272369384766e+00,9.988607168197631836e-01
2.856250000000000000e+01,1.794634803363169340e+02,-3.834626674652099609e-01,-3.831694722175598145e-01,1.000025272369384766e+00,9.988592267036437988e-01
2.857499999999999929e+01,1.795420201526566757e+02,-2.417435050010681152e-01,-2.476589828729629517e-01,1.000025391578674316e+00,9.988579154014587402e-01
2.858749999999999858e+01,1.796205599689964174e+02,-7.837594300508499146e-02,-7.917530834674835205e-02,1.000025510787963867e+00,9.988566040992736816e-01
2.859999999999999787e+01,1.796990997853361591e+02,-2.680386602878570557e-01,-2.623400688171386719e-01,1.000025510787963867e+00,9.988554120063781738e-01
2.861249999999999716e+01,1.797776396016759008e+02,-5.162981748580932617e-01,-5.146548151969909668e-01,1.000025510787963867e+00,9.988542199134826660e-01
2.862499999999999645e+01,1.798561794180156426e+02,-4.423579871654510498e-01,-4.475800693035125732e-01,1.000025629997253418e+00,9.988531470298767090e-01
2.863750000000000284e+01,1.799347192343554127e+02,-2.548073232173919678e-01,-2.576293945312500000e-01,1.000025629997253418e+00,9.988520741462707520e-01
2.865000000000000213e+01,1.800132590506951544e+02,-3.358738124370574951e-01,-3.316512703895568848e-01,1.000025510787963867e+00,9.988511800765991211e-01
2.866250000000000142e+01,1.800917988670348961e+02,-5.906400084495544434e-01,-5.865293741226196289e-01,1.000025629997253418e+00,9.988504052162170410e-01
2.867500000000000071e+01,1.801703386833746379e+02,-6.587885022163391113e-01,-6.612133383750915527e-01,1.000025749206542969e+00,9.988498091697692871e-01
2.868750000000000000e+01,1.802488784997143796e+02,-5.038634538650512695e-01,-5.088450312614440918e-01,1.000025749206542969e+00,9.988492727279663086e-01
2.869999999999999929e+01,1.803274183160541213e+02,-4.167807400226593018e-01,-4.170397818088531494e-01,1.000025749206542969e+00,9.988487958908081055e-01
2.871249999999999858e+01,1.804059581323938630e+02,-5.526496767997741699e-01,-5.481441020965576172e-01,1.000025749206542969e+00,9.988483786582946777e-01
2.872499999999999787e+01,1.804844979487336047e+02,-7.488461732864379883e-01,-7.457242012023925781e-01,1.000025749206542969e+00,9.988480210304260254e-01
2.873749999999999716e+01,1.805630377650733465e+02,-7.937895655632019043e-01,-7.957302331924438477e-01,1.000025749206542969e+00,9.988478422164916992e-01
2.875000000000000355e+01,1.806415775814131166e+02,-6.895096898078918457e-01,-6.938728094100952148e-01,1.000025868415832520e+00,9.988475441932678223e-01
2.876250000000000284e+01,1.807201173977528583e+02,-5.993991494178771973e-01,-6.013491153717041016e-01,1.000025749206542969e+00,9.988473057746887207e-01
2.877500000000000213e+01,1.807986572140926000e+02,-6.366235613822937012e-01,-6.345096826553344727e-01,1.000025749206542969e+00,9.988471865653991699e-01
2.878750000000000142e+01,1.808771970304323418e+02,-7.675027251243591309e-01,-7.636796236038208008e-01,1.000025749206542969e+00,9.988470673561096191e-01
2.880000000000000071e+01,1.809557368467720835e+02,-8.845735788345336914e-01,-8.823702931404113770e-01,1.000025868415832520e+00,9.988470077514648438e-01
2.881250000000000000e+01,1.810342766631118252e+02,-9.190829396247863770e-01,-9.199023842811584473e-01,1.000025868415832520e+00,9.988468885421752930e-01
2.882499999999999929e+01,1.811128164794515669e+02,-8.807722926139831543e-01,-8.836322426795959473e-01,1.000025868415832520e+00,9.988468885421752930e-01
2.883749999999999858e+01,1.811913562957913086e+02,-8.231254220008850098e-01,-8.260431289672851562e-01,1.000025868415832520e+00,9.988468885421752930e-01
2.884999999999999787e+01,1.812698961121310504e+02,-7.923846244812011719e-01,-7.938802838325500488e-01,1.000025868415832520e+00,9.988469481468200684e-01
2.886250000000000071e+01,1.813484359284708205e+02,-8.031678795814514160e-01,-8.028701543807983398e-01,1.000025868415832520e+00,9.988468885421752930e-01
2.887500000000000000e+01,1.814269757448105622e+02,-8.439106941223144531e-01,-8.423101305961608887e-01,1.000025868415832520e+00,9.988469481468200684e-01
2.888749999999999929e+01,1.815055155611503039e+02,-8.941993713378906250e-01,-8.920811414718627930e-01,1.000025987625122070e+00,9.988468885421752930e-01
2.890000000000000213e+01,1.815840553774900457e+02,-9.381636977195739746e-01,-9.361712336540222168e-01,1.000025987625122070e+00,9.988469481468200684e-01
2.891250000000000142e+01,1.816625951938297874e+02,-9.689423441886901855e-01,-9.674115180969238281e-01,1.000025987625122070e+00,9.988468885421752930e-01
2.892500000000000071e+01,1.817411350101695291e+02,-9.868314862251281738e-01,-9.858270883560180664e-01,1.000026106834411621e+00,9.988470077514648438e-01
2.893750000000000000e+01,1.818196748265092708e+02,-9.954710602760314941e-01,-9.949017763137817383e-01,1.000025987625122070e+00,9.988469481468200684e-01
2.894999999999999929e+01,1.818982146428490125e+02,-9.988371133804321289e-01,-9.985622167587280273e-01,1.000025987625122070e+00,9.988470077514648438e-01
2.896249999999999858e+01,1.819767544591887543e+02,-9.998160600662231445e-01,-9.997086524963378906e-01,1.000025987625122070e+00,9.988470673561096191e-01
2.897500000000000142e+01,1.820552942755285244e+02,-9.999896287918090820e-01,-9.999606609344482422e-01,1.000025987625122070e+00,9.988470077514648438e-01
2.898750000000000071e+01,1.821338340918682661e+02,-9.999964237213134766e-01,-9.999936819076538086e-01,1.000025987625122070e+00,9.988471269607543945e-01
2.900000000000000000e+01,1.822123739082080078e+02,-9.999948740005493164e-01,-9.999957084655761719e-01,1.000025987625122070e+00,9.988471269607543945e-01
2.901249999999999929e+01,1.822909137245477496e+02,-9.999926090240478516e-01,-9.999971389770507812e-01,1.000025987625122070e+00,9.988471269607543945e-01
2.902499999999999858e+01,1.823694535408874913e+02,-9.999583959579467773e-01,-9.999890327453613281e-01,1.000025987625122070e+00,9.988471865653991699e-01
2.903750000000000142e+01,1.824479933572272330e+02,-9.997029304504394531e-01,-9.998118877410888672e-01,1.000025987625122070e+00,9.988471865653991699e-01
2.905000000000000071e+01,1.825265331735669747e+02,-9.985492229461669922e-01,-9.988256096839904785e-01,1.000025868415832520e+00,9.988471269607543945e-01
2.906250000000000000e+01,1.826050729899067164e+02,-9.948762655258178711e-01,-9.954470992088317871e-01,1.000025868415832520e+00,9.988470673561096191e-01
2.907499999999999929e+01,1.826836128062464581e+02,-9.857839345932006836e-01,-9.867900609970092773e-01,1.000025987625122070e+00,9.988471269607543945e-01
2.908750000000000213e+01,1.827621526225862283e+02,-9.673483967781066895e-01,-9.688808321952819824e-01,1.000025987625122070e+00,9.988471269607543945e-01
2.910000000000000142e+01,1.828406924389259700e+02,-9.360933303833007812e-01,-9.380874037742614746e-01,1.000026106834411621e+00,9.988471269607543945e-01
2.911250000000000071e+01,1.829192322552657117e+02,-8.920049071311950684e-01,-8.941239118576049805e-01,1.000025987625122070e+00,9.988471865653991699e-01
2.912500000000000000e+01,1.829977720716054534e+02,-8.422620296478271484e-01,-8.438632488250732422e-01,1.000025987625122070e+00,9.988471269607543945e-01
2.913749999999999929e+01,1.830763118879451952e+02,-8.028795719146728516e-01,-8.031789064407348633e-01,1.000025987625122070e+00,9.988471269607543945e-01
2.914999999999999858e+01,1.831548517042849369e+02,-7.939605116844177246e-01,-7.924695014953613281e-01,1.000026106834411621e+00,9.988471269607543945e-01
2.916249999999999787e+01,1.832333915206246786e+02,-8.261707425117492676e-01,-8.232607841491699219e-01,1.000026106834411621e+00,9.988471269607543945e-01
2.917499999999999716e+01,1.833119313369644203e+02,-8.837420940399169922e-01,-8.808913230895996094e-01,1.000026106834411621e+00,9.988470673561096191e-01
2.918750000000000000e+01,1.833904711533041620e+02,-9.199189543724060059e-01,-9.191055297851562500e-01,1.000026106834411621e+00,9.988470673561096191e-01
2.920000000000000284e+01,1.834690109696439322e+02,-8.822692036628723145e-01,-8.844702839851379395e-01,1.000026226043701172e+00,9.988469481468200684e-01
2.921250000000000213e+01,1.835475507859836739e+02,-7.635310292243957520e-01,-7.673480510711669922e-01,1.000026226043701172e+00,9.988468885421752930e-01
2.922500000000000142e+01,1.836260906023234156e+02,-6.344478130340576172e-01,-6.365612745285034180e-01,1.000026226043701172e+00,9.988467693328857422e-01
2.923750000000000071e+01,1.837046304186631573e+02,-6.014521121978759766e-01,-5.995108485221862793e-01,1.000026345252990723e+00,9.988466501235961914e-01
2.925000000000000000e+01,1.837831702350028991e+02,-6.940522193908691406e-01,-6.897014379501342773e-01,1.000026345252990723e+00,9.988464713096618652e-01
2.926249999999999929e+01,1.838617100513426408e+02,-7.957887053489685059e-01,-7.938540577888488770e-01,1.000026345252990723e+00,9.988462328910827637e-01
2.927499999999999858e+01,1.839402498676823825e+02,-7.455797791481018066e-01,-7.486997842788696289e-01,1.000026345252990723e+00,9.988459348678588867e-01
2.928749999999999787e+01,1.840187896840221242e+02,-5.479714274406433105e-01,-5.524774193763732910e-01,1.000026345252990723e+00,9.988455772399902344e-01
2.929999999999999716e+01,1.840973295003618659e+02,-4.170815944671630859e-01,-4.168274700641632080e-01,1.000026345252990723e+00,9.988451600074768066e-01
2.931249999999999645e+01,1.841758693167016077e+02,-5.090645551681518555e-01,-5.040817260742187500e-01,1.000026464462280273e+00,9.988446831703186035e-01
2.932500000000000284e+01,1.842544091330413778e+02,-6.612942814826965332e-01,-6.588646173477172852e-01,1.000026345252990723e+00,9.988440871238708496e-01
2.933750000000000213e+01,1.843329489493811195e+02,-5.863327383995056152e-01,-5.904574394226074219e-01,1.000026464462280273e+00,9.988434910774230957e-01
2.935000000000000142e+01,1.844114887657208612e+02,-3.314824402332305908e-01,-3.357321023941040039e-01,1.000026464462280273e+00,9.988427758216857910e-01
2.936250000000000071e+01,1.844900285820606030e+02,-2.577822208404541016e-01,-2.549515664577484131e-01,1.000026464462280273e+00,9.988418817520141602e-01
2.937500000000000000e+01,1.845685683984003447e+02,-4.478110671043395996e-01,-4.425487220287322998e-01,1.000026345252990723e+00,9.988408684730529785e-01
2.938749999999999929e+01,1.846471082147400864e+02,-5.145521163940429688e-01,-5.162075757980346680e-01,1.000026464462280273e+00,9.988398551940917969e-01
2.939999999999999858e+01,1.847256480310798281e+02,-2.620721459388732910e-01,-2.678416967391967773e-01,1.000026583671569824e+00,9.988387227058410645e-01
2.941249999999999787e+01,1.848041878474195698e+02,-7.924258708953857422e-02,-7.844385504722595215e-02,1.000026583671569824e+00,9.988374710083007812e-01
2.942499999999999716e+01,1.848827276637593116e+02,-2.479536980390548706e-01,-2.419455200433731079e-01,1.000026464462280273e+00,9.988361597061157227e-01
2.943750000000000355e+01,1.849612674800990817e+02,-3.831257820129394531e-01,-3.834174573421478271e-01,1.000026583671569824e+00,9.988348484039306641e-01
2.945000000000000284e+01,1.850398072964388234e+02,-1.453655511140823364e-01,-1.515038311481475830e-01,1.000026702880859375e+00,9.988333582878112793e-01
2.946250000000000213e+01,1.851183471127785651e+02,7.961198687553405762e-02,7.966619729995727539e-02,1.000026702880859375e+00,9.988318681716918945e-01
2.947500000000000142e+01,1.851968869291183069e+02,-8.056207746267318726e-02,-7.434912025928497314e-02,1.000026702880859375e+00,9.988302588462829590e-01
2.948750000000000071e+01,1.852754267454580486e+02,-2.344639301300048828e-01,-2.344579994678497314e-01,1.000026702880859375e+00,9.988286495208740234e-01
2.950000000000000000e+01,1.853539665617977903e+02,3.251832444220781326e-03,-2.999559510499238968e-03,1.000026702880859375e+00,9.988270401954650879e-01
2.951249999999999929e+01,1.854325063781375320e+02,2.344628721475601196e-01,2.344588041305541992e-01,1.000026702880859375e+00,9.988254904747009277e-01
2.952499999999999858e+01,1.855110461944772737e+02,7.407681643962860107e-02,8.033113181591033936e-02,1.000026702880859375e+00,9.988239407539367676e-01
2.953749999999999787e+01,1.855895860108170154e+02,-7.967472821474075317e-02,-7.960759848356246948e-02,1.000026702880859375e+00,9.988223314285278320e-01
2.955000000000000071e+01,1.856681258271567856e+02,1.517891734838485718e-01,1.455797553062438965e-01,1.000026702880859375e+00,9.988208413124084473e-01
2.956250000000000000e+01,1.857466656434965273e+02,3.834383785724639893e-01,3.831302523612976074e-01,1.000026702880859375e+00,9.988194108009338379e-01
2.957499999999999929e+01,1.858252054598362690e+02,2.416486889123916626e-01,2.477569282054901123e-01,1.000026702880859375e+00,9.988180398941040039e-01
2.958750000000000213e+01,1.859037452761760107e+02,7.839152216911315918e-02,7.922497391700744629e-02,1.000026822090148926e+00,9.988166689872741699e-01
2.960000000000000142e+01,1.859822850925157525e+02,2.681364119052886963e-01,2.622532844543457031e-01,1.000026702880859375e+00,9.988154768943786621e-01
2.961250000000000071e+01,1.860608249088554942e+02,5.163013935089111328e-01,5.145967602729797363e-01,1.000026702880859375e+00,9.988143444061279297e-01
2.962500000000000000e+01,1.861393647251952359e+02,4.422643482685089111e-01,4.476568102836608887e-01,1.000026822090148926e+00,9.988133311271667480e-01
2.963749999999999929e+01,1.862179045415349776e+02,2.547881305217742920e-01,2.577074766159057617e-01,1.000026822090148926e+00,9.988123774528503418e-01
2.964999999999999858e+01,1.862964443578747193e+02,3.359640240669250488e-01,3.316042423248291016e-01,1.000026941299438477e+00,9.988115429878234863e-01
2.966250000000000142e+01,1.863749841742144895e+02,5.906943082809448242e-01,5.864435434341430664e-01,1.000026941299438477e+00,9.988107681274414062e-01
2.967500000000000071e+01,1.864535239905542312e+02,6.587285995483398438e-01,6.612297296524047852e-01,1.000026941299438477e+00,9.988101720809936523e-01
2.968750000000000000e+01,1.865320638068939729e+02,5.037875771522521973e-01,5.089383721351623535e-01,1.000027060508728027e+00,9.988095164299011230e-01
2.969999999999999929e+01,1.866106036232337146e+02,4.168041050434112549e-01,4.170778095722198486e-01,1.000027060508728027e+00,9.988090395927429199e-01
2.971249999999999858e+01,1.866891434395734564e+02,5.527393221855163574e-01,5.480851531028747559e-01,1.000027060508728027e+00,9.988086819648742676e-01
2.972499999999999787e+01,1.867676832559131981e+02,7.488855123519897461e-01,7.456579208374023438e-01,1.000027179718017578e+00,9.988083243370056152e-01
2.973750000000000071e+01,1.868462230722529398e+02,7.937381863594055176e-01,7.957426905632019043e-01,1.000027060508728027e+00,9.988080263137817383e-01
2.975000000000000000e+01,1.869247628885926815e+02,6.894372701644897461e-01,6.939479708671569824e-01,1.000027060508728027e+00,9.988078474998474121e-01
2.976249999999999929e+01,1.870033027049324232e+02,5.993896126747131348e-01,6.014065742492675781e-01,1.000027060508728027e+00,9.988075494766235352e-01
2.977500000000000213e+01,1.870818425212721934e+02,6.366846561431884766e-01,6.344998478889465332e-01,1.000027060508728027e+00,9.988074898719787598e-01
2.978750000000000142e+01,1.871603823376119351e+02,7.675758600234985352e-01,7.636236548423767090e-01,1.000027179718017578e+00,9.988073706626892090e-01
2.980000000000000071e+01,1.872389221539516768e+02,8.846012353897094727e-01,8.823233842849731445e-01,1.000027060508728027e+00,9.988071918487548828e-01
2.981250000000000000e+01,1.873174619702914185e+02,9.190551638603210449e-01,9.199017882347106934e-01,1.000027060508728027e+00,9.988071322441101074e-01
2.982499999999999929e+01,1.873960017866311603e+02,8.807184696197509766e-01,8.836752176284790039e-01,1.000027179718017578e+00,9.988071322441101074e-01
2.983749999999999858e+01,1.874745416029709020e+02,8.230845332145690918e-01,8.261007666587829590e-01,1.000027179718017578e+00,9.988071322441101074e-01
2.984999999999999787e+01,1.875530814193106437e+02,7.923780679702758789e-01,7.939240336418151855e-01,1.000027179718017578e+00,9.988070130348205566e-01
2.986249999999999716e+01,1.876316212356503854e+02,8.031942248344421387e-01,8.028862476348876953e-01,1.000027298927307129e+00,9.988070130348205566e-01
2.987499999999999645e+01,1.877101610519901271e+02,8.439562916755676270e-01,8.423007130622863770e-01,1.000027298927307129e+00,9.988070726394653320e-01
2.988750000000000284e+01,1.877887008683298973e+02,8.942469954490661621e-01,8.920566439628601074e-01,1.000027298927307129e+00,9.988071322441101074e-01
2.990000000000000213e+01,1.878672406846696390e+02,9.382029175758361816e-01,9.361434578895568848e-01,1.000027298927307129e+00,9.988070130348205566e-01
2.991250000000000142e+01,1.879457805010093807e+02,9.689695835113525391e-01,9.673875570297241211e-01,1.000027298927307129e+00,9.988070130348205566e-01
2.992500000000000071e+01,1.880243203173491224e+02,9.868481755256652832e-01,9.858099818229675293e-01,1.000027298927307129e+00,9.988070726394653320e-01
2.993750000000000000e+01,1.881028601336888642e+02,9.954795241355895996e-01,9.948912858963012695e-01,1.000027298927307129e+00,9.988070726394653320e-01
2.994999999999999929e+01,1.881813999500286059e+02,9.988406896591186523e-01,9.985566139221191406e-01,1.000027298927307129e+00,9.988071322441101074e-01
2.996249999999999858e+01,1.882599397663683476e+02,9.998170733451843262e-01,9.997062683105468750e-01,1.000027418136596680e+00,9.988070726394653320e-01
2.997499999999999787e+01,1.883384795827080893e+02,9.999897480010986328e-01,9.999597072601318359e-01,1.000027298927307129e+00,9.988071322441101074e-01
2.998749999999999716e+01,1.884170193990478310e+02,9.999961853027343750e-01,9.999932050704956055e-01,1.000027298927307129e+00,9.988071322441101074e-01
2.999999999999999645e+01,1.884955592153875727e+02,9.999945163726806641e-01,9.999954700469970703e-01,1.000027298927307129e+00,9.988071918487548828e-01
3.001250000000000284e+01,1.885740990317273429e+02,9.999923706054687500e-01,9.999968409538269043e-01,1.000027298927307129e+00,9.988071918487548828e-01
3.002500000000000213e+01,1.886526388480670846e+02,9.999576807022094727e-01,9.999893903732299805e-01,1.000027298927307129e+00,9.988071322441101074e-01
3.003750000000000142e+01,1.887311786644068263e+02,9.997012615203857422e-01,9.998137950897216797e-01,1.000027298927307129e+00,9.988071918487548828e-01
3.005000000000000071e+01,1.888097184807465680e+02,9.985447525978088379e-01,9.988304972648620605e-01,1.000027418136596680e+00,9.988072514533996582e-01
3.006250000000000000e+01,1.888882582970863098e+02,9.948672056198120117e-01,9.954568743705749512e-01,1.000027298927307129e+00,9.988072514533996582e-01
3.007499999999999929e+01,1.889667981134260515e+02,9.857672452926635742e-01,9.868062734603881836e-01,1.000027298927307129e+00,9.988073110580444336e-01
3.008749999999999858e+01,1.890453379297657932e+02,9.673206806182861328e-01,9.689039587974548340e-01,1.000027298927307129e+00,9.988072514533996582e-01
3.009999999999999787e+01,1.891238777461055349e+02,9.360534548759460449e-01,9.381142854690551758e-01,1.000027298927307129e+00,9.988072514533996582e-01
3.011249999999999716e+01,1.892024175624452766e+02,8.919565081596374512e-01,8.941475749015808105e-01,1.000027179718017578e+00,9.988073110580444336e-01
3.012500000000000355e+01,1.892809573787850468e+02,8.422168493270874023e-01,8.438728451728820801e-01,1.000027298927307129e+00,9.988072514533996582e-01
3.013750000000000284e+01,1.893594971951247885e+02,8.028525114059448242e-01,8.031634688377380371e-01,1.000027298927307129e+00,9.988071918487548828e-01
3.015000000000000213e+01,1.894380370114645302e+02,7.939657568931579590e-01,7.924268841743469238e-01,1.000027298927307129e+00,9.988071918487548828e-01
3.016250000000000142e+01,1.895165768278042719e+02,8.262102007865905762e-01,8.232039213180541992e-01,1.000027298927307129e+00,9.988071918487548828e-01
3.017500000000000071e+01,1.895951166441440137e+02,8.837945461273193359e-01,8.808483481407165527e-01,1.000027298927307129e+00,9.988071322441101074e-01
3.018750000000000000e+01,1.896736564604837554e+02,9.199460148811340332e-01,9.191049337387084961e-01,1.000027298927307129e+00,9.988071322441101074e-01
3.019999999999999929e+01,1.897521962768234971e+02,8.822416067123413086e-01,8.845152258872985840e-01,1.000027298927307129e+00,9.988070726394653320e-01
3.021249999999999858e+01,1.898307360931632388e+02,7.634600400924682617e-01,7.674028873443603516e-01,1.000027298927307129e+00,9.988069534301757812e-01
3.022499999999999787e+01,1.899092759095029805e+02,6.343880295753479004e-01,6.365701556205749512e-01,1.000027418136596680e+00,9.988067746162414551e-01
3.023750000000000071e+01,1.899878157258427507e+02,6.014596819877624512e-01,5.994529724121093750e-01,1.000027418136596680e+00,9.988067746162414551e-01
3.025000000000000000e+01,1.900663555421824924e+02,6.941206455230712891e-01,6.896260976791381836e-01,1.000027537345886230e+00,9.988065361976623535e-01
3.026249999999999929e+01,1.901448953585222341e+02,7.958393692970275879e-01,7.938414812088012695e-01,1.000027656555175781e+00,9.988062977790832520e-01
3.027500000000000213e+01,1.902234351748619758e+02,7.455420494079589844e-01,7.487654089927673340e-01,1.000027656555175781e+00,9.988060593605041504e-01
3.028750000000000142e+01,1.903019749912017176e+02,5.478793382644653320e-01,5.525354146957397461e-01,1.000027656555175781e+00,9.988056421279907227e-01
3.030000000000000071e+01,1.903805148075414593e+02,4.170510768890380859e-01,4.167904257774353027e-01,1.000027656555175781e+00,9.988051652908325195e-01
3.031250000000000000e+01,1.904590546238812010e+02,5.091369152069091797e-01,5.039907693862915039e-01,1.000027656555175781e+00,9.988047480583190918e-01
3.032499999999999929e+01,1.905375944402209427e+02,6.613578796386718750e-01,6.588485836982727051e-01,1.000027656555175781e+00,9.988042712211608887e-01
3.033749999999999858e+01,1.906161342565606844e+02,5.862782001495361328e-01,5.905398726463317871e-01,1.000027656555175781e+00,9.988036751747131348e-01
3.035000000000000142e+01,1.906946740729004546e+02,3.313874304294586182e-01,3.357769846916198730e-01,1.000027775764465332e+00,9.988029599189758301e-01
3.036250000000000071e+01,1.907732138892401963e+02,2.578024268150329590e-01,2.548754811286926270e-01,1.000027775764465332e+00,9.988020658493041992e-01
3.037500000000000000e+01,1.908517537055799380e+02,4.479092359542846680e-01,4.424747824668884277e-01,1.000027775764465332e+00,9.988010525703430176e-01
3.038749999999999929e+01,1.909302935219196797e+02,5.145484805107116699e-01,5.162625312805175781e-01,1.000027775764465332e+00,9.987999796867370605e-01
3.039999999999999858e+01,1.910088333382594215e+02,2.619688212871551514e-01,2.679217159748077393e-01,1.000027775764465332e+00,9.987988471984863281e-01
3.041249999999999787e+01,1.910873731545991632e+02,7.922772318124771118e-02,7.839410752058029175e-02,1.000027894973754883e+00,9.987977147102355957e-01
3.042500000000000071e+01,1.911659129709389049e+02,2.480571866035461426e-01,2.418542504310607910e-01,1.000027894973754883e+00,9.987963438034057617e-01
3.043750000000000000e+01,1.912444527872786466e+02,3.831451535224914551e-01,3.834572136402130127e-01,1.000027894973754883e+00,9.987949728965759277e-01
3.044999999999999929e+01,1.913229926036183883e+02,1.452570259571075439e-01,1.515968143939971924e-01,1.000028014183044434e+00,9.987934827804565430e-01
3.046250000000000213e+01,1.914015324199581585e+02,-7.963463664054870605e-02,-7.970508188009262085e-02,1.000028014183044434e+00,9.987919330596923828e-01
3.047500000000000142e+01,1.914800722362979002e+02,8.066934347152709961e-02,7.425309717655181885e-02,1.000028014183044434e+00,9.987903237342834473e-01
3.048750000000000071e+01,1.915586120526376419e+02,2.344865947961807251e-01,2.344954311847686768e-01,1.000028133392333984e+00,9.987888336181640625e-01
3.050000000000000000e+01,1.916371518689773836e+02,-3.356872126460075378e-03,3.095811465755105019e-03,1.000028133392333984e+00,9.987872242927551270e-01
3.051249999999999929e+01,1.917156916853171253e+02,-2.344881296157836914e-01,-2.344954758882522583e-01,1.000028133392333984e+00,9.987856745719909668e-01
3.052499999999999858e+01,1.917942315016568671e+02,-7.397442311048507690e-02,-8.042608201503753662e-02,1.000028252601623535e+00,9.987841248512268066e-01
3.053749999999999787e+01,1.918727713179966088e+02,7.970464974641799927e-02,7.964482158422470093e-02,1.000028252601623535e+00,9.987826347351074219e-01
3.054999999999999716e+01,1.919513111343363505e+02,-1.518875956535339355e-01,-1.454830616712570190e-01,1.000028252601623535e+00,9.987812042236328125e-01
3.056249999999999645e+01,1.920298509506760922e+02,-3.834669589996337891e-01,-3.831626772880554199e-01,1.000028252601623535e+00,9.987797141075134277e-01
3.057500000000000284e+01,1.921083907670158624e+02,-2.415540665388107300e-01,-2.478536069393157959e-01,1.000028371810913086e+00,9.987782239913940430e-01
3.058750000000000213e+01,1.921869305833556041e+02,-7.835519313812255859e-02,-7.919823378324508667e-02,1.000028491020202637e+00,9.987768530845642090e-01
3.060000000000000142e+01,1.922654703996953458e+02,-2.682195007801055908e-01,-2.621511816978454590e-01,1.000028371810913086e+00,9.987757205963134766e-01
3.061250000000000071e+01,1.923440102160350875e+02,-5.163468122482299805e-01,-5.146024227142333984e-01,1.000028491020202637e+00,9.987745285034179688e-01
3.062500000000000000e+01,1.924225500323748292e+02,-4.421917200088500977e-01,-4.477516710758209229e-01,1.000028610229492188e+00,9.987733960151672363e-01
3.063749999999999929e+01,1.925010898487145710e+02,-2.547260224819183350e-01,-2.577186226844787598e-01,1.000028610229492188e+00,9.987724423408508301e-01
3.064999999999999858e+01,1.925796296650543127e+02,-3.360143303871154785e-01,-3.315102458000183105e-01,1.000028491020202637e+00,9.987715482711791992e-01
3.066249999999999787e+01,1.926581694813940544e+02,-5.907654762268066406e-01,-5.863953828811645508e-01,1.000028610229492188e+00,9.987708330154418945e-01
3.067499999999999716e+01,1.927367092977337961e+02,-6.587049961090087891e-01,-6.612936854362487793e-01,1.000028610229492188e+00,9.987701177597045898e-01
3.068750000000000355e+01,1.928152491140735663e+02,-5.037063956260681152e-01,-5.090060234069824219e-01,1.000028610229492188e+00,9.987695217132568359e-01
3.070000000000000284e+01,1.928937889304133080e+02,-4.167799055576324463e-01,-4.170454144477844238e-01,1.000028610229492188e+00,9.987690448760986328e-01
3.071250000000000213e+01,1.929723287467530497e+02,-5.527982115745544434e-01,-5.479965806007385254e-01,1.000028610229492188e+00,9.987686872482299805e-01
3.072500000000000142e+01,1.930508685630927914e+02,-7.489428520202636719e-01,-7.456246018409729004e-01,1.000028729438781738e+00,9.987682700157165527e-01
3.073750000000000071e+01,1.931294083794325331e+02,-7.937196493148803711e-01,-7.957953810691833496e-01,1.000028729438781738e+00,9.987680912017822266e-01
3.075000000000000000e+01,1.932079481957722749e+02,-6.893651485443115234e-01,-6.940145492553710938e-01,1.000028729438781738e+00,9.987678527832031250e-01
3.076249999999999929e+01,1.932864880121120166e+02,-5.993404984474182129e-01,-6.014090180397033691e-01,1.000028729438781738e+00,9.987676739692687988e-01
3.077499999999999858e+01,1.933650278284517583e+02,-6.367006897926330566e-01,-6.344364881515502930e-01,1.000028848648071289e+00,9.987675547599792480e-01
3.078749999999999787e+01,1.934435676447915000e+02,-7.676320075988769531e-01,-7.635530829429626465e-01,1.000028848648071289e+00,9.987674355506896973e-01
3.080000000000000071e+01,1.935221074611312702e+02,-8.846435546875000000e-01,-8.822987079620361328e-01,1.000028848648071289e+00,9.987674355506896973e-01
3.081250000000000000e+01,1.936006472774710119e+02,-9.190506935119628906e-01,-9.199297428131103516e-01,1.000028848648071289e+00,9.987673163414001465e-01
3.082500000000000284e+01,1.936791870938107536e+02,-8.806741833686828613e-01,-8.837252259254455566e-01,1.000028848648071289e+00,9.987672567367553711e-01
3.083750000000000213e+01,1.937577269101504953e+02,-8.230298757553100586e-01,-8.261362314224243164e-01,1.000028848648071289e+00,9.987672567367553711e-01
3.085000000000000142e+01,1.938362667264902370e+02,-7.923404574394226074e-01,-7.939257025718688965e-01,1.000028848648071289e+00,9.987672567367553711e-01
3.086250000000000071e+01,1.939148065428299788e+02,-8.031846284866333008e-01,-8.028569817543029785e-01,1.000028848648071289e+00,9.987671971321105957e-01
3.087500000000000000e+01,1.939933463591697205e+02,-8.439709544181823730e-01,-8.422546982765197754e-01,1.000028848648071289e+00,9.987671971321105957e-01
3.088749999999999929e+01,1.940718861755094622e+02,-8.942748904228210449e-01,-8.920096158981323242e-01,1.000028848648071289e+00,9.987671971321105957e-01
3.089999999999999858e+01,1.941504259918492039e+02,-9.382318258285522461e-01,-9.361045360565185547e-01,1.000028967857360840e+00,9.987671375274658203e-01
3.091249999999999787e+01,1.942289658081889456e+02,-9.689930677413940430e-01,-9.673603773117065430e-01,1.000028848648071289e+00,9.987671971321105957e-01
3.092500000000000071e+01,1.943075056245287158e+02,-9.868642687797546387e-01,-9.857937097549438477e-01,1.000028848648071289e+00,9.987671375274658203e-01
3.093750000000000000e+01,1.943860454408684575e+02,-9.954890608787536621e-01,-9.948827624320983887e-01,1.000028848648071289e+00,9.987671971321105957e-01
3.094999999999999929e+01,1.944645852572081992e+02,-9.988453388214111328e-01,-9.985526204109191895e-01,1.000028848648071289e+00,9.987671375274658203e-01
3.096249999999999858e+01,1.945431250735479409e+02,-9.998188018798828125e-01,-9.997045993804931641e-01,1.000028848648071289e+00,9.987671971321105957e-01
3.097500000000000142e+01,1.946216648898876826e+02,-9.999899864196777344e-01,-9.999589920043945312e-01,1.000028848648071289e+00,9.987671375274658203e-01
3.098750000000000071e+01,1.947002047062274244e+02,-9.999958276748657227e-01,-9.999930262565612793e-01,1.000028967857360840e+00,9.987670779228210449e-01
3.100000000000000000e+01,1.947787445225671661e+02,-9.999941587448120117e-01,-9.999951124191284180e-01,1.000028848648071289e+00,9.987670779228210449e-01
3.101249999999999929e+01,1.948572843389069078e+02,-9.999918937683105469e-01,-9.999965429306030273e-01,1.000028848648071289e+00,9.987671375274658203e-01
3.102499999999999858e+01,1.949358241552466495e+02,-9.999567270278930664e-01,-9.999893903732299805e-01,1.000028967857360840e+00,9.987671375274658203e-01
3.103750000000000142e+01,1.950143639715864197e+02,-9.996988773345947266e-01,-9.998147487640380859e-01,1.000028848648071289e+00,9.987670779228210449e-01
3.105000000000000071e+01,1.950929037879261614e+02,-9.985395073890686035e-01,-9.988338351249694824e-01,1.000028848648071289e+00,9.987670779228210449e-01
3.106250000000000000e+01,1.951714436042659031e+02,-9.948570132255554199e-01,-9.954648017883300781e-01,1.000028848648071289e+00,9.987670779228210449e-01
3.107499999999999929e+01,1.952499834206056448e+02,-9.857504963874816895e-01,-9.868217110633850098e-01,1.000028848648071289e+00,9.987670779228210449e-01
3.108749999999999858e+01,1.953285232369453865e+02,-9.672972559928894043e-01,-9.689298868179321289e-01,1.000028848648071289e+00,9.987670183181762695e-01
3.109999999999999787e+01,1.954070630532851283e+02,-9.360249042510986328e-01,-9.381524324417114258e-01,1.000028848648071289e+00,9.987670779228210449e-01
3.111250000000000071e+01,1.954856028696248700e+02,-8.919292092323303223e-01,-8.941946029663085938e-01,1.000028848648071289e+00,9.987670183181762695e-01
3.112500000000000000e+01,1.955641426859646117e+02,-8.422010540962219238e-01,-8.439190387725830078e-01,1.000028848648071289e+00,9.987670183181762695e-01
3.113749999999999929e+01,1.956426825023043534e+02,-8.028606176376342773e-01,-8.031934499740600586e-01,1.000028848648071289e+00,9.987669587135314941e-01
3.115000000000000213e+01,1.957212223186441236e+02,-7.940014004707336426e-01,-7.924256324768066406e-01,1.000028848648071289e+00,9.987670183181762695e-01
3.116250000000000142e+01,1.957997621349838653e+02,-8.262621760368347168e-01,-8.231685161590576172e-01,1.000028848648071289e+00,9.987669587135314941e-01
3.117500000000000071e+01,1.958783019513236070e+02,-8.838377594947814941e-01,-8.807974457740783691e-01,1.000028848648071289e+00,9.987668991088867188e-01
3.118750000000000000e+01,1.959568417676633487e+02,-9.199504852294921875e-01,-9.190755486488342285e-01,1.000028967857360840e+00,9.987668395042419434e-01
3.119999999999999929e+01,1.960353815840030904e+02,-8.821989297866821289e-01,-8.845391273498535156e-01,1.000028967857360840e+00,9.987668395042419434e-01
3.121249999999999858e+01,1.961139214003428322e+02,-7.634034752845764160e-01,-7.674733400344848633e-01,1.000029087066650391e+00,9.987667202949523926e-01
3.122499999999999787e+01,1.961924612166825739e+02,-6.343717575073242188e-01,-6.366345286369323730e-01,1.000029087066650391e+00,9.987666606903076172e-01
3.123749999999999716e+01,1.962710010330223156e+02,-6.015090942382812500e-01,-5.994514226913452148e-01,1.000029087066650391e+00,9.987665414810180664e-01
3.124999999999999645e+01,1.963495408493620573e+02,-6.941928863525390625e-01,-6.895588636398315430e-01,1.000029087066650391e+00,9.987664222717285156e-01
3.126250000000000284e+01,1.964280806657018275e+02,-7.958557009696960449e-01,-7.937860488891601562e-01,1.000029087066650391e+00,9.987661838531494141e-01
3.127500000000000213e+01,1.965066204820415692e+02,-7.454825043678283691e-01,-7.487989068031311035e-01,1.000029206275939941e+00,9.987659454345703125e-01
3.128750000000000142e+01,1.965851602983813109e+02,-5.478217601776123047e-01,-5.526287555694580078e-01,1.000029206275939941e+00,9.987655878067016602e-01
3.130000000000000071e+01,1.966637001147210526e+02,-4.170810878276824951e-01,-4.168263375759124756e-01,1.000029206275939941e+00,9.987651705741882324e-01
3.131250000000000000e+01,1.967422399310607943e+02,-5.092207193374633789e-01,-5.039200186729431152e-01,1.000029206275939941e+00,9.987646341323852539e-01
3.132499999999999929e+01,1.968207797474005361e+02,-6.613746285438537598e-01,-6.587795615196228027e-01,1.000029206275939941e+00,9.987639784812927246e-01
3.133749999999999858e+01,1.968993195637402778e+02,-5.862043499946594238e-01,-5.905894041061401367e-01,1.000029325485229492e+00,9.987633228302001953e-01
3.134999999999999787e+01,1.969778593800800195e+02,-3.313435912132263184e-01,-3.358767926692962646e-01,1.000029325485229492e+00,9.987625479698181152e-01
3.136249999999999716e+01,1.970563991964197612e+02,-2.578680217266082764e-01,-2.548653781414031982e-01,1.000029325485229492e+00,9.987617731094360352e-01
3.137500000000000355e+01,1.971349390127595314e+02,-4.479803144931793213e-01,-4.423740804195404053e-01,1.000029325485229492e+00,9.987608194351196289e-01
3.138750000000000284e+01,1.972134788290992731e+02,-5.144990682601928711e-01,-5.162546038627624512e-01,1.000029325485229492e+00,9.987598061561584473e-01
3.140000000000000213e+01,1.972920186454390148e+02,-2.618865668773651123e-01,-2.680297791957855225e-01,1.000029444694519043e+00,9.987586736679077148e-01
3.141250000000000142e+01,1.973705584617787565e+02,-7.927173376083374023e-02,-7.842355221509933472e-02,1.000029325485229492e+00,9.987574219703674316e-01
3.142500000000000071e+01,1.974490982781184982e+02,-2.481502592563629150e-01,-2.417494058609008789e-01,1.000029325485229492e+00,9.987561702728271484e-01
3.143750000000000000e+01,1.975276380944582399e+02,-3.831137418746948242e-01,-3.834196329116821289e-01,1.000029325485229492e+00,9.987547993659973145e-01
3.144999999999999929e+01,1.976061779107979817e+02,-1.451598107814788818e-01,-1.517042666673660278e-01,1.000029444694519043e+00,9.987533688545227051e-01
3.146249999999999858e+01,1.976847177271377234e+02,7.960747182369232178e-02,7.965936511754989624e-02,1.000029444694519043e+00,9.987518191337585449e-01
3.147499999999999787e+01,1.977632575434774651e+02,-8.077211678028106689e-02,-7.414809614419937134e-02,1.000029325485229492e+00,9.987502694129943848e-01
3.148750000000000071e+01,1.978417973598172352e+02,-2.344604581594467163e-01,-2.344503700733184814e-01,1.000029444694519043e+00,9.987487792968750000e-01
3.150000000000000000e+01,1.979203371761569770e+02,3.460141131654381752e-03,-3.202203894034028053e-03,1.000029444694519043e+00,9.987471699714660645e-01
3.151250000000000284e+01,1.979988769924967187e+02,2.344590127468109131e-01,2.344500422477722168e-01,1.000029444694519043e+00,9.987455606460571289e-01
3.152500000000000213e+01,1.980774168088364604e+02,7.387410849332809448e-02,8.053231984376907349e-02,1.000029444694519043e+00,9.987440109252929688e-01
3.153750000000000142e+01,1.981559566251762021e+02,-7.967327535152435303e-02,-7.959768176078796387e-02,1.000029444694519043e+00,9.987424015998840332e-01
3.155000000000000071e+01,1.982344964415159438e+02,1.519911885261535645e-01,1.453803330659866333e-01,1.000029444694519043e+00,9.987409710884094238e-01
3.156250000000000000e+01,1.983130362578556856e+02,3.834423124790191650e-01,3.831145763397216797e-01,1.000029444694519043e+00,9.987396001815795898e-01
3.157499999999999929e+01,1.983915760741954273e+02,2.414499223232269287e-01,2.479547560214996338e-01,1.000029444694519043e+00,9.987381696701049805e-01
3.158749999999999858e+01,1.984701158905351690e+02,7.837554812431335449e-02,7.925954461097717285e-02,1.000029444694519043e+00,9.987368583679199219e-01
3.159999999999999787e+01,1.985486557068749107e+02,2.683287560939788818e-01,2.620662152767181396e-01,1.000029444694519043e+00,9.987356662750244141e-01
3.161250000000000071e+01,1.986271955232146809e+02,5.163449048995971680e-01,5.145357847213745117e-01,1.000029444694519043e+00,9.987344145774841309e-01
3.162500000000000000e+01,1.987057353395544226e+02,4.420876502990722656e-01,4.478263854980468750e-01,1.000029444694519043e+00,9.987334012985229492e-01
3.163749999999999929e+01,1.987842751558941643e+02,2.547053694725036621e-01,2.578059434890747070e-01,1.000029563903808594e+00,9.987325072288513184e-01
3.164999999999999858e+01,1.988628149722339060e+02,3.361147344112396240e-01,3.314693570137023926e-01,1.000029563903808594e+00,9.987316727638244629e-01
3.166250000000000142e+01,1.989413547885736477e+02,5.908250212669372559e-01,5.863045454025268555e-01,1.000029683113098145e+00,9.987309575080871582e-01
3.167500000000000071e+01,1.990198946049133895e+02,6.586358547210693359e-01,6.613037586212158203e-01,1.000029683113098145e+00,9.987303018569946289e-01
3.168750000000000000e+01,1.990984344212531312e+02,5.036243796348571777e-01,5.091031789779663086e-01,1.000029683113098145e+00,9.987297058105468750e-01
3.169999999999999929e+01,1.991769742375928729e+02,4.168088734149932861e-01,4.170920550823211670e-01,1.000029683113098145e+00,9.987292289733886719e-01
3.171249999999999858e+01,1.992555140539326146e+02,5.528953075408935547e-01,5.479396581649780273e-01,1.000029683113098145e+00,9.987288117408752441e-01
3.172500000000000142e+01,1.993340538702723848e+02,7.489846348762512207e-01,7.455518841743469238e-01,1.000029683113098145e+00,9.987284541130065918e-01
3.173750000000000071e+01,1.994125936866121265e+02,7.936664819717407227e-01,7.958029508590698242e-01,1.000029683113098145e+00,9.987282156944274902e-01
3.175000000000000000e+01,1.994911335029518682e+02,6.892888545989990234e-01,6.940935850143432617e-01,1.000029683113098145e+00,9.987279772758483887e-01
3.176249999999999929e+01,1.995696733192916099e+02,5.993279814720153809e-01,6.014768481254577637e-01,1.000029802322387695e+00,9.987277388572692871e-01
3.177499999999999858e+01,1.996482131356313516e+02,6.367610096931457520e-01,6.344351768493652344e-01,1.000029802322387695e+00,9.987275600433349609e-01
3.178749999999999787e+01,1.997267529519710934e+02,7.677069902420043945e-01,7.634979486465454102e-01,1.000029921531677246e+00,9.987275004386901855e-01
3.179999999999999716e+01,1.998052927683108351e+02,8.846743702888488770e-01,8.822471499443054199e-01,1.000029921531677246e+00,9.987273812294006348e-01
3.181250000000000000e+01,1.998838325846505768e+02,9.190238118171691895e-01,9.199246764183044434e-01,1.000029802322387695e+00,9.987273216247558594e-01
3.182499999999999929e+01,1.999623724009903185e+02,8.806185722351074219e-01,8.837680816650390625e-01,1.000029921531677246e+00,9.987272620201110840e-01
3.183750000000000213e+01,2.000409122173300887e+02,8.229848742485046387e-01,8.261989355087280273e-01,1.000029921531677246e+00,9.987272620201110840e-01
3.185000000000000142e+01,2.001194520336698304e+02,7.923292517662048340e-01,7.939772605895996094e-01,1.000029921531677246e+00,9.987272024154663086e-01
3.186250000000000071e+01,2.001979918500095721e+02,8.032078146934509277e-01,8.028807044029235840e-01,1.000029921531677246e+00,9.987272620201110840e-01
3.187500000000000000e+01,2.002765316663493138e+02,8.440142273902893066e-01,8.422511816024780273e-01,1.000029921531677246e+00,9.987273216247558594e-01
3.188749999999999929e+01,2.003550714826890555e+02,8.943220973014831543e-01,8.919885158538818359e-01,1.000029921531677246e+00,9.987272620201110840e-01
3.189999999999999858e+01,2.004336112990287972e+02,9.382728934288024902e-01,9.360777735710144043e-01,1.000029921531677246e+00,9.987272620201110840e-01
3.191249999999999787e+01,2.005121511153685390e+02,9.690221548080444336e-01,9.673362970352172852e-01,1.000029921531677246e+00,9.987272620201110840e-01
3.192499999999999716e+01,2.005906909317082807e+02,9.868817925453186035e-01,9.857756495475769043e-01,1.000029921531677246e+00,9.987272024154663086e-01
3.193749999999999645e+01,2.006692307480480224e+02,9.954982995986938477e-01,9.948713183403015137e-01,1.000029921531677246e+00,9.987272024154663086e-01
3.195000000000000284e+01,2.007477705643877925e+02,9.988493919372558594e-01,9.985465407371520996e-01,1.000029921531677246e+00,9.987272620201110840e-01
3.196250000000000213e+01,2.008263103807275343e+02,9.998200535774230957e-01,9.997018575668334961e-01,1.000029921531677246e+00,9.987273216247558594e-01
3.197500000000000142e+01,2.009048501970672760e+02,9.999899864196777344e-01,9.999579191207885742e-01,1.000029921531677246e+00,9.987273216247558594e-01
3.198750000000000071e+01,2.009833900134070177e+02,9.999954700469970703e-01,9.999924898147583008e-01,1.000029921531677246e+00,9.987272620201110840e-01
3.200000000000000000e+01,2.010619298297467594e+02,9.999939203262329102e-01,9.999946951866149902e-01,1.000029921531677246e+00,9.987272620201110840e-01
3.201250000000000284e+01,2.011404696460865011e+02,9.999915361404418945e-01,9.999962449073791504e-01,1.000029921531677246e+00,9.987272620201110840e-01
3.202499999999999858e+01,2.012190094624262429e+02,9.999560117721557617e-01,9.999897480010986328e-01,1.000029921531677246e+00,9.987272620201110840e-01
3.203750000000000142e+01,2.012975492787659846e+02,9.996967315673828125e-01,9.998167753219604492e-01,1.000029802322387695e+00,9.987272024154663086e-01
3.204999999999999716e+01,2.013760890951057263e+02,9.985347390174865723e-01,9.988392591476440430e-01,1.000029921531677246e+00,9.987272024154663086e-01
3.206250000000000000e+01,2.014546289114454964e+02,9.948468208312988281e-01,9.954754710197448730e-01,1.000029802322387695e+00,9.987272024154663086e-01
3.207500000000000284e+01,2.015331687277852382e+02,9.857317209243774414e-01,9.868392348289489746e-01,1.000029921531677246e+00,9.987271428108215332e-01
3.208749999999999858e+01,2.016117085441249799e+02,9.672675132751464844e-01,9.689537882804870605e-01,1.000029921531677246e+00,9.987271428108215332e-01
3.210000000000000142e+01,2.016902483604647216e+02,9.359842538833618164e-01,9.381784796714782715e-01,1.000029921531677246e+00,9.987272024154663086e-01
3.211249999999999716e+01,2.017687881768044633e+02,8.918812870979309082e-01,8.942143321037292480e-01,1.000029921531677246e+00,9.987271428108215332e-01
3.212500000000000000e+01,2.018473279931442050e+02,8.421572446823120117e-01,8.439210653305053711e-01,1.000030040740966797e+00,9.987272024154663086e-01
3.213749999999999574e+01,2.019258678094839468e+02,8.028370738029479980e-01,8.031679987907409668e-01,1.000030040740966797e+00,9.987270832061767578e-01
3.214999999999999858e+01,2.020044076258236885e+02,7.940126061439514160e-01,7.923726439476013184e-01,1.000030040740966797e+00,9.987271428108215332e-01
3.216250000000000142e+01,2.020829474421634302e+02,8.263070583343505859e-01,8.231049776077270508e-01,1.000030040740966797e+00,9.987270832061767578e-01
3.217500000000000426e+01,2.021614872585032003e+02,8.838926553726196289e-01,8.807544112205505371e-01,1.000030040740966797e+00,9.987270236015319824e-01
3.218750000000000000e+01,2.022400270748429421e+02,9.199753999710083008e-01,9.190807342529296875e-01,1.000030159950256348e+00,9.987269639968872070e-01
3.220000000000000284e+01,2.023185668911826838e+02,8.821648359298706055e-01,8.845904469490051270e-01,1.000030040740966797e+00,9.987270236015319824e-01
3.221249999999999858e+01,2.023971067075224255e+02,7.633251547813415527e-01,7.675274014472961426e-01,1.000030159950256348e+00,9.987269043922424316e-01
3.222500000000000142e+01,2.024756465238621672e+02,6.343109011650085449e-01,6.366337537765502930e-01,1.000030159950256348e+00,9.987268447875976562e-01
3.223749999999999716e+01,2.025541863402019089e+02,6.015246510505676270e-01,5.993821024894714355e-01,1.000030159950256348e+00,9.987267255783081055e-01
3.225000000000000000e+01,2.026327261565416507e+02,6.942731142044067383e-01,6.894801855087280273e-01,1.000030159950256348e+00,9.987266063690185547e-01
3.226249999999999574e+01,2.027112659728813924e+02,7.959076762199401855e-01,7.937802672386169434e-01,1.000030159950256348e+00,9.987263679504394531e-01
3.227499999999999858e+01,2.027898057892211341e+02,7.454321384429931641e-01,7.488701343536376953e-01,1.000030279159545898e+00,9.987261295318603516e-01
3.228750000000000142e+01,2.028683456055609042e+02,5.477237105369567871e-01,5.526800155639648438e-01,1.000030279159545898e+00,9.987256526947021484e-01
3.230000000000000426e+01,2.029468854219006460e+02,4.170630574226379395e-01,4.167762994766235352e-01,1.000030279159545898e+00,9.987252950668334961e-01
3.231250000000000000e+01,2.030254252382403877e+02,5.093114376068115234e-01,5.038260221481323242e-01,1.000030159950256348e+00,9.987247586250305176e-01
3.232500000000000284e+01,2.031039650545801294e+02,6.614369750022888184e-01,6.587733626365661621e-01,1.000030159950256348e+00,9.987242221832275391e-01
3.233749999999999858e+01,2.031825048709198711e+02,5.861316919326782227e-01,5.906777381896972656e-01,1.000030159950256348e+00,9.987235665321350098e-01
3.235000000000000142e+01,2.032610446872596128e+02,3.312469422817230225e-01,3.359116911888122559e-01,1.000030159950256348e+00,9.987228512763977051e-01
3.236249999999999716e+01,2.033395845035993545e+02,2.579059600830078125e-01,2.547776699066162109e-01,1.000030279159545898e+00,9.987220168113708496e-01
3.237500000000000000e+01,2.034181243199390963e+02,4.480882287025451660e-01,4.423048198223114014e-01,1.000030279159545898e+00,9.987210035324096680e-01
3.238749999999999574e+01,2.034966641362788380e+02,5.144854187965393066e-01,5.163221359252929688e-01,1.000030279159545898e+00,9.987198710441589355e-01
3.240000000000000568e+01,2.035752039526186081e+02,2.617669701576232910e-01,2.681088447570800781e-01,1.000030279159545898e+00,9.987187981605529785e-01
3.241250000000000142e+01,2.036537437689583498e+02,7.926186174154281616e-02,7.836113870143890381e-02,1.000030279159545898e+00,9.987176060676574707e-01
3.242500000000000426e+01,2.037322835852980916e+02,2.482713460922241211e-01,2.416564077138900757e-01,1.000030279159545898e+00,9.987162947654724121e-01
3.243750000000000000e+01,2.038108234016378333e+02,3.831333816051483154e-01,3.834706246852874756e-01,1.000030279159545898e+00,9.987149238586425781e-01
3.245000000000000284e+01,2.038893632179775750e+02,1.450386494398117065e-01,1.517957746982574463e-01,1.000030398368835449e+00,9.987134933471679688e-01
3.246249999999999858e+01,2.039679030343173167e+02,-7.963632047176361084e-02,-7.971294969320297241e-02,1.000030398368835449e+00,9.987120032310485840e-01
3.247500000000000142e+01,2.040464428506570584e+02,8.088989555835723877e-02,7.405170053243637085e-02,1.000030398368835449e+00,9.987104535102844238e-01
3.248749999999999716e+01,2.041249826669968002e+02,2.344925254583358765e-01,2.345020622014999390e-01,1.000030398368835449e+00,9.987089633941650391e-01
3.250000000000000000e+01,2.042035224833365419e+02,-3.579034004360437393e-03,3.298672381788492203e-03,1.000030517578125000e+00,9.987072944641113281e-01
3.251249999999999574e+01,2.042820622996762836e+02,-2.344935536384582520e-01,-2.345012277364730835e-01,1.000030517578125000e+00,9.987057447433471680e-01
3.252499999999999858e+01,2.043606021160160537e+02,-7.375787943601608276e-02,-8.062715083360671997e-02,1.000030517578125000e+00,9.987041950225830078e-01
3.253750000000000142e+01,2.044391419323557955e+02,7.970729470252990723e-02,7.964994013309478760e-02,1.000030517578125000e+00,9.987025856971740723e-01
3.255000000000000426e+01,2.045176817486955372e+02,-1.521012634038925171e-01,-1.452824324369430542e-01,1.000030517578125000e+00,9.987010955810546875e-01
3.256250000000000000e+01,2.045962215650352789e+02,-3.834784030914306641e-01,-3.831585347652435303e-01,1.000030636787414551e+00,9.986996650695800781e-01
3.257500000000000284e+01,2.046747613813750206e+02,-2.413415163755416870e-01,-2.480493783950805664e-01,1.000030755996704102e+00,9.986982941627502441e-01
3.258749999999999858e+01,2.047533011977147623e+02,-7.832492142915725708e-02,-7.921932637691497803e-02,1.000030755996704102e+00,9.986969232559204102e-01
3.260000000000000142e+01,2.048318410140545041e+02,-2.684270441532135010e-01,-2.619630992412567139e-01,1.000030755996704102e+00,9.986956715583801270e-01
3.261249999999999716e+01,2.049103808303942458e+02,-5.164069533348083496e-01,-5.145539045333862305e-01,1.000030755996704102e+00,9.986946582794189453e-01
3.262500000000000000e+01,2.049889206467339875e+02,-4.419969320297241211e-01,-4.479254484176635742e-01,1.000030755996704102e+00,9.986935257911682129e-01
3.263750000000000284e+01,2.050674604630737576e+02,-2.546173036098480225e-01,-2.578062415122985840e-01,1.000030755996704102e+00,9.986925721168518066e-01
3.264999999999999858e+01,2.051460002794134994e+02,-3.361689448356628418e-01,-3.313661515712738037e-01,1.000030875205993652e+00,9.986917972564697266e-01
3.266250000000000142e+01,2.052245400957532411e+02,-5.909227132797241211e-01,-5.862618684768676758e-01,1.000030875205993652e+00,9.986910820007324219e-01
3.267499999999999716e+01,2.053030799120929828e+02,-6.586176156997680664e-01,-6.613766551017761230e-01,1.000030875205993652e+00,9.986904263496398926e-01
3.268750000000000000e+01,2.053816197284327245e+02,-5.035147070884704590e-01,-5.091675519943237305e-01,1.000030994415283203e+00,9.986898899078369141e-01
3.270000000000000284e+01,2.054601595447724662e+02,-4.167634248733520508e-01,-4.170475304126739502e-01,1.000030994415283203e+00,9.986893534660339355e-01
3.271249999999999858e+01,2.055386993611122080e+02,-5.529655814170837402e-01,-5.478451251983642578e-01,1.000031113624572754e+00,9.986889958381652832e-01
3.272500000000000142e+01,2.056172391774519497e+02,-7.490625381469726562e-01,-7.455238103866577148e-01,1.000031113624572754e+00,9.986886978149414062e-01
3.273749999999999716e+01,2.056957789937916914e+02,-7.936515808105468750e-01,-7.958613634109497070e-01,1.000031113624572754e+00,9.986883997917175293e-01
3.275000000000000000e+01,2.057743188101314615e+02,-6.892009377479553223e-01,-6.941559910774230957e-01,1.000031113624572754e+00,9.986882209777832031e-01
3.276250000000000284e+01,2.058528586264712033e+02,-5.992586612701416016e-01,-6.014689207077026367e-01,1.000031113624572754e+00,9.986879825592041016e-01
3.277499999999999858e+01,2.059313984428109450e+02,-6.367702484130859375e-01,-6.343638300895690918e-01,1.000031113624572754e+00,9.986878633499145508e-01
3.278750000000000142e+01,2.060099382591506867e+02,-7.677701711654663086e-01,-7.634273171424865723e-01,1.000031232833862305e+00,9.986878037452697754e-01
3.279999999999999716e+01,2.060884780754904284e+02,-8.847282528877258301e-01,-8.822282552719116211e-01,1.000031113624572754e+00,9.986877441406250000e-01
3.281250000000000000e+01,2.061670178918301701e+02,-9.190253615379333496e-01,-9.199581742286682129e-01,1.000031113624572754e+00,9.986876249313354492e-01
3.282499999999999574e+01,2.062455577081699118e+02,-8.805687427520751953e-01,-8.838178515434265137e-01,1.000031113624572754e+00,9.986876249313354492e-01
3.283749999999999858e+01,2.063240975245096536e+02,-8.229165077209472656e-01,-8.262279629707336426e-01,1.000031113624572754e+00,9.986875653266906738e-01
3.285000000000000142e+01,2.064026373408493953e+02,-7.922761440277099609e-01,-7.939693927764892578e-01,1.000031232833862305e+00,9.986875653266906738e-01
3.286250000000000426e+01,2.064811771571891654e+02,-8.031863570213317871e-01,-8.028422594070434570e-01,1.000031232833862305e+00,9.986875057220458984e-01
3.287500000000000000e+01,2.065597169735289071e+02,-8.440225720405578613e-01,-8.421988487243652344e-01,1.000031232833862305e+00,9.986875057220458984e-01
3.288750000000000284e+01,2.066382567898686489e+02,-8.943487405776977539e-01,-8.919382095336914062e-01,1.000031113624572754e+00,9.986875653266906738e-01
3.289999999999999858e+01,2.067167966062083906e+02,-9.383038282394409180e-01,-9.360384345054626465e-01,1.000031113624572754e+00,9.986875653266906738e-01
3.291250000000000142e+01,2.067953364225481323e+02,-9.690495133399963379e-01,-9.673100113868713379e-01,1.000031113624572754e+00,9.986874461174011230e-01
3.292499999999999716e+01,2.068738762388878740e+02,-9.869012832641601562e-01,-9.857605695724487305e-01,1.000031113624572754e+00,9.986874461174011230e-01
3.293750000000000000e+01,2.069524160552276157e+02,-9.955099821090698242e-01,-9.948636889457702637e-01,1.000031113624572754e+00,9.986875057220458984e-01
3.294999999999999574e+01,2.070309558715673575e+02,-9.988551139831542969e-01,-9.985431432723999023e-01,1.000031113624572754e+00,9.986874461174011230e-01
3.296249999999999858e+01,2.071094956879070992e+02,-9.998221397399902344e-01,-9.997005462646484375e-01,1.000031113624572754e+00,9.986874461174011230e-01
3.297500000000000142e+01,2.071880355042468693e+02,-9.999902248382568359e-01,-9.999573826789855957e-01,1.000031113624572754e+00,9.986873865127563477e-01
3.298750000000000426e+01,2.072665753205866110e+02,-9.999952316284179688e-01,-9.999921321868896484e-01,1.000031113624572754e+00,9.986873269081115723e-01
3.300000000000000000e+01,2.073451151369263528e+02,-9.999934434890747070e-01,-9.999943971633911133e-01,1.000031113624572754e+00,9.986873269081115723e-01
3.301250000000000284e+01,2.074236549532660945e+02,-9.999909400939941406e-01,-9.999960064888000488e-01,1.000031113624572754e+00,9.986873269081115723e-01
3.302499999999999858e+01,2.075021947696058362e+02,-9.999548196792602539e-01,-9.999897480010986328e-01,1.000031113624572754e+00,9.986873865127563477e-01
3.303750000000000142e+01,2.075807345859455779e+02,-9.996937513351440430e-01,-9.998174309730529785e-01,1.000031113624572754e+00,9.986873865127563477e-01
3.304999999999999716e+01,2.076592744022853196e+02,-9.985279440879821777e-01,-9.988419413566589355e-01,1.000031113624572754e+00,9.986873865127563477e-01
3.306250000000000000e+01,2.077378142186250614e+02,-9.948343038558959961e-01,-9.954826831817626953e-01,1.000031232833862305e+00,9.986873865127563477e-01
3.307499999999999574e+01,2.078163540349648031e+02,-9.857113957405090332e-01,-9.868539571762084961e-01,1.000031232833862305e+00,9.986874461174011230e-01
3.308750000000000568e+01,2.078948938513045732e+02,-9.672390818595886230e-01,-9.689797759056091309e-01,1.000031232833862305e+00,9.986874461174011230e-01
3.310000000000000142e+01,2.079734336676443149e+02,-9.359523057937622070e-01,-9.382174611091613770e-01,1.000031232833862305e+00,9.986874461174011230e-01
3.311250000000000426e+01,2.080519734839840567e+02,-8.918548822402954102e-01,-8.942644000053405762e-01,1.000031352043151855e+00,9.986875057220458984e-01
3.312500000000000000e+01,2.081305133003237984e+02,-8.421486020088195801e-01,-8.439724445343017578e-01,1.000031352043151855e+00,9.986875057220458984e-01
3.313750000000000284e+01,2.082090531166635401e+02,-8.028578758239746094e-01,-8.032048344612121582e-01,1.000031352043151855e+00,9.986875057220458984e-01
3.314999999999999858e+01,2.082875929330032818e+02,-7.940649390220642090e-01,-7.923785448074340820e-01,1.000031352043151855e+00,9.986875057220458984e-01
3.316250000000000142e+01,2.083661327493430235e+02,-8.263748288154602051e-01,-8.230742216110229492e-01,1.000031352043151855e+00,9.986875057220458984e-01
3.317499999999999716e+01,2.084446725656827653e+02,-8.839418292045593262e-01,-8.807039260864257812e-01,1.000031352043151855e+00,9.986874461174011230e-01
3.318750000000000000e+01,2.085232123820225070e+02,-9.199742078781127930e-01,-9.190473556518554688e-01,1.000031352043151855e+00,9.986873865127563477e-01
3.319999999999999574e+01,2.086017521983622487e+02,-8.821099400520324707e-01,-8.846098184585571289e-01,1.000031471252441406e+00,9.986873865127563477e-01
3.321249999999999858e+01,2.086802920147020188e+02,-7.632594108581542969e-01,-7.675985693931579590e-01,1.000031590461730957e+00,9.986872673034667969e-01
3.322500000000000142e+01,2.087588318310417606e+02,-6.343016028404235840e-01,-6.367056965827941895e-01,1.000031471252441406e+00,9.986871480941772461e-01
3.323750000000000426e+01,2.088373716473815023e+02,-6.015935540199279785e-01,-5.993901491165161133e-01,1.000031471252441406e+00,9.986870288848876953e-01
3.325000000000000000e+01,2.089159114637212440e+02,-6.943601965904235840e-01,-6.894167065620422363e-01,1.000031471252441406e+00,9.986868500709533691e-01
3.326250000000000284e+01,2.089944512800609857e+02,-7.959216833114624023e-01,-7.937205433845520020e-01,1.000031590461730957e+00,9.986866116523742676e-01
3.327499999999999858e+01,2.090729910964007274e+02,-7.453538179397583008e-01,-7.488977909088134766e-01,1.000031590461730957e+00,9.986863136291503906e-01
3.328750000000000142e+01,2.091515309127404691e+02,-5.476536154747009277e-01,-5.527747869491577148e-01,1.000031590461730957e+00,9.986860156059265137e-01
3.329999999999999716e+01,2.092300707290802109e+02,-4.171082675457000732e-01,-4.168193042278289795e-01,1.000031590461730957e+00,9.986856579780578613e-01
3.331250000000000000e+01,2.093086105454199526e+02,-5.094205141067504883e-01,-5.037585496902465820e-01,1.000031590461730957e+00,9.986850619316101074e-01
3.332500000000000284e+01,2.093871503617597227e+02,-6.614569425582885742e-01,-6.586993336677551270e-01,1.000031471252441406e+00,9.986844658851623535e-01
3.333749999999999858e+01,2.094656901780994644e+02,-5.860301852226257324e-01,-5.907226800918579102e-01,1.000031471252441406e+00,9.986838102340698242e-01
3.335000000000000142e+01,2.095442299944392062e+02,-3.311888873577117920e-01,-3.360163569450378418e-01,1.000031590461730957e+00,9.986830353736877441e-01
3.336249999999999716e+01,2.096227698107789479e+02,-2.580004036426544189e-01,-2.547750174999237061e-01,1.000031590461730957e+00,9.986822009086608887e-01
3.337500000000000000e+01,2.097013096271186896e+02,-4.481815099716186523e-01,-4.422028958797454834e-01,1.000031590461730957e+00,9.986813068389892578e-01
3.338750000000000284e+01,2.097798494434584313e+02,-5.144156217575073242e-01,-5.163071751594543457e-01,1.000031590461730957e+00,9.986802935600280762e-01
3.339999999999999858e+01,2.098583892597981730e+02,-2.616648375988006592e-01,-2.682175338268280029e-01,1.000031709671020508e+00,9.986792206764221191e-01
3.341250000000000142e+01,2.099369290761379148e+02,-7.932034134864807129e-02,-7.839962095022201538e-02,1.000031590461730957e+00,9.986779093742370605e-01
3.342499999999999716e+01,2.100154688924776565e+02,-2.483849525451660156e-01,-2.415550500154495239e-01,1.000031709671020508e+00,9.986765980720520020e-01
3.343750000000000000e+01,2.100940087088174266e+02,-3.830901086330413818e-01,-3.834273815155029297e-01,1.000031709671020508e+00,9.986752271652221680e-01
3.345000000000000284e+01,2.101725485251571683e+02,-1.449253857135772705e-01,-1.519003510475158691e-01,1.000031828880310059e+00,9.986737370491027832e-01
3.346249999999999858e+01,2.102510883414969101e+02,7.959167659282684326e-02,7.966175675392150879e-02,1.000031828880310059e+00,9.986723065376281738e-01
3.347500000000000142e+01,2.103296281578366518e+02,-8.100474625825881958e-02,-7.394814491271972656e-02,1.000031948089599609e+00,9.986707568168640137e-01
3.348749999999999716e+01,2.104081679741763935e+02,-2.344475984573364258e-01,-2.344485223293304443e-01,1.000031948089599609e+00,9.986692070960998535e-01
3.350000000000000000e+01,2.104867077905161352e+02,3.690693760290741920e-03,-3.401853376999497414e-03,1.000031948089599609e+00,9.986675977706909180e-01
3.351249999999999574e+01,2.105652476068558769e+02,2.344471216201782227e-01,2.344471514225006104e-01,1.000032067298889160e+00,9.986660480499267578e-01
3.352499999999999858e+01,2.106437874231956187e+02,7.364415377378463745e-02,8.073036372661590576e-02,1.000031948089599609e+00,9.986644387245178223e-01
3.353750000000000142e+01,2.107223272395353604e+02,-7.965823262929916382e-02,-7.959385216236114502e-02,1.000031948089599609e+00,9.986628293991088867e-01
3.355000000000000426e+01,2.108008670558751305e+02,1.522194296121597290e-01,1.451833844184875488e-01,1.000031948089599609e+00,9.986613392829895020e-01
3.356250000000000000e+01,2.108794068722148722e+02,3.834349513053894043e-01,3.831021189689636230e-01,1.000031948089599609e+00,9.986599683761596680e-01
3.357500000000000284e+01,2.109579466885546140e+02,2.412268072366714478e-01,2.481469064950942993e-01,1.000032067298889160e+00,9.986585378646850586e-01
3.358749999999999858e+01,2.110364865048943557e+02,7.836266607046127319e-02,7.928732782602310181e-02,1.000032186508178711e+00,9.986571669578552246e-01
3.360000000000000142e+01,2.111150263212340974e+02,2.685460150241851807e-01,2.618806362152099609e-01,1.000032186508178711e+00,9.986559748649597168e-01
3.361249999999999716e+01,2.111935661375738391e+02,5.163958668708801270e-01,5.144807100296020508e-01,1.000032186508178711e+00,9.986549019813537598e-01
3.362500000000000000e+01,2.112721059539135808e+02,4.418877363204956055e-01,4.479974806308746338e-01,1.000032186508178711e+00,9.986538290977478027e-01
3.363749999999999574e+01,2.113506457702533226e+02,2.546060681343078613e-01,2.579011321067810059e-01,1.000032305717468262e+00,9.986528754234313965e-01
3.364999999999999858e+01,2.114291855865930643e+02,3.362769782543182373e-01,3.313328921794891357e-01,1.000032186508178711e+00,9.986521601676940918e-01
3.366250000000000142e+01,2.115077254029328344e+02,5.909737348556518555e-01,5.861691236495971680e-01,1.000032305717468262e+00,9.986513853073120117e-01
3.367500000000000426e+01,2.115862652192725761e+02,6.585436463356018066e-01,6.613803505897521973e-01,1.000032305717468262e+00,9.986507296562194824e-01
3.368750000000000000e+01,2.116648050356123179e+02,5.034423470497131348e-01,5.092645883560180664e-01,1.000032305717468262e+00,9.986501336097717285e-01
3.370000000000000284e+01,2.117433448519520596e+02,4.168014228343963623e-01,4.171015322208404541e-01,1.000032305717468262e+00,9.986495971679687500e-01
3.371249999999999858e+01,2.118218846682918013e+02,5.530624389648437500e-01,5.477934479713439941e-01,1.000032424926757812e+00,9.986491799354553223e-01
3.372500000000000142e+01,2.119004244846315430e+02,7.490972876548767090e-01,7.454489469528198242e-01,1.000032305717468262e+00,9.986489415168762207e-01
3.373749999999999716e+01,2.119789643009712847e+02,7.935920357704162598e-01,7.958640456199645996e-01,1.000032424926757812e+00,9.986486434936523438e-01
3.375000000000000000e+01,2.120575041173110264e+02,6.891312599182128906e-01,6.942343115806579590e-01,1.000032305717468262e+00,9.986484050750732422e-01
3.376249999999999574e+01,2.121360439336507682e+02,5.992613434791564941e-01,6.015407443046569824e-01,1.000032424926757812e+00,9.986482262611389160e-01
3.377499999999999858e+01,2.122145837499905383e+02,6.368423700332641602e-01,6.343672871589660645e-01,1.000032424926757812e+00,9.986480474472045898e-01
3.378750000000000142e+01,2.122931235663302800e+02,7.678468823432922363e-01,7.633739709854125977e-01,1.000032424926757812e+00,9.986479878425598145e-01
3.380000000000000426e+01,2.123716633826700217e+02,8.847511410713195801e-01,8.821752071380615234e-01,1.000032424926757812e+00,9.986479878425598145e-01
3.381250000000000000e+01,2.124502031990097635e+02,9.189915060997009277e-01,9.199509024620056152e-01,1.000032424926757812e+00,9.986478686332702637e-01
3.382500000000000284e+01,2.125287430153495052e+02,8.805148005485534668e-01,8.838610649108886719e-01,1.000032424926757812e+00,9.986478686332702637e-01
3.383749999999999858e+01,2.126072828316892469e+02,8.228808045387268066e-01,8.262937068939208984e-01,1.000032424926757812e+00,9.986478090286254883e-01
3.385000000000000142e+01,2.126858226480289886e+02,7.922779321670532227e-01,7.940254211425781250e-01,1.000032424926757812e+00,9.986478686332702637e-01
3.386249999999999716e+01,2.127643624643687303e+02,8.032210469245910645e-01,8.028701543807983398e-01,1.000032424926757812e+00,9.986478090286254883e-01
3.387500000000000000e+01,2.128429022807084721e+02,8.440735936164855957e-01,8.421980142593383789e-01,1.000032424926757812e+00,9.986478090286254883e-01
3.388750000000000284e+01,2.129214420970482422e+02,8.943995237350463867e-01,8.919185996055603027e-01,1.000032544136047363e+00,9.986478686332702637e-01
3.389999999999999858e+01,2.129999819133879839e+02,9.383450746536254883e-01,9.360119700431823730e-01,1.000032544136047363e+00,9.986477494239807129e-01
3.391250000000000142e+01,2.130785217297277256e+02,9.690772294998168945e-01,9.672854542732238770e-01,1.000032544136047363e+00,9.986477494239807129e-01
3.392499999999999716e+01,2.131570615460674674e+02,9.869175553321838379e-01,9.857421517372131348e-01,1.000032544136047363e+00,9.986477494239807129e-01
3.393750000000000000e+01,2.132356013624072091e+02,9.955179095268249512e-01,9.948520660400390625e-01,1.000032544136047363e+00,9.986477494239807129e-01
3.395000000000000284e+01,2.133141411787469508e+02,9.988583326339721680e-01,9.985368251800537109e-01,1.000032663345336914e+00,9.986478090286254883e-01
3.396249999999999858e+01,2.133926809950866925e+02,9.998230934143066406e-01,9.996976256370544434e-01,1.000032663345336914e+00,9.986477494239807129e-01
3.397500000000000142e+01,2.134712208114264342e+02,9.999903440475463867e-01,9.999562501907348633e-01,1.000032663345336914e+00,9.986477494239807129e-01
3.398749999999999716e+01,2.135497606277661760e+02,9.999947547912597656e-01,9.999916553497314453e-01,1.000032663345336914e+00,9.986477494239807129e-01
3.400000000000000000e+01,2.136283004441059461e+02,9.999929666519165039e-01,9.999939799308776855e-01,1.000032663345336914e+00,9.986477494239807129e-01
3.401250000000000284e+01,2.137068402604456878e+02,9.999904632568359375e-01,9.999957084655761719e-01,1.000032663345336914e+00,9.986476898193359375e-01
3.402499999999999858e+01,2.137853800767854295e+02,9.999541044235229492e-01,9.999900460243225098e-01,1.000032663345336914e+00,9.986476898193359375e-01
3.403750000000000142e+01,2.138639198931251713e+02,9.996920228004455566e-01,9.998196363449096680e-01,1.000032544136047363e+00,9.986476898193359375e-01
3.404999999999999716e+01,2.139424597094649130e+02,9.985240101814270020e-01,9.988476634025573730e-01,1.000032663345336914e+00,9.986477494239807129e-01
3.406250000000000000e+01,2.140209995258046547e+02,9.948257207870483398e-01,9.954936504364013672e-01,1.000032544136047363e+00,9.986476898193359375e-01
3.407500000000000284e+01,2.140995393421443964e+02,9.856946468353271484e-01,9.868717789649963379e-01,1.000032544136047363e+00,9.986476898193359375e-01
3.408749999999999858e+01,2.141780791584841381e+02,9.672105312347412109e-01,9.690036773681640625e-01,1.000032544136047363e+00,9.986476302146911621e-01
3.410000000000000142e+01,2.142566189748238799e+02,9.359100461006164551e-01,9.382434487342834473e-01,1.000032544136047363e+00,9.986477494239807129e-01
3.411249999999999716e+01,2.143351587911636216e+02,8.918020725250244141e-01,8.942833542823791504e-01,1.000032544136047363e+00,9.986476898193359375e-01
3.412500000000000000e+01,2.144136986075033917e+02,8.420962691307067871e-01,8.439726829528808594e-01,1.000032544136047363e+00,9.986476302146911621e-01
3.413750000000000284e+01,2.144922384238431334e+02,8.028224706649780273e-01,8.031761646270751953e-01,1.000032544136047363e+00,9.986476898193359375e-01
3.414999999999999858e+01,2.145707782401828752e+02,7.940629124641418457e-01,7.923215031623840332e-01,1.000032663345336914e+00,9.986476302146911621e-01
3.416250000000000142e+01,2.146493180565226169e+02,8.264104127883911133e-01,8.230071663856506348e-01,1.000032663345336914e+00,9.986475706100463867e-01
3.417499999999999716e+01,2.147278578728623586e+02,8.839958906173706055e-01,8.806591629981994629e-01,1.000032663345336914e+00,9.986475706100463867e-01
3.418750000000000000e+01,2.148063976892021003e+02,9.200075268745422363e-01,9.190535545349121094e-01,1.000032782554626465e+00,9.986476302146911621e-01
3.419999999999999574e+01,2.148849375055418420e+02,8.820871114730834961e-01,8.846637010574340820e-01,1.000032782554626465e+00,9.986475706100463867e-01
3.421249999999999858e+01,2.149634773218815837e+02,7.631826400756835938e-01,7.676543593406677246e-01,1.000032782554626465e+00,9.986473917961120605e-01
3.422500000000000142e+01,2.150420171382213255e+02,6.342260241508483887e-01,6.367036104202270508e-01,1.000032782554626465e+00,9.986473917961120605e-01
3.423750000000000426e+01,2.151205569545610956e+02,6.015886664390563965e-01,5.993162989616394043e-01,1.000032782554626465e+00,9.986472129821777344e-01
3.425000000000000000e+01,2.151990967709008373e+02,6.944301128387451172e-01,6.893346309661865234e-01,1.000032782554626465e+00,9.986470341682434082e-01
3.426250000000000284e+01,2.152776365872405790e+02,7.959831357002258301e-01,7.937158942222595215e-01,1.000032782554626465e+00,9.986467957496643066e-01
3.427499999999999858e+01,2.153561764035803208e+02,7.453222870826721191e-01,7.489746809005737305e-01,1.000032901763916016e+00,9.986464977264404297e-01
3.428750000000000142e+01,2.154347162199200625e+02,5.475512742996215820e-01,5.528298616409301758e-01,1.000032901763916016e+00,9.986461997032165527e-01
3.429999999999999716e+01,2.155132560362598042e+02,4.170608222484588623e-01,4.167650341987609863e-01,1.000032901763916016e+00,9.986457228660583496e-01
3.431250000000000000e+01,2.155917958525995459e+02,5.094928741455078125e-01,5.036572217941284180e-01,1.000033020973205566e+00,9.986452460289001465e-01
3.432499999999999574e+01,2.156703356689392876e+02,6.615373492240905762e-01,6.586919426918029785e-01,1.000033020973205566e+00,9.986447691917419434e-01
3.433749999999999858e+01,2.157488754852790294e+02,5.859841704368591309e-01,5.908153057098388672e-01,1.000033020973205566e+00,9.986441135406494141e-01
3.435000000000000142e+01,2.158274153016187995e+02,3.310735821723937988e-01,3.360527157783508301e-01,1.000033020973205566e+00,9.986434578895568848e-01
3.436250000000000426e+01,2.159059551179585412e+02,2.579969167709350586e-01,2.546831965446472168e-01,1.000033140182495117e+00,9.986425638198852539e-01
3.437500000000000000e+01,2.159844949342982829e+02,4.482935965061187744e-01,4.421302974224090576e-01,1.000033140182495117e+00,9.986416101455688477e-01
3.438750000000000284e+01,2.160630347506380247e+02,5.144374370574951172e-01,5.163776874542236328e-01,1.000033259391784668e+00,9.986405968666076660e-01
3.439999999999999858e+01,2.161415745669777664e+02,2.615427374839782715e-01,2.682999074459075928e-01,1.000033259391784668e+00,9.986394047737121582e-01
3.441250000000000142e+01,2.162201143833175081e+02,7.926898449659347534e-02,7.833427935838699341e-02,1.000033259391784668e+00,9.986381530761718750e-01
3.442499999999999716e+01,2.162986541996572498e+02,2.484948039054870605e-01,2.414578795433044434e-01,1.000033140182495117e+00,9.986369013786315918e-01
3.443750000000000000e+01,2.163771940159969915e+02,3.831436038017272949e-01,3.834812641143798828e-01,1.000033140182495117e+00,9.986354708671569824e-01
3.444999999999999574e+01,2.164557338323367333e+02,1.448096632957458496e-01,1.519987136125564575e-01,1.000033378601074219e+00,9.986340403556823730e-01
3.446249999999999858e+01,2.165342736486765034e+02,-7.965486496686935425e-02,-7.971533387899398804e-02,1.000033378601074219e+00,9.986325502395629883e-01
3.447500000000000142e+01,2.166128134650162451e+02,8.111993968486785889e-02,7.384552806615829468e-02,1.000033259391784668e+00,9.986309409141540527e-01
3.448750000000000426e+01,2.166913532813559868e+02,2.345077395439147949e-01,2.345005720853805542e-01,1.000033259391784668e+00,9.986293911933898926e-01
3.450000000000000000e+01,2.167698930976957286e+02,-3.809750312939286232e-03,3.503323066979646683e-03,1.000033378601074219e+00,9.986278414726257324e-01
3.451250000000000284e+01,2.168484329140354703e+02,-2.345042973756790161e-01,-2.345017790794372559e-01,1.000033378601074219e+00,9.986263513565063477e-01
3.452499999999999858e+01,2.169269727303752120e+02,-7.352311909198760986e-02,-8.083272725343704224e-02,1.000033378601074219e+00,9.986248016357421875e-01
3.453750000000000142e+01,2.170055125467149537e+02,7.972116023302078247e-02,7.964944094419479370e-02,1.000033378601074219e+00,9.986232519149780273e-01
3.454999999999999716e+01,2.170840523630546954e+02,-1.523373574018478394e-01,-1.450776308774948120e-01,1.000033378601074219e+00,9.986217617988586426e-01
3.456250000000000000e+01,2.171625921793944372e+02,-3.834999501705169678e-01,-3.831488788127899170e-01,1.000033497810363770e+00,9.986203312873840332e-01
3.457500000000000284e+01,2.172411319957342073e+02,-2.411067634820938110e-01,-2.482490241527557373e-01,1.000033497810363770e+00,9.986188411712646484e-01
3.458749999999999858e+01,2.173196718120739490e+02,-7.828305661678314209e-02,-7.924469560384750366e-02,1.000033617019653320e+00,9.986175894737243652e-01
3.460000000000000142e+01,2.173982116284136907e+02,-2.686482965946197510e-01,-2.617697417736053467e-01,1.000033617019653320e+00,9.986163973808288574e-01
3.461249999999999716e+01,2.174767514447534325e+02,-5.164790749549865723e-01,-5.144985914230346680e-01,1.000033736228942871e+00,9.986152052879333496e-01
3.462500000000000000e+01,2.175552912610931742e+02,-4.417992234230041504e-01,-4.481008946895599365e-01,1.000033736228942871e+00,9.986142516136169434e-01
3.463750000000000284e+01,2.176338310774329159e+02,-2.544988691806793213e-01,-2.579001486301422119e-01,1.000033617019653320e+00,9.986132383346557617e-01
3.464999999999999858e+01,2.177123708937726576e+02,-3.363209962844848633e-01,-3.312246799468994141e-01,1.000033736228942871e+00,9.986124038696289062e-01
3.466250000000000142e+01,2.177909107101123993e+02,-5.910818576812744141e-01,-5.861250758171081543e-01,1.000033736228942871e+00,9.986116290092468262e-01
3.467499999999999716e+01,2.178694505264521410e+02,-6.585323214530944824e-01,-6.614588499069213867e-01,1.000033855438232422e+00,9.986110329627990723e-01
3.468750000000000000e+01,2.179479903427919112e+02,-5.033280849456787109e-01,-5.093342661857604980e-01,1.000033855438232422e+00,9.986104965209960938e-01
3.470000000000000284e+01,2.180265301591316529e+02,-4.167462885379791260e-01,-4.170545041561126709e-01,1.000033974647521973e+00,9.986100196838378906e-01
3.471249999999999858e+01,2.181050699754713946e+02,-5.531270503997802734e-01,-5.476922392845153809e-01,1.000033855438232422e+00,9.986096620559692383e-01
3.472500000000000142e+01,2.181836097918111363e+02,-7.491807341575622559e-01,-7.454183697700500488e-01,1.000033974647521973e+00,9.986093044281005859e-01
3.473749999999999716e+01,2.182621496081508781e+02,-7.935843467712402344e-01,-7.959263920783996582e-01,1.000033855438232422e+00,9.986090064048767090e-01
3.475000000000000000e+01,2.183406894244906198e+02,-6.890416741371154785e-01,-6.943015456199645996e-01,1.000033974647521973e+00,9.986087679862976074e-01
3.476249999999999574e+01,2.184192292408303615e+02,-5.991848707199096680e-01,-6.015326976776123047e-01,1.000033974647521973e+00,9.986085891723632812e-01
3.477499999999999858e+01,2.184977690571701032e+02,-6.368432044982910156e-01,-6.342912912368774414e-01,1.000034093856811523e+00,9.986084699630737305e-01
3.478750000000000142e+01,2.185763088735098449e+02,-7.679077386856079102e-01,-7.632976770401000977e-01,1.000034093856811523e+00,9.986083507537841797e-01
3.479999999999999716e+01,2.186548486898495867e+02,-8.848087787628173828e-01,-8.821535110473632812e-01,1.000034093856811523e+00,9.986083507537841797e-01
3.481250000000000000e+01,2.187333885061893568e+02,-9.189960956573486328e-01,-9.199854731559753418e-01,1.000034213066101074e+00,9.986082911491394043e-01
3.482500000000000284e+01,2.188119283225290985e+02,-8.804658651351928711e-01,-8.839144110679626465e-01,1.000034093856811523e+00,9.986082911491394043e-01
3.483749999999999858e+01,2.188904681388688402e+02,-8.228102922439575195e-01,-8.263268470764160156e-01,1.000034213066101074e+00,9.986081719398498535e-01
3.485000000000000142e+01,2.189690079552085820e+02,-7.922194600105285645e-01,-7.940202951431274414e-01,1.000034213066101074e+00,9.986082315444946289e-01
3.486249999999999716e+01,2.190475477715483237e+02,-8.031939268112182617e-01,-8.028322458267211914e-01,1.000034093856811523e+00,9.986081719398498535e-01
3.487500000000000000e+01,2.191260875878880654e+02,-8.440767526626586914e-01,-8.421444296836853027e-01,1.000034093856811523e+00,9.986081719398498535e-01
3.488749999999999574e+01,2.192046274042278071e+02,-8.944218754768371582e-01,-8.918659090995788574e-01,1.000034093856811523e+00,9.986081719398498535e-01
3.489999999999999858e+01,2.192831672205675488e+02,-9.383735656738281250e-01,-9.359701871871948242e-01,1.000034093856811523e+00,9.986081123352050781e-01
3.491249999999999432e+01,2.193617070369072906e+02,-9.691036343574523926e-01,-9.672574400901794434e-01,1.000034093856811523e+00,9.986081719398498535e-01
3.492500000000000426e+01,2.194402468532470607e+02,-9.869368076324462891e-01,-9.857256412506103516e-01,1.000034093856811523e+00,9.986081123352050781e-01
3.493750000000000000e+01,2.195187866695868024e+02,-9.955298304557800293e-01,-9.948436021804809570e-01,1.000034093856811523e+00,9.986081123352050781e-01
3.495000000000000284e+01,2.195973264859265441e+02,-9.988644719123840332e-01,-9.985331296920776367e-01,1.000034093856811523e+00,9.986080527305603027e-01
3.496249999999999858e+01,2.196758663022662859e+02,-9.998254179954528809e-01,-9.996960759162902832e-01,1.000034093856811523e+00,9.986081123352050781e-01
3.497500000000000142e+01,2.197544061186060276e+02,-9.999905824661254883e-01,-9.999557137489318848e-01,1.000033974647521973e+00,9.986081123352050781e-01
3.498749999999999716e+01,2.198329459349457693e+02,-9.999945163726806641e-01,-9.999912381172180176e-01,1.000034093856811523e+00,9.986080527305603027e-01
3.500000000000000000e+01,2.199114857512855110e+02,-9.999924898147583008e-01,-9.999936223030090332e-01,1.000034093856811523e+00,9.986080527305603027e-01
3.501249999999999574e+01,2.199900255676252527e+02,-9.999899864196777344e-01,-9.999954104423522949e-01,1.000033974647521973e+00,9.986080527305603027e-01
3.502499999999999858e+01,2.200685653839649945e+02,-9.999527931213378906e-01,-9.999900460243225098e-01,1.000034093856811523e+00,9.986079931259155273e-01
3.503750000000000142e+01,2.201471052003047646e+02,-9.996889829635620117e-01,-9.998204112052917480e-01,1.000034093856811523e+00,9.986079335212707520e-01
3.505000000000000426e+01,2.202256450166445063e+02,-9.985172152519226074e-01,-9.988507032394409180e-01,1.000033974647521973e+00,9.986079335212707520e-01
3.506250000000000000e+01,2.203041848329842480e+02,-9.948129057884216309e-01,-9.955012202262878418e-01,1.000033974647521973e+00,9.986079335212707520e-01
3.507500000000000284e+01,2.203827246493239898e+02,-9.856742620468139648e-01,-9.868873953819274902e-01,1.000034093856811523e+00,9.986078739166259766e-01
3.508749999999999858e+01,2.204612644656637315e+02,-9.671828150749206543e-01,-9.690310955047607422e-01,1.000034093856811523e+00,9.986078739166259766e-01
3.510000000000000142e+01,2.205398042820034732e+02,-9.358792304992675781e-01,-9.382845163345336914e-01,1.000034093856811523e+00,9.986079335212707520e-01
3.511249999999999716e+01,2.206183440983432149e+02,-8.917785286903381348e-01,-8.943356871604919434e-01,1.000034093856811523e+00,9.986079335212707520e-01
3.512500000000000000e+01,2.206968839146829566e+02,-8.420921564102172852e-01,-8.440257906913757324e-01,1.000034093856811523e+00,9.986079931259155273e-01
3.513749999999999574e+01,2.207754237310226983e+02,-8.028498888015747070e-01,-8.032138347625732422e-01,1.000034213066101074e+00,9.986079335212707520e-01
3.514999999999999858e+01,2.208539635473624685e+02,-7.941219210624694824e-01,-7.923263907432556152e-01,1.000034213066101074e+00,9.986080527305603027e-01
3.516250000000000142e+01,2.209325033637022102e+02,-8.264819979667663574e-01,-8.229737281799316406e-01,1.000034093856811523e+00,9.986079931259155273e-01
3.517500000000000426e+01,2.210110431800419519e+02,-8.840442895889282227e-01,-8.806054592132568359e-01,1.000034093856811523e+00,9.986079931259155273e-01
3.518750000000000000e+01,2.210895829963816936e+02,-9.200013279914855957e-01,-9.190185666084289551e-01,1.000034213066101074e+00,9.986079335212707520e-01
3.520000000000000284e+01,2.211681228127214354e+02,-8.820298314094543457e-01,-8.846835494041442871e-01,1.000034213066101074e+00,9.986078143119812012e-01
3.521249999999999858e+01,2.212466626290611771e+02,-7.631226778030395508e-01,-7.677282094955444336e-01,1.000034332275390625e+00,9.986077547073364258e-01
3.522500000000000142e+01,2.213252024454009188e+02,-6.342257857322692871e-01,-6.367783546447753906e-01,1.000034332275390625e+00,9.986076354980468750e-01
3.523749999999999716e+01,2.214037422617406605e+02,-6.016636490821838379e-01,-5.993249416351318359e-01,1.000034451484680176e+00,9.986073970794677734e-01
3.525000000000000000e+01,2.214822820780804022e+02,-6.945166587829589844e-01,-6.892685294151306152e-01,1.000034451484680176e+00,9.986072182655334473e-01
3.526250000000000284e+01,2.215608218944201724e+02,-7.959898710250854492e-01,-7.936536669731140137e-01,1.000034451484680176e+00,9.986069798469543457e-01
3.527499999999999858e+01,2.216393617107599141e+02,-7.452419400215148926e-01,-7.490031719207763672e-01,1.000034451484680176e+00,9.986066818237304688e-01
3.528750000000000142e+01,2.217179015270996558e+02,-5.474922657012939453e-01,-5.529285669326782227e-01,1.000034451484680176e+00,9.986063241958618164e-01
3.529999999999999716e+01,2.217964413434393975e+02,-4.171144664287567139e-01,-4.168119728565216064e-01,1.000034570693969727e+00,9.986058473587036133e-01
3.531250000000000000e+01,2.218749811597791393e+02,-5.095968842506408691e-01,-5.035895109176635742e-01,1.000034570693969727e+00,9.986053705215454102e-01
3.532500000000000284e+01,2.219535209761188810e+02,-6.615467667579650879e-01,-6.586146354675292969e-01,1.000034451484680176e+00,9.986048340797424316e-01
3.533749999999999858e+01,2.220320607924586227e+02,-5.858888626098632812e-01,-5.908593535423278809e-01,1.000034689903259277e+00,9.986041188240051270e-01
3.535000000000000142e+01,2.221106006087983644e+02,-3.310346007347106934e-01,-3.361594676971435547e-01,1.000034570693969727e+00,9.986034035682678223e-01
3.536249999999999716e+01,2.221891404251381061e+02,-2.580891847610473633e-01,-2.546806633472442627e-01,1.000034689903259277e+00,9.986025691032409668e-01
3.537500000000000000e+01,2.222676802414778763e+02,-4.483668208122253418e-01,-4.420251250267028809e-01,1.000034689903259277e+00,9.986016750335693359e-01
3.538750000000000284e+01,2.223462200578176180e+02,-5.143687725067138672e-01,-5.163620710372924805e-01,1.000034689903259277e+00,9.986006021499633789e-01
3.539999999999999858e+01,2.224247598741573597e+02,-2.614620029926300049e-01,-2.684123516082763672e-01,1.000034809112548828e+00,9.985994696617126465e-01
3.541250000000000142e+01,2.225032996904971014e+02,-7.933511584997177124e-02,-7.837405800819396973e-02,1.000034809112548828e+00,9.985982775688171387e-01
3.542499999999999716e+01,2.225818395068368432e+02,-2.485885769128799438e-01,-2.413531541824340820e-01,1.000034809112548828e+00,9.985969662666320801e-01
3.543750000000000000e+01,2.226603793231765849e+02,-3.830867409706115723e-01,-3.834366500377655029e-01,1.000034928321838379e+00,9.985955953598022461e-01
3.544999999999999574e+01,2.227389191395163266e+02,-1.447177678346633911e-01,-1.521067917346954346e-01,1.000034928321838379e+00,9.985941648483276367e-01
3.546249999999999858e+01,2.228174589558560683e+02,7.959816604852676392e-02,7.966218888759613037e-02,1.000035047531127930e+00,9.985926151275634766e-01
3.547500000000000142e+01,2.228959987721958100e+02,-8.121597021818161011e-02,-7.374034821987152100e-02,1.000035047531127930e+00,9.985911846160888672e-01
3.548750000000000426e+01,2.229745385885355802e+02,-2.344560623168945312e-01,-2.344480454921722412e-01,1.000035047531127930e+00,9.985895156860351562e-01
3.550000000000000000e+01,2.230530784048753219e+02,3.907863516360521317e-03,-3.610052168369293213e-03,1.000035047531127930e+00,9.985879063606262207e-01
3.551250000000000284e+01,2.231316182212150636e+02,2.344550937414169312e-01,2.344489395618438721e-01,1.000035047531127930e+00,9.985864162445068359e-01
3.552499999999999858e+01,2.232101580375548053e+02,7.342284172773361206e-02,8.093975484371185303e-02,1.000035047531127930e+00,9.985848665237426758e-01
3.553750000000000142e+01,2.232886978538945471e+02,-7.967333495616912842e-02,-7.959176599979400635e-02,1.000034928321838379e+00,9.985833764076232910e-01
3.554999999999999716e+01,2.233672376702342888e+02,1.524369716644287109e-01,1.449773311614990234e-01,1.000034928321838379e+00,9.985817670822143555e-01
3.556250000000000000e+01,2.234457774865740305e+02,3.834615945816040039e-01,3.830913007259368896e-01,1.000034928321838379e+00,9.985803961753845215e-01
3.557499999999999574e+01,2.235243173029137722e+02,2.410122901201248169e-01,2.483475804328918457e-01,1.000035047531127930e+00,9.985790252685546875e-01
3.558749999999999858e+01,2.236028571192535139e+02,7.831346988677978516e-02,7.931412756443023682e-02,1.000034928321838379e+00,9.985777139663696289e-01
3.560000000000000142e+01,2.236813969355932841e+02,2.687487602233886719e-01,2.616864442825317383e-01,1.000035047531127930e+00,9.985764622688293457e-01
3.561250000000000426e+01,2.237599367519330258e+02,5.164701342582702637e-01,5.144239664077758789e-01,1.000035047531127930e+00,9.985753297805786133e-01
3.562500000000000000e+01,2.238384765682727675e+02,4.417025148868560791e-01,4.481734931468963623e-01,1.000035166740417480e+00,9.985742568969726562e-01
3.563750000000000284e+01,2.239170163846125092e+02,2.544927597045898438e-01,2.579958438873291016e-01,1.000035166740417480e+00,9.985733628273010254e-01
3.564999999999999858e+01,2.239955562009522509e+02,3.364197611808776855e-01,3.311894834041595459e-01,1.000035166740417480e+00,9.985725879669189453e-01
3.566250000000000142e+01,2.240740960172919927e+02,5.911253690719604492e-01,5.860291719436645508e-01,1.000035166740417480e+00,9.985716938972473145e-01
3.567499999999999716e+01,2.241526358336317344e+02,6.584607958793640137e-01,6.614630818367004395e-01,1.000035166740417480e+00,9.985710978507995605e-01
3.568750000000000000e+01,2.242311756499714761e+02,5.032598376274108887e-01,5.094347596168518066e-01,1.000035285949707031e+00,9.985705614089965820e-01
3.569999999999999574e+01,2.243097154663112178e+02,4.167873561382293701e-01,4.171113073825836182e-01,1.000035285949707031e+00,9.985700845718383789e-01
3.571249999999999858e+01,2.243882552826509595e+02,5.532228350639343262e-01,5.476406812667846680e-01,1.000035285949707031e+00,9.985696673393249512e-01
3.572500000000000142e+01,2.244667950989907297e+02,7.492104768753051758e-01,7.453420758247375488e-01,1.000035285949707031e+00,9.985693693161010742e-01
3.573750000000000426e+01,2.245453349153304714e+02,7.935234904289245605e-01,7.959281802177429199e-01,1.000035285949707031e+00,9.985690116882324219e-01
3.575000000000000000e+01,2.246238747316702131e+02,6.889734864234924316e-01,6.943808197975158691e-01,1.000035285949707031e+00,9.985687136650085449e-01
3.576250000000000284e+01,2.247024145480099548e+02,5.991902947425842285e-01,6.016064286231994629e-01,1.000035285949707031e+00,9.985685348510742188e-01
3.577499999999999858e+01,2.247809543643496966e+02,6.369170546531677246e-01,6.342959403991699219e-01,1.000035285949707031e+00,9.985684752464294434e-01
3.578750000000000142e+01,2.248594941806894383e+02,7.679829597473144531e-01,7.632444500923156738e-01,1.000035285949707031e+00,9.985684156417846680e-01
3.579999999999999716e+01,2.249380339970291800e+02,8.848298192024230957e-01,8.820996284484863281e-01,1.000035285949707031e+00,9.985682964324951172e-01
3.581250000000000000e+01,2.250165738133689217e+02,9.189614653587341309e-01,9.199771881103515625e-01,1.000035285949707031e+00,9.985682368278503418e-01
3.582499999999999574e+01,2.250951136297086634e+02,8.804115653038024902e-01,8.839563131332397461e-01,1.000035166740417480e+00,9.985682368278503418e-01
3.583749999999999858e+01,2.251736534460484336e+02,8.227766156196594238e-01,8.263917565345764160e-01,1.000035285949707031e+00,9.985680580139160156e-01
3.585000000000000142e+01,2.252521932623881753e+02,7.922247648239135742e-01,7.940763235092163086e-01,1.000035285949707031e+00,9.985680580139160156e-01
3.586250000000000426e+01,2.253307330787279170e+02,8.032318949699401855e-01,8.028610348701477051e-01,1.000035405158996582e+00,9.985681176185607910e-01
3.587500000000000000e+01,2.254092728950676587e+02,8.441308736801147461e-01,8.421447277069091797e-01,1.000035405158996582e+00,9.985681176185607910e-01
3.588750000000000284e+01,2.254878127114074005e+02,8.944742083549499512e-01,8.918475508689880371e-01,1.000035405158996582e+00,9.985681176185607910e-01
3.589999999999999858e+01,2.255663525277471422e+02,9.384146332740783691e-01,9.359449148178100586e-01,1.000035405158996582e+00,9.985680580139160156e-01
3.591250000000000142e+01,2.256448923440868839e+02,9.691305756568908691e-01,9.672337770462036133e-01,1.000035405158996582e+00,9.985680580139160156e-01
3.592499999999999716e+01,2.257234321604266256e+02,9.869524240493774414e-01,9.857079386711120605e-01,1.000035405158996582e+00,9.985680580139160156e-01
3.593750000000000000e+01,2.258019719767663673e+02,9.955374002456665039e-01,9.948322176933288574e-01,1.000035405158996582e+00,9.985681176185607910e-01
3.595000000000000284e+01,2.258805117931061375e+02,9.988673925399780273e-01,9.985269904136657715e-01,1.000035405158996582e+00,9.985680580139160156e-01
3.596249999999999858e+01,2.259590516094458792e+02,9.998261928558349609e-01,9.996933341026306152e-01,1.000035405158996582e+00,9.985680580139160156e-01
3.597500000000000142e+01,2.260375914257856209e+02,9.999905824661254883e-01,9.999545812606811523e-01,1.000035405158996582e+00,9.985680580139160156e-01
3.598749999999999716e+01,2.261161312421253626e+02,9.999941587448120117e-01,9.999907612800598145e-01,1.000035405158996582e+00,9.985680580139160156e-01
3.600000000000000000e+01,2.261946710584651044e+02,9.999922513961791992e-01,9.999932646751403809e-01,1.000035405158996582e+00,9.985680580139160156e-01
3.601250000000000284e+01,2.262732108748048461e+02,9.999896287918090820e-01,9.999951124191284180e-01,1.000035524368286133e+00,9.985681176185607910e-01
3.602499999999999858e+01,2.263517506911445878e+02,9.999521970748901367e-01,9.999904036521911621e-01,1.000035405158996582e+00,9.985680580139160156e-01
3.603750000000000142e+01,2.264302905074843295e+02,9.996873736381530762e-01,9.998226165771484375e-01,1.000035405158996582e+00,9.985680580139160156e-01
3.604999999999999716e+01,2.265088303238240712e+02,9.985134601593017578e-01,9.988559484481811523e-01,1.000035524368286133e+00,9.985681176185607910e-01
3.606250000000000000e+01,2.265873701401638414e+02,9.948045015335083008e-01,9.955117702484130859e-01,1.000035405158996582e+00,9.985681176185607910e-01
3.607500000000000284e+01,2.266659099565035831e+02,9.856581687927246094e-01,9.869042038917541504e-01,1.000035405158996582e+00,9.985681772232055664e-01
3.608749999999999858e+01,2.267444497728433248e+02,9.671550393104553223e-01,9.690536856651306152e-01,1.000035405158996582e+00,9.985681772232055664e-01
3.610000000000000142e+01,2.268229895891830665e+02,9.358375072479248047e-01,9.383087158203125000e-01,1.000035405158996582e+00,9.985681176185607910e-01
3.611249999999999716e+01,2.269015294055228082e+02,8.917250633239746094e-01,8.943530321121215820e-01,1.000035524368286133e+00,9.985681772232055664e-01
3.612500000000000000e+01,2.269800692218625500e+02,8.420379757881164551e-01,8.440249562263488770e-01,1.000035524368286133e+00,9.985681176185607910e-01
3.613749999999999574e+01,2.270586090382022917e+02,8.028107881546020508e-01,8.031852841377258301e-01,1.000035524368286133e+00,9.985680580139160156e-01
3.614999999999999858e+01,2.271371488545420334e+02,7.941152453422546387e-01,7.922714352607727051e-01,1.000035524368286133e+00,9.985681176185607910e-01
3.616250000000000142e+01,2.272156886708817751e+02,8.265141248703002930e-01,8.229099512100219727e-01,1.000035524368286133e+00,9.985680580139160156e-01
3.617500000000000426e+01,2.272942284872215453e+02,8.840973377227783203e-01,8.805641531944274902e-01,1.000035524368286133e+00,9.985680580139160156e-01
3.618750000000000000e+01,2.273727683035612870e+02,9.200354814529418945e-01,9.190258979797363281e-01,1.000035524368286133e+00,9.985680580139160156e-01
3.620000000000000284e+01,2.274513081199010287e+02,8.820090293884277344e-01,8.847352266311645508e-01,1.000035524368286133e+00,9.985680580139160156e-01
3.621249999999999858e+01,2.275298479362407704e+02,7.630494236946105957e-01,7.677785158157348633e-01,1.000035524368286133e+00,9.985679388046264648e-01
3.622500000000000142e+01,2.276083877525805121e+02,6.341525912284851074e-01,6.367711424827575684e-01,1.000035643577575684e+00,9.985678791999816895e-01
3.623749999999999716e+01,2.276869275689202539e+02,6.016559004783630371e-01,5.992513298988342285e-01,1.000035643577575684e+00,9.985677599906921387e-01
3.625000000000000000e+01,2.277654673852599956e+02,6.945810317993164062e-01,6.891916394233703613e-01,1.000035762786865234e+00,9.985675811767578125e-01
3.626249999999999574e+01,2.278440072015997373e+02,7.960504889488220215e-01,7.936531901359558105e-01,1.000035762786865234e+00,9.985672831535339355e-01
3.627499999999999858e+01,2.279225470179394790e+02,7.452136874198913574e-01,7.490772008895874023e-01,1.000035762786865234e+00,9.985671043395996094e-01
3.628750000000000142e+01,2.280010868342792492e+02,5.473954081535339355e-01,5.529765486717224121e-01,1.000035762786865234e+00,9.985666871070861816e-01
3.630000000000000426e+01,2.280796266506189909e+02,4.170697629451751709e-01,4.167550206184387207e-01,1.000035762786865234e+00,9.985662698745727539e-01
3.631250000000000000e+01,2.281581664669587326e+02,5.096629261970520020e-01,5.034933686256408691e-01,1.000035762786865234e+00,9.985657334327697754e-01
3.632500000000000284e+01,2.282367062832984743e+02,6.616196036338806152e-01,6.586133241653442383e-01,1.000035762786865234e+00,9.985651373863220215e-01
3.633749999999999858e+01,2.283152460996382160e+02,5.858425498008728027e-01,5.909509658813476562e-01,1.000035762786865234e+00,9.985645413398742676e-01
3.635000000000000142e+01,2.283937859159779578e+02,3.309309780597686768e-01,3.361892402172088623e-01,1.000035762786865234e+00,9.985637664794921875e-01
3.636249999999999716e+01,2.284723257323176995e+02,2.580955028533935547e-01,2.545864880084991455e-01,1.000035881996154785e+00,9.985629320144653320e-01
3.637500000000000000e+01,2.285508655486574412e+02,4.484676420688629150e-01,4.419575631618499756e-01,1.000035881996154785e+00,9.985619783401489258e-01
3.638749999999999574e+01,2.286294053649971829e+02,5.143778920173645020e-01,5.164331793785095215e-01,1.000036001205444336e+00,9.985609650611877441e-01
3.639999999999999858e+01,2.287079451813369246e+02,2.613565623760223389e-01,2.684869170188903809e-01,1.000036001205444336e+00,9.985597729682922363e-01
3.641250000000000142e+01,2.287864849976766948e+02,7.930516451597213745e-02,7.830620557069778442e-02,1.000036001205444336e+00,9.985585808753967285e-01
3.642500000000000426e+01,2.288650248140164365e+02,2.486909031867980957e-01,2.412634938955307007e-01,1.000035881996154785e+00,9.985572695732116699e-01
3.643750000000000000e+01,2.289435646303561782e+02,3.831200301647186279e-01,3.834931552410125732e-01,1.000036120414733887e+00,9.985558390617370605e-01
3.645000000000000284e+01,2.290221044466959199e+02,1.446100175380706787e-01,1.521978080272674561e-01,1.000036120414733887e+00,9.985543489456176758e-01
3.646249999999999858e+01,2.291006442630356617e+02,-7.963562011718750000e-02,-7.971902936697006226e-02,1.000036120414733887e+00,9.985527992248535156e-01
3.647500000000000142e+01,2.291791840793754034e+02,8.132131397724151611e-02,7.364510744810104370e-02,1.000036001205444336e+00,9.985513687133789062e-01
3.648749999999999716e+01,2.292577238957151451e+02,2.344931960105895996e-01,2.345028817653656006e-01,1.000036001205444336e+00,9.985497593879699707e-01
3.650000000000000000e+01,2.293362637120548868e+02,-4.011240787804126740e-03,3.705352777615189552e-03,1.000036001205444336e+00,9.985480308532714844e-01
3.651249999999999574e+01,2.294148035283946285e+02,-2.344946414232254028e-01,-2.345030903816223145e-01,1.000036001205444336e+00,9.985466003417968750e-01
3.652499999999999858e+01,2.294933433447343987e+02,-7.332184910774230957e-02,-8.103343844413757324e-02,1.000036001205444336e+00,9.985448718070983887e-01
3.653750000000000142e+01,2.295718831610741404e+02,7.971784472465515137e-02,7.964687794446945190e-02,1.000036120414733887e+00,9.985432624816894531e-01
3.655000000000000426e+01,2.296504229774138821e+02,-1.525329649448394775e-01,-1.448803991079330444e-01,1.000036239624023438e+00,9.985418319702148438e-01
3.656250000000000000e+01,2.297289627937536238e+02,-3.835037350654602051e-01,-3.831405341625213623e-01,1.000036358833312988e+00,9.985404014587402344e-01
3.657500000000000284e+01,2.298075026100933655e+02,-2.409196943044662476e-01,-2.484441697597503662e-01,1.000036358833312988e+00,9.985390305519104004e-01
3.658749999999999858e+01,2.298860424264331073e+02,-7.826287299394607544e-02,-7.926927506923675537e-02,1.000036358833312988e+00,9.985377788543701172e-01
3.660000000000000142e+01,2.299645822427728490e+02,-2.688268423080444336e-01,-2.615808248519897461e-01,1.000036478042602539e+00,9.985365271568298340e-01
3.661249999999999716e+01,2.300431220591125907e+02,-5.165269374847412109e-01,-5.144444108009338379e-01,1.000036478042602539e+00,9.985354542732238770e-01
3.662500000000000000e+01,2.301216618754523324e+02,-4.416351914405822754e-01,-4.482724070549011230e-01,1.000036478042602539e+00,9.985343813896179199e-01
3.663750000000000284e+01,2.302002016917921026e+02,-2.544189691543579102e-01,-2.579911947250366211e-01,1.000036478042602539e+00,9.985334873199462891e-01
3.664999999999999858e+01,2.302787415081318443e+02,-3.364597260951995850e-01,-3.310844302177429199e-01,1.000036478042602539e+00,9.985326528549194336e-01
3.666250000000000142e+01,2.303572813244715860e+02,-5.912051200866699219e-01,-5.859897136688232422e-01,1.000036597251892090e+00,9.985318779945373535e-01
3.667499999999999716e+01,2.304358211408113277e+02,-6.584497094154357910e-01,-6.615381836891174316e-01,1.000036716461181641e+00,9.985312223434448242e-01
3.668750000000000000e+01,2.305143609571510694e+02,-5.031732320785522461e-01,-5.094965100288391113e-01,1.000036597251892090e+00,9.985306262969970703e-01
3.670000000000000284e+01,2.305929007734908112e+02,-4.167454540729522705e-01,-4.170625805854797363e-01,1.000036716461181641e+00,9.985301494598388672e-01
3.671249999999999858e+01,2.306714405898305529e+02,-5.532736778259277344e-01,-5.475453138351440430e-01,1.000036716461181641e+00,9.985297322273254395e-01
3.672500000000000142e+01,2.307499804061702946e+02,-7.492761015892028809e-01,-7.453170418739318848e-01,1.000036716461181641e+00,9.985293745994567871e-01
3.673749999999999716e+01,2.308285202225100363e+02,-7.935150265693664551e-01,-7.959902286529541016e-01,1.000036716461181641e+00,9.985290169715881348e-01
3.675000000000000000e+01,2.309070600388498065e+02,-6.888986825942993164e-01,-6.944438815116882324e-01,1.000036716461181641e+00,9.985288977622985840e-01
3.676250000000000284e+01,2.309855998551895482e+02,-5.991268754005432129e-01,-6.015945076942443848e-01,1.000036716461181641e+00,9.985287189483642578e-01
3.677499999999999858e+01,2.310641396715292899e+02,-6.369194388389587402e-01,-6.342198848724365234e-01,1.000036716461181641e+00,9.985284805297851562e-01
3.678750000000000142e+01,2.311426794878690316e+02,-7.680356502532958984e-01,-7.631713151931762695e-01,1.000036716461181641e+00,9.985283613204956055e-01
3.679999999999999716e+01,2.312212193042087733e+02,-8.848778009414672852e-01,-8.820809721946716309e-01,1.000036716461181641e+00,9.985284209251403809e-01
3.681250000000000000e+01,2.312997591205485151e+02,-9.189640879631042480e-01,-9.200121164321899414e-01,1.000036716461181641e+00,9.985282421112060547e-01
3.682499999999999574e+01,2.313782989368882568e+02,-8.803687095642089844e-01,-8.840073347091674805e-01,1.000036716461181641e+00,9.985281825065612793e-01
3.683749999999999858e+01,2.314568387532279985e+02,-8.227157592773437500e-01,-8.264207243919372559e-01,1.000036716461181641e+00,9.985281825065612793e-01
3.685000000000000142e+01,2.315353785695677402e+02,-7.921758890151977539e-01,-7.940672039985656738e-01,1.000036716461181641e+00,9.985281825065612793e-01
3.686250000000000426e+01,2.316139183859075104e+02,-8.032104969024658203e-01,-8.028205037117004395e-01,1.000036716461181641e+00,9.985281229019165039e-01
3.687500000000000000e+01,2.316924582022472521e+02,-8.441359996795654297e-01,-8.420900702476501465e-01,1.000036716461181641e+00,9.985281825065612793e-01
3.688750000000000284e+01,2.317709980185869938e+02,-8.944961428642272949e-01,-8.917950391769409180e-01,1.000036716461181641e+00,9.985282421112060547e-01
3.689999999999999858e+01,2.318495378349267355e+02,-9.384407997131347656e-01,-9.359037876129150391e-01,1.000036716461181641e+00,9.985282421112060547e-01
3.691250000000000142e+01,2.319280776512664772e+02,-9.691534638404846191e-01,-9.672061800956726074e-01,1.000036716461181641e+00,9.985283017158508301e-01
3.692499999999999716e+01,2.320066174676062190e+02,-9.869688153266906738e-01,-9.856920838356018066e-01,1.000036716461181641e+00,9.985283017158508301e-01
3.693750000000000000e+01,2.320851572839459607e+02,-9.955475926399230957e-01,-9.948242902755737305e-01,1.000036716461181641e+00,9.985283613204956055e-01
3.694999999999999574e+01,2.321636971002857024e+02,-9.988725185394287109e-01,-9.985235333442687988e-01,1.000036716461181641e+00,9.985283017158508301e-01
3.696249999999999858e+01,2.322422369166254441e+02,-9.998279809951782227e-01,-9.996919035911560059e-01,1.000036716461181641e+00,9.985283613204956055e-01
3.697500000000000142e+01,2.323207767329652143e+02,-9.999907016754150391e-01,-9.999539256095886230e-01,1.000036716461181641e+00,9.985284209251403809e-01
3.698750000000000426e+01,2.323993165493049560e+02,-9.999938011169433594e-01,-9.999904036521911621e-01,1.000036716461181641e+00,9.985284209251403809e-01
3.700000000000000000e+01,2.324778563656446977e+02,-9.999917745590209961e-01,-9.999929666519165039e-01,1.000036597251892090e+00,9.985283613204956055e-01
3.701250000000000284e+01,2.325563961819844394e+02,-9.999891519546508789e-01,-9.999947547912597656e-01,1.000036597251892090e+00,9.985283017158508301e-01
3.702499999999999858e+01,2.326349359983241811e+02,-9.999511241912841797e-01,-9.999902844429016113e-01,1.000036716461181641e+00,9.985283613204956055e-01
3.703750000000000142e+01,2.327134758146639228e+02,-9.996847510337829590e-01,-9.998232722282409668e-01,1.000036716461181641e+00,9.985283017158508301e-01
3.704999999999999716e+01,2.327920156310036646e+02,-9.985075592994689941e-01,-9.988588094711303711e-01,1.000036716461181641e+00,9.985282421112060547e-01
3.706250000000000000e+01,2.328705554473434063e+02,-9.947937130928039551e-01,-9.955188035964965820e-01,1.000036716461181641e+00,9.985283017158508301e-01
3.707499999999999574e+01,2.329490952636831480e+02,-9.856409430503845215e-01,-9.869191646575927734e-01,1.000036716461181641e+00,9.985282421112060547e-01
3.708750000000000568e+01,2.330276350800229181e+02,-9.671319723129272461e-01,-9.690799117088317871e-01,1.000036716461181641e+00,9.985282421112060547e-01
3.710000000000000142e+01,2.331061748963626599e+02,-9.358113408088684082e-01,-9.383490681648254395e-01,1.000036716461181641e+00,9.985283017158508301e-01
3.711250000000000426e+01,2.331847147127024016e+02,-8.917034268379211426e-01,-8.944051265716552734e-01,1.000036597251892090e+00,9.985282421112060547e-01
3.712500000000000000e+01,2.332632545290421433e+02,-8.420317769050598145e-01,-8.440797924995422363e-01,1.000036597251892090e+00,9.985282421112060547e-01
3.713750000000000284e+01,2.333417943453818850e+02,-8.028309345245361328e-01,-8.032262921333312988e-01,1.000036716461181641e+00,9.985282421112060547e-01
3.714999999999999858e+01,2.334203341617216267e+02,-7.941620945930480957e-01,-7.922807335853576660e-01,1.000036716461181641e+00,9.985282421112060547e-01
3.716250000000000142e+01,2.334988739780613685e+02,-8.265721797943115234e-01,-8.228808045387268066e-01,1.000036835670471191e+00,9.985282421112060547e-01
3.717499999999999716e+01,2.335774137944011102e+02,-8.841388821601867676e-01,-8.805122375488281250e-01,1.000036716461181641e+00,9.985282421112060547e-01
3.718750000000000000e+01,2.336559536107408519e+02,-9.200325012207031250e-01,-9.189896583557128906e-01,1.000036597251892090e+00,9.985280632972717285e-01
3.720000000000000284e+01,2.337344934270806220e+02,-8.819603919982910156e-01,-8.847528696060180664e-01,1.000036835670471191e+00,9.985280632972717285e-01
3.721249999999999858e+01,2.338130332434203638e+02,-7.629961967468261719e-01,-7.678513526916503906e-01,1.000036716461181641e+00,9.985279440879821777e-01
3.722500000000000142e+01,2.338915730597601055e+02,-6.341500282287597656e-01,-6.368482112884521484e-01,1.000036716461181641e+00,9.985278248786926270e-01
3.723750000000000426e+01,2.339701128760998472e+02,-6.017196178436279297e-01,-5.992636680603027344e-01,1.000036716461181641e+00,9.985275268554687500e-01
3.725000000000000000e+01,2.340486526924395889e+02,-6.946557760238647461e-01,-6.891272068023681641e-01,1.000036716461181641e+00,9.985274672508239746e-01
3.726250000000000284e+01,2.341271925087793306e+02,-7.960564494132995605e-01,-7.935881614685058594e-01,1.000036716461181641e+00,9.985272884368896484e-01
3.727499999999999858e+01,2.342057323251190724e+02,-7.451456785202026367e-01,-7.491026520729064941e-01,1.000036835670471191e+00,9.985270500183105469e-01
3.728750000000000142e+01,2.342842721414588141e+02,-5.473436713218688965e-01,-5.530769824981689453e-01,1.000036716461181641e+00,9.985267519950866699e-01
3.729999999999999716e+01,2.343628119577985558e+02,-4.171134829521179199e-01,-4.168076515197753906e-01,1.000036716461181641e+00,9.985263943672180176e-01
3.731250000000000000e+01,2.344413517741382975e+02,-5.097512602806091309e-01,-5.034282207489013672e-01,1.000036835670471191e+00,9.985258579254150391e-01
3.732500000000000284e+01,2.345198915904780677e+02,-6.616264581680297852e-01,-6.585326194763183594e-01,1.000036835670471191e+00,9.985253214836120605e-01
3.733749999999999858e+01,2.345984314068178094e+02,-5.857617855072021484e-01,-5.909920334815979004e-01,1.000036835670471191e+00,9.985247254371643066e-01
3.735000000000000142e+01,2.346769712231575511e+02,-3.308968245983123779e-01,-3.363008201122283936e-01,1.000036954879760742e+00,9.985238909721374512e-01
3.736249999999999716e+01,2.347555110394972928e+02,-2.581740319728851318e-01,-2.545920610427856445e-01,1.000036835670471191e+00,9.985230565071105957e-01
3.737500000000000000e+01,2.348340508558370345e+02,-4.485345482826232910e-01,-4.418519437313079834e-01,1.000036835670471191e+00,9.985221624374389648e-01
3.738750000000000284e+01,2.349125906721767763e+02,-5.143163800239562988e-01,-5.164102315902709961e-01,1.000036954879760742e+00,9.985211491584777832e-01
3.739999999999999858e+01,2.349911304885165180e+02,-2.612782120704650879e-01,-2.685987353324890137e-01,1.000036954879760742e+00,9.985200166702270508e-01
3.741250000000000142e+01,2.350696703048562597e+02,-7.936372607946395874e-02,-7.835213840007781982e-02,1.000036954879760742e+00,9.985188245773315430e-01
3.742499999999999716e+01,2.351482101211960014e+02,-2.487831115722656250e-01,-2.411583513021469116e-01,1.000036954879760742e+00,9.985174536705017090e-01
3.743750000000000000e+01,2.352267499375357716e+02,-3.830748498439788818e-01,-3.834420442581176758e-01,1.000037074089050293e+00,9.985160827636718750e-01
3.745000000000000284e+01,2.353052897538755133e+02,-1.445139646530151367e-01,-1.523063629865646362e-01,1.000037074089050293e+00,9.985145330429077148e-01
3.746249999999999858e+01,2.353838295702152550e+02,7.959362864494323730e-02,7.965888828039169312e-02,1.000037074089050293e+00,9.985130429267883301e-01
3.747500000000000142e+01,2.354623693865549967e+02,-8.142400532960891724e-02,-7.353999465703964233e-02,1.000037193298339844e+00,9.985114932060241699e-01
3.748749999999999716e+01,2.355409092028947384e+02,-2.344527095556259155e-01,-2.344437688589096069e-01,1.000037193298339844e+00,9.985099434852600098e-01
3.750000000000000000e+01,2.356194490192344801e+02,4.114112351089715958e-03,-3.812000388279557228e-03,1.000037193298339844e+00,9.985083341598510742e-01
3.751249999999999574e+01,2.356979888355742219e+02,2.344512045383453369e-01,2.344435751438140869e-01,1.000037193298339844e+00,9.985067844390869141e-01
3.752499999999999858e+01,2.357765286519139636e+02,7.322227954864501953e-02,8.114013075828552246e-02,1.000037193298339844e+00,9.985051751136779785e-01
3.753750000000000142e+01,2.358550684682537053e+02,-7.967180013656616211e-02,-7.958523184061050415e-02,1.000037193298339844e+00,9.985036253929138184e-01
3.755000000000000426e+01,2.359336082845934754e+02,1.526318043470382690e-01,1.447784006595611572e-01,1.000037193298339844e+00,9.985021352767944336e-01
3.756250000000000000e+01,2.360121481009332172e+02,3.834634125232696533e-01,3.830788135528564453e-01,1.000037312507629395e+00,9.985007047653198242e-01
3.757500000000000284e+01,2.360906879172729589e+02,2.408207356929779053e-01,2.485446929931640625e-01,1.000037312507629395e+00,9.984992742538452148e-01
3.758749999999999858e+01,2.361692277336127006e+02,7.830055803060531616e-02,7.934534549713134766e-02,1.000037312507629395e+00,9.984980225563049316e-01
3.760000000000000142e+01,2.362477675499524423e+02,2.689347863197326660e-01,2.614986300468444824e-01,1.000037312507629395e+00,9.984967112541198730e-01
3.761249999999999716e+01,2.363263073662921840e+02,5.165098309516906738e-01,5.143642425537109375e-01,1.000037312507629395e+00,9.984956979751586914e-01
3.762500000000000000e+01,2.364048471826319258e+02,4.415315687656402588e-01,4.483436048030853271e-01,1.000037312507629395e+00,9.984946846961975098e-01
3.763749999999999574e+01,2.364833869989716675e+02,2.544152438640594482e-01,2.580929696559906006e-01,1.000037431716918945e+00,9.984936714172363281e-01
3.764999999999999858e+01,2.365619268153114092e+02,3.365667760372161865e-01,3.310530185699462891e-01,1.000037431716918945e+00,9.984928369522094727e-01
3.766250000000000142e+01,2.366404666316511793e+02,5.912532210350036621e-01,5.858906507492065430e-01,1.000037431716918945e+00,9.984920024871826172e-01
3.767500000000000426e+01,2.367190064479909211e+02,6.583722233772277832e-01,6.615383625030517578e-01,1.000037431716918945e+00,9.984913468360900879e-01
3.768750000000000000e+01,2.367975462643306628e+02,5.031009316444396973e-01,5.095994472503662109e-01,1.000037431716918945e+00,9.984908103942871094e-01
3.770000000000000284e+01,2.368760860806704045e+02,4.167898893356323242e-01,4.171238243579864502e-01,1.000037550926208496e+00,9.984902739524841309e-01
3.771249999999999858e+01,2.369546258970101462e+02,5.533730387687683105e-01,5.474939942359924316e-01,1.000037550926208496e+00,9.984899163246154785e-01
3.772500000000000142e+01,2.370331657133498879e+02,7.493073940277099609e-01,7.452368736267089844e-01,1.000037431716918945e+00,9.984895586967468262e-01
3.773749999999999716e+01,2.371117055296896297e+02,7.934548258781433105e-01,7.959899306297302246e-01,1.000037550926208496e+00,9.984892606735229492e-01
3.775000000000000000e+01,2.371902453460293714e+02,6.888290643692016602e-01,6.945264339447021484e-01,1.000037550926208496e+00,9.984890222549438477e-01
3.776249999999999574e+01,2.372687851623691131e+02,5.991287827491760254e-01,6.016749739646911621e-01,1.000037550926208496e+00,9.984889626502990723e-01
3.777499999999999858e+01,2.373473249787088832e+02,6.369892358779907227e-01,6.342291235923767090e-01,1.000037550926208496e+00,9.984887838363647461e-01
3.778750000000000142e+01,2.374258647950486250e+02,7.681096792221069336e-01,7.631177902221679688e-01,1.000037550926208496e+00,9.984886646270751953e-01
3.780000000000000426e+01,2.375044046113883667e+02,8.849014043807983398e-01,8.820240497589111328e-01,1.000037670135498047e+00,9.984886050224304199e-01
3.781250000000000000e+01,2.375829444277281084e+02,9.189317226409912109e-01,9.200011491775512695e-01,1.000037670135498047e+00,9.984885454177856445e-01
3.782500000000000284e+01,2.376614842440678501e+02,8.803145885467529297e-01,8.840496540069580078e-01,1.000037670135498047e+00,9.984884262084960938e-01
3.783749999999999858e+01,2.377400240604075918e+02,8.226788640022277832e-01,8.264893293380737305e-01,1.000037670135498047e+00,9.984884858131408691e-01
3.785000000000000142e+01,2.378185638767473336e+02,7.921754717826843262e-01,7.941282391548156738e-01,1.000037789344787598e+00,9.984884262084960938e-01
3.786249999999999716e+01,2.378971036930870753e+02,8.032432198524475098e-01,8.028538227081298828e-01,1.000037789344787598e+00,9.984886050224304199e-01
3.787500000000000000e+01,2.379756435094268170e+02,8.441857695579528809e-01,8.420937657356262207e-01,1.000037670135498047e+00,9.984885454177856445e-01
3.788750000000000284e+01,2.380541833257665871e+02,8.945462107658386230e-01,8.917779922485351562e-01,1.000037670135498047e+00,9.984885454177856445e-01
3.789999999999999858e+01,2.381327231421063289e+02,9.384819865226745605e-01,9.358785152435302734e-01,1.000037670135498047e+00,9.984885454177856445e-01
3.791250000000000142e+01,2.382112629584460706e+02,9.691814780235290527e-01,9.671819210052490234e-01,1.000037670135498047e+00,9.984886050224304199e-01
3.792499999999999716e+01,2.382898027747858123e+02,9.869850873947143555e-01,9.856733679771423340e-01,1.000037670135498047e+00,9.984885454177856445e-01
3.793750000000000000e+01,2.383683425911255540e+02,9.955556392669677734e-01,9.948122501373291016e-01,1.000037670135498047e+00,9.984886050224304199e-01
3.795000000000000284e+01,2.384468824074652957e+02,9.988756775856018066e-01,9.985167980194091797e-01,1.000037670135498047e+00,9.984886646270751953e-01
3.796249999999999858e+01,2.385254222238050374e+02,9.998288750648498535e-01,9.996888041496276855e-01,1.000037670135498047e+00,9.984886050224304199e-01
3.797500000000000142e+01,2.386039620401447792e+02,9.999907016754150391e-01,9.999528527259826660e-01,1.000037789344787598e+00,9.984886050224304199e-01
3.798749999999999716e+01,2.386825018564845209e+02,9.999934434890747070e-01,9.999899864196777344e-01,1.000037789344787598e+00,9.984886050224304199e-01
3.800000000000000000e+01,2.387610416728242626e+02,9.999912977218627930e-01,9.999926090240478516e-01,1.000037789344787598e+00,9.984886050224304199e-01
3.801250000000000284e+01,2.388395814891640327e+02,9.999885559082031250e-01,9.999944567680358887e-01,1.000037789344787598e+00,9.984886050224304199e-01
3.802499999999999858e+01,2.389181213055037745e+02,9.999504089355468750e-01,9.999905824661254883e-01,1.000037789344787598e+00,9.984885454177856445e-01
3.803750000000000142e+01,2.389966611218435162e+02,9.996830821037292480e-01,9.998255968093872070e-01,1.000037670135498047e+00,9.984885454177856445e-01
3.804999999999999716e+01,2.390752009381832579e+02,9.985033273696899414e-01,9.988647103309631348e-01,1.000037789344787598e+00,9.984885454177856445e-01
3.806250000000000000e+01,2.391537407545229996e+02,9.947846531867980957e-01,9.955303668975830078e-01,1.000037789344787598e+00,9.984885454177856445e-01
3.807500000000000284e+01,2.392322805708627413e+02,9.856235384941101074e-01,9.869372248649597168e-01,1.000037789344787598e+00,9.984885454177856445e-01
3.808749999999999858e+01,2.393108203872024831e+02,9.671034216880798340e-01,9.691037535667419434e-01,1.000037789344787598e+00,9.984885454177856445e-01
3.810000000000000142e+01,2.393893602035422248e+02,9.357704520225524902e-01,9.383736252784729004e-01,1.000037789344787598e+00,9.984886050224304199e-01
3.811249999999999716e+01,2.394679000198819665e+02,8.916528820991516113e-01,8.944211602210998535e-01,1.000037789344787598e+00,9.984885454177856445e-01
3.812500000000000000e+01,2.395464398362217366e+02,8.419817686080932617e-01,8.440751433372497559e-01,1.000037789344787598e+00,9.984884858131408691e-01
3.813750000000000284e+01,2.396249796525614784e+02,8.027977943420410156e-01,8.031916618347167969e-01,1.000037789344787598e+00,9.984884858131408691e-01
3.814999999999999858e+01,2.397035194689012201e+02,7.941625118255615234e-01,7.922183871269226074e-01,1.000037789344787598e+00,9.984884858131408691e-01
3.816250000000000142e+01,2.397820592852409618e+02,8.266093134880065918e-01,8.228109478950500488e-01,1.000037908554077148e+00,9.984883666038513184e-01
3.817499999999999716e+01,2.398605991015807035e+02,8.841918706893920898e-01,8.804689645767211914e-01,1.000037789344787598e+00,9.984884262084960938e-01
3.818750000000000000e+01,2.399391389179204452e+02,9.200635552406311035e-01,9.190002679824829102e-01,1.000037789344787598e+00,9.984883666038513184e-01
3.819999999999999574e+01,2.400176787342601870e+02,8.819347620010375977e-01,8.848098516464233398e-01,1.000037789344787598e+00,9.984882473945617676e-01
3.821249999999999858e+01,2.400962185505999287e+02,7.629191875457763672e-01,7.679045200347900391e-01,1.000037908554077148e+00,9.984882473945617676e-01
3.822500000000000142e+01,2.401747583669396704e+02,6.340783238410949707e-01,6.368376016616821289e-01,1.000037908554077148e+00,9.984881281852722168e-01
3.823750000000000426e+01,2.402532981832794405e+02,6.017187833786010742e-01,5.991818904876708984e-01,1.000037908554077148e+00,9.984880685806274414e-01
3.825000000000000000e+01,2.403318379996191823e+02,6.947280168533325195e-01,6.890442371368408203e-01,1.000038027763366699e+00,9.984878897666931152e-01
3.826250000000000284e+01,2.404103778159589240e+02,7.961158156394958496e-01,7.935895323753356934e-01,1.000038027763366699e+00,9.984877109527587891e-01
3.827499999999999858e+01,2.404889176322986657e+02,7.451074719429016113e-01,7.491819262504577637e-01,1.000038027763366699e+00,9.984874129295349121e-01
3.828750000000000142e+01,2.405674574486384074e+02,5.472437143325805664e-01,5.531239509582519531e-01,1.000038027763366699e+00,9.984871149063110352e-01
3.829999999999999716e+01,2.406459972649781491e+02,4.170778393745422363e-01,4.167432785034179688e-01,1.000038027763366699e+00,9.984866976737976074e-01
3.831250000000000000e+01,2.407245370813178909e+02,5.098302364349365234e-01,5.033274888992309570e-01,1.000038027763366699e+00,9.984862208366394043e-01
3.832499999999999574e+01,2.408030768976576326e+02,6.616982221603393555e-01,6.585354208946228027e-01,1.000038027763366699e+00,9.984857439994812012e-01
3.833749999999999858e+01,2.408816167139973743e+02,5.857028365135192871e-01,5.910892486572265625e-01,1.000038146972656250e+00,9.984850287437438965e-01
3.835000000000000142e+01,2.409601565303371444e+02,3.307930827140808105e-01,3.363273441791534424e-01,1.000038027763366699e+00,9.984843134880065918e-01
3.836250000000000426e+01,2.410386963466768862e+02,2.581919431686401367e-01,2.544898092746734619e-01,1.000038027763366699e+00,9.984834790229797363e-01
3.837500000000000000e+01,2.411172361630166279e+02,4.486411809921264648e-01,4.417849183082580566e-01,1.000038146972656250e+00,9.984825253486633301e-01
3.838750000000000284e+01,2.411957759793563696e+02,5.143204331398010254e-01,5.164911150932312012e-01,1.000038146972656250e+00,9.984815716743469238e-01
3.839999999999999858e+01,2.412743157956961113e+02,2.611610293388366699e-01,2.686759829521179199e-01,1.000038146972656250e+00,9.984803199768066406e-01
3.841250000000000142e+01,2.413528556120358530e+02,7.933412492275238037e-02,7.827366888523101807e-02,1.000038146972656250e+00,9.984790682792663574e-01
3.842499999999999716e+01,2.414313954283755947e+02,2.488974779844284058e-01,2.410636246204376221e-01,1.000038146972656250e+00,9.984778761863708496e-01
3.843750000000000000e+01,2.415099352447153365e+02,3.831121921539306641e-01,3.835060596466064453e-01,1.000038266181945801e+00,9.984763860702514648e-01
3.844999999999999574e+01,2.415884750610550782e+02,1.443991661071777344e-01,1.523989140987396240e-01,1.000038146972656250e+00,9.984749555587768555e-01
3.846249999999999858e+01,2.416670148773948483e+02,-7.964130491018295288e-02,-7.972498983144760132e-02,1.000038146972656250e+00,9.984734654426574707e-01
3.847500000000000142e+01,2.417455546937345900e+02,8.153402060270309448e-02,7.344269007444381714e-02,1.000038146972656250e+00,9.984719157218933105e-01
3.848750000000000426e+01,2.418240945100743318e+02,2.345030009746551514e-01,2.345076203346252441e-01,1.000038146972656250e+00,9.984704256057739258e-01
3.850000000000000000e+01,2.419026343264140735e+02,-4.225575830787420273e-03,3.909287508577108383e-03,1.000038146972656250e+00,9.984687566757202148e-01
3.851250000000000284e+01,2.419811741427538152e+02,-2.345039099454879761e-01,-2.345067560672760010e-01,1.000038266181945801e+00,9.984673261642456055e-01
3.852499999999999858e+01,2.420597139590935569e+02,-7.311302423477172852e-02,-8.123571425676345825e-02,1.000038266181945801e+00,9.984657168388366699e-01
3.853750000000000142e+01,2.421382537754332986e+02,7.972450554370880127e-02,7.964991778135299683e-02,1.000038266181945801e+00,9.984642267227172852e-01
3.854999999999999716e+01,2.422167935917730404e+02,-1.527387499809265137e-01,-1.446787267923355103e-01,1.000038385391235352e+00,9.984627366065979004e-01
3.856250000000000000e+01,2.422953334081127821e+02,-3.835186362266540527e-01,-3.831344246864318848e-01,1.000038385391235352e+00,9.984613656997680664e-01
3.857500000000000284e+01,2.423738732244525522e+02,-2.407149523496627808e-01,-2.486408501863479614e-01,1.000038385391235352e+00,9.984599947929382324e-01
3.858749999999999858e+01,2.424524130407922939e+02,-7.822955399751663208e-02,-7.929258793592453003e-02,1.000038504600524902e+00,9.984586834907531738e-01
3.860000000000000142e+01,2.425309528571320357e+02,-2.690258026123046875e-01,-2.613921761512756348e-01,1.000038504600524902e+00,9.984574317932128906e-01
3.861249999999999716e+01,2.426094926734717774e+02,-5.165882110595703125e-01,-5.143942832946777344e-01,1.000038623809814453e+00,9.984563589096069336e-01
3.862500000000000000e+01,2.426880324898115191e+02,-4.414482414722442627e-01,-4.484459757804870605e-01,1.000038623809814453e+00,9.984552860260009766e-01
3.863750000000000284e+01,2.427665723061512608e+02,-2.543104887008666992e-01,-2.580789327621459961e-01,1.000038623809814453e+00,9.984543919563293457e-01
3.864999999999999858e+01,2.428451121224910025e+02,-3.366062641143798828e-01,-3.309405744075775146e-01,1.000038623809814453e+00,9.984535574913024902e-01
3.866250000000000142e+01,2.429236519388307443e+02,-5.913587212562561035e-01,-5.858559012413024902e-01,1.000038504600524902e+00,9.984528422355651855e-01
3.867499999999999716e+01,2.430021917551704860e+02,-6.583679318428039551e-01,-6.616206765174865723e-01,1.000038623809814453e+00,9.984521269798278809e-01
3.868750000000000000e+01,2.430807315715102561e+02,-5.029868483543395996e-01,-5.096578001976013184e-01,1.000038623809814453e+00,9.984516501426696777e-01
3.870000000000000284e+01,2.431592713878499978e+02,-4.167257249355316162e-01,-4.170649945735931396e-01,1.000038623809814453e+00,9.984511137008666992e-01
3.871249999999999858e+01,2.432378112041897396e+02,-5.534332394599914551e-01,-5.473941564559936523e-01,1.000038743019104004e+00,9.984506368637084961e-01
3.872500000000000142e+01,2.433163510205294813e+02,-7.493932247161865234e-01,-7.452162504196166992e-01,1.000038743019104004e+00,9.984503984451293945e-01
3.873749999999999716e+01,2.433948908368692230e+02,-7.934514284133911133e-01,-7.960559725761413574e-01,1.000038743019104004e+00,9.984501004219055176e-01
3.875000000000000000e+01,2.434734306532089647e+02,-6.887396574020385742e-01,-6.945854425430297852e-01,1.000038743019104004e+00,9.984499216079711914e-01
3.876249999999999574e+01,2.435519704695487064e+02,-5.990446209907531738e-01,-6.016548871994018555e-01,1.000038623809814453e+00,9.984497427940368652e-01
3.877499999999999858e+01,2.436305102858884482e+02,-6.369833946228027344e-01,-6.341474652290344238e-01,1.000038743019104004e+00,9.984495043754577637e-01
3.878750000000000142e+01,2.437090501022281899e+02,-7.681680917739868164e-01,-7.630454301834106445e-01,1.000038743019104004e+00,9.984494447708129883e-01
3.880000000000000426e+01,2.437875899185679600e+02,-8.849607706069946289e-01,-8.820102810859680176e-01,1.000038743019104004e+00,9.984493255615234375e-01
3.881250000000000000e+01,2.438661297349077017e+02,-9.189411401748657227e-01,-9.200400710105895996e-01,1.000038743019104004e+00,9.984492659568786621e-01
3.882500000000000284e+01,2.439446695512474435e+02,-8.802671432495117188e-01,-8.840998411178588867e-01,1.000038862228393555e+00,9.984492659568786621e-01
3.883749999999999858e+01,2.440232093675871852e+02,-8.226048350334167480e-01,-8.265128135681152344e-01,1.000038743019104004e+00,9.984492063522338867e-01
3.885000000000000142e+01,2.441017491839269269e+02,-7.921113967895507812e-01,-7.941113710403442383e-01,1.000038743019104004e+00,9.984492063522338867e-01
3.886249999999999716e+01,2.441802890002666686e+02,-8.032094240188598633e-01,-8.028062582015991211e-01,1.000038862228393555e+00,9.984492063522338867e-01
3.887500000000000000e+01,2.442588288166064103e+02,-8.441837430000305176e-01,-8.420343995094299316e-01,1.000038743019104004e+00,9.984492063522338867e-01
3.888749999999999574e+01,2.443373686329461520e+02,-8.945661783218383789e-01,-8.917236924171447754e-01,1.000038743019104004e+00,9.984491467475891113e-01
3.889999999999999858e+01,2.444159084492858938e+02,-9.385095238685607910e-01,-9.358373880386352539e-01,1.000038743019104004e+00,9.984491467475891113e-01
3.891249999999999432e+01,2.444944482656256355e+02,-9.692077040672302246e-01,-9.671556949615478516e-01,1.000038862228393555e+00,9.984492063522338867e-01
3.892500000000000426e+01,2.445729880819654056e+02,-9.870046377182006836e-01,-9.856588244438171387e-01,1.000038743019104004e+00,9.984492659568786621e-01
3.893750000000000000e+01,2.446515278983051473e+02,-9.955676198005676270e-01,-9.948051571846008301e-01,1.000038743019104004e+00,9.984492659568786621e-01
3.895000000000000284e+01,2.447300677146448891e+02,-9.988818168640136719e-01,-9.985138177871704102e-01,1.000038743019104004e+00,9.984492659568786621e-01
3.896249999999999858e+01,2.448086075309846308e+02,-9.998311996459960938e-01,-9.996876716613769531e-01,1.000038743019104004e+00,9.984492063522338867e-01
3.897500000000000142e+01,2.448871473473243725e+02,-9.999909400939941406e-01,-9.999522566795349121e-01,1.000038743019104004e+00,9.984492659568786621e-01
3.898749999999999716e+01,2.449656871636641142e+02,-9.999930858612060547e-01,-9.999895691871643066e-01,1.000038743019104004e+00,9.984492659568786621e-01
3.900000000000000000e+01,2.450442269800038559e+02,-9.999908208847045898e-01,-9.999921321868896484e-01,1.000038743019104004e+00,9.984492659568786621e-01
3.901249999999999574e+01,2.451227667963435977e+02,-9.999879598617553711e-01,-9.999941587448120117e-01,1.000038743019104004e+00,9.984492659568786621e-01
3.902499999999999858e+01,2.452013066126833394e+02,-9.999489784240722656e-01,-9.999904632568359375e-01,1.000038743019104004e+00,9.984492063522338867e-01
3.903750000000000142e+01,2.452798464290231095e+02,-9.996797442436218262e-01,-9.998259544372558594e-01,1.000038862228393555e+00,9.984491467475891113e-01
3.905000000000000426e+01,2.453583862453628512e+02,-9.984962344169616699e-01,-9.988667964935302734e-01,1.000038862228393555e+00,9.984492063522338867e-01
3.906250000000000000e+01,2.454369260617025930e+02,-9.947715997695922852e-01,-9.955366849899291992e-01,1.000038981437683105e+00,9.984492063522338867e-01
3.907500000000000284e+01,2.455154658780423347e+02,-9.856030344963073730e-01,-9.869513511657714844e-01,1.000038862228393555e+00,9.984492063522338867e-01
3.908749999999999858e+01,2.455940056943820764e+02,-9.670760035514831543e-01,-9.691296219825744629e-01,1.000038981437683105e+00,9.984492063522338867e-01
3.910000000000000142e+01,2.456725455107218181e+02,-9.357420206069946289e-01,-9.384141564369201660e-01,1.000038981437683105e+00,9.984491467475891113e-01
3.911249999999999716e+01,2.457510853270615598e+02,-8.916331529617309570e-01,-8.944748640060424805e-01,1.000038981437683105e+00,9.984492063522338867e-01
3.912500000000000000e+01,2.458296251434013016e+02,-8.419831991195678711e-01,-8.441331386566162109e-01,1.000038981437683105e+00,9.984492063522338867e-01
3.913749999999999574e+01,2.459081649597410433e+02,-8.028309345245361328e-01,-8.032373189926147461e-01,1.000038981437683105e+00,9.984491467475891113e-01
3.914999999999999858e+01,2.459867047760808134e+02,-7.942257523536682129e-01,-7.922331690788269043e-01,1.000038981437683105e+00,9.984491467475891113e-01
3.916250000000000142e+01,2.460652445924205551e+02,-8.266820311546325684e-01,-8.227857947349548340e-01,1.000038981437683105e+00,9.984491467475891113e-01
3.917500000000000426e+01,2.461437844087602969e+02,-8.842386007308959961e-01,-8.804180622100830078e-01,1.000038981437683105e+00,9.984492063522338867e-01
3.918750000000000000e+01,2.462223242251000386e+02,-9.200537204742431641e-01,-9.189614653587341309e-01,1.000038981437683105e+00,9.984490871429443359e-01
3.920000000000000284e+01,2.463008640414397803e+02,-8.818731307983398438e-01,-8.848237991333007812e-01,1.000038981437683105e+00,9.984490275382995605e-01
3.921249999999999858e+01,2.463794038577795220e+02,-7.628579735755920410e-01,-7.679769992828369141e-01,1.000038981437683105e+00,9.984490275382995605e-01
3.922500000000000142e+01,2.464579436741192637e+02,-6.340853571891784668e-01,-6.369191408157348633e-01,1.000039100646972656e+00,9.984488487243652344e-01
3.923749999999999716e+01,2.465364834904590055e+02,-6.018043756484985352e-01,-5.992013812065124512e-01,1.000039100646972656e+00,9.984487891197204590e-01
3.925000000000000000e+01,2.466150233067987472e+02,-6.948176026344299316e-01,-6.889840960502624512e-01,1.000038981437683105e+00,9.984485507011413574e-01
3.926250000000000284e+01,2.466935631231385173e+02,-7.961175441741943359e-01,-7.935226559638977051e-01,1.000039100646972656e+00,9.984483718872070312e-01
3.927499999999999858e+01,2.467721029394782590e+02,-7.450194954872131348e-01,-7.492022514343261719e-01,1.000039100646972656e+00,9.984480142593383789e-01
3.928750000000000142e+01,2.468506427558180008e+02,-5.471832752227783203e-01,-5.532232522964477539e-01,1.000039100646972656e+00,9.984477162361145020e-01
3.929999999999999716e+01,2.469291825721577425e+02,-4.171438217163085938e-01,-4.167998433113098145e-01,1.000039100646972656e+00,9.984472990036010742e-01
3.931250000000000000e+01,2.470077223884974842e+02,-5.099455714225769043e-01,-5.032659173011779785e-01,1.000039100646972656e+00,9.984468221664428711e-01
3.932500000000000284e+01,2.470862622048372259e+02,-6.617032289505004883e-01,-6.584524512290954590e-01,1.000039219856262207e+00,9.984462261199951172e-01
3.933749999999999858e+01,2.471648020211769676e+02,-5.855914354324340820e-01,-5.911259055137634277e-01,1.000039100646972656e+00,9.984456300735473633e-01
3.935000000000000142e+01,2.472433418375167093e+02,-3.307499289512634277e-01,-3.364402353763580322e-01,1.000039100646972656e+00,9.984447956085205078e-01
3.936249999999999716e+01,2.473218816538564511e+02,-2.583054900169372559e-01,-2.545010745525360107e-01,1.000039219856262207e+00,9.984439611434936523e-01
3.937500000000000000e+01,2.474004214701962212e+02,-4.487277865409851074e-01,-4.416805505752563477e-01,1.000039219856262207e+00,9.984430074691772461e-01
3.938750000000000284e+01,2.474789612865359629e+02,-5.142321586608886719e-01,-5.164632797241210938e-01,1.000039100646972656e+00,9.984419345855712891e-01
3.939999999999999858e+01,2.475575011028757046e+02,-2.610647082328796387e-01,-2.687867283821105957e-01,1.000039219856262207e+00,9.984408617019653320e-01
3.941250000000000142e+01,2.476360409192154464e+02,-7.941482216119766235e-02,-7.832756638526916504e-02,1.000039219856262207e+00,9.984396100044250488e-01
3.942499999999999716e+01,2.477145807355551881e+02,-2.490101158618927002e-01,-2.409635633230209351e-01,1.000039339065551758e+00,9.984382390975952148e-01
3.943750000000000000e+01,2.477931205518949298e+02,-3.830482959747314453e-01,-3.834484517574310303e-01,1.000039339065551758e+00,9.984368085861206055e-01
3.944999999999999574e+01,2.478716603682346715e+02,-1.442874670028686523e-01,-1.525021940469741821e-01,1.000039339065551758e+00,9.984353184700012207e-01
3.946249999999999858e+01,2.479502001845744132e+02,7.957426458597183228e-02,7.965987175703048706e-02,1.000039458274841309e+00,9.984338879585266113e-01
3.947500000000000142e+01,2.480287400009141550e+02,-8.164893835783004761e-02,-7.334051281213760376e-02,1.000039458274841309e+00,9.984322786331176758e-01
3.948750000000000426e+01,2.481072798172539251e+02,-2.344361990690231323e-01,-2.344416528940200806e-01,1.000039458274841309e+00,9.984307289123535156e-01
3.950000000000000000e+01,2.481858196335936668e+02,4.337013233453035355e-03,-4.012717865407466888e-03,1.000039458274841309e+00,9.984291195869445801e-01
3.951250000000000284e+01,2.482643594499334085e+02,2.344357222318649292e-01,2.344404160976409912e-01,1.000039458274841309e+00,9.984275102615356445e-01
3.952499999999999858e+01,2.483428992662731503e+02,7.299987971782684326e-02,8.133932948112487793e-02,1.000039458274841309e+00,9.984259009361267090e-01
3.953750000000000142e+01,2.484214390826128920e+02,-7.965309172868728638e-02,-7.958135753870010376e-02,1.000039458274841309e+00,9.984244704246520996e-01
3.954999999999999716e+01,2.484999788989526337e+02,1.528578251600265503e-01,1.445800065994262695e-01,1.000039458274841309e+00,9.984229803085327148e-01
3.956250000000000000e+01,2.485785187152923754e+02,3.834541738033294678e-01,3.830662965774536133e-01,1.000039577484130859e+00,9.984214901924133301e-01
3.957499999999999574e+01,2.486570585316321171e+02,2.405995130538940430e-01,2.487383484840393066e-01,1.000039577484130859e+00,9.984201192855834961e-01
3.958749999999999858e+01,2.487355983479718589e+02,7.828957587480545044e-02,7.937290519475936890e-02,1.000039696693420410e+00,9.984188675880432129e-01
3.959999999999999432e+01,2.488141381643116006e+02,2.691502869129180908e-01,2.613125145435333252e-01,1.000039696693420410e+00,9.984176754951477051e-01
3.961250000000000426e+01,2.488926779806513707e+02,5.165588259696960449e-01,5.143104791641235352e-01,1.000039815902709961e+00,9.984166026115417480e-01
3.962500000000000000e+01,2.489712177969911124e+02,4.413330852985382080e-01,4.485151469707489014e-01,1.000039815902709961e+00,9.984155893325805664e-01
3.963750000000000284e+01,2.490497576133308542e+02,2.543183267116546631e-01,2.581863999366760254e-01,1.000039815902709961e+00,9.984145760536193848e-01
3.964999999999999858e+01,2.491282974296705959e+02,3.367285132408142090e-01,3.309153616428375244e-01,1.000039935111999512e+00,9.984138011932373047e-01
3.966250000000000142e+01,2.492068372460103376e+02,5.913996100425720215e-01,5.857549309730529785e-01,1.000039935111999512e+00,9.984130263328552246e-01
3.967499999999999716e+01,2.492853770623500793e+02,6.582798957824707031e-01,6.616154313087463379e-01,1.000039935111999512e+00,9.984123706817626953e-01
3.968750000000000000e+01,2.493639168786898210e+02,5.029212832450866699e-01,5.097609758377075195e-01,1.000039935111999512e+00,9.984118342399597168e-01
3.969999999999999574e+01,2.494424566950295628e+02,4.167838394641876221e-01,4.171329140663146973e-01,1.000039935111999512e+00,9.984113574028015137e-01
3.971249999999999858e+01,2.495209965113693045e+02,5.535389780998229980e-01,5.473471283912658691e-01,1.000040054321289062e+00,9.984108805656433105e-01
3.972500000000000142e+01,2.495995363277090746e+02,7.494183182716369629e-01,7.451336383819580078e-01,1.000040054321289062e+00,9.984104633331298828e-01
3.973750000000000426e+01,2.496780761440488163e+02,7.933804392814636230e-01,7.960510849952697754e-01,1.000040054321289062e+00,9.984101057052612305e-01
3.975000000000000000e+01,2.497566159603885581e+02,6.886733174324035645e-01,6.946671605110168457e-01,1.000040054321289062e+00,9.984100461006164551e-01
3.976250000000000284e+01,2.498351557767282998e+02,5.990636944770812988e-01,6.017384529113769531e-01,1.000040054321289062e+00,9.984098076820373535e-01
3.977499999999999858e+01,2.499136955930680415e+02,6.370691061019897461e-01,6.341607570648193359e-01,1.000040054321289062e+00,9.984096288681030273e-01
3.978750000000000142e+01,2.499922354094077832e+02,7.682461738586425781e-01,7.629933953285217285e-01,1.000040173530578613e+00,9.984095096588134766e-01
3.979999999999999716e+01,2.500707752257475249e+02,8.849757909774780273e-01,8.819519281387329102e-01,1.000040054321289062e+00,9.984093904495239258e-01
3.981250000000000000e+01,2.501493150420872666e+02,9.188997149467468262e-01,9.200274348258972168e-01,1.000040054321289062e+00,9.984093308448791504e-01
3.982499999999999574e+01,2.502278548584270084e+02,8.802132010459899902e-01,8.841425776481628418e-01,1.000040054321289062e+00,9.984092712402343750e-01
3.983749999999999858e+01,2.503063946747667785e+02,8.225775361061096191e-01,8.265838027000427246e-01,1.000040054321289062e+00,9.984092116355895996e-01
3.985000000000000142e+01,2.503849344911065202e+02,7.921260595321655273e-01,7.941759228706359863e-01,1.000040054321289062e+00,9.984092116355895996e-01
3.986250000000000426e+01,2.504634743074462619e+02,8.032568097114562988e-01,8.028426766395568848e-01,1.000040054321289062e+00,9.984091520309448242e-01
3.987500000000000000e+01,2.505420141237860037e+02,8.442440032958984375e-01,8.420399427413940430e-01,1.000040054321289062e+00,9.984091520309448242e-01
3.988750000000000284e+01,2.506205539401257454e+02,8.946219682693481445e-01,8.917076587677001953e-01,1.000040054321289062e+00,9.984091520309448242e-01
3.989999999999999858e+01,2.506990937564654871e+02,9.385523796081542969e-01,9.358123540878295898e-01,1.000040054321289062e+00,9.984092116355895996e-01
3.991250000000000142e+01,2.507776335728052288e+02,9.692350029945373535e-01,9.671309590339660645e-01,1.000040054321289062e+00,9.984092712402343750e-01
3.992499999999999716e+01,2.508561733891449705e+02,9.870197772979736328e-01,9.856397509574890137e-01,1.000040054321289062e+00,9.984092712402343750e-01
3.993750000000000000e+01,2.509347132054847123e+02,9.955745935440063477e-01,9.947926998138427734e-01,1.000040054321289062e+00,9.984092712402343750e-01
3.995000000000000284e+01,2.510132530218244824e+02,9.988842606544494629e-01,9.985069632530212402e-01,1.000040054321289062e+00,9.984092712402343750e-01
3.996249999999999858e+01,2.510917928381642241e+02,9.998316764831542969e-01,9.996845722198486328e-01,1.000040054321289062e+00,9.984092712402343750e-01
3.997500000000000142e+01,2.511703326545039658e+02,9.999908208847045898e-01,9.999510049819946289e-01,1.000040054321289062e+00,9.984093308448791504e-01
3.998749999999999716e+01,2.512488724708437076e+02,9.999926090240478516e-01,9.999890327453613281e-01,1.000040054321289062e+00,9.984092712402343750e-01
4.000000000000000000e+01,2.513274122871834493e+02,9.999903440475463867e-01,9.999917745590209961e-01,1.000040054321289062e+00,9.984092712402343750e-01
