t_over_T,t,sigma_x_magnus4,sigma_x_rk4,norm_magnus4,norm_rk4
0.000000000000000000e+00,0.000000000000000000e+00,1.000000000000000000e+00,1.000000000000000000e+00,9.999999403953552246e-01,9.999999403953552246e-01
1.250000000000000069e-02,7.853981633974482790e-02,9.999996423721313477e-01,9.999996423721313477e-01,9.999999403953552246e-01,9.999999403953552246e-01
2.500000000000000139e-02,1.570796326794896558e-01,9.999783039093017578e-01,9.999783635139465332e-01,9.999999403953552246e-01,9.999999403953552246e-01
3.749999999999999861e-02,2.356194490192344837e-01,9.997553825378417969e-01,9.997555017471313477e-01,1.000000000000000000e+00,9.999998807907104492e-01
5.000000000000000278e-02,3.141592653589793116e-01,9.986481070518493652e-01,9.986480474472045898e-01,1.000000000000000000e+00,9.999998807907104492e-01
6.250000000000000000e-02,3.926990816987241395e-01,9.949977993965148926e-01,9.949977993965148926e-01,1.000000000000000000e+00,9.999999403953552246e-01
7.499999999999999722e-02,4.712388980384689674e-01,9.858237504959106445e-01,9.858236312866210938e-01,1.000000000000000000e+00,9.999998807907104492e-01
8.749999999999999445e-02,5.497787143782137953e-01,9.671075940132141113e-01,9.671071767807006836e-01,1.000000000000000000e+00,9.999998211860656738e-01
1.000000000000000056e-01,6.283185307179586232e-01,9.353694319725036621e-01,9.353687763214111328e-01,1.000000000000000000e+00,9.999998211860656738e-01
1.125000000000000028e-01,7.068583470577034511e-01,8.908599615097045898e-01,8.908591866493225098e-01,1.000000000000000000e+00,9.999998807907104492e-01
1.250000000000000000e-01,7.853981633974482790e-01,8.414142727851867676e-01,8.414139747619628906e-01,9.999999403953552246e-01,9.999998807907104492e-01
1.375000000000000111e-01,8.639379797371931069e-01,8.038758039474487305e-01,8.038768172264099121e-01,1.000000000000000000e+00,9.999998807907104492e-01
1.499999999999999944e-01,9.424777960769379348e-01,7.985307574272155762e-01,7.985337376594543457e-01,9.999999403953552246e-01,9.999998807907104492e-01
1.625000000000000056e-01,1.021017612416682763e+00,8.344126343727111816e-01,8.344172239303588867e-01,1.000000000000000000e+00,9.999998211860656738e-01
1.749999999999999889e-01,1.099557428756427591e+00,8.920498490333557129e-01,8.920540809631347656e-01,1.000000000000000000e+00,9.999997615814208984e-01
1.875000000000000000e-01,1.178097245096172418e+00,9.213253259658813477e-01,9.213266968727111816e-01,1.000000000000000000e+00,9.999996423721313477e-01
2.000000000000000111e-01,1.256637061435917246e+00,8.717406392097473145e-01,8.717382550239562988e-01,1.000000000000000000e+00,9.999996423721313477e-01
2.124999999999999944e-01,1.335176877775662074e+00,7.460383176803588867e-01,7.460347414016723633e-01,1.000000119209289551e+00,9.999995231628417969e-01
2.250000000000000056e-01,1.413716694115406902e+00,6.264372467994689941e-01,6.264370083808898926e-01,1.000000119209289551e+00,9.999994039535522461e-01
2.374999999999999889e-01,1.492256510455151730e+00,6.168503165245056152e-01,6.168549060821533203e-01,1.000000119209289551e+00,9.999992847442626953e-01
2.500000000000000000e-01,1.570796326794896558e+00,7.230253219604492188e-01,7.230308651924133301e-01,1.000000119209289551e+00,9.999991655349731445e-01
2.625000000000000111e-01,1.649336143134641386e+00,8.049668073654174805e-01,8.049688935279846191e-01,1.000000119209289551e+00,9.999989867210388184e-01
2.750000000000000222e-01,1.727875959474386214e+00,7.159782648086547852e-01,7.159780859947204590e-01,1.000000238418579102e+00,9.999986290931701660e-01
2.874999999999999778e-01,1.806415775814131042e+00,5.120795369148254395e-01,5.120804905891418457e-01,1.000000238418579102e+00,9.999982714653015137e-01
2.999999999999999889e-01,1.884955592153875870e+00,4.291346967220306396e-01,4.291350841522216797e-01,1.000000238418579102e+00,9.999977946281433105e-01
3.125000000000000000e-01,1.963495408493620697e+00,5.623791217803955078e-01,5.623756051063537598e-01,1.000000238418579102e+00,9.999971985816955566e-01
3.250000000000000111e-01,2.042035224833365525e+00,6.766591668128967285e-01,6.766597628593444824e-01,1.000000238418579102e+00,9.999966025352478027e-01
3.375000000000000222e-01,2.120575041173110353e+00,5.289714336395263672e-01,5.289846062660217285e-01,1.000000119209289551e+00,9.999957680702209473e-01
3.499999999999999778e-01,2.199114857512855181e+00,2.896139323711395264e-01,2.896223664283752441e-01,1.000000238418579102e+00,9.999949336051940918e-01
3.624999999999999889e-01,2.277654673852600009e+00,3.120288550853729248e-01,3.120110929012298584e-01,1.000000238418579102e+00,9.999939203262329102e-01
3.750000000000000000e-01,2.356194490192344837e+00,5.130429267883300781e-01,5.130261182785034180e-01,1.000000357627868652e+00,9.999929070472717285e-01
3.875000000000000111e-01,2.434734306532089665e+00,4.665697515010833740e-01,4.665956795215606689e-01,1.000000238418579102e+00,9.999917149543762207e-01
4.000000000000000222e-01,2.513274122871834493e+00,1.782749742269515991e-01,1.783063262701034546e-01,1.000000238418579102e+00,9.999904632568359375e-01
4.124999999999999778e-01,2.591813939211579321e+00,1.230767741799354553e-01,1.230450645089149475e-01,1.000000357627868652e+00,9.999890923500061035e-01
4.249999999999999889e-01,2.670353755551324149e+00,3.475784063339233398e-01,3.475342988967895508e-01,1.000000357627868652e+00,9.999876022338867188e-01
4.375000000000000000e-01,2.748893571891068976e+00,3.401863873004913330e-01,3.402286767959594727e-01,1.000000357627868652e+00,9.999859929084777832e-01
4.500000000000000111e-01,2.827433388230813804e+00,3.273718431591987610e-02,3.279594331979751587e-02,1.000000357627868652e+00,9.999843835830688477e-01
4.625000000000000222e-01,2.905973204570558632e+00,-3.303692862391471863e-02,-3.309113532304763794e-02,1.000000357627868652e+00,9.999827742576599121e-01
4.749999999999999778e-01,2.984513020910303460e+00,2.043517529964447021e-01,2.042815089225769043e-01,1.000000357627868652e+00,9.999809265136718750e-01
4.874999999999999889e-01,3.063052837250048288e+00,1.810649782419204712e-01,1.811355799436569214e-01,1.000000476837158203e+00,9.999791383743286133e-01
5.000000000000000000e-01,3.141592653589793116e+00,-1.362057924270629883e-01,-1.361258178949356079e-01,1.000000476837158203e+00,9.999774098396301270e-01
5.124999999999999556e-01,3.220132469929537944e+00,-1.727507114410400391e-01,-1.728391647338867188e-01,1.000000476837158203e+00,9.999756217002868652e-01
5.250000000000000222e-01,3.298672286269282772e+00,6.675511598587036133e-02,6.666773557662963867e-02,1.000000476837158203e+00,9.999738335609436035e-01
5.374999999999999778e-01,3.377212102609027600e+00,1.094738580286502838e-02,1.105278637260198593e-02,1.000000596046447754e+00,9.999722242355346680e-01
5.500000000000000444e-01,3.455751918948772428e+00,-3.005247712135314941e-01,-3.004311323165893555e-01,1.000000596046447754e+00,9.999706149101257324e-01
5.625000000000000000e-01,3.534291735288517255e+00,-3.126378655433654785e-01,-3.127579092979431152e-01,1.000000596046447754e+00,9.999688863754272461e-01
5.749999999999999556e-01,3.612831551628262083e+00,-8.391944319009780884e-02,-8.402314037084579468e-02,1.000000596046447754e+00,9.999673366546630859e-01
5.875000000000000222e-01,3.691371367968006911e+00,-1.428833156824111938e-01,-1.427575200796127319e-01,1.000000596046447754e+00,9.999659061431884766e-01
5.999999999999999778e-01,3.769911184307751739e+00,-4.372010231018066406e-01,-4.370837509632110596e-01,1.000000715255737305e+00,9.999645352363586426e-01
6.125000000000000444e-01,3.848451000647496567e+00,-4.718278348445892334e-01,-4.719504415988922119e-01,1.000000596046447754e+00,9.999631643295288086e-01
6.250000000000000000e-01,3.926990816987241395e+00,-2.625862360000610352e-01,-2.627273201942443848e-01,1.000000596046447754e+00,9.999620318412780762e-01
6.374999999999999556e-01,4.005530633326985779e+00,-2.618650496006011963e-01,-2.617665529251098633e-01,1.000000476837158203e+00,9.999609589576721191e-01
6.500000000000000222e-01,4.084070449666731051e+00,-5.189521908760070801e-01,-5.187873244285583496e-01,1.000000596046447754e+00,9.999600648880004883e-01
6.625000000000000888e-01,4.162610266006476323e+00,-6.415975093841552734e-01,-6.416509747505187988e-01,1.000000596046447754e+00,9.999591708183288574e-01
6.750000000000000444e-01,4.241150082346220707e+00,-4.964636564254760742e-01,-4.966481328010559082e-01,1.000000596046447754e+00,9.999584555625915527e-01
6.874999999999998890e-01,4.319689898685965090e+00,-3.839633762836456299e-01,-3.839875459671020508e-01,1.000000715255737305e+00,9.999577999114990234e-01
6.999999999999999556e-01,4.398229715025710362e+00,-5.163048505783081055e-01,-5.161386132240295410e-01,1.000000596046447754e+00,9.999572038650512695e-01
7.125000000000000222e-01,4.476769531365455634e+00,-7.248834967613220215e-01,-7.247731089591979980e-01,1.000000596046447754e+00,9.999567866325378418e-01
7.249999999999999778e-01,4.555309347705200018e+00,-7.619687914848327637e-01,-7.620618939399719238e-01,1.000000596046447754e+00,9.999563694000244141e-01
7.374999999999999334e-01,4.633849164044944402e+00,-6.395770311355590820e-01,-6.397450566291809082e-01,1.000000596046447754e+00,9.999560117721557617e-01
7.500000000000000000e-01,4.712388980384689674e+00,-5.587550997734069824e-01,-5.587955117225646973e-01,1.000000715255737305e+00,9.999557733535766602e-01
7.625000000000000666e-01,4.790928796724434946e+00,-6.331982016563415527e-01,-6.330787539482116699e-01,1.000000596046447754e+00,9.999555945396423340e-01
7.750000000000000222e-01,4.869468613064179330e+00,-7.882524132728576660e-01,-7.881109714508056641e-01,1.000000596046447754e+00,9.999554157257080078e-01
7.874999999999999778e-01,4.948008429403923714e+00,-8.868050575256347656e-01,-8.867768049240112305e-01,1.000000596046447754e+00,9.999552369117736816e-01
8.000000000000000444e-01,5.026548245743668986e+00,-8.751539587974548340e-01,-8.752501010894775391e-01,1.000000596046447754e+00,9.999551773071289062e-01
8.125000000000001110e-01,5.105088062083414258e+00,-8.032389283180236816e-01,-8.033704161643981934e-01,1.000000596046447754e+00,9.999551773071289062e-01
8.249999999999999556e-01,5.183627878423158641e+00,-7.506543993949890137e-01,-7.507272362709045410e-01,1.000000596046447754e+00,9.999551177024841309e-01
8.374999999999999112e-01,5.262167694762903025e+00,-7.583882808685302734e-01,-7.583690881729125977e-01,1.000000596046447754e+00,9.999551177024841309e-01
8.499999999999999778e-01,5.340707511102648297e+00,-8.161789774894714355e-01,-8.160946965217590332e-01,1.000000596046447754e+00,9.999551177024841309e-01
8.625000000000000444e-01,5.419247327442393569e+00,-8.892299532890319824e-01,-8.891316056251525879e-01,1.000000596046447754e+00,9.999550580978393555e-01
8.750000000000000000e-01,5.497787143782137953e+00,-9.478642940521240234e-01,-9.477921724319458008e-01,1.000000715255737305e+00,9.999550580978393555e-01
8.874999999999999556e-01,5.576326960121882337e+00,-9.803078174591064453e-01,-9.802784323692321777e-01,1.000000715255737305e+00,9.999549984931945801e-01
9.000000000000000222e-01,5.654866776461627609e+00,-9.898315668106079102e-01,-9.898412227630615234e-01,1.000000834465026855e+00,9.999550580978393555e-01
9.125000000000000888e-01,5.733406592801372881e+00,-9.860314130783081055e-01,-9.860668182373046875e-01,1.000000834465026855e+00,9.999550580978393555e-01
9.250000000000000444e-01,5.811946409141117265e+00,-9.778200984001159668e-01,-9.778677821159362793e-01,1.000000834465026855e+00,9.999550580978393555e-01
9.374999999999998890e-01,5.890486225480861648e+00,-9.704971909523010254e-01,-9.705480933189392090e-01,1.000000715255737305e+00,9.999551177024841309e-01
9.499999999999999556e-01,5.969026041820606920e+00,-9.658886194229125977e-01,-9.659380912780761719e-01,1.000000715255737305e+00,9.999551177024841309e-01
9.625000000000000222e-01,6.047565858160352192e+00,-9.637301564216613770e-01,-9.637769460678100586e-01,1.000000715255737305e+00,9.999551177024841309e-01
9.749999999999999778e-01,6.126105674500096576e+00,-9.630279541015625000e-01,-9.630727767944335938e-01,1.000000715255737305e+00,9.999551177024841309e-01
9.874999999999999334e-01,6.204645490839840960e+00,-9.629020690917968750e-01,-9.629459381103515625e-01,1.000000715255737305e+00,9.999550580978393555e-01
1.000000000000000000e+00,6.283185307179586232e+00,-9.628958106040954590e-01,-9.629395604133605957e-01,1.000000715255737305e+00,9.999550580978393555e-01
1.012500000000000178e+00,6.361725123519331504e+00,-9.628890156745910645e-01,-9.629324078559875488e-01,1.000000715255737305e+00,9.999551177024841309e-01
1.024999999999999911e+00,6.440264939859075888e+00,-9.627220034599304199e-01,-9.627646207809448242e-01,1.000000596046447754e+00,9.999551177024841309e-01
1.037499999999999867e+00,6.518804756198820272e+00,-9.615906476974487305e-01,-9.616311192512512207e-01,1.000000596046447754e+00,9.999551177024841309e-01
1.050000000000000044e+00,6.597344572538565544e+00,-9.572995305061340332e-01,-9.573373794555664062e-01,1.000000596046447754e+00,9.999551177024841309e-01
1.062500000000000000e+00,6.675884388878310816e+00,-9.456612467765808105e-01,-9.456972479820251465e-01,1.000000715255737305e+00,9.999549984931945801e-01
1.074999999999999956e+00,6.754424205218055199e+00,-9.206710457801818848e-01,-9.207091331481933594e-01,1.000000715255737305e+00,9.999550580978393555e-01
1.087499999999999911e+00,6.832964021557799583e+00,-8.764161467552185059e-01,-8.764644861221313477e-01,1.000000715255737305e+00,9.999550580978393555e-01
1.100000000000000089e+00,6.911503837897544855e+00,-8.114948868751525879e-01,-8.115658164024353027e-01,1.000000715255737305e+00,9.999551177024841309e-01
1.112500000000000044e+00,6.990043654237290127e+00,-7.353026270866394043e-01,-7.354084253311157227e-01,1.000000715255737305e+00,9.999551177024841309e-01
1.125000000000000000e+00,7.068583470577034511e+00,-6.725243330001831055e-01,-6.726693511009216309e-01,1.000000715255737305e+00,9.999551177024841309e-01
1.137499999999999956e+00,7.147123286916778895e+00,-6.588674187660217285e-01,-6.590381860733032227e-01,1.000000715255737305e+00,9.999549984931945801e-01
1.149999999999999911e+00,7.225663103256524167e+00,-7.216250896453857422e-01,-7.217851281166076660e-01,1.000000715255737305e+00,9.999550580978393555e-01
1.162500000000000089e+00,7.304202919596269439e+00,-8.485167622566223145e-01,-8.486180901527404785e-01,1.000000715255737305e+00,9.999549388885498047e-01
1.175000000000000044e+00,7.382742735936013823e+00,-9.672476649284362793e-01,-9.672612547874450684e-01,1.000000715255737305e+00,9.999548792839050293e-01
1.187500000000000000e+00,7.461282552275758206e+00,-9.710415601730346680e-01,-9.709932804107666016e-01,1.000000715255737305e+00,9.999548792839050293e-01
1.199999999999999956e+00,7.539822368615503478e+00,-8.036369085311889648e-01,-8.036121129989624023e-01,1.000000715255737305e+00,9.999548196792602539e-01
1.212500000000000133e+00,7.618362184955248750e+00,-5.499093532562255859e-01,-5.499958395957946777e-01,1.000000596046447754e+00,9.999547600746154785e-01
1.225000000000000089e+00,7.696902001294993134e+00,-4.181352555751800537e-01,-4.183312356472015381e-01,1.000000715255737305e+00,9.999545812606811523e-01
1.237499999999999822e+00,7.775441817634737518e+00,-5.547268986701965332e-01,-5.549097657203674316e-01,1.000000715255737305e+00,9.999544620513916016e-01
1.250000000000000000e+00,7.853981633974482790e+00,-8.336408138275146484e-01,-8.336747288703918457e-01,1.000000715255737305e+00,9.999541640281677246e-01
1.262500000000000178e+00,7.932521450314228062e+00,-9.106213450431823730e-01,-9.105271100997924805e-01,1.000000834465026855e+00,9.999539256095886230e-01
1.274999999999999911e+00,8.011061266653971558e+00,-6.168562173843383789e-01,-6.168246269226074219e-01,1.000000834465026855e+00,9.999535679817199707e-01
1.287499999999999867e+00,8.089601082993716830e+00,-2.612745463848114014e-01,-2.614324092864990234e-01,1.000000834465026855e+00,9.999531507492065430e-01
1.300000000000000044e+00,8.168140899333462102e+00,-3.101191520690917969e-01,-3.103247582912445068e-01,1.000000834465026855e+00,9.999526739120483398e-01
1.312500000000000000e+00,8.246680715673207374e+00,-6.990620493888854980e-01,-6.990802288055419922e-01,1.000000834465026855e+00,9.999521374702453613e-01
1.325000000000000178e+00,8.325220532012952646e+00,-8.066411614418029785e-01,-8.065159916877746582e-01,1.000000834465026855e+00,9.999516010284423828e-01
1.337499999999999911e+00,8.403760348352696141e+00,-3.770912885665893555e-01,-3.771089017391204834e-01,1.000000834465026855e+00,9.999508261680603027e-01
1.350000000000000089e+00,8.482300164692441413e+00,-3.878360986709594727e-02,-3.899096697568893433e-02,1.000000953674316406e+00,9.999499917030334473e-01
1.362500000000000044e+00,8.560839981032186685e+00,-3.390373885631561279e-01,-3.391297757625579834e-01,1.000000953674316406e+00,9.999490976333618164e-01
1.374999999999999778e+00,8.639379797371930181e+00,-7.254278659820556641e-01,-7.252987027168273926e-01,1.000000834465026855e+00,9.999481439590454102e-01
1.387499999999999956e+00,8.717919613711675453e+00,-4.266878962516784668e-01,-4.266557991504669189e-01,1.000000953674316406e+00,9.999468922615051270e-01
1.399999999999999911e+00,8.796459430051420725e+00,9.388155490159988403e-02,9.368717670440673828e-02,1.000000953674316406e+00,9.999456405639648438e-01
1.412500000000000089e+00,8.874999246391165997e+00,-9.413710981607437134e-02,-9.421304613351821899e-02,1.000000953674316406e+00,9.999442100524902344e-01
1.425000000000000044e+00,8.953539062730911269e+00,-5.854447484016418457e-01,-5.852859020233154297e-01,1.000001072883605957e+00,9.999427199363708496e-01
1.437500000000000000e+00,9.032078879070654764e+00,-3.424898087978363037e-01,-3.424806892871856689e-01,1.000001072883605957e+00,9.999411702156066895e-01
1.449999999999999956e+00,9.110618695410400036e+00,2.374801188707351685e-01,2.372698783874511719e-01,1.000001072883605957e+00,9.999395608901977539e-01
1.462500000000000133e+00,9.189158511750145308e+00,5.267416685819625854e-02,5.267599597573280334e-02,1.000001072883605957e+00,9.999378323554992676e-01
1.474999999999999867e+00,9.267698328089888804e+00,-4.602946639060974121e-01,-4.600892066955566406e-01,1.000001192092895508e+00,9.999361038208007812e-01
1.487499999999999822e+00,9.346238144429634076e+00,-1.759420484304428101e-01,-1.760053038597106934e-01,1.000001192092895508e+00,9.999344944953918457e-01
1.500000000000000000e+00,9.424777960769379348e+00,3.985103666782379150e-01,3.982875645160675049e-01,1.000001311302185059e+00,9.999326467514038086e-01
1.512500000000000178e+00,9.503317777109124620e+00,1.516162306070327759e-01,1.517309397459030151e-01,1.000001192092895508e+00,9.999308586120605469e-01
1.525000000000000133e+00,9.581857593448869892e+00,-3.329086899757385254e-01,-3.326752483844757080e-01,1.000001311302185059e+00,9.999290108680725098e-01
1.537499999999999867e+00,9.660397409788613388e+00,1.195523049682378769e-02,1.180550269782543182e-02,1.000001311302185059e+00,9.999272227287292480e-01
1.550000000000000044e+00,9.738937226128358660e+00,5.460111498832702637e-01,5.457976460456848145e-01,1.000001311302185059e+00,9.999254941940307617e-01
1.562500000000000000e+00,9.817477042468103932e+00,2.618881165981292725e-01,2.621045708656311035e-01,1.000001430511474609e+00,9.999238848686218262e-01
1.574999999999999956e+00,9.896016858807847427e+00,-1.859676986932754517e-01,-1.857153773307800293e-01,1.000001311302185059e+00,9.999222755432128906e-01
1.587499999999999911e+00,9.974556675147592699e+00,1.520875394344329834e-01,1.518895924091339111e-01,1.000001430511474609e+00,9.999207854270935059e-01
1.600000000000000089e+00,1.005309649148733797e+01,6.636837124824523926e-01,6.634638309478759766e-01,1.000001430511474609e+00,9.999194145202636719e-01
1.612500000000000044e+00,1.013163630782708324e+01,4.420714974403381348e-01,4.423229992389678955e-01,1.000001430511474609e+00,9.999181032180786133e-01
1.625000000000000222e+00,1.021017612416682852e+01,-7.357198279350996017e-03,-7.044789381325244904e-03,1.000001430511474609e+00,9.999170303344726562e-01
1.637499999999999956e+00,1.028871594050657201e+01,1.922692954540252686e-01,1.921204477548599243e-01,1.000001430511474609e+00,9.999160766601562500e-01
1.649999999999999911e+00,1.036725575684631728e+01,7.097805738449096680e-01,7.094987630844116211e-01,1.000001549720764160e+00,9.999150633811950684e-01
1.662500000000000089e+00,1.044579557318606255e+01,7.066110968589782715e-01,7.067567110061645508e-01,1.000001549720764160e+00,9.999141693115234375e-01
1.674999999999999822e+00,1.052433538952580605e+01,2.794252038002014160e-01,2.798245847225189209e-01,1.000001430511474609e+00,9.999134540557861328e-01
1.687500000000000000e+00,1.060287520586555132e+01,1.770540475845336914e-01,1.771387457847595215e-01,1.000001549720764160e+00,9.999128580093383789e-01
1.699999999999999956e+00,1.068141502220529659e+01,5.651615858078002930e-01,5.648857355117797852e-01,1.000001430511474609e+00,9.999123215675354004e-01
1.712500000000000133e+00,1.075995483854504187e+01,8.838955760002136230e-01,8.837442994117736816e-01,1.000001549720764160e+00,9.999118447303771973e-01
1.725000000000000089e+00,1.083849465488478714e+01,7.514143586158752441e-01,7.516604661941528320e-01,1.000001549720764160e+00,9.999114871025085449e-01
1.737499999999999822e+00,1.091703447122453063e+01,4.267248511314392090e-01,4.271030128002166748e-01,1.000001430511474609e+00,9.999111294746398926e-01
1.750000000000000000e+00,1.099557428756427591e+01,3.530205786228179932e-01,3.531422615051269531e-01,1.000001430511474609e+00,9.999107718467712402e-01
1.762500000000000178e+00,1.107411410390402118e+01,6.025578379631042480e-01,6.023787260055541992e-01,1.000001549720764160e+00,9.999105930328369141e-01
1.774999999999999911e+00,1.115265392024376467e+01,8.915728926658630371e-01,8.913696408271789551e-01,1.000001430511474609e+00,9.999104142189025879e-01
1.787499999999999867e+00,1.123119373658350995e+01,9.617635011672973633e-01,9.617897868156433105e-01,1.000001549720764160e+00,9.999102950096130371e-01
1.800000000000000044e+00,1.130973355292325522e+01,8.136234879493713379e-01,8.138871788978576660e-01,1.000001430511474609e+00,9.999102354049682617e-01
1.812500000000000000e+00,1.138827336926300049e+01,6.255456805229187012e-01,6.258673667907714844e-01,1.000001549720764160e+00,9.999102354049682617e-01
1.825000000000000178e+00,1.146681318560274576e+01,5.535541176795959473e-01,5.537558794021606445e-01,1.000001549720764160e+00,9.999101758003234863e-01
1.837499999999999911e+00,1.154535300194248926e+01,6.260851621627807617e-01,6.261100172996520996e-01,1.000001549720764160e+00,9.999101161956787109e-01
1.850000000000000089e+00,1.162389281828223453e+01,7.732599377632141113e-01,7.731661796569824219e-01,1.000001549720764160e+00,9.999101161956787109e-01
1.862500000000000044e+00,1.170243263462197980e+01,9.085959792137145996e-01,9.084835052490234375e-01,1.000001430511474609e+00,9.999100565910339355e-01
1.874999999999999778e+00,1.178097245096172330e+01,9.839748740196228027e-01,9.839195013046264648e-01,1.000001549720764160e+00,9.999101758003234863e-01
1.887499999999999956e+00,1.185951226730146857e+01,9.970086812973022461e-01,9.970388412475585938e-01,1.000001549720764160e+00,9.999100565910339355e-01
1.899999999999999911e+00,1.193805208364121384e+01,9.708400964736938477e-01,9.709455370903015137e-01,1.000001430511474609e+00,9.999101758003234863e-01
1.912500000000000089e+00,1.201659189998095911e+01,9.317835569381713867e-01,9.319379329681396484e-01,1.000001430511474609e+00,9.999101758003234863e-01
1.925000000000000044e+00,1.209513171632070438e+01,8.972539901733398438e-01,8.974313735961914062e-01,1.000001549720764160e+00,9.999101161956787109e-01
1.937500000000000000e+00,1.217367153266044788e+01,8.739777207374572754e-01,8.741603493690490723e-01,1.000001549720764160e+00,9.999101758003234863e-01
1.949999999999999956e+00,1.225221134900019315e+01,8.614522218704223633e-01,8.616318106651306152e-01,1.000001549720764160e+00,9.999102354049682617e-01
1.962500000000000133e+00,1.233075116533993842e+01,8.561879396438598633e-01,8.563624620437622070e-01,1.000001549720764160e+00,9.999101758003234863e-01
1.974999999999999867e+00,1.240929098167968192e+01,8.546128273010253906e-01,8.547834157943725586e-01,1.000001430511474609e+00,9.999100565910339355e-01
1.987499999999999822e+00,1.248783079801942719e+01,8.543490767478942871e-01,8.545178771018981934e-01,1.000001430511474609e+00,9.999101161956787109e-01
2.000000000000000000e+00,1.256637061435917246e+01,8.543366789817810059e-01,8.545051217079162598e-01,1.000001430511474609e+00,9.999101758003234863e-01
2.012500000000000178e+00,1.264491043069891774e+01,8.543239235877990723e-01,8.544918298721313477e-01,1.000001430511474609e+00,9.999102354049682617e-01
2.025000000000000355e+00,1.272345024703866301e+01,8.540236949920654297e-01,8.541898131370544434e-01,1.000001430511474609e+00,9.999101758003234863e-01
2.037500000000000089e+00,1.280199006337840650e+01,8.520677089691162109e-01,8.522298336029052734e-01,1.000001549720764160e+00,9.999101758003234863e-01
2.049999999999999822e+00,1.288052987971815178e+01,8.449113368988037109e-01,8.450679779052734375e-01,1.000001549720764160e+00,9.999101161956787109e-01
2.062500000000000000e+00,1.295906969605789705e+01,8.261488676071166992e-01,8.263008594512939453e-01,1.000001549720764160e+00,9.999101161956787109e-01
2.074999999999999734e+00,1.303760951239764054e+01,7.871970534324645996e-01,7.873511314392089844e-01,1.000001549720764160e+00,9.999101758003234863e-01
2.087499999999999911e+00,1.311614932873738582e+01,7.206875085830688477e-01,7.208577990531921387e-01,1.000001430511474609e+00,9.999101758003234863e-01
2.100000000000000089e+00,1.319468914507713109e+01,6.274008154869079590e-01,6.276090145111083984e-01,1.000001549720764160e+00,9.999102354049682617e-01
2.112500000000000266e+00,1.327322896141687636e+01,5.251799225807189941e-01,5.254485607147216797e-01,1.000001430511474609e+00,9.999101758003234863e-01
2.125000000000000000e+00,1.335176877775662163e+01,4.537273347377777100e-01,4.540656507015228271e-01,1.000001430511474609e+00,9.999102354049682617e-01
2.137499999999999734e+00,1.343030859409636513e+01,4.649654626846313477e-01,4.653505384922027588e-01,1.000001430511474609e+00,9.999101758003234863e-01
2.149999999999999911e+00,1.350884841043611040e+01,5.911686420440673828e-01,5.915364623069763184e-01,1.000001430511474609e+00,9.999101758003234863e-01
2.162500000000000089e+00,1.358738822677585567e+01,7.996538877487182617e-01,7.999179959297180176e-01,1.000001430511474609e+00,9.999101758003234863e-01
2.174999999999999822e+00,1.366592804311559917e+01,9.706677198410034180e-01,9.707738757133483887e-01,1.000001430511474609e+00,9.999101161956787109e-01
2.187500000000000000e+00,1.374446785945534444e+01,9.486982226371765137e-01,9.486891031265258789e-01,1.000001430511474609e+00,9.999099969863891602e-01
2.200000000000000178e+00,1.382300767579508971e+01,6.758965849876403809e-01,6.759217977523803711e-01,1.000001430511474609e+00,9.999099373817443848e-01
2.212499999999999911e+00,1.390154749213483498e+01,3.129728138446807861e-01,3.131908178329467773e-01,1.000001311302185059e+00,9.999098181724548340e-01
2.225000000000000089e+00,1.398008730847458025e+01,1.788045763969421387e-01,1.792180091142654419e-01,1.000001430511474609e+00,9.999097585678100586e-01
2.237499999999999822e+00,1.405862712481432375e+01,4.514385461807250977e-01,4.518335461616516113e-01,1.000001311302185059e+00,9.999095797538757324e-01
2.250000000000000000e+00,1.413716694115406902e+01,8.823935389518737793e-01,8.825253248214721680e-01,1.000001311302185059e+00,9.999092817306518555e-01
2.262500000000000178e+00,1.421570675749381429e+01,9.487001299858093262e-01,9.485966563224792480e-01,1.000001430511474609e+00,9.999091029167175293e-01
2.274999999999999911e+00,1.429424657383355779e+01,4.719586074352264404e-01,4.719526171684265137e-01,1.000001430511474609e+00,9.999088048934936523e-01
2.287500000000000089e+00,1.437278639017330306e+01,-8.918602019548416138e-03,-8.593275211751461029e-03,1.000001430511474609e+00,9.999083876609802246e-01
2.299999999999999822e+00,1.445132620651304833e+01,1.680902391672134399e-01,1.685116440057754517e-01,1.000001430511474609e+00,9.999079108238220215e-01
2.312500000000000000e+00,1.452986602285279361e+01,7.838683724403381348e-01,7.839673161506652832e-01,1.000001549720764160e+00,9.999074339866638184e-01
2.325000000000000178e+00,1.460840583919253888e+01,8.767638802528381348e-01,8.765931129455566406e-01,1.000001668930053711e+00,9.999067783355712891e-01
2.337499999999999911e+00,1.468694565553228237e+01,1.972283422946929932e-01,1.972828656435012817e-01,1.000001668930053711e+00,9.999060034751892090e-01
2.350000000000000089e+00,1.476548547187202765e+01,-2.149244248867034912e-01,-2.145307362079620361e-01,1.000001549720764160e+00,9.999052882194519043e-01
2.362500000000000266e+00,1.484402528821177292e+01,3.408862650394439697e-01,3.411104977130889893e-01,1.000001549720764160e+00,9.999043345451354980e-01
2.375000000000000000e+00,1.492256510455151641e+01,8.839797973632812500e-01,8.838113546371459961e-01,1.000001549720764160e+00,9.999033212661743164e-01
2.387499999999999734e+00,1.500110492089126168e+01,3.551433980464935303e-01,3.550932705402374268e-01,1.000001668930053711e+00,9.999021291732788086e-01
2.399999999999999911e+00,1.507964473723100696e+01,-3.590702712535858154e-01,-3.587363064289093018e-01,1.000001549720764160e+00,9.999008178710937500e-01
2.412500000000000089e+00,1.515818455357075223e+01,5.821085348725318909e-02,5.839640274643898010e-02,1.000001668930053711e+00,9.998995065689086914e-01
2.425000000000000266e+00,1.523672436991049750e+01,7.798657417297363281e-01,7.796550393104553223e-01,1.000001668930053711e+00,9.998980760574340820e-01
2.437500000000000000e+00,1.531526418625024100e+01,3.193789124488830566e-01,3.193490207195281982e-01,1.000001788139343262e+00,9.998965263366699219e-01
2.450000000000000178e+00,1.539380400258998627e+01,-4.900740981101989746e-01,-4.897489845752716064e-01,1.000001668930053711e+00,9.998949170112609863e-01
2.462499999999999911e+00,1.547234381892973154e+01,-6.840422749519348145e-02,-6.835769116878509521e-02,1.000001668930053711e+00,9.998933076858520508e-01
2.474999999999999645e+00,1.555088363526947504e+01,6.820794343948364258e-01,6.817944049835205078e-01,1.000001668930053711e+00,9.998915791511535645e-01
2.487499999999999822e+00,1.562942345160922031e+01,1.577643454074859619e-01,1.578306853771209717e-01,1.000001788139343262e+00,9.998897910118103027e-01
2.500000000000000000e+00,1.570796326794896558e+01,-6.312419176101684570e-01,-6.309278607368469238e-01,1.000001788139343262e+00,9.998880624771118164e-01
2.512500000000000178e+00,1.578650308428871085e+01,-1.192323043942451477e-01,-1.193777024745941162e-01,1.000001788139343262e+00,9.998862743377685547e-01
2.525000000000000355e+00,1.586504290062845612e+01,5.743576288223266602e-01,5.740246772766113281e-01,1.000001788139343262e+00,9.998846054077148438e-01
2.537500000000000089e+00,1.594358271696819962e+01,-3.396909683942794800e-02,-3.378746658563613892e-02,1.000001907348632812e+00,9.998828768730163574e-01
2.549999999999999822e+00,1.602212253330794312e+01,-7.509789466857910156e-01,-7.507090568542480469e-01,1.000001788139343262e+00,9.998811483383178711e-01
2.562500000000000000e+00,1.610066234964768839e+01,-1.917058080434799194e-01,-1.920250803232192993e-01,1.000001907348632812e+00,9.998794794082641602e-01
2.574999999999999734e+00,1.617920216598743366e+01,4.420540332794189453e-01,4.416884779930114746e-01,1.000002026557922363e+00,9.998779892921447754e-01
2.587499999999999911e+00,1.625774198232717893e+01,-1.500039100646972656e-01,-1.497620195150375366e-01,1.000001907348632812e+00,9.998764991760253906e-01
2.600000000000000089e+00,1.633628179866692420e+01,-8.409152030944824219e-01,-8.406670689582824707e-01,1.000002026557922363e+00,9.998751282691955566e-01
2.612500000000000266e+00,1.641482161500666948e+01,-3.795117139816284180e-01,-3.799116909503936768e-01,1.000002026557922363e+00,9.998738169670104980e-01
2.625000000000000000e+00,1.649336143134641475e+01,2.767540514469146729e-01,2.762940227985382080e-01,1.000002145767211914e+00,9.998726248741149902e-01
2.637500000000000178e+00,1.657190124768616002e+01,-1.084039285778999329e-01,-1.082329154014587402e-01,1.000002145767211914e+00,9.998716115951538086e-01
2.650000000000000355e+00,1.665044106402590529e+01,-8.479362726211547852e-01,-8.476212620735168457e-01,1.000002145767211914e+00,9.998707175254821777e-01
2.662499999999999645e+00,1.672898088036564701e+01,-7.191898822784423828e-01,-7.194783091545104980e-01,1.000002145767211914e+00,9.998699426651000977e-01
2.674999999999999822e+00,1.680752069670539228e+01,-4.165310040116310120e-02,-4.226111993193626404e-02,1.000002145767211914e+00,9.998691678047180176e-01
2.687500000000000000e+00,1.688606051304513755e+01,4.299488291144371033e-02,4.284048452973365784e-02,1.000002145767211914e+00,9.998685121536254883e-01
2.700000000000000178e+00,1.696460032938488283e+01,-5.720763802528381348e-01,-5.717617273330688477e-01,1.000002026557922363e+00,9.998679161071777344e-01
2.712499999999999911e+00,1.704314014572462810e+01,-9.773150086402893066e-01,-9.772117137908935547e-01,1.000002026557922363e+00,9.998674392700195312e-01
2.725000000000000089e+00,1.712167996206437337e+01,-6.851004958152770996e-01,-6.855466961860656738e-01,1.000002026557922363e+00,9.998670220375061035e-01
2.737500000000000266e+00,1.720021977840411864e+01,-1.822073459625244141e-01,-1.828045547008514404e-01,1.000002145767211914e+00,9.998667240142822266e-01
2.749999999999999556e+00,1.727875959474386036e+01,-1.210882961750030518e-01,-1.213133186101913452e-01,1.000002264976501465e+00,9.998664259910583496e-01
2.762499999999999734e+00,1.735729941108360563e+01,-5.272008180618286133e-01,-5.270286202430725098e-01,1.000002145767211914e+00,9.998662471771240234e-01
2.774999999999999911e+00,1.743583922742335091e+01,-9.287302494049072266e-01,-9.285584688186645508e-01,1.000002145767211914e+00,9.998661875724792480e-01
2.787500000000000089e+00,1.751437904376309618e+01,-9.653512239456176758e-01,-9.655146002769470215e-01,1.000002145767211914e+00,9.998660683631896973e-01
2.799999999999999822e+00,1.759291886010284145e+01,-6.917161941528320312e-01,-6.921994686126708984e-01,1.000002145767211914e+00,9.998659491539001465e-01
2.812500000000000000e+00,1.767145867644258672e+01,-4.014319479465484619e-01,-4.019755423069000244e-01,1.000002145767211914e+00,9.998659491539001465e-01
2.825000000000000178e+00,1.774999849278233199e+01,-3.153750598430633545e-01,-3.157398998737335205e-01,1.000002145767211914e+00,9.998658895492553711e-01
2.837500000000000355e+00,1.782853830912207727e+01,-4.473201930522918701e-01,-4.474428594112396240e-01,1.000002264976501465e+00,9.998658895492553711e-01
2.850000000000000089e+00,1.790707812546182254e+01,-6.729572415351867676e-01,-6.729294061660766602e-01,1.000002264976501465e+00,9.998658299446105957e-01
2.862499999999999822e+00,1.798561794180156426e+01,-8.605355024337768555e-01,-8.604973554611206055e-01,1.000002264976501465e+00,9.998657703399658203e-01
2.875000000000000000e+00,1.806415775814130953e+01,-9.470660686492919922e-01,-9.471177458763122559e-01,1.000002264976501465e+00,9.998657703399658203e-01
2.887499999999999734e+00,1.814269757448105480e+01,-9.397232532501220703e-01,-9.398977160453796387e-01,1.000002264976501465e+00,9.998657703399658203e-01
2.899999999999999911e+00,1.822123739082080007e+01,-8.798040747642517090e-01,-8.800832629203796387e-01,1.000002264976501465e+00,9.998657703399658203e-01
2.912500000000000089e+00,1.829977720716054534e+01,-8.083894848823547363e-01,-8.087338209152221680e-01,1.000002145767211914e+00,9.998657107353210449e-01
2.925000000000000266e+00,1.837831702350029062e+01,-7.501037716865539551e-01,-7.504773139953613281e-01,1.000002145767211914e+00,9.998657107353210449e-01
2.937500000000000000e+00,1.845685683984003589e+01,-7.126012444496154785e-01,-7.129796743392944336e-01,1.000002145767211914e+00,9.998657107353210449e-01
2.949999999999999734e+00,1.853539665617977761e+01,-6.930884718894958496e-01,-6.934611201286315918e-01,1.000002145767211914e+00,9.998657107353210449e-01
2.962499999999999911e+00,1.861393647251952288e+01,-6.851092576980590820e-01,-6.854739189147949219e-01,1.000002145767211914e+00,9.998657107353210449e-01
2.974999999999999645e+00,1.869247628885926815e+01,-6.827778816223144531e-01,-6.831371188163757324e-01,1.000002264976501465e+00,9.998656511306762695e-01
2.987499999999999822e+00,1.877101610519901342e+01,-6.823958754539489746e-01,-6.827524304389953613e-01,1.000002145767211914e+00,9.998656511306762695e-01
3.000000000000000000e+00,1.884955592153875870e+01,-6.823784112930297852e-01,-6.827343702316284180e-01,1.000002264976501465e+00,9.998656511306762695e-01
3.012500000000000178e+00,1.892809573787850397e+01,-6.823605298995971680e-01,-6.827157735824584961e-01,1.000002145767211914e+00,9.998656511306762695e-01
3.025000000000000355e+00,1.900663555421824924e+01,-6.819494366645812988e-01,-6.823021173477172852e-01,1.000002145767211914e+00,9.998656511306762695e-01
3.037500000000000089e+00,1.908517537055799451e+01,-6.793138980865478516e-01,-6.796609163284301758e-01,1.000002264976501465e+00,9.998657107353210449e-01
3.050000000000000266e+00,1.916371518689773978e+01,-6.698233485221862793e-01,-6.701616048812866211e-01,1.000002264976501465e+00,9.998657107353210449e-01
3.062500000000000000e+00,1.924225500323748150e+01,-6.453287005424499512e-01,-6.456586718559265137e-01,1.000002264976501465e+00,9.998657107353210449e-01
3.074999999999999734e+00,1.932079481957722678e+01,-5.953058004379272461e-01,-5.956339836120605469e-01,1.000002264976501465e+00,9.998657107353210449e-01
3.087499999999999911e+00,1.939933463591697205e+01,-5.114768743515014648e-01,-5.118204951286315918e-01,1.000002384185791016e+00,9.998658299446105957e-01
3.100000000000000089e+00,1.947787445225671732e+01,-3.967475295066833496e-01,-3.971334695816040039e-01,1.000002384185791016e+00,9.998657703399658203e-01
3.112500000000000266e+00,1.955641426859646259e+01,-2.760838568210601807e-01,-2.765424251556396484e-01,1.000002384185791016e+00,9.998657703399658203e-01
3.125000000000000000e+00,1.963495408493620786e+01,-2.012599855661392212e-01,-2.018068730831146240e-01,1.000002384185791016e+00,9.998657107353210449e-01
3.137500000000000178e+00,1.971349390127595314e+01,-2.365594506263732910e-01,-2.371716946363449097e-01,1.000002384185791016e+00,9.998657703399658203e-01
3.149999999999999911e+00,1.979203371761569485e+01,-4.168430268764495850e-01,-4.174438416957855225e-01,1.000002503395080566e+00,9.998657107353210449e-01
3.162499999999999645e+00,1.987057353395544013e+01,-6.914502382278442383e-01,-6.919283866882324219e-01,1.000002384185791016e+00,9.998657703399658203e-01
3.174999999999999822e+00,1.994911335029518540e+01,-9.020559787750244141e-01,-9.023323655128479004e-01,1.000002384185791016e+00,9.998657107353210449e-01
3.187500000000000000e+00,2.002765316663493067e+01,-8.559532761573791504e-01,-8.560670614242553711e-01,1.000002384185791016e+00,9.998657107353210449e-01
3.200000000000000178e+00,2.010619298297467594e+01,-4.979980289936065674e-01,-4.981314539909362793e-01,1.000002384185791016e+00,9.998656511306762695e-01
3.212499999999999911e+00,2.018473279931442121e+01,-5.280969664454460144e-02,-5.317219719290733337e-02,1.000002503395080566e+00,9.998655915260314941e-01
3.225000000000000089e+00,2.026327261565416649e+01,7.379575073719024658e-02,7.317797094583511353e-02,1.000002503395080566e+00,9.998654127120971680e-01
3.237500000000000266e+00,2.034181243199391176e+01,-3.146495223045349121e-01,-3.152682185173034668e-01,1.000002503395080566e+00,9.998652338981628418e-01
3.250000000000000444e+00,2.042035224833365703e+01,-8.656654953956604004e-01,-8.659631013870239258e-01,1.000002503395080566e+00,9.998649954795837402e-01
3.262499999999999734e+00,2.049889206467339875e+01,-9.163772463798522949e-01,-9.163549542427062988e-01,1.000002503395080566e+00,9.998647570610046387e-01
3.274999999999999911e+00,2.057743188101314402e+01,-2.920361757278442383e-01,-2.920985221862792969e-01,1.000002503395080566e+00,9.998645186424255371e-01
3.287500000000000089e+00,2.065597169735288929e+01,2.784511446952819824e-01,2.779815793037414551e-01,1.000002503395080566e+00,9.998641014099121094e-01
3.299999999999999822e+00,2.073451151369263457e+01,-1.358764432370662689e-02,-1.420973893254995346e-02,1.000002622604370117e+00,9.998636245727539062e-01
3.312500000000000000e+00,2.081305133003237984e+01,-8.105055689811706543e-01,-8.107471466064453125e-01,1.000002622604370117e+00,9.998630881309509277e-01
3.325000000000000178e+00,2.089159114637212511e+01,-8.818225264549255371e-01,-8.816961050033569336e-01,1.000002622604370117e+00,9.998624324798583984e-01
3.337500000000000355e+00,2.097013096271187038e+01,-2.727675251662731171e-03,-2.833209466189146042e-03,1.000002622604370117e+00,9.998616576194763184e-01
3.349999999999999645e+00,2.104867077905161210e+01,4.526841342449188232e-01,4.521505534648895264e-01,1.000002622604370117e+00,9.998607635498046875e-01
3.362499999999999822e+00,2.112721059539135737e+01,-3.174394071102142334e-01,-3.178090453147888184e-01,1.000002622604370117e+00,9.998598694801330566e-01
3.375000000000000000e+00,2.120575041173110264e+01,-9.769334197044372559e-01,-9.768151640892028809e-01,1.000002622604370117e+00,9.998587965965270996e-01
3.387499999999999734e+00,2.128429022807084792e+01,-2.572424709796905518e-01,-2.572095096111297607e-01,1.000002741813659668e+00,9.998576641082763672e-01
3.399999999999999911e+00,2.136283004441059319e+01,5.976142883300781250e-01,5.971953868865966797e-01,1.000002622604370117e+00,9.998563528060913086e-01
3.412500000000000089e+00,2.144136986075033846e+01,-1.796608604490756989e-02,-1.825315691530704498e-02,1.000002622604370117e+00,9.998550415039062500e-01
3.425000000000000266e+00,2.151990967709008373e+01,-9.164149165153503418e-01,-9.162357449531555176e-01,1.000002622604370117e+00,9.998536705970764160e-01
3.437500000000000000e+00,2.159844949342982900e+01,-2.725655734539031982e-01,-2.725454270839691162e-01,1.000002741813659668e+00,9.998520612716674805e-01
3.450000000000000178e+00,2.167698930976957428e+01,7.063016295433044434e-01,7.059271335601806641e-01,1.000002622604370117e+00,9.998505115509033203e-01
3.462499999999999911e+00,2.175552912610931600e+01,7.905631512403488159e-02,7.897125929594039917e-02,1.000002741813659668e+00,9.998488426208496094e-01
3.474999999999999645e+00,2.183406894244906127e+01,-8.532491326332092285e-01,-8.529643416404724121e-01,1.000002622604370117e+00,9.998471736907958984e-01
3.487499999999999822e+00,2.191260875878880654e+01,-1.278771907091140747e-01,-1.279561370611190796e-01,1.000002741813659668e+00,9.998453259468078613e-01
3.500000000000000000e+00,2.199114857512855181e+01,8.171307444572448730e-01,8.168031573295593262e-01,1.000002741813659668e+00,9.998435378074645996e-01
3.512500000000000178e+00,2.206968839146829708e+01,7.799771428108215332e-02,7.817453891038894653e-02,1.000002741813659668e+00,9.998417496681213379e-01
3.525000000000000355e+00,2.214822820780804236e+01,-7.731848955154418945e-01,-7.728265523910522461e-01,1.000002741813659668e+00,9.998400211334228516e-01
3.537500000000000089e+00,2.222676802414778763e+01,5.346419662237167358e-02,5.326668545603752136e-02,1.000002741813659668e+00,9.998382925987243652e-01
3.549999999999999822e+00,2.230530784048752935e+01,9.002181887626647949e-01,8.999773859977722168e-01,1.000002861022949219e+00,9.998365044593811035e-01
3.562500000000000000e+00,2.238384765682727462e+01,1.072950810194015503e-01,1.077108681201934814e-01,1.000002861022949219e+00,9.998349547386169434e-01
3.574999999999999734e+00,2.246238747316701989e+01,-6.653365492820739746e-01,-6.649231910705566406e-01,1.000002861022949219e+00,9.998334050178527832e-01
3.587499999999999911e+00,2.254092728950676516e+01,1.367908418178558350e-01,1.365358233451843262e-01,1.000002861022949219e+00,9.998319745063781738e-01
3.600000000000000089e+00,2.261946710584651044e+01,9.557440876960754395e-01,9.555597901344299316e-01,1.000002980232238770e+00,9.998306035995483398e-01
3.612500000000000266e+00,2.269800692218625571e+01,2.887864708900451660e-01,2.893390953540802002e-01,1.000002980232238770e+00,9.998292922973632812e-01
3.625000000000000000e+00,2.277654673852600098e+01,-5.256144404411315918e-01,-5.250650048255920410e-01,1.000002980232238770e+00,9.998281598091125488e-01
3.637500000000000178e+00,2.285508655486574625e+01,1.649595610797405243e-02,1.632502675056457520e-02,1.000003099441528320e+00,9.998269677162170410e-01
3.650000000000000355e+00,2.293362637120549152e+01,9.231691956520080566e-01,9.229182600975036621e-01,1.000003099441528320e+00,9.998260140419006348e-01
3.662499999999999645e+00,2.301216618754523324e+01,6.783962845802307129e-01,6.788699030876159668e-01,1.000003099441528320e+00,9.998251199722290039e-01
3.674999999999999822e+00,2.309070600388497851e+01,-1.992129534482955933e-01,-1.984359174966812134e-01,1.000003099441528320e+00,9.998244643211364746e-01
3.687500000000000000e+00,2.316924582022472379e+01,-2.598520815372467041e-01,-2.596431374549865723e-01,1.000003099441528320e+00,9.998238682746887207e-01
3.700000000000000178e+00,2.324778563656446906e+01,5.365417599678039551e-01,5.362603068351745605e-01,1.000003099441528320e+00,9.998232722282409668e-01
3.712499999999999911e+00,2.332632545290421433e+01,9.982091784477233887e-01,9.982475042343139648e-01,1.000003218650817871e+00,9.998227953910827637e-01
3.725000000000000089e+00,2.340486526924395960e+01,5.679427385330200195e-01,5.686178803443908691e-01,1.000003218650817871e+00,9.998224377632141113e-01
3.737500000000000266e+00,2.348340508558370487e+01,-7.583393901586532593e-02,-7.504474371671676636e-02,1.000003218650817871e+00,9.998220801353454590e-01
3.749999999999999556e+00,2.356194490192344659e+01,-1.198285371065139771e-01,-1.195065528154373169e-01,1.000003218650817871e+00,9.998218417167663574e-01
3.762499999999999734e+00,2.364048471826319187e+01,4.127239584922790527e-01,4.126166999340057373e-01,1.000003218650817871e+00,9.998216032981872559e-01
3.774999999999999911e+00,2.371902453460293714e+01,8.969694972038269043e-01,8.969228267669677734e-01,1.000003218650817871e+00,9.998214840888977051e-01
3.787500000000000089e+00,2.379756435094268241e+01,8.973008394241333008e-01,8.976742029190063477e-01,1.000003218650817871e+00,9.998214244842529297e-01
3.799999999999999822e+00,2.387610416728242768e+01,5.184751152992248535e-01,5.192038416862487793e-01,1.000003218650817871e+00,9.998213052749633789e-01
3.812500000000000000e+00,2.395464398362217295e+01,1.475272178649902344e-01,1.482878774404525757e-01,1.000003337860107422e+00,9.998213052749633789e-01
3.825000000000000178e+00,2.403318379996191823e+01,5.379276350140571594e-02,5.432108417153358459e-02,1.000003337860107422e+00,9.998213052749633789e-01
3.837500000000000355e+00,2.411172361630166350e+01,2.353616505861282349e-01,2.356118410825729370e-01,1.000003337860107422e+00,9.998212456703186035e-01
3.850000000000000089e+00,2.419026343264140877e+01,5.227173566818237305e-01,5.228158235549926758e-01,1.000003337860107422e+00,9.998211860656738281e-01
3.862499999999999822e+00,2.426880324898115049e+01,7.486175298690795898e-01,7.487311363220214844e-01,1.000003218650817871e+00,9.998211860656738281e-01
3.875000000000000000e+00,2.434734306532089576e+01,8.398771286010742188e-01,8.401150703430175781e-01,1.000003337860107422e+00,9.998211860656738281e-01
3.887499999999999734e+00,2.442588288166064103e+01,8.127018809318542480e-01,8.130907416343688965e-01,1.000003218650817871e+00,9.998212456703186035e-01
3.899999999999999911e+00,2.450442269800038630e+01,7.234785556793212891e-01,7.239878773689270020e-01,1.000003218650817871e+00,9.998211860656738281e-01
3.912500000000000089e+00,2.458296251434013158e+01,6.250054240226745605e-01,6.255852580070495605e-01,1.000003337860107422e+00,9.998212456703186035e-01
3.925000000000000266e+00,2.466150233067987685e+01,5.472893714904785156e-01,5.478966832160949707e-01,1.000003337860107422e+00,9.998212456703186035e-01
3.937500000000000000e+00,2.474004214701962212e+01,4.983436763286590576e-01,4.989520311355590820e-01,1.000003218650817871e+00,9.998211860656738281e-01
3.949999999999999734e+00,2.481858196335936384e+01,4.732916355133056641e-01,4.738903343677520752e-01,1.000003218650817871e+00,9.998211860656738281e-01
3.962499999999999911e+00,2.489712177969910911e+01,4.631894826889038086e-01,4.637774527072906494e-01,1.000003218650817871e+00,9.998211860656738281e-01
3.974999999999999645e+00,2.497566159603885438e+01,4.602750837802886963e-01,4.608559608459472656e-01,1.000003218650817871e+00,9.998212456703186035e-01
3.987499999999999822e+00,2.505420141237859966e+01,4.598031342029571533e-01,4.603808522224426270e-01,1.000003218650817871e+00,9.998211860656738281e-01
4.000000000000000000e+00,2.513274122871834493e+01,4.597818255424499512e-01,4.603587090969085693e-01,1.000003218650817871e+00,9.998211860656738281e-01
4.012500000000000178e+00,2.521128104505809020e+01,4.597600400447845459e-01,4.603362977504730225e-01,1.000003218650817871e+00,9.998211860656738281e-01
4.025000000000000355e+00,2.528982086139783547e+01,4.592685103416442871e-01,4.598415791988372803e-01,1.000003337860107422e+00,9.998212456703186035e-01
4.037500000000000533e+00,2.536836067773758074e+01,4.561492800712585449e-01,4.567148685455322266e-01,1.000003218650817871e+00,9.998212456703186035e-01
4.050000000000000711e+00,2.544690049407732602e+01,4.450287520885467529e-01,4.455824494361877441e-01,1.000003218650817871e+00,9.998212456703186035e-01
4.062500000000000000e+00,2.552544031041706774e+01,4.166200757026672363e-01,4.171597361564636230e-01,1.000003218650817871e+00,9.998212456703186035e-01
4.075000000000000178e+00,2.560398012675681301e+01,3.592381775379180908e-01,3.597682714462280273e-01,1.000003218650817871e+00,9.998212456703186035e-01
4.087500000000000355e+00,2.568251994309655828e+01,2.643116116523742676e-01,2.648470401763916016e-01,1.000003218650817871e+00,9.998212456703186035e-01
4.099999999999999645e+00,2.576105975943630355e+01,1.366529613733291626e-01,1.372223943471908569e-01,1.000003218650817871e+00,9.998211860656738281e-01
4.112499999999999822e+00,2.583959957577604882e+01,6.500328425318002701e-03,7.138739805668592453e-03,1.000003218650817871e+00,9.998211860656738281e-01
4.125000000000000000e+00,2.591813939211579410e+01,-6.614349782466888428e-02,-6.541038304567337036e-02,1.000003218650817871e+00,9.998212456703186035e-01
4.137500000000000178e+00,2.599667920845553937e+01,-9.403193369507789612e-03,-8.587518706917762756e-03,1.000003218650817871e+00,9.998213052749633789e-01
4.149999999999999467e+00,2.607521902479528109e+01,2.115817517042160034e-01,2.124084532260894775e-01,1.000003218650817871e+00,9.998212456703186035e-01
4.162499999999999645e+00,2.615375884113502636e+01,5.319328904151916504e-01,5.326511859893798828e-01,1.000003218650817871e+00,9.998211860656738281e-01
4.174999999999999822e+00,2.623229865747477163e+01,7.665035724639892578e-01,7.670087814331054688e-01,1.000003218650817871e+00,9.998211860656738281e-01
4.187500000000000000e+00,2.631083847381451690e+01,6.996902227401733398e-01,6.999934911727905273e-01,1.000003218650817871e+00,9.998212456703186035e-01
4.200000000000000178e+00,2.638937829015426217e+01,2.831455767154693604e-01,2.834205329418182373e-01,1.000003218650817871e+00,9.998211860656738281e-01
4.212500000000000355e+00,2.646791810649400745e+01,-2.112709581851959229e-01,-2.107871919870376587e-01,1.000003218650817871e+00,9.998210668563842773e-01
4.225000000000000533e+00,2.654645792283375272e+01,-3.209203481674194336e-01,-3.201510906219482422e-01,1.000003218650817871e+00,9.998209476470947266e-01
4.237499999999999822e+00,2.662499773917349799e+01,1.545091271400451660e-01,1.553331166505813599e-01,1.000003218650817871e+00,9.998208284378051758e-01
4.250000000000000000e+00,2.670353755551324326e+01,7.846962213516235352e-01,7.852140069007873535e-01,1.000003337860107422e+00,9.998206496238708496e-01
4.262500000000000178e+00,2.678207737185298498e+01,8.160520195960998535e-01,8.161932826042175293e-01,1.000003337860107422e+00,9.998204112052917480e-01
4.274999999999999467e+00,2.686061718819273025e+01,9.044454991817474365e-02,9.059493243694305420e-02,1.000003218650817871e+00,9.998201727867126465e-01
4.287499999999999645e+00,2.693915700453247553e+01,-5.273196101188659668e-01,-5.267659425735473633e-01,1.000003218650817871e+00,9.998196363449096680e-01
4.299999999999999822e+00,2.701769682087222080e+01,-1.419250369071960449e-01,-1.411470770835876465e-01,1.000003337860107422e+00,9.998192191123962402e-01
4.312500000000000000e+00,2.709623663721196607e+01,7.769952416419982910e-01,7.774327397346496582e-01,1.000003218650817871e+00,9.998186826705932617e-01
4.325000000000000178e+00,2.717477645355171134e+01,8.214437365531921387e-01,8.214476108551025391e-01,1.000003218650817871e+00,9.998180270195007324e-01
4.337500000000000355e+00,2.725331626989145661e+01,-1.919734776020050049e-01,-1.918253749608993530e-01,1.000003218650817871e+00,9.998172521591186523e-01
4.349999999999999645e+00,2.733185608623119833e+01,-6.568508744239807129e-01,-6.562569737434387207e-01,1.000003337860107422e+00,9.998164176940917969e-01
4.362499999999999822e+00,2.741039590257094360e+01,2.704340517520904541e-01,2.709501683712005615e-01,1.000003337860107422e+00,9.998154640197753906e-01
4.375000000000000000e+00,2.748893571891068888e+01,9.973899126052856445e-01,9.974167346954345703e-01,1.000003337860107422e+00,9.998144507408142090e-01
4.387500000000000178e+00,2.756747553525043415e+01,1.402537971735000610e-01,1.402628868818283081e-01,1.000003457069396973e+00,9.998133182525634766e-01
4.400000000000000355e+00,2.764601535159017942e+01,-7.918096184730529785e-01,-7.913898229598999023e-01,1.000003457069396973e+00,9.998120069503784180e-01
4.412499999999999645e+00,2.772455516792992469e+01,-2.361427247524261475e-02,-2.324502356350421906e-02,1.000003457069396973e+00,9.998106360435485840e-01
4.424999999999999822e+00,2.780309498426966996e+01,9.849574565887451172e-01,9.849039912223815918e-01,1.000003457069396973e+00,9.998092055320739746e-01
4.437500000000000000e+00,2.788163480060941524e+01,2.055279463529586792e-01,2.055425643920898438e-01,1.000003457069396973e+00,9.998075962066650391e-01
4.450000000000000178e+00,2.796017461694916051e+01,-8.701146245002746582e-01,-8.697813153266906738e-01,1.000003576278686523e+00,9.998059868812561035e-01
4.462499999999999467e+00,2.803871443328890223e+01,-8.384431153535842896e-02,-8.373311907052993774e-02,1.000003457069396973e+00,9.998043179512023926e-01
4.474999999999999645e+00,2.811725424962864750e+01,9.610999226570129395e-01,9.609116911888122559e-01,1.000003576278686523e+00,9.998026490211486816e-01
4.487499999999999822e+00,2.819579406596839277e+01,8.850313723087310791e-02,8.859913051128387451e-02,1.000003576278686523e+00,9.998007416725158691e-01
4.500000000000000000e+00,2.827433388230813804e+01,-9.423811435699462891e-01,-9.421360492706298828e-01,1.000003576278686523e+00,9.997989535331726074e-01
4.512500000000000178e+00,2.835287369864788332e+01,-3.097825124859809875e-02,-3.117868863046169281e-02,1.000003576278686523e+00,9.997972249984741211e-01
4.525000000000000355e+00,2.843141351498762859e+01,9.146351814270019531e-01,9.143459200859069824e-01,1.000003695487976074e+00,9.997954964637756348e-01
4.537500000000000533e+00,2.850995333132737386e+01,-6.898906826972961426e-02,-6.879588216543197632e-02,1.000003695487976074e+00,9.997936487197875977e-01
4.549999999999999822e+00,2.858849314766711558e+01,-9.826533794403076172e-01,-9.825387597084045410e-01,1.000003695487976074e+00,9.997920393943786621e-01
4.562500000000000000e+00,2.866703296400686085e+01,-1.492504402995109558e-02,-1.541520841419696808e-02,1.000003695487976074e+00,9.997904300689697266e-01
4.575000000000000178e+00,2.874557278034660612e+01,8.392460346221923828e-01,8.388732075691223145e-01,1.000003576278686523e+00,9.997889399528503418e-01
4.587500000000000355e+00,2.882411259668635140e+01,-1.134236007928848267e-01,-1.131874993443489075e-01,1.000003695487976074e+00,9.997874498367309570e-01
4.599999999999999645e+00,2.890265241302609667e+01,-9.996485114097595215e-01,-9.996256232261657715e-01,1.000003695487976074e+00,9.997860789299011230e-01
4.612499999999999822e+00,2.898119222936584194e+01,-1.766334176063537598e-01,-1.773228496313095093e-01,1.000003695487976074e+00,9.997847676277160645e-01
4.625000000000000000e+00,2.905973204570558721e+01,7.354695200920104980e-01,7.349168658256530762e-01,1.000003695487976074e+00,9.997836351394653320e-01
4.637500000000000178e+00,2.913827186204533248e+01,7.663886994123458862e-02,7.679504156112670898e-02,1.000003695487976074e+00,9.997826218605041504e-01
4.650000000000000355e+00,2.921681167838507776e+01,-9.298935532569885254e-01,-9.298069477081298828e-01,1.000003695487976074e+00,9.997816681861877441e-01
4.662499999999999645e+00,2.929535149472481947e+01,-5.872620940208435059e-01,-5.879453420639038086e-01,1.000003695487976074e+00,9.997807145118713379e-01
4.674999999999999822e+00,2.937389131106456475e+01,4.252935945987701416e-01,4.244232475757598877e-01,1.000003695487976074e+00,9.997799992561340332e-01
4.687500000000000000e+00,2.945243112740431002e+01,4.574280679225921631e-01,4.572018980979919434e-01,1.000003695487976074e+00,9.997794032096862793e-01
4.700000000000000178e+00,2.953097094374405529e+01,-4.611868858337402344e-01,-4.610089361667633057e-01,1.000003695487976074e+00,9.997788667678833008e-01
4.712500000000000355e+00,2.960951076008380056e+01,-9.450275301933288574e-01,-9.452925920486450195e-01,1.000003695487976074e+00,9.997783899307250977e-01
4.725000000000000533e+00,2.968805057642354583e+01,-4.086423814296722412e-01,-4.095446467399597168e-01,1.000003695487976074e+00,9.997780323028564453e-01
4.737499999999999822e+00,2.976659039276329111e+01,3.282466828823089600e-01,3.273303806781768799e-01,1.000003814697265625e+00,9.997777342796325684e-01
4.750000000000000000e+00,2.984513020910303283e+01,3.518562614917755127e-01,3.514694273471832275e-01,1.000003814697265625e+00,9.997774958610534668e-01
4.762500000000000178e+00,2.992367002544277810e+01,-2.676155865192413330e-01,-2.676194310188293457e-01,1.000003814697265625e+00,9.997773170471191406e-01
4.774999999999999467e+00,3.000220984178252337e+01,-7.986434102058410645e-01,-7.988060116767883301e-01,1.000003814697265625e+00,9.997770786285400391e-01
4.787499999999999645e+00,3.008074965812226864e+01,-7.626632452011108398e-01,-7.632982730865478516e-01,1.000003814697265625e+00,9.997769594192504883e-01
4.799999999999999822e+00,3.015928947446201391e+01,-3.067606985569000244e-01,-3.077259957790374756e-01,1.000003814697265625e+00,9.997768402099609375e-01
4.812500000000000000e+00,3.023782929080175919e+01,1.173254176974296570e-01,1.163901016116142273e-01,1.000003933906555176e+00,9.997767806053161621e-01
4.825000000000000178e+00,3.031636910714150446e+01,2.117830216884613037e-01,2.111243009567260742e-01,1.000003933906555176e+00,9.997767806053161621e-01
4.837500000000000355e+00,3.039490892348124973e+01,-5.935114808380603790e-03,-6.316079758107662201e-03,1.000003814697265625e+00,9.997767210006713867e-01
4.850000000000000533e+00,3.047344873982099500e+01,-3.336845636367797852e-01,-3.339495658874511719e-01,1.000003933906555176e+00,9.997767806053161621e-01
4.862499999999999822e+00,3.055198855616073672e+01,-5.811434984207153320e-01,-5.814677476882934570e-01,1.000003814697265625e+00,9.997767806053161621e-01
4.875000000000000000e+00,3.063052837250048199e+01,-6.703609228134155273e-01,-6.708421707153320312e-01,1.000003933906555176e+00,9.997768402099609375e-01
4.887500000000000178e+00,3.070906818884022726e+01,-6.253705024719238281e-01,-6.260171532630920410e-01,1.000003933906555176e+00,9.997768998146057129e-01
4.900000000000000355e+00,3.078760800517997254e+01,-5.134646296501159668e-01,-5.142303705215454102e-01,1.000004053115844727e+00,9.997767806053161621e-01
4.912499999999999645e+00,3.086614782151971781e+01,-3.952403962612152100e-01,-3.960682153701782227e-01,1.000004053115844727e+00,9.997768998146057129e-01
4.924999999999999822e+00,3.094468763785946308e+01,-3.038611710071563721e-01,-3.047058582305908203e-01,1.000003933906555176e+00,9.997768402099609375e-01
4.937500000000000000e+00,3.102322745419920835e+01,-2.471042424440383911e-01,-2.479419559240341187e-01,1.000003933906555176e+00,9.997769594192504883e-01
4.949999999999999289e+00,3.110176727053895007e+01,-2.183719426393508911e-01,-2.191944718360900879e-01,1.000003933906555176e+00,9.997769594192504883e-01
4.962499999999999467e+00,3.118030708687869534e+01,-2.068963944911956787e-01,-2.077055871486663818e-01,1.000003933906555176e+00,9.997768998146057129e-01
4.974999999999999645e+00,3.125884690321844062e+01,-2.036151885986328125e-01,-2.044159621000289917e-01,1.000003933906555176e+00,9.997768998146057129e-01
4.987499999999999822e+00,3.133738671955818589e+01,-2.030882835388183594e-01,-2.038854807615280151e-01,1.000003933906555176e+00,9.997768402099609375e-01
5.000000000000000000e+00,3.141592653589793116e+01,-2.030646950006484985e-01,-2.038609534502029419e-01,1.000003933906555176e+00,9.997768402099609375e-01
5.012500000000000178e+00,3.149446635223767643e+01,-2.030408978462219238e-01,-2.038363069295883179e-01,1.000003933906555176e+00,9.997768402099609375e-01
5.025000000000000355e+00,3.157300616857742170e+01,-2.025053650140762329e-01,-2.032970637083053589e-01,1.000003933906555176e+00,9.997767210006713867e-01
5.037500000000000533e+00,3.165154598491716698e+01,-1.991336792707443237e-01,-1.999166160821914673e-01,1.000003933906555176e+00,9.997767806053161621e-01
5.050000000000000711e+00,3.173008580125691225e+01,-1.872083693742752075e-01,-1.879761070013046265e-01,1.000004053115844727e+00,9.997767210006713867e-01
5.062500000000000000e+00,3.180862561759665397e+01,-1.569934189319610596e-01,-1.577402502298355103e-01,1.000003933906555176e+00,9.997768402099609375e-01
5.075000000000000178e+00,3.188716543393639924e+01,-9.651065617799758911e-02,-9.723570197820663452e-02,1.000003933906555176e+00,9.997767806053161621e-01
5.087500000000000355e+00,3.196570525027614451e+01,2.470137318596243858e-03,1.757616177201271057e-03,1.000003933906555176e+00,9.997767806053161621e-01
5.099999999999999645e+00,3.204424506661588623e+01,1.335844397544860840e-01,1.328602731227874756e-01,1.000004053115844727e+00,9.997767806053161621e-01
5.112499999999999822e+00,3.212278488295563506e+01,2.635665237903594971e-01,2.627944052219390869e-01,1.000004053115844727e+00,9.997767806053161621e-01
5.125000000000000000e+00,3.220132469929537677e+01,3.286378085613250732e-01,3.277793228626251221e-01,1.000004053115844727e+00,9.997767806053161621e-01
5.137500000000000178e+00,3.227986451563512560e+01,2.546659708023071289e-01,2.537095844745635986e-01,1.000004053115844727e+00,9.997767806053161621e-01
5.149999999999999467e+00,3.235840433197486732e+01,9.377377107739448547e-03,8.369695395231246948e-03,1.000003933906555176e+00,9.997767806053161621e-01
5.162500000000000533e+00,3.243694414831461614e+01,-3.329440355300903320e-01,-3.338944613933563232e-01,1.000004053115844727e+00,9.997767806053161621e-01
5.174999999999999822e+00,3.251548396465435786e+01,-5.740699768066406250e-01,-5.748341679573059082e-01,1.000004053115844727e+00,9.997767210006713867e-01
5.187500000000000888e+00,3.259402378099410669e+01,-4.915022552013397217e-01,-4.920350313186645508e-01,1.000004172325134277e+00,9.997767210006713867e-01
5.200000000000000178e+00,3.267256359733384841e+01,-4.727802425622940063e-02,-4.770049825310707092e-02,1.000004172325134277e+00,9.997766017913818359e-01
5.212499999999999467e+00,3.275110341367359013e+01,4.596750736236572266e-01,4.591236412525177002e-01,1.000004172325134277e+00,9.997765421867370605e-01
5.225000000000000533e+00,3.282964323001333895e+01,5.442293882369995117e-01,5.433938503265380859e-01,1.000004172325134277e+00,9.997763633728027344e-01
5.237499999999999822e+00,3.290818304635308067e+01,1.709515973925590515e-02,1.611408032476902008e-02,1.000004291534423828e+00,9.997762441635131836e-01
5.250000000000000000e+00,3.298672286269282949e+01,-6.454980969429016113e-01,-6.462652683258056641e-01,1.000004291534423828e+00,9.997760653495788574e-01
5.262500000000000178e+00,3.306526267903257121e+01,-6.551679372787475586e-01,-6.555339097976684570e-01,1.000004410743713379e+00,9.997756481170654297e-01
5.275000000000000355e+00,3.314380249537232004e+01,1.178606748580932617e-01,1.176245287060737610e-01,1.000004410743713379e+00,9.997753500938415527e-01
5.287499999999999645e+00,3.322234231171206176e+01,7.370564937591552734e-01,7.365061640739440918e-01,1.000004410743713379e+00,9.997749328613281250e-01
5.300000000000000711e+00,3.330088212805181058e+01,2.869020998477935791e-01,2.860409021377563477e-01,1.000004410743713379e+00,9.997745156288146973e-01
5.312500000000000000e+00,3.337942194439155230e+01,-6.858268976211547852e-01,-6.864949464797973633e-01,1.000004529953002930e+00,9.997739791870117188e-01
5.324999999999999289e+00,3.345796176073129402e+01,-7.001052498817443848e-01,-7.003122568130493164e-01,1.000004529953002930e+00,9.997732639312744141e-01
5.337500000000000355e+00,3.353650157707104285e+01,3.724310994148254395e-01,3.722669482231140137e-01,1.000004529953002930e+00,9.997725486755371094e-01
5.349999999999999645e+00,3.361504139341078456e+01,8.122732043266296387e-01,8.117215633392333984e-01,1.000004529953002930e+00,9.997716546058654785e-01
5.362500000000000711e+00,3.369358120975053339e+01,-2.033617943525314331e-01,-2.040088772773742676e-01,1.000004529953002930e+00,9.997707009315490723e-01
5.375000000000000000e+00,3.377212102609027511e+01,-9.438310861587524414e-01,-9.440890550613403320e-01,1.000004529953002930e+00,9.997695684432983398e-01
5.387500000000000178e+00,3.385066084243002393e+01,-1.285420265048742294e-02,-1.291876379400491714e-02,1.000004649162292480e+00,9.997683167457580566e-01
5.400000000000000355e+00,3.392920065876976565e+01,9.272466301918029785e-01,9.269261956214904785e-01,1.000004649162292480e+00,9.997670650482177734e-01
5.412499999999999645e+00,3.400774047510950737e+01,6.343955546617507935e-02,6.301937997341156006e-02,1.000004768371582031e+00,9.997656941413879395e-01
5.424999999999999822e+00,3.408628029144925620e+01,-9.804077744483947754e-01,-9.805707931518554688e-01,1.000004768371582031e+00,9.997642040252685547e-01
5.437500000000000000e+00,3.416482010778899792e+01,-1.232344359159469604e-01,-1.233039945363998413e-01,1.000004649162292480e+00,9.997626543045043945e-01
5.450000000000000178e+00,3.424335992412874674e+01,9.693588018417358398e-01,9.691669940948486328e-01,1.000004768371582031e+00,9.997609853744506836e-01
5.462499999999999467e+00,3.432189974046848846e+01,8.240650594234466553e-02,8.228830993175506592e-02,1.000004768371582031e+00,9.997592568397521973e-01
5.475000000000000533e+00,3.440043955680823728e+01,-9.976288080215454102e-01,-9.976360201835632324e-01,1.000004887580871582e+00,9.997575879096984863e-01
5.487499999999999822e+00,3.447897937314797900e+01,-4.255712032318115234e-02,-4.267466813325881958e-02,1.000004887580871582e+00,9.997556805610656738e-01
5.499999999999999112e+00,3.455751918948772072e+01,9.976988434791564941e-01,9.976376295089721680e-01,1.000004887580871582e+00,9.997540116310119629e-01
5.512500000000000178e+00,3.463605900582746955e+01,-1.834458671510219574e-02,-1.812823116779327393e-02,1.000004768371582031e+00,9.997522830963134766e-01
5.524999999999999467e+00,3.471459882216721127e+01,-9.882118105888366699e-01,-9.880937933921813965e-01,1.000005006790161133e+00,9.997504353523254395e-01
5.537500000000000533e+00,3.479313863850696009e+01,7.939790189266204834e-02,7.922592759132385254e-02,1.000004887580871582e+00,9.997487068176269531e-01
5.549999999999999822e+00,3.487167845484670181e+01,9.921664595603942871e-01,9.922736883163452148e-01,1.000004887580871582e+00,9.997469782829284668e-01
5.562500000000000000e+00,3.495021827118645064e+01,-7.855809479951858521e-02,-7.802388817071914673e-02,1.000004887580871582e+00,9.997453689575195312e-01
5.575000000000000178e+00,3.502875808752619236e+01,-9.508764743804931641e-01,-9.506460428237915039e-01,1.000004887580871582e+00,9.997438192367553711e-01
5.587500000000000355e+00,3.510729790386594118e+01,8.164293318986892700e-02,8.144959062337875366e-02,1.000004887580871582e+00,9.997423291206359863e-01
5.599999999999999645e+00,3.518583772020568290e+01,9.693692922592163086e-01,9.695981740951538086e-01,1.000005006790161133e+00,9.997408986091613770e-01
5.612499999999999822e+00,3.526437753654542462e+01,5.136694386601448059e-02,5.216185748577117920e-02,1.000004887580871582e+00,9.997397661209106445e-01
5.625000000000000000e+00,3.534291735288517344e+01,-8.907477855682373047e-01,-8.902970552444458008e-01,1.000005006790161133e+00,9.997385740280151367e-01
5.637499999999999289e+00,3.542145716922491516e+01,-1.640838384628295898e-01,-1.642229408025741577e-01,1.000005006790161133e+00,9.997375011444091797e-01
5.650000000000000355e+00,3.549999698556466399e+01,8.676121830940246582e-01,8.677775263786315918e-01,1.000005125999450684e+00,9.997366070747375488e-01
5.662499999999999645e+00,3.557853680190440571e+01,4.525428712368011475e-01,4.534405469894409180e-01,1.000005125999450684e+00,9.997357130050659180e-01
5.675000000000000711e+00,3.565707661824415453e+01,-6.198175549507141113e-01,-6.189529895782470703e-01,1.000005006790161133e+00,9.997349977493286133e-01
5.687500000000000000e+00,3.573561643458389625e+01,-6.210579872131347656e-01,-6.208730340003967285e-01,1.000005006790161133e+00,9.997344017028808594e-01
5.700000000000000178e+00,3.581415625092364508e+01,3.516113460063934326e-01,3.515872657299041748e-01,1.000005006790161133e+00,9.997338056564331055e-01
5.712500000000000355e+00,3.589269606726338679e+01,8.217155933380126953e-01,8.222712278366088867e-01,1.000005125999450684e+00,9.997333288192749023e-01
5.724999999999999645e+00,3.597123588360312851e+01,2.190124988555908203e-01,2.201146781444549561e-01,1.000005006790161133e+00,9.997329115867614746e-01
5.737499999999999822e+00,3.604977569994287734e+01,-5.563021302223205566e-01,-5.553550720214843750e-01,1.000005125999450684e+00,9.997326135635375977e-01
5.750000000000000000e+00,3.612831551628261906e+01,-5.577701926231384277e-01,-5.573816895484924316e-01,1.000005125999450684e+00,9.997323751449584961e-01
5.762500000000000178e+00,3.620685533262236788e+01,1.026512011885643005e-01,1.027855724096298218e-01,1.000005125999450684e+00,9.997321963310241699e-01
5.774999999999999467e+00,3.628539514896210960e+01,6.410523056983947754e-01,6.414802074432373047e-01,1.000005125999450684e+00,9.997320175170898438e-01
5.787500000000000533e+00,3.636393496530185843e+01,5.714275836944580078e-01,5.723453760147094727e-01,1.000005125999450684e+00,9.997318983078002930e-01
5.799999999999999822e+00,3.644247478164160015e+01,7.227804511785507202e-02,7.343859225511550903e-02,1.000005245208740234e+00,9.997318983078002930e-01
5.812499999999999112e+00,3.652101459798134186e+01,-3.734732270240783691e-01,-3.724417090415954590e-01,1.000005245208740234e+00,9.997317790985107422e-01
5.825000000000000178e+00,3.659955441432109069e+01,-4.616426527500152588e-01,-4.609213471412658691e-01,1.000005245208740234e+00,9.997317194938659668e-01
5.837499999999999467e+00,3.667809423066083241e+01,-2.239314019680023193e-01,-2.234485298395156860e-01,1.000005245208740234e+00,9.997316598892211914e-01
5.850000000000000533e+00,3.675663404700058123e+01,1.198910325765609741e-01,1.203301027417182922e-01,1.000005245208740234e+00,9.997316002845764160e-01
5.862499999999999822e+00,3.683517386334032295e+01,3.705440163612365723e-01,3.711049854755401611e-01,1.000005364418029785e+00,9.997316002845764160e-01
5.875000000000000000e+00,3.691371367968007178e+01,4.510974884033203125e-01,4.518453776836395264e-01,1.000005364418029785e+00,9.997316002845764160e-01
5.887500000000000178e+00,3.699225349601981350e+01,3.916299343109130859e-01,3.925418555736541748e-01,1.000005364418029785e+00,9.997316002845764160e-01
5.899999999999999467e+00,3.707079331235955522e+01,2.653447091579437256e-01,2.663572132587432861e-01,1.000005364418029785e+00,9.997316598892211914e-01
5.912499999999999645e+00,3.714933312869930404e+01,1.361429542303085327e-01,1.371937245130538940e-01,1.000005364418029785e+00,9.997316002845764160e-01
5.924999999999999822e+00,3.722787294503904576e+01,3.788167610764503479e-02,3.892963752150535583e-02,1.000005364418029785e+00,9.997316598892211914e-01
5.937500000000000000e+00,3.730641276137879458e+01,-2.247465215623378754e-02,-2.144645154476165771e-02,1.000005364418029785e+00,9.997316598892211914e-01
5.949999999999999289e+00,3.738495257771853630e+01,-5.275511369109153748e-02,-5.174882709980010986e-02,1.000005245208740234e+00,9.997316598892211914e-01
5.962500000000000355e+00,3.746349239405828513e+01,-6.475216895341873169e-02,-6.376233696937561035e-02,1.000005245208740234e+00,9.997316598892211914e-01
5.974999999999999645e+00,3.754203221039802685e+01,-6.815658509731292725e-02,-6.717611104249954224e-02,1.000005125999450684e+00,9.997317790985107422e-01
5.987500000000000711e+00,3.762057202673777567e+01,-6.869935989379882812e-02,-6.772258877754211426e-02,1.000005245208740234e+00,9.997317194938659668e-01
6.000000000000000000e+00,3.769911184307751739e+01,-6.872350722551345825e-02,-6.774769723415374756e-02,1.000005245208740234e+00,9.997317194938659668e-01
6.012499999999999289e+00,3.777765165941725911e+01,-6.874763220548629761e-02,-6.777267903089523315e-02,1.000005245208740234e+00,9.997317790985107422e-01
6.025000000000000355e+00,3.785619147575700794e+01,-6.928737461566925049e-02,-6.831628829240798950e-02,1.000005245208740234e+00,9.997317790985107422e-01
6.037499999999999645e+00,3.793473129209674966e+01,-7.266123592853546143e-02,-7.169977575540542603e-02,1.000005245208740234e+00,9.997317790985107422e-01
6.050000000000000711e+00,3.801327110843649848e+01,-8.450615406036376953e-02,-8.356329053640365601e-02,1.000005245208740234e+00,9.997318387031555176e-01
6.062500000000000000e+00,3.809181092477624020e+01,-1.142848879098892212e-01,-1.133709996938705444e-01,1.000005125999450684e+00,9.997317790985107422e-01
6.075000000000000178e+00,3.817035074111598902e+01,-1.733803004026412964e-01,-1.725038141012191772e-01,1.000005245208740234e+00,9.997318983078002930e-01
6.087500000000000355e+00,3.824889055745573074e+01,-2.690692543983459473e-01,-2.682320177555084229e-01,1.000005245208740234e+00,9.997318983078002930e-01
6.100000000000000533e+00,3.832743037379547957e+01,-3.939087688922882080e-01,-3.930951952934265137e-01,1.000005125999450684e+00,9.997318387031555176e-01
6.112499999999999822e+00,3.840597019013522129e+01,-5.140761733055114746e-01,-5.132490396499633789e-01,1.000005125999450684e+00,9.997317790985107422e-01
6.125000000000000000e+00,3.848451000647496301e+01,-5.667472481727600098e-01,-5.658529400825500488e-01,1.000005245208740234e+00,9.997317790985107422e-01
6.137500000000000178e+00,3.856304982281471183e+01,-4.810342192649841309e-01,-4.800262451171875000e-01,1.000005245208740234e+00,9.997318387031555176e-01
6.149999999999999467e+00,3.864158963915445355e+01,-2.296463698148727417e-01,-2.285272181034088135e-01,1.000005125999450684e+00,9.997318387031555176e-01
6.162500000000000533e+00,3.872012945549420238e+01,1.092444434762001038e-01,1.103891506791114807e-01,1.000005125999450684e+00,9.997318387031555176e-01
6.174999999999999822e+00,3.879866927183394409e+01,3.390334546566009521e-01,3.400524556636810303e-01,1.000005125999450684e+00,9.997318387031555176e-01
6.187500000000000888e+00,3.887720908817369292e+01,2.468396276235580444e-01,2.476062625646591187e-01,1.000005125999450684e+00,9.997318387031555176e-01
6.200000000000000178e+00,3.895574890451343464e+01,-1.920966953039169312e-01,-1.915551722049713135e-01,1.000005125999450684e+00,9.997317790985107422e-01
6.212499999999999467e+00,3.903428872085317636e+01,-6.739685535430908203e-01,-6.734296083450317383e-01,1.000005125999450684e+00,9.997316598892211914e-01
6.225000000000000533e+00,3.911282853719292518e+01,-7.271537184715270996e-01,-7.263593673706054688e-01,1.000005006790161133e+00,9.997315406799316406e-01
6.237499999999999822e+00,3.919136835353266690e+01,-1.874349117279052734e-01,-1.863663345575332642e-01,1.000005125999450684e+00,9.997313618659973145e-01
6.250000000000000000e+00,3.926990816987241573e+01,4.583931565284729004e-01,4.594146609306335449e-01,1.000005125999450684e+00,9.997311830520629883e-01
6.262500000000000178e+00,3.934844798621215745e+01,4.456622302532196045e-01,4.462853074073791504e-01,1.000005125999450684e+00,9.997309446334838867e-01
6.275000000000000355e+00,3.942698780255190627e+01,-3.174204230308532715e-01,-3.171269893646240234e-01,1.000005125999450684e+00,9.997307062149047852e-01
6.287499999999999645e+00,3.950552761889164799e+01,-8.920987248420715332e-01,-8.916558027267456055e-01,1.000005125999450684e+00,9.997302889823913574e-01
6.299999999999999822e+00,3.958406743523138971e+01,-4.105939865112304688e-01,-4.097321629524230957e-01,1.000005125999450684e+00,9.997299313545227051e-01
6.312500000000000000e+00,3.966260725157113853e+01,5.437616109848022461e-01,5.446745157241821289e-01,1.000005245208740234e+00,9.997293949127197266e-01
6.324999999999999289e+00,3.974114706791088025e+01,5.268133878707885742e-01,5.272685885429382324e-01,1.000005245208740234e+00,9.997287392616271973e-01
6.337500000000000355e+00,3.981968688425062908e+01,-5.252485871315002441e-01,-5.251160264015197754e-01,1.000005245208740234e+00,9.997280836105346680e-01
6.349999999999999645e+00,3.989822670059037080e+01,-9.074184298515319824e-01,-9.070197343826293945e-01,1.000005364418029785e+00,9.997272491455078125e-01
6.362500000000000711e+00,3.997676651693011962e+01,1.211977303028106689e-01,1.219479590654373169e-01,1.000005364418029785e+00,9.997262954711914062e-01
6.375000000000000000e+00,4.005530633326986134e+01,8.202320337295532227e-01,8.207845687866210938e-01,1.000005364418029785e+00,9.997252821922302246e-01
6.387500000000000178e+00,4.013384614960961017e+01,-1.154960915446281433e-01,-1.153842583298683167e-01,1.000005364418029785e+00,9.997240900993347168e-01
6.400000000000000355e+00,4.021238596594935188e+01,-9.938727617263793945e-01,-9.937579035758972168e-01,1.000005364418029785e+00,9.997228384017944336e-01
6.412499999999999645e+00,4.029092578228909360e+01,-9.855784475803375244e-02,-9.812086820602416992e-02,1.000005483627319336e+00,9.997214078903198242e-01
6.424999999999999822e+00,4.036946559862884243e+01,9.031036496162414551e-01,9.035570025444030762e-01,1.000005364418029785e+00,9.997199773788452148e-01
6.437500000000000000e+00,4.044800541496858415e+01,3.179935365915298462e-02,3.192363679409027100e-02,1.000005364418029785e+00,9.997183680534362793e-01
6.450000000000000178e+00,4.052654523130833297e+01,-9.966663718223571777e-01,-9.967173933982849121e-01,1.000005364418029785e+00,9.997168779373168945e-01
6.462499999999999467e+00,4.060508504764807469e+01,-7.485555112361907959e-02,-7.474178820848464966e-02,1.000005364418029785e+00,9.997150897979736328e-01
6.475000000000000533e+00,4.068362486398782352e+01,9.601248502731323242e-01,9.604146480560302734e-01,1.000005364418029785e+00,9.997133612632751465e-01
6.487499999999999822e+00,4.076216468032756524e+01,-6.543964147567749023e-03,-6.415392737835645676e-03,1.000005483627319336e+00,9.997115731239318848e-01
6.500000000000000888e+00,4.084070449666731406e+01,-9.789780378341674805e-01,-9.791933298110961914e-01,1.000005483627319336e+00,9.997097849845886230e-01
6.512500000000000178e+00,4.091924431300705578e+01,6.630294024944305420e-02,6.609424203634262085e-02,1.000005483627319336e+00,9.997079968452453613e-01
6.524999999999999467e+00,4.099778412934679750e+01,9.884533882141113281e-01,9.886029362678527832e-01,1.000005483627319336e+00,9.997060894966125488e-01
6.537500000000000533e+00,4.107632394568654632e+01,-8.391322940587997437e-02,-8.378666639328002930e-02,1.000005602836608887e+00,9.997044205665588379e-01
6.549999999999999822e+00,4.115486376202628804e+01,-9.280523657798767090e-01,-9.284603595733642578e-01,1.000005602836608887e+00,9.997027516365051270e-01
6.562500000000000000e+00,4.123340357836603687e+01,1.662077158689498901e-01,1.656817644834518433e-01,1.000005602836608887e+00,9.997011423110961914e-01
6.575000000000000178e+00,4.131194339470577859e+01,9.919419288635253906e-01,9.919553399085998535e-01,1.000005602836608887e+00,9.996996521949768066e-01
6.587500000000000355e+00,4.139048321104552741e+01,-4.380269348621368408e-02,-4.367793351411819458e-02,1.000005602836608887e+00,9.996981620788574219e-01
6.599999999999999645e+00,4.146902302738526913e+01,-8.671543598175048828e-01,-8.677038550376892090e-01,1.000005602836608887e+00,9.996967911720275879e-01
6.612499999999999822e+00,4.154756284372501085e+01,7.770745456218719482e-02,7.686669379472732544e-02,1.000005602836608887e+00,9.996956586837768555e-01
6.625000000000000000e+00,4.162610266006475968e+01,9.799227714538574219e-01,9.796872735023498535e-01,1.000005602836608887e+00,9.996944069862365723e-01
6.637499999999999289e+00,4.170464247640450139e+01,2.393528968095779419e-01,2.394750416278839111e-01,1.000005602836608887e+00,9.996933937072753906e-01
6.650000000000000355e+00,4.178318229274425022e+01,-7.409445643424987793e-01,-7.414293885231018066e-01,1.000005602836608887e+00,9.996924400329589844e-01
6.662499999999999645e+00,4.186172210908399194e+01,-2.842431068420410156e-01,-2.853254675865173340e-01,1.000005602836608887e+00,9.996915459632873535e-01
6.675000000000000711e+00,4.194026192542374076e+01,7.683436274528503418e-01,7.676063179969787598e-01,1.000005722045898438e+00,9.996908307075500488e-01
6.687500000000000000e+00,4.201880174176348248e+01,7.386002540588378906e-01,7.385221719741821289e-01,1.000005722045898438e+00,9.996901750564575195e-01
6.699999999999999289e+00,4.209734155810322420e+01,-2.159382998943328857e-01,-2.161081880331039429e-01,1.000005722045898438e+00,9.996895790100097656e-01
6.712500000000000355e+00,4.217588137444297303e+01,-6.374222040176391602e-01,-6.383033394813537598e-01,1.000005602836608887e+00,9.996891617774963379e-01
6.724999999999999645e+00,4.225442119078271475e+01,-1.312860008329153061e-02,-1.436838693916797638e-02,1.000005722045898438e+00,9.996888041496276855e-01
6.737499999999999822e+00,4.233296100712246357e+01,7.430762648582458496e-01,7.422162890434265137e-01,1.000005722045898438e+00,9.996884465217590332e-01
6.750000000000000000e+00,4.241150082346220529e+01,7.222966551780700684e-01,7.219782471656799316e-01,1.000005602836608887e+00,9.996882677078247070e-01
6.762500000000000178e+00,4.249004063980195411e+01,6.993561983108520508e-02,6.966347992420196533e-02,1.000005722045898438e+00,9.996880292892456055e-01
6.774999999999999467e+00,4.256858045614169583e+01,-4.358858466148376465e-01,-4.366097152233123779e-01,1.000005602836608887e+00,9.996877908706665039e-01
6.787500000000000533e+00,4.264712027248144466e+01,-3.377852141857147217e-01,-3.389701843261718750e-01,1.000005602836608887e+00,9.996877312660217285e-01
6.799999999999999822e+00,4.272566008882118638e+01,1.675664633512496948e-01,1.662928462028503418e-01,1.000005602836608887e+00,9.996876120567321777e-01
6.812499999999999112e+00,4.280419990516092810e+01,6.019056439399719238e-01,6.008876562118530273e-01,1.000005602836608887e+00,9.996876120567321777e-01
6.825000000000000178e+00,4.288273972150067692e+01,6.772451996803283691e-01,6.765534877777099609e-01,1.000005602836608887e+00,9.996874928474426270e-01
6.837499999999999467e+00,4.296127953784041864e+01,4.371822178363800049e-01,4.366485476493835449e-01,1.000005602836608887e+00,9.996875524520874023e-01
6.850000000000000533e+00,4.303981935418016747e+01,1.028030365705490112e-01,1.022060438990592957e-01,1.000005602836608887e+00,9.996874928474426270e-01
6.862499999999999822e+00,4.311835917051990918e+01,-1.324442774057388306e-01,-1.332374662160873413e-01,1.000005602836608887e+00,9.996875524520874023e-01
6.875000000000000000e+00,4.319689898685965801e+01,-1.983565986156463623e-01,-1.993587613105773926e-01,1.000005722045898438e+00,9.996874332427978516e-01
6.887500000000000178e+00,4.327543880319939973e+01,-1.288257092237472534e-01,-1.299719810485839844e-01,1.000005722045898438e+00,9.996874928474426270e-01
6.900000000000000355e+00,4.335397861953914855e+01,2.466126810759305954e-03,1.257971860468387604e-03,1.000005722045898438e+00,9.996874332427978516e-01
6.912499999999999645e+00,4.343251843587889027e+01,1.330580413341522217e-01,1.318491548299789429e-01,1.000005841255187988e+00,9.996874332427978516e-01
6.924999999999999822e+00,4.351105825221863199e+01,2.309100180864334106e-01,2.297316342592239380e-01,1.000005841255187988e+00,9.996874332427978516e-01
6.937500000000000000e+00,4.358959806855838082e+01,2.903858423233032227e-01,2.892443835735321045e-01,1.000005841255187988e+00,9.996874928474426270e-01
6.949999999999999289e+00,4.366813788489812254e+01,3.199671804904937744e-01,3.188554644584655762e-01,1.000005841255187988e+00,9.996874928474426270e-01
6.962500000000000355e+00,4.374667770123787136e+01,3.315958082675933838e-01,3.305031955242156982e-01,1.000005841255187988e+00,9.996874928474426270e-01
6.974999999999999645e+00,4.382521751757761308e+01,3.348709642887115479e-01,3.337880969047546387e-01,1.000005841255187988e+00,9.996874928474426270e-01
6.987500000000000711e+00,4.390375733391736190e+01,3.353892564773559570e-01,3.343100547790527344e-01,1.000005960464477539e+00,9.996874928474426270e-01
7.000000000000000000e+00,4.398229715025710362e+01,3.354121446609497070e-01,3.343338966369628906e-01,1.000005841255187988e+00,9.996875524520874023e-01
7.012499999999999289e+00,4.406083696659684534e+01,3.354347944259643555e-01,3.343573808670043945e-01,1.000005841255187988e+00,9.996875524520874023e-01
7.025000000000000355e+00,4.413937678293659417e+01,3.359387218952178955e-01,3.348651230335235596e-01,1.000005841255187988e+00,9.996875524520874023e-01
7.037499999999999645e+00,4.421791659927633589e+01,3.390642702579498291e-01,3.380009829998016357e-01,1.000005841255187988e+00,9.996874928474426270e-01
7.050000000000000711e+00,4.429645641561608471e+01,3.499499857425689697e-01,3.489081561565399170e-01,1.000005841255187988e+00,9.996876120567321777e-01
7.062500000000000000e+00,4.437499623195582643e+01,3.770825564861297607e-01,3.760783076286315918e-01,1.000005722045898438e+00,9.996876716613769531e-01
7.075000000000000178e+00,4.445353604829557526e+01,4.304045438766479492e-01,4.294565916061401367e-01,1.000005841255187988e+00,9.996876120567321777e-01
7.087500000000000355e+00,4.453207586463531698e+01,5.157017707824707031e-01,5.148239731788635254e-01,1.000005841255187988e+00,9.996875524520874023e-01
7.099999999999999645e+00,4.461061568097505869e+01,6.250020861625671387e-01,6.241927742958068848e-01,1.000005841255187988e+00,9.996876120567321777e-01
7.112499999999999822e+00,4.468915549731480752e+01,7.264358997344970703e-01,7.256605625152587891e-01,1.000005841255187988e+00,9.996876120567321777e-01
7.125000000000000000e+00,4.476769531365454924e+01,7.627978324890136719e-01,7.619851827621459961e-01,1.000005841255187988e+00,9.996875524520874023e-01
7.137500000000000178e+00,4.484623512999429806e+01,6.717034578323364258e-01,6.707640886306762695e-01,1.000005841255187988e+00,9.996875524520874023e-01
7.149999999999999467e+00,4.492477494633403978e+01,4.328714907169342041e-01,4.317479133605957031e-01,1.000005960464477539e+00,9.996875524520874023e-01
7.162500000000000533e+00,4.500331476267378861e+01,1.225629448890686035e-01,1.212996840476989746e-01,1.000005841255187988e+00,9.996874332427978516e-01
7.174999999999999822e+00,4.508185457901353033e+01,-7.883631438016891479e-02,-8.006567507982254028e-02,1.000005841255187988e+00,9.996874332427978516e-01
7.187500000000000888e+00,4.516039439535327915e+01,1.614245958626270294e-02,1.517374999821186066e-02,1.000005841255187988e+00,9.996874332427978516e-01
7.200000000000000178e+00,4.523893421169302087e+01,4.172177016735076904e-01,4.166103005409240723e-01,1.000005841255187988e+00,9.996873736381530762e-01
7.212499999999999467e+00,4.531747402803276259e+01,8.382462859153747559e-01,8.378192186355590820e-01,1.000005960464477539e+00,9.996873140335083008e-01
7.225000000000000533e+00,4.539601384437251141e+01,8.561153411865234375e-01,8.554877638816833496e-01,1.000005841255187988e+00,9.996872544288635254e-01
7.237499999999999822e+00,4.547455366071225313e+01,3.438623845577239990e-01,3.428075909614562988e-01,1.000005960464477539e+00,9.996870160102844238e-01
7.250000000000000000e+00,4.555309347705200196e+01,-2.372725307941436768e-01,-2.385105788707733154e-01,1.000005960464477539e+00,9.996867775917053223e-01
7.262500000000000178e+00,4.563163329339174368e+01,-2.030837237834930420e-01,-2.039594352245330811e-01,1.000005960464477539e+00,9.996864795684814453e-01
7.275000000000000355e+00,4.571017310973149250e+01,4.934268593788146973e-01,4.931200742721557617e-01,1.000006079673767090e+00,9.996861815452575684e-01
7.287499999999999645e+00,4.578871292607123422e+01,9.809389114379882812e-01,9.807150959968566895e-01,1.000006079673767090e+00,9.996857643127441406e-01
7.300000000000000711e+00,4.586725274241098305e+01,5.038140416145324707e-01,5.030570030212402344e-01,1.000005960464477539e+00,9.996853470802307129e-01
7.312500000000000000e+00,4.594579255875072477e+01,-3.613415360450744629e-01,-3.624799847602844238e-01,1.000006079673767090e+00,9.996846318244934082e-01
7.324999999999999289e+00,4.602433237509046648e+01,-3.144224286079406738e-01,-3.151455521583557129e-01,1.000006198883056641e+00,9.996840953826904297e-01
7.337500000000000355e+00,4.610287219143021531e+01,6.390905380249023438e-01,6.390407085418701172e-01,1.000006198883056641e+00,9.996833205223083496e-01
7.349999999999999645e+00,4.618141200776995703e+01,9.352248907089233398e-01,9.350904822349548340e-01,1.000006198883056641e+00,9.996824860572814941e-01
7.362500000000000711e+00,4.625995182410970585e+01,-3.003641776740550995e-02,-3.084361366927623749e-02,1.000006079673767090e+00,9.996815323829650879e-01
7.375000000000000000e+00,4.633849164044944757e+01,-6.357613801956176758e-01,-6.366428136825561523e-01,1.000006198883056641e+00,9.996805191040039062e-01
7.387500000000000178e+00,4.641703145678919640e+01,2.352774888277053833e-01,2.351311594247817993e-01,1.000006198883056641e+00,9.996793270111083984e-01
7.400000000000000355e+00,4.649557127312893812e+01,9.867445826530456543e-01,9.869314432144165039e-01,1.000006198883056641e+00,9.996780157089233398e-01
7.412499999999999645e+00,4.657411108946867984e+01,1.263652294874191284e-01,1.259540319442749023e-01,1.000006198883056641e+00,9.996766448020935059e-01
7.424999999999999822e+00,4.665265090580842866e+01,-7.587792873382568359e-01,-7.595701813697814941e-01,1.000006198883056641e+00,9.996752142906188965e-01
7.437500000000000000e+00,4.673119072214817038e+01,6.199578940868377686e-02,6.181820482015609741e-02,1.000006318092346191e+00,9.996736645698547363e-01
7.450000000000000178e+00,4.680973053848791920e+01,9.500128626823425293e-01,9.503898620605468750e-01,1.000006318092346191e+00,9.996720552444458008e-01
7.462499999999999467e+00,4.688827035482766092e+01,6.175151839852333069e-02,6.165985018014907837e-02,1.000006437301635742e+00,9.996703267097473145e-01
7.475000000000000533e+00,4.696681017116740975e+01,-8.513708710670471191e-01,-8.520065546035766602e-01,1.000006437301635742e+00,9.996685981750488281e-01
7.487499999999999822e+00,4.704534998750715147e+01,5.515799671411514282e-02,5.502533912658691406e-02,1.000006556510925293e+00,9.996669292449951172e-01
7.499999999999999112e+00,4.712388980384689319e+01,8.876091241836547852e-01,8.881705999374389648e-01,1.000006675720214844e+00,9.996651411056518555e-01
7.512500000000000178e+00,4.720242962018664201e+01,-1.093395799398422241e-01,-1.091565340757369995e-01,1.000006556510925293e+00,9.996633529663085938e-01
7.524999999999999467e+00,4.728096943652638373e+01,-9.153448343276977539e-01,-9.158364534378051758e-01,1.000006675720214844e+00,9.996616840362548828e-01
7.537500000000000533e+00,4.735950925286613256e+01,8.219894021749496460e-02,8.213254064321517944e-02,1.000006675720214844e+00,9.996598958969116211e-01
7.549999999999999822e+00,4.743804906920587428e+01,7.950711250305175781e-01,7.958290576934814453e-01,1.000006794929504395e+00,9.996581673622131348e-01
7.562500000000000000e+00,4.751658888554562310e+01,-2.415198236703872681e-01,-2.410549968481063843e-01,1.000006675720214844e+00,9.996566772460937500e-01
7.575000000000000178e+00,4.759512870188536482e+01,-9.593988656997680664e-01,-9.597409367561340332e-01,1.000006794929504395e+00,9.996550679206848145e-01
7.587500000000000355e+00,4.767366851822511364e+01,2.709700493142008781e-03,2.663569292053580284e-03,1.000006794929504395e+00,9.996535181999206543e-01
7.599999999999999645e+00,4.775220833456485536e+01,7.005943655967712402e-01,7.014942169189453125e-01,1.000006794929504395e+00,9.996522068977355957e-01
7.612499999999999822e+00,4.783074815090459708e+01,-2.010096609592437744e-01,-2.001940310001373291e-01,1.000006794929504395e+00,9.996509552001953125e-01
7.625000000000000000e+00,4.790928796724434591e+01,-9.963789582252502441e-01,-9.964622259140014648e-01,1.000006914138793945e+00,9.996497631072998047e-01
7.637499999999999289e+00,4.798782778358408763e+01,-2.968598306179046631e-01,-2.969828546047210693e-01,1.000006914138793945e+00,9.996488094329833984e-01
7.650000000000000355e+00,4.806636759992383645e+01,5.593006610870361328e-01,5.601233243942260742e-01,1.000006914138793945e+00,9.996479153633117676e-01
7.662499999999999645e+00,4.814490741626357817e+01,9.486014395952224731e-02,9.606476128101348877e-02,1.000006914138793945e+00,9.996470808982849121e-01
7.675000000000000711e+00,4.822344723260332700e+01,-8.598466515541076660e-01,-8.593616485595703125e-01,1.000006914138793945e+00,9.996464252471923828e-01
7.687500000000000000e+00,4.830198704894306871e+01,-8.013292551040649414e-01,-8.014352321624755859e-01,1.000007033348083496e+00,9.996457099914550781e-01
7.700000000000000178e+00,4.838052686528281754e+01,6.425083428621292114e-02,6.460636109113693237e-02,1.000007033348083496e+00,9.996451139450073242e-01
7.712500000000000355e+00,4.845906668162255926e+01,4.058400988578796387e-01,4.070233702659606934e-01,1.000007033348083496e+00,9.996446371078491211e-01
7.724999999999999645e+00,4.853760649796230098e+01,-1.937166452407836914e-01,-1.924393028020858765e-01,1.000007152557373047e+00,9.996442794799804688e-01
7.737499999999999822e+00,4.861614631430204980e+01,-8.747000694274902344e-01,-8.740626573562622070e-01,1.000007152557373047e+00,9.996439814567565918e-01
7.750000000000000000e+00,4.869468613064179152e+01,-8.332149386405944824e-01,-8.330638408660888672e-01,1.000007152557373047e+00,9.996436238288879395e-01
7.762500000000000178e+00,4.877322594698154035e+01,-2.373245805501937866e-01,-2.369538396596908569e-01,1.000007152557373047e+00,9.996434450149536133e-01
7.774999999999999467e+00,4.885176576332128207e+01,1.983843445777893066e-01,1.993744373321533203e-01,1.000007152557373047e+00,9.996432065963745117e-01
7.787500000000000533e+00,4.893030557966103089e+01,7.908828556537628174e-02,8.047038316726684570e-02,1.000007152557373047e+00,9.996430873870849609e-01
7.799999999999999822e+00,4.900884539600077261e+01,-3.949679732322692871e-01,-3.936965167522430420e-01,1.000007271766662598e+00,9.996429681777954102e-01
7.812499999999999112e+00,4.908738521234051433e+01,-7.856629490852355957e-01,-7.847944498062133789e-01,1.000007271766662598e+00,9.996429085731506348e-01
7.825000000000000178e+00,4.916592502868026315e+01,-8.425827026367187500e-01,-8.420401811599731445e-01,1.000007271766662598e+00,9.996429085731506348e-01
7.837499999999999467e+00,4.924446484502000487e+01,-6.179808974266052246e-01,-6.174867153167724609e-01,1.000007271766662598e+00,9.996429085731506348e-01
7.850000000000000533e+00,4.932300466135975370e+01,-3.178571164608001709e-01,-3.171697556972503662e-01,1.000007271766662598e+00,9.996429085731506348e-01
7.862499999999999822e+00,4.940154447769949542e+01,-1.154729127883911133e-01,-1.145081371068954468e-01,1.000007390975952148e+00,9.996428489685058594e-01
7.875000000000000000e+00,4.948008429403924424e+01,-6.909201294183731079e-02,-6.790576875209808350e-02,1.000007390975952148e+00,9.996428489685058594e-01
7.887500000000000178e+00,4.955862411037898596e+01,-1.435268521308898926e-01,-1.422321051359176636e-01,1.000007390975952148e+00,9.996427893638610840e-01
7.899999999999999467e+00,4.963716392671872768e+01,-2.700827419757843018e-01,-2.687798142433166504e-01,1.000007390975952148e+00,9.996428489685058594e-01
7.912499999999999645e+00,4.971570374305847650e+01,-3.923725485801696777e-01,-3.911192715167999268e-01,1.000007390975952148e+00,9.996428489685058594e-01
7.924999999999999822e+00,4.979424355939821822e+01,-4.825541973114013672e-01,-4.813650846481323242e-01,1.000007390975952148e+00,9.996428489685058594e-01
7.937500000000000000e+00,4.987278337573796705e+01,-5.367370843887329102e-01,-5.356034636497497559e-01,1.000007390975952148e+00,9.996429085731506348e-01
7.949999999999999289e+00,4.995132319207770877e+01,-5.634242296218872070e-01,-5.623286366462707520e-01,1.000007390975952148e+00,9.996429681777954102e-01
7.962500000000000355e+00,5.002986300841745759e+01,-5.738213062286376953e-01,-5.727472305297851562e-01,1.000007390975952148e+00,9.996430277824401855e-01
7.974999999999999645e+00,5.010840282475719931e+01,-5.767242312431335449e-01,-5.756599903106689453e-01,1.000007390975952148e+00,9.996429681777954102e-01
7.987500000000000711e+00,5.018694264109694814e+01,-5.771795511245727539e-01,-5.761187076568603516e-01,1.000007390975952148e+00,9.996430277824401855e-01
8.000000000000000000e+00,5.026548245743668986e+01,-5.771995186805725098e-01,-5.761393904685974121e-01,1.000007390975952148e+00,9.996430277824401855e-01
8.012499999999999289e+00,5.034402227377643158e+01,-5.772191286087036133e-01,-5.761598348617553711e-01,1.000007390975952148e+00,9.996430277824401855e-01
8.025000000000000355e+00,5.042256209011618040e+01,-5.776498913764953613e-01,-5.765941143035888672e-01,1.000007271766662598e+00,9.996430873870849609e-01
8.037499999999999645e+00,5.050110190645592212e+01,-5.802953839302062988e-01,-5.792500376701354980e-01,1.000007390975952148e+00,9.996430277824401855e-01
8.050000000000000711e+00,5.057964172279567094e+01,-5.894141197204589844e-01,-5.883924961090087891e-01,1.000007390975952148e+00,9.996430873870849609e-01
8.062500000000000000e+00,5.065818153913541266e+01,-6.118875145912170410e-01,-6.109116077423095703e-01,1.000007390975952148e+00,9.996430277824401855e-01
8.075000000000001066e+00,5.073672135547516149e+01,-6.554797291755676270e-01,-6.545787453651428223e-01,1.000007390975952148e+00,9.996430873870849609e-01
8.087500000000000355e+00,5.081526117181490321e+01,-7.240550518035888672e-01,-7.232579588890075684e-01,1.000007271766662598e+00,9.996431469917297363e-01
8.100000000000001421e+00,5.089380098815465203e+01,-8.097074031829833984e-01,-8.090258240699768066e-01,1.000007271766662598e+00,9.996430277824401855e-01
8.112500000000000711e+00,5.097234080449439375e+01,-8.848812580108642578e-01,-8.842862844467163086e-01,1.000007390975952148e+00,9.996430873870849609e-01
8.125000000000000000e+00,5.105088062083413547e+01,-9.022361636161804199e-01,-9.016379714012145996e-01,1.000007390975952148e+00,9.996431469917297363e-01
8.137500000000001066e+00,5.112942043717388430e+01,-8.125210404396057129e-01,-8.117824196815490723e-01,1.000007390975952148e+00,9.996431469917297363e-01
8.150000000000000355e+00,5.120796025351362601e+01,-6.039652824401855469e-01,-6.029641628265380859e-01,1.000007390975952148e+00,9.996431469917297363e-01
8.162499999999999645e+00,5.128650006985337484e+01,-3.452638685703277588e-01,-3.439949452877044678e-01,1.000007390975952148e+00,9.996430277824401855e-01
8.175000000000000711e+00,5.136503988619311656e+01,-1.871985793113708496e-01,-1.858551651239395142e-01,1.000007510185241699e+00,9.996430277824401855e-01
8.187500000000000000e+00,5.144357970253286538e+01,-2.779136002063751221e-01,-2.768308222293853760e-01,1.000007510185241699e+00,9.996429681777954102e-01
8.199999999999999289e+00,5.152211951887260710e+01,-6.113693714141845703e-01,-6.107890009880065918e-01,1.000007390975952148e+00,9.996427893638610840e-01
8.212500000000000355e+00,5.160065933521234882e+01,-9.403149485588073730e-01,-9.401105046272277832e-01,1.000007510185241699e+00,9.996427297592163086e-01
8.224999999999999645e+00,5.167919915155209765e+01,-9.215439558029174805e-01,-9.212052822113037109e-01,1.000007390975952148e+00,9.996426701545715332e-01
8.237499999999998934e+00,5.175773896789183937e+01,-4.747682213783264160e-01,-4.738358259201049805e-01,1.000007390975952148e+00,9.996424913406372070e-01
8.250000000000000000e+00,5.183627878423158819e+01,-1.443763962015509605e-03,-6.949890666874125600e-05,1.000007271766662598e+00,9.996423125267028809e-01
8.262499999999999289e+00,5.191481860057132991e+01,-5.455215275287628174e-02,-5.348565056920051575e-02,1.000007271766662598e+00,9.996420145034790039e-01
8.275000000000000355e+00,5.199335841691107873e+01,-6.328077316284179688e-01,-6.325664520263671875e-01,1.000007390975952148e+00,9.996417760848999023e-01
8.287499999999999645e+00,5.207189823325082045e+01,-9.969837069511413574e-01,-9.970832467079162598e-01,1.000007390975952148e+00,9.996414780616760254e-01
8.299999999999998934e+00,5.215043804959056217e+01,-5.596413016319274902e-01,-5.590906143188476562e-01,1.000007390975952148e+00,9.996409416198730469e-01
8.312500000000000000e+00,5.222897786593031100e+01,1.521208435297012329e-01,1.534212082624435425e-01,1.000007390975952148e+00,9.996404647827148438e-01
8.324999999999999289e+00,5.230751768227005272e+01,7.871238887310028076e-02,7.966127246618270874e-02,1.000007390975952148e+00,9.996398687362670898e-01
8.337500000000000355e+00,5.238605749860980154e+01,-7.055041790008544922e-01,-7.056025266647338867e-01,1.000007390975952148e+00,9.996390938758850098e-01
8.349999999999999645e+00,5.246459731494954326e+01,-8.936299681663513184e-01,-8.938495516777038574e-01,1.000007390975952148e+00,9.996383190155029297e-01
8.362500000000000711e+00,5.254313713128929209e+01,-6.334631145000457764e-02,-6.254132837057113647e-02,1.000007390975952148e+00,9.996374249458312988e-01
8.375000000000000000e+00,5.262167694762903380e+01,4.041216373443603516e-01,4.053133428096771240e-01,1.000007390975952148e+00,9.996362924575805664e-01
8.387500000000001066e+00,5.270021676396878263e+01,-3.375971615314483643e-01,-3.374543488025665283e-01,1.000007390975952148e+00,9.996351599693298340e-01
8.400000000000000355e+00,5.277875658030852435e+01,-9.063938856124877930e-01,-9.069530367851257324e-01,1.000007510185241699e+00,9.996338486671447754e-01
8.412499999999999645e+00,5.285729639664826607e+01,-1.447917222976684570e-01,-1.444457322359085083e-01,1.000007510185241699e+00,9.996324777603149414e-01
8.425000000000000711e+00,5.293583621298801489e+01,5.581522583961486816e-01,5.592849254608154297e-01,1.000007510185241699e+00,9.996310472488403320e-01
8.437500000000000000e+00,5.301437602932775661e+01,-1.511898636817932129e-01,-1.509832739830017090e-01,1.000007510185241699e+00,9.996294379234313965e-01
8.450000000000001066e+00,5.309291584566750544e+01,-8.328620195388793945e-01,-8.336195945739746094e-01,1.000007629394531250e+00,9.996278882026672363e-01
8.462500000000000355e+00,5.317145566200724716e+01,-4.406395182013511658e-02,-4.400200024247169495e-02,1.000007748603820801e+00,9.996262192726135254e-01
8.474999999999999645e+00,5.324999547834699598e+01,6.794393658638000488e-01,6.804474592208862305e-01,1.000007748603820801e+00,9.996244311332702637e-01
8.487500000000000711e+00,5.332853529468673770e+01,-9.967949241399765015e-02,-9.956227988004684448e-02,1.000007867813110352e+00,9.996227025985717773e-01
8.500000000000000000e+00,5.340707511102648652e+01,-7.303725481033325195e-01,-7.313159108161926270e-01,1.000007867813110352e+00,9.996209144592285156e-01
8.512499999999999289e+00,5.348561492736622824e+01,1.442621350288391113e-01,1.441336423158645630e-01,1.000007867813110352e+00,9.996190667152404785e-01
8.525000000000000355e+00,5.356415474370596996e+01,7.743091583251953125e-01,7.751868367195129395e-01,1.000007867813110352e+00,9.996173381805419922e-01
8.537499999999999645e+00,5.364269456004571879e+01,-7.438401132822036743e-02,-7.439576089382171631e-02,1.000007867813110352e+00,9.996156096458435059e-01
8.549999999999998934e+00,5.372123437638546051e+01,-6.030867695808410645e-01,-6.042098402976989746e-01,1.000007867813110352e+00,9.996139407157897949e-01
8.562500000000000000e+00,5.379977419272520933e+01,2.989102602005004883e-01,2.985660731792449951e-01,1.000007987022399902e+00,9.996123313903808594e-01
8.574999999999999289e+00,5.387831400906495105e+01,8.556590676307678223e-01,8.563889861106872559e-01,1.000007867813110352e+00,9.996107816696166992e-01
8.587500000000000355e+00,5.395685382540469988e+01,3.858763724565505981e-02,3.854300454258918762e-02,1.000007987022399902e+00,9.996093511581420898e-01
8.599999999999999645e+00,5.403539364174444160e+01,-4.820381104946136475e-01,-4.832893013954162598e-01,1.000008106231689453e+00,9.996079802513122559e-01
8.612499999999998934e+00,5.411393345808418331e+01,3.093981742858886719e-01,3.086874186992645264e-01,1.000007987022399902e+00,9.996067285537719727e-01
8.625000000000000000e+00,5.419247327442393214e+01,9.388958215713500977e-01,9.393787980079650879e-01,1.000008106231689453e+00,9.996055364608764648e-01
8.637499999999999289e+00,5.427101309076367386e+01,3.323445022106170654e-01,3.324722051620483398e-01,1.000008106231689453e+00,9.996044039726257324e-01
8.650000000000000355e+00,5.434955290710342268e+01,-3.361411988735198975e-01,-3.373032808303833008e-01,1.000008225440979004e+00,9.996035099029541016e-01
8.662499999999999645e+00,5.442809272344316440e+01,1.015692055225372314e-01,1.003201156854629517e-01,1.000008106231689453e+00,9.996026754379272461e-01
8.675000000000000711e+00,5.450663253978291323e+01,8.875444531440734863e-01,8.874232172966003418e-01,1.000008106231689453e+00,9.996019601821899414e-01
8.687500000000000000e+00,5.458517235612265495e+01,8.046008348464965820e-01,8.049411177635192871e-01,1.000008106231689453e+00,9.996013641357421875e-01
8.699999999999999289e+00,5.466371217246239667e+01,9.221913665533065796e-02,9.167817234992980957e-02,1.000008106231689453e+00,9.996008276939392090e-01
8.712500000000000355e+00,5.474225198880214549e+01,-1.441297084093093872e-01,-1.455747783184051514e-01,1.000008106231689453e+00,9.996002912521362305e-01
8.724999999999999645e+00,5.482079180514188721e+01,3.861911594867706299e-01,3.849879801273345947e-01,1.000008225440979004e+00,9.995998740196228027e-01
8.737500000000000711e+00,5.489933162148163603e+01,9.414172768592834473e-01,9.411249160766601562e-01,1.000008225440979004e+00,9.995996356010437012e-01
8.750000000000000000e+00,5.497787143782137775e+01,8.823103904724121094e-01,8.823992013931274414e-01,1.000008225440979004e+00,9.995993375778198242e-01
8.762500000000001066e+00,5.505641125416112658e+01,3.871120810508728027e-01,3.866759836673736572e-01,1.000008225440979004e+00,9.995990991592407227e-01
8.775000000000000355e+00,5.513495107050086830e+01,5.385034903883934021e-02,5.263593047857284546e-02,1.000008106231689453e+00,9.995989799499511719e-01
8.787499999999999645e+00,5.521349088684061712e+01,1.854855865240097046e-01,1.839949637651443481e-01,1.000008225440979004e+00,9.995988607406616211e-01
8.800000000000000711e+00,5.529203070318035884e+01,5.930645465850830078e-01,5.919219851493835449e-01,1.000008225440979004e+00,9.995987415313720703e-01
8.812500000000000000e+00,5.537057051952010056e+01,9.111245274543762207e-01,9.105333089828491211e-01,1.000008225440979004e+00,9.995986819267272949e-01
8.824999999999999289e+00,5.544911033585984939e+01,9.454023838043212891e-01,9.451130032539367676e-01,1.000008225440979004e+00,9.995986223220825195e-01
8.837500000000000355e+00,5.552765015219959110e+01,7.529324293136596680e-01,7.525534033775329590e-01,1.000008106231689453e+00,9.995985627174377441e-01
8.849999999999999645e+00,5.560618996853933993e+01,5.093365907669067383e-01,5.086209177970886230e-01,1.000008225440979004e+00,9.995985627174377441e-01
8.862499999999998934e+00,5.568472978487908165e+01,3.548328876495361328e-01,3.537635803222656250e-01,1.000008225440979004e+00,9.995985031127929688e-01
8.875000000000000000e+00,5.576326960121883047e+01,3.314248323440551758e-01,3.301358520984649658e-01,1.000008225440979004e+00,9.995985627174377441e-01
8.887499999999999289e+00,5.584180941755857219e+01,4.052388370037078857e-01,4.038935005664825439e-01,1.000008225440979004e+00,9.995985031127929688e-01
8.900000000000000355e+00,5.592034923389832102e+01,5.176669955253601074e-01,5.163803100585937500e-01,1.000008225440979004e+00,9.995984435081481934e-01
8.912499999999999645e+00,5.599888905023806274e+01,6.225810647010803223e-01,6.213999390602111816e-01,1.000008225440979004e+00,9.995984435081481934e-01
8.924999999999998934e+00,5.607742886657780446e+01,6.983986496925354004e-01,6.973196864128112793e-01,1.000008225440979004e+00,9.995984435081481934e-01
8.937500000000000000e+00,5.615596868291755328e+01,7.432677745819091797e-01,7.422636747360229492e-01,1.000008225440979004e+00,9.995984435081481934e-01
8.949999999999999289e+00,5.623450849925729500e+01,7.650808095932006836e-01,7.641218304634094238e-01,1.000008225440979004e+00,9.995983839035034180e-01
8.962500000000000355e+00,5.631304831559704382e+01,7.734748125076293945e-01,7.725389003753662109e-01,1.000008225440979004e+00,9.995984435081481934e-01
8.974999999999999645e+00,5.639158813193678554e+01,7.757899165153503418e-01,7.748634219169616699e-01,1.000008225440979004e+00,9.995984435081481934e-01
8.987500000000000711e+00,5.647012794827653437e+01,7.761485576629638672e-01,7.752250432968139648e-01,1.000008225440979004e+00,9.995985031127929688e-01
9.000000000000000000e+00,5.654866776461627609e+01,7.761640548706054688e-01,7.752411961555480957e-01,1.000008106231689453e+00,9.995985627174377441e-01
9.012499999999999289e+00,5.662720758095601781e+01,7.761790752410888672e-01,7.752567529678344727e-01,1.000008225440979004e+00,9.995985627174377441e-01
9.025000000000000355e+00,5.670574739729576663e+01,7.765048146247863770e-01,7.755852937698364258e-01,1.000008106231689453e+00,9.995985627174377441e-01
9.037499999999999645e+00,5.678428721363550835e+01,7.784737944602966309e-01,7.775642275810241699e-01,1.000008106231689453e+00,9.995986223220825195e-01
9.050000000000000711e+00,5.686282702997525718e+01,7.851488590240478516e-01,7.842642664909362793e-01,1.000008225440979004e+00,9.995985627174377441e-01
9.062500000000000000e+00,5.694136684631499890e+01,8.012953400611877441e-01,8.004627823829650879e-01,1.000008106231689453e+00,9.995985627174377441e-01
9.075000000000001066e+00,5.701990666265474772e+01,8.319230675697326660e-01,8.311821818351745605e-01,1.000008106231689453e+00,9.995985627174377441e-01
9.087500000000000355e+00,5.709844647899448944e+01,8.786872029304504395e-01,8.780825734138488770e-01,1.000008106231689453e+00,9.995985627174377441e-01
9.099999999999999645e+00,5.717698629533423116e+01,9.343333840370178223e-01,9.338924288749694824e-01,1.000008225440979004e+00,9.995985627174377441e-01
9.112500000000000711e+00,5.725552611167397998e+01,9.776681065559387207e-01,9.773677587509155273e-01,1.000008106231689453e+00,9.995985031127929688e-01
9.125000000000000000e+00,5.733406592801372170e+01,9.747260808944702148e-01,9.744616746902465820e-01,1.000008106231689453e+00,9.995985031127929688e-01
9.137500000000001066e+00,5.741260574435347053e+01,8.930461406707763672e-01,8.926334381103515625e-01,1.000008106231689453e+00,9.995985031127929688e-01
9.150000000000000355e+00,5.749114556069321225e+01,7.302451729774475098e-01,7.294919490814208984e-01,1.000008106231689453e+00,9.995983839035034180e-01
9.162499999999999645e+00,5.756968537703296107e+01,5.423496365547180176e-01,5.411964654922485352e-01,1.000008106231689453e+00,9.995984435081481934e-01
9.175000000000000711e+00,5.764822519337270279e+01,4.393512904644012451e-01,4.380014538764953613e-01,1.000008106231689453e+00,9.995983242988586426e-01
9.187500000000000000e+00,5.772676500971245162e+01,5.190740823745727539e-01,5.179674029350280762e-01,1.000008225440979004e+00,9.995982646942138672e-01
9.199999999999999289e+00,5.780530482605219333e+01,7.601626515388488770e-01,7.596924304962158203e-01,1.000008225440979004e+00,9.995982050895690918e-01
9.212500000000000355e+00,5.788384464239193505e+01,9.726107120513916016e-01,9.727186560630798340e-01,1.000008225440979004e+00,9.995980858802795410e-01
9.224999999999999645e+00,5.796238445873168388e+01,9.185861945152282715e-01,9.186440706253051758e-01,1.000008225440979004e+00,9.995980858802795410e-01
9.237499999999998934e+00,5.804092427507142560e+01,5.704429745674133301e-01,5.697475075721740723e-01,1.000008225440979004e+00,9.995979070663452148e-01
9.250000000000000000e+00,5.811946409141117442e+01,2.400623857975006104e-01,2.386475801467895508e-01,1.000008225440979004e+00,9.995976686477661133e-01
9.262499999999999289e+00,5.819800390775091614e+01,3.081541657447814941e-01,3.069648444652557373e-01,1.000008225440979004e+00,9.995974898338317871e-01
9.275000000000000355e+00,5.827654372409066497e+01,7.252395749092102051e-01,7.251229882240295410e-01,1.000008344650268555e+00,9.995970726013183594e-01
9.287499999999999645e+00,5.835508354043040669e+01,9.390451908111572266e-01,9.395467638969421387e-01,1.000008344650268555e+00,9.995967745780944824e-01
9.300000000000000711e+00,5.843362335677015551e+01,5.739407539367675781e-01,5.736890435218811035e-01,1.000008344650268555e+00,9.995962381362915039e-01
9.312500000000000000e+00,5.851216317310989723e+01,6.839607656002044678e-02,6.701234728097915649e-02,1.000008463859558105e+00,9.995957016944885254e-01
9.324999999999999289e+00,5.859070298944963895e+01,1.628502011299133301e-01,1.617248207330703735e-01,1.000008463859558105e+00,9.995950460433959961e-01
9.337500000000000355e+00,5.866924280578938777e+01,7.195681333541870117e-01,7.198606133460998535e-01,1.000008463859558105e+00,9.995942711830139160e-01
9.349999999999999645e+00,5.874778262212912949e+01,7.857191562652587891e-01,7.863582968711853027e-01,1.000008463859558105e+00,9.995933771133422852e-01
9.362500000000000711e+00,5.882632243846887832e+01,1.520260572433471680e-01,1.512959450483322144e-01,1.000008463859558105e+00,9.995924830436706543e-01
9.375000000000000000e+00,5.890486225480862004e+01,-1.424873620271682739e-01,-1.439415067434310913e-01,1.000008583068847656e+00,9.995913505554199219e-01
9.387500000000001066e+00,5.898340207114836886e+01,4.148718714714050293e-01,4.147603809833526611e-01,1.000008583068847656e+00,9.995902776718139648e-01
9.400000000000000355e+00,5.906194188748811058e+01,7.587811350822448730e-01,7.597506046295166016e-01,1.000008583068847656e+00,9.995890259742736816e-01
9.412499999999999645e+00,5.914048170382785230e+01,1.524655222892761230e-01,1.522370129823684692e-01,1.000008583068847656e+00,9.995876550674438477e-01
9.425000000000000711e+00,5.921902152016760112e+01,-3.161059617996215820e-01,-3.175434172153472900e-01,1.000008583068847656e+00,9.995861053466796875e-01
9.437500000000000000e+00,5.929756133650734284e+01,2.291738986968994141e-01,2.289518266916275024e-01,1.000008583068847656e+00,9.995846748352050781e-01
9.450000000000001066e+00,5.937610115284709167e+01,6.539076566696166992e-01,6.550596356391906738e-01,1.000008583068847656e+00,9.995830655097961426e-01
9.462500000000000355e+00,5.945464096918683339e+01,2.309529110789299011e-02,2.308909408748149872e-02,1.000008702278137207e+00,9.995813369750976562e-01
9.474999999999999645e+00,5.953318078552658221e+01,-4.570894539356231689e-01,-4.584522843360900879e-01,1.000008702278137207e+00,9.995795488357543945e-01
9.487500000000000711e+00,5.961172060186632393e+01,1.368161141872406006e-01,1.367132365703582764e-01,1.000008702278137207e+00,9.995778799057006836e-01
9.500000000000000000e+00,5.969026041820606565e+01,5.189368128776550293e-01,5.202555060386657715e-01,1.000008702278137207e+00,9.995759725570678711e-01
9.512499999999999289e+00,5.976880023454581448e+01,-1.684939116239547729e-01,-1.684210151433944702e-01,1.000008702278137207e+00,9.995742440223693848e-01
9.525000000000000355e+00,5.984734005088555620e+01,-5.758128166198730469e-01,-5.770808458328247070e-01,1.000008821487426758e+00,9.995724558830261230e-01
9.537499999999999645e+00,5.992587986722530502e+01,6.106613948941230774e-02,6.113836914300918579e-02,1.000008940696716309e+00,9.995707273483276367e-01
9.549999999999998934e+00,6.000441968356504674e+01,3.663474619388580322e-01,3.678072094917297363e-01,1.000008940696716309e+00,9.995691180229187012e-01
9.562500000000000000e+00,6.008295949990479556e+01,-3.341358900070190430e-01,-3.339413106441497803e-01,1.000008940696716309e+00,9.995674490928649902e-01
9.574999999999999289e+00,6.016149931624453728e+01,-6.884198188781738281e-01,-6.895620822906494141e-01,1.000008940696716309e+00,9.995658397674560547e-01
9.587500000000000355e+00,6.024003913258428611e+01,-7.700008153915405273e-02,-7.689822465181350708e-02,1.000008940696716309e+00,9.995643496513366699e-01
9.599999999999999645e+00,6.031857894892402783e+01,2.277116626501083374e-01,2.292634397745132446e-01,1.000008821487426758e+00,9.995629787445068359e-01
9.612499999999998934e+00,6.039711876526376955e+01,-3.948445022106170654e-01,-3.942952454090118408e-01,1.000008940696716309e+00,9.995617270469665527e-01
9.625000000000000000e+00,6.047565858160351837e+01,-8.117383122444152832e-01,-8.126680850982666016e-01,1.000008940696716309e+00,9.995605349540710449e-01
9.637499999999999289e+00,6.055419839794326009e+01,-3.431428074836730957e-01,-3.433240652084350586e-01,1.000008940696716309e+00,9.995594620704650879e-01
9.650000000000000355e+00,6.063273821428300892e+01,8.804498612880706787e-02,8.947996050119400024e-02,1.000008940696716309e+00,9.995585083961486816e-01
9.662499999999999645e+00,6.071127803062275063e+01,-2.904771566390991211e-01,-2.892647683620452881e-01,1.000008940696716309e+00,9.995576143264770508e-01
9.675000000000000711e+00,6.078981784696249946e+01,-8.493877649307250977e-01,-8.497055768966674805e-01,1.000008940696716309e+00,9.995568394660949707e-01
9.687500000000000000e+00,6.086835766330224118e+01,-7.481464147567749023e-01,-7.487883567810058594e-01,1.000008940696716309e+00,9.995562434196472168e-01
9.700000000000001066e+00,6.094689747964199000e+01,-2.418265938758850098e-01,-2.411736249923706055e-01,1.000008940696716309e+00,9.995556473731994629e-01
9.712500000000000355e+00,6.102543729598173172e+01,-1.282799392938613892e-01,-1.266637742519378662e-01,1.000008940696716309e+00,9.995551705360412598e-01
9.724999999999999645e+00,6.110397711232147344e+01,-5.500257611274719238e-01,-5.489960312843322754e-01,1.000008940696716309e+00,9.995547533035278320e-01
9.737500000000000711e+00,6.118251692866122227e+01,-9.382799267768859863e-01,-9.384280443191528320e-01,1.000009059906005859e+00,9.995545744895935059e-01
9.750000000000000000e+00,6.126105674500096399e+01,-8.659193515777587891e-01,-8.663338422775268555e-01,1.000009059906005859e+00,9.995542764663696289e-01
9.762500000000001066e+00,6.133959656134071281e+01,-5.081576704978942871e-01,-5.077421665191650391e-01,1.000009059906005859e+00,9.995540380477905273e-01
9.775000000000000355e+00,6.141813637768045453e+01,-3.020841479301452637e-01,-3.007468879222869873e-01,1.000009059906005859e+00,9.995539188385009766e-01
9.787499999999999645e+00,6.149667619402020335e+01,-4.363033473491668701e-01,-4.348206520080566406e-01,1.000009059906005859e+00,9.995537996292114258e-01
9.800000000000000711e+00,6.157521601035994507e+01,-7.471615076065063477e-01,-7.462707161903381348e-01,1.000009059906005859e+00,9.995536804199218750e-01
9.812500000000000000e+00,6.165375582669968679e+01,-9.689768552780151367e-01,-9.687809944152832031e-01,1.000009179115295410e+00,9.995536804199218750e-01
9.824999999999999289e+00,6.173229564303943562e+01,-9.780588150024414062e-01,-9.781345129013061523e-01,1.000009179115295410e+00,9.995536208152770996e-01
9.837500000000000355e+00,6.181083545937917734e+01,-8.319979310035705566e-01,-8.318434357643127441e-01,1.000009179115295410e+00,9.995535612106323242e-01
9.849999999999999645e+00,6.188937527571892616e+01,-6.630077958106994629e-01,-6.623765230178833008e-01,1.000009179115295410e+00,9.995535016059875488e-01
9.862499999999998934e+00,6.196791509205866788e+01,-5.678545236587524414e-01,-5.668005943298339844e-01,1.000009059906005859e+00,9.995535612106323242e-01
9.875000000000000000e+00,6.204645490839841671e+01,-5.691616535186767578e-01,-5.678972005844116211e-01,1.000009179115295410e+00,9.995535612106323242e-01
9.887499999999999289e+00,6.212499472473815842e+01,-6.368806958198547363e-01,-6.356181502342224121e-01,1.000009179115295410e+00,9.995535016059875488e-01
9.899999999999998579e+00,6.220353454107790014e+01,-7.268393039703369141e-01,-7.257053256034851074e-01,1.000009179115295410e+00,9.995535612106323242e-01
9.912499999999999645e+00,6.228207435741764897e+01,-8.065919876098632812e-01,-8.056209087371826172e-01,1.000009179115295410e+00,9.995535016059875488e-01
9.924999999999998934e+00,6.236061417375739069e+01,-8.624196052551269531e-01,-8.615879416465759277e-01,1.000009179115295410e+00,9.995536208152770996e-01
9.937500000000000000e+00,6.243915399009713951e+01,-8.946435451507568359e-01,-8.939061760902404785e-01,1.000009179115295410e+00,9.995535612106323242e-01
9.949999999999999289e+00,6.251769380643688123e+01,-9.099626541137695312e-01,-9.092775583267211914e-01,1.000009179115295410e+00,9.995535612106323242e-01
9.962500000000000355e+00,6.259623362277663006e+01,-9.157302975654602051e-01,-9.150693416595458984e-01,1.000009179115295410e+00,9.995535612106323242e-01
9.974999999999999645e+00,6.267477343911637178e+01,-9.172856211662292480e-01,-9.166334271430969238e-01,1.000009179115295410e+00,9.995535612106323242e-01
9.987500000000000711e+00,6.275331325545612060e+01,-9.175208210945129395e-01,-9.168710112571716309e-01,1.000009179115295410e+00,9.995535612106323242e-01
1.000000000000000000e+01,6.283185307179586232e+01,-9.175306558609008789e-01,-9.168813228607177734e-01,1.000009179115295410e+00,9.995536208152770996e-01
1.001249999999999929e+01,6.291039288813560404e+01,-9.175400733947753906e-01,-9.168910384178161621e-01,1.000009059906005859e+00,9.995536804199218750e-01
1.002500000000000036e+01,6.298893270447535286e+01,-9.177362322807312012e-01,-9.170896410942077637e-01,1.000009059906005859e+00,9.995536804199218750e-01
1.003749999999999964e+01,6.306747252081509458e+01,-9.188824892044067383e-01,-9.182450771331787109e-01,1.000009179115295410e+00,9.995536804199218750e-01
1.005000000000000071e+01,6.314601233715484341e+01,-9.226179718971252441e-01,-9.220060706138610840e-01,1.000009179115295410e+00,9.995536208152770996e-01
1.006250000000000000e+01,6.322455215349458513e+01,-9.312383532524108887e-01,-9.306836128234863281e-01,1.000009059906005859e+00,9.995536208152770996e-01
1.007500000000000107e+01,6.330309196983433395e+01,-9.466274380683898926e-01,-9.461784958839416504e-01,1.000009059906005859e+00,9.995537400245666504e-01
1.008750000000000036e+01,6.338163178617407567e+01,-9.681098461151123047e-01,-9.678238630294799805e-01,1.000009059906005859e+00,9.995536804199218750e-01
1.010000000000000142e+01,6.346017160251382450e+01,-9.896206259727478027e-01,-9.895388484001159668e-01,1.000009179115295410e+00,9.995536804199218750e-01
1.011250000000000071e+01,6.353871141885356622e+01,-9.979016780853271484e-01,-9.980062246322631836e-01,1.000009179115295410e+00,9.995536804199218750e-01
1.012500000000000000e+01,6.361725123519330793e+01,-9.748852252960205078e-01,-9.750564694404602051e-01,1.000009059906005859e+00,9.995536208152770996e-01
1.013750000000000107e+01,6.369579105153305676e+01,-9.073069095611572266e-01,-9.073190689086914062e-01,1.000009059906005859e+00,9.995536208152770996e-01
1.015000000000000036e+01,6.377433086787279848e+01,-8.023458123207092285e-01,-8.019454479217529297e-01,1.000009059906005859e+00,9.995535016059875488e-01
1.016249999999999964e+01,6.385287068421254730e+01,-6.992012858390808105e-01,-6.982805132865905762e-01,1.000009059906005859e+00,9.995535016059875488e-01
1.017500000000000071e+01,6.393141050055228902e+01,-6.589075922966003418e-01,-6.576812863349914551e-01,1.000009059906005859e+00,9.995534420013427734e-01
1.018750000000000000e+01,6.400995031689203074e+01,-7.217116951942443848e-01,-7.207134366035461426e-01,1.000009059906005859e+00,9.995532631874084473e-01
1.019999999999999929e+01,6.408849013323177246e+01,-8.525351285934448242e-01,-8.522903323173522949e-01,1.000009059906005859e+00,9.995532631874084473e-01
1.021250000000000036e+01,6.416702994957152839e+01,-9.327225685119628906e-01,-9.332298636436462402e-01,1.000009179115295410e+00,9.995531439781188965e-01
1.022499999999999964e+01,6.424556976591127011e+01,-8.474683761596679688e-01,-8.479899168014526367e-01,1.000009059906005859e+00,9.995530247688293457e-01
1.023749999999999893e+01,6.432410958225101183e+01,-6.238029003143310547e-01,-6.234234571456909180e-01,1.000009059906005859e+00,9.995528459548950195e-01
1.025000000000000000e+01,6.440264939859075355e+01,-4.608777165412902832e-01,-4.595336914062500000e-01,1.000009059906005859e+00,9.995526671409606934e-01
1.026250000000000107e+01,6.448118921493050948e+01,-5.388819575309753418e-01,-5.376942157745361328e-01,1.000009059906005859e+00,9.995523095130920410e-01
1.027500000000000036e+01,6.455972903127025120e+01,-7.638369798660278320e-01,-7.639375925064086914e-01,1.000009179115295410e+00,9.995520114898681641e-01
1.028749999999999964e+01,6.463826884760999292e+01,-8.114190101623535156e-01,-8.123701810836791992e-01,1.000009059906005859e+00,9.995516538619995117e-01
1.029999999999999893e+01,6.471680866394973464e+01,-5.456643104553222656e-01,-5.457584261894226074e-01,1.000009179115295410e+00,9.995511174201965332e-01
1.031249999999999822e+01,6.479534848028947636e+01,-2.838537693023681641e-01,-2.824750244617462158e-01,1.000009298324584961e+00,9.995505809783935547e-01
1.032500000000000107e+01,6.487388829662923229e+01,-3.923231363296508789e-01,-3.911277651786804199e-01,1.000009298324584961e+00,9.995499253273010254e-01
1.033750000000000036e+01,6.495242811296897401e+01,-6.802175641059875488e-01,-6.807678341865539551e-01,1.000009179115295410e+00,9.995492100715637207e-01
1.034999999999999964e+01,6.503096792930871572e+01,-6.195036768913269043e-01,-6.205788850784301758e-01,1.000009298324584961e+00,9.995483756065368652e-01
1.036249999999999893e+01,6.510950774564845744e+01,-2.294496744871139526e-01,-2.288298308849334717e-01,1.000009417533874512e+00,9.995473623275756836e-01
1.037500000000000178e+01,6.518804756198821337e+01,-1.297281980514526367e-01,-1.280994564294815063e-01,1.000009417533874512e+00,9.995462894439697266e-01
1.038750000000000107e+01,6.526658737832795509e+01,-4.613392949104309082e-01,-4.613302052021026611e-01,1.000009417533874512e+00,9.995450973510742188e-01
1.040000000000000036e+01,6.534512719466769681e+01,-5.548523664474487305e-01,-5.562347769737243652e-01,1.000009417533874512e+00,9.995437860488891602e-01
1.041249999999999964e+01,6.542366701100743853e+01,-1.488526612520217896e-01,-1.487371921539306641e-01,1.000009417533874512e+00,9.995424151420593262e-01
1.042499999999999893e+01,6.550220682734718025e+01,5.058568716049194336e-02,5.226607248187065125e-02,1.000009417533874512e+00,9.995409250259399414e-01
1.043750000000000000e+01,6.558074664368693618e+01,-2.901262342929840088e-01,-2.899576723575592041e-01,1.000009417533874512e+00,9.995394349098205566e-01
1.045000000000000107e+01,6.565928646002667790e+01,-4.264145493507385254e-01,-4.279468059539794922e-01,1.000009417533874512e+00,9.995378851890563965e-01
1.046250000000000036e+01,6.573782627636641962e+01,-4.429623077157884836e-04,-4.567499854601919651e-04,1.000009417533874512e+00,9.995361566543579102e-01
1.047499999999999964e+01,6.581636609270616134e+01,2.008067071437835693e-01,2.024769783020019531e-01,1.000009417533874512e+00,9.995343089103698730e-01
1.048750000000000071e+01,6.589490590904591727e+01,-1.637696325778961182e-01,-1.637385040521621704e-01,1.000009536743164062e+00,9.995326399803161621e-01
1.050000000000000000e+01,6.597344572538565899e+01,-2.689800262451171875e-01,-2.706334590911865234e-01,1.000009536743164062e+00,9.995307922363281250e-01
1.051249999999999929e+01,6.605198554172540071e+01,1.801888644695281982e-01,1.802322417497634888e-01,1.000009655952453613e+00,9.995291233062744141e-01
1.052500000000000036e+01,6.613052535806514243e+01,3.345772325992584229e-01,3.361999392509460449e-01,1.000009655952453613e+00,9.995273351669311523e-01
1.053749999999999964e+01,6.620906517440488415e+01,-4.317932575941085815e-02,-4.335708916187286377e-02,1.000009655952453613e+00,9.995256066322326660e-01
1.055000000000000071e+01,6.628760499074464008e+01,-1.024135798215866089e-01,-1.041408330202102661e-01,1.000009655952453613e+00,9.995239973068237305e-01
1.056250000000000000e+01,6.636614480708438180e+01,3.445296287536621094e-01,3.445720076560974121e-01,1.000009655952453613e+00,9.995223879814147949e-01
1.057499999999999929e+01,6.644468462342412352e+01,4.700902104377746582e-01,4.716229736804962158e-01,1.000009655952453613e+00,9.995208978652954102e-01
1.058749999999999858e+01,6.652322443976386523e+01,1.097389683127403259e-01,1.095460131764411926e-01,1.000009536743164062e+00,9.995194673538208008e-01
1.060000000000000142e+01,6.660176425610362116e+01,4.352401196956634521e-02,4.175560548901557922e-02,1.000009536743164062e+00,9.995180964469909668e-01
1.061250000000000071e+01,6.668030407244336288e+01,4.509566128253936768e-01,4.506846070289611816e-01,1.000009655952453613e+00,9.995169043540954590e-01
1.062500000000000000e+01,6.675884388878310460e+01,6.243329048156738281e-01,6.257221698760986328e-01,1.000009655952453613e+00,9.995157718658447266e-01
1.063749999999999929e+01,6.683738370512284632e+01,3.285149335861206055e-01,3.287218809127807617e-01,1.000009775161743164e+00,9.995146393775939941e-01
1.064999999999999858e+01,6.691592352146258804e+01,1.666064560413360596e-01,1.649733632802963257e-01,1.000009775161743164e+00,9.995138049125671387e-01
1.066250000000000142e+01,6.699446333780234397e+01,4.578027129173278809e-01,4.567741751670837402e-01,1.000009655952453613e+00,9.995129704475402832e-01
1.067500000000000071e+01,6.707300315414208569e+01,7.481756806373596191e-01,7.490108013153076172e-01,1.000009775161743164e+00,9.995122551918029785e-01
1.068750000000000000e+01,6.715154297048182741e+01,6.361943483352661133e-01,6.371299028396606445e-01,1.000009894371032715e+00,9.995116591453552246e-01
1.069999999999999929e+01,6.723008278682156913e+01,3.735221624374389648e-01,3.727856278419494629e-01,1.000009894371032715e+00,9.995110034942626953e-01
1.071249999999999858e+01,6.730862260316131085e+01,3.911722302436828613e-01,3.895137310028076172e-01,1.000009775161743164e+00,9.995105266571044922e-01
1.072500000000000142e+01,6.738716241950106678e+01,6.730156540870666504e-01,6.723179817199707031e-01,1.000009894371032715e+00,9.995101094245910645e-01
1.073750000000000071e+01,6.746570223584080850e+01,8.654975295066833496e-01,8.661770820617675781e-01,1.000009775161743164e+00,9.995098114013671875e-01
1.075000000000000000e+01,6.754424205218055022e+01,7.852832674980163574e-01,7.860516905784606934e-01,1.000009894371032715e+00,9.995095133781433105e-01
1.076249999999999929e+01,6.762278186852029194e+01,5.915213227272033691e-01,5.911681056022644043e-01,1.000009894371032715e+00,9.995093345642089844e-01
1.077500000000000036e+01,6.770132168486004787e+01,5.279157161712646484e-01,5.265628099441528320e-01,1.000009894371032715e+00,9.995091557502746582e-01
1.078749999999999964e+01,6.777986150119978959e+01,6.547356247901916504e-01,6.534182429313659668e-01,1.000009894371032715e+00,9.995090365409851074e-01
1.080000000000000071e+01,6.785840131753953131e+01,8.457950353622436523e-01,8.453083038330078125e-01,1.000009894371032715e+00,9.995089769363403320e-01
1.081250000000000000e+01,6.793694113387927302e+01,9.549110531806945801e-01,9.552240967750549316e-01,1.000009775161743164e+00,9.995089173316955566e-01
1.082499999999999929e+01,6.801548095021901474e+01,9.381394982337951660e-01,9.386548399925231934e-01,1.000009894371032715e+00,9.995089173316955566e-01
1.083750000000000036e+01,6.809402076655877067e+01,8.493392467498779297e-01,8.494727015495300293e-01,1.000009894371032715e+00,9.995087981224060059e-01
1.084999999999999964e+01,6.817256058289851239e+01,7.674983739852905273e-01,7.670314311981201172e-01,1.000009894371032715e+00,9.995087981224060059e-01
1.086249999999999893e+01,6.825110039923825411e+01,7.387523651123046875e-01,7.378218173980712891e-01,1.000009894371032715e+00,9.995088577270507812e-01
1.087500000000000000e+01,6.832964021557799583e+01,7.646691203117370605e-01,7.635632157325744629e-01,1.000009894371032715e+00,9.995087981224060059e-01
1.088750000000000107e+01,6.840818003191775176e+01,8.212603926658630371e-01,8.202293515205383301e-01,1.000009894371032715e+00,9.995087981224060059e-01
1.090000000000000036e+01,6.848671984825749348e+01,8.820695877075195312e-01,8.812406063079833984e-01,1.000009894371032715e+00,9.995087981224060059e-01
1.091249999999999964e+01,6.856525966459723520e+01,9.307401180267333984e-01,9.301292896270751953e-01,1.000009894371032715e+00,9.995088577270507812e-01
1.092499999999999893e+01,6.864379948093697692e+01,9.624350070953369141e-01,9.619948267936706543e-01,1.000010013580322266e+00,9.995089173316955566e-01
1.093749999999999822e+01,6.872233929727671864e+01,9.796242713928222656e-01,9.792918562889099121e-01,1.000010013580322266e+00,9.995088577270507812e-01
1.095000000000000107e+01,6.880087911361647457e+01,9.873138666152954102e-01,9.870368242263793945e-01,1.000010013580322266e+00,9.995087981224060059e-01
1.096250000000000036e+01,6.887941892995621629e+01,9.900279641151428223e-01,9.897739291191101074e-01,1.000010013580322266e+00,9.995088577270507812e-01
1.097499999999999964e+01,6.895795874629595801e+01,9.907085299491882324e-01,9.904616475105285645e-01,1.000010013580322266e+00,9.995087385177612305e-01
1.098749999999999893e+01,6.903649856263569973e+01,9.908031225204467773e-01,9.905575513839721680e-01,1.000010013580322266e+00,9.995086789131164551e-01
1.099999999999999822e+01,6.911503837897544145e+01,9.908067584037780762e-01,9.905613064765930176e-01,1.000010013580322266e+00,9.995087385177612305e-01
1.101250000000000107e+01,6.919357819531519738e+01,9.908097386360168457e-01,9.905644059181213379e-01,1.000010013580322266e+00,9.995087981224060059e-01
1.102500000000000036e+01,6.927211801165493910e+01,9.908621311187744141e-01,9.906181693077087402e-01,1.000010013580322266e+00,9.995088577270507812e-01
1.103749999999999964e+01,6.935065782799468082e+01,9.911010265350341797e-01,9.908641576766967773e-01,1.000010013580322266e+00,9.995088577270507812e-01
1.104999999999999893e+01,6.942919764433442253e+01,9.916207790374755859e-01,9.914074540138244629e-01,1.000010132789611816e+00,9.995088577270507812e-01
1.106250000000000178e+01,6.950773746067417846e+01,9.920768141746520996e-01,9.919206500053405762e-01,1.000010013580322266e+00,9.995089173316955566e-01
1.107500000000000107e+01,6.958627727701392018e+01,9.910867214202880859e-01,9.910423159599304199e-01,1.000010013580322266e+00,9.995089173316955566e-01
1.108750000000000036e+01,6.966481709335366190e+01,9.856933355331420898e-01,9.858284592628479004e-01,1.000010132789611816e+00,9.995089173316955566e-01
1.109999999999999964e+01,6.974335690969340362e+01,9.714713692665100098e-01,9.718395471572875977e-01,1.000010013580322266e+00,9.995088577270507812e-01
1.111249999999999893e+01,6.982189672603314534e+01,9.440796971321105957e-01,9.446719884872436523e-01,1.000010013580322266e+00,9.995088577270507812e-01
1.112500000000000000e+01,6.990043654237290127e+01,9.026890993118286133e-01,9.033814668655395508e-01,1.000010013580322266e+00,9.995088577270507812e-01
1.113750000000000107e+01,6.997897635871264299e+01,8.542193174362182617e-01,8.547573089599609375e-01,1.000010013580322266e+00,9.995087981224060059e-01
1.115000000000000036e+01,7.005751617505238471e+01,8.148813843727111816e-01,8.149623870849609375e-01,1.000010013580322266e+00,9.995087385177612305e-01
1.116249999999999964e+01,7.013605599139212643e+01,8.041443824768066406e-01,8.036106824874877930e-01,1.000010013580322266e+00,9.995087385177612305e-01
1.117500000000000071e+01,7.021459580773188236e+01,8.295577764511108398e-01,8.286134004592895508e-01,1.000009894371032715e+00,9.995086789131164551e-01
1.118750000000000000e+01,7.029313562407162408e+01,8.707991838455200195e-01,8.700369000434875488e-01,1.000010013580322266e+00,9.995086789131164551e-01
1.119999999999999929e+01,7.037167544041136580e+01,8.816586732864379883e-01,8.817121982574462891e-01,1.000010013580322266e+00,9.995086789131164551e-01
1.121250000000000036e+01,7.045021525675110752e+01,8.236246705055236816e-01,8.245688080787658691e-01,1.000010013580322266e+00,9.995086193084716797e-01
1.122499999999999964e+01,7.052875507309084924e+01,7.134411931037902832e-01,7.144867181777954102e-01,1.000010013580322266e+00,9.995084404945373535e-01
1.123750000000000071e+01,7.060729488943060517e+01,6.308369636535644531e-01,6.308974623680114746e-01,1.000010013580322266e+00,9.995083212852478027e-01
1.125000000000000000e+01,7.068583470577034689e+01,6.474724411964416504e-01,6.463603973388671875e-01,1.000010013580322266e+00,9.995081424713134766e-01
1.126249999999999929e+01,7.076437452211008861e+01,7.296351194381713867e-01,7.285637855529785156e-01,1.000010013580322266e+00,9.995079636573791504e-01
1.127499999999999858e+01,7.084291433844983032e+01,7.457763552665710449e-01,7.461231350898742676e-01,1.000010132789611816e+00,9.995076060295104980e-01
1.128750000000000142e+01,7.092145415478958625e+01,6.235726475715637207e-01,6.249831914901733398e-01,1.000010013580322266e+00,9.995072484016418457e-01
1.130000000000000071e+01,7.099999397112932797e+01,4.768588840961456299e-01,4.773851931095123291e-01,1.000010132789611816e+00,9.995068311691284180e-01
1.131250000000000000e+01,7.107853378746906969e+01,4.782234132289886475e-01,4.770036041736602783e-01,1.000010132789611816e+00,9.995064139366149902e-01
1.132499999999999929e+01,7.115707360380881141e+01,5.926996469497680664e-01,5.915329456329345703e-01,1.000010132789611816e+00,9.995057582855224609e-01
1.133749999999999858e+01,7.123561342014855313e+01,5.904164314270019531e-01,5.912096500396728516e-01,1.000010132789611816e+00,9.995050430297851562e-01
1.135000000000000142e+01,7.131415323648830906e+01,4.072992801666259766e-01,4.088067114353179932e-01,1.000010132789611816e+00,9.995042085647583008e-01
1.136250000000000071e+01,7.139269305282805078e+01,2.898037433624267578e-01,2.894114851951599121e-01,1.000010132789611816e+00,9.995031952857971191e-01
1.137500000000000000e+01,7.147123286916779250e+01,3.923152685165405273e-01,3.906441330909729004e-01,1.000010132789611816e+00,9.995022416114807129e-01
1.138749999999999929e+01,7.154977268550753422e+01,4.736062288284301758e-01,4.736980795860290527e-01,1.000010251998901367e+00,9.995010495185852051e-01
1.140000000000000036e+01,7.162831250184729015e+01,3.097528219223022461e-01,3.114924132823944092e-01,1.000010251998901367e+00,9.994997978210449219e-01
1.141250000000000142e+01,7.170685231818703187e+01,1.341491639614105225e-01,1.342221498489379883e-01,1.000010371208190918e+00,9.994983673095703125e-01
1.142500000000000071e+01,7.178539213452677359e+01,2.186728119850158691e-01,2.168832272291183472e-01,1.000010371208190918e+00,9.994969367980957031e-01
1.143750000000000000e+01,7.186393195086651531e+01,3.295919597148895264e-01,3.294613957405090332e-01,1.000010490417480469e+00,9.994954466819763184e-01
1.144999999999999929e+01,7.194247176720625703e+01,1.672885119915008545e-01,1.691171079874038696e-01,1.000010609626770020e+00,9.994937777519226074e-01
1.146250000000000036e+01,7.202101158354601296e+01,-2.229064516723155975e-02,-2.219830453395843506e-02,1.000010609626770020e+00,9.994920492172241211e-01
1.147499999999999964e+01,7.209955139988575468e+01,7.036695629358291626e-02,6.850373744964599609e-02,1.000010609626770020e+00,9.994903802871704102e-01
1.148750000000000071e+01,7.217809121622549640e+01,1.786168217658996582e-01,1.786174476146697998e-01,1.000010728836059570e+00,9.994885325431823730e-01
1.150000000000000000e+01,7.225663103256523812e+01,-9.260704391635954380e-04,9.543317137286067009e-04,1.000010728836059570e+00,9.994868040084838867e-01
1.151249999999999929e+01,7.233517084890497983e+01,-1.785619407892227173e-01,-1.786758750677108765e-01,1.000010609626770020e+00,9.994850158691406250e-01
1.152500000000000036e+01,7.241371066524473576e+01,-6.852243840694427490e-02,-7.040358334779739380e-02,1.000010728836059570e+00,9.994832277297973633e-01
1.153749999999999964e+01,7.249225048158447748e+01,2.214434742927551270e-02,2.235369943082332611e-02,1.000010728836059570e+00,9.994814991950988770e-01
1.154999999999999893e+01,7.257079029792421920e+01,-1.691109836101531982e-01,-1.672399193048477173e-01,1.000010728836059570e+00,9.994798302650451660e-01
1.156250000000000000e+01,7.264933011426396092e+01,-3.294081687927246094e-01,-3.296543061733245850e-01,1.000010848045349121e+00,9.994781613349914551e-01
1.157500000000000107e+01,7.272786993060371685e+01,-2.168788462877273560e-01,-2.187309414148330688e-01,1.000010848045349121e+00,9.994766116142272949e-01
1.158750000000000036e+01,7.280640974694345857e+01,-1.342778950929641724e-01,-1.340841948986053467e-01,1.000010728836059570e+00,9.994751811027526855e-01
1.159999999999999964e+01,7.288494956328320029e+01,-3.115125894546508789e-01,-3.096787333488464355e-01,1.000010728836059570e+00,9.994738101959228516e-01
1.161249999999999893e+01,7.296348937962294201e+01,-4.736500978469848633e-01,-4.736603498458862305e-01,1.000010848045349121e+00,9.994724392890930176e-01
1.162499999999999822e+01,7.304202919596268373e+01,-3.906123638153076172e-01,-3.923977315425872803e-01,1.000010728836059570e+00,9.994712471961975098e-01
1.163750000000000107e+01,7.312056901230243966e+01,-2.894529104232788086e-01,-2.897631227970123291e-01,1.000010967254638672e+00,9.994702339172363281e-01
1.165000000000000036e+01,7.319910882864218138e+01,-4.088578820228576660e-01,-4.072004556655883789e-01,1.000010967254638672e+00,9.994692802429199219e-01
1.166249999999999964e+01,7.327764864498192310e+01,-5.911899209022521973e-01,-5.904202461242675781e-01,1.000010967254638672e+00,9.994684457778930664e-01
1.167499999999999893e+01,7.335618846132166482e+01,-5.914770364761352539e-01,-5.927954316139221191e-01,1.000010967254638672e+00,9.994677305221557617e-01
1.168750000000000178e+01,7.343472827766142075e+01,-4.770011007785797119e-01,-4.782546758651733398e-01,1.000010967254638672e+00,9.994670152664184570e-01
1.170000000000000107e+01,7.351326809400116247e+01,-4.774429202079772949e-01,-4.767756462097167969e-01,1.000010967254638672e+00,9.994664788246154785e-01
1.171250000000000036e+01,7.359180791034090419e+01,-6.250240206718444824e-01,-6.234917044639587402e-01,1.000010967254638672e+00,9.994660615921020508e-01
1.172499999999999964e+01,7.367034772668064591e+01,-7.460978031158447266e-01,-7.457992434501647949e-01,1.000010967254638672e+00,9.994655847549438477e-01
1.173749999999999893e+01,7.374888754302038762e+01,-7.285102605819702148e-01,-7.297216653823852539e-01,1.000010848045349121e+00,9.994653463363647461e-01
1.175000000000000000e+01,7.382742735936014356e+01,-6.463477015495300293e-01,-6.475123167037963867e-01,1.000010848045349121e+00,9.994650483131408691e-01
1.176250000000000107e+01,7.390596717569988527e+01,-6.309404373168945312e-01,-6.307851672172546387e-01,1.000010967254638672e+00,9.994648694992065430e-01
1.177500000000000036e+01,7.398450699203962699e+01,-7.145403027534484863e-01,-7.133543491363525391e-01,1.000010967254638672e+00,9.994647502899169922e-01
1.178749999999999964e+01,7.406304680837936871e+01,-8.245863914489746094e-01,-8.235824108123779297e-01,1.000010967254638672e+00,9.994646310806274414e-01
1.179999999999999893e+01,7.414158662471911043e+01,-8.816867470741271973e-01,-8.816868662834167480e-01,1.000010848045349121e+00,9.994645714759826660e-01
1.181250000000000000e+01,7.422012644105886636e+01,-8.699972033500671387e-01,-8.708628416061401367e-01,1.000010848045349121e+00,9.994644522666931152e-01
1.182499999999999929e+01,7.429866625739860808e+01,-8.285918235778808594e-01,-8.296036124229431152e-01,1.000010848045349121e+00,9.994645118713378906e-01
1.183750000000000036e+01,7.437720607373834980e+01,-8.036200404167175293e-01,-8.041440248489379883e-01,1.000010848045349121e+00,9.994644522666931152e-01
1.184999999999999964e+01,7.445574589007809152e+01,-8.149951696395874023e-01,-8.148401379585266113e-01,1.000010848045349121e+00,9.994643330574035645e-01
1.186250000000000071e+01,7.453428570641784745e+01,-8.547967672348022461e-01,-8.541606664657592773e-01,1.000010848045349121e+00,9.994643926620483398e-01
1.187500000000000000e+01,7.461282552275758917e+01,-9.034130573272705078e-01,-9.026367068290710449e-01,1.000010848045349121e+00,9.994643330574035645e-01
1.188749999999999929e+01,7.469136533909733089e+01,-9.446896314620971680e-01,-9.440458416938781738e-01,1.000010848045349121e+00,9.994643330574035645e-01
1.189999999999999858e+01,7.476990515543707261e+01,-9.718438982963562012e-01,-9.714579582214355469e-01,1.000010848045349121e+00,9.994643926620483398e-01
1.191249999999999964e+01,7.484844497177681433e+01,-9.858239293098449707e-01,-9.856954813003540039e-01,1.000010848045349121e+00,9.994643926620483398e-01
1.192500000000000071e+01,7.492698478811657026e+01,-9.910335540771484375e-01,-9.910978078842163086e-01,1.000010848045349121e+00,9.994643330574035645e-01
1.193750000000000000e+01,7.500552460445631198e+01,-9.919106364250183105e-01,-9.920917749404907227e-01,1.000010848045349121e+00,9.994643926620483398e-01
1.194999999999999929e+01,7.508406442079605370e+01,-9.913979172706604004e-01,-9.916363954544067383e-01,1.000010848045349121e+00,9.994643330574035645e-01
1.196249999999999858e+01,7.516260423713579542e+01,-9.908556342124938965e-01,-9.911161661148071289e-01,1.000010848045349121e+00,9.994643330574035645e-01
1.197500000000000142e+01,7.524114405347555135e+01,-9.906102418899536133e-01,-9.908766746520996094e-01,1.000010848045349121e+00,9.994643926620483398e-01
1.198750000000000071e+01,7.531968386981529306e+01,-9.905567765235900879e-01,-9.908238053321838379e-01,1.000010728836059570e+00,9.994643926620483398e-01
1.200000000000000000e+01,7.539822368615503478e+01,-9.905538558959960938e-01,-9.908208250999450684e-01,1.000010728836059570e+00,9.994643926620483398e-01
1.201249999999999929e+01,7.547676350249477650e+01,-9.905501604080200195e-01,-9.908170700073242188e-01,1.000010728836059570e+00,9.994643926620483398e-01
1.202499999999999858e+01,7.555530331883451822e+01,-9.904544949531555176e-01,-9.907221794128417969e-01,1.000010728836059570e+00,9.994643926620483398e-01
1.203750000000000142e+01,7.563384313517427415e+01,-9.897674322128295898e-01,-9.900408983230590820e-01,1.000010848045349121e+00,9.994644522666931152e-01
1.205000000000000071e+01,7.571238295151401587e+01,-9.870312809944152832e-01,-9.873261451721191406e-01,1.000010848045349121e+00,9.994643330574035645e-01
1.206250000000000000e+01,7.579092276785375759e+01,-9.792870283126831055e-01,-9.796372652053833008e-01,1.000010728836059570e+00,9.994643926620483398e-01
1.207499999999999929e+01,7.586946258419349931e+01,-9.619894027709960938e-01,-9.624511599540710449e-01,1.000010848045349121e+00,9.994643330574035645e-01
1.208750000000000036e+01,7.594800240053325524e+01,-9.301200509071350098e-01,-9.307641983032226562e-01,1.000010848045349121e+00,9.994642734527587891e-01
1.210000000000000142e+01,7.602654221687299696e+01,-8.812237977981567383e-01,-8.821074962615966797e-01,1.000010848045349121e+00,9.994642734527587891e-01
1.211250000000000071e+01,7.610508203321273868e+01,-8.202002048492431641e-01,-8.213172554969787598e-01,1.000010848045349121e+00,9.994641542434692383e-01
1.212500000000000000e+01,7.618362184955248040e+01,-7.635198831558227539e-01,-7.647439241409301758e-01,1.000010848045349121e+00,9.994642138481140137e-01
1.213749999999999929e+01,7.626216166589222212e+01,-7.377684116363525391e-01,-7.388350367546081543e-01,1.000010728836059570e+00,9.994642734527587891e-01
1.215000000000000036e+01,7.634070148223197805e+01,-7.669802904129028320e-01,-7.675677537918090820e-01,1.000010848045349121e+00,9.994642734527587891e-01
1.216249999999999964e+01,7.641924129857171977e+01,-8.494407534599304199e-01,-8.493724465370178223e-01,1.000010728836059570e+00,9.994642138481140137e-01
1.217500000000000071e+01,7.649778111491146149e+01,-9.386544227600097656e-01,-9.381283521652221680e-01,1.000010848045349121e+00,9.994640946388244629e-01
1.218750000000000000e+01,7.657632093125120321e+01,-9.552469849586486816e-01,-9.548766613006591797e-01,1.000010848045349121e+00,9.994640350341796875e-01
1.220000000000000107e+01,7.665486074759095914e+01,-8.453256487846374512e-01,-8.457852005958557129e-01,1.000010848045349121e+00,9.994640350341796875e-01
1.221250000000000036e+01,7.673340056393070086e+01,-6.533975005149841309e-01,-6.547898054122924805e-01,1.000010967254638672e+00,9.994639158248901367e-01
1.222499999999999964e+01,7.681194038027044257e+01,-5.265007019042968750e-01,-5.280188322067260742e-01,1.000010848045349121e+00,9.994637966156005859e-01
1.223749999999999893e+01,7.689048019661018429e+01,-5.911069512367248535e-01,-5.916014909744262695e-01,1.000010967254638672e+00,9.994636774063110352e-01
1.225000000000000000e+01,7.696902001294992601e+01,-7.860416769981384277e-01,-7.852776646614074707e-01,1.000010728836059570e+00,9.994634389877319336e-01
1.226250000000000107e+01,7.704755982928968194e+01,-8.662145137786865234e-01,-8.654386997222900391e-01,1.000010848045349121e+00,9.994632005691528320e-01
1.227500000000000036e+01,7.712609964562942366e+01,-6.723341941833496094e-01,-6.730108261108398438e-01,1.000010848045349121e+00,9.994629025459289551e-01
1.228749999999999964e+01,7.720463946196916538e+01,-3.894612491130828857e-01,-3.912659585475921631e-01,1.000010848045349121e+00,9.994624853134155273e-01
1.229999999999999893e+01,7.728317927830890710e+01,-3.727180063724517822e-01,-3.736165761947631836e-01,1.000010848045349121e+00,9.994620680809020996e-01
1.231249999999999822e+01,7.736171909464864882e+01,-6.371329426765441895e-01,-6.361746788024902344e-01,1.000010848045349121e+00,9.994614720344543457e-01
1.232500000000000107e+01,7.744025891098840475e+01,-7.490578293800354004e-01,-7.481032609939575195e-01,1.000010967254638672e+00,9.994608759880065918e-01
1.233750000000000036e+01,7.751879872732814647e+01,-4.567586481571197510e-01,-4.578358829021453857e-01,1.000010967254638672e+00,9.994600415229797363e-01
1.234999999999999964e+01,7.759733854366788819e+01,-1.648980081081390381e-01,-1.667245030403137207e-01,1.000010967254638672e+00,9.994591474533081055e-01
1.236249999999999893e+01,7.767587836000762991e+01,-3.287100493907928467e-01,-3.285315334796905518e-01,1.000010967254638672e+00,9.994582533836364746e-01
1.237500000000000178e+01,7.775441817634738584e+01,-6.257832050323486328e-01,-6.242382526397705078e-01,1.000010967254638672e+00,9.994571805000305176e-01
1.238750000000000107e+01,7.783295799268712756e+01,-4.506711363792419434e-01,-4.509643912315368652e-01,1.000011086463928223e+00,9.994559884071350098e-01
1.240000000000000036e+01,7.791149780902686928e+01,-4.166630655527114868e-02,-4.365790262818336487e-02,1.000011086463928223e+00,9.994547367095947266e-01
1.241249999999999964e+01,7.799003762536661100e+01,-1.095570847392082214e-01,-1.097474545240402222e-01,1.000011086463928223e+00,9.994533061981201172e-01
1.242499999999999893e+01,7.806857744170635272e+01,-4.717131257057189941e-01,-4.699606299400329590e-01,1.000011205673217773e+00,9.994518756866455078e-01
1.243750000000000000e+01,7.814711725804610865e+01,-3.445320129394531250e-01,-3.445566892623901367e-01,1.000011205673217773e+00,9.994502663612365723e-01
1.245000000000000107e+01,7.822565707438585036e+01,1.042538210749626160e-01,1.022534072399139404e-01,1.000011205673217773e+00,9.994486570358276367e-01
1.246250000000000036e+01,7.830419689072559208e+01,4.329943656921386719e-02,4.322126880288124084e-02,1.000011205673217773e+00,9.994469881057739258e-01
1.247499999999999964e+01,7.838273670706533380e+01,-3.363205492496490479e-01,-3.344122767448425293e-01,1.000011205673217773e+00,9.994452595710754395e-01
1.248750000000000071e+01,7.846127652340508973e+01,-1.801374405622482300e-01,-1.802698224782943726e-01,1.000011324882507324e+00,9.994435906410217285e-01
1.250000000000000000e+01,7.853981633974483145e+01,2.707645893096923828e-01,2.688009142875671387e-01,1.000011324882507324e+00,9.994418025016784668e-01
1.251249999999999929e+01,7.861835615608457317e+01,1.636080592870712280e-01,1.638872623443603516e-01,1.000011324882507324e+00,9.994400143623352051e-01
1.252500000000000036e+01,7.869689597242431489e+01,-2.026128470897674561e-01,-2.006177753210067749e-01,1.000011205673217773e+00,9.994381666183471680e-01
1.253749999999999964e+01,7.877543578876405661e+01,6.157426978461444378e-04,2.965925377793610096e-04,1.000011205673217773e+00,9.994364380836486816e-01
1.255000000000000071e+01,7.885397560510381254e+01,4.280782639980316162e-01,4.262324571609497070e-01,1.000011205673217773e+00,9.994347095489501953e-01
1.256250000000000000e+01,7.893251542144355426e+01,2.897661328315734863e-01,2.903113663196563721e-01,1.000011205673217773e+00,9.994331598281860352e-01
1.257499999999999929e+01,7.901105523778329598e+01,-5.241389200091362000e-02,-5.038194358348846436e-02,1.000011205673217773e+00,9.994316101074218750e-01
1.258749999999999858e+01,7.908959505412303770e+01,1.489324718713760376e-01,1.486728340387344360e-01,1.000011205673217773e+00,9.994300603866577148e-01
1.259999999999999964e+01,7.916813487046277942e+01,5.563870072364807129e-01,5.546531081199645996e-01,1.000011324882507324e+00,9.994286894798278809e-01
1.261250000000000071e+01,7.924667468680253535e+01,4.611212909221649170e-01,4.615382254123687744e-01,1.000011205673217773e+00,9.994274377822875977e-01
1.262500000000000000e+01,7.932521450314227707e+01,1.279019564390182495e-01,1.299851983785629272e-01,1.000011205673217773e+00,9.994262456893920898e-01
1.263749999999999929e+01,7.940375431948201879e+01,2.289958745241165161e-01,2.293160706758499146e-01,1.000011324882507324e+00,9.994251728057861328e-01
1.264999999999999858e+01,7.948229413582176051e+01,6.207996010780334473e-01,6.192452907562255859e-01,1.000011324882507324e+00,9.994242191314697266e-01
1.266250000000000142e+01,7.956083395216151644e+01,6.806449890136718750e-01,6.803125739097595215e-01,1.000011324882507324e+00,9.994233846664428711e-01
1.267500000000000071e+01,7.963937376850125816e+01,3.908486962318420410e-01,3.926433920860290527e-01,1.000011444091796875e+00,9.994226694107055664e-01
1.268750000000000000e+01,7.971791358484099987e+01,2.824661135673522949e-01,2.839205861091613770e-01,1.000011444091796875e+00,9.994220733642578125e-01
1.269999999999999929e+01,7.979645340118074159e+01,5.460080504417419434e-01,5.454177260398864746e-01,1.000011444091796875e+00,9.994214177131652832e-01
1.271249999999999858e+01,7.987499321752048331e+01,8.124922513961791992e-01,8.112594485282897949e-01,1.000011444091796875e+00,9.994209408760070801e-01
1.272500000000000142e+01,7.995353303386023924e+01,7.637563347816467285e-01,7.640109658241271973e-01,1.000011563301086426e+00,9.994205236434936523e-01
1.273750000000000071e+01,8.003207285019998096e+01,5.374399423599243164e-01,5.391800403594970703e-01,1.000011563301086426e+00,9.994202256202697754e-01
1.275000000000000000e+01,8.011061266653972268e+01,4.594948887825012207e-01,4.609696269035339355e-01,1.000011563301086426e+00,9.994199872016906738e-01
1.276249999999999929e+01,8.018915248287946440e+01,6.236079335212707520e-01,6.236367225646972656e-01,1.000011444091796875e+00,9.994198083877563477e-01
1.277500000000000036e+01,8.026769229921922033e+01,8.481719493865966797e-01,8.472678661346435547e-01,1.000011563301086426e+00,9.994196295738220215e-01
1.278749999999999964e+01,8.034623211555896205e+01,9.332254528999328613e-01,9.327062368392944336e-01,1.000011682510375977e+00,9.994195699691772461e-01
1.280000000000000071e+01,8.042477193189870377e+01,8.521112799644470215e-01,8.527202010154724121e-01,1.000011682510375977e+00,9.994194507598876953e-01
1.281250000000000000e+01,8.050331174823844549e+01,7.205065488815307617e-01,7.219545245170593262e-01,1.000011682510375977e+00,9.994193315505981445e-01
1.282499999999999929e+01,8.058185156457818721e+01,6.575794219970703125e-01,6.590569019317626953e-01,1.000011563301086426e+00,9.994192719459533691e-01
1.283750000000000036e+01,8.066039138091794314e+01,6.983166933059692383e-01,6.992031931877136230e-01,1.000011563301086426e+00,9.994192123413085938e-01
1.284999999999999964e+01,8.073893119725768486e+01,8.020661473274230957e-01,8.022437095642089844e-01,1.000011682510375977e+00,9.994192123413085938e-01
1.286249999999999893e+01,8.081747101359742658e+01,9.074453115463256836e-01,9.071825742721557617e-01,1.000011682510375977e+00,9.994192719459533691e-01
1.287500000000000000e+01,8.089601082993716830e+01,9.751325249671936035e-01,9.748034477233886719e-01,1.000011682510375977e+00,9.994192719459533691e-01
1.288750000000000107e+01,8.097455064627692423e+01,9.980141520500183105e-01,9.978889822959899902e-01,1.000011682510375977e+00,9.994192719459533691e-01
1.290000000000000036e+01,8.105309046261666595e+01,9.894899725914001465e-01,9.896713495254516602e-01,1.000011682510375977e+00,9.994192123413085938e-01
1.291249999999999964e+01,8.113163027895640766e+01,9.677404165267944336e-01,9.682025909423828125e-01,1.000011801719665527e+00,9.994192123413085938e-01
1.292499999999999893e+01,8.121017009529614938e+01,9.460810422897338867e-01,9.467410445213317871e-01,1.000011682510375977e+00,9.994192123413085938e-01
1.293749999999999822e+01,8.128870991163589110e+01,9.305847287178039551e-01,9.313573837280273438e-01,1.000011682510375977e+00,9.994192123413085938e-01
1.295000000000000107e+01,8.136724972797564703e+01,9.219115376472473145e-01,9.227351546287536621e-01,1.000011682510375977e+00,9.994192123413085938e-01
1.296250000000000036e+01,8.144578954431538875e+01,9.181556701660156250e-01,9.189956784248352051e-01,1.000011682510375977e+00,9.994192123413085938e-01
1.297499999999999964e+01,8.152432936065513047e+01,9.170038104057312012e-01,9.178463816642761230e-01,1.000011682510375977e+00,9.994192719459533691e-01
1.298749999999999893e+01,8.160286917699487219e+01,9.168068170547485352e-01,9.176487326622009277e-01,1.000011682510375977e+00,9.994192123413085938e-01
1.300000000000000178e+01,8.168140899333462812e+01,9.167975187301635742e-01,9.176391363143920898e-01,1.000011682510375977e+00,9.994192719459533691e-01
1.301250000000000107e+01,8.175994880967436984e+01,9.167875051498413086e-01,9.176287651062011719e-01,1.000011682510375977e+00,9.994192719459533691e-01
1.302500000000000036e+01,8.183848862601411156e+01,9.165514707565307617e-01,9.173921346664428711e-01,1.000011682510375977e+00,9.994192719459533691e-01
1.303749999999999964e+01,8.191702844235385328e+01,9.149909019470214844e-01,9.158338308334350586e-01,1.000011682510375977e+00,9.994192123413085938e-01
1.304999999999999893e+01,8.199556825869359500e+01,9.092044234275817871e-01,9.100618958473205566e-01,1.000011563301086426e+00,9.994192123413085938e-01
1.306250000000000178e+01,8.207410807503335093e+01,8.938379287719726562e-01,8.947401046752929688e-01,1.000011563301086426e+00,9.994192719459533691e-01
1.307500000000000107e+01,8.215264789137309265e+01,8.615205883979797363e-01,8.625195026397705078e-01,1.000011563301086426e+00,9.994192123413085938e-01
1.308750000000000036e+01,8.223118770771283437e+01,8.055431246757507324e-01,8.067080974578857422e-01,1.000011563301086426e+00,9.994192123413085938e-01
1.309999999999999964e+01,8.230972752405257609e+01,7.255984544754028320e-01,7.269905209541320801e-01,1.000011563301086426e+00,9.994191527366638184e-01
1.311249999999999893e+01,8.238826734039231781e+01,6.354616284370422363e-01,6.370854377746582031e-01,1.000011563301086426e+00,9.994191527366638184e-01
1.312500000000000000e+01,8.246680715673207374e+01,5.676804780960083008e-01,5.694254040718078613e-01,1.000011563301086426e+00,9.994191527366638184e-01
1.313750000000000107e+01,8.254534697307181546e+01,5.665368437767028809e-01,5.681553483009338379e-01,1.000011563301086426e+00,9.994192123413085938e-01
1.315000000000000036e+01,8.262388678941155717e+01,6.621155738830566406e-01,6.632883548736572266e-01,1.000011563301086426e+00,9.994192123413085938e-01
1.316249999999999964e+01,8.270242660575129889e+01,8.316583037376403809e-01,8.321852087974548340e-01,1.000011563301086426e+00,9.994190931320190430e-01
1.317500000000000071e+01,8.278096642209105482e+01,9.780780076980590820e-01,9.781104922294616699e-01,1.000011563301086426e+00,9.994191527366638184e-01
1.318750000000000000e+01,8.285950623843079654e+01,9.688302874565124512e-01,9.689362049102783203e-01,1.000011682510375977e+00,9.994190931320190430e-01
1.319999999999999929e+01,8.293804605477053826e+01,7.463079094886779785e-01,7.471613883972167969e-01,1.000011682510375977e+00,9.994190931320190430e-01
1.321250000000000036e+01,8.301658587111027998e+01,4.347078800201416016e-01,4.364747107028961182e-01,1.000011682510375977e+00,9.994189143180847168e-01
1.322499999999999964e+01,8.309512568745002170e+01,3.004614412784576416e-01,3.024186789989471436e-01,1.000011682510375977e+00,9.994187951087951660e-01
1.323750000000000071e+01,8.317366550378977763e+01,5.074456334114074707e-01,5.084645152091979980e-01,1.000011801719665527e+00,9.994186162948608398e-01
1.325000000000000000e+01,8.325220532012951935e+01,8.662397265434265137e-01,8.659935593605041504e-01,1.000011801719665527e+00,9.994184374809265137e-01
1.326249999999999929e+01,8.333074513646926107e+01,9.385420680046081543e-01,9.381614327430725098e-01,1.000011801719665527e+00,9.994181394577026367e-01
1.327499999999999858e+01,8.340928495280900279e+01,5.490576624870300293e-01,5.500071048736572266e-01,1.000011801719665527e+00,9.994177818298339844e-01
1.328750000000000142e+01,8.348782476914875872e+01,1.264562606811523438e-01,1.285502612590789795e-01,1.000011801719665527e+00,9.994174242019653320e-01
1.330000000000000071e+01,8.356636458548850044e+01,2.408545613288879395e-01,2.421658635139465332e-01,1.000011801719665527e+00,9.994168877601623535e-01
1.331250000000000000e+01,8.364490440182824216e+01,7.487093210220336914e-01,7.481963038444519043e-01,1.000011801719665527e+00,9.994163513183593750e-01
1.332499999999999929e+01,8.372344421816798388e+01,8.498690128326416016e-01,8.492147922515869141e-01,1.000011801719665527e+00,9.994157552719116211e-01
1.333749999999999858e+01,8.380198403450772560e+01,2.892740666866302490e-01,2.905201017856597900e-01,1.000011801719665527e+00,9.994150400161743164e-01
1.335000000000000142e+01,8.388052385084748153e+01,-8.976326882839202881e-02,-8.770696818828582764e-02,1.000011801719665527e+00,9.994142651557922363e-01
1.336250000000000071e+01,8.395906366718722325e+01,3.431402444839477539e-01,3.433124125003814697e-01,1.000011920928955078e+00,9.994133114814758301e-01
1.337500000000000000e+01,8.403760348352696496e+01,8.128087520599365234e-01,8.115599751472473145e-01,1.000011920928955078e+00,9.994122385978698730e-01
1.338749999999999929e+01,8.411614329986670668e+01,3.943765163421630859e-01,3.947935104370117188e-01,1.000011920928955078e+00,9.994111061096191406e-01
1.339999999999999858e+01,8.419468311620644840e+01,-2.295016944408416748e-01,-2.274112254381179810e-01,1.000011920928955078e+00,9.994098544120788574e-01
1.341250000000000142e+01,8.427322293254620433e+01,7.674130052328109741e-02,7.715056836605072021e-02,1.000011920928955078e+00,9.994084835052490234e-01
1.342500000000000071e+01,8.435176274888594605e+01,6.897307038307189941e-01,6.882044076919555664e-01,1.000011920928955078e+00,9.994071125984191895e-01
1.343750000000000000e+01,8.443030256522568777e+01,3.339950740337371826e-01,3.341014683246612549e-01,1.000011801719665527e+00,9.994055032730102539e-01
1.344999999999999929e+01,8.450884238156542949e+01,-3.680515289306640625e-01,-3.660433590412139893e-01,1.000011801719665527e+00,9.994038343429565430e-01
1.346250000000000036e+01,8.458738219790518542e+01,-6.118928641080856323e-02,-6.102749332785606384e-02,1.000011920928955078e+00,9.994021058082580566e-01
1.347499999999999964e+01,8.466592201424492714e+01,5.773082971572875977e-01,5.755317211151123047e-01,1.000011801719665527e+00,9.994003772735595703e-01
1.348750000000000071e+01,8.474446183058466886e+01,1.683890223503112793e-01,1.685461997985839844e-01,1.000011920928955078e+00,9.993985295295715332e-01
1.350000000000000000e+01,8.482300164692441058e+01,-5.205084681510925293e-01,-5.186299085617065430e-01,1.000011920928955078e+00,9.993968009948730469e-01
1.351249999999999929e+01,8.490154146326415230e+01,-1.366161406040191650e-01,-1.369368731975555420e-01,1.000011920928955078e+00,9.993950128555297852e-01
1.352500000000000036e+01,8.498008127960390823e+01,4.587222635746002197e-01,4.567661285400390625e-01,1.000012040138244629e+00,9.993933439254760742e-01
1.353749999999999964e+01,8.505862109594364995e+01,-2.322545275092124939e-02,-2.293779142200946808e-02,1.000012040138244629e+00,9.993915557861328125e-01
1.354999999999999893e+01,8.513716091228339167e+01,-6.552927494049072266e-01,-6.536281108856201172e-01,1.000012040138244629e+00,9.993898868560791016e-01
1.356250000000000000e+01,8.521570072862313339e+01,-2.287160158157348633e-01,-2.294394969940185547e-01,1.000012159347534180e+00,9.993882179260253906e-01
1.357500000000000107e+01,8.529424054496288932e+01,3.178365230560302734e-01,3.157543540000915527e-01,1.000012159347534180e+00,9.993866682052612305e-01
1.358750000000000036e+01,8.537278036130263104e+01,-1.524342894554138184e-01,-1.522540450096130371e-01,1.000012159347534180e+00,9.993851780891418457e-01
1.359999999999999964e+01,8.545132017764237276e+01,-7.599785923957824707e-01,-7.585119009017944336e-01,1.000012040138244629e+00,9.993838667869567871e-01
1.361249999999999893e+01,8.552985999398211447e+01,-4.144662022590637207e-01,-4.151947200298309326e-01,1.000012040138244629e+00,9.993825554847717285e-01
1.362499999999999822e+01,8.560839981032185619e+01,1.443079113960266113e-01,1.420593559741973877e-01,1.000012040138244629e+00,9.993814229965209961e-01
1.363750000000000107e+01,8.568693962666161212e+01,-1.514413505792617798e-01,-1.518844068050384521e-01,1.000012040138244629e+00,9.993803501129150391e-01
1.365000000000000036e+01,8.576547944300135384e+01,-7.866463661193847656e-01,-7.853936553001403809e-01,1.000012040138244629e+00,9.993794560432434082e-01
1.366249999999999964e+01,8.584401925934109556e+01,-7.196657061576843262e-01,-7.197706103324890137e-01,1.000012159347534180e+00,9.993785619735717773e-01
1.367499999999999893e+01,8.592255907568083728e+01,-1.612519025802612305e-01,-1.633839458227157593e-01,1.000012040138244629e+00,9.993779063224792480e-01
1.368750000000000178e+01,8.600109889202059321e+01,-6.689774990081787109e-02,-6.855029612779617310e-02,1.000012159347534180e+00,9.993773102760314941e-01
1.370000000000000107e+01,8.607963870836033493e+01,-5.739720463752746582e-01,-5.736421942710876465e-01,1.000012159347534180e+00,9.993767142295837402e-01
1.371250000000000036e+01,8.615817852470007665e+01,-9.396767616271972656e-01,-9.388938546180725098e-01,1.000012159347534180e+00,9.993762969970703125e-01
1.372499999999999964e+01,8.623671834103981837e+01,-7.248032093048095703e-01,-7.255839705467224121e-01,1.000012159347534180e+00,9.993758797645568848e-01
1.373749999999999893e+01,8.631525815737956009e+01,-3.065074086189270020e-01,-3.086715042591094971e-01,1.000012159347534180e+00,9.993755817413330078e-01
1.375000000000000000e+01,8.639379797371931602e+01,-2.384862899780273438e-01,-2.402680665254592896e-01,1.000012159347534180e+00,9.993752837181091309e-01
1.376250000000000107e+01,8.647233779005905774e+01,-5.699188709259033203e-01,-5.702751874923706055e-01,1.000012159347534180e+00,9.993751049041748047e-01
1.377500000000000036e+01,8.655087760639879946e+01,-9.188304543495178223e-01,-9.183847904205322266e-01,1.000012159347534180e+00,9.993749856948852539e-01
1.378749999999999964e+01,8.662941742273854118e+01,-9.726390838623046875e-01,-9.726922512054443359e-01,1.000012159347534180e+00,9.993749856948852539e-01
1.380000000000000071e+01,8.670795723907829711e+01,-7.593473196029663086e-01,-7.605420947074890137e-01,1.000012159347534180e+00,9.993747472763061523e-01
1.381250000000000000e+01,8.678649705541803883e+01,-5.175638198852539062e-01,-5.195316076278686523e-01,1.000012159347534180e+00,9.993746876716613770e-01
1.382499999999999929e+01,8.686503687175778055e+01,-4.377378821372985840e-01,-4.396651387214660645e-01,1.000012278556823730e+00,9.993746876716613770e-01
1.383750000000000036e+01,8.694357668809752226e+01,-5.411316752433776855e-01,-5.424459576606750488e-01,1.000012159347534180e+00,9.993745684623718262e-01
1.384999999999999964e+01,8.702211650443726398e+01,-7.295567393302917480e-01,-7.301938533782958984e-01,1.000012278556823730e+00,9.993746280670166016e-01
1.386250000000000071e+01,8.710065632077701991e+01,-8.927138447761535645e-01,-8.929699063301086426e-01,1.000012278556823730e+00,9.993745684623718262e-01
1.387500000000000000e+01,8.717919613711676163e+01,-9.744733572006225586e-01,-9.747193455696105957e-01,1.000012278556823730e+00,9.993746280670166016e-01
1.388749999999999929e+01,8.725773595345650335e+01,-9.772811532020568848e-01,-9.777670502662658691e-01,1.000012397766113281e+00,9.993745088577270508e-01
1.389999999999999858e+01,8.733627576979624507e+01,-9.337205290794372559e-01,-9.345271587371826172e-01,1.000012278556823730e+00,9.993745088577270508e-01
1.391249999999999964e+01,8.741481558613598679e+01,-8.778561949729919434e-01,-8.789434432983398438e-01,1.000012397766113281e+00,9.993745684623718262e-01
1.392500000000000071e+01,8.749335540247574272e+01,-8.309310078620910645e-01,-8.322091102600097656e-01,1.000012397766113281e+00,9.993745684623718262e-01
1.393750000000000000e+01,8.757189521881548444e+01,-8.002067208290100098e-01,-8.015893101692199707e-01,1.000012397766113281e+00,9.993745088577270508e-01
1.394999999999999929e+01,8.765043503515522616e+01,-7.840121984481811523e-01,-7.854396700859069824e-01,1.000012397766113281e+00,9.993745684623718262e-01
1.396249999999999858e+01,8.772897485149496788e+01,-7.773181796073913574e-01,-7.787589430809020996e-01,1.000012397766113281e+00,9.993745088577270508e-01
1.397500000000000142e+01,8.780751466783472381e+01,-7.753436565399169922e-01,-7.767852544784545898e-01,1.000012397766113281e+00,9.993745684623718262e-01
1.398750000000000071e+01,8.788605448417446553e+01,-7.750171422958374023e-01,-7.764576077461242676e-01,1.000012278556823730e+00,9.993745088577270508e-01
1.400000000000000000e+01,8.796459430051420725e+01,-7.750021219253540039e-01,-7.764419913291931152e-01,1.000012278556823730e+00,9.993746280670166016e-01
1.401249999999999929e+01,8.804313411685394897e+01,-7.749865651130676270e-01,-7.764260172843933105e-01,1.000012278556823730e+00,9.993745684623718262e-01
1.402499999999999858e+01,8.812167393319369069e+01,-7.746270895004272461e-01,-7.760651707649230957e-01,1.000012278556823730e+00,9.993745684623718262e-01
1.403750000000000142e+01,8.820021374953344662e+01,-7.723069190979003906e-01,-7.737454175949096680e-01,1.000012278556823730e+00,9.993745684623718262e-01
1.405000000000000071e+01,8.827875356587318834e+01,-7.638965845108032227e-01,-7.653447985649108887e-01,1.000012278556823730e+00,9.993745088577270508e-01
1.406250000000000000e+01,8.835729338221293006e+01,-7.420441508293151855e-01,-7.435268163681030273e-01,1.000012278556823730e+00,9.993745088577270508e-01
1.407499999999999929e+01,8.843583319855267177e+01,-6.970994472503662109e-01,-6.986602544784545898e-01,1.000012278556823730e+00,9.993744492530822754e-01
1.408750000000000036e+01,8.851437301489242770e+01,-6.211644411087036133e-01,-6.228613853454589844e-01,1.000012278556823730e+00,9.993744492530822754e-01
1.410000000000000142e+01,8.859291283123216942e+01,-5.161061882972717285e-01,-5.179917216300964355e-01,1.000012397766113281e+00,9.993743896484375000e-01
1.411250000000000071e+01,8.867145264757191114e+01,-4.035555124282836914e-01,-4.056336879730224609e-01,1.000012397766113281e+00,9.993743896484375000e-01
1.412500000000000000e+01,8.874999246391165286e+01,-3.297227323055267334e-01,-3.318990468978881836e-01,1.000012397766113281e+00,9.993744492530822754e-01
1.413749999999999929e+01,8.882853228025139458e+01,-3.532978296279907227e-01,-3.553578853607177734e-01,1.000012516975402832e+00,9.993743896484375000e-01
1.415000000000000036e+01,8.890707209659115051e+01,-5.081696510314941406e-01,-5.098366737365722656e-01,1.000012516975402832e+00,9.993743896484375000e-01
1.416249999999999964e+01,8.898561191293089223e+01,-7.522113323211669922e-01,-7.533072233200073242e-01,1.000012516975402832e+00,9.993743896484375000e-01
1.417500000000000071e+01,8.906415172927063395e+01,-9.449426531791687012e-01,-9.455911517143249512e-01,1.000012516975402832e+00,9.993743896484375000e-01
1.418750000000000000e+01,8.914269154561037567e+01,-9.104936718940734863e-01,-9.111814498901367188e-01,1.000012516975402832e+00,9.993743300437927246e-01
1.419999999999999929e+01,8.922123136195011739e+01,-5.918543338775634766e-01,-5.931665897369384766e-01,1.000012516975402832e+00,9.993742108345031738e-01
1.421250000000000036e+01,8.929977117828987332e+01,-1.837241798639297485e-01,-1.858136653900146484e-01,1.000012516975402832e+00,9.993740916252136230e-01
1.422499999999999964e+01,8.937831099462961504e+01,-5.215131118893623352e-02,-5.439994484186172485e-02,1.000012516975402832e+00,9.993739724159240723e-01
1.423749999999999893e+01,8.945685081096935676e+01,-3.862026631832122803e-01,-3.876292109489440918e-01,1.000012397766113281e+00,9.993737936019897461e-01
1.425000000000000000e+01,8.953539062730909848e+01,-8.822060227394104004e-01,-8.825142383575439453e-01,1.000012397766113281e+00,9.993736743927001953e-01
1.426250000000000107e+01,8.961393044364885441e+01,-9.411934018135070801e-01,-9.413509368896484375e-01,1.000012516975402832e+00,9.993733167648315430e-01
1.427500000000000036e+01,8.969247025998859613e+01,-3.849633634090423584e-01,-3.862473666667938232e-01,1.000012516975402832e+00,9.993730187416076660e-01
1.428749999999999964e+01,8.977101007632833785e+01,1.459511816501617432e-01,1.436899602413177490e-01,1.000012636184692383e+00,9.993726611137390137e-01
1.429999999999999893e+01,8.984954989266807956e+01,-9.119091182947158813e-02,-9.275605529546737671e-02,1.000012636184692383e+00,9.993722438812255859e-01
1.431249999999999822e+01,8.992808970900782128e+01,-8.047918081283569336e-01,-8.047525286674499512e-01,1.000012636184692383e+00,9.993717074394226074e-01
1.432500000000000107e+01,9.000662952534757721e+01,-8.875699639320373535e-01,-8.873885273933410645e-01,1.000012755393981934e+00,9.993711113929748535e-01
1.433750000000000036e+01,9.008516934168731893e+01,-1.002425104379653931e-01,-1.016816124320030212e-01,1.000012755393981934e+00,9.993703961372375488e-01
1.434999999999999964e+01,9.016370915802706065e+01,3.377411663532257080e-01,3.356420099735260010e-01,1.000012755393981934e+00,9.993695616722106934e-01
1.436249999999999893e+01,9.024224897436680237e+01,-3.322036266326904297e-01,-3.326328992843627930e-01,1.000012755393981934e+00,9.993684887886047363e-01
1.437500000000000178e+01,9.032078879070655830e+01,-9.395225048065185547e-01,-9.387286305427551270e-01,1.000012755393981934e+00,9.993675351142883301e-01
1.438750000000000107e+01,9.039932860704630002e+01,-3.087189793586730957e-01,-3.093742132186889648e-01,1.000012874603271484e+00,9.993663430213928223e-01
1.440000000000000036e+01,9.047786842338604174e+01,4.836474061012268066e-01,4.816222190856933594e-01,1.000012874603271484e+00,9.993650317192077637e-01
1.441249999999999964e+01,9.055640823972578346e+01,-3.833625093102455139e-02,-3.882101923227310181e-02,1.000012874603271484e+00,9.993637204170227051e-01
1.442499999999999893e+01,9.063494805606552518e+01,-8.565830588340759277e-01,-8.554335236549377441e-01,1.000012874603271484e+00,9.993622899055480957e-01
1.443750000000000000e+01,9.071348787240528111e+01,-2.985758185386657715e-01,-2.988953888416290283e-01,1.000012993812561035e+00,9.993607401847839355e-01
1.445000000000000107e+01,9.079202768874502283e+01,6.045477390289306641e-01,6.026973724365234375e-01,1.000013113021850586e+00,9.993591308593750000e-01
1.446250000000000036e+01,9.087056750508476455e+01,7.443568855524063110e-02,7.432333379983901978e-02,1.000013113021850586e+00,9.993573427200317383e-01
1.447499999999999964e+01,9.094910732142450627e+01,-7.754662036895751953e-01,-7.739894390106201172e-01,1.000013113021850586e+00,9.993556141853332520e-01
1.448750000000000071e+01,9.102764713776426220e+01,-1.440398544073104858e-01,-1.443444341421127319e-01,1.000013113021850586e+00,9.993538260459899902e-01
1.450000000000000000e+01,9.110618695410400392e+01,7.316267490386962891e-01,7.300156354904174805e-01,1.000013113021850586e+00,9.993520379066467285e-01
1.451249999999999929e+01,9.118472677044374564e+01,9.938102215528488159e-02,9.985254704952239990e-02,1.000013113021850586e+00,9.993501901626586914e-01
1.452500000000000036e+01,9.126326658678348736e+01,-6.807796955108642578e-01,-6.790567040443420410e-01,1.000013113021850586e+00,9.993484616279602051e-01
1.453749999999999964e+01,9.134180640312322907e+01,4.421525076031684875e-02,4.386341571807861328e-02,1.000013232231140137e+00,9.993467330932617188e-01
1.455000000000000071e+01,9.142034621946298500e+01,8.338679075241088867e-01,8.325750231742858887e-01,1.000013232231140137e+00,9.993450045585632324e-01
1.456250000000000000e+01,9.149888603580272672e+01,1.506016850471496582e-01,1.515755057334899902e-01,1.000013232231140137e+00,9.993433952331542969e-01
1.457499999999999929e+01,9.157742585214246844e+01,-5.596560239791870117e-01,-5.577228069305419922e-01,1.000013351440429688e+00,9.993419051170349121e-01
1.458749999999999858e+01,9.165596566848221016e+01,1.447230130434036255e-01,1.445361524820327759e-01,1.000013232231140137e+00,9.993403553962707520e-01
1.460000000000000142e+01,9.173450548482196609e+01,9.071682691574096680e-01,9.061493277549743652e-01,1.000013351440429688e+00,9.993390440940856934e-01
1.461250000000000071e+01,9.181304530116170781e+01,3.369684815406799316e-01,3.380902111530303955e-01,1.000013351440429688e+00,9.993377923965454102e-01
1.462500000000000000e+01,9.189158511750144953e+01,-4.057991802692413330e-01,-4.035734236240386963e-01,1.000013351440429688e+00,9.993366003036499023e-01
1.463749999999999929e+01,9.197012493384119125e+01,6.274522095918655396e-02,6.318180263042449951e-02,1.000013351440429688e+00,9.993355274200439453e-01
1.464999999999999858e+01,9.204866475018093297e+01,8.941439986228942871e-01,8.933219909667968750e-01,1.000013351440429688e+00,9.993345141410827637e-01
1.466250000000000142e+01,9.212720456652068890e+01,7.052160501480102539e-01,7.058884501457214355e-01,1.000013351440429688e+00,9.993337392807006836e-01
1.467500000000000071e+01,9.220574438286043062e+01,-8.034379035234451294e-02,-7.797612994909286499e-02,1.000013470649719238e+00,9.993330240249633789e-01
1.468750000000000000e+01,9.228428419920017234e+01,-1.535694748163223267e-01,-1.519062519073486328e-01,1.000013470649719238e+00,9.993323683738708496e-01
1.469999999999999929e+01,9.236282401553991406e+01,5.594182014465332031e-01,5.593370795249938965e-01,1.000013470649719238e+00,9.993318319320678711e-01
1.471249999999999858e+01,9.244136383187965578e+01,9.971243739128112793e-01,9.969361424446105957e-01,1.000013470649719238e+00,9.993312954902648926e-01
1.472500000000000142e+01,9.251990364821941171e+01,6.320072412490844727e-01,6.333858966827392578e-01,1.000013470649719238e+00,9.993308782577514648e-01
1.473750000000000071e+01,9.259844346455915343e+01,5.280739441514015198e-02,5.529049038887023926e-02,1.000013351440429688e+00,9.993305802345275879e-01
1.475000000000000000e+01,9.267698328089889515e+01,-1.717520208330824971e-04,1.753623597323894501e-03,1.000013470649719238e+00,9.993302822113037109e-01
1.476249999999999929e+01,9.275552309723863686e+01,4.740103781223297119e-01,4.746346473693847656e-01,1.000013470649719238e+00,9.993301033973693848e-01
1.477500000000000036e+01,9.283406291357839279e+01,9.213364124298095703e-01,9.214258193969726562e-01,1.000013589859008789e+00,9.993298649787902832e-01
1.478749999999999964e+01,9.291260272991813451e+01,9.398522377014160156e-01,9.405855536460876465e-01,1.000013589859008789e+00,9.993297457695007324e-01
1.480000000000000071e+01,9.299114254625787623e+01,6.101936101913452148e-01,6.119995713233947754e-01,1.000013589859008789e+00,9.993296861648559570e-01
1.481250000000000000e+01,9.306968236259761795e+01,2.761981785297393799e-01,2.786056697368621826e-01,1.000013589859008789e+00,9.993296265602111816e-01
1.482499999999999929e+01,9.314822217893735967e+01,1.854394972324371338e-01,1.876833587884902954e-01,1.000013589859008789e+00,9.993295073509216309e-01
1.483750000000000036e+01,9.322676199527711560e+01,3.438449800014495850e-01,3.454760015010833740e-01,1.000013589859008789e+00,9.993293881416320801e-01
1.484999999999999964e+01,9.330530181161685732e+01,6.029633879661560059e-01,6.040130853652954102e-01,1.000013589859008789e+00,9.993295073509216309e-01
1.486249999999999893e+01,9.338384162795659904e+01,8.117744922637939453e-01,8.125633597373962402e-01,1.000013589859008789e+00,9.993293881416320801e-01
1.487500000000000000e+01,9.346238144429634076e+01,9.015170931816101074e-01,9.023861289024353027e-01,1.000013589859008789e+00,9.993294477462768555e-01
1.488750000000000107e+01,9.354092126063609669e+01,8.840248584747314453e-01,8.851732015609741211e-01,1.000013470649719238e+00,9.993294477462768555e-01
1.490000000000000036e+01,9.361946107697583841e+01,8.086513280868530273e-01,8.101175427436828613e-01,1.000013351440429688e+00,9.993293881416320801e-01
1.491249999999999964e+01,9.369800089331558013e+01,7.228158712387084961e-01,7.245390415191650391e-01,1.000013470649719238e+00,9.993294477462768555e-01
1.492499999999999893e+01,9.377654070965532185e+01,6.541100144386291504e-01,6.559955477714538574e-01,1.000013470649719238e+00,9.993293881416320801e-01
1.493749999999999822e+01,9.385508052599506357e+01,6.104414463043212891e-01,6.124084591865539551e-01,1.000013470649719238e+00,9.993294477462768555e-01
1.495000000000000107e+01,9.393362034233481950e+01,5.879315137863159180e-01,5.899282097816467285e-01,1.000013351440429688e+00,9.993294477462768555e-01
1.496250000000000036e+01,9.401216015867456122e+01,5.787990093231201172e-01,5.808005332946777344e-01,1.000013470649719238e+00,9.993295073509216309e-01
1.497499999999999964e+01,9.409069997501430294e+01,5.761498808860778809e-01,5.781486034393310547e-01,1.000013470649719238e+00,9.993295073509216309e-01
1.498749999999999893e+01,9.416923979135404466e+01,5.757185816764831543e-01,5.777150392532348633e-01,1.000013470649719238e+00,9.993295669555664062e-01
1.499999999999999822e+01,9.424777960769378637e+01,5.756989717483520508e-01,5.776947140693664551e-01,1.000013470649719238e+00,9.993296265602111816e-01
1.501250000000000107e+01,9.432631942403354230e+01,5.756790637969970703e-01,5.776740908622741699e-01,1.000013351440429688e+00,9.993295669555664062e-01
1.502500000000000036e+01,9.440485924037328402e+01,5.752232670783996582e-01,5.772157311439514160e-01,1.000013351440429688e+00,9.993295669555664062e-01
1.503749999999999964e+01,9.448339905671302574e+01,5.723174810409545898e-01,5.743063688278198242e-01,1.000013232231140137e+00,9.993296861648559570e-01
1.504999999999999893e+01,9.456193887305276746e+01,5.619098544120788574e-01,5.638993382453918457e-01,1.000013351440429688e+00,9.993296265602111816e-01
1.506250000000000178e+01,9.464047868939252339e+01,5.351969599723815918e-01,5.372014641761779785e-01,1.000013351440429688e+00,9.993296265602111816e-01
1.507500000000000107e+01,9.471901850573226511e+01,4.809651970863342285e-01,4.830145239830017090e-01,1.000013470649719238e+00,9.993295669555664062e-01
1.508750000000000036e+01,9.479755832207200683e+01,3.907092809677124023e-01,3.928461968898773193e-01,1.000013351440429688e+00,9.993296265602111816e-01
1.509999999999999964e+01,9.487609813841174855e+01,2.683318853378295898e-01,2.705973684787750244e-01,1.000013351440429688e+00,9.993295669555664062e-01
1.511249999999999893e+01,9.495463795475149027e+01,1.417102366685867310e-01,1.441157013177871704e-01,1.000013351440429688e+00,9.993296265602111816e-01
1.512500000000000000e+01,9.503317777109124620e+01,6.728639453649520874e-02,6.977457553148269653e-02,1.000013351440429688e+00,9.993295669555664062e-01
1.513750000000000107e+01,9.511171758743098792e+01,1.138074696063995361e-01,1.162271201610565186e-01,1.000013470649719238e+00,9.993296265602111816e-01
1.515000000000000036e+01,9.519025740377072964e+01,3.164643347263336182e-01,3.186043202877044678e-01,1.000013470649719238e+00,9.993295669555664062e-01
1.516249999999999964e+01,9.526879722011047136e+01,6.168969869613647461e-01,6.186012029647827148e-01,1.000013351440429688e+00,9.993295669555664062e-01
1.517500000000000071e+01,9.534733703645022729e+01,8.416656851768493652e-01,8.429867625236511230e-01,1.000013351440429688e+00,9.993296265602111816e-01
1.518750000000000000e+01,9.542587685278996901e+01,7.846140265464782715e-01,7.858852744102478027e-01,1.000013470649719238e+00,9.993295073509216309e-01
1.519999999999999929e+01,9.550441666912971073e+01,3.935288190841674805e-01,3.951965570449829102e-01,1.000013470649719238e+00,9.993295073509216309e-01
1.521250000000000036e+01,9.558295648546945245e+01,-8.086313307285308838e-02,-7.862527668476104736e-02,1.000013470649719238e+00,9.993293285369873047e-01
1.522499999999999964e+01,9.566149630180919416e+01,-2.000558525323867798e-01,-1.976467818021774292e-01,1.000013470649719238e+00,9.993292093276977539e-01
1.523750000000000071e+01,9.574003611814895010e+01,2.362319827079772949e-01,2.380734831094741821e-01,1.000013470649719238e+00,9.993290305137634277e-01
1.525000000000000000e+01,9.581857593448869181e+01,8.326610922813415527e-01,8.336296081542968750e-01,1.000013470649719238e+00,9.993288516998291016e-01
1.526249999999999929e+01,9.589711575082843353e+01,8.740301132202148438e-01,8.747624754905700684e-01,1.000013470649719238e+00,9.993286728858947754e-01
1.527499999999999858e+01,9.597565556716817525e+01,1.923705935478210449e-01,1.938468813896179199e-01,1.000013470649719238e+00,9.993284344673156738e-01
1.528750000000000142e+01,9.605419538350793118e+01,-4.075165987014770508e-01,-4.052842557430267334e-01,1.000013470649719238e+00,9.993279576301574707e-01
1.530000000000000071e+01,9.613273519984767290e+01,-6.531388312578201294e-02,-6.351875513792037964e-02,1.000013470649719238e+00,9.993274807929992676e-01
1.531250000000000000e+01,9.621127501618741462e+01,8.010925650596618652e-01,8.016691803932189941e-01,1.000013589859008789e+00,9.993270039558410645e-01
1.532499999999999929e+01,9.628981483252715634e+01,8.594484925270080566e-01,8.597816228866577148e-01,1.000013589859008789e+00,9.993263483047485352e-01
1.533749999999999858e+01,9.636835464886689806e+01,-9.616002440452575684e-02,-9.470570832490921021e-02,1.000013589859008789e+00,9.993256330490112305e-01
1.535000000000000142e+01,9.644689446520665399e+01,-5.606831908226013184e-01,-5.586960911750793457e-01,1.000013589859008789e+00,9.993247389793395996e-01
1.536250000000000071e+01,9.652543428154639571e+01,2.965250909328460693e-01,2.973124384880065918e-01,1.000013589859008789e+00,9.993237853050231934e-01
1.537500000000000000e+01,9.660397409788613743e+01,9.965175986289978027e-01,9.963181018829345703e-01,1.000013589859008789e+00,9.993227720260620117e-01
1.538749999999999929e+01,9.668251391422587915e+01,2.002366483211517334e-01,2.010092735290527344e-01,1.000013470649719238e+00,9.993215203285217285e-01
1.540000000000000036e+01,9.676105373056563508e+01,-7.019046545028686523e-01,-7.001360654830932617e-01,1.000013470649719238e+00,9.993203282356262207e-01
1.541250000000000142e+01,9.683959354690537680e+01,-3.008061554282903671e-03,-2.370834816247224808e-03,1.000013589859008789e+00,9.993189573287963867e-01
1.542500000000000071e+01,9.691813336324511852e+01,9.598587751388549805e-01,9.592610597610473633e-01,1.000013589859008789e+00,9.993175268173217773e-01
1.543750000000000000e+01,9.699667317958486024e+01,2.410852611064910889e-01,2.415211498737335205e-01,1.000013589859008789e+00,9.993159174919128418e-01
1.544999999999999929e+01,9.707521299592460196e+01,-7.961739301681518555e-01,-7.946835756301879883e-01,1.000013589859008789e+00,9.993143677711486816e-01
1.546250000000000036e+01,9.715375281226435789e+01,-8.224975317716598511e-02,-8.209671080112457275e-02,1.000013589859008789e+00,9.993126988410949707e-01
1.547499999999999964e+01,9.723229262860409960e+01,9.160709977149963379e-01,9.150819182395935059e-01,1.000013709068298340e+00,9.993109703063964844e-01
1.548750000000000071e+01,9.731083244494384132e+01,1.090908572077751160e-01,1.094295233488082886e-01,1.000013589859008789e+00,9.993091821670532227e-01
1.550000000000000000e+01,9.738937226128358304e+01,-8.884544968605041504e-01,-8.872942328453063965e-01,1.000013709068298340e+00,9.993075132369995117e-01
1.551249999999999929e+01,9.746791207762332476e+01,-5.485712736845016479e-02,-5.535163730382919312e-02,1.000013709068298340e+00,9.993056654930114746e-01
1.552500000000000036e+01,9.754645189396308069e+01,8.523266315460205078e-01,8.510167598724365234e-01,1.000013589859008789e+00,9.993039369583129883e-01
1.553749999999999964e+01,9.762499171030282241e+01,-6.183971837162971497e-02,-6.155370175838470459e-02,1.000013589859008789e+00,9.993022680282592773e-01
1.554999999999999893e+01,9.770353152664256413e+01,-9.505699872970581055e-01,-9.498126506805419922e-01,1.000013709068298340e+00,9.993005990982055664e-01
1.556250000000000000e+01,9.778207134298230585e+01,-6.138854473829269409e-02,-6.246077641844749451e-02,1.000013709068298340e+00,9.992990493774414062e-01
1.557500000000000107e+01,9.786061115932206178e+01,7.599549889564514160e-01,7.583544254302978516e-01,1.000013828277587891e+00,9.992973804473876953e-01
1.558750000000000036e+01,9.793915097566180350e+01,-1.261905878782272339e-01,-1.261196583509445190e-01,1.000013828277587891e+00,9.992958903312683105e-01
1.559999999999999964e+01,9.801769079200154522e+01,-9.870407581329345703e-01,-9.866235852241516113e-01,1.000013828277587891e+00,9.992945194244384766e-01
1.561249999999999893e+01,9.809623060834128694e+01,-2.345351278781890869e-01,-2.359117716550827026e-01,1.000013709068298340e+00,9.992932081222534180e-01
1.562499999999999822e+01,9.817477042468102866e+01,6.371768712997436523e-01,6.351761817932128906e-01,1.000013709068298340e+00,9.992920160293579102e-01
1.563750000000000107e+01,9.825331024102078459e+01,3.068026341497898102e-02,3.019000403583049774e-02,1.000013828277587891e+00,9.992909431457519531e-01
1.565000000000000036e+01,9.833185005736052631e+01,-9.352643489837646484e-01,-9.350433945655822754e-01,1.000013947486877441e+00,9.992899894714355469e-01
1.566249999999999964e+01,9.841038987370026803e+01,-6.384873390197753906e-01,-6.396741867065429688e-01,1.000013947486877441e+00,9.992890954017639160e-01
1.567499999999999893e+01,9.848892969004000975e+01,3.159404397010803223e-01,3.135668039321899414e-01,1.000013947486877441e+00,9.992883205413818359e-01
1.568750000000000178e+01,9.856746950637976568e+01,3.626847267150878906e-01,3.610965609550476074e-01,1.000013947486877441e+00,9.992876648902893066e-01
1.570000000000000107e+01,9.864600932271950740e+01,-5.032923221588134766e-01,-5.035860538482666016e-01,1.000013947486877441e+00,9.992871880531311035e-01
1.571250000000000036e+01,9.872454913905924911e+01,-9.805802106857299805e-01,-9.810854792594909668e-01,1.000013947486877441e+00,9.992867708206176758e-01
1.572499999999999964e+01,9.880308895539899083e+01,-4.923633337020874023e-01,-4.942302405834197998e-01,1.000014066696166992e+00,9.992863535881042480e-01
1.573749999999999893e+01,9.888162877173873255e+01,2.047807425260543823e-01,2.021972090005874634e-01,1.000014066696166992e+00,9.992860555648803711e-01
1.575000000000000000e+01,9.896016858807848848e+01,2.388455867767333984e-01,2.368877083063125610e-01,1.000014066696166992e+00,9.992858767509460449e-01
1.576250000000000107e+01,9.903870840441823020e+01,-3.428709208965301514e-01,-3.438234329223632812e-01,1.000014066696166992e+00,9.992856383323669434e-01
1.577500000000000036e+01,9.911724822075797192e+01,-8.554456233978271484e-01,-8.561749458312988281e-01,1.000014185905456543e+00,9.992855191230773926e-01
1.578749999999999964e+01,9.919578803709771364e+01,-8.373423814773559570e-01,-8.387579917907714844e-01,1.000014185905456543e+00,9.992852807044982910e-01
1.579999999999999893e+01,9.927432785343745536e+01,-4.157979190349578857e-01,-4.180874526500701904e-01,1.000014185905456543e+00,9.992852807044982910e-01
1.581250000000000000e+01,9.935286766977721129e+01,-1.435966882854700089e-02,-1.702277362346649170e-02,1.000014185905456543e+00,9.992852210998535156e-01
1.582499999999999929e+01,9.943140748611695301e+01,8.063127100467681885e-02,7.820985466241836548e-02,1.000014305114746094e+00,9.992852210998535156e-01
1.583750000000000036e+01,9.950994730245669473e+01,-1.210061088204383850e-01,-1.229039579629898071e-01,1.000014305114746094e+00,9.992851614952087402e-01
1.584999999999999964e+01,9.958848711879643645e+01,-4.315861761569976807e-01,-4.330699145793914795e-01,1.000014185905456543e+00,9.992851018905639648e-01
1.586250000000000071e+01,9.966702693513619238e+01,-6.705664992332458496e-01,-6.719343066215515137e-01,1.000014305114746094e+00,9.992851018905639648e-01
1.587500000000000000e+01,9.974556675147593410e+01,-7.616513967514038086e-01,-7.631688117980957031e-01,1.000014305114746094e+00,9.992850422859191895e-01
1.588749999999999929e+01,9.982410656781567582e+01,-7.251728773117065430e-01,-7.269678711891174316e-01,1.000014305114746094e+00,9.992850422859191895e-01
1.589999999999999858e+01,9.990264638415541754e+01,-6.235879063606262207e-01,-6.256583333015441895e-01,1.000014305114746094e+00,9.992849826812744141e-01
1.591249999999999964e+01,9.998118620049515926e+01,-5.141547918319702148e-01,-5.164271593093872070e-01,1.000014305114746094e+00,9.992849826812744141e-01
1.592500000000000071e+01,1.000597260168349152e+02,-4.287649095058441162e-01,-4.311554133892059326e-01,1.000014305114746094e+00,9.992850422859191895e-01
1.593750000000000000e+01,1.001382658331746569e+02,-3.753895163536071777e-01,-3.778319656848907471e-01,1.000014305114746094e+00,9.992850422859191895e-01
1.594999999999999929e+01,1.002168056495143986e+02,-3.482313156127929688e-01,-3.506876230239868164e-01,1.000014305114746094e+00,9.992849826812744141e-01
1.596249999999999858e+01,1.002953454658541403e+02,-3.373361229896545410e-01,-3.397903144359588623e-01,1.000014424324035645e+00,9.992850422859191895e-01
1.597500000000000142e+01,1.003738852821938963e+02,-3.342076838016510010e-01,-3.366569876670837402e-01,1.000014305114746094e+00,9.992849826812744141e-01
1.598750000000000071e+01,1.004524250985336380e+02,-3.337032794952392578e-01,-3.361496031284332275e-01,1.000014424324035645e+00,9.992849230766296387e-01
1.600000000000000000e+01,1.005309649148733797e+02,-3.336806297302246094e-01,-3.361260592937469482e-01,1.000014424324035645e+00,9.992849230766296387e-01
1.601249999999999929e+01,1.006095047312131214e+02,-3.336576521396636963e-01,-3.361023366451263428e-01,1.000014424324035645e+00,9.992849230766296387e-01
1.602499999999999858e+01,1.006880445475528632e+02,-3.331389725208282471e-01,-3.355805575847625732e-01,1.000014424324035645e+00,9.992848038673400879e-01
1.603750000000000142e+01,1.007665843638926191e+02,-3.298618495464324951e-01,-3.322974443435668945e-01,1.000014305114746094e+00,9.992848634719848633e-01
1.605000000000000071e+01,1.008451241802323608e+02,-3.182274103164672852e-01,-3.206555247306823730e-01,1.000014305114746094e+00,9.992848038673400879e-01
1.606250000000000000e+01,1.009236639965721025e+02,-2.886328697204589844e-01,-2.910571098327636719e-01,1.000014305114746094e+00,9.992848038673400879e-01
1.607499999999999929e+01,1.010022038129118442e+02,-2.291356027126312256e-01,-2.315665334463119507e-01,1.000014185905456543e+00,9.992847442626953125e-01
1.608750000000000213e+01,1.010807436292516002e+02,-1.312559247016906738e-01,-1.337127089500427246e-01,1.000014185905456543e+00,9.992847442626953125e-01
1.610000000000000142e+01,1.011592834455913419e+02,-6.412335787899792194e-04,-3.145523602142930031e-03,1.000014185905456543e+00,9.992848038673400879e-01
1.611250000000000071e+01,1.012378232619310836e+02,1.306482553482055664e-01,1.280856877565383911e-01,1.000014185905456543e+00,9.992847442626953125e-01
1.612500000000000000e+01,1.013163630782708253e+02,2.001246064901351929e-01,1.975261718034744263e-01,1.000014305114746094e+00,9.992848038673400879e-01
1.613749999999999929e+01,1.013949028946105670e+02,1.340921819210052490e-01,1.315260380506515503e-01,1.000014305114746094e+00,9.992848038673400879e-01
1.615000000000000213e+01,1.014734427109503230e+02,-1.013218313455581665e-01,-1.037468761205673218e-01,1.000014305114746094e+00,9.992848038673400879e-01
1.616250000000000142e+01,1.015519825272900647e+02,-4.358493089675903320e-01,-4.380356073379516602e-01,1.000014305114746094e+00,9.992848038673400879e-01
1.617500000000000071e+01,1.016305223436298064e+02,-6.759509444236755371e-01,-6.778952479362487793e-01,1.000014185905456543e+00,9.992848038673400879e-01
1.618750000000000000e+01,1.017090621599695481e+02,-6.004971861839294434e-01,-6.023414731025695801e-01,1.000014305114746094e+00,9.992847442626953125e-01
1.620000000000000284e+01,1.017876019763093041e+02,-1.659674644470214844e-01,-1.679411679506301880e-01,1.000014185905456543e+00,9.992846846580505371e-01
1.621250000000000213e+01,1.018661417926490458e+02,3.394645452499389648e-01,3.372342288494110107e-01,1.000014185905456543e+00,9.992846250534057617e-01
1.622500000000000142e+01,1.019446816089887875e+02,4.373856186866760254e-01,4.350511133670806885e-01,1.000014185905456543e+00,9.992844462394714355e-01
1.623750000000000071e+01,1.020232214253285292e+02,-6.879101693630218506e-02,-7.085887342691421509e-02,1.000014185905456543e+00,9.992842674255371094e-01
1.625000000000000000e+01,1.021017612416682709e+02,-7.213652729988098145e-01,-7.229469418525695801e-01,1.000014185905456543e+00,9.992840290069580078e-01
1.626249999999999929e+01,1.021803010580080269e+02,-7.419852614402770996e-01,-7.433394789695739746e-01,1.000014185905456543e+00,9.992837905883789062e-01
1.627500000000000213e+01,1.022588408743477686e+02,1.454565208405256271e-02,1.291175652295351028e-02,1.000014185905456543e+00,9.992834329605102539e-01
1.628750000000000142e+01,1.023373806906875103e+02,6.388364434242248535e-01,6.368384957313537598e-01,1.000014305114746094e+00,9.992830157279968262e-01
1.630000000000000071e+01,1.024159205070272520e+02,2.169009596109390259e-01,2.150988429784774780e-01,1.000014305114746094e+00,9.992825984954833984e-01
1.631250000000000000e+01,1.024944603233669937e+02,-7.379960417747497559e-01,-7.391557693481445312e-01,1.000014305114746094e+00,9.992820620536804199e-01
1.632499999999999929e+01,1.025730001397067497e+02,-7.675168514251708984e-01,-7.684540748596191406e-01,1.000014305114746094e+00,9.992814064025878906e-01
1.633749999999999858e+01,1.026515399560464914e+02,2.854727804660797119e-01,2.840624153614044189e-01,1.000014424324035645e+00,9.992806911468505859e-01
1.635000000000000142e+01,1.027300797723862331e+02,7.419860959053039551e-01,7.403442263603210449e-01,1.000014424324035645e+00,9.992798566818237305e-01
1.636250000000000071e+01,1.028086195887259748e+02,-2.389176785945892334e-01,-2.399399131536483765e-01,1.000014424324035645e+00,9.992788434028625488e-01
1.637500000000000000e+01,1.028871594050657308e+02,-9.795610308647155762e-01,-9.800600409507751465e-01,1.000014424324035645e+00,9.992778301239013672e-01
1.638749999999999929e+01,1.029656992214054725e+02,-7.683298736810684204e-02,-7.775966078042984009e-02,1.000014424324035645e+00,9.992766976356506348e-01
1.639999999999999858e+01,1.030442390377452142e+02,8.680675029754638672e-01,8.667570352554321289e-01,1.000014424324035645e+00,9.992754459381103516e-01
1.641249999999999787e+01,1.031227788540849559e+02,4.405364394187927246e-02,4.340359196066856384e-02,1.000014424324035645e+00,9.992740750312805176e-01
1.642500000000000071e+01,1.032013186704246976e+02,-9.919134974479675293e-01,-9.919852018356323242e-01,1.000014424324035645e+00,9.992726445198059082e-01
1.643750000000000000e+01,1.032798584867644536e+02,-1.656357049942016602e-01,-1.662598103284835815e-01,1.000014424324035645e+00,9.992710947990417480e-01
1.644999999999999929e+01,1.033583983031041953e+02,9.287230372428894043e-01,9.277658462524414062e-01,1.000014424324035645e+00,9.992694854736328125e-01
1.646249999999999858e+01,1.034369381194439370e+02,8.388580381870269775e-02,8.380074799060821533e-02,1.000014424324035645e+00,9.992677569389343262e-01
1.647499999999999787e+01,1.035154779357836787e+02,-9.887009263038635254e-01,-9.883461594581604004e-01,1.000014424324035645e+00,9.992660284042358398e-01
1.648750000000000071e+01,1.035940177521234347e+02,-6.597620248794555664e-02,-6.641851365566253662e-02,1.000014543533325195e+00,9.992643594741821289e-01
1.650000000000000000e+01,1.036725575684631764e+02,9.793512821197509766e-01,9.788056612014770508e-01,1.000014543533325195e+00,9.992625713348388672e-01
1.651249999999999929e+01,1.037510973848029181e+02,6.194467656314373016e-03,6.763355806469917297e-03,1.000014424324035645e+00,9.992607831954956055e-01
1.652499999999999858e+01,1.038296372011426598e+02,-9.606203436851501465e-01,-9.599000215530395508e-01,1.000014543533325195e+00,9.992591142654418945e-01
1.653749999999999787e+01,1.039081770174824015e+02,7.494267076253890991e-02,7.466509193181991577e-02,1.000014662742614746e+00,9.992573857307434082e-01
1.655000000000000071e+01,1.039867168338221575e+02,9.967293739318847656e-01,9.966497421264648438e-01,1.000014781951904297e+00,9.992557168006896973e-01
1.656250000000000000e+01,1.040652566501618992e+02,-3.244647383689880371e-02,-3.126743808388710022e-02,1.000014781951904297e+00,9.992540478706359863e-01
1.657499999999999929e+01,1.041437964665016409e+02,-9.038548469543457031e-01,-9.027767181396484375e-01,1.000014662742614746e+00,9.992524981498718262e-01
1.658749999999999858e+01,1.042223362828413826e+02,9.836071729660034180e-02,9.833894670009613037e-02,1.000014781951904297e+00,9.992510080337524414e-01
1.659999999999999787e+01,1.043008760991811243e+02,9.936681985855102539e-01,9.939676523208618164e-01,1.000014662742614746e+00,9.992496371269226074e-01
1.661250000000000071e+01,1.043794159155208803e+02,1.146355792880058289e-01,1.162619888782501221e-01,1.000014781951904297e+00,9.992483258247375488e-01
1.662500000000000000e+01,1.044579557318606220e+02,-8.212825059890747070e-01,-8.196986913681030273e-01,1.000014781951904297e+00,9.992471933364868164e-01
1.663749999999999929e+01,1.045364955482003637e+02,-1.217736899852752686e-01,-1.213404834270477295e-01,1.000014781951904297e+00,9.992460608482360840e-01
1.664999999999999858e+01,1.046150353645401054e+02,9.070030450820922852e-01,9.074516892433166504e-01,1.000014901161193848e+00,9.992451667785644531e-01
1.666250000000000142e+01,1.046935751808798614e+02,5.243269801139831543e-01,5.260584354400634766e-01,1.000014901161193848e+00,9.992443323135375977e-01
1.667500000000000071e+01,1.047721149972196031e+02,-5.281353592872619629e-01,-5.259081125259399414e-01,1.000014901161193848e+00,9.992435574531555176e-01
1.668750000000000000e+01,1.048506548135593448e+02,-5.448582768440246582e-01,-5.435336232185363770e-01,1.000014901161193848e+00,9.992428421974182129e-01
1.669999999999999929e+01,1.049291946298990865e+02,4.098664820194244385e-01,4.104931056499481201e-01,1.000014901161193848e+00,9.992423057556152344e-01
1.671249999999999858e+01,1.050077344462388282e+02,8.912652134895324707e-01,8.925148844718933105e-01,1.000015020370483398e+00,9.992418289184570312e-01
1.672500000000000142e+01,1.050862742625785842e+02,3.161283731460571289e-01,3.184522390365600586e-01,1.000015020370483398e+00,9.992414116859436035e-01
1.673750000000000071e+01,1.051648140789183259e+02,-4.472087323665618896e-01,-4.446910917758941650e-01,1.000015020370483398e+00,9.992411136627197266e-01
1.675000000000000000e+01,1.052433538952580676e+02,-4.597770273685455322e-01,-4.579781293869018555e-01,1.000015139579772949e+00,9.992408752441406250e-01
1.676249999999999929e+01,1.053218937115978093e+02,1.863328367471694946e-01,1.875148862600326538e-01,1.000015139579772949e+00,9.992407560348510742e-01
1.677500000000000213e+01,1.054004335279375653e+02,7.260949611663818359e-01,7.274569869041442871e-01,1.000015139579772949e+00,9.992405772209167480e-01
1.678750000000000142e+01,1.054789733442773070e+02,6.726723313331604004e-01,6.747644543647766113e-01,1.000015139579772949e+00,9.992405176162719727e-01
1.680000000000000071e+01,1.055575131606170487e+02,1.905040442943572998e-01,1.931939572095870972e-01,1.000015139579772949e+00,9.992403388023376465e-01
1.681250000000000000e+01,1.056360529769567904e+02,-2.485746592283248901e-01,-2.458164244890213013e-01,1.000015139579772949e+00,9.992402791976928711e-01
1.682499999999999929e+01,1.057145927932965321e+02,-3.407185077667236328e-01,-3.383078575134277344e-01,1.000015139579772949e+00,9.992402791976928711e-01
1.683750000000000213e+01,1.057931326096362881e+02,-1.107896491885185242e-01,-1.087857037782669067e-01,1.000015139579772949e+00,9.992402195930480957e-01
1.685000000000000142e+01,1.058716724259760298e+02,2.282107472419738770e-01,2.300182133913040161e-01,1.000015139579772949e+00,9.992402195930480957e-01
1.686250000000000071e+01,1.059502122423157715e+02,4.796176552772521973e-01,4.814949929714202881e-01,1.000015139579772949e+00,9.992401003837585449e-01
1.687500000000000000e+01,1.060287520586555132e+02,5.652682781219482422e-01,5.673826336860656738e-01,1.000015139579772949e+00,9.992401599884033203e-01
1.688749999999999929e+01,1.061072918749952692e+02,5.124964714050292969e-01,5.148806571960449219e-01,1.000015139579772949e+00,9.992401599884033203e-01
1.690000000000000213e+01,1.061858316913350109e+02,3.922300636768341064e-01,3.948282897472381592e-01,1.000015258789062500e+00,9.992401003837585449e-01
1.691250000000000142e+01,1.062643715076747526e+02,2.673158645629882812e-01,2.700422108173370361e-01,1.000015258789062500e+00,9.992401599884033203e-01
1.692500000000000071e+01,1.063429113240144943e+02,1.715807467699050903e-01,1.743618100881576538e-01,1.000015258789062500e+00,9.992401599884033203e-01
1.693750000000000000e+01,1.064214511403542360e+02,1.124625876545906067e-01,1.152539849281311035e-01,1.000015258789062500e+00,9.992401003837585449e-01
1.694999999999999929e+01,1.064999909566939920e+02,8.267386257648468018e-02,8.545675873756408691e-02,1.000015258789062500e+00,9.992401003837585449e-01
1.696249999999999858e+01,1.065785307730337337e+02,7.082567363977432251e-02,7.359682023525238037e-02,1.000015258789062500e+00,9.992400407791137695e-01
1.697500000000000142e+01,1.066570705893734754e+02,6.745134294033050537e-02,7.021412253379821777e-02,1.000015258789062500e+00,9.992400407791137695e-01
1.698750000000000071e+01,1.067356104057132171e+02,6.691151112318038940e-02,6.967062503099441528e-02,1.000015258789062500e+00,9.992400407791137695e-01
1.700000000000000000e+01,1.068141502220529730e+02,6.688738614320755005e-02,6.964556127786636353e-02,1.000015258789062500e+00,9.992400407791137695e-01
1.701249999999999929e+01,1.068926900383927148e+02,6.686311960220336914e-02,6.962039321660995483e-02,1.000015139579772949e+00,9.992400407791137695e-01
1.702499999999999858e+01,1.069712298547324565e+02,6.632045656442642212e-02,6.907391548156738281e-02,1.000015139579772949e+00,9.992400407791137695e-01
1.703750000000000142e+01,1.070497696710721982e+02,6.291620433330535889e-02,6.565993279218673706e-02,1.000015258789062500e+00,9.992400407791137695e-01
1.705000000000000071e+01,1.071283094874119399e+02,5.092013254761695862e-02,5.364572256803512573e-02,1.000015258789062500e+00,9.992400407791137695e-01
1.706250000000000000e+01,1.072068493037516959e+02,2.064316533505916595e-02,2.334024570882320404e-02,1.000015139579772949e+00,9.992401003837585449e-01
1.707499999999999929e+01,1.072853891200914376e+02,-3.970301896333694458e-02,-3.704574704170227051e-02,1.000015139579772949e+00,9.992400407791137695e-01
1.708749999999999858e+01,1.073639289364311793e+02,-1.379415839910507202e-01,-1.353329122066497803e-01,1.000015139579772949e+00,9.992401003837585449e-01
1.709999999999999787e+01,1.074424687527709210e+02,-2.671012878417968750e-01,-2.645396590232849121e-01,1.000015139579772949e+00,9.992402195930480957e-01
1.711250000000000071e+01,1.075210085691106627e+02,-3.933218419551849365e-01,-3.907920122146606445e-01,1.000015139579772949e+00,9.992402195930480957e-01
1.712500000000000000e+01,1.075995483854504187e+02,-4.527086317539215088e-01,-4.501811563968658447e-01,1.000015139579772949e+00,9.992402195930480957e-01
1.713749999999999929e+01,1.076780882017901604e+02,-3.720796406269073486e-01,-3.695217669010162354e-01,1.000015139579772949e+00,9.992402195930480957e-01
1.714999999999999858e+01,1.077566280181299021e+02,-1.213883385062217712e-01,-1.187892481684684753e-01,1.000015139579772949e+00,9.992401599884033203e-01
1.716249999999999787e+01,1.078351678344696438e+02,2.224116176366806030e-01,2.250127345323562622e-01,1.000015139579772949e+00,9.992401599884033203e-01
1.717500000000000071e+01,1.079137076508093998e+02,4.600520730018615723e-01,4.625632464885711670e-01,1.000015139579772949e+00,9.992400407791137695e-01
1.718750000000000000e+01,1.079922474671491415e+02,3.718245029449462891e-01,3.741489350795745850e-01,1.000015139579772949e+00,9.992400407791137695e-01
1.719999999999999929e+01,1.080707872834888832e+02,-7.388720661401748657e-02,-7.176838815212249756e-02,1.000015139579772949e+00,9.992399215698242188e-01
1.721249999999999858e+01,1.081493270998286249e+02,-5.728709697723388672e-01,-5.708486437797546387e-01,1.000015258789062500e+00,9.992398023605346680e-01
1.722499999999999787e+01,1.082278669161683666e+02,-6.422927975654602051e-01,-6.401998400688171387e-01,1.000015258789062500e+00,9.992396831512451172e-01
1.723750000000000071e+01,1.083064067325081226e+02,-1.038128510117530823e-01,-1.015917658805847168e-01,1.000015258789062500e+00,9.992395639419555664e-01
1.725000000000000000e+01,1.083849465488478643e+02,5.564998984336853027e-01,5.586901903152465820e-01,1.000015258789062500e+00,9.992393851280212402e-01
1.726249999999999929e+01,1.084634863651876060e+02,5.548921227455139160e-01,5.568163394927978516e-01,1.000015258789062500e+00,9.992391467094421387e-01
1.727499999999999858e+01,1.085420261815273477e+02,-2.203516662120819092e-01,-2.187231630086898804e-01,1.000015258789062500e+00,9.992387890815734863e-01
1.728750000000000142e+01,1.086205659978671036e+02,-8.227632641792297363e-01,-8.211863040924072266e-01,1.000015377998352051e+00,9.992384314537048340e-01
1.730000000000000071e+01,1.086991058142068454e+02,-3.524587452411651611e-01,-3.507182896137237549e-01,1.000015377998352051e+00,9.992379546165466309e-01
1.731250000000000000e+01,1.087776456305465871e+02,6.200896501541137695e-01,6.218680143356323242e-01,1.000015377998352051e+00,9.992374181747436523e-01
1.732499999999999929e+01,1.088561854468863288e+02,6.186535954475402832e-01,6.201609969139099121e-01,1.000015377998352051e+00,9.992367625236511230e-01
1.733749999999999858e+01,1.089347252632260705e+02,-4.535649716854095459e-01,-4.523759782314300537e-01,1.000015377998352051e+00,9.992359280586242676e-01
1.735000000000000142e+01,1.090132650795658265e+02,-8.682601451873779297e-01,-8.671094179153442383e-01,1.000015377998352051e+00,9.992350935935974121e-01
1.736250000000000071e+01,1.090918048959055682e+02,1.635149419307708740e-01,1.648011207580566406e-01,1.000015377998352051e+00,9.992340803146362305e-01
1.737500000000000000e+01,1.091703447122453099e+02,8.899140357971191406e-01,8.911588191986083984e-01,1.000015377998352051e+00,9.992331266403198242e-01
1.738749999999999929e+01,1.092488845285850516e+02,-5.222125351428985596e-02,-5.126925185322761536e-02,1.000015497207641602e+00,9.992319941520690918e-01
1.739999999999999858e+01,1.093274243449247933e+02,-9.698188304901123047e-01,-9.691310524940490723e-01,1.000015497207641602e+00,9.992306828498840332e-01
1.741250000000000142e+01,1.094059641612645493e+02,-8.189331740140914917e-02,-8.119955658912658691e-02,1.000015497207641602e+00,9.992293119430541992e-01
1.742500000000000071e+01,1.094845039776042910e+02,9.503532648086547852e-01,9.511852264404296875e-01,1.000015497207641602e+00,9.992278218269348145e-01
1.743750000000000000e+01,1.095630437939440327e+02,7.795403152704238892e-02,7.865846157073974609e-02,1.000015497207641602e+00,9.992262721061706543e-01
1.744999999999999929e+01,1.096415836102837744e+02,-9.923498034477233887e-01,-9.920812845230102539e-01,1.000015616416931152e+00,9.992246627807617188e-01
1.746250000000000213e+01,1.097201234266235303e+02,-7.936106622219085693e-02,-7.927437871694564819e-02,1.000015616416931152e+00,9.992229938507080078e-01
1.747500000000000142e+01,1.097986632429632721e+02,9.879577159881591797e-01,9.883543848991394043e-01,1.000015616416931152e+00,9.992213249206542969e-01
1.748750000000000071e+01,1.098772030593030138e+02,1.802723854780197144e-02,1.846709847450256348e-02,1.000015616416931152e+00,9.992195367813110352e-01
1.750000000000000000e+01,1.099557428756427555e+02,-9.975726008415222168e-01,-9.977666139602661133e-01,1.000015616416931152e+00,9.992177486419677734e-01
1.751249999999999929e+01,1.100342826919824972e+02,4.286664351820945740e-02,4.234372079372406006e-02,1.000015735626220703e+00,9.992159008979797363e-01
1.752500000000000213e+01,1.101128225083222532e+02,9.976314306259155273e-01,9.976321458816528320e-01,1.000015735626220703e+00,9.992141127586364746e-01
1.753750000000000142e+01,1.101913623246619949e+02,-8.242287486791610718e-02,-8.226150274276733398e-02,1.000015735626220703e+00,9.992124438285827637e-01
1.755000000000000071e+01,1.102699021410017366e+02,-9.689273238182067871e-01,-9.696131944656372070e-01,1.000015854835510254e+00,9.992107748985290527e-01
1.756250000000000000e+01,1.103484419573414783e+02,1.238119006156921387e-01,1.226955652236938477e-01,1.000015735626220703e+00,9.992091655731201172e-01
1.757499999999999929e+01,1.104269817736812342e+02,9.806865453720092773e-01,9.802809953689575195e-01,1.000015735626220703e+00,9.992076158523559570e-01
1.758750000000000213e+01,1.105055215900209760e+02,-6.317073106765747070e-02,-6.328894942998886108e-02,1.000015854835510254e+00,9.992061853408813477e-01
1.760000000000000142e+01,1.105840614063607177e+02,-9.265577793121337891e-01,-9.276390075683593750e-01,1.000015854835510254e+00,9.992048144340515137e-01
1.761250000000000071e+01,1.106626012227004594e+02,1.371103711426258087e-02,1.202081702649593353e-02,1.000015854835510254e+00,9.992035031318664551e-01
1.762500000000000000e+01,1.107411410390402011e+02,9.444310665130615234e-01,9.434641599655151367e-01,1.000015974044799805e+00,9.992022514343261719e-01
1.763749999999999929e+01,1.108196808553799571e+02,2.038821429014205933e-01,2.034773230552673340e-01,1.000015974044799805e+00,9.992011189460754395e-01
1.764999999999999858e+01,1.108982206717196988e+02,-8.114148378372192383e-01,-8.126068711280822754e-01,1.000015974044799805e+00,9.992002248764038086e-01
1.766250000000000142e+01,1.109767604880594405e+02,-3.713060915470123291e-01,-3.734385967254638672e-01,1.000015974044799805e+00,9.991994500160217285e-01
1.767500000000000071e+01,1.110553003043991822e+02,7.011001706123352051e-01,6.992747783660888672e-01,1.000015974044799805e+00,9.991987347602844238e-01
1.768750000000000000e+01,1.111338401207389381e+02,6.866265535354614258e-01,6.856691837310791016e-01,1.000015974044799805e+00,9.991980195045471191e-01
1.769999999999999929e+01,1.112123799370786799e+02,-2.859773039817810059e-01,-2.869932651519775391e-01,1.000015854835510254e+00,9.991974830627441406e-01
1.771249999999999858e+01,1.112909197534184216e+02,-7.358139753341674805e-01,-7.377933263778686523e-01,1.000015854835510254e+00,9.991970062255859375e-01
1.772499999999999787e+01,1.113694595697581633e+02,-1.164820864796638489e-01,-1.190606802701950073e-01,1.000015854835510254e+00,9.991965889930725098e-01
1.773750000000000071e+01,1.114479993860979050e+02,6.564228534698486328e-01,6.542281508445739746e-01,1.000015854835510254e+00,9.991963505744934082e-01
1.775000000000000000e+01,1.115265392024376609e+02,6.466143727302551270e-01,6.451111435890197754e-01,1.000015854835510254e+00,9.991961121559143066e-01
1.776249999999999929e+01,1.116050790187774027e+02,-1.592028513550758362e-02,-1.732428930699825287e-02,1.000015854835510254e+00,9.991958737373352051e-01
1.777499999999999858e+01,1.116836188351171444e+02,-5.428410172462463379e-01,-5.448288321495056152e-01,1.000015974044799805e+00,9.991958141326904297e-01
1.778749999999999787e+01,1.117621586514568861e+02,-4.581030607223510742e-01,-4.607552587985992432e-01,1.000015974044799805e+00,9.991957545280456543e-01
1.780000000000000071e+01,1.118406984677966420e+02,4.888880997896194458e-02,4.602616280317306519e-02,1.000015974044799805e+00,9.991955757141113281e-01
1.781250000000000000e+01,1.119192382841363838e+02,4.930396676063537598e-01,4.904382228851318359e-01,1.000015974044799805e+00,9.991954565048217773e-01
1.782499999999999929e+01,1.119977781004761255e+02,5.755266547203063965e-01,5.733249187469482422e-01,1.000015974044799805e+00,9.991955161094665527e-01
1.783749999999999858e+01,1.120763179168158672e+02,3.343889415264129639e-01,3.324003517627716064e-01,1.000015974044799805e+00,9.991955161094665527e-01
1.784999999999999787e+01,1.121548577331556089e+02,-7.868231274187564850e-03,-9.928507730364799500e-03,1.000015854835510254e+00,9.991955161094665527e-01
1.786250000000000071e+01,1.122333975494953648e+02,-2.530550360679626465e-01,-2.553751766681671143e-01,1.000015854835510254e+00,9.991955161094665527e-01
1.787500000000000000e+01,1.123119373658351066e+02,-3.269312381744384766e-01,-3.295460641384124756e-01,1.000015854835510254e+00,9.991955161094665527e-01
1.788749999999999929e+01,1.123904771821748483e+02,-2.617942690849304199e-01,-2.646306157112121582e-01,1.000015974044799805e+00,9.991954565048217773e-01
1.789999999999999858e+01,1.124690169985145900e+02,-1.317797601222991943e-01,-1.347309798002243042e-01,1.000015854835510254e+00,9.991954565048217773e-01
1.791249999999999787e+01,1.125475568148543317e+02,-6.562576163560152054e-04,-3.638372058048844337e-03,1.000015854835510254e+00,9.991954565048217773e-01
1.792500000000000071e+01,1.126260966311940876e+02,9.832210093736648560e-02,9.535761922597885132e-02,1.000015974044799805e+00,9.991953372955322266e-01
1.793750000000000000e+01,1.127046364475338294e+02,1.587992757558822632e-01,1.558677405118942261e-01,1.000015974044799805e+00,9.991953372955322266e-01
1.794999999999999929e+01,1.127831762638735711e+02,1.890096515417098999e-01,1.861082464456558228e-01,1.000015974044799805e+00,9.991953969001770020e-01
1.796249999999999858e+01,1.128617160802133128e+02,2.009329348802566528e-01,1.980511248111724854e-01,1.000015854835510254e+00,9.991953969001770020e-01
1.797500000000000142e+01,1.129402558965530687e+02,2.043039649724960327e-01,2.014323025941848755e-01,1.000015974044799805e+00,9.991953372955322266e-01
1.798750000000000071e+01,1.130187957128928105e+02,2.048394232988357544e-01,2.019716501235961914e-01,1.000015854835510254e+00,9.991953372955322266e-01
1.800000000000000000e+01,1.130973355292325522e+02,2.048631906509399414e-01,2.019962817430496216e-01,1.000015854835510254e+00,9.991953372955322266e-01
1.801249999999999929e+01,1.131758753455722939e+02,2.048867344856262207e-01,2.020207941532135010e-01,1.000015854835510254e+00,9.991953969001770020e-01
1.802499999999999858e+01,1.132544151619120356e+02,2.054135799407958984e-01,2.025515437126159668e-01,1.000015854835510254e+00,9.991953969001770020e-01
1.803750000000000142e+01,1.133329549782517915e+02,2.086934298276901245e-01,2.058427035808563232e-01,1.000015854835510254e+00,9.991953372955322266e-01
1.805000000000000071e+01,1.134114947945915333e+02,2.201629877090454102e-01,2.173381596803665161e-01,1.000015854835510254e+00,9.991952180862426758e-01
1.806250000000000000e+01,1.134900346109312750e+02,2.488779872655868530e-01,2.461037635803222656e-01,1.000015854835510254e+00,9.991952776908874512e-01
1.807499999999999929e+01,1.135685744272710167e+02,3.055965602397918701e-01,3.029077351093292236e-01,1.000015854835510254e+00,9.991952180862426758e-01
1.808750000000000213e+01,1.136471142436107726e+02,3.969067037105560303e-01,3.943426311016082764e-01,1.000015735626220703e+00,9.991952180862426758e-01
1.810000000000000142e+01,1.137256540599505144e+02,5.150249004364013672e-01,5.126133561134338379e-01,1.000015854835510254e+00,9.991951584815979004e-01
1.811250000000000071e+01,1.138041938762902561e+02,6.268029212951660156e-01,6.245315074920654297e-01,1.000015854835510254e+00,9.991952180862426758e-01
1.812500000000000000e+01,1.138827336926299978e+02,6.716805100440979004e-01,6.694713830947875977e-01,1.000015854835510254e+00,9.991952776908874512e-01
1.813749999999999929e+01,1.139612735089697395e+02,5.824232697486877441e-01,5.801360011100769043e-01,1.000015854835510254e+00,9.991952180862426758e-01
1.815000000000000213e+01,1.140398133253094954e+02,3.350477218627929688e-01,3.325313031673431396e-01,1.000015735626220703e+00,9.991952180862426758e-01
1.816250000000000142e+01,1.141183531416492372e+02,7.491858676075935364e-03,4.698819946497678757e-03,1.000015854835510254e+00,9.991951584815979004e-01
1.817500000000000071e+01,1.141968929579889789e+02,-2.100304514169692993e-01,-2.129412591457366943e-01,1.000015854835510254e+00,9.991952180862426758e-01
1.818750000000000000e+01,1.142754327743287206e+02,-1.155482307076454163e-01,-1.182288601994514465e-01,1.000015854835510254e+00,9.991950988769531250e-01
1.819999999999999929e+01,1.143539725906684623e+02,3.082842528820037842e-01,3.061499297618865967e-01,1.000015854835510254e+00,9.991951584815979004e-01
1.821250000000000213e+01,1.144325124070082182e+02,7.637734413146972656e-01,7.621472477912902832e-01,1.000015974044799805e+00,9.991950392723083496e-01
1.822500000000000142e+01,1.145110522233479600e+02,7.995083332061767578e-01,7.979047894477844238e-01,1.000015974044799805e+00,9.991949200630187988e-01
1.823750000000000071e+01,1.145895920396877017e+02,2.686595320701599121e-01,2.665300071239471436e-01,1.000015974044799805e+00,9.991946816444396973e-01
1.825000000000000000e+01,1.146681318560274434e+02,-3.503708839416503906e-01,-3.530117273330688477e-01,1.000015974044799805e+00,9.991945624351501465e-01
1.826249999999999929e+01,1.147466716723671993e+02,-3.266077041625976562e-01,-3.290270566940307617e-01,1.000015974044799805e+00,9.991942644119262695e-01
1.827500000000000213e+01,1.148252114887069411e+02,4.098365306854248047e-01,4.083101451396942139e-01,1.000015974044799805e+00,9.991939663887023926e-01
1.828750000000000142e+01,1.149037513050466828e+02,9.456267952919006348e-01,9.446698427200317383e-01,1.000015974044799805e+00,9.991936683654785156e-01
1.830000000000000071e+01,1.149822911213864245e+02,4.618058502674102783e-01,4.603613913059234619e-01,1.000015974044799805e+00,9.991931915283203125e-01
1.831250000000000000e+01,1.150608309377261662e+02,-4.562044143676757812e-01,-4.584720134735107422e-01,1.000015974044799805e+00,9.991926550865173340e-01
1.832499999999999929e+01,1.151393707540659221e+02,-4.238551557064056396e-01,-4.259090125560760498e-01,1.000015974044799805e+00,9.991919994354248047e-01
1.833749999999999858e+01,1.152179105704056639e+02,5.880396366119384766e-01,5.871444344520568848e-01,1.000015974044799805e+00,9.991913437843322754e-01
1.835000000000000142e+01,1.152964503867454056e+02,9.300768375396728516e-01,9.296128153800964355e-01,1.000015974044799805e+00,9.991905093193054199e-01
1.836250000000000071e+01,1.153749902030851473e+02,-7.603517919778823853e-02,-7.742641121149063110e-02,1.000016093254089355e+00,9.991894364356994629e-01
1.837500000000000000e+01,1.154535300194249032e+02,-7.342239618301391602e-01,-7.362046837806701660e-01,1.000015974044799805e+00,9.991884231567382812e-01
1.838749999999999929e+01,1.155320698357646449e+02,1.774528026580810547e-01,1.764802336692810059e-01,1.000015974044799805e+00,9.991872906684875488e-01
1.839999999999999858e+01,1.156106096521043867e+02,9.996002912521362305e-01,9.996733069419860840e-01,1.000016093254089355e+00,9.991859197616577148e-01
1.841249999999999787e+01,1.156891494684441284e+02,1.135997995734214783e-01,1.129986941814422607e-01,1.000016093254089355e+00,9.991846084594726562e-01
1.842500000000000071e+01,1.157676892847838701e+02,-8.382741808891296387e-01,-8.398796319961547852e-01,1.000016093254089355e+00,9.991831183433532715e-01
1.843750000000000000e+01,1.158462291011236260e+02,1.556834485381841660e-02,1.475387997925281525e-02,1.000016093254089355e+00,9.991815686225891113e-01
1.844999999999999929e+01,1.159247689174633678e+02,9.823400378227233887e-01,9.828622937202453613e-01,1.000016093254089355e+00,9.991798996925354004e-01
1.846249999999999858e+01,1.160033087338031095e+02,6.888851523399353027e-02,6.889331340789794922e-02,1.000016212463378906e+00,9.991782903671264648e-01
1.847499999999999787e+01,1.160818485501428512e+02,-9.139032959938049316e-01,-9.151034355163574219e-01,1.000016212463378906e+00,9.991765022277832031e-01
1.848750000000000071e+01,1.161603883664826071e+02,3.131714090704917908e-02,3.083321079611778259e-02,1.000016331672668457e+00,9.991748332977294922e-01
1.850000000000000000e+01,1.162389281828223488e+02,9.417654871940612793e-01,9.427725076675415039e-01,1.000016331672668457e+00,9.991729855537414551e-01
1.851249999999999929e+01,1.163174679991620906e+02,-8.880402147769927979e-02,-8.829232305288314819e-02,1.000016331672668457e+00,9.991711974143981934e-01
1.852499999999999858e+01,1.163960078155018323e+02,-9.606068730354309082e-01,-9.614210128784179688e-01,1.000016331672668457e+00,9.991694092750549316e-01
1.853749999999999787e+01,1.164745476318415740e+02,8.384420722723007202e-02,8.373866230249404907e-02,1.000016331672668457e+00,9.991676807403564453e-01
1.855000000000000071e+01,1.165530874481813299e+02,8.692193627357482910e-01,8.707090020179748535e-01,1.000016331672668457e+00,9.991660714149475098e-01
1.856250000000000000e+01,1.166316272645210717e+02,-2.060459703207015991e-01,-2.050098776817321777e-01,1.000016331672668457e+00,9.991644024848937988e-01
1.857499999999999929e+01,1.167101670808608134e+02,-9.847370386123657227e-01,-9.851300120353698730e-01,1.000016331672668457e+00,9.991628527641296387e-01
1.858749999999999858e+01,1.167887068972005551e+02,2.335022017359733582e-02,2.352560311555862427e-02,1.000016450881958008e+00,9.991614222526550293e-01
1.860000000000000142e+01,1.168672467135403110e+02,7.906895279884338379e-01,7.925516366958618164e-01,1.000016450881958008e+00,9.991600513458251953e-01
1.861250000000000071e+01,1.169457865298800527e+02,-1.410939097404479980e-01,-1.393955796957015991e-01,1.000016450881958008e+00,9.991587996482849121e-01
1.862500000000000000e+01,1.170243263462197945e+02,-9.975008964538574219e-01,-9.972991943359375000e-01,1.000016570091247559e+00,9.991576671600341797e-01
1.863749999999999929e+01,1.171028661625595362e+02,-2.708081603050231934e-01,-2.705534100532531738e-01,1.000016570091247559e+00,9.991565942764282227e-01
1.864999999999999858e+01,1.171814059788992779e+02,6.556359529495239258e-01,6.575230956077575684e-01,1.000016570091247559e+00,9.991556406021118164e-01
1.866250000000000142e+01,1.172599457952390338e+02,1.906926929950714111e-01,1.931530535221099854e-01,1.000016570091247559e+00,9.991548657417297363e-01
1.867500000000000071e+01,1.173384856115787755e+02,-8.220636248588562012e-01,-8.208034634590148926e-01,1.000016689300537109e+00,9.991540908813476562e-01
1.868750000000000000e+01,1.174170254279185173e+02,-7.774085402488708496e-01,-7.769964337348937988e-01,1.000016570091247559e+00,9.991534352302551270e-01
1.869999999999999929e+01,1.174955652442582590e+02,1.409177035093307495e-01,1.422013640403747559e-01,1.000016689300537109e+00,9.991528987884521484e-01
1.871249999999999858e+01,1.175741050605980007e+02,5.257654190063476562e-01,5.283827185630798340e-01,1.000016689300537109e+00,9.991524219512939453e-01
1.872500000000000142e+01,1.176526448769377566e+02,-9.184060990810394287e-02,-8.914504945278167725e-02,1.000016689300537109e+00,9.991520047187805176e-01
1.873750000000000071e+01,1.177311846932774984e+02,-8.169396519660949707e-01,-8.152698278427124023e-01,1.000016689300537109e+00,9.991517066955566406e-01
1.875000000000000000e+01,1.178097245096172401e+02,-7.854344844818115234e-01,-7.844404578208923340e-01,1.000016808509826660e+00,9.991514086723327637e-01
1.876249999999999929e+01,1.178882643259569818e+02,-1.556225419044494629e-01,-1.541689485311508179e-01,1.000016808509826660e+00,9.991512298583984375e-01
1.877500000000000213e+01,1.179668041422967377e+02,3.193315565586090088e-01,3.218066096305847168e-01,1.000016808509826660e+00,9.991510510444641113e-01
1.878750000000000142e+01,1.180453439586364794e+02,2.095312923192977905e-01,2.125954627990722656e-01,1.000016808509826660e+00,9.991508722305297852e-01
1.880000000000000071e+01,1.181238837749762212e+02,-2.846789360046386719e-01,-2.818275690078735352e-01,1.000016808509826660e+00,9.991508126258850098e-01
1.881250000000000000e+01,1.182024235913159629e+02,-7.009264826774597168e-01,-6.987066864967346191e-01,1.000016808509826660e+00,9.991507530212402344e-01
1.882499999999999929e+01,1.182809634076557046e+02,-7.676103115081787109e-01,-7.658536434173583984e-01,1.000016808509826660e+00,9.991506934165954590e-01
1.883750000000000213e+01,1.183595032239954605e+02,-5.331392884254455566e-01,-5.313905477523803711e-01,1.000016808509826660e+00,9.991506338119506836e-01
1.885000000000000142e+01,1.184380430403352022e+02,-2.130171060562133789e-01,-2.109097987413406372e-01,1.000016927719116211e+00,9.991506934165954590e-01
1.886250000000000071e+01,1.185165828566749440e+02,7.744616363197565079e-03,1.031594816595315933e-02,1.000016927719116211e+00,9.991505742073059082e-01
1.887500000000000000e+01,1.185951226730146857e+02,6.435120105743408203e-02,6.727679818868637085e-02,1.000016927719116211e+00,9.991506338119506836e-01
1.888749999999999929e+01,1.186736624893544416e+02,-8.328000083565711975e-03,-5.236607044935226440e-03,1.000016927719116211e+00,9.991506934165954590e-01
1.890000000000000213e+01,1.187522023056941833e+02,-1.384503543376922607e-01,-1.353522241115570068e-01,1.000016927719116211e+00,9.991506338119506836e-01
1.891250000000000142e+01,1.188307421220339251e+02,-2.660529613494873047e-01,-2.630346715450286865e-01,1.000016927719116211e+00,9.991506934165954590e-01
1.892500000000000071e+01,1.189092819383736668e+02,-3.609286248683929443e-01,-3.580092787742614746e-01,1.000017046928405762e+00,9.991507530212402344e-01
1.893750000000000000e+01,1.189878217547134085e+02,-4.182744622230529785e-01,-4.154379665851593018e-01,1.000017046928405762e+00,9.991506338119506836e-01
1.894999999999999929e+01,1.190663615710531644e+02,-4.466631710529327393e-01,-4.438810646533966064e-01,1.000017046928405762e+00,9.991506338119506836e-01
1.896249999999999858e+01,1.191449013873929061e+02,-4.577749669551849365e-01,-4.550221562385559082e-01,1.000017166137695312e+00,9.991506338119506836e-01
1.897500000000000142e+01,1.192234412037326479e+02,-4.608916044235229492e-01,-4.581516087055206299e-01,1.000017166137695312e+00,9.991506338119506836e-01
1.898750000000000071e+01,1.193019810200723896e+02,-4.613826274871826172e-01,-4.586468636989593506e-01,1.000017166137695312e+00,9.991506934165954590e-01
1.900000000000000000e+01,1.193805208364121313e+02,-4.614042341709136963e-01,-4.586693346500396729e-01,1.000017166137695312e+00,9.991506934165954590e-01
1.901249999999999929e+01,1.194590606527518872e+02,-4.614255726337432861e-01,-4.586914777755737305e-01,1.000017166137695312e+00,9.991507530212402344e-01
1.902499999999999858e+01,1.195376004690916290e+02,-4.618969857692718506e-01,-4.591672420501708984e-01,1.000017166137695312e+00,9.991506338119506836e-01
1.903750000000000142e+01,1.196161402854313707e+02,-4.648078083992004395e-01,-4.620921015739440918e-01,1.000017046928405762e+00,9.991505742073059082e-01
1.905000000000000071e+01,1.196946801017711124e+02,-4.748977720737457275e-01,-4.722174406051635742e-01,1.000017046928405762e+00,9.991506338119506836e-01
1.906250000000000000e+01,1.197732199181108683e+02,-4.999182522296905518e-01,-4.973119199275970459e-01,1.000017046928405762e+00,9.991506338119506836e-01
1.907499999999999929e+01,1.198517597344506100e+02,-5.487977862358093262e-01,-5.463243126869201660e-01,1.000016927719116211e+00,9.991506934165954590e-01
1.908749999999999858e+01,1.199302995507903518e+02,-6.264012455940246582e-01,-6.241296529769897461e-01,1.000016927719116211e+00,9.991507530212402344e-01
1.909999999999999787e+01,1.200088393671300935e+02,-7.247163653373718262e-01,-7.226971387863159180e-01,1.000016927719116211e+00,9.991507530212402344e-01
1.911250000000000071e+01,1.200873791834698352e+02,-8.137653470039367676e-01,-8.119825124740600586e-01,1.000016927719116211e+00,9.991507530212402344e-01
1.912500000000000000e+01,1.201659189998095911e+02,-8.408154249191284180e-01,-8.391381502151489258e-01,1.000016927719116211e+00,9.991508126258850098e-01
1.913749999999999929e+01,1.202444588161493328e+02,-7.495687007904052734e-01,-7.477431297302246094e-01,1.000016927719116211e+00,9.991508126258850098e-01
1.914999999999999858e+01,1.203229986324890746e+02,-5.238737463951110840e-01,-5.216156244277954102e-01,1.000016927719116211e+00,9.991507530212402344e-01
1.916249999999999787e+01,1.204015384488288163e+02,-2.368627488613128662e-01,-2.340523749589920044e-01,1.000016927719116211e+00,9.991508126258850098e-01
1.917500000000000071e+01,1.204800782651685722e+02,-5.558039993047714233e-02,-5.246199294924736023e-02,1.000017046928405762e+00,9.991507530212402344e-01
1.918750000000000000e+01,1.205586180815083139e+02,-1.492805629968643188e-01,-1.464614719152450562e-01,1.000016927719116211e+00,9.991506934165954590e-01
1.919999999999999929e+01,1.206371578978480557e+02,-5.197722911834716797e-01,-5.178507566452026367e-01,1.000016927719116211e+00,9.991506934165954590e-01
1.921249999999999858e+01,1.207156977141877974e+02,-8.979822397232055664e-01,-8.969613909721374512e-01,1.000016927719116211e+00,9.991505742073059082e-01
1.922499999999999787e+01,1.207942375305275391e+02,-8.974134922027587891e-01,-8.964610695838928223e-01,1.000016927719116211e+00,9.991504549980163574e-01
1.923750000000000071e+01,1.208727773468672950e+02,-4.136130809783935547e-01,-4.116957783699035645e-01,1.000016927719116211e+00,9.991503357887268066e-01
1.925000000000000000e+01,1.209513171632070367e+02,1.182214245200157166e-01,1.211758553981781006e-01,1.000016927719116211e+00,9.991500377655029297e-01
1.926249999999999929e+01,1.210298569795467785e+02,7.411062717437744141e-02,7.684008032083511353e-02,1.000017046928405762e+00,9.991498589515686035e-01
1.927499999999999858e+01,1.211083967958865202e+02,-5.688680410385131836e-01,-5.676486492156982422e-01,1.000016927719116211e+00,9.991495013236999512e-01
1.928750000000000142e+01,1.211869366122262761e+02,-9.983167648315429688e-01,-9.981331229209899902e-01,1.000017046928405762e+00,9.991492033004760742e-01
1.930000000000000071e+01,1.212654764285660178e+02,-5.369267463684082031e-01,-5.358625650405883789e-01,1.000017046928405762e+00,9.991487264633178711e-01
1.931250000000000000e+01,1.213440162449057595e+02,2.584405839443206787e-01,2.611077725887298584e-01,1.000017046928405762e+00,9.991481900215148926e-01
1.932499999999999929e+01,1.214225560612455013e+02,1.976375579833984375e-01,2.000770121812820435e-01,1.000017046928405762e+00,9.991475343704223633e-01
1.933749999999999858e+01,1.215010958775852430e+02,-6.788324117660522461e-01,-6.784106492996215820e-01,1.000017046928405762e+00,9.991468191146850586e-01
1.935000000000000142e+01,1.215796356939249989e+02,-9.228944778442382812e-01,-9.232035279273986816e-01,1.000017166137695312e+00,9.991459846496582031e-01
1.936250000000000071e+01,1.216581755102647406e+02,-1.713608764111995697e-02,-1.566508412361145020e-02,1.000017166137695312e+00,9.991450905799865723e-01
1.937500000000000000e+01,1.217367153266044824e+02,5.240603089332580566e-01,5.266806483268737793e-01,1.000017166137695312e+00,9.991440773010253906e-01
1.938749999999999929e+01,1.218152551429442241e+02,-2.894613742828369141e-01,-2.886311113834381104e-01,1.000017285346984863e+00,9.991428852081298828e-01
1.940000000000000213e+01,1.218937949592839800e+02,-9.552046060562133789e-01,-9.561182260513305664e-01,1.000017166137695312e+00,9.991416335105895996e-01
1.941250000000000142e+01,1.219723347756237217e+02,-1.369284093379974365e-01,-1.363995075225830078e-01,1.000017166137695312e+00,9.991402029991149902e-01
1.942500000000000071e+01,1.220508745919634634e+02,6.639862656593322754e-01,6.663226485252380371e-01,1.000017166137695312e+00,9.991387724876403809e-01
1.943750000000000000e+01,1.221294144083032052e+02,-1.078811213374137878e-01,-1.070952564477920532e-01,1.000017166137695312e+00,9.991372823715209961e-01
1.944999999999999929e+01,1.222079542246429469e+02,-8.994294404983520508e-01,-9.007933735847473145e-01,1.000017166137695312e+00,9.991356134414672852e-01
1.946250000000000213e+01,1.222864940409827028e+02,-5.335982143878936768e-02,-5.338264256715774536e-02,1.000017285346984863e+00,9.991339445114135742e-01
1.947500000000000142e+01,1.223650338573224445e+02,7.720282077789306641e-01,7.740251421928405762e-01,1.000017285346984863e+00,9.991323351860046387e-01
1.948750000000000071e+01,1.224435736736621863e+02,-7.828304171562194824e-02,-7.787033915519714355e-02,1.000017285346984863e+00,9.991304874420166016e-01
1.950000000000000000e+01,1.225221134900019280e+02,-8.160725831985473633e-01,-8.178987503051757812e-01,1.000017404556274414e+00,9.991287589073181152e-01
1.951249999999999929e+01,1.226006533063416697e+02,1.280981749296188354e-01,1.277183294296264648e-01,1.000017404556274414e+00,9.991269707679748535e-01
1.952500000000000213e+01,1.226791931226814256e+02,8.523001670837402344e-01,8.539464473724365234e-01,1.000017404556274414e+00,9.991253018379211426e-01
1.953750000000000142e+01,1.227577329390211673e+02,-7.898816466331481934e-02,-7.903188467025756836e-02,1.000017404556274414e+00,9.991235733032226562e-01
1.955000000000000071e+01,1.228362727553609091e+02,-7.050096988677978516e-01,-7.072650790214538574e-01,1.000017404556274414e+00,9.991218447685241699e-01
1.956250000000000000e+01,1.229148125717006508e+02,2.729365825653076172e-01,2.721500694751739502e-01,1.000017523765563965e+00,9.991202354431152344e-01
1.957499999999999929e+01,1.229933523880404067e+02,9.157183170318603516e-01,9.169569015502929688e-01,1.000017404556274414e+00,9.991185665130615234e-01
1.958750000000000213e+01,1.230718922043801484e+02,1.826027594506740570e-02,1.795801706612110138e-02,1.000017404556274414e+00,9.991171360015869141e-01
1.960000000000000142e+01,1.231504320207198901e+02,-5.961405634880065918e-01,-5.987202525138854980e-01,1.000017404556274414e+00,9.991157054901123047e-01
1.961250000000000071e+01,1.232289718370596319e+02,2.579591274261474609e-01,2.564576566219329834e-01,1.000017523765563965e+00,9.991143941879272461e-01
1.962500000000000000e+01,1.233075116533993736e+02,9.765449166297912598e-01,9.772142767906188965e-01,1.000017523765563965e+00,9.991132020950317383e-01
1.963749999999999929e+01,1.233860514697391295e+02,3.176954984664916992e-01,3.175550103187561035e-01,1.000017523765563965e+00,9.991121292114257812e-01
1.964999999999999858e+01,1.234645912860788712e+02,-4.511727690696716309e-01,-4.537095129489898682e-01,1.000017523765563965e+00,9.991112351417541504e-01
1.966250000000000142e+01,1.235431311024186130e+02,4.039743449538946152e-03,1.466130022890865803e-03,1.000017523765563965e+00,9.991104006767272949e-01
1.967500000000000071e+01,1.236216709187583547e+02,8.820012807846069336e-01,8.815032243728637695e-01,1.000017523765563965e+00,9.991096258163452148e-01
1.968750000000000000e+01,1.237002107350981106e+02,8.105385899543762207e-01,8.107184171676635742e-01,1.000017523765563965e+00,9.991090297698974609e-01
1.969999999999999929e+01,1.237787505514378523e+02,1.465651113539934158e-02,1.311248913407325745e-02,1.000017642974853516e+00,9.991084337234497070e-01
1.971249999999999858e+01,1.238572903677775940e+02,-2.766868770122528076e-01,-2.798075675964355469e-01,1.000017642974853516e+00,9.991079568862915039e-01
1.972499999999999787e+01,1.239358301841173358e+02,2.933220267295837402e-01,2.907581329345703125e-01,1.000017762184143066e+00,9.991074800491333008e-01
1.973750000000000071e+01,1.240143700004570775e+02,9.168207645416259766e-01,9.158885478973388672e-01,1.000017642974853516e+00,9.991072416305541992e-01
1.975000000000000000e+01,1.240929098167968334e+02,8.660039901733398438e-01,8.656151294708251953e-01,1.000017762184143066e+00,9.991068840026855469e-01
1.976249999999999929e+01,1.241714496331365751e+02,3.156711161136627197e-01,3.142162859439849854e-01,1.000017642974853516e+00,9.991067051887512207e-01
1.977499999999999858e+01,1.242499894494763168e+02,-7.209061831235885620e-02,-7.494159787893295288e-02,1.000017642974853516e+00,9.991065263748168945e-01
1.978749999999999787e+01,1.243285292658160586e+02,5.458741635084152222e-02,5.132609605789184570e-02,1.000017642974853516e+00,9.991062879562377930e-01
1.979999999999999716e+01,1.244070690821558003e+02,4.993246197700500488e-01,4.967496097087860107e-01,1.000017642974853516e+00,9.991062879562377930e-01
1.981250000000000000e+01,1.244856088984955562e+02,8.567945957183837891e-01,8.551900982856750488e-01,1.000017642974853516e+00,9.991062283515930176e-01
1.982499999999999929e+01,1.245641487148352979e+02,9.027522802352905273e-01,9.016106724739074707e-01,1.000017642974853516e+00,9.991061687469482422e-01
1.983749999999999858e+01,1.246426885311750397e+02,6.923688650131225586e-01,6.909806728363037109e-01,1.000017642974853516e+00,9.991061091423034668e-01
1.984999999999999787e+01,1.247212283475147814e+02,4.181427061557769775e-01,4.161013662815093994e-01,1.000017642974853516e+00,9.991061091423034668e-01
1.986250000000000071e+01,1.247997681638545373e+02,2.381785959005355835e-01,2.354963272809982300e-01,1.000017642974853516e+00,9.991060495376586914e-01
1.987500000000000000e+01,1.248783079801942790e+02,2.030299305915832520e-01,1.999727934598922729e-01,1.000017642974853516e+00,9.991059899330139160e-01
1.988749999999999929e+01,1.249568477965340207e+02,2.778467535972595215e-01,2.747136950492858887e-01,1.000017642974853516e+00,9.991060495376586914e-01
1.989999999999999858e+01,1.250353876128737625e+02,3.984138369560241699e-01,3.954036235809326172e-01,1.000017642974853516e+00,9.991060495376586914e-01
1.991249999999999787e+01,1.251139274292135042e+02,5.130257606506347656e-01,5.102117061614990234e-01,1.000017642974853516e+00,9.991059899330139160e-01
1.992500000000000071e+01,1.251924672455532601e+02,5.967577099800109863e-01,5.941253900527954102e-01,1.000017642974853516e+00,9.991059899330139160e-01
1.993750000000000000e+01,1.252710070618930018e+02,6.467182636260986328e-01,6.442148089408874512e-01,1.000017762184143066e+00,9.991059899330139160e-01
1.994999999999999929e+01,1.253495468782327436e+02,6.711807250976562500e-01,6.687516570091247559e-01,1.000017762184143066e+00,9.991059899330139160e-01
1.996249999999999858e+01,1.254280866945724853e+02,6.806584596633911133e-01,6.782646775245666504e-01,1.000017762184143066e+00,9.991059303283691406e-01
1.997500000000000142e+01,1.255066265109122412e+02,6.832901835441589355e-01,6.809098720550537109e-01,1.000017762184143066e+00,9.991059303283691406e-01
1.998750000000000071e+01,1.255851663272519829e+02,6.837007999420166016e-01,6.813241839408874512e-01,1.000017762184143066e+00,9.991059303283691406e-01
2.000000000000000000e+01,1.256637061435917246e+02,6.837186813354492188e-01,6.813427805900573730e-01,1.000017642974853516e+00,9.991059303283691406e-01
2.001249999999999929e+01,1.257422459599314664e+02,6.837360858917236328e-01,6.813609600067138672e-01,1.000017642974853516e+00,9.991059899330139160e-01
2.002499999999999858e+01,1.258207857762712081e+02,6.841176152229309082e-01,6.817462444305419922e-01,1.000017642974853516e+00,9.991059899330139160e-01
2.003750000000000142e+01,1.258993255926109640e+02,6.864444613456726074e-01,6.840877532958984375e-01,1.000017642974853516e+00,9.991058707237243652e-01
2.005000000000000071e+01,1.259778654089507057e+02,6.944077610969543457e-01,6.920917034149169922e-01,1.000017642974853516e+00,9.991058707237243652e-01
2.006250000000000000e+01,1.260564052252904474e+02,7.138786315917968750e-01,7.116541862487792969e-01,1.000017642974853516e+00,9.991058707237243652e-01
2.007499999999999929e+01,1.261349450416301892e+02,7.512947320938110352e-01,7.492420077323913574e-01,1.000017642974853516e+00,9.991058707237243652e-01
2.008750000000000213e+01,1.262134848579699451e+02,8.094334006309509277e-01,8.076505661010742188e-01,1.000017642974853516e+00,9.991058707237243652e-01
2.010000000000000142e+01,1.262920246743096868e+02,8.806453347206115723e-01,8.792093396186828613e-01,1.000017762184143066e+00,9.991058707237243652e-01
2.011250000000000071e+01,1.263705644906494285e+02,9.403483867645263672e-01,9.392468929290771484e-01,1.000017642974853516e+00,9.991058707237243652e-01
2.012500000000000000e+01,1.264491043069891703e+02,9.475512504577636719e-01,9.466100931167602539e-01,1.000017642974853516e+00,9.991058111190795898e-01
2.013749999999999929e+01,1.265276441233289120e+02,8.610712885856628418e-01,8.599353432655334473e-01,1.000017642974853516e+00,9.991058111190795898e-01
2.015000000000000213e+01,1.266061839396686679e+02,6.737987399101257324e-01,6.720496416091918945e-01,1.000017642974853516e+00,9.991058707237243652e-01
2.016250000000000142e+01,1.266847237560084096e+02,4.486391246318817139e-01,4.460682570934295654e-01,1.000017642974853516e+00,9.991058111190795898e-01
2.017500000000000071e+01,1.267632635723481513e+02,3.170694112777709961e-01,3.139784634113311768e-01,1.000017523765563965e+00,9.991057515144348145e-01
2.018750000000000000e+01,1.268418033886878931e+02,4.030591249465942383e-01,4.002878665924072266e-01,1.000017523765563965e+00,9.991057515144348145e-01
2.020000000000000284e+01,1.269203432050276490e+02,6.927254796028137207e-01,6.911545395851135254e-01,1.000017523765563965e+00,9.991056919097900391e-01
2.021250000000000213e+01,1.269988830213673907e+02,9.655725359916687012e-01,9.652848243713378906e-01,1.000017642974853516e+00,9.991055727005004883e-01
2.022500000000000142e+01,1.270774228377071324e+02,9.287037253379821777e-01,9.285793900489807129e-01,1.000017523765563965e+00,9.991054534912109375e-01
2.023750000000000071e+01,1.271559626540468741e+02,5.278320312500000000e-01,5.263637304306030273e-01,1.000017523765563965e+00,9.991053342819213867e-01
2.025000000000000000e+01,1.272345024703866159e+02,1.226869821548461914e-01,1.196483895182609558e-01,1.000017642974853516e+00,9.991051554679870605e-01
2.026249999999999929e+01,1.273130422867263718e+02,1.839206814765930176e-01,1.810293048620223999e-01,1.000017523765563965e+00,9.991049170494079590e-01
2.027500000000000213e+01,1.273915821030661135e+02,6.857342720031738281e-01,6.848946213722229004e-01,1.000017523765563965e+00,9.991046190261840820e-01
2.028750000000000142e+01,1.274701219194058552e+02,9.769244790077209473e-01,9.776141643524169922e-01,1.000017642974853516e+00,9.991042017936706543e-01
2.030000000000000071e+01,1.275486617357455970e+02,5.721593499183654785e-01,5.716659426689147949e-01,1.000017642974853516e+00,9.991037249565124512e-01
2.031250000000000000e+01,1.276272015520853387e+02,-4.151976108551025391e-02,-4.437794163823127747e-02,1.000017642974853516e+00,9.991030693054199219e-01
2.032499999999999929e+01,1.277057413684250946e+02,4.328747838735580444e-02,4.056902229785919189e-02,1.000017523765563965e+00,9.991024136543273926e-01
2.033749999999999858e+01,1.277842811847648363e+02,7.192970514297485352e-01,7.193733453750610352e-01,1.000017523765563965e+00,9.991016387939453125e-01
2.035000000000000142e+01,1.278628210011045780e+02,8.472033143043518066e-01,8.483757376670837402e-01,1.000017642974853516e+00,9.991009235382080078e-01
2.036250000000000071e+01,1.279413608174443198e+02,1.089833527803421021e-01,1.076201796531677246e-01,1.000017523765563965e+00,9.990999102592468262e-01
2.037500000000000000e+01,1.280199006337840615e+02,-2.749930024147033691e-01,-2.781219482421875000e-01,1.000017642974853516e+00,9.990988969802856445e-01
2.038749999999999929e+01,1.280984404501238032e+02,3.800493180751800537e-01,3.793639242649078369e-01,1.000017642974853516e+00,9.990977048873901367e-01
2.039999999999999858e+01,1.281769802664635449e+02,8.399209976196289062e-01,8.416963815689086914e-01,1.000017642974853516e+00,9.990964531898498535e-01
2.041250000000000142e+01,1.282555200828033151e+02,1.500376909971237183e-01,1.497151851654052734e-01,1.000017642974853516e+00,9.990949630737304688e-01
2.042500000000000071e+01,1.283340598991430568e+02,-4.404229223728179932e-01,-4.433780610561370850e-01,1.000017642974853516e+00,9.990934729576110840e-01
2.043750000000000000e+01,1.284125997154827985e+02,1.922488361597061157e-01,1.914724707603454590e-01,1.000017762184143066e+00,9.990919828414916992e-01
2.044999999999999929e+01,1.284911395318225402e+02,7.497726678848266602e-01,7.519564628601074219e-01,1.000017762184143066e+00,9.990903735160827637e-01
2.046249999999999858e+01,1.285696793481622819e+02,3.380714356899261475e-02,3.394043445587158203e-02,1.000017762184143066e+00,9.990886449813842773e-01
2.047499999999999787e+01,1.286482191645020237e+02,-5.728585720062255859e-01,-5.755757689476013184e-01,1.000017762184143066e+00,9.990868568420410156e-01
2.048749999999999716e+01,1.287267589808417654e+02,1.195047274231910706e-01,1.191121414303779602e-01,1.000017762184143066e+00,9.990850687026977539e-01
2.050000000000000000e+01,1.288052987971815071e+02,6.298150420188903809e-01,6.324038505554199219e-01,1.000017762184143066e+00,9.990832805633544922e-01
2.051249999999999929e+01,1.288838386135212488e+02,-1.579509228467941284e-01,-1.576544344425201416e-01,1.000017762184143066e+00,9.990814924240112305e-01
2.052500000000000213e+01,1.289623784298610190e+02,-6.807411909103393555e-01,-6.831796765327453613e-01,1.000017762184143066e+00,9.990797042846679688e-01
2.053750000000000142e+01,1.290409182462007607e+02,6.833726167678833008e-02,6.844437122344970703e-02,1.000017762184143066e+00,9.990779757499694824e-01
2.055000000000000071e+01,1.291194580625405024e+02,4.884796440601348877e-01,4.914021492004394531e-01,1.000017762184143066e+00,9.990763664245605469e-01
2.056250000000000000e+01,1.291979978788802441e+02,-3.196381926536560059e-01,-3.190955817699432373e-01,1.000017881393432617e+00,9.990746974945068359e-01
2.057499999999999929e+01,1.292765376952199858e+02,-7.787375450134277344e-01,-7.808223366737365723e-01,1.000017881393432617e+00,9.990731477737426758e-01
2.058749999999999858e+01,1.293550775115597276e+02,-5.844601616263389587e-02,-5.813485011458396912e-02,1.000017881393432617e+00,9.990716576576232910e-01
2.059999999999999787e+01,1.294336173278994693e+02,3.573577404022216797e-01,3.605120182037353516e-01,1.000017881393432617e+00,9.990702867507934570e-01
2.061249999999999716e+01,1.295121571442392110e+02,-3.557396531105041504e-01,-3.544891178607940674e-01,1.000017881393432617e+00,9.990689754486083984e-01
2.062499999999999645e+01,1.295906969605789527e+02,-8.831226229667663574e-01,-8.846973776817321777e-01,1.000017881393432617e+00,9.990677833557128906e-01
2.063750000000000284e+01,1.296692367769187229e+02,-3.409355878829956055e-01,-3.410418629646301270e-01,1.000018000602722168e+00,9.990667104721069336e-01
2.065000000000000213e+01,1.297477765932584646e+02,2.132584005594253540e-01,2.162624299526214600e-01,1.000018000602722168e+00,9.990658760070800781e-01
2.066250000000000142e+01,1.298263164095982063e+02,-1.985208839178085327e-01,-1.959555149078369141e-01,1.000018000602722168e+00,9.990649223327636719e-01
2.067500000000000071e+01,1.299048562259379480e+02,-8.765180706977844238e-01,-8.768535256385803223e-01,1.000018000602722168e+00,9.990642666816711426e-01
2.068750000000000000e+01,1.299833960422776897e+02,-7.834701538085937500e-01,-7.843641042709350586e-01,1.000018119812011719e+00,9.990636110305786133e-01
2.069999999999999929e+01,1.300619358586174314e+02,-1.690781861543655396e-01,-1.674717068672180176e-01,1.000018119812011719e+00,9.990630149841308594e-01
2.071249999999999858e+01,1.301404756749571732e+02,7.078079506754875183e-03,1.049770694226026535e-02,1.000018119812011719e+00,9.990625977516174316e-01
2.072499999999999787e+01,1.302190154912969149e+02,-4.730817079544067383e-01,-4.708011746406555176e-01,1.000018119812011719e+00,9.990621805191040039e-01
2.073749999999999716e+01,1.302975553076366566e+02,-9.486873149871826172e-01,-9.486134648323059082e-01,1.000018119812011719e+00,9.990618228912353516e-01
2.075000000000000355e+01,1.303760951239764267e+02,-8.822696208953857422e-01,-8.826410770416259766e-01,1.000018119812011719e+00,9.990615844726562500e-01
2.076250000000000284e+01,1.304546349403161685e+02,-4.522303342819213867e-01,-4.509928226470947266e-01,1.000018119812011719e+00,9.990613460540771484e-01
2.077500000000000213e+01,1.305331747566559102e+02,-1.804674714803695679e-01,-1.774855107069015503e-01,1.000018000602722168e+00,9.990612268447875977e-01
2.078750000000000142e+01,1.306117145729956519e+02,-3.146711587905883789e-01,-3.114348948001861572e-01,1.000018119812011719e+00,9.990611672401428223e-01
2.080000000000000071e+01,1.306902543893353936e+02,-6.769496202468872070e-01,-6.748384237289428711e-01,1.000018119812011719e+00,9.990611076354980469e-01
2.081250000000000000e+01,1.307687942056751353e+02,-9.490957260131835938e-01,-9.482794404029846191e-01,1.000018119812011719e+00,9.990611076354980469e-01
2.082499999999999929e+01,1.308473340220148771e+02,-9.708808064460754395e-01,-9.705443978309631348e-01,1.000018119812011719e+00,9.990610480308532715e-01
2.083749999999999858e+01,1.309258738383546188e+02,-8.001692295074462891e-01,-7.993671894073486328e-01,1.000018119812011719e+00,9.990609288215637207e-01
2.084999999999999787e+01,1.310044136546943605e+02,-5.921877026557922363e-01,-5.904639363288879395e-01,1.000018239021301270e+00,9.990609884262084961e-01
2.086250000000000071e+01,1.310829534710341306e+02,-4.663908481597900391e-01,-4.638617038726806641e-01,1.000018119812011719e+00,9.990609288215637207e-01
2.087500000000000000e+01,1.311614932873738724e+02,-4.553269743919372559e-01,-4.524024128913879395e-01,1.000018239021301270e+00,9.990609288215637207e-01
2.088749999999999929e+01,1.312400331037136141e+02,-5.267449617385864258e-01,-5.238265395164489746e-01,1.000018119812011719e+00,9.990609884262084961e-01
2.090000000000000213e+01,1.313185729200533558e+02,-6.288172006607055664e-01,-6.261426806449890137e-01,1.000018119812011719e+00,9.990609884262084961e-01
2.091250000000000142e+01,1.313971127363930975e+02,-7.219350934028625488e-01,-7.195672988891601562e-01,1.000018239021301270e+00,9.990609288215637207e-01
2.092500000000000071e+01,1.314756525527328392e+02,-7.883081436157226562e-01,-7.862003445625305176e-01,1.000018119812011719e+00,9.990608692169189453e-01
2.093750000000000000e+01,1.315541923690725810e+02,-8.271732330322265625e-01,-8.252386450767517090e-01,1.000018239021301270e+00,9.990608692169189453e-01
2.094999999999999929e+01,1.316327321854123227e+02,-8.458909988403320312e-01,-8.440513610839843750e-01,1.000018239021301270e+00,9.990608692169189453e-01
2.096249999999999858e+01,1.317112720017520644e+02,-8.530290126800537109e-01,-8.512316942214965820e-01,1.000018239021301270e+00,9.990607500076293945e-01
2.097500000000000142e+01,1.317898118180918345e+02,-8.549793362617492676e-01,-8.531970977783203125e-01,1.000018358230590820e+00,9.990608096122741699e-01
2.098750000000000071e+01,1.318683516344315763e+02,-8.552784919738769531e-01,-8.535000085830688477e-01,1.000018358230590820e+00,9.990608096122741699e-01
2.100000000000000000e+01,1.319468914507713180e+02,-8.552912473678588867e-01,-8.535134196281433105e-01,1.000018358230590820e+00,9.990608692169189453e-01
2.101249999999999929e+01,1.320254312671110597e+02,-8.553035259246826172e-01,-8.535262346267700195e-01,1.000018239021301270e+00,9.990607500076293945e-01
2.102499999999999858e+01,1.321039710834508014e+02,-8.555660843849182129e-01,-8.537927269935607910e-01,1.000018239021301270e+00,9.990608692169189453e-01
2.103750000000000142e+01,1.321825108997905431e+02,-8.571352362632751465e-01,-8.553776741027832031e-01,1.000018239021301270e+00,9.990608692169189453e-01
2.105000000000000071e+01,1.322610507161302849e+02,-8.623787164688110352e-01,-8.606677055358886719e-01,1.000018239021301270e+00,9.990608692169189453e-01
2.106250000000000000e+01,1.323395905324700266e+02,-8.748521804809570312e-01,-8.732493519783020020e-01,1.000018119812011719e+00,9.990609288215637207e-01
2.107499999999999929e+01,1.324181303488097683e+02,-8.980242013931274414e-01,-8.966271877288818359e-01,1.000018119812011719e+00,9.990609884262084961e-01
2.108750000000000213e+01,1.324966701651495384e+02,-9.323820471763610840e-01,-9.313109517097473145e-01,1.000018119812011719e+00,9.990609884262084961e-01
2.110000000000000142e+01,1.325752099814892802e+02,-9.712093472480773926e-01,-9.705570340156555176e-01,1.000018239021301270e+00,9.990609884262084961e-01
2.111250000000000071e+01,1.326537497978290219e+02,-9.971447587013244629e-01,-9.968945384025573730e-01,1.000018239021301270e+00,9.990609288215637207e-01
2.112500000000000000e+01,1.327322896141687636e+02,-9.839814901351928711e-01,-9.839139580726623535e-01,1.000018119812011719e+00,9.990609884262084961e-01
2.113749999999999929e+01,1.328108294305085053e+02,-9.087047576904296875e-01,-9.083772897720336914e-01,1.000018119812011719e+00,9.990610480308532715e-01
2.114999999999999858e+01,1.328893692468482470e+02,-7.737648487091064453e-01,-7.726538181304931641e-01,1.000018239021301270e+00,9.990609884262084961e-01
2.116249999999999787e+01,1.329679090631879887e+02,-6.271625757217407227e-01,-6.250060796737670898e-01,1.000018119812011719e+00,9.990609288215637207e-01
2.117499999999999716e+01,1.330464488795277305e+02,-5.550445914268493652e-01,-5.522167682647705078e-01,1.000018239021301270e+00,9.990609288215637207e-01
2.118750000000000000e+01,1.331249886958674722e+02,-6.269081234931945801e-01,-6.244505643844604492e-01,1.000018119812011719e+00,9.990608096122741699e-01
2.120000000000000284e+01,1.332035285122072423e+02,-8.142329454421997070e-01,-8.132432103157043457e-01,1.000018119812011719e+00,9.990606904029846191e-01
2.121250000000000213e+01,1.332820683285469840e+02,-9.614860415458679199e-01,-9.620683193206787109e-01,1.000018119812011719e+00,9.990606307983398438e-01
2.122500000000000142e+01,1.333606081448867258e+02,-8.911048173904418945e-01,-8.918610811233520508e-01,1.000018119812011719e+00,9.990605115890502930e-01
2.123750000000000071e+01,1.334391479612264675e+02,-6.029444336891174316e-01,-6.019961237907409668e-01,1.000018119812011719e+00,9.990603327751159668e-01
2.125000000000000000e+01,1.335176877775662092e+02,-3.545292615890502930e-01,-3.515918254852294922e-01,1.000018119812011719e+00,9.990601539611816406e-01
2.126249999999999929e+01,1.335962275939059509e+02,-4.282751679420471191e-01,-4.254902303218841553e-01,1.000018239021301270e+00,9.990599155426025391e-01
2.127499999999999858e+01,1.336747674102456926e+02,-7.516541481018066406e-01,-7.513941526412963867e-01,1.000018239021301270e+00,9.990596175193786621e-01
2.128749999999999787e+01,1.337533072265854344e+02,-8.830326199531555176e-01,-8.846343159675598145e-01,1.000018358230590820e+00,9.990592598915100098e-01
2.129999999999999716e+01,1.338318470429251761e+02,-5.650013089179992676e-01,-5.650732517242431641e-01,1.000018239021301270e+00,9.990588426589965820e-01
2.131249999999999645e+01,1.339103868592649178e+02,-1.785329282283782959e-01,-1.756246536970138550e-01,1.000018239021301270e+00,9.990583658218383789e-01
2.132500000000000284e+01,1.339889266756046879e+02,-2.809604108333587646e-01,-2.782224416732788086e-01,1.000018358230590820e+00,9.990577101707458496e-01
2.133750000000000213e+01,1.340674664919444297e+02,-7.063184380531311035e-01,-7.070367932319641113e-01,1.000018239021301270e+00,9.990569353103637695e-01
2.135000000000000142e+01,1.341460063082841714e+02,-7.086691260337829590e-01,-7.106576561927795410e-01,1.000018358230590820e+00,9.990560412406921387e-01
2.136250000000000071e+01,1.342245461246239131e+02,-1.928323358297348022e-01,-1.915701031684875488e-01,1.000018358230590820e+00,9.990550875663757324e-01
2.137500000000000000e+01,1.343030859409636548e+02,5.515941884368658066e-03,8.949687704443931580e-03,1.000018239021301270e+00,9.990538954734802246e-01
2.138749999999999929e+01,1.343816257573033965e+02,-4.423500895500183105e-01,-4.420038461685180664e-01,1.000018358230590820e+00,9.990528225898742676e-01
2.139999999999999858e+01,1.344601655736431383e+02,-6.623045802116394043e-01,-6.648894548416137695e-01,1.000018477439880371e+00,9.990514516830444336e-01
2.141249999999999787e+01,1.345387053899828800e+02,-1.521019786596298218e-01,-1.519066095352172852e-01,1.000018358230590820e+00,9.990501403808593750e-01
2.142499999999999716e+01,1.346172452063226217e+02,1.841650754213333130e-01,1.875747144222259521e-01,1.000018477439880371e+00,9.990486502647399902e-01
2.143750000000000355e+01,1.346957850226623918e+02,-2.622625231742858887e-01,-2.616841793060302734e-01,1.000018477439880371e+00,9.990471005439758301e-01
2.145000000000000284e+01,1.347743248390021336e+02,-5.444679260253906250e-01,-5.473888516426086426e-01,1.000018358230590820e+00,9.990454912185668945e-01
2.146250000000000213e+01,1.348528646553418753e+02,-1.184257771819829941e-02,-1.195580698549747467e-02,1.000018358230590820e+00,9.990438222885131836e-01
2.147500000000000142e+01,1.349314044716816170e+02,3.311731815338134766e-01,3.344694972038269043e-01,1.000018477439880371e+00,9.990421533584594727e-01
2.148750000000000071e+01,1.350099442880213587e+02,-1.517587751150131226e-01,-1.515487879514694214e-01,1.000018477439880371e+00,9.990403652191162109e-01
2.150000000000000000e+01,1.350884841043611004e+02,-3.968232572078704834e-01,-4.000357389450073242e-01,1.000018477439880371e+00,9.990385770797729492e-01
2.151249999999999929e+01,1.351670239207008422e+02,1.759812682867050171e-01,1.759287863969802856e-01,1.000018477439880371e+00,9.990367889404296875e-01
2.152499999999999858e+01,1.352455637370405839e+02,4.586701095104217529e-01,4.617744684219360352e-01,1.000018477439880371e+00,9.990350604057312012e-01
2.153749999999999787e+01,1.353241035533803256e+02,-5.250958353281021118e-02,-5.280774086713790894e-02,1.000018596649169922e+00,9.990333318710327148e-01
2.155000000000000071e+01,1.354026433697200957e+02,-2.357018440961837769e-01,-2.391154021024703979e-01,1.000018596649169922e+00,9.990317225456237793e-01
2.156250000000000000e+01,1.354811831860598375e+02,3.425171673297882080e-01,3.424128293991088867e-01,1.000018477439880371e+00,9.990301132202148438e-01
2.157499999999999929e+01,1.355597230023995792e+02,5.839769244194030762e-01,5.868106484413146973e-01,1.000018477439880371e+00,9.990285038948059082e-01
2.158750000000000213e+01,1.356382628187393209e+02,9.440312534570693970e-02,9.397750347852706909e-02,1.000018477439880371e+00,9.990272521972656250e-01
2.160000000000000142e+01,1.357168026350790626e+02,-9.205118566751480103e-02,-9.558444470167160034e-02,1.000018477439880371e+00,9.990257024765014648e-01
2.161250000000000071e+01,1.357953424514188043e+02,4.270271956920623779e-01,4.262675046920776367e-01,1.000018596649169922e+00,9.990244507789611816e-01
2.162500000000000000e+01,1.358738822677585460e+02,7.241613268852233887e-01,7.266079783439636230e-01,1.000018596649169922e+00,9.990232586860656738e-01
2.163749999999999929e+01,1.359524220840982878e+02,3.389765918254852295e-01,3.392261564731597900e-01,1.000018596649169922e+00,9.990222454071044922e-01
2.164999999999999858e+01,1.360309619004380295e+02,4.051639512181282043e-02,3.720762953162193298e-02,1.000018596649169922e+00,9.990212917327880859e-01
2.166250000000000142e+01,1.361095017167777996e+02,3.781913816928863525e-01,3.759412765502929688e-01,1.000018715858459473e+00,9.990203976631164551e-01
2.167500000000000071e+01,1.361880415331175413e+02,8.059406280517578125e-01,8.072239756584167480e-01,1.000018715858459473e+00,9.990197420120239258e-01
2.168750000000000000e+01,1.362665813494572831e+02,6.983308196067810059e-01,6.998564004898071289e-01,1.000018715858459473e+00,9.990190267562866211e-01
2.169999999999999929e+01,1.363451211657970248e+02,3.110367357730865479e-01,3.093964159488677979e-01,1.000018835067749023e+00,9.990184903144836426e-01
2.171249999999999858e+01,1.364236609821367665e+02,2.630454599857330322e-01,2.595923542976379395e-01,1.000018835067749023e+00,9.990180134773254395e-01
2.172499999999999787e+01,1.365022007984765082e+02,6.176593303680419922e-01,6.159669160842895508e-01,1.000018835067749023e+00,9.990175962448120117e-01
2.173750000000000071e+01,1.365807406148162499e+02,9.101200103759765625e-01,9.110354185104370117e-01,1.000018835067749023e+00,9.990172982215881348e-01
2.175000000000000000e+01,1.366592804311559917e+02,8.331170678138732910e-01,8.342325687408447266e-01,1.000018954277038574e+00,9.990171194076538086e-01
2.176249999999999929e+01,1.367378202474957334e+02,5.553158521652221680e-01,5.543195009231567383e-01,1.000018954277038574e+00,9.990168809890747070e-01
2.177500000000000213e+01,1.368163600638355035e+02,4.196673631668090820e-01,4.167478680610656738e-01,1.000018954277038574e+00,9.990167617797851562e-01
2.178750000000000142e+01,1.368948998801752452e+02,5.513696670532226562e-01,5.484679937362670898e-01,1.000018954277038574e+00,9.990167021751403809e-01
2.180000000000000071e+01,1.369734396965149870e+02,8.042814731597900391e-01,8.029229044914245605e-01,1.000019073486328125e+00,9.990165233612060547e-01
2.181250000000000000e+01,1.370519795128547287e+02,9.709379673004150391e-01,9.710900187492370605e-01,1.000018954277038574e+00,9.990164041519165039e-01
2.182499999999999929e+01,1.371305193291944704e+02,9.669872522354125977e-01,9.675360321998596191e-01,1.000018954277038574e+00,9.990163445472717285e-01
2.183749999999999858e+01,1.372090591455342121e+02,8.486516475677490234e-01,8.484913110733032227e-01,1.000019073486328125e+00,9.990164041519165039e-01
2.184999999999999787e+01,1.372875989618739538e+02,7.223471999168395996e-01,7.210487127304077148e-01,1.000018954277038574e+00,9.990164041519165039e-01
2.186249999999999716e+01,1.373661387782136956e+02,6.600304841995239258e-01,6.578377485275268555e-01,1.000018954277038574e+00,9.990164637565612793e-01
2.187499999999999645e+01,1.374446785945534373e+02,6.738440990447998047e-01,6.712980270385742188e-01,1.000019073486328125e+00,9.990164637565612793e-01
2.188750000000000284e+01,1.375232184108932074e+02,7.365407943725585938e-01,7.341159582138061523e-01,1.000019073486328125e+00,9.990164041519165039e-01
2.190000000000000213e+01,1.376017582272329491e+02,8.125339746475219727e-01,8.104777336120605469e-01,1.000019073486328125e+00,9.990164041519165039e-01
2.191250000000000142e+01,1.376802980435726909e+02,8.772451877593994141e-01,8.755937218666076660e-01,1.000019073486328125e+00,9.990164041519165039e-01
2.192500000000000071e+01,1.377588378599124326e+02,9.213388562202453613e-01,9.200070500373840332e-01,1.000019073486328125e+00,9.990164041519165039e-01
2.193750000000000000e+01,1.378373776762521743e+02,9.462291598320007324e-01,9.451000094413757324e-01,1.000019073486328125e+00,9.990164041519165039e-01
2.194999999999999929e+01,1.379159174925919160e+02,9.578174948692321777e-01,9.567932486534118652e-01,1.000019073486328125e+00,9.990164637565612793e-01
2.196249999999999858e+01,1.379944573089316577e+02,9.620890617370605469e-01,9.611082673072814941e-01,1.000019192695617676e+00,9.990165233612060547e-01
2.197499999999999787e+01,1.380729971252713995e+02,9.632153511047363281e-01,9.622477293014526367e-01,1.000019073486328125e+00,9.990165233612060547e-01
2.198749999999999716e+01,1.381515369416111412e+02,9.633814692497253418e-01,9.624164700508117676e-01,1.000019192695617676e+00,9.990164637565612793e-01
2.199999999999999645e+01,1.382300767579508829e+02,9.633883237838745117e-01,9.624236226081848145e-01,1.000019192695617676e+00,9.990165829658508301e-01
2.201250000000000284e+01,1.383086165742906530e+02,9.633945226669311523e-01,9.624301791191101074e-01,1.000019192695617676e+00,9.990165829658508301e-01
2.202500000000000213e+01,1.383871563906303948e+02,9.635196328163146973e-01,9.625579714775085449e-01,1.000019192695617676e+00,9.990165829658508301e-01
2.203750000000000142e+01,1.384656962069701365e+02,9.642162322998046875e-01,9.632683992385864258e-01,1.000019192695617676e+00,9.990165829658508301e-01
2.205000000000000071e+01,1.385442360233098782e+02,9.663540124893188477e-01,9.654519557952880859e-01,1.000019073486328125e+00,9.990166425704956055e-01
2.206250000000000000e+01,1.386227758396496199e+02,9.709092378616333008e-01,9.701188802719116211e-01,1.000019073486328125e+00,9.990166425704956055e-01
2.207499999999999929e+01,1.387013156559893616e+02,9.781233668327331543e-01,9.775528907775878906e-01,1.000019073486328125e+00,9.990165829658508301e-01
2.208749999999999858e+01,1.387798554723291033e+02,9.861547946929931641e-01,9.859397411346435547e-01,1.000019073486328125e+00,9.990166425704956055e-01
2.209999999999999787e+01,1.388583952886688451e+02,9.897139668464660645e-01,9.899643063545227051e-01,1.000019073486328125e+00,9.990165829658508301e-01
2.211249999999999716e+01,1.389369351050085868e+02,9.799466729164123535e-01,9.806516766548156738e-01,1.000019073486328125e+00,9.990166425704956055e-01
2.212500000000000355e+01,1.390154749213483569e+02,9.473731517791748047e-01,9.482951164245605469e-01,1.000019192695617676e+00,9.990165829658508301e-01
2.213750000000000284e+01,1.390940147376880986e+02,8.888587355613708496e-01,8.895018696784973145e-01,1.000019192695617676e+00,9.990165233612060547e-01
2.215000000000000213e+01,1.391725545540278404e+02,8.162431716918945312e-01,8.160064220428466797e-01,1.000019192695617676e+00,9.990165233612060547e-01
2.216250000000000142e+01,1.392510943703675821e+02,7.590757608413696289e-01,7.576340436935424805e-01,1.000019192695617676e+00,9.990164637565612793e-01
2.217500000000000071e+01,1.393296341867073238e+02,7.517950534820556641e-01,7.495310306549072266e-01,1.000019192695617676e+00,9.990164041519165039e-01
2.218750000000000000e+01,1.394081740030470655e+02,8.042499423027038574e-01,8.023231625556945801e-01,1.000019192695617676e+00,9.990164041519165039e-01
2.219999999999999929e+01,1.394867138193868072e+02,8.753664493560791016e-01,8.750416040420532227e-01,1.000019311904907227e+00,9.990162849426269531e-01
2.221249999999999858e+01,1.395652536357265490e+02,8.860782980918884277e-01,8.875371217727661133e-01,1.000019311904907227e+00,9.990162849426269531e-01
2.222499999999999787e+01,1.396437934520662907e+02,7.873367667198181152e-01,7.890489697456359863e-01,1.000019192695617676e+00,9.990160465240478516e-01
2.223750000000000071e+01,1.397223332684060608e+02,6.332200765609741211e-01,6.330312490463256836e-01,1.000019311904907227e+00,9.990158081054687500e-01
2.225000000000000000e+01,1.398008730847458025e+02,5.599961876869201660e-01,5.574892163276672363e-01,1.000019192695617676e+00,9.990156292915344238e-01
2.226249999999999929e+01,1.398794129010855443e+02,6.408722996711730957e-01,6.384059190750122070e-01,1.000019311904907227e+00,9.990152716636657715e-01
2.227500000000000213e+01,1.399579527174252860e+02,7.618693113327026367e-01,7.621828913688659668e-01,1.000019311904907227e+00,9.990150332450866699e-01
2.228750000000000142e+01,1.400364925337650277e+02,7.236176133155822754e-01,7.260860204696655273e-01,1.000019431114196777e+00,9.990145564079284668e-01
2.230000000000000071e+01,1.401150323501047694e+02,5.158139467239379883e-01,5.166220664978027344e-01,1.000019431114196777e+00,9.990141391754150391e-01
2.231250000000000000e+01,1.401935721664445111e+02,3.852560222148895264e-01,3.826273977756500244e-01,1.000019431114196777e+00,9.990136027336120605e-01
2.232499999999999929e+01,1.402721119827842529e+02,4.978305101394653320e-01,4.952409863471984863e-01,1.000019431114196777e+00,9.990130066871643066e-01
2.233749999999999858e+01,1.403506517991239946e+02,6.410138607025146484e-01,6.422742009162902832e-01,1.000019550323486328e+00,9.990121722221374512e-01
2.235000000000000142e+01,1.404291916154637647e+02,5.175063014030456543e-01,5.202722549438476562e-01,1.000019550323486328e+00,9.990113377571105957e-01
2.236250000000000071e+01,1.405077314318035064e+02,2.622414529323577881e-01,2.613472342491149902e-01,1.000019550323486328e+00,9.990103840827941895e-01
2.237500000000000000e+01,1.405862712481432482e+02,2.643641233444213867e-01,2.608891129493713379e-01,1.000019550323486328e+00,9.990093708038330078e-01
2.238749999999999929e+01,1.406648110644829899e+02,4.719404280185699463e-01,4.718602001667022705e-01,1.000019550323486328e+00,9.990082383155822754e-01
2.239999999999999858e+01,1.407433508808227316e+02,4.355409741401672363e-01,4.387980997562408447e-01,1.000019669532775879e+00,9.990069866180419922e-01
2.241249999999999787e+01,1.408218906971624733e+02,1.427466273307800293e-01,1.428640484809875488e-01,1.000019669532775879e+00,9.990056753158569336e-01
2.242500000000000071e+01,1.409004305135022150e+02,8.573724329471588135e-02,8.213896304368972778e-02,1.000019669532775879e+00,9.990042448043823242e-01
2.243750000000000000e+01,1.409789703298419568e+02,3.129417896270751953e-01,3.124768137931823730e-01,1.000019669532775879e+00,9.990026354789733887e-01
2.244999999999999929e+01,1.410575101461816985e+02,2.987725436687469482e-01,3.022432327270507812e-01,1.000019669532775879e+00,9.990010261535644531e-01
2.246250000000000213e+01,1.411360499625214686e+02,-1.114039961248636246e-02,-1.088978443294763565e-02,1.000019788742065430e+00,9.989994168281555176e-01
2.247500000000000142e+01,1.412145897788612103e+02,-6.492069363594055176e-02,-6.856567412614822388e-02,1.000019788742065430e+00,9.989976286888122559e-01
2.248750000000000071e+01,1.412931295952009521e+02,1.728876680135726929e-01,1.727300137281417847e-01,1.000019788742065430e+00,9.989959001541137695e-01
2.250000000000000000e+01,1.413716694115406938e+02,1.343779563903808594e-01,1.380139738321304321e-01,1.000019788742065430e+00,9.989940524101257324e-01
2.251249999999999929e+01,1.414502092278804355e+02,-1.810869127511978149e-01,-1.811426281929016113e-01,1.000019788742065430e+00,9.989922046661376953e-01
2.252499999999999858e+01,1.415287490442201772e+02,-2.025467306375503540e-01,-2.061442285776138306e-01,1.000019788742065430e+00,9.989904165267944336e-01
2.253749999999999787e+01,1.416072888605599189e+02,3.292717412114143372e-02,3.323525190353393555e-02,1.000019907951354980e+00,9.989886283874511719e-01
2.254999999999999716e+01,1.416858286768996606e+02,-3.458263725042343140e-02,-3.089279308915138245e-02,1.000019788742065430e+00,9.989869594573974609e-01
2.256249999999999645e+01,1.417643684932394024e+02,-3.401153683662414551e-01,-3.403293192386627197e-01,1.000019907951354980e+00,9.989852905273437500e-01
2.257500000000000284e+01,1.418429083095791725e+02,-3.458531498908996582e-01,-3.493075072765350342e-01,1.000019788742065430e+00,9.989838600158691406e-01
2.258750000000000213e+01,1.419214481259189142e+02,-1.232102587819099426e-01,-1.228767111897468567e-01,1.000019788742065430e+00,9.989823698997497559e-01
2.260000000000000142e+01,1.419999879422586559e+02,-1.800958365201950073e-01,-1.764278262853622437e-01,1.000019907951354980e+00,9.989809989929199219e-01
2.261250000000000071e+01,1.420785277585983977e+02,-4.667524397373199463e-01,-4.664313197135925293e-01,1.000019907951354980e+00,9.989797472953796387e-01
2.262500000000000000e+01,1.421570675749381394e+02,-5.114573240280151367e-01,-5.146616697311401367e-01,1.000019907951354980e+00,9.989784955978393555e-01
2.263749999999999929e+01,1.422356073912778811e+02,-3.117317259311676025e-01,-3.122880458831787109e-01,1.000019907951354980e+00,9.989774823188781738e-01
2.264999999999999858e+01,1.423141472076176228e+02,-2.912439405918121338e-01,-2.879259884357452393e-01,1.000019907951354980e+00,9.989765286445617676e-01
2.266249999999999787e+01,1.423926870239573645e+02,-5.298991799354553223e-01,-5.280452966690063477e-01,1.000019907951354980e+00,9.989756941795349121e-01
2.267499999999999716e+01,1.424712268402971063e+02,-6.756126880645751953e-01,-6.777535080909729004e-01,1.000020027160644531e+00,9.989749193191528320e-01
2.268750000000000355e+01,1.425497666566368764e+02,-5.612825751304626465e-01,-5.634922981262207031e-01,1.000020027160644531e+00,9.989743828773498535e-01
2.270000000000000284e+01,1.426283064729766181e+02,-4.298122525215148926e-01,-4.284093677997589111e-01,1.000020027160644531e+00,9.989737868309020996e-01
2.271250000000000213e+01,1.427068462893163598e+02,-5.136616230010986328e-01,-5.104390382766723633e-01,1.000020027160644531e+00,9.989734292030334473e-01
2.272500000000000142e+01,1.427853861056561016e+02,-7.164929509162902832e-01,-7.154589295387268066e-01,1.000020027160644531e+00,9.989730715751647949e-01
2.273750000000000071e+01,1.428639259219958433e+02,-8.040503263473510742e-01,-8.059240579605102539e-01,1.000020027160644531e+00,9.989727139472961426e-01
2.275000000000000000e+01,1.429424657383355850e+02,-7.220733761787414551e-01,-7.240045070648193359e-01,1.000020027160644531e+00,9.989724755287170410e-01
2.276249999999999929e+01,1.430210055546753267e+02,-6.170949935913085938e-01,-6.165807843208312988e-01,1.000020027160644531e+00,9.989722967147827148e-01
2.277499999999999858e+01,1.430995453710150684e+02,-6.276873946189880371e-01,-6.251289844512939453e-01,1.000020027160644531e+00,9.989721775054931641e-01
2.278749999999999787e+01,1.431780851873548102e+02,-7.471922636032104492e-01,-7.448402643203735352e-01,1.000020027160644531e+00,9.989721179008483887e-01
2.280000000000000071e+01,1.432566250036945803e+02,-8.719970583915710449e-01,-8.714809417724609375e-01,1.000020027160644531e+00,9.989719986915588379e-01
2.281250000000000000e+01,1.433351648200343220e+02,-9.207583665847778320e-01,-9.219174385070800781e-01,1.000020027160644531e+00,9.989719390869140625e-01
2.282500000000000284e+01,1.434137046363740637e+02,-8.913043141365051270e-01,-8.928200602531433105e-01,1.000020027160644531e+00,9.989719390869140625e-01
2.283750000000000213e+01,1.434922444527138055e+02,-8.340891599655151367e-01,-8.347380161285400391e-01,1.000020027160644531e+00,9.989718198776245117e-01
2.285000000000000142e+01,1.435707842690535472e+02,-7.988345026969909668e-01,-7.982016801834106445e-01,1.000020146369934082e+00,9.989717602729797363e-01
2.286250000000000071e+01,1.436493240853932889e+02,-8.046469688415527344e-01,-8.030632734298706055e-01,1.000020027160644531e+00,9.989718198776245117e-01
2.287500000000000000e+01,1.437278639017330306e+02,-8.423449993133544922e-01,-8.404397964477539062e-01,1.000020146369934082e+00,9.989717602729797363e-01
2.288749999999999929e+01,1.438064037180727723e+02,-8.916929364204406738e-01,-8.899909853935241699e-01,1.000020146369934082e+00,9.989717602729797363e-01
2.289999999999999858e+01,1.438849435344125141e+02,-9.359787702560424805e-01,-9.347357749938964844e-01,1.000020146369934082e+00,9.989717602729797363e-01
2.291249999999999787e+01,1.439634833507522558e+02,-9.674839973449707031e-01,-9.667169451713562012e-01,1.000020146369934082e+00,9.989718198776245117e-01
2.292500000000000071e+01,1.440420231670920259e+02,-9.860206246376037598e-01,-9.856188893318176270e-01,1.000020146369934082e+00,9.989717602729797363e-01
2.293750000000000000e+01,1.441205629834317676e+02,-9.950834512710571289e-01,-9.949076771736145020e-01,1.000020146369934082e+00,9.989718794822692871e-01
2.294999999999999929e+01,1.441991027997715094e+02,-9.986771345138549805e-01,-9.986156225204467773e-01,1.000020265579223633e+00,9.989718794822692871e-01
2.296249999999999858e+01,1.442776426161112511e+02,-9.997617006301879883e-01,-9.997460246086120605e-01,1.000020146369934082e+00,9.989718794822692871e-01
2.297500000000000142e+01,1.443561824324509928e+02,-9.999779462814331055e-01,-9.999755024909973145e-01,1.000020027160644531e+00,9.989718794822692871e-01
2.298750000000000071e+01,1.444347222487907345e+02,-9.999980926513671875e-01,-9.999978542327880859e-01,1.000020146369934082e+00,9.989718794822692871e-01
2.300000000000000000e+01,1.445132620651304762e+02,-9.999982118606567383e-01,-9.999980926513671875e-01,1.000020146369934082e+00,9.989719390869140625e-01
2.301249999999999929e+01,1.445918018814702179e+02,-9.999979734420776367e-01,-9.999977946281433105e-01,1.000020146369934082e+00,9.989719390869140625e-01
2.302499999999999858e+01,1.446703416978099597e+02,-9.999754428863525391e-01,-9.999775290489196777e-01,1.000020146369934082e+00,9.989719390869140625e-01
2.303750000000000142e+01,1.447488815141497298e+02,-9.997459053993225098e-01,-9.997613430023193359e-01,1.000020146369934082e+00,9.989718794822692871e-01
2.305000000000000071e+01,1.448274213304894715e+02,-9.986156821250915527e-01,-9.986768960952758789e-01,1.000020146369934082e+00,9.989719390869140625e-01
2.306250000000000000e+01,1.449059611468292132e+02,-9.949089288711547852e-01,-9.950842261314392090e-01,1.000020146369934082e+00,9.989718794822692871e-01
2.307499999999999929e+01,1.449845009631689550e+02,-9.856233596801757812e-01,-9.860245585441589355e-01,1.000020027160644531e+00,9.989719390869140625e-01
2.308749999999999858e+01,1.450630407795086967e+02,-9.667274355888366699e-01,-9.674938917160034180e-01,1.000020027160644531e+00,9.989719390869140625e-01
2.309999999999999787e+01,1.451415805958484384e+02,-9.347559809684753418e-01,-9.359986186027526855e-01,1.000020146369934082e+00,9.989718794822692871e-01
2.311250000000000071e+01,1.452201204121881801e+02,-8.900233507156372070e-01,-8.917242288589477539e-01,1.000020146369934082e+00,9.989718794822692871e-01
2.312500000000000000e+01,1.452986602285279218e+02,-8.404802083969116211e-01,-8.423851728439331055e-01,1.000020146369934082e+00,9.989719390869140625e-01
2.313749999999999929e+01,1.453772000448676636e+02,-8.031024932861328125e-01,-8.046874403953552246e-01,1.000020027160644531e+00,9.989719390869140625e-01
2.315000000000000213e+01,1.454557398612074337e+02,-7.982252240180969238e-01,-7.988631129264831543e-01,1.000020146369934082e+00,9.989718794822692871e-01
2.316250000000000142e+01,1.455342796775471754e+02,-8.347347378730773926e-01,-8.340936899185180664e-01,1.000020027160644531e+00,9.989718198776245117e-01
2.317500000000000071e+01,1.456128194938869171e+02,-8.927925825119018555e-01,-8.912850618362426758e-01,1.000020146369934082e+00,9.989718198776245117e-01
2.318750000000000000e+01,1.456913593102266589e+02,-9.218886494636535645e-01,-9.207327961921691895e-01,1.000020146369934082e+00,9.989717602729797363e-01
2.319999999999999929e+01,1.457698991265664006e+02,-8.714820146560668945e-01,-8.719918727874755859e-01,1.000020027160644531e+00,9.989717006683349609e-01
2.321249999999999858e+01,1.458484389429061423e+02,-7.448818683624267578e-01,-7.472256422042846680e-01,1.000020146369934082e+00,9.989716410636901855e-01
2.322499999999999787e+01,1.459269787592458840e+02,-6.251844167709350586e-01,-6.277431845664978027e-01,1.000020146369934082e+00,9.989715814590454102e-01
2.323749999999999716e+01,1.460055185755856257e+02,-6.166033148765563965e-01,-6.171283721923828125e-01,1.000020027160644531e+00,9.989714622497558594e-01
2.324999999999999645e+01,1.460840583919253675e+02,-7.239750623703002930e-01,-7.220559716224670410e-01,1.000020146369934082e+00,9.989712834358215332e-01
2.326250000000000284e+01,1.461625982082651376e+02,-8.058813810348510742e-01,-8.040106892585754395e-01,1.000020146369934082e+00,9.989709854125976562e-01
2.327500000000000213e+01,1.462411380246048793e+02,-7.154644727706909180e-01,-7.164927124977111816e-01,1.000020146369934082e+00,9.989705681800842285e-01
2.328750000000000142e+01,1.463196778409446210e+02,-5.104975700378417969e-01,-5.137187838554382324e-01,1.000020146369934082e+00,9.989702701568603516e-01
2.330000000000000071e+01,1.463982176572843628e+02,-4.284529983997344971e-01,-4.298598468303680420e-01,1.000020265579223633e+00,9.989697933197021484e-01
2.331250000000000000e+01,1.464767574736241045e+02,-5.634691119194030762e-01,-5.612578988075256348e-01,1.000020265579223633e+00,9.989692568778991699e-01
2.332499999999999929e+01,1.465552972899638462e+02,-6.777027249336242676e-01,-6.755635738372802734e-01,1.000020265579223633e+00,9.989685416221618652e-01
2.333749999999999858e+01,1.466338371063035879e+02,-5.280488133430480957e-01,-5.299215316772460938e-01,1.000020265579223633e+00,9.989677667617797852e-01
2.334999999999999787e+01,1.467123769226433296e+02,-2.879859805107116699e-01,-2.913175523281097412e-01,1.000020265579223633e+00,9.989669322967529297e-01
2.336249999999999716e+01,1.467909167389830714e+02,-3.123168349266052246e-01,-3.117331862449645996e-01,1.000020265579223633e+00,9.989659190177917480e-01
2.337500000000000355e+01,1.468694565553228415e+02,-5.146193504333496094e-01,-5.113885402679443359e-01,1.000020265579223633e+00,9.989648461341857910e-01
2.338750000000000284e+01,1.469479963716625832e+02,-4.663939774036407471e-01,-4.667575359344482422e-01,1.000020384788513184e+00,9.989636540412902832e-01
2.340000000000000213e+01,1.470265361880023249e+02,-1.764645278453826904e-01,-1.801850050687789917e-01,1.000020384788513184e+00,9.989624619483947754e-01
2.341250000000000142e+01,1.471050760043420667e+02,-1.229336187243461609e-01,-1.232149899005889893e-01,1.000020384788513184e+00,9.989610314369201660e-01
2.342500000000000071e+01,1.471836158206818084e+02,-3.492874503135681152e-01,-3.457596004009246826e-01,1.000020384788513184e+00,9.989596605300903320e-01
2.343750000000000000e+01,1.472621556370215501e+02,-3.402647972106933594e-01,-3.401252627372741699e-01,1.000020503997802734e+00,9.989581108093261719e-01
2.344999999999999929e+01,1.473406954533612918e+02,-3.090684115886688232e-02,-3.469929099082946777e-02,1.000020503997802734e+00,9.989565610885620117e-01
2.346249999999999858e+01,1.474192352697010335e+02,3.315563127398490906e-02,3.294609114527702332e-02,1.000020503997802734e+00,9.989548921585083008e-01
2.347499999999999787e+01,1.474977750860407752e+02,-2.061445116996765137e-01,-2.024165391921997070e-01,1.000020503997802734e+00,9.989531636238098145e-01
2.348750000000000071e+01,1.475763149023805454e+02,-1.810535043478012085e-01,-1.811261475086212158e-01,1.000020503997802734e+00,9.989513754844665527e-01
2.350000000000000000e+01,1.476548547187202871e+02,1.380253285169601440e-01,1.342343986034393311e-01,1.000020503997802734e+00,9.989496469497680664e-01
2.351250000000000284e+01,1.477333945350600288e+02,1.726272851228713989e-01,1.729458123445510864e-01,1.000020503997802734e+00,9.989477992057800293e-01
2.352500000000000213e+01,1.478119343513997705e+02,-6.858570873737335205e-02,-6.476664543151855469e-02,1.000020503997802734e+00,9.989461302757263184e-01
2.353750000000000142e+01,1.478904741677395123e+02,-1.077185757458209991e-02,-1.121363230049610138e-02,1.000020623207092285e+00,9.989443421363830566e-01
2.355000000000000071e+01,1.479690139840792540e+02,3.022730946540832520e-01,2.986154556274414062e-01,1.000020623207092285e+00,9.989426732063293457e-01
2.356250000000000000e+01,1.480475538004189957e+02,3.123525679111480713e-01,3.130353689193725586e-01,1.000020623207092285e+00,9.989411234855651855e-01
2.357499999999999929e+01,1.481260936167587374e+02,8.210237324237823486e-02,8.590823411941528320e-02,1.000020623207092285e+00,9.989395141601562500e-01
2.358749999999999858e+01,1.482046334330984791e+02,1.429984867572784424e-01,1.426526308059692383e-01,1.000020623207092285e+00,9.989380240440368652e-01
2.359999999999999787e+01,1.482831732494382209e+02,4.388555288314819336e-01,4.353666305541992188e-01,1.000020742416381836e+00,9.989367127418518066e-01
2.361250000000000071e+01,1.483617130657779910e+02,4.717283248901367188e-01,4.720372855663299561e-01,1.000020742416381836e+00,9.989354610443115234e-01
2.362500000000000000e+01,1.484402528821177327e+02,2.608093917369842529e-01,2.645662426948547363e-01,1.000020742416381836e+00,9.989343285560607910e-01
2.363749999999999929e+01,1.485187926984574744e+02,2.614728808403015137e-01,2.621878385543823242e-01,1.000020742416381836e+00,9.989332556724548340e-01
2.364999999999999858e+01,1.485973325147972162e+02,5.203908681869506836e-01,5.173004865646362305e-01,1.000020742416381836e+00,9.989323019981384277e-01
2.366250000000000142e+01,1.486758723311369579e+02,6.421906948089599609e-01,6.410229206085205078e-01,1.000020861625671387e+00,9.989314675331115723e-01
2.367500000000000071e+01,1.487544121474766996e+02,4.951002001762390137e-01,4.980522692203521729e-01,1.000020742416381836e+00,9.989306926727294922e-01
2.368750000000000000e+01,1.488329519638164413e+02,3.826578557491302490e-01,3.853482007980346680e-01,1.000020861625671387e+00,9.989300966262817383e-01
2.369999999999999929e+01,1.489114917801561830e+02,5.167824029922485352e-01,5.156555771827697754e-01,1.000020861625671387e+00,9.989295005798339844e-01
2.371249999999999858e+01,1.489900315964959248e+02,7.261510491371154785e-01,7.234575748443603516e-01,1.000020980834960938e+00,9.989290833473205566e-01
2.372500000000000142e+01,1.490685714128356949e+02,7.620753645896911621e-01,7.619366049766540527e-01,1.000020861625671387e+00,9.989286661148071289e-01
2.373750000000000071e+01,1.491471112291754366e+02,6.382780671119689941e-01,6.410806775093078613e-01,1.000020861625671387e+00,9.989283680915832520e-01
2.375000000000000000e+01,1.492256510455151783e+02,5.575007796287536621e-01,5.600996017456054688e-01,1.000020861625671387e+00,9.989281296730041504e-01
2.376249999999999929e+01,1.493041908618549201e+02,6.331650018692016602e-01,6.331253647804260254e-01,1.000020861625671387e+00,9.989279508590698242e-01
2.377499999999999858e+01,1.493827306781946618e+02,7.891648411750793457e-01,7.871716022491455078e-01,1.000020861625671387e+00,9.989277720451354980e-01
2.378749999999999787e+01,1.494612704945344035e+02,8.875350356101989746e-01,8.860134482383728027e-01,1.000020861625671387e+00,9.989276528358459473e-01
2.379999999999999716e+01,1.495398103108741452e+02,8.749432563781738281e-01,8.754549622535705566e-01,1.000020861625671387e+00,9.989275932312011719e-01
2.381250000000000000e+01,1.496183501272138869e+02,8.022220730781555176e-01,8.044142127037048340e-01,1.000020861625671387e+00,9.989275932312011719e-01
2.382499999999999929e+01,1.496968899435536287e+02,7.495016455650329590e-01,7.519206404685974121e-01,1.000020861625671387e+00,9.989275336265563965e-01
2.383750000000000213e+01,1.497754297598933988e+02,7.576874494552612305e-01,7.591019272804260254e-01,1.000020861625671387e+00,9.989275336265563965e-01
2.385000000000000142e+01,1.498539695762331405e+02,8.161045312881469727e-01,8.161805868148803711e-01,1.000020861625671387e+00,9.989274740219116211e-01
2.386250000000000071e+01,1.499325093925728822e+02,8.895961046218872070e-01,8.887585997581481934e-01,1.000020980834960938e+00,9.989274740219116211e-01
2.387500000000000000e+01,1.500110492089126240e+02,9.483538269996643066e-01,9.472861886024475098e-01,1.000020980834960938e+00,9.989275336265563965e-01
2.388749999999999929e+01,1.500895890252523657e+02,9.806680083274841309e-01,9.799016118049621582e-01,1.000020980834960938e+00,9.989274740219116211e-01
2.389999999999999858e+01,1.501681288415921074e+02,9.899480342864990234e-01,9.897143244743347168e-01,1.000020861625671387e+00,9.989274740219116211e-01
2.391249999999999787e+01,1.502466686579318491e+02,9.859056472778320312e-01,9.861900806427001953e-01,1.000020861625671387e+00,9.989274740219116211e-01
2.392499999999999716e+01,1.503252084742715908e+02,9.775130152702331543e-01,9.781790971755981445e-01,1.000020861625671387e+00,9.989274740219116211e-01
2.393749999999999645e+01,1.504037482906113325e+02,9.700804352760314941e-01,9.709737300872802734e-01,1.000020861625671387e+00,9.989274144172668457e-01
2.395000000000000284e+01,1.504822881069511027e+02,9.654176831245422363e-01,9.664207100868225098e-01,1.000020861625671387e+00,9.989274144172668457e-01
2.396250000000000213e+01,1.505608279232908444e+02,9.632380604743957520e-01,9.642819762229919434e-01,1.000020861625671387e+00,9.989274740219116211e-01
2.397500000000000142e+01,1.506393677396305861e+02,9.625301361083984375e-01,9.635840654373168945e-01,1.000020861625671387e+00,9.989274740219116211e-01
2.398750000000000071e+01,1.507179075559703278e+02,9.624034762382507324e-01,9.634582400321960449e-01,1.000020861625671387e+00,9.989274740219116211e-01
2.400000000000000000e+01,1.507964473723100696e+02,9.623971581459045410e-01,9.634518623352050781e-01,1.000020861625671387e+00,9.989274740219116211e-01
2.401249999999999929e+01,1.508749871886498113e+02,9.623901844024658203e-01,9.634448289871215820e-01,1.000020861625671387e+00,9.989275336265563965e-01
2.402499999999999858e+01,1.509535270049895530e+02,9.622225761413574219e-01,9.632779359817504883e-01,1.000020861625671387e+00,9.989274144172668457e-01
2.403749999999999787e+01,1.510320668213292947e+02,9.610854983329772949e-01,9.621505141258239746e-01,1.000020861625671387e+00,9.989274740219116211e-01
2.404999999999999716e+01,1.511106066376690364e+02,9.567745327949523926e-01,9.578779339790344238e-01,1.000020861625671387e+00,9.989274740219116211e-01
2.406250000000000355e+01,1.511891464540088066e+02,9.450858831405639648e-01,9.462909102439880371e-01,1.000020742416381836e+00,9.989274144172668457e-01
2.407500000000000284e+01,1.512676862703485483e+02,9.199953675270080566e-01,9.214077591896057129e-01,1.000020861625671387e+00,9.989274144172668457e-01
2.408750000000000213e+01,1.513462260866882900e+02,8.755771517753601074e-01,8.773322701454162598e-01,1.000020861625671387e+00,9.989273548126220703e-01
2.410000000000000142e+01,1.514247659030280317e+02,8.104448914527893066e-01,8.126513361930847168e-01,1.000020861625671387e+00,9.989273548126220703e-01
2.411250000000000071e+01,1.515033057193677735e+02,7.340534329414367676e-01,7.366986870765686035e-01,1.000020861625671387e+00,9.989273548126220703e-01
2.412500000000000000e+01,1.515818455357075152e+02,6.711961627006530762e-01,6.740384697914123535e-01,1.000020861625671387e+00,9.989273548126220703e-01
2.413749999999999929e+01,1.516603853520472569e+02,6.577000021934509277e-01,6.602360606193542480e-01,1.000020861625671387e+00,9.989274144172668457e-01
2.414999999999999858e+01,1.517389251683869986e+02,7.209022045135498047e-01,7.225189805030822754e-01,1.000020861625671387e+00,9.989273548126220703e-01
2.416249999999999787e+01,1.518174649847267403e+02,8.483849167823791504e-01,8.487415313720703125e-01,1.000020861625671387e+00,9.989273548126220703e-01
2.417500000000000071e+01,1.518960048010665105e+02,9.675096273422241211e-01,9.669823646545410156e-01,1.000020742416381836e+00,9.989272356033325195e-01
2.418750000000000000e+01,1.519745446174062522e+02,9.711387753486633301e-01,9.708932638168334961e-01,1.000020861625671387e+00,9.989272356033325195e-01
2.420000000000000284e+01,1.520530844337459939e+02,8.029806017875671387e-01,8.042992949485778809e-01,1.000020861625671387e+00,9.989271163940429688e-01
2.421250000000000213e+01,1.521316242500857356e+02,5.484386682510375977e-01,5.515227317810058594e-01,1.000020861625671387e+00,9.989269971847534180e-01
2.422500000000000142e+01,1.522101640664254774e+02,4.165989458560943604e-01,4.199129641056060791e-01,1.000020861625671387e+00,9.989268183708190918e-01
2.423750000000000071e+01,1.522887038827652191e+02,5.541419386863708496e-01,5.554968118667602539e-01,1.000020861625671387e+00,9.989267587661743164e-01
2.425000000000000000e+01,1.523672436991049608e+02,8.341701030731201172e-01,8.331124782562255859e-01,1.000020861625671387e+00,9.989265799522399902e-01
2.426249999999999929e+01,1.524457835154447025e+02,9.111192226409912109e-01,9.100166559219360352e-01,1.000020861625671387e+00,9.989262819290161133e-01
2.427499999999999858e+01,1.525243233317844442e+02,6.160421371459960938e-01,6.176827549934387207e-01,1.000020861625671387e+00,9.989259839057922363e-01
2.428750000000000142e+01,1.526028631481242144e+02,2.594960927963256836e-01,2.632719576358795166e-01,1.000020861625671387e+00,9.989256262779235840e-01
2.430000000000000071e+01,1.526814029644639561e+02,3.092029690742492676e-01,3.112488389015197754e-01,1.000020980834960938e+00,9.989252090454101562e-01
2.431250000000000000e+01,1.527599427808036978e+02,6.997985243797302246e-01,6.982985138893127441e-01,1.000020980834960938e+00,9.989247322082519531e-01
2.432499999999999929e+01,1.528384825971434395e+02,8.073375225067138672e-01,8.058059811592102051e-01,1.000020980834960938e+00,9.989240765571594238e-01
2.433749999999999858e+01,1.529170224134831813e+02,3.759795725345611572e-01,3.782770037651062012e-01,1.000020980834960938e+00,9.989233613014221191e-01
2.435000000000000142e+01,1.529955622298229230e+02,3.704963251948356628e-02,4.077373072504997253e-02,1.000021100044250488e+00,9.989224672317504883e-01
2.436250000000000071e+01,1.530741020461626647e+02,3.391070663928985596e-01,3.390300571918487549e-01,1.000021219253540039e+00,9.989215135574340820e-01
2.437500000000000000e+01,1.531526418625024064e+02,7.266935706138610840e-01,7.239866852760314941e-01,1.000021219253540039e+00,9.989205002784729004e-01
2.438749999999999929e+01,1.532311816788421481e+02,4.263343811035156250e-01,4.270443320274353027e-01,1.000021219253540039e+00,9.989192485809326172e-01
2.440000000000000213e+01,1.533097214951819183e+02,-9.571134299039840698e-02,-9.179016202688217163e-02,1.000021219253540039e+00,9.989179968833923340e-01
2.441250000000000142e+01,1.533882613115216600e+02,9.388545900583267212e-02,9.444563835859298706e-02,1.000021219253540039e+00,9.989166855812072754e-01
2.442500000000000071e+01,1.534668011278614017e+02,5.869118571281433105e-01,5.837594866752624512e-01,1.000021219253540039e+00,9.989151358604431152e-01
2.443750000000000000e+01,1.535453409442011434e+02,3.424441218376159668e-01,3.425508737564086914e-01,1.000021219253540039e+00,9.989135861396789551e-01
2.444999999999999929e+01,1.536238807605408851e+02,-2.392579615116119385e-01,-2.354236841201782227e-01,1.000021219253540039e+00,9.989120364189147949e-01
2.446249999999999858e+01,1.537024205768806269e+02,-5.282017588615417480e-02,-5.254755541682243347e-02,1.000021219253540039e+00,9.989103078842163086e-01
2.447499999999999787e+01,1.537809603932203686e+02,4.619181752204895020e-01,4.584022164344787598e-01,1.000021338462829590e+00,9.989085793495178223e-01
2.448749999999999716e+01,1.538595002095601103e+02,1.758880764245986938e-01,1.760838329792022705e-01,1.000021219253540039e+00,9.989067912101745605e-01
2.450000000000000000e+01,1.539380400258998520e+02,-4.001938104629516602e-01,-3.965394496917724609e-01,1.000021219253540039e+00,9.989051222801208496e-01
2.451249999999999929e+01,1.540165798422395937e+02,-1.514609754085540771e-01,-1.519159227609634399e-01,1.000021338462829590e+00,9.989032745361328125e-01
2.452500000000000213e+01,1.540951196585793639e+02,3.346380293369293213e-01,3.308821618556976318e-01,1.000021338462829590e+00,9.989015460014343262e-01
2.453750000000000142e+01,1.541736594749191056e+02,-1.207720581442117691e-02,-1.165120489895343781e-02,1.000021338462829590e+00,9.988998174667358398e-01
2.455000000000000071e+01,1.542521992912588473e+02,-5.475446581840515137e-01,-5.442063212394714355e-01,1.000021338462829590e+00,9.988981485366821289e-01
2.456250000000000000e+01,1.543307391075985890e+02,-2.615060210227966309e-01,-2.625275552272796631e-01,1.000021338462829590e+00,9.988965392112731934e-01
2.457499999999999929e+01,1.544092789239383308e+02,1.877572685480117798e-01,1.838569194078445435e-01,1.000021457672119141e+00,9.988949298858642578e-01
2.458749999999999858e+01,1.544878187402780725e+02,-1.520808935165405273e-01,-1.518682837486267090e-01,1.000021457672119141e+00,9.988934397697448730e-01
2.459999999999999787e+01,1.545663585566178142e+02,-6.650514602661132812e-01,-6.620356440544128418e-01,1.000021576881408691e+00,9.988921284675598145e-01
2.461249999999999716e+01,1.546448983729575559e+02,-4.417844414710998535e-01,-4.426434040069580078e-01,1.000021457672119141e+00,9.988908171653747559e-01
2.462499999999999645e+01,1.547234381892972976e+02,9.183543734252452850e-03,5.140046123415231705e-03,1.000021457672119141e+00,9.988896250724792480e-01
2.463750000000000284e+01,1.548019780056370678e+02,-1.917226016521453857e-01,-1.926669776439666748e-01,1.000021576881408691e+00,9.988886117935180664e-01
2.465000000000000213e+01,1.548805178219768095e+02,-7.108848690986633301e-01,-7.083368897438049316e-01,1.000021576881408691e+00,9.988876581192016602e-01
2.466250000000000142e+01,1.549590576383165512e+02,-7.068908810615539551e-01,-7.064771652221679688e-01,1.000021576881408691e+00,9.988867640495300293e-01
2.467500000000000071e+01,1.550375974546562929e+02,-2.778961062431335449e-01,-2.814283370971679688e-01,1.000021696090698242e+00,9.988860487937927246e-01
2.468750000000000000e+01,1.551161372709960347e+02,-1.755920797586441040e-01,-1.786500066518783569e-01,1.000021815299987793e+00,9.988853931427001953e-01
2.469999999999999929e+01,1.551946770873357764e+02,-5.653267502784729004e-01,-5.646921396255493164e-01,1.000021815299987793e+00,9.988848567008972168e-01
2.471249999999999858e+01,1.552732169036755181e+02,-8.847497701644897461e-01,-8.828505873680114746e-01,1.000021815299987793e+00,9.988843798637390137e-01
2.472499999999999787e+01,1.553517567200152598e+02,-7.511700987815856934e-01,-7.519273161888122559e-01,1.000021815299987793e+00,9.988839626312255859e-01
2.473749999999999716e+01,1.554302965363550015e+02,-4.251793026924133301e-01,-4.287170767784118652e-01,1.000021815299987793e+00,9.988837242126464844e-01
2.475000000000000355e+01,1.555088363526947717e+02,-3.515217006206512451e-01,-3.546904623508453369e-01,1.000021815299987793e+00,9.988834857940673828e-01
2.476250000000000284e+01,1.555873761690345134e+02,-6.021752357482910156e-01,-6.027557253837585449e-01,1.000021815299987793e+00,9.988833069801330566e-01
2.477500000000000213e+01,1.556659159853742551e+02,-8.920382857322692871e-01,-8.908727765083312988e-01,1.000021815299987793e+00,9.988831281661987305e-01
2.478750000000000142e+01,1.557444558017139968e+02,-9.620352983474731445e-01,-9.615082740783691406e-01,1.000021815299987793e+00,9.988830089569091797e-01
2.480000000000000071e+01,1.558229956180537386e+02,-8.130103349685668945e-01,-8.145307302474975586e-01,1.000021815299987793e+00,9.988829493522644043e-01
2.481250000000000000e+01,1.559015354343934803e+02,-6.241843104362487793e-01,-6.272849440574645996e-01,1.000021934509277344e+00,9.988828897476196289e-01
2.482499999999999929e+01,1.559800752507332220e+02,-5.520674586296081543e-01,-5.552944540977478027e-01,1.000021934509277344e+00,9.988828897476196289e-01
2.483749999999999858e+01,1.560586150670729637e+02,-6.250116825103759766e-01,-6.272115111351013184e-01,1.000021934509277344e+00,9.988827705383300781e-01
2.484999999999999787e+01,1.561371548834127054e+02,-7.727556228637695312e-01,-7.736744284629821777e-01,1.000021934509277344e+00,9.988827705383300781e-01
2.486250000000000071e+01,1.562156946997524756e+02,-9.084860086441040039e-01,-9.085851907730102539e-01,1.000022053718566895e+00,9.988828301429748535e-01
2.487500000000000000e+01,1.562942345160922173e+02,-9.839664101600646973e-01,-9.839208722114562988e-01,1.000022053718566895e+00,9.988827705383300781e-01
2.488749999999999929e+01,1.563727743324319590e+02,-9.968694448471069336e-01,-9.971796274185180664e-01,1.000021934509277344e+00,9.988828301429748535e-01
2.490000000000000213e+01,1.564513141487717007e+02,-9.704674482345581055e-01,-9.713316559791564941e-01,1.000021934509277344e+00,9.988827705383300781e-01
2.491250000000000142e+01,1.565298539651114424e+02,-9.311819672584533691e-01,-9.325632452964782715e-01,1.000022053718566895e+00,9.988828301429748535e-01
2.492500000000000071e+01,1.566083937814511842e+02,-8.964814543724060059e-01,-8.982341885566711426e-01,1.000021934509277344e+00,9.988828301429748535e-01
2.493750000000000000e+01,1.566869335977909259e+02,-8.731011152267456055e-01,-8.750699758529663086e-01,1.000021934509277344e+00,9.988827705383300781e-01
2.494999999999999929e+01,1.567654734141306676e+02,-8.605242371559143066e-01,-8.625942468643188477e-01,1.000021934509277344e+00,9.988827705383300781e-01
2.496249999999999858e+01,1.568440132304704093e+02,-8.552397489547729492e-01,-8.573455214500427246e-01,1.000021934509277344e+00,9.988828301429748535e-01
2.497500000000000142e+01,1.569225530468101795e+02,-8.536586165428161621e-01,-8.557723164558410645e-01,1.000021934509277344e+00,9.988828897476196289e-01
2.498750000000000071e+01,1.570010928631499212e+02,-8.533937931060791016e-01,-8.555077314376831055e-01,1.000021934509277344e+00,9.988828301429748535e-01
2.500000000000000000e+01,1.570796326794896629e+02,-8.533815741539001465e-01,-8.554949760437011719e-01,1.000021934509277344e+00,9.988828301429748535e-01
2.501249999999999929e+01,1.571581724958294046e+02,-8.533686399459838867e-01,-8.554816842079162598e-01,1.000021934509277344e+00,9.988828301429748535e-01
2.502499999999999858e+01,1.572367123121691463e+02,-8.530674576759338379e-01,-8.551806211471557617e-01,1.000021934509277344e+00,9.988828301429748535e-01
2.503750000000000142e+01,1.573152521285088881e+02,-8.511059284210205078e-01,-8.532260060310363770e-01,1.000021934509277344e+00,9.988828301429748535e-01
2.505000000000000071e+01,1.573937919448486298e+02,-8.439311385154724121e-01,-8.460826277732849121e-01,1.000021934509277344e+00,9.988828301429748535e-01
2.506250000000000000e+01,1.574723317611883715e+02,-8.251239657402038574e-01,-8.273612856864929199e-01,1.000022053718566895e+00,9.988828301429748535e-01
2.507499999999999929e+01,1.575508715775281132e+02,-7.860870957374572754e-01,-7.884997725486755371e-01,1.000021934509277344e+00,9.988827109336853027e-01
2.508750000000000213e+01,1.576294113938678834e+02,-7.194428443908691406e-01,-7.221465110778808594e-01,1.000021934509277344e+00,9.988827109336853027e-01
2.510000000000000142e+01,1.577079512102076251e+02,-6.259862184524536133e-01,-6.290739774703979492e-01,1.000022053718566895e+00,9.988825917243957520e-01
2.511250000000000071e+01,1.577864910265473668e+02,-5.236164331436157227e-01,-5.270709991455078125e-01,1.000022053718566895e+00,9.988826513290405273e-01
2.512500000000000000e+01,1.578650308428871085e+02,-4.521281123161315918e-01,-4.557302296161651611e-01,1.000022053718566895e+00,9.988826513290405273e-01
2.513749999999999929e+01,1.579435706592268502e+02,-4.635383784770965576e-01,-4.668409228324890137e-01,1.000022053718566895e+00,9.988825917243957520e-01
2.514999999999999858e+01,1.580221104755665920e+02,-5.901446342468261719e-01,-5.926104784011840820e-01,1.000022053718566895e+00,9.988826513290405273e-01
2.516249999999999787e+01,1.581006502919063337e+02,-7.991297245025634766e-01,-8.004691004753112793e-01,1.000022053718566895e+00,9.988825321197509766e-01
2.517499999999999716e+01,1.581791901082460754e+02,-9.704492688179016113e-01,-9.710010290145874023e-01,1.000022053718566895e+00,9.988824725151062012e-01
2.518750000000000000e+01,1.582577299245858171e+02,-9.482994079589843750e-01,-9.490947127342224121e-01,1.000022172927856445e+00,9.988824129104614258e-01
2.519999999999999929e+01,1.583362697409255588e+02,-6.748456954956054688e-01,-6.770029067993164062e-01,1.000022172927856445e+00,9.988822937011718750e-01
2.521250000000000213e+01,1.584148095572653290e+02,-3.112753927707672119e-01,-3.149478137493133545e-01,1.000022053718566895e+00,9.988821744918823242e-01
2.522500000000000142e+01,1.584933493736050707e+02,-1.771384477615356445e-01,-1.809546947479248047e-01,1.000022053718566895e+00,9.988821148872375488e-01
2.523750000000000071e+01,1.585718891899448124e+02,-4.506400823593139648e-01,-4.526778757572174072e-01,1.000022053718566895e+00,9.988819956779479980e-01
2.525000000000000000e+01,1.586504290062845541e+02,-8.825128078460693359e-01,-8.824082612991333008e-01,1.000022172927856445e+00,9.988818168640136719e-01
2.526249999999999929e+01,1.587289688226242959e+02,-9.487104415893554688e-01,-9.485747814178466797e-01,1.000022172927856445e+00,9.988815784454345703e-01
2.527499999999999858e+01,1.588075086389640376e+02,-4.708402752876281738e-01,-4.731023013591766357e-01,1.000022292137145996e+00,9.988812804222106934e-01
2.528749999999999787e+01,1.588860484553037793e+02,1.075298059731721878e-02,6.683809682726860046e-03,1.000022292137145996e+00,9.988808631896972656e-01
2.529999999999999716e+01,1.589645882716435210e+02,-1.671010702848434448e-01,-1.695580184459686279e-01,1.000022411346435547e+00,9.988804459571838379e-01
2.531249999999999645e+01,1.590431280879832627e+02,-7.842590212821960449e-01,-7.835693955421447754e-01,1.000022530555725098e+00,9.988799095153808594e-01
2.532500000000000284e+01,1.591216679043230329e+02,-8.770067095756530762e-01,-8.763268589973449707e-01,1.000022530555725098e+00,9.988793730735778809e-01
2.533750000000000213e+01,1.592002077206627746e+02,-1.959434300661087036e-01,-1.986092031002044678e-01,1.000022530555725098e+00,9.988784790039062500e-01
2.535000000000000142e+01,1.592787475370025163e+02,2.165843993425369263e-01,2.127928435802459717e-01,1.000022530555725098e+00,9.988776445388793945e-01
2.536250000000000071e+01,1.593572873533422580e+02,-3.408320248126983643e-01,-3.411827087402343750e-01,1.000022530555725098e+00,9.988767504692077637e-01
2.537500000000000000e+01,1.594358271696819997e+02,-8.848315477371215820e-01,-8.829194903373718262e-01,1.000022530555725098e+00,9.988757371902465820e-01
2.538749999999999929e+01,1.595143669860217415e+02,-3.545466065406799316e-01,-3.556943237781524658e-01,1.000022530555725098e+00,9.988745450973510742e-01
2.539999999999999858e+01,1.595929068023614832e+02,3.607792556285858154e-01,3.569540977478027344e-01,1.000022649765014648e+00,9.988732933998107910e-01
2.541249999999999787e+01,1.596714466187012249e+02,-5.797658860683441162e-02,-5.866268277168273926e-02,1.000022649765014648e+00,9.988720417022705078e-01
2.542499999999999716e+01,1.597499864350409666e+02,-7.809911966323852539e-01,-7.784817218780517578e-01,1.000022649765014648e+00,9.988706111907958984e-01
2.543750000000000355e+01,1.598285262513807368e+02,-3.191165328025817871e-01,-3.195973038673400879e-01,1.000022649765014648e+00,9.988690018653869629e-01
2.545000000000000284e+01,1.599070660677204785e+02,4.916698038578033447e-01,4.880884587764739990e-01,1.000022649765014648e+00,9.988673925399780273e-01
2.546250000000000213e+01,1.599856058840602202e+02,6.846844404935836792e-02,6.826515495777130127e-02,1.000022649765014648e+00,9.988657832145690918e-01
2.547500000000000142e+01,1.600641457003999619e+02,-6.834183931350708008e-01,-6.804026365280151367e-01,1.000022768974304199e+00,9.988640546798706055e-01
2.548750000000000071e+01,1.601426855167397036e+02,-1.575755625963211060e-01,-1.580016463994979858e-01,1.000022768974304199e+00,9.988622069358825684e-01
2.550000000000000000e+01,1.602212253330794454e+02,6.326662898063659668e-01,6.294450163841247559e-01,1.000022768974304199e+00,9.988604784011840820e-01
2.551249999999999929e+01,1.602997651494191871e+02,1.189552098512649536e-01,1.196386218070983887e-01,1.000022888183593750e+00,9.988586902618408203e-01
2.552499999999999858e+01,1.603783049657589288e+02,-5.758528709411621094e-01,-5.724654793739318848e-01,1.000022888183593750e+00,9.988569617271423340e-01
2.553749999999999787e+01,1.604568447820986705e+02,3.413588181138038635e-02,3.364008292555809021e-02,1.000023007392883301e+00,9.988550543785095215e-01
2.555000000000000071e+01,1.605353845984384407e+02,7.521815896034240723e-01,7.494542598724365234e-01,1.000023007392883301e+00,9.988533854484558105e-01
2.556250000000000000e+01,1.606139244147781824e+02,1.911556422710418701e-01,1.925721913576126099e-01,1.000022888183593750e+00,9.988517165184020996e-01
2.557499999999999929e+01,1.606924642311179241e+02,-4.436820745468139648e-01,-4.399910569190979004e-01,1.000023007392883301e+00,9.988502860069274902e-01
2.558750000000000213e+01,1.607710040474576658e+02,1.499773114919662476e-01,1.498156934976577759e-01,1.000023007392883301e+00,9.988487362861633301e-01
2.560000000000000142e+01,1.608495438637974075e+02,8.419083952903747559e-01,8.396320343017578125e-01,1.000023126602172852e+00,9.988474249839782715e-01
2.561250000000000071e+01,1.609280836801371493e+02,3.789628744125366211e-01,3.804534077644348145e-01,1.000023245811462402e+00,9.988460540771484375e-01
2.562500000000000000e+01,1.610066234964768910e+02,-2.785196304321289062e-01,-2.744616270065307617e-01,1.000023245811462402e+00,9.988449811935424805e-01
2.563749999999999929e+01,1.610851633128166327e+02,1.078317835927009583e-01,1.088527664542198181e-01,1.000023245811462402e+00,9.988439679145812988e-01
2.564999999999999858e+01,1.611637031291563744e+02,8.486725687980651855e-01,8.468641638755798340e-01,1.000023365020751953e+00,9.988430142402648926e-01
2.566250000000000142e+01,1.612422429454961446e+02,7.190726995468139648e-01,7.195762395858764648e-01,1.000023365020751953e+00,9.988421797752380371e-01
2.567500000000000071e+01,1.613207827618358863e+02,4.000460729002952576e-02,4.395318403840065002e-02,1.000023484230041504e+00,9.988414049148559570e-01
2.568750000000000000e+01,1.613993225781756280e+02,-4.446873441338539124e-02,-4.129619523882865906e-02,1.000023365020751953e+00,9.988406896591186523e-01
2.569999999999999929e+01,1.614778623945153697e+02,5.720033049583435059e-01,5.718611478805541992e-01,1.000023484230041504e+00,9.988402128219604492e-01
2.571249999999999858e+01,1.615564022108551114e+02,9.777032136917114258e-01,9.768049120903015137e-01,1.000023484230041504e+00,9.988397359848022461e-01
2.572499999999999787e+01,1.616349420271948532e+02,6.844549179077148438e-01,6.861936450004577637e-01,1.000023484230041504e+00,9.988393187522888184e-01
2.573750000000000071e+01,1.617134818435345949e+02,1.804820001125335693e-01,1.845811903476715088e-01,1.000023484230041504e+00,9.988390207290649414e-01
2.575000000000000000e+01,1.617920216598743366e+02,1.194868087768554688e-01,1.229846179485321045e-01,1.000023484230041504e+00,9.988388419151306152e-01
2.576249999999999929e+01,1.618705614762140783e+02,5.265749692916870117e-01,5.276977419853210449e-01,1.000023484230041504e+00,9.988386631011962891e-01
2.577500000000000213e+01,1.619491012925538485e+02,9.287570714950561523e-01,9.285364151000976562e-01,1.000023484230041504e+00,9.988385438919067383e-01
2.578750000000000142e+01,1.620276411088935902e+02,9.651235938072204590e-01,9.657398462295532227e-01,1.000023484230041504e+00,9.988384246826171875e-01
2.580000000000000071e+01,1.621061809252333319e+02,6.906943321228027344e-01,6.932400465011596680e-01,1.000023484230041504e+00,9.988383054733276367e-01
2.581250000000000000e+01,1.621847207415730736e+02,3.997904360294342041e-01,4.036625623703002930e-01,1.000023484230041504e+00,9.988383054733276367e-01
2.582499999999999929e+01,1.622632605579128153e+02,3.136720657348632812e-01,3.175039291381835938e-01,1.000023484230041504e+00,9.988381862640380859e-01
2.583749999999999858e+01,1.623418003742525570e+02,4.459969103336334229e-01,4.488218128681182861e-01,1.000023603439331055e+00,9.988381266593933105e-01
2.584999999999999787e+01,1.624203401905922988e+02,6.721131801605224609e-01,6.738129854202270508e-01,1.000023603439331055e+00,9.988380670547485352e-01
2.586249999999999716e+01,1.624988800069320405e+02,8.599970340728759766e-01,8.610602021217346191e-01,1.000023603439331055e+00,9.988380670547485352e-01
2.587499999999999645e+01,1.625774198232717822e+02,9.465761780738830566e-01,9.476240873336791992e-01,1.000023603439331055e+00,9.988380670547485352e-01
2.588750000000000284e+01,1.626559596396115523e+02,9.390909075736999512e-01,9.405462741851806641e-01,1.000023603439331055e+00,9.988380670547485352e-01
2.590000000000000213e+01,1.627344994559512941e+02,8.789532780647277832e-01,8.809544444084167480e-01,1.000023722648620605e+00,9.988380670547485352e-01
2.591250000000000142e+01,1.628130392722910358e+02,8.073358535766601562e-01,8.098155260086059570e-01,1.000023722648620605e+00,9.988380670547485352e-01
2.592500000000000071e+01,1.628915790886307775e+02,7.489035129547119141e-01,7.517117857933044434e-01,1.000023722648620605e+00,9.988380670547485352e-01
2.593750000000000000e+01,1.629701189049705192e+02,7.113137841224670410e-01,7.143052816390991211e-01,1.000023841857910156e+00,9.988380670547485352e-01
2.594999999999999929e+01,1.630486587213102609e+02,6.917586326599121094e-01,6.948309540748596191e-01,1.000023722648620605e+00,9.988381862640380859e-01
2.596249999999999858e+01,1.631271985376500027e+02,6.837636232376098633e-01,6.868607997894287109e-01,1.000023722648620605e+00,9.988380670547485352e-01
2.597499999999999787e+01,1.632057383539897444e+02,6.814281940460205078e-01,6.845287084579467773e-01,1.000023603439331055e+00,9.988381266593933105e-01
2.598749999999999716e+01,1.632842781703294861e+02,6.810455322265625000e-01,6.841449141502380371e-01,1.000023603439331055e+00,9.988381862640380859e-01
2.600000000000000355e+01,1.633628179866692562e+02,6.810281276702880859e-01,6.841269135475158691e-01,1.000023603439331055e+00,9.988380670547485352e-01
2.601250000000000284e+01,1.634413578030089980e+02,6.810101866722106934e-01,6.841083168983459473e-01,1.000023722648620605e+00,9.988380670547485352e-01
2.602500000000000213e+01,1.635198976193487397e+02,6.805984973907470703e-01,6.836952567100524902e-01,1.000023722648620605e+00,9.988380670547485352e-01
2.603750000000000142e+01,1.635984374356884814e+02,6.779596209526062012e-01,6.810582280158996582e-01,1.000023722648620605e+00,9.988381266593933105e-01
2.605000000000000071e+01,1.636769772520282231e+02,6.684557795524597168e-01,6.715731024742126465e-01,1.000023722648620605e+00,9.988380670547485352e-01
2.606250000000000000e+01,1.637555170683679648e+02,6.439290642738342285e-01,6.471043229103088379e-01,1.000023722648620605e+00,9.988381266593933105e-01
2.607499999999999929e+01,1.638340568847077066e+02,5.938446521759033203e-01,5.971448421478271484e-01,1.000023722648620605e+00,9.988381266593933105e-01
2.608749999999999858e+01,1.639125967010474483e+02,5.099213719367980957e-01,5.134315490722656250e-01,1.000023603439331055e+00,9.988380670547485352e-01
2.609999999999999787e+01,1.639911365173871900e+02,3.950741589069366455e-01,3.988662064075469971e-01,1.000023722648620605e+00,9.988380670547485352e-01
2.611249999999999716e+01,1.640696763337269317e+02,2.743108570575714111e-01,2.783738374710083008e-01,1.000023722648620605e+00,9.988380074501037598e-01
2.612500000000000355e+01,1.641482161500667019e+02,1.994778364896774292e-01,2.036427557468414307e-01,1.000023722648620605e+00,9.988379478454589844e-01
2.613750000000000284e+01,1.642267559664064436e+02,2.349269241094589233e-01,2.388468086719512939e-01,1.000023841857910156e+00,9.988380074501037598e-01
2.615000000000000213e+01,1.643052957827461853e+02,4.155285358428955078e-01,4.187833070755004883e-01,1.000023722648620605e+00,9.988380074501037598e-01
2.616250000000000142e+01,1.643838355990859270e+02,6.905193328857421875e-01,6.928719282150268555e-01,1.000023722648620605e+00,9.988379478454589844e-01
2.617500000000000071e+01,1.644623754154256687e+02,9.013519883155822754e-01,9.030505418777465820e-01,1.000023722648620605e+00,9.988379478454589844e-01
2.618750000000000000e+01,1.645409152317654105e+02,8.551053404808044434e-01,8.569443821907043457e-01,1.000023841857910156e+00,9.988378882408142090e-01
2.619999999999999929e+01,1.646194550481051522e+02,4.966645538806915283e-01,4.995179772377014160e-01,1.000023722648620605e+00,9.988377094268798828e-01
2.621249999999999858e+01,1.646979948644448939e+02,5.102427303791046143e-02,5.502369254827499390e-02,1.000023841857910156e+00,9.988375902175903320e-01
2.622499999999999787e+01,1.647765346807846356e+02,-7.551180571317672729e-02,-7.141343504190444946e-02,1.000023841857910156e+00,9.988374710083007812e-01
2.623750000000000071e+01,1.648550744971244058e+02,3.136160969734191895e-01,3.163150846958160400e-01,1.000023961067199707e+00,9.988372325897216797e-01
2.625000000000000000e+01,1.649336143134641475e+02,8.653208017349243164e-01,8.663054108619689941e-01,1.000023961067199707e+00,9.988370537757873535e-01
2.626249999999999929e+01,1.650121541298038892e+02,9.159282445907592773e-01,9.168211221694946289e-01,1.000023841857910156e+00,9.988368153572082520e-01
2.627500000000000213e+01,1.650906939461436309e+02,2.907457053661346436e-01,2.934443354606628418e-01,1.000023841857910156e+00,9.988365173339843750e-01
2.628750000000000142e+01,1.651692337624833726e+02,-2.802191376686096191e-01,-2.761511802673339844e-01,1.000023841857910156e+00,9.988361597061157227e-01
2.630000000000000071e+01,1.652477735788231143e+02,1.251194067299365997e-02,1.530465763062238693e-02,1.000023841857910156e+00,9.988357424736022949e-01
2.631250000000000000e+01,1.653263133951628561e+02,8.104701042175292969e-01,8.107692003250122070e-01,1.000023961067199707e+00,9.988351464271545410e-01
2.632499999999999929e+01,1.654048532115025978e+02,8.816402554512023926e-01,8.818891048431396484e-01,1.000023961067199707e+00,9.988345503807067871e-01
2.633749999999999858e+01,1.654833930278423395e+02,1.412866404280066490e-03,4.207176156342029572e-03,1.000023961067199707e+00,9.988338351249694824e-01
2.635000000000000142e+01,1.655619328441821096e+02,-4.541945159435272217e-01,-4.505899846553802490e-01,1.000023961067199707e+00,9.988330006599426270e-01
2.636250000000000071e+01,1.656404726605218514e+02,3.171822428703308105e-01,3.180565536022186279e-01,1.000023961067199707e+00,9.988320469856262207e-01
2.637500000000000000e+01,1.657190124768615931e+02,9.773185849189758301e-01,9.764122962951660156e-01,1.000023961067199707e+00,9.988309741020202637e-01
2.638749999999999929e+01,1.657975522932013348e+02,2.565253078937530518e-01,2.579677999019622803e-01,1.000024080276489258e+00,9.988297224044799805e-01
2.639999999999999858e+01,1.658760921095410765e+02,-5.990884304046630859e-01,-5.956667661666870117e-01,1.000024080276489258e+00,9.988285303115844727e-01
2.641249999999999787e+01,1.659546319258808182e+02,1.766921021044254303e-02,1.854090392589569092e-02,1.000024080276489258e+00,9.988270998001098633e-01
2.642500000000000071e+01,1.660331717422205600e+02,9.171112775802612305e-01,9.155092239379882812e-01,1.000024080276489258e+00,9.988257288932800293e-01
2.643750000000000000e+01,1.661117115585603017e+02,2.721953094005584717e-01,2.729465365409851074e-01,1.000024080276489258e+00,9.988241791725158691e-01
2.644999999999999929e+01,1.661902513749000434e+02,-7.075970172882080078e-01,-7.045845389366149902e-01,1.000024080276489258e+00,9.988225102424621582e-01
2.646250000000000213e+01,1.662687911912398135e+02,-7.912967354059219360e-02,-7.891713827848434448e-02,1.000024080276489258e+00,9.988209009170532227e-01
2.647500000000000142e+01,1.663473310075795553e+02,8.541994690895080566e-01,8.519778847694396973e-01,1.000024080276489258e+00,9.988191127777099609e-01
2.648750000000000071e+01,1.664258708239192970e+02,1.276633292436599731e-01,1.282013058662414551e-01,1.000024080276489258e+00,9.988173246383666992e-01
2.650000000000000000e+01,1.665044106402590387e+02,-8.181923627853393555e-01,-8.157028555870056152e-01,1.000024199485778809e+00,9.988155364990234375e-01
2.651249999999999929e+01,1.665829504565987804e+02,-7.771991193294525146e-02,-7.848624885082244873e-02,1.000024080276489258e+00,9.988137483596801758e-01
2.652499999999999858e+01,1.666614902729385221e+02,7.743452787399291992e-01,7.716240882873535156e-01,1.000024080276489258e+00,9.988120794296264648e-01
2.653749999999999787e+01,1.667400300892782639e+02,-5.356067419052124023e-02,-5.314226448535919189e-02,1.000024080276489258e+00,9.988104701042175293e-01
2.654999999999999716e+01,1.668185699056180056e+02,-9.010073542594909668e-01,-8.991575241088867188e-01,1.000024080276489258e+00,9.988088011741638184e-01
2.656249999999999645e+01,1.668971097219577473e+02,-1.067146211862564087e-01,-1.083351448178291321e-01,1.000024080276489258e+00,9.988071918487548828e-01
2.657500000000000284e+01,1.669756495382975174e+02,6.666910052299499512e-01,6.635200977325439453e-01,1.000024080276489258e+00,9.988056421279907227e-01
2.658750000000000213e+01,1.670541893546372592e+02,-1.366418302059173584e-01,-1.366640180349349976e-01,1.000024080276489258e+00,9.988041520118713379e-01
2.660000000000000142e+01,1.671327291709770009e+02,-9.562834501266479492e-01,-9.549971818923950195e-01,1.000024199485778809e+00,9.988027811050415039e-01
2.661250000000000071e+01,1.672112689873167426e+02,-2.881152927875518799e-01,-2.900553941726684570e-01,1.000024199485778809e+00,9.988014698028564453e-01
2.662500000000000000e+01,1.672898088036564843e+02,5.271792411804199219e-01,5.234441757202148438e-01,1.000024318695068359e+00,9.988003373146057129e-01
2.663749999999999929e+01,1.673683486199962260e+02,-1.584256812930107117e-02,-1.697641797363758087e-02,1.000024318695068359e+00,9.987992644309997559e-01
2.664999999999999858e+01,1.674468884363359678e+02,-9.234383106231689453e-01,-9.226258993148803711e-01,1.000024318695068359e+00,9.987983703613281250e-01
2.666249999999999787e+01,1.675254282526757095e+02,-6.779635548591613770e-01,-6.793335676193237305e-01,1.000024437904357910e+00,9.987974762916564941e-01
2.667499999999999716e+01,1.676039680690154512e+02,2.007952779531478882e-01,1.967876255512237549e-01,1.000024437904357910e+00,9.987967014312744141e-01
2.668750000000000355e+01,1.676825078853552213e+02,2.612838149070739746e-01,2.581796646118164062e-01,1.000024437904357910e+00,9.987961053848266602e-01
2.670000000000000284e+01,1.677610477016949631e+02,-5.361395478248596191e-01,-5.366498827934265137e-01,1.000024437904357910e+00,9.987955689430236816e-01
2.671250000000000213e+01,1.678395875180347048e+02,-9.980971217155456543e-01,-9.983583092689514160e-01,1.000024557113647461e+00,9.987950325012207031e-01
2.672500000000000142e+01,1.679181273343744465e+02,-5.670151710510253906e-01,-5.695914626121520996e-01,1.000024557113647461e+00,9.987946748733520508e-01
2.673750000000000071e+01,1.679966671507141882e+02,7.756909728050231934e-02,7.324293255805969238e-02,1.000024676322937012e+00,9.987943172454833984e-01
2.675000000000000000e+01,1.680752069670539299e+02,1.214572861790657043e-01,1.178365275263786316e-01,1.000024676322937012e+00,9.987940788269042969e-01
2.676249999999999929e+01,1.681537467833936716e+02,-4.118179380893707275e-01,-4.135310947895050049e-01,1.000024676322937012e+00,9.987939000129699707e-01
2.677499999999999858e+01,1.682322865997334134e+02,-8.965148329734802246e-01,-8.973789811134338379e-01,1.000024676322937012e+00,9.987937211990356445e-01
2.678749999999999787e+01,1.683108264160731551e+02,-8.966138958930969238e-01,-8.983871340751647949e-01,1.000024676322937012e+00,9.987936615943908691e-01
2.679999999999999716e+01,1.683893662324128968e+02,-5.171745419502258301e-01,-5.205623507499694824e-01,1.000024676322937012e+00,9.987936019897460938e-01
2.681250000000000000e+01,1.684679060487526669e+02,-1.457630246877670288e-01,-1.501189917325973511e-01,1.000024676322937012e+00,9.987936019897460938e-01
2.682500000000000284e+01,1.685464458650924087e+02,-5.198752135038375854e-02,-5.618111416697502136e-02,1.000024676322937012e+00,9.987934827804565430e-01
2.683750000000000213e+01,1.686249856814321504e+02,-2.338411659002304077e-01,-2.371678948402404785e-01,1.000024795532226562e+00,9.987934827804565430e-01
2.685000000000000142e+01,1.687035254977718921e+02,-5.215407609939575195e-01,-5.240114331245422363e-01,1.000024795532226562e+00,9.987935423851013184e-01
2.686250000000000071e+01,1.687820653141116338e+02,-7.476488351821899414e-01,-7.497150897979736328e-01,1.000024676322937012e+00,9.987934827804565430e-01
2.687500000000000000e+01,1.688606051304513755e+02,-8.389248251914978027e-01,-8.410891890525817871e-01,1.000024795532226562e+00,9.987934231758117676e-01
2.688749999999999929e+01,1.689391449467911173e+02,-8.116266727447509766e-01,-8.141978383064270020e-01,1.000024795532226562e+00,9.987934231758117676e-01
2.689999999999999858e+01,1.690176847631308590e+02,-7.222293615341186523e-01,-7.252789139747619629e-01,1.000024795532226562e+00,9.987934231758117676e-01
2.691249999999999787e+01,1.690962245794706007e+02,-6.235967874526977539e-01,-6.270416975021362305e-01,1.000024795532226562e+00,9.987934827804565430e-01
2.692500000000000071e+01,1.691747643958103708e+02,-5.457680821418762207e-01,-5.494702458381652832e-01,1.000024795532226562e+00,9.987935423851013184e-01
2.693750000000000000e+01,1.692533042121501126e+02,-4.967555403709411621e-01,-5.005938410758972168e-01,1.000024795532226562e+00,9.987934827804565430e-01
2.694999999999999929e+01,1.693318440284898543e+02,-4.716705381870269775e-01,-4.755648672580718994e-01,1.000024795532226562e+00,9.987934231758117676e-01
2.696249999999999858e+01,1.694103838448295960e+02,-4.615551531314849854e-01,-4.654645621776580811e-01,1.000024795532226562e+00,9.987934827804565430e-01
2.697500000000000142e+01,1.694889236611693377e+02,-4.586372673511505127e-01,-4.625464379787445068e-01,1.000024795532226562e+00,9.987935423851013184e-01
2.698750000000000071e+01,1.695674634775090794e+02,-4.581645727157592773e-01,-4.620716869831085205e-01,1.000024676322937012e+00,9.987934827804565430e-01
2.700000000000000000e+01,1.696460032938488212e+02,-4.581432640552520752e-01,-4.620496630668640137e-01,1.000024676322937012e+00,9.987934827804565430e-01
2.701249999999999929e+01,1.697245431101885629e+02,-4.581215083599090576e-01,-4.620272517204284668e-01,1.000024676322937012e+00,9.987934231758117676e-01
2.702499999999999858e+01,1.698030829265283046e+02,-4.576293528079986572e-01,-4.615329205989837646e-01,1.000024676322937012e+00,9.987934231758117676e-01
2.703750000000000142e+01,1.698816227428680747e+02,-4.545071423053741455e-01,-4.584088921546936035e-01,1.000024676322937012e+00,9.987934827804565430e-01
2.705000000000000071e+01,1.699601625592078165e+02,-4.433777332305908203e-01,-4.472852051258087158e-01,1.000024795532226562e+00,9.987935423851013184e-01
2.706250000000000000e+01,1.700387023755475582e+02,-4.149479269981384277e-01,-4.188829362392425537e-01,1.000024676322937012e+00,9.987935423851013184e-01
2.707499999999999929e+01,1.701172421918872999e+02,-3.575290739536285400e-01,-3.615286946296691895e-01,1.000024676322937012e+00,9.987934827804565430e-01
2.708749999999999858e+01,1.701957820082270416e+02,-2.625509500503540039e-01,-2.666611969470977783e-01,1.000024676322937012e+00,9.987934827804565430e-01
2.709999999999999787e+01,1.702743218245667833e+02,-1.348397880792617798e-01,-1.390941292047500610e-01,1.000024676322937012e+00,9.987934827804565430e-01
2.711250000000000071e+01,1.703528616409065251e+02,-4.658299963921308517e-03,-9.043754078447818756e-03,1.000024676322937012e+00,9.987934827804565430e-01
2.712500000000000000e+01,1.704314014572462668e+02,6.794759631156921387e-02,6.353988498449325562e-02,1.000024676322937012e+00,9.987934827804565430e-01
2.713749999999999929e+01,1.705099412735860085e+02,1.106873806565999985e-02,6.853495724499225616e-03,1.000024676322937012e+00,9.987934827804565430e-01
2.715000000000000213e+01,1.705884810899257786e+02,-2.101412862539291382e-01,-2.139131873846054077e-01,1.000024676322937012e+00,9.987934827804565430e-01
2.716250000000000142e+01,1.706670209062655204e+02,-5.307196378707885742e-01,-5.339149832725524902e-01,1.000024676322937012e+00,9.987935423851013184e-01
2.717500000000000071e+01,1.707455607226052621e+02,-7.653868794441223145e-01,-7.681639790534973145e-01,1.000024676322937012e+00,9.987934827804565430e-01
2.718750000000000000e+01,1.708241005389450038e+02,-6.984373331069946289e-01,-7.012777328491210938e-01,1.000024676322937012e+00,9.987934231758117676e-01
2.719999999999999929e+01,1.709026403552847455e+02,-2.815907597541809082e-01,-2.850112020969390869e-01,1.000024557113647461e+00,9.987933635711669922e-01
2.721249999999999858e+01,1.709811801716244872e+02,2.130291759967803955e-01,2.089769095182418823e-01,1.000024676322937012e+00,9.987933039665222168e-01
2.722499999999999787e+01,1.710597199879642289e+02,3.225177228450775146e-01,3.184901475906372070e-01,1.000024676322937012e+00,9.987931847572326660e-01
2.723749999999999716e+01,1.711382598043039707e+02,-1.533958613872528076e-01,-1.565028876066207886e-01,1.000024795532226562e+00,9.987929463386535645e-01
2.724999999999999645e+01,1.712167996206437124e+02,-7.839544415473937988e-01,-7.859880924224853516e-01,1.000024795532226562e+00,9.987928271293640137e-01
2.726250000000000284e+01,1.712953394369834825e+02,-8.151486515998840332e-01,-8.171133995056152344e-01,1.000024795532226562e+00,9.987926483154296875e-01
2.727500000000000213e+01,1.713738792533232242e+02,-8.902443945407867432e-02,-9.204242378473281860e-02,1.000024795532226562e+00,9.987922906875610352e-01
2.728750000000000142e+01,1.714524190696629660e+02,5.288858413696289062e-01,5.251458287239074707e-01,1.000024795532226562e+00,9.987919330596923828e-01
2.730000000000000071e+01,1.715309588860027077e+02,1.429307609796524048e-01,1.400860995054244995e-01,1.000024795532226562e+00,9.987914562225341797e-01
2.731250000000000000e+01,1.716094987023424494e+02,-7.765824198722839355e-01,-7.778703570365905762e-01,1.000024914741516113e+00,9.987909197807312012e-01
2.732499999999999929e+01,1.716880385186821911e+02,-8.208080530166625977e-01,-8.220868706703186035e-01,1.000025033950805664e+00,9.987903237342834473e-01
2.733749999999999858e+01,1.717665783350219328e+02,1.932764202356338501e-01,1.904989033937454224e-01,1.000025033950805664e+00,9.987895488739013672e-01
2.734999999999999787e+01,1.718451181513616746e+02,6.580696105957031250e-01,6.549848318099975586e-01,1.000025033950805664e+00,9.987887144088745117e-01
2.736249999999999716e+01,1.719236579677014163e+02,-2.700684070587158203e-01,-2.713512778282165527e-01,1.000024914741516113e+00,9.987878203392028809e-01
2.737500000000000355e+01,1.720021977840411864e+02,-9.972739815711975098e-01,-9.975305795669555664e-01,1.000024914741516113e+00,9.987868070602416992e-01
2.738750000000000284e+01,1.720807376003809281e+02,-1.393946260213851929e-01,-1.411268562078475952e-01,1.000024914741516113e+00,9.987856149673461914e-01
2.740000000000000213e+01,1.721592774167206699e+02,7.929346561431884766e-01,7.902229428291320801e-01,1.000024914741516113e+00,9.987843036651611328e-01
2.741250000000000142e+01,1.722378172330604116e+02,2.386512421071529388e-02,2.295882068574428558e-02,1.000024914741516113e+00,9.987829923629760742e-01
2.742500000000000071e+01,1.723163570494001533e+02,-9.851781129837036133e-01,-9.846748113632202148e-01,1.000025033950805664e+00,9.987816214561462402e-01
2.743750000000000000e+01,1.723948968657398950e+02,-2.049909681081771851e-01,-2.060702592134475708e-01,1.000025153160095215e+00,9.987800121307373047e-01
2.744999999999999929e+01,1.724734366820796367e+02,8.710151314735412598e-01,8.688494563102722168e-01,1.000025153160095215e+00,9.987784028053283691e-01
2.746249999999999858e+01,1.725519764984193785e+02,8.382727950811386108e-02,8.372230827808380127e-02,1.000025153160095215e+00,9.987766742706298828e-01
2.747499999999999787e+01,1.726305163147591202e+02,-9.615933895111083984e-01,-9.603985548019409180e-01,1.000025153160095215e+00,9.987750053405761719e-01
2.748750000000000071e+01,1.727090561310988903e+02,-8.818408846855163574e-02,-8.890074491500854492e-02,1.000025153160095215e+00,9.987733364105224609e-01
2.750000000000000000e+01,1.727875959474386320e+02,9.429953694343566895e-01,9.414951801300048828e-01,1.000025033950805664e+00,9.987715482711791992e-01
2.751250000000000284e+01,1.728661357637783738e+02,3.062147088348865509e-02,3.151929378509521484e-02,1.000025033950805664e+00,9.987698197364807129e-01
2.752500000000000213e+01,1.729446755801181155e+02,-9.153647422790527344e-01,-9.135837554931640625e-01,1.000025033950805664e+00,9.987680315971374512e-01
2.753750000000000142e+01,1.730232153964578572e+02,6.910645216703414917e-02,6.870360672473907471e-02,1.000025033950805664e+00,9.987663626670837402e-01
2.755000000000000071e+01,1.731017552127975989e+02,9.829630851745605469e-01,9.822106957435607910e-01,1.000025153160095215e+00,9.987645745277404785e-01
2.756250000000000000e+01,1.731802950291373406e+02,1.426185108721256256e-02,1.607179827988147736e-02,1.000025153160095215e+00,9.987629652023315430e-01
2.757499999999999929e+01,1.732588348454770824e+02,-8.402143120765686035e-01,-8.378621935844421387e-01,1.000025153160095215e+00,9.987614154815673828e-01
2.758749999999999858e+01,1.733373746618168241e+02,1.132666841149330139e-01,1.133816316723823547e-01,1.000025153160095215e+00,9.987599253654479980e-01
2.760000000000000142e+01,1.734159144781565942e+02,9.996935129165649414e-01,9.995741248130798340e-01,1.000025033950805664e+00,9.987586140632629395e-01
2.761250000000000071e+01,1.734944542944963359e+02,1.757984906435012817e-01,1.781611740589141846e-01,1.000025033950805664e+00,9.987573623657226562e-01
2.762500000000000000e+01,1.735729941108360777e+02,-7.367138862609863281e-01,-7.336242794990539551e-01,1.000025153160095215e+00,9.987562298774719238e-01
2.763749999999999929e+01,1.736515339271758194e+02,-7.722534239292144775e-02,-7.615788280963897705e-02,1.000025153160095215e+00,9.987550973892211914e-01
2.764999999999999858e+01,1.737300737435155611e+02,9.297135472297668457e-01,9.299995899200439453e-01,1.000025272369384766e+00,9.987541437149047852e-01
2.766250000000000142e+01,1.738086135598553028e+02,5.864729285240173340e-01,5.887422561645507812e-01,1.000025153160095215e+00,9.987533092498779297e-01
2.767500000000000071e+01,1.738871533761950445e+02,-4.267365634441375732e-01,-4.229364693164825439e-01,1.000025153160095215e+00,9.987525939941406250e-01
2.768750000000000000e+01,1.739656931925347862e+02,-4.586400091648101807e-01,-4.559260010719299316e-01,1.000025272369384766e+00,9.987520575523376465e-01
2.769999999999999929e+01,1.740442330088745280e+02,4.605820775032043457e-01,4.616596996784210205e-01,1.000025391578674316e+00,9.987515807151794434e-01
2.771249999999999858e+01,1.741227728252142697e+02,9.444257020950317383e-01,9.459125399589538574e-01,1.000025391578674316e+00,9.987510442733764648e-01
2.772500000000000142e+01,1.742013126415540398e+02,4.074339270591735840e-01,4.107751846313476562e-01,1.000025391578674316e+00,9.987507462501525879e-01
2.773750000000000071e+01,1.742798524578937815e+02,-3.298895061016082764e-01,-3.256330788135528564e-01,1.000025391578674316e+00,9.987505078315734863e-01
2.775000000000000000e+01,1.743583922742335233e+02,-3.533314168453216553e-01,-3.499219119548797607e-01,1.000025510787963867e+00,9.987502694129943848e-01
2.776249999999999929e+01,1.744369320905732650e+02,2.665847837924957275e-01,2.687132954597473145e-01,1.000025510787963867e+00,9.987500309944152832e-01
2.777499999999999858e+01,1.745154719069130067e+02,7.977825999259948730e-01,7.997062802314758301e-01,1.000025510787963867e+00,9.987499117851257324e-01
2.778749999999999787e+01,1.745940117232527484e+02,7.615457177162170410e-01,7.644462585449218750e-01,1.000025510787963867e+00,9.987497925758361816e-01
2.779999999999999716e+01,1.746725515395924901e+02,3.052297830581665039e-01,3.093009591102600098e-01,1.000025510787963867e+00,9.987497329711914062e-01
2.781250000000000000e+01,1.747510913559322319e+02,-1.191025078296661377e-01,-1.145491078495979309e-01,1.000025510787963867e+00,9.987496137619018555e-01
2.782499999999999929e+01,1.748296311722719736e+02,-2.135293483734130859e-01,-2.093031853437423706e-01,1.000025510787963867e+00,9.987495541572570801e-01
2.783750000000000213e+01,1.749081709886117437e+02,4.389956127852201462e-03,7.937439717352390289e-03,1.000025510787963867e+00,9.987494945526123047e-01
2.785000000000000142e+01,1.749867108049514854e+02,3.323325216770172119e-01,3.353704214096069336e-01,1.000025629997253418e+00,9.987494945526123047e-01
2.786250000000000071e+01,1.750652506212912272e+02,5.798678398132324219e-01,5.828016996383666992e-01,1.000025510787963867e+00,9.987494349479675293e-01
2.787500000000000000e+01,1.751437904376309689e+02,6.690423488616943359e-01,6.722138524055480957e-01,1.000025629997253418e+00,9.987495541572570801e-01
2.788749999999999929e+01,1.752223302539707106e+02,6.239373683929443359e-01,6.275027394294738770e-01,1.000025629997253418e+00,9.987495541572570801e-01
2.789999999999999858e+01,1.753008700703104523e+02,5.119014382362365723e-01,5.158473253250122070e-01,1.000025629997253418e+00,9.987494945526123047e-01
2.791249999999999787e+01,1.753794098866501940e+02,3.935728073120117188e-01,3.977943062782287598e-01,1.000025629997253418e+00,9.987495541572570801e-01
2.792499999999999716e+01,1.754579497029899358e+02,3.021237254142761230e-01,3.065045475959777832e-01,1.000025629997253418e+00,9.987496137619018555e-01
2.793749999999999645e+01,1.755364895193296775e+02,2.453301101922988892e-01,2.497811764478683472e-01,1.000025629997253418e+00,9.987496137619018555e-01
2.795000000000000284e+01,1.756150293356694476e+02,2.165810316801071167e-01,2.210523337125778198e-01,1.000025629997253418e+00,9.987496137619018555e-01
2.796250000000000213e+01,1.756935691520091893e+02,2.050994634628295898e-01,2.095702439546585083e-01,1.000025629997253418e+00,9.987495541572570801e-01
2.797500000000000142e+01,1.757721089683489311e+02,2.018169760704040527e-01,2.062824219465255737e-01,1.000025629997253418e+00,9.987495541572570801e-01
2.798750000000000071e+01,1.758506487846886728e+02,2.012900561094284058e-01,2.057521641254425049e-01,1.000025749206542969e+00,9.987494945526123047e-01
2.800000000000000000e+01,1.759291886010284145e+02,2.012664526700973511e-01,2.057276070117950439e-01,1.000025749206542969e+00,9.987494945526123047e-01
2.801249999999999929e+01,1.760077284173681562e+02,2.012427449226379395e-01,2.057029157876968384e-01,1.000025749206542969e+00,9.987494945526123047e-01
2.802499999999999858e+01,1.760862682337078979e+02,2.007072418928146362e-01,2.051639109849929810e-01,1.000025749206542969e+00,9.987494945526123047e-01
2.803749999999999787e+01,1.761648080500476397e+02,1.973352730274200439e-01,2.017844766378402710e-01,1.000025749206542969e+00,9.987494945526123047e-01
2.804999999999999716e+01,1.762433478663873814e+02,1.854083538055419922e-01,1.898467242717742920e-01,1.000025749206542969e+00,9.987494945526123047e-01
2.806250000000000355e+01,1.763218876827271515e+02,1.551889926195144653e-01,1.596161574125289917e-01,1.000025749206542969e+00,9.987494945526123047e-01
2.807500000000000284e+01,1.764004274990668932e+02,9.470083564519882202e-02,9.911815822124481201e-02,1.000025749206542969e+00,9.987494945526123047e-01
2.808750000000000213e+01,1.764789673154066350e+02,-4.281752742826938629e-03,1.279130665352568030e-04,1.000025868415832520e+00,9.987494945526123047e-01
2.810000000000000142e+01,1.765575071317463767e+02,-1.353851705789566040e-01,-1.309843808412551880e-01,1.000025749206542969e+00,9.987494349479675293e-01
2.811250000000000071e+01,1.766360469480861184e+02,-2.653372287750244141e-01,-2.609539926052093506e-01,1.000025749206542969e+00,9.987494945526123047e-01
2.812500000000000000e+01,1.767145867644258601e+02,-3.303457796573638916e-01,-3.260096013545989990e-01,1.000025868415832520e+00,9.987494945526123047e-01
2.813749999999999929e+01,1.767931265807656018e+02,-2.562804818153381348e-01,-2.520428299903869629e-01,1.000025749206542969e+00,9.987494349479675293e-01
2.814999999999999858e+01,1.768716663971053435e+02,-1.089259423315525055e-02,-6.811025552451610565e-03,1.000025749206542969e+00,9.987494349479675293e-01
2.816249999999999787e+01,1.769502062134450853e+02,3.314923942089080811e-01,3.353871405124664307e-01,1.000025749206542969e+00,9.987493753433227539e-01
2.817500000000000071e+01,1.770287460297848554e+02,5.726078152656555176e-01,5.763436555862426758e-01,1.000025749206542969e+00,9.987493157386779785e-01
2.818750000000000000e+01,1.771072858461245971e+02,4.899660050868988037e-01,4.936337471008300781e-01,1.000025868415832520e+00,9.987492561340332031e-01
2.820000000000000284e+01,1.771858256624643388e+02,4.567011073231697083e-02,4.938098043203353882e-02,1.000025868415832520e+00,9.987491965293884277e-01
2.821250000000000213e+01,1.772643654788040806e+02,-4.612472057342529297e-01,-4.574852883815765381e-01,1.000025868415832520e+00,9.987489581108093262e-01
2.822500000000000142e+01,1.773429052951438223e+02,-5.456221103668212891e-01,-5.419553518295288086e-01,1.000025868415832520e+00,9.987488985061645508e-01
2.823750000000000071e+01,1.774214451114835640e+02,-1.828109472990036011e-02,-1.490552164614200592e-02,1.000025868415832520e+00,9.987487792968750000e-01
2.825000000000000000e+01,1.774999849278233057e+02,6.443721055984497070e-01,6.474167108535766602e-01,1.000025868415832520e+00,9.987486004829406738e-01
2.826249999999999929e+01,1.775785247441630474e+02,6.539118289947509766e-01,6.568421125411987305e-01,1.000025868415832520e+00,9.987483024597167969e-01
2.827499999999999858e+01,1.776570645605027892e+02,-1.192377582192420959e-01,-1.161809414625167847e-01,1.000025987625122070e+00,9.987480044364929199e-01
2.828750000000000142e+01,1.777356043768425593e+02,-7.383002042770385742e-01,-7.352136373519897461e-01,1.000025987625122070e+00,9.987477660179138184e-01
2.830000000000000071e+01,1.778141441931823010e+02,-2.878395020961761475e-01,-2.850907146930694580e-01,1.000025987625122070e+00,9.987472295761108398e-01
2.831250000000000000e+01,1.778926840095220427e+02,6.850124001502990723e-01,6.873177886009216309e-01,1.000025987625122070e+00,9.987466931343078613e-01
2.832499999999999929e+01,1.779712238258617845e+02,6.991104483604431152e-01,7.013520598411560059e-01,1.000025987625122070e+00,9.987460374832153320e-01
2.833749999999999858e+01,1.780497636422015262e+02,-3.735520839691162109e-01,-3.710874319076538086e-01,1.000026106834411621e+00,9.987453222274780273e-01
2.835000000000000142e+01,1.781283034585412679e+02,-8.131376504898071289e-01,-8.108329176902770996e-01,1.000026106834411621e+00,9.987445473670959473e-01
2.836250000000000071e+01,1.782068432748810096e+02,2.028272151947021484e-01,2.045355588197708130e-01,1.000026226043701172e+00,9.987434744834899902e-01
2.837500000000000000e+01,1.782853830912207513e+02,9.432242512702941895e-01,9.447116255760192871e-01,1.000026226043701172e+00,9.987424015998840332e-01
2.838749999999999929e+01,1.783639229075604931e+02,1.200332026928663254e-02,1.382211968302726746e-02,1.000026345252990723e+00,9.987412095069885254e-01
2.839999999999999858e+01,1.784424627239002348e+02,-9.279372096061706543e-01,-9.262089133262634277e-01,1.000026345252990723e+00,9.987398982048034668e-01
2.841250000000000142e+01,1.785210025402400049e+02,-6.372100859880447388e-02,-6.275473535060882568e-02,1.000026345252990723e+00,9.987385272979736328e-01
2.842500000000000071e+01,1.785995423565797466e+02,9.801229238510131836e-01,9.808567166328430176e-01,1.000026464462280273e+00,9.987370371818542480e-01
2.843750000000000000e+01,1.786780821729194884e+02,1.226645559072494507e-01,1.239173561334609985e-01,1.000026464462280273e+00,9.987354874610900879e-01
2.844999999999999929e+01,1.787566219892592301e+02,-9.697882533073425293e-01,-9.687166810035705566e-01,1.000026583671569824e+00,9.987339973449707031e-01
2.846249999999999858e+01,1.788351618055989718e+02,-8.240187168121337891e-02,-8.231943845748901367e-02,1.000026583671569824e+00,9.987323284149169922e-01
2.847499999999999787e+01,1.789137016219387135e+02,9.976220130920410156e-01,9.976360797882080078e-01,1.000026702880859375e+00,9.987304806709289551e-01
2.848749999999999716e+01,1.789922414382784552e+02,4.225720837712287903e-02,4.300967603921890259e-02,1.000026702880859375e+00,9.987287521362304688e-01
2.850000000000000000e+01,1.790707812546181970e+02,-9.978224635124206543e-01,-9.975048303604125977e-01,1.000026702880859375e+00,9.987268447875976562e-01
2.851249999999999929e+01,1.791493210709579387e+02,1.865238137543201447e-02,1.778500527143478394e-02,1.000026702880859375e+00,9.987251162528991699e-01
2.852500000000000213e+01,1.792278608872977088e+02,9.884645342826843262e-01,9.878292083740234375e-01,1.000026702880859375e+00,9.987233877182006836e-01
2.853750000000000142e+01,1.793064007036374505e+02,-7.942276448011398315e-02,-7.917392998933792114e-02,1.000026822090148926e+00,9.987215995788574219e-01
2.855000000000000071e+01,1.793849405199771923e+02,-9.919796586036682129e-01,-9.924631118774414062e-01,1.000026702880859375e+00,9.987197518348693848e-01
2.856250000000000000e+01,1.794634803363169340e+02,7.915335148572921753e-02,7.738429307937622070e-02,1.000026822090148926e+00,9.987182021141052246e-01
2.857499999999999929e+01,1.795420201526566757e+02,9.514023661613464355e-01,9.501026272773742676e-01,1.000026822090148926e+00,9.987167119979858398e-01
2.858749999999999858e+01,1.796205599689964174e+02,-8.137805014848709106e-02,-8.169648051261901855e-02,1.000026822090148926e+00,9.987152814865112305e-01
2.859999999999999787e+01,1.796990997853361591e+02,-9.689126610755920410e-01,-9.700632691383361816e-01,1.000026941299438477e+00,9.987139105796813965e-01
2.861249999999999716e+01,1.797776396016759008e+02,-5.051871761679649353e-02,-5.305993556976318359e-02,1.000026941299438477e+00,9.987127184867858887e-01
2.862499999999999645e+01,1.798561794180156426e+02,8.915833234786987305e-01,8.894295692443847656e-01,1.000027060508728027e+00,9.987115263938903809e-01
2.863750000000000284e+01,1.799347192343554127e+02,1.646655946969985962e-01,1.636458933353424072e-01,1.000027060508728027e+00,9.987105131149291992e-01
2.865000000000000213e+01,1.800132590506951544e+02,-8.669555783271789551e-01,-8.684423565864562988e-01,1.000027060508728027e+00,9.987095594406127930e-01
2.866250000000000142e+01,1.800917988670348961e+02,-4.515211880207061768e-01,-4.545101225376129150e-01,1.000027060508728027e+00,9.987086653709411621e-01
2.867500000000000071e+01,1.801703386833746379e+02,6.209782361984252930e-01,6.177375912666320801e-01,1.000027179718017578e+00,9.987078905105590820e-01
2.868750000000000000e+01,1.802488784997143796e+02,6.220338940620422363e-01,6.198766231536865234e-01,1.000027179718017578e+00,9.987073540687561035e-01
2.869999999999999929e+01,1.803274183160541213e+02,-3.507509231567382812e-01,-3.524534106254577637e-01,1.000027298927307129e+00,9.987068176269531250e-01
2.871249999999999858e+01,1.804059581323938630e+02,-8.206622600555419922e-01,-8.233565688133239746e-01,1.000027298927307129e+00,9.987063407897949219e-01
2.872499999999999787e+01,1.804844979487336047e+02,-2.176736146211624146e-01,-2.215130925178527832e-01,1.000027298927307129e+00,9.987059831619262695e-01
2.873749999999999716e+01,1.805630377650733465e+02,5.577103495597839355e-01,5.538861751556396484e-01,1.000027418136596680e+00,9.987056851387023926e-01
2.875000000000000355e+01,1.806415775814131166e+02,5.590476393699645996e-01,5.560686588287353516e-01,1.000027418136596680e+00,9.987053871154785156e-01
2.876250000000000284e+01,1.807201173977528583e+02,-1.014768332242965698e-01,-1.039806604385375977e-01,1.000027418136596680e+00,9.987051486968994141e-01
2.877500000000000213e+01,1.807986572140926000e+02,-6.398036479949951172e-01,-6.427616477012634277e-01,1.000027537345886230e+00,9.987050294876098633e-01
2.878750000000000142e+01,1.808771970304323418e+02,-5.699817538261413574e-01,-5.738459825515747070e-01,1.000027418136596680e+00,9.987049102783203125e-01
2.880000000000000071e+01,1.809557368467720835e+02,-7.067003846168518066e-02,-7.511532306671142578e-02,1.000027537345886230e+00,9.987048506736755371e-01
2.881250000000000000e+01,1.810342766631118252e+02,3.751197457313537598e-01,3.707264363765716553e-01,1.000027537345886230e+00,9.987047314643859863e-01
2.882499999999999929e+01,1.811128164794515669e+02,4.632361531257629395e-01,4.592728912830352783e-01,1.000027537345886230e+00,9.987047314643859863e-01
2.883749999999999858e+01,1.811913562957913086e+02,2.254568785429000854e-01,2.218802273273468018e-01,1.000027537345886230e+00,9.987046718597412109e-01
2.884999999999999787e+01,1.812698961121310504e+02,-1.183889806270599365e-01,-1.218721494078636169e-01,1.000027537345886230e+00,9.987046122550964355e-01
2.886250000000000071e+01,1.813484359284708205e+02,-3.690034449100494385e-01,-3.726894259452819824e-01,1.000027656555175781e+00,9.987046122550964355e-01
2.887500000000000000e+01,1.814269757448105622e+02,-4.494824111461639404e-01,-4.535128772258758545e-01,1.000027537345886230e+00,9.987045526504516602e-01
2.888749999999999929e+01,1.815055155611503039e+02,-3.899370133876800537e-01,-3.942960500717163086e-01,1.000027537345886230e+00,9.987045526504516602e-01
2.890000000000000213e+01,1.815840553774900457e+02,-2.635888457298278809e-01,-2.681801319122314453e-01,1.000027537345886230e+00,9.987045526504516602e-01
2.891250000000000142e+01,1.816625951938297874e+02,-1.343440860509872437e-01,-1.390605121850967407e-01,1.000027537345886230e+00,9.987046122550964355e-01
2.892500000000000071e+01,1.817411350101695291e+02,-3.606036677956581116e-02,-4.081977158784866333e-02,1.000027418136596680e+00,9.987046122550964355e-01
2.893750000000000000e+01,1.818196748265092708e+02,2.430606260895729065e-02,1.954670250415802002e-02,1.000027537345886230e+00,9.987046718597412109e-01
2.894999999999999929e+01,1.818982146428490125e+02,5.458975955843925476e-02,4.984586685895919800e-02,1.000027537345886230e+00,9.987047314643859863e-01
2.896249999999999858e+01,1.819767544591887543e+02,6.658816337585449219e-02,6.185874715447425842e-02,1.000027537345886230e+00,9.987046122550964355e-01
2.897500000000000142e+01,1.820552942755285244e+02,6.999306380748748779e-02,6.527249515056610107e-02,1.000027537345886230e+00,9.987046718597412109e-01
2.898750000000000071e+01,1.821338340918682661e+02,7.053587585687637329e-02,6.581903249025344849e-02,1.000027537345886230e+00,9.987047314643859863e-01
2.900000000000000000e+01,1.822123739082080078e+02,7.056008279323577881e-02,6.584416329860687256e-02,1.000027418136596680e+00,9.987047314643859863e-01
2.901249999999999929e+01,1.822909137245477496e+02,7.058428972959518433e-02,6.586915254592895508e-02,1.000027418136596680e+00,9.987046122550964355e-01
2.902499999999999858e+01,1.823694535408874913e+02,7.112404704093933105e-02,6.641290336847305298e-02,1.000027537345886230e+00,9.987046122550964355e-01
2.903750000000000142e+01,1.824479933572272330e+02,7.449732720851898193e-02,6.979726999998092651e-02,1.000027537345886230e+00,9.987046122550964355e-01
2.905000000000000071e+01,1.825265331735669747e+02,8.633892983198165894e-02,8.166425675153732300e-02,1.000027537345886230e+00,9.987046122550964355e-01
2.906250000000000000e+01,1.826050729899067164e+02,1.161077842116355896e-01,1.114827468991279602e-01,1.000027537345886230e+00,9.987046122550964355e-01
2.907499999999999929e+01,1.826836128062464581e+02,1.751805096864700317e-01,1.706402450799942017e-01,1.000027537345886230e+00,9.987046122550964355e-01
2.908750000000000213e+01,1.827621526225862283e+02,2.708243727684020996e-01,2.664161026477813721e-01,1.000027537345886230e+00,9.987047314643859863e-01
2.910000000000000142e+01,1.828406924389259700e+02,3.955884873867034912e-01,3.913558125495910645e-01,1.000027418136596680e+00,9.987046122550964355e-01
2.911250000000000071e+01,1.829192322552657117e+02,5.156545639038085938e-01,5.116102695465087891e-01,1.000027418136596680e+00,9.987047314643859863e-01
2.912500000000000000e+01,1.829977720716054534e+02,5.682238340377807617e-01,5.643161535263061523e-01,1.000027537345886230e+00,9.987047314643859863e-01
2.913749999999999929e+01,1.830763118879451952e+02,4.824477136135101318e-01,4.785510003566741943e-01,1.000027537345886230e+00,9.987047314643859863e-01
2.914999999999999858e+01,1.831548517042849369e+02,2.310768663883209229e-01,2.270304709672927856e-01,1.000027537345886230e+00,9.987047910690307617e-01
2.916249999999999787e+01,1.832333915206246786e+02,-1.077026650309562683e-01,-1.119984984397888184e-01,1.000027537345886230e+00,9.987046718597412109e-01
2.917499999999999716e+01,1.833119313369644203e+02,-3.373472988605499268e-01,-3.418024778366088867e-01,1.000027537345886230e+00,9.987046718597412109e-01
2.918750000000000000e+01,1.833904711533041620e+02,-2.451023012399673462e-01,-2.494003772735595703e-01,1.000027537345886230e+00,9.987046122550964355e-01
2.920000000000000284e+01,1.834690109696439322e+02,1.936904191970825195e-01,1.899123191833496094e-01,1.000027656555175781e+00,9.987045526504516602e-01
2.921250000000000213e+01,1.835475507859836739e+02,6.752654314041137695e-01,6.720890402793884277e-01,1.000027537345886230e+00,9.987044930458068848e-01
2.922500000000000142e+01,1.836260906023234156e+02,7.282086014747619629e-01,7.252544760704040527e-01,1.000027656555175781e+00,9.987043738365173340e-01
2.923750000000000071e+01,1.837046304186631573e+02,1.885314434766769409e-01,1.852117329835891724e-01,1.000027537345886230e+00,9.987042546272277832e-01
2.925000000000000000e+01,1.837831702350028991e+02,-4.570071697235107422e-01,-4.608548581600189209e-01,1.000027656555175781e+00,9.987040162086486816e-01
2.926249999999999929e+01,1.838617100513426408e+02,-4.441097378730773926e-01,-4.478815495967864990e-01,1.000027656555175781e+00,9.987037777900695801e-01
2.927499999999999858e+01,1.839402498676823825e+02,3.187169134616851807e-01,3.157967627048492432e-01,1.000027656555175781e+00,9.987034201622009277e-01
2.928749999999999787e+01,1.840187896840221242e+02,8.929308652877807617e-01,8.907905817031860352e-01,1.000027775764465332e+00,9.987030625343322754e-01
2.929999999999999716e+01,1.840973295003618659e+02,4.113151431083679199e-01,4.089662134647369385e-01,1.000027775764465332e+00,9.987025856971740723e-01
2.931249999999999645e+01,1.841758693167016077e+02,-5.426630973815917969e-01,-5.458180308341979980e-01,1.000027894973754883e+00,9.987020492553710938e-01
2.932500000000000284e+01,1.842544091330413778e+02,-5.254833102226257324e-01,-5.286306142807006836e-01,1.000027775764465332e+00,9.987014532089233398e-01
2.933750000000000213e+01,1.843329489493811195e+02,5.261736512184143066e-01,5.241703987121582031e-01,1.000027775764465332e+00,9.987007379531860352e-01
2.935000000000000142e+01,1.844114887657208612e+02,9.078300595283508301e-01,9.065825343132019043e-01,1.000027894973754883e+00,9.986998438835144043e-01
2.936250000000000071e+01,1.844900285820606030e+02,-1.206242740154266357e-01,-1.225586682558059692e-01,1.000027775764465332e+00,9.986988902091979980e-01
2.937500000000000000e+01,1.845685683984003447e+02,-8.191755414009094238e-01,-8.218706846237182617e-01,1.000027894973754883e+00,9.986978173255920410e-01
2.938749999999999929e+01,1.846471082147400864e+02,1.163623556494712830e-01,1.145055815577507019e-01,1.000027894973754883e+00,9.986966848373413086e-01
2.939999999999999858e+01,1.847256480310798281e+02,9.940743446350097656e-01,9.935436248779296875e-01,1.000027894973754883e+00,9.986954927444458008e-01
2.941249999999999787e+01,1.848041878474195698e+02,9.875196963548660278e-02,9.789957851171493530e-02,1.000028014183044434e+00,9.986941218376159668e-01
2.942499999999999716e+01,1.848827276637593116e+02,-9.023478627204895020e-01,-9.043371677398681641e-01,1.000028014183044434e+00,9.986926317214965820e-01
2.943750000000000355e+01,1.849612674800990817e+02,-3.114638663828372955e-02,-3.258044645190238953e-02,1.000028014183044434e+00,9.986911416053771973e-01
2.945000000000000284e+01,1.850398072964388234e+02,9.966002106666564941e-01,9.967819452285766602e-01,1.000028014183044434e+00,9.986895918846130371e-01
2.946250000000000213e+01,1.851183471127785651e+02,7.476370036602020264e-02,7.481604069471359253e-02,1.000028133392333984e+00,9.986878633499145508e-01
2.947500000000000142e+01,1.851968869291183069e+02,-9.596257209777832031e-01,-9.609282016754150391e-01,1.000028133392333984e+00,9.986861348152160645e-01
2.948750000000000071e+01,1.852754267454580486e+02,6.898707244545221329e-03,6.067790091037750244e-03,1.000028252601623535e+00,9.986843466758728027e-01
2.950000000000000000e+01,1.853539665617977903e+02,9.786003828048706055e-01,9.795788526535034180e-01,1.000028252601623535e+00,9.986824393272399902e-01
2.951249999999999929e+01,1.854325063781375320e+02,-6.663436442613601685e-02,-6.577016413211822510e-02,1.000028252601623535e+00,9.986807703971862793e-01
2.952499999999999858e+01,1.855110461944772737e+02,-9.882011413574218750e-01,-9.888570308685302734e-01,1.000028371810913086e+00,9.986789822578430176e-01
2.953749999999999787e+01,1.855895860108170154e+02,8.394359052181243896e-02,8.377425372600555420e-02,1.000028371810913086e+00,9.986772537231445312e-01
2.955000000000000071e+01,1.856681258271567856e+02,9.273752570152282715e-01,9.291539192199707031e-01,1.000028371810913086e+00,9.986755847930908203e-01
2.956250000000000000e+01,1.857466656434965273e+02,-1.667834222316741943e-01,-1.651028096675872803e-01,1.000028252601623535e+00,9.986739754676818848e-01
2.957499999999999929e+01,1.858252054598362690e+02,-9.919667840003967285e-01,-9.919216632843017578e-01,1.000028252601623535e+00,9.986725449562072754e-01
2.958750000000000213e+01,1.859037452761760107e+02,4.355485737323760986e-02,4.395437985658645630e-02,1.000028371810913086e+00,9.986710548400878906e-01
2.960000000000000142e+01,1.859822850925157525e+02,8.662348985671997070e-01,8.686504960060119629e-01,1.000028491020202637e+00,9.986696243286132812e-01
2.961250000000000071e+01,1.860608249088554942e+02,-7.858950644731521606e-02,-7.597260177135467529e-02,1.000028491020202637e+00,9.986684322357177734e-01
2.962500000000000000e+01,1.861393647251952359e+02,-9.802827239036560059e-01,-9.793099761009216309e-01,1.000028491020202637e+00,9.986672401428222656e-01
2.963749999999999929e+01,1.862179045415349776e+02,-2.397864460945129395e-01,-2.390069961547851562e-01,1.000028491020202637e+00,9.986662268638610840e-01
2.964999999999999858e+01,1.862964443578747193e+02,7.398992180824279785e-01,7.425150275230407715e-01,1.000028610229492188e+00,9.986653327941894531e-01
2.966250000000000142e+01,1.863749841742144895e+02,2.830069959163665771e-01,2.865905165672302246e-01,1.000028610229492188e+00,9.986644387245178223e-01
2.967500000000000071e+01,1.864535239905542312e+02,-7.691715359687805176e-01,-7.667536139488220215e-01,1.000028610229492188e+00,9.986635446548461914e-01
2.968750000000000000e+01,1.865320638068939729e+02,-7.392023801803588867e-01,-7.378836274147033691e-01,1.000028729438781738e+00,9.986630082130432129e-01
2.969999999999999929e+01,1.866106036232337146e+02,2.149737626314163208e-01,2.171202301979064941e-01,1.000028729438781738e+00,9.986624717712402344e-01
2.971249999999999858e+01,1.866891434395734564e+02,6.360023021697998047e-01,6.397700905799865723e-01,1.000028729438781738e+00,9.986620545387268066e-01
2.972499999999999787e+01,1.867676832559131981e+02,1.170529238879680634e-02,1.582894101738929749e-02,1.000028729438781738e+00,9.986616373062133789e-01
2.973750000000000071e+01,1.868462230722529398e+02,-7.441691160202026367e-01,-7.410876750946044922e-01,1.000028729438781738e+00,9.986613392829895020e-01
2.975000000000000000e+01,1.869247628885926815e+02,-7.232268452644348145e-01,-7.210037112236022949e-01,1.000028848648071289e+00,9.986610412597656250e-01
2.976249999999999929e+01,1.870033027049324232e+02,-7.108393311500549316e-02,-6.846380978822708130e-02,1.000028848648071289e+00,9.986608028411865234e-01
2.977500000000000213e+01,1.870818425212721934e+02,4.343790411949157715e-01,4.381708800792694092e-01,1.000028848648071289e+00,9.986606836318969727e-01
2.978750000000000142e+01,1.871603823376119351e+02,3.360974192619323730e-01,3.407077789306640625e-01,1.000028848648071289e+00,9.986605644226074219e-01
2.980000000000000071e+01,1.872389221539516768e+02,-1.691727936267852783e-01,-1.646407991647720337e-01,1.000028848648071289e+00,9.986604452133178711e-01
2.981250000000000000e+01,1.873174619702914185e+02,-6.033181548118591309e-01,-5.994291901588439941e-01,1.000028848648071289e+00,9.986604452133178711e-01
2.982499999999999929e+01,1.873960017866311603e+02,-6.785422563552856445e-01,-6.752054095268249512e-01,1.000028848648071289e+00,9.986603856086730957e-01
2.983749999999999858e+01,1.874745416029709020e+02,-4.385188221931457520e-01,-4.352558553218841553e-01,1.000028848648071289e+00,9.986603856086730957e-01
2.984999999999999787e+01,1.875530814193106437e+02,-1.042871698737144470e-01,-1.006609871983528137e-01,1.000028848648071289e+00,9.986603260040283203e-01
2.986249999999999716e+01,1.876316212356503854e+02,1.307936161756515503e-01,1.349517554044723511e-01,1.000028848648071289e+00,9.986603260040283203e-01
2.987499999999999645e+01,1.877101610519901271e+02,1.965836584568023682e-01,2.011943459510803223e-01,1.000028848648071289e+00,9.986603260040283203e-01
2.988750000000000284e+01,1.877887008683298973e+02,1.269982904195785522e-01,1.318615972995758057e-01,1.000028848648071289e+00,9.986603260040283203e-01
2.990000000000000213e+01,1.878672406846696390e+02,-4.295725841075181961e-03,6.329846801236271858e-04,1.000028848648071289e+00,9.986602663993835449e-01
2.991250000000000142e+01,1.879457805010093807e+02,-1.348644644021987915e-01,-1.299825757741928101e-01,1.000028848648071289e+00,9.986602663993835449e-01
2.992500000000000071e+01,1.880243203173491224e+02,-2.326897829771041870e-01,-2.278935313224792480e-01,1.000028729438781738e+00,9.986603260040283203e-01
2.993750000000000000e+01,1.881028601336888642e+02,-2.921434640884399414e-01,-2.874278426170349121e-01,1.000028729438781738e+00,9.986602663993835449e-01
2.994999999999999929e+01,1.881813999500286059e+02,-3.217118680477142334e-01,-3.170518577098846436e-01,1.000028729438781738e+00,9.986602663993835449e-01
2.996249999999999858e+01,1.882599397663683476e+02,-3.333340883255004883e-01,-3.287051320075988770e-01,1.000028848648071289e+00,9.986603260040283203e-01
2.997499999999999787e+01,1.883384795827080893e+02,-3.366072177886962891e-01,-3.319918513298034668e-01,1.000028848648071289e+00,9.986603260040283203e-01
2.998749999999999716e+01,1.884170193990478310e+02,-3.371250331401824951e-01,-3.325141966342926025e-01,1.000028729438781738e+00,9.986603260040283203e-01
2.999999999999999645e+01,1.884955592153875727e+02,-3.371479511260986328e-01,-3.325379490852355957e-01,1.000028848648071289e+00,9.986603260040283203e-01
3.001250000000000284e+01,1.885740990317273429e+02,-3.371706008911132812e-01,-3.325615227222442627e-01,1.000028729438781738e+00,9.986602663993835449e-01
3.002500000000000213e+01,1.886526388480670846e+02,-3.376740813255310059e-01,-3.330695927143096924e-01,1.000028729438781738e+00,9.986603260040283203e-01
3.003750000000000142e+01,1.887311786644068263e+02,-3.407969176769256592e-01,-3.362081050872802734e-01,1.000028729438781738e+00,9.986602663993835449e-01
3.005000000000000071e+01,1.888097184807465680e+02,-3.516725897789001465e-01,-3.471250832080841064e-01,1.000028729438781738e+00,9.986602067947387695e-01
3.006250000000000000e+01,1.888882582970863098e+02,-3.787787556648254395e-01,-3.743211328983306885e-01,1.000028729438781738e+00,9.986603260040283203e-01
3.007499999999999929e+01,1.889667981134260515e+02,-4.320465326309204102e-01,-4.277539253234863281e-01,1.000028729438781738e+00,9.986603260040283203e-01
3.008749999999999858e+01,1.890453379297657932e+02,-5.172517299652099609e-01,-5.132161378860473633e-01,1.000028729438781738e+00,9.986602663993835449e-01
3.009999999999999787e+01,1.891238777461055349e+02,-6.264197826385498047e-01,-6.227224469184875488e-01,1.000028729438781738e+00,9.986603260040283203e-01
3.011249999999999716e+01,1.892024175624452766e+02,-7.277016043663024902e-01,-7.243484258651733398e-01,1.000028848648071289e+00,9.986603260040283203e-01
3.012500000000000355e+01,1.892809573787850468e+02,-7.639462351799011230e-01,-7.607973814010620117e-01,1.000028729438781738e+00,9.986603856086730957e-01
3.013750000000000284e+01,1.893594971951247885e+02,-6.728437542915344238e-01,-6.695902347564697266e-01,1.000028848648071289e+00,9.986603260040283203e-01
3.015000000000000213e+01,1.894380370114645302e+02,-4.341625869274139404e-01,-4.304239451885223389e-01,1.000028848648071289e+00,9.986602663993835449e-01
3.016250000000000142e+01,1.895165768278042719e+02,-1.241254135966300964e-01,-1.196936294436454773e-01,1.000028848648071289e+00,9.986602663993835449e-01
3.017500000000000071e+01,1.895951166441440137e+02,7.703480869531631470e-02,8.192375302314758301e-02,1.000028967857360840e+00,9.986602663993835449e-01
3.018750000000000000e+01,1.896736564604837554e+02,-1.792903803288936615e-02,-1.332092005759477615e-02,1.000028967857360840e+00,9.986602067947387695e-01
3.019999999999999929e+01,1.897521962768234971e+02,-4.186361134052276611e-01,-4.151298403739929199e-01,1.000029087066650391e+00,9.986600875854492188e-01
3.021249999999999858e+01,1.898307360931632388e+02,-8.391479253768920898e-01,-8.368763327598571777e-01,1.000029087066650391e+00,9.986600279808044434e-01
3.022499999999999787e+01,1.899092759095029805e+02,-8.567852377891540527e-01,-8.547972440719604492e-01,1.000029087066650391e+00,9.986599683761596680e-01
3.023750000000000071e+01,1.899878157258427507e+02,-3.448575139045715332e-01,-3.417891263961791992e-01,1.000029087066650391e+00,9.986598491668701172e-01
3.025000000000000000e+01,1.900663555421824924e+02,2.356939017772674561e-01,2.401336580514907837e-01,1.000028967857360840e+00,9.986596703529357910e-01
3.026249999999999929e+01,1.901448953585222341e+02,2.013837695121765137e-01,2.057227939367294312e-01,1.000029087066650391e+00,9.986594319343566895e-01
3.027500000000000213e+01,1.902234351748619758e+02,-4.944873452186584473e-01,-4.920074045658111572e-01,1.000029087066650391e+00,9.986590743064880371e-01
3.028750000000000142e+01,1.903019749912017176e+02,-9.812953472137451172e-01,-9.803410768508911133e-01,1.000029087066650391e+00,9.986586570739746094e-01
3.030000000000000071e+01,1.903805148075414593e+02,-5.043349266052246094e-01,-5.025272369384765625e-01,1.000029087066650391e+00,9.986581802368164062e-01
3.031250000000000000e+01,1.904590546238812010e+02,3.599948287010192871e-01,3.638621270656585693e-01,1.000029087066650391e+00,9.986577033996582031e-01
3.032499999999999929e+01,1.905375944402209427e+02,3.129001259803771973e-01,3.167251348495483398e-01,1.000029087066650391e+00,9.986570477485656738e-01
3.033749999999999858e+01,1.906161342565606844e+02,-6.396939158439636230e-01,-6.384038329124450684e-01,1.000029206275939941e+00,9.986562728881835938e-01
3.035000000000000142e+01,1.906946740729004546e+02,-9.351820945739746094e-01,-9.351345896720886230e-01,1.000029206275939941e+00,9.986553788185119629e-01
3.036250000000000071e+01,1.907732138892401963e+02,2.939178422093391418e-02,3.149738535284996033e-02,1.000029206275939941e+00,9.986543059349060059e-01
3.037500000000000000e+01,1.908517537055799380e+02,6.343393921852111816e-01,6.381095647811889648e-01,1.000029206275939941e+00,9.986532926559448242e-01
3.038749999999999929e+01,1.909302935219196797e+02,-2.360224276781082153e-01,-2.343485653400421143e-01,1.000029206275939941e+00,9.986522197723388672e-01
3.039999999999999858e+01,1.910088333382594215e+02,-9.864444732666015625e-01,-9.872360229492187500e-01,1.000029325485229492e+00,9.986509680747985840e-01
3.041249999999999787e+01,1.910873731545991632e+02,-1.265388429164886475e-01,-1.257872432470321655e-01,1.000029325485229492e+00,9.986496567726135254e-01
3.042500000000000071e+01,1.911659129709389049e+02,7.575989365577697754e-01,7.607837319374084473e-01,1.000029325485229492e+00,9.986481666564941406e-01
3.043750000000000000e+01,1.912444527872786466e+02,-6.260497868061065674e-02,-6.117548793554306030e-02,1.000029325485229492e+00,9.986467361450195312e-01
3.044999999999999929e+01,1.913229926036183883e+02,-9.494506716728210449e-01,-9.509641528129577637e-01,1.000029325485229492e+00,9.986450672149658203e-01
3.046250000000000213e+01,1.914015324199581585e+02,-6.166467815637588501e-02,-6.176555529236793518e-02,1.000029325485229492e+00,9.986433982849121094e-01
3.047500000000000142e+01,1.914800722362979002e+02,8.504095673561096191e-01,8.529929518699645996e-01,1.000029444694519043e+00,9.986417293548583984e-01
3.048750000000000071e+01,1.915586120526376419e+02,-5.545819178223609924e-02,-5.469914153218269348e-02,1.000029325485229492e+00,9.986399412155151367e-01
3.050000000000000000e+01,1.916371518689773836e+02,-8.867585062980651855e-01,-8.890434503555297852e-01,1.000029444694519043e+00,9.986380934715270996e-01
3.051249999999999929e+01,1.917156916853171253e+02,1.095886528491973877e-01,1.088836714625358582e-01,1.000029325485229492e+00,9.986363649368286133e-01
3.052499999999999858e+01,1.917942315016568671e+02,9.146121740341186523e-01,9.165878295898437500e-01,1.000029325485229492e+00,9.986345767974853516e-01
3.053749999999999787e+01,1.918727713179966088e+02,-8.215142786502838135e-02,-8.216750621795654297e-02,1.000029444694519043e+00,9.986327886581420898e-01
3.054999999999999716e+01,1.919513111343363505e+02,-7.939600944519042969e-01,-7.969714403152465820e-01,1.000029444694519043e+00,9.986310601234436035e-01
3.056249999999999645e+01,1.920298509506760922e+02,2.419585138559341431e-01,2.405882179737091064e-01,1.000029444694519043e+00,9.986294507980346680e-01
3.057500000000000284e+01,1.921083907670158624e+02,9.589337110519409180e-01,9.602174758911132812e-01,1.000029444694519043e+00,9.986279010772705078e-01
3.058750000000000213e+01,1.921869305833556041e+02,-2.413733862340450287e-03,-2.957082586362957954e-03,1.000029444694519043e+00,9.986264109611511230e-01
3.060000000000000142e+01,1.922654703996953458e+02,-6.992791891098022461e-01,-7.028509974479675293e-01,1.000029444694519043e+00,9.986251592636108398e-01
3.061250000000000071e+01,1.923440102160350875e+02,2.017879784107208252e-01,1.993771940469741821e-01,1.000029444694519043e+00,9.986238479614257812e-01
3.062500000000000000e+01,1.924225500323748292e+02,9.962366819381713867e-01,9.966030120849609375e-01,1.000029444694519043e+00,9.986228346824645996e-01
3.063749999999999929e+01,1.925010898487145710e+02,2.971938550472259521e-01,2.966501116752624512e-01,1.000029563903808594e+00,9.986217617988586426e-01
3.064999999999999858e+01,1.925796296650543127e+02,-5.579121708869934082e-01,-5.615513324737548828e-01,1.000029563903808594e+00,9.986208081245422363e-01
3.066249999999999787e+01,1.926581694813940544e+02,-9.355515241622924805e-02,-9.742398560047149658e-02,1.000029563903808594e+00,9.986200332641601562e-01
3.067499999999999716e+01,1.927367092977337961e+02,8.602436780929565430e-01,8.589383959770202637e-01,1.000029563903808594e+00,9.986192584037780762e-01
3.068750000000000355e+01,1.928152491140735663e+02,8.015629053115844727e-01,8.011969327926635742e-01,1.000029563903808594e+00,9.986185431480407715e-01
3.070000000000000284e+01,1.928937889304133080e+02,-6.318382918834686279e-02,-6.569631397724151611e-02,1.000029563903808594e+00,9.986180067062377930e-01
3.071250000000000213e+01,1.929723287467530497e+02,-4.041566848754882812e-01,-4.087626039981842041e-01,1.000029563903808594e+00,9.986175298690795898e-01
3.072500000000000142e+01,1.930508685630927914e+02,1.950661540031433105e-01,1.910303980112075806e-01,1.000029683113098145e+00,9.986171722412109375e-01
3.073750000000000071e+01,1.931294083794325331e+02,8.753706216812133789e-01,8.733585476875305176e-01,1.000029683113098145e+00,9.986168742179870605e-01
3.075000000000000000e+01,1.932079481957722749e+02,8.337675929069519043e-01,8.324949145317077637e-01,1.000029802322387695e+00,9.986166357994079590e-01
3.076249999999999929e+01,1.932864880121120166e+02,2.384222298860549927e-01,2.358303517103195190e-01,1.000029802322387695e+00,9.986163973808288574e-01
3.077499999999999858e+01,1.933650278284517583e+02,-1.967027783393859863e-01,-2.011055201292037964e-01,1.000029802322387695e+00,9.986162781715393066e-01
3.078749999999999787e+01,1.934435676447915000e+02,-7.730463892221450806e-02,-8.231849223375320435e-02,1.000029921531677246e+00,9.986161589622497559e-01
3.080000000000000071e+01,1.935221074611312702e+02,3.964143395423889160e-01,3.921930789947509766e-01,1.000029921531677246e+00,9.986160397529602051e-01
3.081250000000000000e+01,1.936006472774710119e+02,7.867152094841003418e-01,7.836991548538208008e-01,1.000030040740966797e+00,9.986159801483154297e-01
3.082500000000000284e+01,1.936791870938107536e+02,8.435019850730895996e-01,8.410885334014892578e-01,1.000030040740966797e+00,9.986159801483154297e-01
3.083750000000000213e+01,1.937577269101504953e+02,6.190706491470336914e-01,6.163668036460876465e-01,1.000029921531677246e+00,9.986159205436706543e-01
3.085000000000000142e+01,1.938362667264902370e+02,3.192587494850158691e-01,3.157302439212799072e-01,1.000029921531677246e+00,9.986158609390258789e-01
3.086250000000000071e+01,1.939148065428299788e+02,1.171463578939437866e-01,1.127850040793418884e-01,1.000030040740966797e+00,9.986159205436706543e-01
3.087500000000000000e+01,1.939933463591697205e+02,7.090651988983154297e-02,6.603342294692993164e-02,1.000030040740966797e+00,9.986159205436706543e-01
3.088749999999999929e+01,1.940718861755094622e+02,1.453531682491302490e-01,1.403445005416870117e-01,1.000030040740966797e+00,9.986159205436706543e-01
3.089999999999999858e+01,1.941504259918492039e+02,2.718412280082702637e-01,2.669583559036254883e-01,1.000030040740966797e+00,9.986159205436706543e-01
3.091249999999999787e+01,1.942289658081889456e+02,3.940427899360656738e-01,3.893873691558837891e-01,1.000030040740966797e+00,9.986158609390258789e-01
3.092500000000000071e+01,1.943075056245287158e+02,4.841495156288146973e-01,4.797109365463256836e-01,1.000030040740966797e+00,9.986158609390258789e-01
3.093750000000000000e+01,1.943860454408684575e+02,5.382840037345886230e-01,5.340009927749633789e-01,1.000030040740966797e+00,9.986158609390258789e-01
3.094999999999999929e+01,1.944645852572081992e+02,5.649451017379760742e-01,5.607535243034362793e-01,1.000030040740966797e+00,9.986158013343811035e-01
3.096249999999999858e+01,1.945431250735479409e+02,5.753311514854431152e-01,5.711834430694580078e-01,1.000030040740966797e+00,9.986158013343811035e-01
3.097500000000000142e+01,1.946216648898876826e+02,5.782309770584106445e-01,5.740996003150939941e-01,1.000030040740966797e+00,9.986158609390258789e-01
3.098750000000000071e+01,1.947002047062274244e+02,5.786858201026916504e-01,5.745589733123779297e-01,1.000030040740966797e+00,9.986158609390258789e-01
3.100000000000000000e+01,1.947787445225671661e+02,5.787057280540466309e-01,5.745797157287597656e-01,1.000030159950256348e+00,9.986158013343811035e-01
3.101249999999999929e+01,1.948572843389069078e+02,5.787252783775329590e-01,5.746001005172729492e-01,1.000030159950256348e+00,9.986158013343811035e-01
3.102499999999999858e+01,1.949358241552466495e+02,5.791555643081665039e-01,5.750350356101989746e-01,1.000030159950256348e+00,9.986158609390258789e-01
3.103750000000000142e+01,1.950143639715864197e+02,5.817975401878356934e-01,5.776949524879455566e-01,1.000030159950256348e+00,9.986159205436706543e-01
3.105000000000000071e+01,1.950929037879261614e+02,5.909024477005004883e-01,5.868522524833679199e-01,1.000030159950256348e+00,9.986159205436706543e-01
3.106250000000000000e+01,1.951714436042659031e+02,6.133388280868530273e-01,6.094099879264831543e-01,1.000030159950256348e+00,9.986158609390258789e-01
3.107499999999999929e+01,1.952499834206056448e+02,6.568533182144165039e-01,6.531576514244079590e-01,1.000030159950256348e+00,9.986158609390258789e-01
3.108749999999999858e+01,1.953285232369453865e+02,7.252970337867736816e-01,7.219727635383605957e-01,1.000030159950256348e+00,9.986158609390258789e-01
3.109999999999999787e+01,1.954070630532851283e+02,8.107662796974182129e-01,8.079292178153991699e-01,1.000030159950256348e+00,9.986157417297363281e-01
3.111250000000000071e+01,1.954856028696248700e+02,8.857399225234985352e-01,8.833947181701660156e-01,1.000030279159545898e+00,9.986158013343811035e-01
3.112500000000000000e+01,1.955641426859646117e+02,9.029562473297119141e-01,9.008859992027282715e-01,1.000030279159545898e+00,9.986157417297363281e-01
3.113749999999999929e+01,1.956426825023043534e+02,8.132696747779846191e-01,8.109989166259765625e-01,1.000030279159545898e+00,9.986156821250915527e-01
3.115000000000000213e+01,1.957212223186441236e+02,6.049717068672180176e-01,6.019133329391479492e-01,1.000030279159545898e+00,9.986156821250915527e-01
3.116250000000000142e+01,1.957997621349838653e+02,3.466905951499938965e-01,3.425129354000091553e-01,1.000030279159545898e+00,9.986156225204467773e-01
3.117500000000000071e+01,1.958783019513236070e+02,1.889673471450805664e-01,1.840244382619857788e-01,1.000030398368835449e+00,9.986156225204467773e-01
3.118750000000000000e+01,1.959568417676633487e+02,2.796384990215301514e-01,2.750512957572937012e-01,1.000030279159545898e+00,9.986156225204467773e-01
3.119999999999999929e+01,1.960353815840030904e+02,6.125491261482238770e-01,6.095721125602722168e-01,1.000030398368835449e+00,9.986155629158020020e-01
3.121249999999999858e+01,1.961139214003428322e+02,9.407756924629211426e-01,9.396310448646545410e-01,1.000030398368835449e+00,9.986155033111572266e-01
3.122499999999999787e+01,1.961924612166825739e+02,9.217501282691955566e-01,9.209820032119750977e-01,1.000030398368835449e+00,9.986153244972229004e-01
3.123749999999999716e+01,1.962710010330223156e+02,4.755274951457977295e-01,4.730359911918640137e-01,1.000030398368835449e+00,9.986151456832885742e-01
3.124999999999999645e+01,1.963495408493620573e+02,3.065561875700950623e-03,-1.615706831216812134e-03,1.000030398368835449e+00,9.986149668693542480e-01
3.126250000000000284e+01,1.964280806657018275e+02,5.630297586321830750e-02,5.167772620916366577e-02,1.000030517578125000e+00,9.986147284507751465e-01
3.127500000000000213e+01,1.965066204820415692e+02,6.336077451705932617e-01,6.317420601844787598e-01,1.000030517578125000e+00,9.986143708229064941e-01
3.128750000000000142e+01,1.965851602983813109e+02,9.968389272689819336e-01,9.972270727157592773e-01,1.000030636787414551e+00,9.986139535903930664e-01
3.130000000000000071e+01,1.966637001147210526e+02,5.598649382591247559e-01,5.588440895080566406e-01,1.000030636787414551e+00,9.986135363578796387e-01
3.131250000000000000e+01,1.967422399310607943e+02,-1.506675928831100464e-01,-1.549370586872100830e-01,1.000030636787414551e+00,9.986129403114318848e-01
3.132499999999999929e+01,1.968207797474005361e+02,-7.707732915878295898e-02,-8.135056495666503906e-02,1.000030636787414551e+00,9.986122846603393555e-01
3.133749999999999858e+01,1.968993195637402778e+02,7.057897448539733887e-01,7.053114175796508789e-01,1.000030755996704102e+00,9.986116290092468262e-01
3.134999999999999787e+01,1.969778593800800195e+02,8.931125402450561523e-01,8.943760395050048828e-01,1.000030755996704102e+00,9.986107945442199707e-01
3.136249999999999716e+01,1.970563991964197612e+02,6.394757330417633057e-02,6.190181523561477661e-02,1.000030755996704102e+00,9.986098408699035645e-01
3.137500000000000355e+01,1.971349390127595314e+02,-4.024404287338256836e-01,-4.070561230182647705e-01,1.000030755996704102e+00,9.986087679862976074e-01
3.138750000000000284e+01,1.972134788290992731e+02,3.382261395454406738e-01,3.368135392665863037e-01,1.000030755996704102e+00,9.986076951026916504e-01
3.140000000000000213e+01,1.972920186454390148e+02,9.056165814399719238e-01,9.077549576759338379e-01,1.000030755996704102e+00,9.986063838005065918e-01
3.141250000000000142e+01,1.973705584617787565e+02,1.448637247085571289e-01,1.443567574024200439e-01,1.000030875205993652e+00,9.986049532890319824e-01
3.142500000000000071e+01,1.974490982781184982e+02,-5.566472411155700684e-01,-5.608473420143127441e-01,1.000030875205993652e+00,9.986035227775573730e-01
3.143750000000000000e+01,1.975276380944582399e+02,1.517750620841979980e-01,1.503867655992507935e-01,1.000030994415283203e+00,9.986019134521484375e-01
3.144999999999999929e+01,1.976061779107979817e+02,8.318529129028320312e-01,8.346632122993469238e-01,1.000030875205993652e+00,9.986003637313842773e-01
3.146249999999999858e+01,1.976847177271377234e+02,4.391467571258544922e-02,4.414467886090278625e-02,1.000030875205993652e+00,9.985986948013305664e-01
3.147499999999999787e+01,1.977632575434774651e+02,-6.780945062637329102e-01,-6.818386316299438477e-01,1.000030875205993652e+00,9.985969662666320801e-01
3.148750000000000071e+01,1.978417973598172352e+02,9.997466951608657837e-02,9.926726669073104858e-02,1.000030875205993652e+00,9.985952377319335938e-01
3.150000000000000000e+01,1.979203371761569770e+02,7.291140556335449219e-01,7.326169610023498535e-01,1.000030875205993652e+00,9.985934495925903320e-01
3.151250000000000284e+01,1.979988769924967187e+02,-1.444804519414901733e-01,-1.439179182052612305e-01,1.000030994415283203e+00,9.985917210578918457e-01
3.152500000000000213e+01,1.980774168088364604e+02,-7.731497883796691895e-01,-7.763852477073669434e-01,1.000030994415283203e+00,9.985899329185485840e-01
3.153750000000000142e+01,1.981559566251762021e+02,7.433125376701354980e-02,7.446389645338058472e-02,1.000031113624572754e+00,9.985882043838500977e-01
3.155000000000000071e+01,1.982344964415159438e+02,6.016225814819335938e-01,6.057243943214416504e-01,1.000031113624572754e+00,9.985865354537963867e-01
3.156250000000000000e+01,1.983130362578556856e+02,-2.992445528507232666e-01,-2.982314825057983398e-01,1.000031113624572754e+00,9.985849261283874512e-01
3.157499999999999929e+01,1.983915760741954273e+02,-8.547312617301940918e-01,-8.573449850082397461e-01,1.000031232833862305e+00,9.985834956169128418e-01
3.158749999999999858e+01,1.984701158905351690e+02,-3.884103894233703613e-02,-3.826751559972763062e-02,1.000031232833862305e+00,9.985820055007934570e-01
3.159999999999999787e+01,1.985486557068749107e+02,4.804251194000244141e-01,4.849598705768585205e-01,1.000031232833862305e+00,9.985805749893188477e-01
3.161250000000000071e+01,1.986271955232146809e+02,-3.100748360157012939e-01,-3.079943358898162842e-01,1.000031232833862305e+00,9.985793232917785645e-01
3.162500000000000000e+01,1.987057353395544226e+02,-9.382651448249816895e-01,-9.400269389152526855e-01,1.000031232833862305e+00,9.985781311988830566e-01
3.163749999999999929e+01,1.987842751558941643e+02,-3.324863314628601074e-01,-3.323126435279846191e-01,1.000031352043151855e+00,9.985771179199218750e-01
3.164999999999999858e+01,1.988628149722339060e+02,3.345361948013305664e-01,3.389658033847808838e-01,1.000031352043151855e+00,9.985762238502502441e-01
3.166250000000000142e+01,1.989413547885736477e+02,-1.028969064354896545e-01,-9.895303845405578613e-02,1.000031352043151855e+00,9.985753297805786133e-01
3.167500000000000071e+01,1.990198946049133895e+02,-8.875151276588439941e-01,-8.874532580375671387e-01,1.000031471252441406e+00,9.985746145248413086e-01
3.168750000000000000e+01,1.990984344212531312e+02,-8.044071197509765625e-01,-8.051295876502990723e-01,1.000031471252441406e+00,9.985739588737487793e-01
3.169999999999999929e+01,1.991769742375928729e+02,-9.325132519006729126e-02,-9.060133993625640869e-02,1.000031471252441406e+00,9.985734820365905762e-01
3.171249999999999858e+01,1.992555140539326146e+02,1.423033326864242554e-01,1.474622339010238647e-01,1.000031471252441406e+00,9.985729455947875977e-01
3.172500000000000142e+01,1.993340538702723848e+02,-3.874197006225585938e-01,-3.837221264839172363e-01,1.000031471252441406e+00,9.985725283622741699e-01
3.173750000000000071e+01,1.994125936866121265e+02,-9.416390061378479004e-01,-9.408934712409973145e-01,1.000031471252441406e+00,9.985722303390502930e-01
3.175000000000000000e+01,1.994911335029518682e+02,-8.824110031127929688e-01,-8.822835087776184082e-01,1.000031471252441406e+00,9.985718727111816406e-01
3.176249999999999929e+01,1.995696733192916099e+02,-3.880223035812377930e-01,-3.857231140136718750e-01,1.000031471252441406e+00,9.985716938972473145e-01
3.177499999999999858e+01,1.996482131356313516e+02,-5.555640533566474915e-02,-5.086942389607429504e-02,1.000031471252441406e+00,9.985715746879577637e-01
3.178749999999999787e+01,1.997267529519710934e+02,-1.872537434101104736e-01,-1.821702271699905396e-01,1.000031471252441406e+00,9.985714554786682129e-01
3.179999999999999716e+01,1.998052927683108351e+02,-5.942782759666442871e-01,-5.906708836555480957e-01,1.000031471252441406e+00,9.985713362693786621e-01
3.181250000000000000e+01,1.998838325846505768e+02,-9.117560982704162598e-01,-9.098796248435974121e-01,1.000031471252441406e+00,9.985712766647338867e-01
3.182499999999999929e+01,1.999623724009903185e+02,-9.458600282669067383e-01,-9.446315765380859375e-01,1.000031590461730957e+00,9.985712766647338867e-01
3.183750000000000213e+01,2.000409122173300887e+02,-7.536522150039672852e-01,-7.517971992492675781e-01,1.000031471252441406e+00,9.985712170600891113e-01
3.185000000000000142e+01,2.001194520336698304e+02,-5.105062723159790039e-01,-5.074027776718139648e-01,1.000031471252441406e+00,9.985712170600891113e-01
3.186250000000000071e+01,2.001979918500095721e+02,-3.563732802867889404e-01,-3.521662354469299316e-01,1.000031471252441406e+00,9.985712170600891113e-01
3.187500000000000000e+01,2.002765316663493138e+02,-3.331333100795745850e-01,-3.283686041831970215e-01,1.000031471252441406e+00,9.985712766647338867e-01
3.188749999999999929e+01,2.003550714826890555e+02,-4.069279730319976807e-01,-4.021480977535247803e-01,1.000031352043151855e+00,9.985713362693786621e-01
3.189999999999999858e+01,2.004336112990287972e+02,-5.192330479621887207e-01,-5.147629380226135254e-01,1.000031352043151855e+00,9.985712766647338867e-01
3.191249999999999787e+01,2.005121511153685390e+02,-6.240005493164062500e-01,-6.199319362640380859e-01,1.000031352043151855e+00,9.985713362693786621e-01
3.192499999999999716e+01,2.005906909317082807e+02,-6.997001171112060547e-01,-6.959726810455322266e-01,1.000031352043151855e+00,9.985713362693786621e-01
3.193749999999999645e+01,2.006692307480480224e+02,-7.444933652877807617e-01,-7.409940958023071289e-01,1.000031352043151855e+00,9.985713362693786621e-01
3.195000000000000284e+01,2.007477705643877925e+02,-7.662670612335205078e-01,-7.628927826881408691e-01,1.000031352043151855e+00,9.985713362693786621e-01
3.196250000000000213e+01,2.008263103807275343e+02,-7.746446132659912109e-01,-7.713263034820556641e-01,1.000031352043151855e+00,9.985713958740234375e-01
3.197500000000000142e+01,2.009048501970672760e+02,-7.769547104835510254e-01,-7.736557722091674805e-01,1.000031352043151855e+00,9.985713958740234375e-01
3.198750000000000071e+01,2.009833900134070177e+02,-7.773125767707824707e-01,-7.740182280540466309e-01,1.000031352043151855e+00,9.985714554786682129e-01
3.200000000000000000e+01,2.010619298297467594e+02,-7.773280143737792969e-01,-7.740343213081359863e-01,1.000031471252441406e+00,9.985713958740234375e-01
3.201250000000000284e+01,2.011404696460865011e+02,-7.773429155349731445e-01,-7.740500569343566895e-01,1.000031471252441406e+00,9.985713958740234375e-01
3.202499999999999858e+01,2.012190094624262429e+02,-7.776675820350646973e-01,-7.743795514106750488e-01,1.000031471252441406e+00,9.985713362693786621e-01
3.203750000000000142e+01,2.012975492787659846e+02,-7.796312570571899414e-01,-7.763638496398925781e-01,1.000031471252441406e+00,9.985713362693786621e-01
3.204999999999999716e+01,2.013760890951057263e+02,-7.862874865531921387e-01,-7.830829024314880371e-01,1.000031471252441406e+00,9.985713958740234375e-01
3.206250000000000000e+01,2.014546289114454964e+02,-8.023857474327087402e-01,-7.993306517601013184e-01,1.000031471252441406e+00,9.985712766647338867e-01
3.207500000000000284e+01,2.015331687277852382e+02,-8.329157233238220215e-01,-8.301499485969543457e-01,1.000031471252441406e+00,9.985713362693786621e-01
3.208749999999999858e+01,2.016117085441249799e+02,-8.795174360275268555e-01,-8.772171139717102051e-01,1.000031471252441406e+00,9.985713362693786621e-01
3.210000000000000142e+01,2.016902483604647216e+02,-9.349445700645446777e-01,-9.332532286643981934e-01,1.000031352043151855e+00,9.985713362693786621e-01
3.211249999999999716e+01,2.017687881768044633e+02,-9.780529141426086426e-01,-9.769641160964965820e-01,1.000031352043151855e+00,9.985713362693786621e-01
3.212500000000000000e+01,2.018473279931442050e+02,-9.749763607978820801e-01,-9.741992354393005371e-01,1.000031352043151855e+00,9.985713958740234375e-01
3.213749999999999574e+01,2.019258678094839468e+02,-8.933770656585693359e-01,-8.922917246818542480e-01,1.000031471252441406e+00,9.985714554786682129e-01
3.214999999999999858e+01,2.020044076258236885e+02,-7.309356331825256348e-01,-7.287840843200683594e-01,1.000031471252441406e+00,9.985714554786682129e-01
3.216250000000000142e+01,2.020829474421634302e+02,-5.435720086097717285e-01,-5.399400591850280762e-01,1.000031471252441406e+00,9.985713958740234375e-01
3.217500000000000426e+01,2.021614872585032003e+02,-4.409697949886322021e-01,-4.363314807415008545e-01,1.000031471252441406e+00,9.985713958740234375e-01
3.218750000000000000e+01,2.022400270748429421e+02,-5.205882787704467773e-01,-5.163983106613159180e-01,1.000031590461730957e+00,9.985713362693786621e-01
3.220000000000000284e+01,2.023185668911826838e+02,-7.609775662422180176e-01,-7.588395476341247559e-01,1.000031590461730957e+00,9.985712170600891113e-01
3.221249999999999858e+01,2.023971067075224255e+02,-9.725778102874755859e-01,-9.727424383163452148e-01,1.000031590461730957e+00,9.985710978507995605e-01
3.222500000000000142e+01,2.024756465238621672e+02,-9.183384180068969727e-01,-9.188991189002990723e-01,1.000031590461730957e+00,9.985710382461547852e-01
3.223749999999999716e+01,2.025541863402019089e+02,-5.709673762321472168e-01,-5.692133307456970215e-01,1.000031709671020508e+00,9.985709190368652344e-01
3.225000000000000000e+01,2.026327261565416507e+02,-2.416434586048126221e-01,-2.370198518037796021e-01,1.000031590461730957e+00,9.985707402229309082e-01
3.226249999999999574e+01,2.027112659728813924e+02,-3.098058402538299561e-01,-3.052539825439453125e-01,1.000031709671020508e+00,9.985705018043518066e-01
3.227499999999999858e+01,2.027898057892211341e+02,-7.256749272346496582e-01,-7.246609926223754883e-01,1.000031590461730957e+00,9.985701441764831543e-01
3.228750000000000142e+01,2.028683456055609042e+02,-9.384090304374694824e-01,-9.401977658271789551e-01,1.000031590461730957e+00,9.985697865486145020e-01
3.230000000000000426e+01,2.029468854219006460e+02,-5.739088654518127441e-01,-5.737310647964477539e-01,1.000031590461730957e+00,9.985693693161010742e-01
3.231250000000000000e+01,2.030254252382403877e+02,-6.989829987287521362e-02,-6.547036767005920410e-02,1.000031590461730957e+00,9.985688924789428711e-01
3.232500000000000284e+01,2.031039650545801294e+02,-1.644506603479385376e-01,-1.600638031959533691e-01,1.000031590461730957e+00,9.985681772232055664e-01
3.233749999999999858e+01,2.031825048709198711e+02,-7.194657325744628906e-01,-7.199502587318420410e-01,1.000031590461730957e+00,9.985675811767578125e-01
3.235000000000000142e+01,2.032610446872596128e+02,-7.847895622253417969e-01,-7.873208522796630859e-01,1.000031590461730957e+00,9.985666275024414062e-01
3.236249999999999716e+01,2.033395845035993545e+02,-1.526148766279220581e-01,-1.507045924663543701e-01,1.000031590461730957e+00,9.985656738281250000e-01
3.237500000000000000e+01,2.034181243199390963e+02,1.406644135713577271e-01,1.458254754543304443e-01,1.000031709671020508e+00,9.985646009445190430e-01
3.238749999999999574e+01,2.034966641362788380e+02,-4.152746796607971191e-01,-4.143251478672027588e-01,1.000031709671020508e+00,9.985634684562683105e-01
3.240000000000000568e+01,2.035752039526186081e+02,-7.575781941413879395e-01,-7.609881162643432617e-01,1.000031709671020508e+00,9.985621571540832520e-01
3.241250000000000142e+01,2.036537437689583498e+02,-1.525036990642547607e-01,-1.522174328565597534e-01,1.000031709671020508e+00,9.985608458518981934e-01
3.242500000000000426e+01,2.037322835852980916e+02,3.143637776374816895e-01,3.193350732326507568e-01,1.000031828880310059e+00,9.985593557357788086e-01
3.243750000000000000e+01,2.038108234016378333e+02,-2.296255975961685181e-01,-2.284637391567230225e-01,1.000031828880310059e+00,9.985578060150146484e-01
3.245000000000000284e+01,2.038893632179775750e+02,-6.525127291679382324e-01,-6.564915776252746582e-01,1.000031828880310059e+00,9.985561966896057129e-01
3.246249999999999858e+01,2.039679030343173167e+02,-2.296867407858371735e-02,-2.323802374303340912e-02,1.000031709671020508e+00,9.985544681549072266e-01
3.247500000000000142e+01,2.040464428506570584e+02,4.554487168788909912e-01,4.601395428180694580e-01,1.000031709671020508e+00,9.985527992248535156e-01
3.248749999999999716e+01,2.041249826669968002e+02,-1.370144933462142944e-01,-1.364919990301132202e-01,1.000031828880310059e+00,9.985510110855102539e-01
3.250000000000000000e+01,2.042035224833365419e+02,-5.173568129539489746e-01,-5.218818783760070801e-01,1.000031828880310059e+00,9.985492825508117676e-01
3.251249999999999574e+01,2.042820622996762836e+02,1.685962080955505371e-01,1.682983487844467163e-01,1.000031828880310059e+00,9.985474944114685059e-01
3.252499999999999858e+01,2.043606021160160537e+02,5.743123888969421387e-01,5.786294937133789062e-01,1.000031828880310059e+00,9.985457062721252441e-01
3.253750000000000142e+01,2.044391419323557955e+02,-6.093770638108253479e-02,-6.125357374548912048e-02,1.000031828880310059e+00,9.985439181327819824e-01
3.255000000000000426e+01,2.045176817486955372e+02,-3.646414279937744141e-01,-3.695718646049499512e-01,1.000031948089599609e+00,9.985421895980834961e-01
3.256250000000000000e+01,2.045962215650352789e+02,3.342703878879547119e-01,3.337836265563964844e-01,1.000031828880310059e+00,9.985405206680297852e-01
3.257500000000000284e+01,2.046747613813750206e+02,6.871076822280883789e-01,6.909190416336059570e-01,1.000031828880310059e+00,9.985390305519104004e-01
3.258749999999999858e+01,2.047533011977147623e+02,7.726464420557022095e-02,7.664222270250320435e-02,1.000031828880310059e+00,9.985375404357910156e-01
3.260000000000000142e+01,2.048318410140545041e+02,-2.259189784526824951e-01,-2.311166971921920776e-01,1.000031828880310059e+00,9.985361099243164062e-01
3.261249999999999716e+01,2.049103808303942458e+02,3.953068256378173828e-01,3.937982916831970215e-01,1.000031828880310059e+00,9.985347986221313477e-01
3.262500000000000000e+01,2.049889206467339875e+02,8.106621503829956055e-01,8.137748837471008301e-01,1.000031948089599609e+00,9.985336065292358398e-01
3.263750000000000284e+01,2.050674604630737576e+02,3.431490957736968994e-01,3.433319926261901855e-01,1.000031828880310059e+00,9.985325932502746582e-01
3.264999999999999858e+01,2.051460002794134994e+02,-8.632078766822814941e-02,-9.125728905200958252e-02,1.000031828880310059e+00,9.985316395759582520e-01
3.266250000000000142e+01,2.052245400957532411e+02,2.916786670684814453e-01,2.880076467990875244e-01,1.000031828880310059e+00,9.985308051109313965e-01
3.267499999999999716e+01,2.053030799120929828e+02,8.489016294479370117e-01,8.501954674720764160e-01,1.000031948089599609e+00,9.985300898551940918e-01
3.268750000000000000e+01,2.053816197284327245e+02,7.475801110267639160e-01,7.493767142295837402e-01,1.000031948089599609e+00,9.985293745994567871e-01
3.270000000000000284e+01,2.054601595447724662e+02,2.428006380796432495e-01,2.401751726865768433e-01,1.000031948089599609e+00,9.985288381576538086e-01
3.271249999999999858e+01,2.055386993611122080e+02,1.301076859235763550e-01,1.247723922133445740e-01,1.000031948089599609e+00,9.985284209251403809e-01
3.272500000000000142e+01,2.056172391774519497e+02,5.509915351867675781e-01,5.479833483695983887e-01,1.000032067298889160e+00,9.985280036926269531e-01
3.273749999999999716e+01,2.056957789937916914e+02,9.380135536193847656e-01,9.386929869651794434e-01,1.000032186508178711e+00,9.985277056694030762e-01
3.275000000000000000e+01,2.057743188101314615e+02,8.655939102172851562e-01,8.666703104972839355e-01,1.000032186508178711e+00,9.985273480415344238e-01
3.276250000000000284e+01,2.058528586264712033e+02,5.088637471199035645e-01,5.070152282714843750e-01,1.000032067298889160e+00,9.985272288322448730e-01
3.277499999999999858e+01,2.059313984428109450e+02,3.037055432796478271e-01,2.990698218345642090e-01,1.000032067298889160e+00,9.985270500183105469e-01
3.278750000000000142e+01,2.060099382591506867e+02,4.378992915153503418e-01,4.331619441509246826e-01,1.000032067298889160e+00,9.985269308090209961e-01
3.279999999999999716e+01,2.060884780754904284e+02,7.480156421661376953e-01,7.453757524490356445e-01,1.000032067298889160e+00,9.985268115997314453e-01
3.281250000000000000e+01,2.061670178918301701e+02,9.691213965415954590e-01,9.686226248741149902e-01,1.000032067298889160e+00,9.985268115997314453e-01
3.282499999999999574e+01,2.062455577081699118e+02,9.780344367027282715e-01,9.781541228294372559e-01,1.000032067298889160e+00,9.985266923904418945e-01
3.283749999999999858e+01,2.063240975245096536e+02,8.323308825492858887e-01,8.314957618713378906e-01,1.000032067298889160e+00,9.985267519950866699e-01
3.285000000000000142e+01,2.064026373408493953e+02,6.638949513435363770e-01,6.614575982093811035e-01,1.000032067298889160e+00,9.985267519950866699e-01
3.286250000000000426e+01,2.064811771571891654e+02,5.691695809364318848e-01,5.654389262199401855e-01,1.000032067298889160e+00,9.985268115997314453e-01
3.287500000000000000e+01,2.065597169735289071e+02,5.706418156623840332e-01,5.663629174232482910e-01,1.000032186508178711e+00,9.985267519950866699e-01
3.288750000000000284e+01,2.066382567898686489e+02,6.383000612258911133e-01,6.341456174850463867e-01,1.000032067298889160e+00,9.985266923904418945e-01
3.289999999999999858e+01,2.067167966062083906e+02,7.280805110931396484e-01,7.244152426719665527e-01,1.000032067298889160e+00,9.985266923904418945e-01
3.291250000000000142e+01,2.067953364225481323e+02,8.076406717300415039e-01,8.045294880867004395e-01,1.000032067298889160e+00,9.985266923904418945e-01
3.292499999999999716e+01,2.068738762388878740e+02,8.633171319961547852e-01,8.606517314910888672e-01,1.000032067298889160e+00,9.985266327857971191e-01
3.293750000000000000e+01,2.069524160552276157e+02,8.954472541809082031e-01,8.930672407150268555e-01,1.000032067298889160e+00,9.985266923904418945e-01
3.294999999999999574e+01,2.070309558715673575e+02,9.107186198234558105e-01,9.084880352020263672e-01,1.000032186508178711e+00,9.985266327857971191e-01
3.296249999999999858e+01,2.071094956879070992e+02,9.164676070213317871e-01,9.142996668815612793e-01,1.000032067298889160e+00,9.985266327857971191e-01
3.297500000000000142e+01,2.071880355042468693e+02,9.180173277854919434e-01,9.158695340156555176e-01,1.000032067298889160e+00,9.985266923904418945e-01
3.298750000000000426e+01,2.072665753205866110e+02,9.182518124580383301e-01,9.161080718040466309e-01,1.000032067298889160e+00,9.985267519950866699e-01
3.300000000000000000e+01,2.073451151369263528e+02,9.182616472244262695e-01,9.161183834075927734e-01,1.000031948089599609e+00,9.985266923904418945e-01
3.301250000000000284e+01,2.074236549532660945e+02,9.182709455490112305e-01,9.161280393600463867e-01,1.000032067298889160e+00,9.985268115997314453e-01
3.302499999999999858e+01,2.075021947696058362e+02,9.184662103652954102e-01,9.163275957107543945e-01,1.000032067298889160e+00,9.985268115997314453e-01
3.303750000000000142e+01,2.075807345859455779e+02,9.196067452430725098e-01,9.174890518188476562e-01,1.000031948089599609e+00,9.985267519950866699e-01
3.304999999999999716e+01,2.076592744022853196e+02,9.233216047286987305e-01,9.212716221809387207e-01,1.000031948089599609e+00,9.985266923904418945e-01
3.306250000000000000e+01,2.077378142186250614e+02,9.318889975547790527e-01,9.300042986869812012e-01,1.000031948089599609e+00,9.985266923904418945e-01
3.307499999999999574e+01,2.078163540349648031e+02,9.471709132194519043e-01,9.456107020378112793e-01,1.000031948089599609e+00,9.985267519950866699e-01
3.308750000000000568e+01,2.078948938513045732e+02,9.684752821922302246e-01,9.674403071403503418e-01,1.000032067298889160e+00,9.985267519950866699e-01
3.310000000000000142e+01,2.079734336676443149e+02,9.897471666336059570e-01,9.894021153450012207e-01,1.000032067298889160e+00,9.985268712043762207e-01
3.311250000000000426e+01,2.080519734839840567e+02,9.977856278419494629e-01,9.981197118759155273e-01,1.000031948089599609e+00,9.985268115997314453e-01
3.312500000000000000e+01,2.081305133003237984e+02,9.746354818344116211e-01,9.753069281578063965e-01,1.000031948089599609e+00,9.985267519950866699e-01
3.313750000000000284e+01,2.082090531166635401e+02,9.071673154830932617e-01,9.074534177780151367e-01,1.000032067298889160e+00,9.985267519950866699e-01
3.314999999999999858e+01,2.082875929330032818e+02,8.026252388954162598e-01,8.016449809074401855e-01,1.000031948089599609e+00,9.985268115997314453e-01
3.316250000000000142e+01,2.083661327493430235e+02,7.000867128372192383e-01,6.973549127578735352e-01,1.000032067298889160e+00,9.985266923904418945e-01
3.317499999999999716e+01,2.084446725656827653e+02,6.602348089218139648e-01,6.563012003898620605e-01,1.000032067298889160e+00,9.985266923904418945e-01
3.318750000000000000e+01,2.085232123820225070e+02,7.229136228561401367e-01,7.194671034812927246e-01,1.000032067298889160e+00,9.985266923904418945e-01
3.319999999999999574e+01,2.086017521983622487e+02,8.529545068740844727e-01,8.518551588058471680e-01,1.000032067298889160e+00,9.985266327857971191e-01
3.321249999999999858e+01,2.086802920147020188e+02,9.322152137756347656e-01,9.337505102157592773e-01,1.000032186508178711e+00,9.985265731811523438e-01
3.322500000000000142e+01,2.087588318310417606e+02,8.467618823051452637e-01,8.487119674682617188e-01,1.000032067298889160e+00,9.985265135765075684e-01
3.323750000000000426e+01,2.088373716473815023e+02,6.239975094795227051e-01,6.232106089591979980e-01,1.000032186508178711e+00,9.985263347625732422e-01
3.325000000000000000e+01,2.089159114637212440e+02,4.622614383697509766e-01,4.580944478511810303e-01,1.000032186508178711e+00,9.985260963439941406e-01
3.326250000000000284e+01,2.089944512800609857e+02,5.403255224227905273e-01,5.362010002136230469e-01,1.000032186508178711e+00,9.985259175300598145e-01
3.327499999999999858e+01,2.090729910964007274e+02,7.639153599739074707e-01,7.638579010963439941e-01,1.000032186508178711e+00,9.985256195068359375e-01
3.328750000000000142e+01,2.091515309127404691e+02,8.103396892547607422e-01,8.134800195693969727e-01,1.000032186508178711e+00,9.985251426696777344e-01
3.329999999999999716e+01,2.092300707290802109e+02,5.453235507011413574e-01,5.461018085479736328e-01,1.000032186508178711e+00,9.985246658325195312e-01
3.331250000000000000e+01,2.093086105454199526e+02,2.852471768856048584e-01,2.810286879539489746e-01,1.000032186508178711e+00,9.985241889953613281e-01
3.332500000000000284e+01,2.093871503617597227e+02,3.937946259975433350e-01,3.896065354347229004e-01,1.000032305717468262e+00,9.985235333442687988e-01
3.333749999999999858e+01,2.094656901780994644e+02,6.797807812690734863e-01,6.812182664871215820e-01,1.000032186508178711e+00,9.985228180885314941e-01
3.335000000000000142e+01,2.095442299944392062e+02,6.182065606117248535e-01,6.219139099121093750e-01,1.000032305717468262e+00,9.985219836235046387e-01
3.336249999999999716e+01,2.096227698107789479e+02,2.299147993326187134e-01,2.283460348844528198e-01,1.000032186508178711e+00,9.985210895538330078e-01
3.337500000000000000e+01,2.097013096271186896e+02,1.315562129020690918e-01,1.262101531028747559e-01,1.000032186508178711e+00,9.985201358795166016e-01
3.338750000000000284e+01,2.097798494434584313e+02,4.615437686443328857e-01,4.611171782016754150e-01,1.000032305717468262e+00,9.985189437866210938e-01
3.339999999999999858e+01,2.098583892597981730e+02,5.533187985420227051e-01,5.578184723854064941e-01,1.000032305717468262e+00,9.985176920890808105e-01
3.341250000000000142e+01,2.099369290761379148e+02,1.487826406955718994e-01,1.488053649663925171e-01,1.000032305717468262e+00,9.985163807868957520e-01
3.342499999999999716e+01,2.100154688924776565e+02,-4.876190423965454102e-02,-5.415563657879829407e-02,1.000032305717468262e+00,9.985148310661315918e-01
3.343750000000000000e+01,2.100940087088174266e+02,2.904792726039886475e-01,2.895964682102203369e-01,1.000032424926757812e+00,9.985132217407226562e-01
3.345000000000000284e+01,2.101725485251571683e+02,4.247555732727050781e-01,4.296637773513793945e-01,1.000032424926757812e+00,9.985116124153137207e-01
3.346249999999999858e+01,2.102510883414969101e+02,2.762886579148471355e-04,6.213883170858025551e-04,1.000032544136047363e+00,9.985100030899047852e-01
3.347500000000000142e+01,2.103296281578366518e+02,-1.990113109350204468e-01,-2.043401300907135010e-01,1.000032544136047363e+00,9.985082745552062988e-01
3.348749999999999716e+01,2.104081679741763935e+02,1.639230549335479736e-01,1.635848879814147949e-01,1.000032544136047363e+00,9.985064864158630371e-01
3.350000000000000000e+01,2.104867077905161352e+02,2.672144472599029541e-01,2.724691033363342285e-01,1.000032663345336914e+00,9.985047578811645508e-01
3.351249999999999574e+01,2.105652476068558769e+02,-1.802340745925903320e-01,-1.801897585391998291e-01,1.000032663345336914e+00,9.985029101371765137e-01
3.352499999999999858e+01,2.106437874231956187e+02,-3.328560590744018555e-01,-3.379906415939331055e-01,1.000032663345336914e+00,9.985011816024780273e-01
3.353750000000000142e+01,2.107223272395353604e+02,4.305585473775863647e-02,4.348884150385856628e-02,1.000032663345336914e+00,9.984994530677795410e-01
3.355000000000000426e+01,2.108008670558751305e+02,1.005964130163192749e-01,1.060330420732498169e-01,1.000032663345336914e+00,9.984977245330810547e-01
3.356250000000000000e+01,2.108794068722148722e+02,-3.445194661617279053e-01,-3.445811271667480469e-01,1.000032663345336914e+00,9.984961152076721191e-01
3.357500000000000284e+01,2.109579466885546140e+02,-4.684893190860748291e-01,-4.732872545719146729e-01,1.000032782554626465e+00,9.984945654869079590e-01
3.358749999999999858e+01,2.110364865048943557e+02,-1.099268123507499695e-01,-1.093499362468719482e-01,1.000032782554626465e+00,9.984931349754333496e-01
3.360000000000000142e+01,2.111150263212340974e+02,-4.534986242651939392e-02,-3.985140845179557800e-02,1.000032782554626465e+00,9.984917640686035156e-01
3.361249999999999716e+01,2.111935661375738391e+02,-4.512289166450500488e-01,-4.503984451293945312e-01,1.000032782554626465e+00,9.984905719757080078e-01
3.362500000000000000e+01,2.112721059539135808e+02,-6.229065060615539551e-01,-6.272064447402954102e-01,1.000032663345336914e+00,9.984893798828125000e-01
3.363749999999999574e+01,2.113506457702533226e+02,-3.283207714557647705e-01,-3.289167881011962891e-01,1.000032782554626465e+00,9.984881877899169922e-01
3.364999999999999858e+01,2.114291855865930643e+02,-1.682838201522827148e-01,-1.632202714681625366e-01,1.000032663345336914e+00,9.984872937202453613e-01
3.366250000000000142e+01,2.115077254029328344e+02,-4.588290154933929443e-01,-4.557052254676818848e-01,1.000032782554626465e+00,9.984864592552185059e-01
3.367500000000000426e+01,2.115862652192725761e+02,-7.473089694976806641e-01,-7.499136328697204590e-01,1.000032782554626465e+00,9.984857439994812012e-01
3.368750000000000000e+01,2.116648050356123179e+02,-6.352679133415222168e-01,-6.380872130393981934e-01,1.000032782554626465e+00,9.984850883483886719e-01
3.370000000000000284e+01,2.117433448519520596e+02,-3.743044734001159668e-01,-3.719575405120849609e-01,1.000032901763916016e+00,9.984845519065856934e-01
3.371249999999999858e+01,2.118218846682918013e+02,-3.928503990173339844e-01,-3.877583444118499756e-01,1.000032901763916016e+00,9.984840750694274902e-01
3.372500000000000142e+01,2.119004244846315430e+02,-6.736885309219360352e-01,-6.716179251670837402e-01,1.000032901763916016e+00,9.984836578369140625e-01
3.373749999999999716e+01,2.119789643009712847e+02,-8.647913932800292969e-01,-8.669105768203735352e-01,1.000032901763916016e+00,9.984833002090454102e-01
3.375000000000000000e+01,2.120575041173110264e+02,-7.845324873924255371e-01,-7.868250012397766113e-01,1.000032901763916016e+00,9.984830021858215332e-01
3.376249999999999574e+01,2.121360439336507682e+02,-5.919240713119506836e-01,-5.907367467880249023e-01,1.000032901763916016e+00,9.984827637672424316e-01
3.377499999999999858e+01,2.122145837499905383e+02,-5.293049812316894531e-01,-5.251076817512512207e-01,1.000033020973205566e+00,9.984826445579528809e-01
3.378750000000000142e+01,2.122931235663302800e+02,-6.560527086257934570e-01,-6.520438194274902344e-01,1.000032901763916016e+00,9.984824657440185547e-01
3.380000000000000426e+01,2.123716633826700217e+02,-8.462552428245544434e-01,-8.448265790939331055e-01,1.000033020973205566e+00,9.984824657440185547e-01
3.381250000000000000e+01,2.124502031990097635e+02,-9.545778632164001465e-01,-9.555667638778686523e-01,1.000033020973205566e+00,9.984824061393737793e-01
3.382500000000000284e+01,2.125287430153495052e+02,-9.376294016838073730e-01,-9.391788840293884277e-01,1.000033020973205566e+00,9.984823465347290039e-01
3.383749999999999858e+01,2.126072828316892469e+02,-8.492326736450195312e-01,-8.495715856552124023e-01,1.000032901763916016e+00,9.984822869300842285e-01
3.385000000000000142e+01,2.126858226480289886e+02,-7.680010795593261719e-01,-7.664945125579833984e-01,1.000032901763916016e+00,9.984823465347290039e-01
3.386249999999999716e+01,2.127643624643687303e+02,-7.397145032882690430e-01,-7.368075251579284668e-01,1.000032901763916016e+00,9.984822869300842285e-01
3.387500000000000000e+01,2.128429022807084721e+02,-7.657951712608337402e-01,-7.623803615570068359e-01,1.000032901763916016e+00,9.984822273254394531e-01
3.388750000000000284e+01,2.129214420970482422e+02,-8.223005533218383789e-01,-8.191384673118591309e-01,1.000032901763916016e+00,9.984822273254394531e-01
3.389999999999999858e+01,2.129999819133879839e+02,-8.828993439674377441e-01,-8.803706169128417969e-01,1.000032901763916016e+00,9.984822273254394531e-01
3.391250000000000142e+01,2.130785217297277256e+02,-9.313476681709289551e-01,-9.294909238815307617e-01,1.000032782554626465e+00,9.984822273254394531e-01
3.392499999999999716e+01,2.131570615460674674e+02,-9.628709554672241211e-01,-9.615352749824523926e-01,1.000032901763916016e+00,9.984823465347290039e-01
3.393750000000000000e+01,2.132356013624072091e+02,-9.799532294273376465e-01,-9.789429306983947754e-01,1.000032901763916016e+00,9.984823465347290039e-01
3.395000000000000284e+01,2.133141411787469508e+02,-9.875884056091308594e-01,-9.867439270019531250e-01,1.000032901763916016e+00,9.984823465347290039e-01
3.396249999999999858e+01,2.133926809950866925e+02,-9.902807474136352539e-01,-9.895033836364746094e-01,1.000032782554626465e+00,9.984824061393737793e-01
3.397500000000000142e+01,2.134712208114264342e+02,-9.909551143646240234e-01,-9.901974797248840332e-01,1.000032782554626465e+00,9.984822869300842285e-01
3.398749999999999716e+01,2.135497606277661760e+02,-9.910485744476318359e-01,-9.902945756912231445e-01,1.000032782554626465e+00,9.984824061393737793e-01
3.400000000000000000e+01,2.136283004441059461e+02,-9.910521507263183594e-01,-9.902983903884887695e-01,1.000032782554626465e+00,9.984823465347290039e-01
3.401250000000000284e+01,2.137068402604456878e+02,-9.910550117492675781e-01,-9.903015494346618652e-01,1.000032901763916016e+00,9.984823465347290039e-01
3.402499999999999858e+01,2.137853800767854295e+02,-9.911063313484191895e-01,-9.903563857078552246e-01,1.000032782554626465e+00,9.984824061393737793e-01
3.403750000000000142e+01,2.138639198931251713e+02,-9.913387894630432129e-01,-9.906091094017028809e-01,1.000032782554626465e+00,9.984823465347290039e-01
3.404999999999999716e+01,2.139424597094649130e+02,-9.918360710144042969e-01,-9.911752939224243164e-01,1.000032782554626465e+00,9.984823465347290039e-01
3.406250000000000000e+01,2.140209995258046547e+02,-9.922360181808471680e-01,-9.917464852333068848e-01,1.000032782554626465e+00,9.984823465347290039e-01
3.407500000000000284e+01,2.140995393421443964e+02,-9.911347031593322754e-01,-9.909838438034057617e-01,1.000032782554626465e+00,9.984824061393737793e-01
3.408749999999999858e+01,2.141780791584841381e+02,-9.855602383613586426e-01,-9.859583973884582520e-01,1.000032901763916016e+00,9.984823465347290039e-01
3.410000000000000142e+01,2.142566189748238799e+02,-9.711006879806518555e-01,-9.722179770469665527e-01,1.000032782554626465e+00,9.984822869300842285e-01
3.411249999999999716e+01,2.143351587911636216e+02,-9.434764385223388672e-01,-9.452942609786987305e-01,1.000032782554626465e+00,9.984822869300842285e-01
3.412500000000000000e+01,2.144136986075033917e+02,-9.019757509231567383e-01,-9.041212201118469238e-01,1.000032782554626465e+00,9.984822869300842285e-01
3.413750000000000284e+01,2.144922384238431334e+02,-8.536512851715087891e-01,-8.553478121757507324e-01,1.000032782554626465e+00,9.984822869300842285e-01
3.414999999999999858e+01,2.145707782401828752e+02,-8.147702217102050781e-01,-8.150779604911804199e-01,1.000032782554626465e+00,9.984822869300842285e-01
3.416250000000000142e+01,2.146493180565226169e+02,-8.046604990959167480e-01,-8.030714988708496094e-01,1.000032782554626465e+00,9.984823465347290039e-01
3.417499999999999716e+01,2.147278578728623586e+02,-8.305071592330932617e-01,-8.276197314262390137e-01,1.000032782554626465e+00,9.984822273254394531e-01
3.418750000000000000e+01,2.148063976892021003e+02,-8.715847730636596680e-01,-8.692100644111633301e-01,1.000032782554626465e+00,9.984821677207946777e-01
3.419999999999999574e+01,2.148849375055418420e+02,-8.816243410110473633e-01,-8.817372918128967285e-01,1.000032901763916016e+00,9.984821677207946777e-01
3.421249999999999858e+01,2.149634773218815837e+02,-8.226718902587890625e-01,-8.255531191825866699e-01,1.000032901763916016e+00,9.984820485115051270e-01
3.422500000000000142e+01,2.150420171382213255e+02,-7.123582363128662109e-01,-7.156132459640502930e-01,1.000032901763916016e+00,9.984819889068603516e-01
3.423750000000000426e+01,2.151205569545610956e+02,-6.307395100593566895e-01,-6.310029029846191406e-01,1.000032901763916016e+00,9.984818100929260254e-01
3.425000000000000000e+01,2.151990967709008373e+02,-6.485825777053833008e-01,-6.452046632766723633e-01,1.000032901763916016e+00,9.984815716743469238e-01
3.426250000000000284e+01,2.152776365872405790e+02,-7.307373285293579102e-01,-7.274070382118225098e-01,1.000032901763916016e+00,9.984813332557678223e-01
3.427499999999999858e+01,2.153561764035803208e+02,-7.454538941383361816e-01,-7.464479804039001465e-01,1.000032901763916016e+00,9.984809756278991699e-01
3.428750000000000142e+01,2.154347162199200625e+02,-6.221408843994140625e-01,-6.264691948890686035e-01,1.000032901763916016e+00,9.984805583953857422e-01
3.429999999999999716e+01,2.155132560362598042e+02,-4.762853085994720459e-01,-4.779852628707885742e-01,1.000032901763916016e+00,9.984802007675170898e-01
3.431250000000000000e+01,2.155917958525995459e+02,-4.794329404830932617e-01,-4.757482409477233887e-01,1.000032901763916016e+00,9.984796643257141113e-01
3.432499999999999574e+01,2.156703356689392876e+02,-5.939020514488220215e-01,-5.902743935585021973e-01,1.000033020973205566e+00,9.984790682792663574e-01
3.433749999999999858e+01,2.157488754852790294e+02,-5.896419882774353027e-01,-5.920013785362243652e-01,1.000033140182495117e+00,9.984782934188842773e-01
3.435000000000000142e+01,2.158274153016187995e+02,-4.057579040527343750e-01,-4.104074537754058838e-01,1.000033140182495117e+00,9.984773993492126465e-01
3.436250000000000426e+01,2.159059551179585412e+02,-2.901580929756164551e-01,-2.890527546405792236e-01,1.000033140182495117e+00,9.984765052795410156e-01
3.437500000000000000e+01,2.159844949342982829e+02,-3.940056562423706055e-01,-3.888909518718719482e-01,1.000033140182495117e+00,9.984754323959350586e-01
3.438750000000000284e+01,2.160630347506380247e+02,-4.735540747642517090e-01,-4.737399518489837646e-01,1.000033259391784668e+00,9.984742403030395508e-01
3.439999999999999858e+01,2.161415745669777664e+02,-3.079992830753326416e-01,-3.133034706115722656e-01,1.000033259391784668e+00,9.984729886054992676e-01
3.441250000000000142e+01,2.162201143833175081e+02,-1.340289115905761719e-01,-1.343534588813781738e-01,1.000033378601074219e+00,9.984716176986694336e-01
3.442499999999999716e+01,2.162986541996572498e+02,-2.204571962356567383e-01,-2.150368839502334595e-01,1.000033378601074219e+00,9.984701871871948242e-01
3.443750000000000000e+01,2.163771940159969915e+02,-3.297631144523620605e-01,-3.292740583419799805e-01,1.000033378601074219e+00,9.984686970710754395e-01
3.444999999999999574e+01,2.164557338323367333e+02,-1.654751300811767578e-01,-1.709897965192794800e-01,1.000033378601074219e+00,9.984670877456665039e-01
3.446249999999999858e+01,2.165342736486765034e+02,2.242565900087356567e-02,2.205127291381359100e-02,1.000033497810363770e+00,9.984653592109680176e-01
3.447500000000000142e+01,2.166128134650162451e+02,-7.220201939344406128e-02,-6.660617887973785400e-02,1.000033497810363770e+00,9.984636902809143066e-01
3.448750000000000426e+01,2.166913532813559868e+02,-1.786555051803588867e-01,-1.785650700330734253e-01,1.000033617019653320e+00,9.984618425369262695e-01
3.450000000000000000e+01,2.167698930976957286e+02,2.769589424133300781e-03,-2.859239466488361359e-03,1.000033497810363770e+00,9.984601140022277832e-01
3.451250000000000284e+01,2.168484329140354703e+02,1.784831285476684570e-01,1.787406355142593384e-01,1.000033617019653320e+00,9.984582662582397461e-01
3.452499999999999858e+01,2.169269727303752120e+02,6.668846309185028076e-02,7.229942083358764648e-02,1.000033617019653320e+00,9.984564781188964844e-01
3.453750000000000142e+01,2.170055125467149537e+02,-2.196982689201831818e-02,-2.251608856022357941e-02,1.000033736228942871e+00,9.984547495841979980e-01
3.454999999999999716e+01,2.170840523630546954e+02,1.709242761135101318e-01,1.653656512498855591e-01,1.000033736228942871e+00,9.984530210494995117e-01
3.456250000000000000e+01,2.171625921793944372e+02,3.291976451873779297e-01,3.298523724079132080e-01,1.000033736228942871e+00,9.984514117240905762e-01
3.457500000000000284e+01,2.172411319957342073e+02,2.150911986827850342e-01,2.205739170312881470e-01,1.000033855438232422e+00,9.984498620033264160e-01
3.458749999999999858e+01,2.173196718120739490e+02,1.344360709190368652e-01,1.339377462863922119e-01,1.000033855438232422e+00,9.984483122825622559e-01
3.460000000000000142e+01,2.173982116284136907e+02,3.132702708244323730e-01,3.078650832176208496e-01,1.000033855438232422e+00,9.984469413757324219e-01
3.461249999999999716e+01,2.174767514447534325e+02,4.736600220203399658e-01,4.736283123493194580e-01,1.000033855438232422e+00,9.984456300735473633e-01
3.462500000000000000e+01,2.175552912610931742e+02,3.889104127883911133e-01,3.941504955291748047e-01,1.000033974647521973e+00,9.984444975852966309e-01
3.463750000000000284e+01,2.176338310774329159e+02,2.891379296779632568e-01,2.901072204113006592e-01,1.000033855438232422e+00,9.984434843063354492e-01
3.464999999999999858e+01,2.177123708937726576e+02,4.104193747043609619e-01,4.055911898612976074e-01,1.000033974647521973e+00,9.984425902366638184e-01
3.466250000000000142e+01,2.177909107101123993e+02,5.919311046600341797e-01,5.896345376968383789e-01,1.000033974647521973e+00,9.984417557716369629e-01
3.467499999999999716e+01,2.178694505264521410e+02,5.902420282363891602e-01,5.940582752227783203e-01,1.000033974647521973e+00,9.984410405158996582e-01
3.468750000000000000e+01,2.179479903427919112e+02,4.758100807666778564e-01,4.794985651969909668e-01,1.000033974647521973e+00,9.984404444694519043e-01
3.470000000000000284e+01,2.180265301591316529e+02,4.780562222003936768e-01,4.761570692062377930e-01,1.000034093856811523e+00,9.984399080276489258e-01
3.471249999999999858e+01,2.181050699754713946e+02,6.264598965644836426e-01,6.219978928565979004e-01,1.000034093856811523e+00,9.984395503997802734e-01
3.472500000000000142e+01,2.181836097918111363e+02,7.463851571083068848e-01,7.454783916473388672e-01,1.000034213066101074e+00,9.984390735626220703e-01
3.473749999999999716e+01,2.182621496081508781e+02,7.273817062377929688e-01,7.308796644210815430e-01,1.000034213066101074e+00,9.984387755393981934e-01
3.475000000000000000e+01,2.183406894244906198e+02,6.452533006668090820e-01,6.486574411392211914e-01,1.000034213066101074e+00,9.984384775161743164e-01
3.476249999999999574e+01,2.184192292408303615e+02,6.310748457908630371e-01,6.306626200675964355e-01,1.000034213066101074e+00,9.984382390975952148e-01
3.477499999999999858e+01,2.184977690571701032e+02,7.156423926353454590e-01,7.122151255607604980e-01,1.000034213066101074e+00,9.984380602836608887e-01
3.478750000000000142e+01,2.185763088735098449e+02,8.255255818367004395e-01,8.225942254066467285e-01,1.000034213066101074e+00,9.984380602836608887e-01
3.479999999999999716e+01,2.186548486898495867e+02,8.816911578178405762e-01,8.816629052162170410e-01,1.000034213066101074e+00,9.984379410743713379e-01
3.481250000000000000e+01,2.187333885061893568e+02,8.691898584365844727e-01,8.716889023780822754e-01,1.000034332275390625e+00,9.984378814697265625e-01
3.482500000000000284e+01,2.188119283225290985e+02,8.276426792144775391e-01,8.305904269218444824e-01,1.000034213066101074e+00,9.984377622604370117e-01
3.483749999999999858e+01,2.188904681388688402e+02,8.031227588653564453e-01,8.046706914901733398e-01,1.000034213066101074e+00,9.984377026557922363e-01
3.485000000000000142e+01,2.189690079552085820e+02,8.151309490203857422e-01,8.147097229957580566e-01,1.000034213066101074e+00,9.984377026557922363e-01
3.486249999999999716e+01,2.190475477715483237e+02,8.553829789161682129e-01,8.535566329956054688e-01,1.000034213066101074e+00,9.984376430511474609e-01
3.487500000000000000e+01,2.191260875878880654e+02,9.041328430175781250e-01,9.018861651420593262e-01,1.000034213066101074e+00,9.984377026557922363e-01
3.488749999999999574e+01,2.192046274042278071e+02,9.452883601188659668e-01,9.434154629707336426e-01,1.000034213066101074e+00,9.984377026557922363e-01
3.489999999999999858e+01,2.192831672205675488e+02,9.722033739089965820e-01,9.710732698440551758e-01,1.000034332275390625e+00,9.984377026557922363e-01
3.491249999999999432e+01,2.193617070369072906e+02,9.859432578086853027e-01,9.855599999427795410e-01,1.000034213066101074e+00,9.984377622604370117e-01
3.492500000000000426e+01,2.194402468532470607e+02,9.909720420837402344e-01,9.911508560180664062e-01,1.000034332275390625e+00,9.984378218650817871e-01
3.493750000000000000e+01,2.195187866695868024e+02,9.917393326759338379e-01,9.922601580619812012e-01,1.000034332275390625e+00,9.984377622604370117e-01
3.495000000000000284e+01,2.195973264859265441e+02,9.911722540855407715e-01,9.918625354766845703e-01,1.000034332275390625e+00,9.984377622604370117e-01
3.496249999999999858e+01,2.196758663022662859e+02,9.906088113784790039e-01,9.913650155067443848e-01,1.000034332275390625e+00,9.984377622604370117e-01
3.497500000000000142e+01,2.197544061186060276e+02,9.903576374053955078e-01,9.911317229270935059e-01,1.000034332275390625e+00,9.984377622604370117e-01
3.498749999999999716e+01,2.198329459349457693e+02,9.903033971786499023e-01,9.910801053047180176e-01,1.000034332275390625e+00,9.984377026557922363e-01
3.500000000000000000e+01,2.199114857512855110e+02,9.903004169464111328e-01,9.910771250724792480e-01,1.000034332275390625e+00,9.984377026557922363e-01
3.501249999999999574e+01,2.199900255676252527e+02,9.902967214584350586e-01,9.910733699798583984e-01,1.000034332275390625e+00,9.984377026557922363e-01
3.502499999999999858e+01,2.200685653839649945e+02,9.902002215385437012e-01,9.909794330596923828e-01,1.000034451484680176e+00,9.984377622604370117e-01
3.503750000000000142e+01,2.201471052003047646e+02,9.895076751708984375e-01,9.903044104576110840e-01,1.000034451484680176e+00,9.984377622604370117e-01
3.505000000000000426e+01,2.202256450166445063e+02,9.867510199546813965e-01,9.876119494438171387e-01,1.000034451484680176e+00,9.984377622604370117e-01
3.506250000000000000e+01,2.203041848329842480e+02,9.789541959762573242e-01,9.799787998199462891e-01,1.000034451484680176e+00,9.984378218650817871e-01
3.507500000000000284e+01,2.203827246493239898e+02,9.615509510040283203e-01,9.629034996032714844e-01,1.000034451484680176e+00,9.984378218650817871e-01
3.508749999999999858e+01,2.204612644656637315e+02,9.295098781585693359e-01,9.313956499099731445e-01,1.000034451484680176e+00,9.984378218650817871e-01
3.510000000000000142e+01,2.205398042820034732e+02,8.803889155387878418e-01,8.829719424247741699e-01,1.000034332275390625e+00,9.984377622604370117e-01
3.511249999999999716e+01,2.206183440983432149e+02,8.191489577293395996e-01,8.224048614501953125e-01,1.000034332275390625e+00,9.984377622604370117e-01
3.512500000000000000e+01,2.206968839146829566e+02,7.623724341392517090e-01,7.659259438514709473e-01,1.000034332275390625e+00,9.984377622604370117e-01
3.513749999999999574e+01,2.207754237310226983e+02,7.367749214172363281e-01,7.398506999015808105e-01,1.000034332275390625e+00,9.984378218650817871e-01
3.514999999999999858e+01,2.208539635473624685e+02,7.664413452148437500e-01,7.681066393852233887e-01,1.000034451484680176e+00,9.984377622604370117e-01
3.516250000000000142e+01,2.209325033637022102e+02,8.495174050331115723e-01,8.492728471755981445e-01,1.000034451484680176e+00,9.984376430511474609e-01
3.517500000000000426e+01,2.210110431800419519e+02,9.391520023345947266e-01,9.375985860824584961e-01,1.000034451484680176e+00,9.984375834465026855e-01
3.518750000000000000e+01,2.210895829963816936e+02,9.555870294570922852e-01,9.545230269432067871e-01,1.000034570693969727e+00,9.984375834465026855e-01
3.520000000000000284e+01,2.211681228127214354e+02,8.448791503906250000e-01,8.462567329406738281e-01,1.000034570693969727e+00,9.984375834465026855e-01
3.521249999999999858e+01,2.212466626290611771e+02,6.520780920982360840e-01,6.561620831489562988e-01,1.000034451484680176e+00,9.984375238418579102e-01
3.522500000000000142e+01,2.213252024454009188e+02,5.250793695449829102e-01,5.294806957244873047e-01,1.000034570693969727e+00,9.984373450279235840e-01
3.523749999999999716e+01,2.214037422617406605e+02,5.906591415405273438e-01,5.920397043228149414e-01,1.000034570693969727e+00,9.984372258186340332e-01
3.525000000000000000e+01,2.214822820780804022e+02,7.867707014083862305e-01,7.845013141632080078e-01,1.000034570693969727e+00,9.984369874000549316e-01
3.526250000000000284e+01,2.215608218944201724e+02,8.669362664222717285e-01,8.646925091743469238e-01,1.000034570693969727e+00,9.984366893768310547e-01
3.527499999999999858e+01,2.216393617107599141e+02,6.716838479042053223e-01,6.737003326416015625e-01,1.000034570693969727e+00,9.984363913536071777e-01
3.528750000000000142e+01,2.217179015270996558e+02,3.877664506435394287e-01,3.930247128009796143e-01,1.000034689903259277e+00,9.984359741210937500e-01
3.529999999999999716e+01,2.217964413434393975e+02,3.718858063220977783e-01,3.744547963142395020e-01,1.000034689903259277e+00,9.984354376792907715e-01
3.531250000000000000e+01,2.218749811597791393e+02,6.380333900451660156e-01,6.352158784866333008e-01,1.000034689903259277e+00,9.984349608421325684e-01
3.532500000000000284e+01,2.219535209761188810e+02,7.499510645866394043e-01,7.471849322319030762e-01,1.000034689903259277e+00,9.984343051910400391e-01
3.533749999999999858e+01,2.220320607924586227e+02,4.557582437992095947e-01,4.588957726955413818e-01,1.000034689903259277e+00,9.984335899353027344e-01
3.535000000000000142e+01,2.221106006087983644e+02,1.631894409656524658e-01,1.684862226247787476e-01,1.000034809112548828e+00,9.984326958656311035e-01
3.536249999999999716e+01,2.221891404251381061e+02,3.288541436195373535e-01,3.283460438251495361e-01,1.000034809112548828e+00,9.984317421913146973e-01
3.537500000000000000e+01,2.222676802414778763e+02,6.272163987159729004e-01,6.227451562881469727e-01,1.000034809112548828e+00,9.984307289123535156e-01
3.538750000000000284e+01,2.223462200578176180e+02,4.504402279853820801e-01,4.512387514114379883e-01,1.000034809112548828e+00,9.984294772148132324e-01
3.539999999999999858e+01,2.224247598741573597e+02,3.982902690768241882e-02,4.556830227375030518e-02,1.000034928321838379e+00,9.984282255172729492e-01
3.541250000000000142e+01,2.225032996904971014e+02,1.093151867389678955e-01,1.099552288651466370e-01,1.000034928321838379e+00,9.984268546104431152e-01
3.542499999999999716e+01,2.225818395068368432e+02,4.733091294765472412e-01,4.682901203632354736e-01,1.000034928321838379e+00,9.984254240989685059e-01
3.543750000000000000e+01,2.226603793231765849e+02,3.445884585380554199e-01,3.445349931716918945e-01,1.000034928321838379e+00,9.984239339828491211e-01
3.544999999999999574e+01,2.227389191395163266e+02,-1.060722023248672485e-01,-1.003567501902580261e-01,1.000034928321838379e+00,9.984223842620849609e-01
3.546249999999999858e+01,2.228174589558560683e+02,-4.347710683941841125e-02,-4.307817667722702026e-02,1.000034928321838379e+00,9.984206557273864746e-01
3.547500000000000142e+01,2.228959987721958100e+02,3.380416035652160645e-01,3.326144814491271973e-01,1.000035047531127930e+00,9.984189867973327637e-01
3.548750000000000426e+01,2.229745385885355802e+02,1.801498234272003174e-01,1.802991479635238647e-01,1.000035047531127930e+00,9.984171986579895020e-01
3.550000000000000000e+01,2.230530784048753219e+02,-2.725336253643035889e-01,-2.669591009616851807e-01,1.000035166740417480e+00,9.984154701232910156e-01
3.551250000000000284e+01,2.231316182212150636e+02,-1.635131239891052246e-01,-1.640297770500183105e-01,1.000035166740417480e+00,9.984135627746582031e-01
3.552499999999999858e+01,2.232101580375548053e+02,2.044165432453155518e-01,1.987480223178863525e-01,1.000035166740417480e+00,9.984118938446044922e-01
3.553750000000000142e+01,2.232886978538945471e+02,-7.210173644125461578e-04,-1.420948101440444589e-04,1.000035166740417480e+00,9.984101653099060059e-01
3.554999999999999716e+01,2.233672376702342888e+02,-4.297439754009246826e-01,-4.245075285434722900e-01,1.000035166740417480e+00,9.984084367752075195e-01
3.556250000000000000e+01,2.234457774865740305e+02,-2.894712090492248535e-01,-2.906599044799804688e-01,1.000035166740417480e+00,9.984068274497985840e-01
3.557499999999999574e+01,2.235243173029137722e+02,5.424837395548820496e-02,4.848772287368774414e-02,1.000035166740417480e+00,9.984052777290344238e-01
3.558749999999999858e+01,2.236028571192535139e+02,-1.489402204751968384e-01,-1.486139744520187378e-01,1.000035166740417480e+00,9.984038472175598145e-01
3.560000000000000142e+01,2.236813969355932841e+02,-5.579187273979187012e-01,-5.530614852905273438e-01,1.000035285949707031e+00,9.984024763107299805e-01
3.561250000000000426e+01,2.237599367519330258e+02,-4.609666168689727783e-01,-4.617387950420379639e-01,1.000035285949707031e+00,9.984012246131896973e-01
3.562500000000000000e+01,2.238384765682727675e+02,-1.260722577571868896e-01,-1.318781226873397827e-01,1.000035405158996582e+00,9.984000921249389648e-01
3.563750000000000284e+01,2.239170163846125092e+02,-2.284719496965408325e-01,-2.298100143671035767e-01,1.000035405158996582e+00,9.983989596366882324e-01
3.564999999999999858e+01,2.239955562009522509e+02,-6.220735907554626465e-01,-6.179069280624389648e-01,1.000035524368286133e+00,9.983981251716613770e-01
3.566250000000000142e+01,2.240740960172919927e+02,-6.811176538467407227e-01,-6.798495650291442871e-01,1.000035524368286133e+00,9.983972311019897461e-01
3.567499999999999716e+01,2.241526358336317344e+02,-3.893963694572448730e-01,-3.941613733768463135e-01,1.000035524368286133e+00,9.983964562416076660e-01
3.568750000000000000e+01,2.242311756499714761e+02,-2.810318768024444580e-01,-2.853750884532928467e-01,1.000035524368286133e+00,9.983958005905151367e-01
3.569999999999999574e+01,2.243097154663112178e+02,-5.462984442710876465e-01,-5.450784564018249512e-01,1.000035524368286133e+00,9.983952641487121582e-01
3.571249999999999858e+01,2.243882552826509595e+02,-8.135696649551391602e-01,-8.101409673690795898e-01,1.000035643577575684e+00,9.983947277069091797e-01
3.572500000000000142e+01,2.244667950989907297e+02,-7.637100815773010254e-01,-7.640771269798278809e-01,1.000035643577575684e+00,9.983943104743957520e-01
3.573750000000000426e+01,2.245453349153304714e+02,-5.360053777694702148e-01,-5.406674146652221680e-01,1.000035643577575684e+00,9.983940720558166504e-01
3.575000000000000000e+01,2.246238747316702131e+02,-4.580755531787872314e-01,-4.624129235744476318e-01,1.000035643577575684e+00,9.983937144279479980e-01
3.576250000000000284e+01,2.247024145480099548e+02,-6.233645677566528320e-01,-6.238545775413513184e-01,1.000035643577575684e+00,9.983935952186584473e-01
3.577499999999999858e+01,2.247809543643496966e+02,-8.488558530807495117e-01,-8.465428352355957031e-01,1.000035762786865234e+00,9.983933568000793457e-01
3.578750000000000142e+01,2.248594941806894383e+02,-9.337410926818847656e-01,-9.321752190589904785e-01,1.000035762786865234e+00,9.983932375907897949e-01
3.579999999999999716e+01,2.249380339970291800e+02,-8.517097234725952148e-01,-8.531443476676940918e-01,1.000035762786865234e+00,9.983931779861450195e-01
3.581250000000000000e+01,2.250165738133689217e+02,-7.193060517311096191e-01,-7.231948971748352051e-01,1.000035762786865234e+00,9.983931183815002441e-01
3.582499999999999574e+01,2.250951136297086634e+02,-6.562286019325256348e-01,-6.604374051094055176e-01,1.000035881996154785e+00,9.983931183815002441e-01
3.583749999999999858e+01,2.251736534460484336e+02,-6.973927617073059082e-01,-7.001318335533142090e-01,1.000035762786865234e+00,9.983929991722106934e-01
3.585000000000000142e+01,2.252521932623881753e+02,-8.017477989196777344e-01,-8.025458455085754395e-01,1.000035881996154785e+00,9.983930587768554688e-01
3.586250000000000426e+01,2.253307330787279170e+02,-9.075575470924377441e-01,-9.070462584495544434e-01,1.000035762786865234e+00,9.983929991722106934e-01
3.587500000000000000e+01,2.254092728950676587e+02,-9.753674268722534180e-01,-9.745476841926574707e-01,1.000035762786865234e+00,9.983929991722106934e-01
3.588750000000000284e+01,2.254878127114074005e+02,-9.981248974800109863e-01,-9.977677464485168457e-01,1.000035762786865234e+00,9.983929991722106934e-01
3.589999999999999858e+01,2.255663525277471422e+02,-9.893631339073181152e-01,-9.897994399070739746e-01,1.000035762786865234e+00,9.983930587768554688e-01
3.591250000000000142e+01,2.256448923440868839e+02,-9.673752784729003906e-01,-9.685774445533752441e-01,1.000035762786865234e+00,9.983931183815002441e-01
3.592499999999999716e+01,2.257234321604266256e+02,-9.455356597900390625e-01,-9.473002552986145020e-01,1.000035762786865234e+00,9.983931183815002441e-01
3.593750000000000000e+01,2.258019719767663673e+02,-9.299296140670776367e-01,-9.320289492607116699e-01,1.000035762786865234e+00,9.983931779861450195e-01
3.595000000000000284e+01,2.258805117931061375e+02,-9.212010502815246582e-01,-9.234622716903686523e-01,1.000035762786865234e+00,9.983931779861450195e-01
3.596249999999999858e+01,2.259590516094458792e+02,-9.174228310585021973e-01,-9.197449088096618652e-01,1.000035762786865234e+00,9.983931779861450195e-01
3.597500000000000142e+01,2.260375914257856209e+02,-9.162644147872924805e-01,-9.186017513275146484e-01,1.000035762786865234e+00,9.983931779861450195e-01
3.598749999999999716e+01,2.261161312421253626e+02,-9.160662293434143066e-01,-9.184051752090454102e-01,1.000035762786865234e+00,9.983931183815002441e-01
3.600000000000000000e+01,2.261946710584651044e+02,-9.160567522048950195e-01,-9.183955788612365723e-01,1.000035643577575684e+00,9.983931183815002441e-01
3.601250000000000284e+01,2.262732108748048461e+02,-9.160467386245727539e-01,-9.183852672576904297e-01,1.000035643577575684e+00,9.983931779861450195e-01
3.602499999999999858e+01,2.263517506911445878e+02,-9.158095717430114746e-01,-9.181496500968933105e-01,1.000035643577575684e+00,9.983932375907897949e-01
3.603750000000000142e+01,2.264302905074843295e+02,-9.142426252365112305e-01,-9.165970683097839355e-01,1.000035643577575684e+00,9.983932375907897949e-01
3.604999999999999716e+01,2.265088303238240712e+02,-9.084355831146240234e-01,-9.108455181121826172e-01,1.000035643577575684e+00,9.983932375907897949e-01
3.606250000000000000e+01,2.265873701401638414e+02,-8.930197954177856445e-01,-8.955740332603454590e-01,1.000035643577575684e+00,9.983932971954345703e-01
3.607500000000000284e+01,2.266659099565035831e+02,-8.606057167053222656e-01,-8.634514212608337402e-01,1.000035643577575684e+00,9.983932375907897949e-01
3.608749999999999858e+01,2.267444497728433248e+02,-8.044750690460205078e-01,-8.077964782714843750e-01,1.000035643577575684e+00,9.983932375907897949e-01
3.610000000000000142e+01,2.268229895891830665e+02,-7.243386507034301758e-01,-7.282781004905700684e-01,1.000035643577575684e+00,9.983932375907897949e-01
3.611249999999999716e+01,2.269015294055228082e+02,-6.340304613113403320e-01,-6.385549902915954590e-01,1.000035643577575684e+00,9.983932375907897949e-01
3.612500000000000000e+01,2.269800692218625500e+02,-5.661993622779846191e-01,-5.709547400474548340e-01,1.000035643577575684e+00,9.983931779861450195e-01
3.613749999999999574e+01,2.270586090382022917e+02,-5.652350187301635742e-01,-5.695084333419799805e-01,1.000035524368286133e+00,9.983931183815002441e-01
3.614999999999999858e+01,2.271371488545420334e+02,-6.612507700920104980e-01,-6.641954183578491211e-01,1.000035524368286133e+00,9.983930587768554688e-01
3.616250000000000142e+01,2.272156886708817751e+02,-8.313461542129516602e-01,-8.325203657150268555e-01,1.000035524368286133e+00,9.983929991722106934e-01
3.617500000000000426e+01,2.272942284872215453e+02,-9.781071543693542480e-01,-9.780812263488769531e-01,1.000035524368286133e+00,9.983929395675659180e-01
3.618750000000000000e+01,2.273727683035612870e+02,-9.686650633811950684e-01,-9.690902233123779297e-01,1.000035524368286133e+00,9.983928799629211426e-01
3.620000000000000284e+01,2.274513081199010287e+02,-7.454197406768798828e-01,-7.480553984642028809e-01,1.000035524368286133e+00,9.983929395675659180e-01
3.621249999999999858e+01,2.275298479362407704e+02,-4.330882430076599121e-01,-4.381333589553833008e-01,1.000035524368286133e+00,9.983928203582763672e-01
3.622500000000000142e+01,2.276083877525805121e+02,-2.988494932651519775e-01,-3.040914535522460938e-01,1.000035643577575684e+00,9.983926415443420410e-01
3.623749999999999716e+01,2.276869275689202539e+02,-5.067739486694335938e-01,-5.091814994812011719e-01,1.000035643577575684e+00,9.983924627304077148e-01
3.625000000000000000e+01,2.277654673852599956e+02,-8.665863275527954102e-01,-8.656460642814636230e-01,1.000035643577575684e+00,9.983922839164733887e-01
3.626249999999999574e+01,2.278440072015997373e+02,-9.387865662574768066e-01,-9.378927946090698242e-01,1.000035524368286133e+00,9.983919858932495117e-01
3.627499999999999858e+01,2.279225470179394790e+02,-5.480477809906005859e-01,-5.510228872299194336e-01,1.000035643577575684e+00,9.983916282653808594e-01
3.628750000000000142e+01,2.280010868342792492e+02,-1.246196180582046509e-01,-1.304421126842498779e-01,1.000035643577575684e+00,9.983913302421569824e-01
3.630000000000000426e+01,2.280796266506189909e+02,-2.399195879697799683e-01,-2.431546002626419067e-01,1.000035762786865234e+00,9.983908534049987793e-01
3.631250000000000000e+01,2.281581664669587326e+02,-7.493051886558532715e-01,-7.475960850715637207e-01,1.000035762786865234e+00,9.983902573585510254e-01
3.632500000000000284e+01,2.282367062832984743e+02,-8.503252267837524414e-01,-8.487229943275451660e-01,1.000035762786865234e+00,9.983897209167480469e-01
3.633749999999999858e+01,2.283152460996382160e+02,-2.880249023437500000e-01,-2.917813956737518311e-01,1.000035762786865234e+00,9.983890652656555176e-01
3.635000000000000142e+01,2.283937859159779578e+02,9.147337079048156738e-02,8.593309670686721802e-02,1.000035762786865234e+00,9.983881115913391113e-01
3.636249999999999716e+01,2.284723257323176995e+02,-3.431885540485382080e-01,-3.432923555374145508e-01,1.000035762786865234e+00,9.983872175216674805e-01
3.637500000000000000e+01,2.285508655486574412e+02,-8.138805627822875977e-01,-8.104468584060668945e-01,1.000035881996154785e+00,9.983860850334167480e-01
3.638749999999999574e+01,2.286294053649971829e+02,-3.938549757003784180e-01,-3.952967524528503418e-01,1.000035881996154785e+00,9.983848929405212402e-01
3.639999999999999858e+01,2.287079451813369246e+02,2.312955707311630249e-01,2.255540788173675537e-01,1.000036001205444336e+00,9.983836412429809570e-01
3.641250000000000142e+01,2.287864849976766948e+02,-7.653684914112091064e-02,-7.739835232496261597e-02,1.000035881996154785e+00,9.983822107315063477e-01
3.642500000000000426e+01,2.288650248140164365e+02,-6.910479664802551270e-01,-6.868406534194946289e-01,1.000036001205444336e+00,9.983807802200317383e-01
3.643750000000000000e+01,2.289435646303561782e+02,-3.337975740432739258e-01,-3.342658579349517822e-01,1.000036001205444336e+00,9.983792901039123535e-01
3.645000000000000284e+01,2.290221044466959199e+02,3.697613477706909180e-01,3.642734289169311523e-01,1.000036120414733887e+00,9.983776211738586426e-01
3.646249999999999858e+01,2.291006442630356617e+02,6.125150248408317566e-02,6.092061102390289307e-02,1.000036001205444336e+00,9.983759522438049316e-01
3.647500000000000142e+01,2.291791840793754034e+02,-5.788084268569946289e-01,-5.739772915840148926e-01,1.000036120414733887e+00,9.983741641044616699e-01
3.648749999999999716e+01,2.292577238957151451e+02,-1.682214587926864624e-01,-1.686763763427734375e-01,1.000036001205444336e+00,9.983724355697631836e-01
3.650000000000000000e+01,2.293362637120548868e+02,5.220773220062255859e-01,5.169994235038757324e-01,1.000036120414733887e+00,9.983706474304199219e-01
3.651249999999999574e+01,2.294148035283946285e+02,1.363543272018432617e-01,1.371670216321945190e-01,1.000036120414733887e+00,9.983688592910766602e-01
3.652499999999999858e+01,2.294933433447343987e+02,-4.603466987609863281e-01,-4.550742805004119873e-01,1.000036001205444336e+00,9.983671307563781738e-01
3.653750000000000142e+01,2.295718831610741404e+02,2.341339364647865295e-02,2.278017438948154449e-02,1.000036120414733887e+00,9.983652234077453613e-01
3.655000000000000426e+01,2.296504229774138821e+02,6.566700339317321777e-01,6.521912217140197754e-01,1.000036120414733887e+00,9.983635544776916504e-01
3.656250000000000000e+01,2.297289627937536238e+02,2.282076030969619751e-01,2.299335151910781860e-01,1.000036001205444336e+00,9.983618855476379395e-01
3.657500000000000284e+01,2.298075026100933655e+02,-3.195549547672271729e-01,-3.139607608318328857e-01,1.000036120414733887e+00,9.983603954315185547e-01
3.658749999999999858e+01,2.298860424264331073e+02,1.524572521448135376e-01,1.522639691829681396e-01,1.000036120414733887e+00,9.983589053153991699e-01
3.660000000000000142e+01,2.299645822427728490e+02,7.611667513847351074e-01,7.572675943374633789e-01,1.000036239624023438e+00,9.983575940132141113e-01
3.661249999999999716e+01,2.300431220591125907e+02,4.140097796916961670e-01,4.156337082386016846e-01,1.000036120414733887e+00,9.983563423156738281e-01
3.662500000000000000e+01,2.301216618754523324e+02,-1.461156606674194336e-01,-1.401728838682174683e-01,1.000036120414733887e+00,9.983551502227783203e-01
3.663750000000000284e+01,2.302002016917921026e+02,1.509162932634353638e-01,1.524681299924850464e-01,1.000036120414733887e+00,9.983541369438171387e-01
3.664999999999999858e+01,2.302787415081318443e+02,7.875849604606628418e-01,7.844217419624328613e-01,1.000036120414733887e+00,9.983531832695007324e-01
3.666250000000000142e+01,2.303572813244715860e+02,7.197193503379821777e-01,7.196812629699707031e-01,1.000036239624023438e+00,9.983523488044738770e-01
3.667499999999999716e+01,2.304358211408113277e+02,1.596374958753585815e-01,1.650504618883132935e-01,1.000036239624023438e+00,9.983515739440917969e-01
3.668750000000000000e+01,2.305143609571510694e+02,6.544584780931472778e-02,7.009020447731018066e-02,1.000036239624023438e+00,9.983509182929992676e-01
3.670000000000000284e+01,2.305929007734908112e+02,5.740482807159423828e-01,5.735892057418823242e-01,1.000036239624023438e+00,9.983503222465515137e-01
3.671249999999999858e+01,2.306714405898305529e+02,9.403006434440612793e-01,9.382354617118835449e-01,1.000036239624023438e+00,9.983499646186828613e-01
3.672500000000000142e+01,2.307499804061702946e+02,7.243305444717407227e-01,7.260476946830749512e-01,1.000036358833312988e+00,9.983494877815246582e-01
3.673749999999999716e+01,2.308285202225100363e+02,3.048484027385711670e-01,3.103848099708557129e-01,1.000036478042602539e+00,9.983491301536560059e-01
3.675000000000000000e+01,2.309070600388498065e+02,2.369439005851745605e-01,2.418905496597290039e-01,1.000036478042602539e+00,9.983488917350769043e-01
3.676250000000000284e+01,2.309855998551895482e+02,5.694397687911987305e-01,5.707980990409851074e-01,1.000036478042602539e+00,9.983486533164978027e-01
3.677499999999999858e+01,2.310641396715292899e+02,9.190915226936340332e-01,9.181192517280578613e-01,1.000036478042602539e+00,9.983485341072082520e-01
3.678750000000000142e+01,2.311426794878690316e+02,9.726508855819702148e-01,9.726634621620178223e-01,1.000036478042602539e+00,9.983482956886291504e-01
3.679999999999999716e+01,2.312212193042087733e+02,7.585040330886840820e-01,7.613943815231323242e-01,1.000036478042602539e+00,9.983482360839843750e-01
3.681250000000000000e+01,2.312997591205485151e+02,5.160428285598754883e-01,5.211008191108703613e-01,1.000036478042602539e+00,9.983481764793395996e-01
3.682499999999999574e+01,2.313782989368882568e+02,4.361404180526733398e-01,4.413317441940307617e-01,1.000036478042602539e+00,9.983481168746948242e-01
3.683749999999999858e+01,2.314568387532279985e+02,5.399461388587951660e-01,5.436951518058776855e-01,1.000036478042602539e+00,9.983481764793395996e-01
3.685000000000000142e+01,2.315353785695677402e+02,7.289006114006042480e-01,7.308918833732604980e-01,1.000036358833312988e+00,9.983480572700500488e-01
3.686250000000000426e+01,2.316139183859075104e+02,8.924035429954528809e-01,8.933012485504150391e-01,1.000036478042602539e+00,9.983480572700500488e-01
3.687500000000000000e+01,2.316924582022472521e+02,9.742290973663330078e-01,9.749730229377746582e-01,1.000036478042602539e+00,9.983481764793395996e-01
3.688750000000000284e+01,2.317709980185869938e+02,9.768910408020019531e-01,9.781641960144042969e-01,1.000036358833312988e+00,9.983481168746948242e-01
3.689999999999999858e+01,2.318495378349267355e+02,9.330989122390747070e-01,9.351617693901062012e-01,1.000036358833312988e+00,9.983481168746948242e-01
3.691250000000000142e+01,2.319280776512664772e+02,8.770160079002380371e-01,8.798052668571472168e-01,1.000036358833312988e+00,9.983481168746948242e-01
3.692499999999999716e+01,2.320066174676062190e+02,8.299315571784973145e-01,8.332372903823852539e-01,1.000036478042602539e+00,9.983479976654052734e-01
3.693750000000000000e+01,2.320851572839459607e+02,7.991124391555786133e-01,8.027168512344360352e-01,1.000036358833312988e+00,9.983480572700500488e-01
3.694999999999999574e+01,2.321636971002857024e+02,7.828727960586547852e-01,7.866161465644836426e-01,1.000036358833312988e+00,9.983480572700500488e-01
3.696249999999999858e+01,2.322422369166254441e+02,7.761619091033935547e-01,7.799541354179382324e-01,1.000036478042602539e+00,9.983480572700500488e-01
3.697500000000000142e+01,2.323207767329652143e+02,7.741830348968505859e-01,7.779858112335205078e-01,1.000036358833312988e+00,9.983480572700500488e-01
3.698750000000000426e+01,2.323993165493049560e+02,7.738559842109680176e-01,7.776588797569274902e-01,1.000036358833312988e+00,9.983481168746948242e-01
3.700000000000000000e+01,2.324778563656446977e+02,7.738409638404846191e-01,7.776433825492858887e-01,1.000036358833312988e+00,9.983481168746948242e-01
3.701250000000000284e+01,2.325563961819844394e+02,7.738252878189086914e-01,7.776274085044860840e-01,1.000036478042602539e+00,9.983481168746948242e-01
3.702499999999999858e+01,2.326349359983241811e+02,7.734653949737548828e-01,7.772673964500427246e-01,1.000036358833312988e+00,9.983481764793395996e-01
3.703750000000000142e+01,2.327134758146639228e+02,7.711412310600280762e-01,7.749522328376770020e-01,1.000036478042602539e+00,9.983482360839843750e-01
3.704999999999999716e+01,2.327920156310036646e+02,7.627161741256713867e-01,7.665680050849914551e-01,1.000036358833312988e+00,9.983482956886291504e-01
3.706250000000000000e+01,2.328705554473434063e+02,7.408270835876464844e-01,7.447898387908935547e-01,1.000036358833312988e+00,9.983482956886291504e-01
3.707499999999999574e+01,2.329490952636831480e+02,6.958107948303222656e-01,7.000004649162292480e-01,1.000036358833312988e+00,9.983484148979187012e-01
3.708750000000000568e+01,2.330276350800229181e+02,6.197600960731506348e-01,6.243233680725097656e-01,1.000036358833312988e+00,9.983483552932739258e-01
3.710000000000000142e+01,2.331061748963626599e+02,5.145546197891235352e-01,5.196051597595214844e-01,1.000036478042602539e+00,9.983482956886291504e-01
3.711250000000000426e+01,2.331847147127024016e+02,4.018751978874206543e-01,4.073776900768280029e-01,1.000036358833312988e+00,9.983482956886291504e-01
3.712500000000000000e+01,2.332632545290421433e+02,3.280121982097625732e-01,3.336680233478546143e-01,1.000036358833312988e+00,9.983482956886291504e-01
3.713750000000000284e+01,2.333417943453818850e+02,3.517396152019500732e-01,3.569591045379638672e-01,1.000036478042602539e+00,9.983483552932739258e-01
3.714999999999999858e+01,2.334203341617216267e+02,5.069690942764282227e-01,5.110591650009155273e-01,1.000036478042602539e+00,9.983483552932739258e-01
3.716250000000000142e+01,2.334988739780613685e+02,7.514566183090209961e-01,7.540642619132995605e-01,1.000036358833312988e+00,9.983482956886291504e-01
3.717499999999999716e+01,2.335774137944011102e+02,9.444683194160461426e-01,9.460685849189758301e-01,1.000036358833312988e+00,9.983481764793395996e-01
3.718750000000000000e+01,2.336559536107408519e+02,9.098745584487915039e-01,9.118263125419616699e-01,1.000036358833312988e+00,9.983482360839843750e-01
3.720000000000000284e+01,2.337344934270806220e+02,5.906727313995361328e-01,5.944079756736755371e-01,1.000036358833312988e+00,9.983481764793395996e-01
3.721249999999999858e+01,2.338130332434203638e+02,1.819828003644943237e-01,1.876338273286819458e-01,1.000036358833312988e+00,9.983480572700500488e-01
3.722500000000000142e+01,2.338915730597601055e+02,5.043419077992439270e-02,5.617091059684753418e-02,1.000036358833312988e+00,9.983479380607604980e-01
3.723750000000000426e+01,2.339701128760998472e+02,3.852482438087463379e-01,3.885897099971771240e-01,1.000036358833312988e+00,9.983478188514709473e-01
3.725000000000000000e+01,2.340486526924395889e+02,8.820712566375732422e-01,8.826302289962768555e-01,1.000036358833312988e+00,9.983475804328918457e-01
3.726250000000000284e+01,2.341271925087793306e+02,9.409863352775573730e-01,9.415717720985412598e-01,1.000036358833312988e+00,9.983472824096679688e-01
3.727499999999999858e+01,2.342057323251190724e+02,3.837841451168060303e-01,3.875035941600799561e-01,1.000036478042602539e+00,9.983469247817993164e-01
3.728750000000000142e+01,2.342842721414588141e+02,-1.477610766887664795e-01,-1.418001353740692139e-01,1.000036478042602539e+00,9.983465671539306641e-01
3.729999999999999716e+01,2.343628119577985558e+02,9.011591970920562744e-02,9.384271502494812012e-02,1.000036478042602539e+00,9.983461499214172363e-01
3.731250000000000000e+01,2.344413517741382975e+02,8.049417138099670410e-01,8.045648932456970215e-01,1.000036597251892090e+00,9.983456134796142578e-01
3.732500000000000284e+01,2.345198915904780677e+02,8.876209259033203125e-01,8.873472213745117188e-01,1.000036597251892090e+00,9.983449578285217285e-01
3.733749999999999858e+01,2.345984314068178094e+02,9.896831959486007690e-02,1.030417978763580322e-01,1.000036597251892090e+00,9.983442425727844238e-01
3.735000000000000142e+01,2.346769712231575511e+02,-3.393516242504119873e-01,-3.339721262454986572e-01,1.000036597251892090e+00,9.983433485031127930e-01
3.736249999999999716e+01,2.347555110394972928e+02,3.320017755031585693e-01,3.328000009059906006e-01,1.000036597251892090e+00,9.983423948287963867e-01
3.737500000000000000e+01,2.348340508558370345e+02,9.401459693908691406e-01,9.380722641944885254e-01,1.000036716461181641e+00,9.983414411544799805e-01
3.738750000000000284e+01,2.349125906721767763e+02,3.080985248088836670e-01,3.100546300411224365e-01,1.000036716461181641e+00,9.983401894569396973e-01
3.739999999999999858e+01,2.349911304885165180e+02,-4.852499067783355713e-01,-4.799477159976959229e-01,1.000036835670471191e+00,9.983388781547546387e-01
3.741250000000000142e+01,2.350696703048562597e+02,3.802311792969703674e-02,3.910823911428451538e-02,1.000036835670471191e+00,9.983376264572143555e-01
3.742499999999999716e+01,2.351482101211960014e+02,8.574929237365722656e-01,8.544727563858032227e-01,1.000036835670471191e+00,9.983361959457397461e-01
3.743750000000000000e+01,2.352267499375357716e+02,2.982971966266632080e-01,2.992186248302459717e-01,1.000036835670471191e+00,9.983346462249755859e-01
3.745000000000000284e+01,2.353052897538755133e+02,-6.059987545013427734e-01,-6.011780500411987305e-01,1.000036954879760742e+00,9.983329772949218750e-01
3.746249999999999858e+01,2.353838295702152550e+02,-7.454776018857955933e-02,-7.424373179674148560e-02,1.000036835670471191e+00,9.983312487602233887e-01
3.747500000000000142e+01,2.354623693865549967e+02,7.766146063804626465e-01,7.727857232093811035e-01,1.000036835670471191e+00,9.983295202255249023e-01
3.748749999999999716e+01,2.355409092028947384e+02,1.438774019479751587e-01,1.445491462945938110e-01,1.000036835670471191e+00,9.983277916908264160e-01
3.750000000000000000e+01,2.356194490192344801e+02,-7.328776121139526367e-01,-7.287082076072692871e-01,1.000036835670471191e+00,9.983260035514831543e-01
3.751249999999999574e+01,2.356979888355742219e+02,-9.914026409387588501e-02,-1.001365333795547485e-01,1.000036954879760742e+00,9.983241558074951172e-01
3.752499999999999858e+01,2.357765286519139636e+02,6.821194887161254883e-01,6.776584982872009277e-01,1.000036954879760742e+00,9.983224272727966309e-01
3.753750000000000142e+01,2.358550684682537053e+02,-4.430892691016197205e-02,-4.373171553015708923e-02,1.000037074089050293e+00,9.983206987380981445e-01
3.755000000000000426e+01,2.359336082845934754e+02,-8.348704576492309570e-01,-8.315244913101196289e-01,1.000037074089050293e+00,9.983190298080444336e-01
3.756250000000000000e+01,2.360121481009332172e+02,-1.500667482614517212e-01,-1.521623283624649048e-01,1.000037074089050293e+00,9.983175396919250488e-01
3.757500000000000284e+01,2.360906879172729589e+02,5.611590743064880371e-01,5.561532974243164062e-01,1.000037074089050293e+00,9.983160495758056641e-01
3.758749999999999858e+01,2.361692277336127006e+02,-1.445992439985275269e-01,-1.446331888437271118e-01,1.000037074089050293e+00,9.983146190643310547e-01
3.760000000000000142e+01,2.362477675499524423e+02,-9.079368710517883301e-01,-9.053396582603454590e-01,1.000037074089050293e+00,9.983132481575012207e-01
3.761249999999999716e+01,2.363263073662921840e+02,-3.363829851150512695e-01,-3.387191295623779297e-01,1.000037074089050293e+00,9.983119368553161621e-01
3.762500000000000000e+01,2.364048471826319258e+02,4.074704647064208984e-01,4.018265306949615479e-01,1.000037074089050293e+00,9.983108043670654297e-01
3.763749999999999574e+01,2.364833869989716675e+02,-6.209801137447357178e-02,-6.383191794157028198e-02,1.000037074089050293e+00,9.983097910881042480e-01
3.764999999999999858e+01,2.365619268153114092e+02,-8.946365714073181152e-01,-8.927926421165466309e-01,1.000037074089050293e+00,9.983087778091430664e-01
3.766250000000000142e+01,2.366404666316511793e+02,-7.049593925476074219e-01,-7.061661481857299805e-01,1.000037193298339844e+00,9.983078837394714355e-01
3.767500000000000426e+01,2.367190064479909211e+02,8.195388317108154297e-02,7.629019767045974731e-02,1.000037193298339844e+00,9.983072280883789062e-01
3.768750000000000000e+01,2.367975462643306628e+02,1.550471484661102295e-01,1.503810137510299683e-01,1.000037193298339844e+00,9.983065724372863770e-01
3.770000000000000284e+01,2.368760860806704045e+02,-5.591546893119812012e-01,-5.595891475677490234e-01,1.000037312507629395e+00,9.983060359954833984e-01
3.771249999999999858e+01,2.369546258970101462e+02,-9.972616434097290039e-01,-9.967848062515258789e-01,1.000037312507629395e+00,9.983056187629699707e-01
3.772500000000000142e+01,2.370331657133498879e+02,-6.312358379364013672e-01,-6.342007517814636230e-01,1.000037193298339844e+00,9.983052611351013184e-01
3.773749999999999716e+01,2.371117055296896297e+02,-5.107953771948814392e-02,-5.709807947278022766e-02,1.000037312507629395e+00,9.983049631118774414e-01
3.775000000000000000e+01,2.371902453460293714e+02,1.807328313589096069e-03,-3.445392940193414688e-03,1.000037312507629395e+00,9.983046650886535645e-01
3.776249999999999574e+01,2.372687851623691131e+02,-4.732156395912170410e-01,-4.754388928413391113e-01,1.000037312507629395e+00,9.983043670654296875e-01
3.777499999999999858e+01,2.373473249787088832e+02,-9.211072921752929688e-01,-9.216458201408386230e-01,1.000037312507629395e+00,9.983042478561401367e-01
3.778750000000000142e+01,2.374258647950486250e+02,-9.393983483314514160e-01,-9.410567879676818848e-01,1.000037312507629395e+00,9.983041286468505859e-01
3.780000000000000426e+01,2.375044046113883667e+02,-6.090388298034667969e-01,-6.132081747055053711e-01,1.000037312507629395e+00,9.983039498329162598e-01
3.781250000000000000e+01,2.375829444277281084e+02,-2.744919657707214355e-01,-2.803822159767150879e-01,1.000037312507629395e+00,9.983040094375610352e-01
3.782500000000000284e+01,2.376614842440678501e+02,-1.836684048175811768e-01,-1.895168870687484741e-01,1.000037312507629395e+00,9.983039498329162598e-01
3.783749999999999858e+01,2.377400240604075918e+02,-3.423990905284881592e-01,-3.469631075859069824e-01,1.000037312507629395e+00,9.983038306236267090e-01
3.785000000000000142e+01,2.378185638767473336e+02,-6.019301414489746094e-01,-6.050673127174377441e-01,1.000037431716918945e+00,9.983038306236267090e-01
3.786249999999999716e+01,2.378971036930870753e+02,-8.110034465789794922e-01,-8.133469820022583008e-01,1.000037431716918945e+00,9.983038306236267090e-01
3.787500000000000000e+01,2.379756435094268170e+02,-9.007858037948608398e-01,-9.031342267990112305e-01,1.000037431716918945e+00,9.983038306236267090e-01
3.788750000000000284e+01,2.380541833257665871e+02,-8.831663131713867188e-01,-8.860593438148498535e-01,1.000037312507629395e+00,9.983037710189819336e-01
3.789999999999999858e+01,2.381327231421063289e+02,-8.075984120368957520e-01,-8.112089633941650391e-01,1.000037312507629395e+00,9.983037710189819336e-01
3.791250000000000142e+01,2.382112629584460706e+02,-7.215833067893981934e-01,-7.258205413818359375e-01,1.000037193298339844e+00,9.983037710189819336e-01
3.792499999999999716e+01,2.382898027747858123e+02,-6.527464389801025391e-01,-6.574141383171081543e-01,1.000037193298339844e+00,9.983037114143371582e-01
3.793750000000000000e+01,2.383683425911255540e+02,-6.089988946914672852e-01,-6.139078140258789062e-01,1.000037312507629395e+00,9.983038306236267090e-01
3.795000000000000284e+01,2.384468824074652957e+02,-5.864498019218444824e-01,-5.914664864540100098e-01,1.000037312507629395e+00,9.983037710189819336e-01
3.796249999999999858e+01,2.385254222238050374e+02,-5.773022174835205078e-01,-5.823538303375244141e-01,1.000037312507629395e+00,9.983038306236267090e-01
3.797500000000000142e+01,2.386039620401447792e+02,-5.746487975120544434e-01,-5.797061920166015625e-01,1.000037312507629395e+00,9.983038306236267090e-01
3.798749999999999716e+01,2.386825018564845209e+02,-5.742167234420776367e-01,-5.792730450630187988e-01,1.000037431716918945e+00,9.983038306236267090e-01
3.800000000000000000e+01,2.387610416728242626e+02,-5.741970539093017578e-01,-5.792527794837951660e-01,1.000037431716918945e+00,9.983037710189819336e-01
3.801250000000000284e+01,2.388395814891640327e+02,-5.741769671440124512e-01,-5.792321562767028809e-01,1.000037431716918945e+00,9.983038306236267090e-01
3.802499999999999858e+01,2.389181213055037745e+02,-5.737205147743225098e-01,-5.787746310234069824e-01,1.000037312507629395e+00,9.983038902282714844e-01
3.803750000000000142e+01,2.389966611218435162e+02,-5.708109736442565918e-01,-5.758687257766723633e-01,1.000037431716918945e+00,9.983038902282714844e-01
3.804999999999999716e+01,2.390752009381832579e+02,-5.603912472724914551e-01,-5.654731988906860352e-01,1.000037312507629395e+00,9.983038902282714844e-01
3.806250000000000000e+01,2.391537407545229996e+02,-5.336504578590393066e-01,-5.388031005859375000e-01,1.000037312507629395e+00,9.983038306236267090e-01
3.807500000000000284e+01,2.392322805708627413e+02,-4.793684482574462891e-01,-4.846679568290710449e-01,1.000037312507629395e+00,9.983037710189819336e-01
3.808749999999999858e+01,2.393108203872024831e+02,-3.890393376350402832e-01,-3.945775032043457031e-01,1.000037312507629395e+00,9.983038306236267090e-01
3.810000000000000142e+01,2.393893602035422248e+02,-2.665754854679107666e-01,-2.724196910858154297e-01,1.000037312507629395e+00,9.983037710189819336e-01
3.811249999999999716e+01,2.394679000198819665e+02,-1.398918330669403076e-01,-1.460049599409103394e-01,1.000037312507629395e+00,9.983037710189819336e-01
3.812500000000000000e+01,2.395464398362217366e+02,-6.548962742090225220e-02,-7.164821028709411621e-02,1.000037431716918945e+00,9.983037710189819336e-01
3.813750000000000284e+01,2.396249796525614784e+02,-1.121629998087882996e-01,-1.179489716887474060e-01,1.000037431716918945e+00,9.983037710189819336e-01
3.814999999999999858e+01,2.397035194689012201e+02,-3.150965869426727295e-01,-3.200385570526123047e-01,1.000037312507629395e+00,9.983037710189819336e-01
3.816250000000000142e+01,2.397820592852409618e+02,-6.158359646797180176e-01,-6.197139620780944824e-01,1.000037312507629395e+00,9.983037114143371582e-01
3.817499999999999716e+01,2.398605991015807035e+02,-8.407549262046813965e-01,-8.439316749572753906e-01,1.000037312507629395e+00,9.983036518096923828e-01
3.818750000000000000e+01,2.399391389179204452e+02,-7.835500836372375488e-01,-7.869789004325866699e-01,1.000037312507629395e+00,9.983035326004028320e-01
3.819999999999999574e+01,2.400176787342601870e+02,-3.920623958110809326e-01,-3.967048525810241699e-01,1.000037312507629395e+00,9.983034133911132812e-01
3.821249999999999858e+01,2.400962185505999287e+02,8.265122771263122559e-02,7.677193731069564819e-02,1.000037312507629395e+00,9.983032941818237305e-01
3.822500000000000142e+01,2.401747583669396704e+02,2.017110288143157959e-01,1.959160417318344116e-01,1.000037431716918945e+00,9.983031153678894043e-01
3.823750000000000426e+01,2.402532981832794405e+02,-2.351731210947036743e-01,-2.391900122165679932e-01,1.000037431716918945e+00,9.983029365539550781e-01
3.825000000000000000e+01,2.403318379996191823e+02,-8.321279287338256836e-01,-8.341904282569885254e-01,1.000037312507629395e+00,9.983026981353759766e-01
3.826250000000000284e+01,2.404103778159589240e+02,-8.733389973640441895e-01,-8.754635453224182129e-01,1.000037431716918945e+00,9.983024597167968750e-01
3.827499999999999858e+01,2.404889176322986657e+02,-1.909884661436080933e-01,-1.952621489763259888e-01,1.000037312507629395e+00,9.983021020889282227e-01
3.828750000000000142e+01,2.405674574486384074e+02,4.091904461383819580e-01,4.035378694534301758e-01,1.000037431716918945e+00,9.983017444610595703e-01
3.829999999999999716e+01,2.406459972649781491e+02,6.633376330137252808e-02,6.243197247385978699e-02,1.000037431716918945e+00,9.983013272285461426e-01
3.831250000000000000e+01,2.407245370813178909e+02,-8.008854985237121582e-01,-8.018971681594848633e-01,1.000037312507629395e+00,9.983007311820983887e-01
3.832499999999999574e+01,2.408030768976576326e+02,-8.590226173400878906e-01,-8.602035641670227051e-01,1.000037431716918945e+00,9.983000755310058594e-01
3.833749999999999858e+01,2.408816167139973743e+02,9.749291837215423584e-02,9.333619475364685059e-02,1.000037431716918945e+00,9.982993006706237793e-01
3.835000000000000142e+01,2.409601565303371444e+02,5.620402693748474121e-01,5.572643876075744629e-01,1.000037431716918945e+00,9.982985854148864746e-01
3.836250000000000426e+01,2.410386963466768862e+02,-2.962421178817749023e-01,-2.976351678371429443e-01,1.000037431716918945e+00,9.982976317405700684e-01
3.837500000000000000e+01,2.411172361630166279e+02,-9.966503381729125977e-01,-9.961702823638916016e-01,1.000037431716918945e+00,9.982964992523193359e-01
3.838750000000000284e+01,2.411957759793563696e+02,-1.994196325540542603e-01,-2.018335312604904175e-01,1.000037431716918945e+00,9.982954263687133789e-01
3.839999999999999858e+01,2.412743157956961113e+02,7.032070159912109375e-01,6.987725496292114258e-01,1.000037431716918945e+00,9.982941150665283203e-01
3.841250000000000142e+01,2.413528556120358530e+02,3.254076233133673668e-03,2.085492946207523346e-03,1.000037431716918945e+00,9.982926845550537109e-01
3.842499999999999716e+01,2.414313954283755947e+02,-9.603213071823120117e-01,-9.587753415107727051e-01,1.000037431716918945e+00,9.982913136482238770e-01
3.843750000000000000e+01,2.415099352447153365e+02,-2.406021207571029663e-01,-2.419947832822799683e-01,1.000037431716918945e+00,9.982897043228149414e-01
3.844999999999999574e+01,2.415884750610550782e+02,7.972789406776428223e-01,7.935319542884826660e-01,1.000037431716918945e+00,9.982881546020507812e-01
3.846249999999999858e+01,2.416670148773948483e+02,8.224985003471374512e-02,8.206787705421447754e-02,1.000037312507629395e+00,9.982864260673522949e-01
3.847500000000000142e+01,2.417455546937345900e+02,-9.167974591255187988e-01,-9.143219590187072754e-01,1.000037312507629395e+00,9.982846975326538086e-01
3.848750000000000426e+01,2.418240945100743318e+02,-1.087963879108428955e-01,-1.097101271152496338e-01,1.000037312507629395e+00,9.982829093933105469e-01
3.850000000000000000e+01,2.419026343264140735e+02,8.892963528633117676e-01,8.864126205444335938e-01,1.000037431716918945e+00,9.982811212539672852e-01
3.851250000000000284e+01,2.419811741427538152e+02,5.451242625713348389e-02,5.568590760231018066e-02,1.000037431716918945e+00,9.982793331146240234e-01
3.852499999999999858e+01,2.420597139590935569e+02,-8.532743453979492188e-01,-8.500227332115173340e-01,1.000037431716918945e+00,9.982776045799255371e-01
3.853750000000000142e+01,2.421382537754332986e+02,6.197272986173629761e-02,6.143913045525550842e-02,1.000037431716918945e+00,9.982759356498718262e-01
3.854999999999999716e+01,2.422167935917730404e+02,9.511200785636901855e-01,9.492310285568237305e-01,1.000037550926208496e+00,9.982742071151733398e-01
3.856250000000000000e+01,2.422953334081127821e+02,6.073912605643272400e-02,6.311322748661041260e-02,1.000037550926208496e+00,9.982725381851196289e-01
3.857500000000000284e+01,2.423738732244525522e+02,-7.611200213432312012e-01,-7.571328878402709961e-01,1.000037550926208496e+00,9.982710480690002441e-01
3.858749999999999858e+01,2.424524130407922939e+02,1.260598301887512207e-01,1.262772977352142334e-01,1.000037550926208496e+00,9.982695579528808594e-01
3.860000000000000142e+01,2.425309528571320357e+02,9.873338341712951660e-01,9.863111376762390137e-01,1.000037431716918945e+00,9.982681274414062500e-01
3.861249999999999716e+01,2.426094926734717774e+02,2.337534874677658081e-01,2.367018610239028931e-01,1.000037550926208496e+00,9.982668757438659668e-01
3.862500000000000000e+01,2.426880324898115191e+02,-6.385949850082397461e-01,-6.337028145790100098e-01,1.000037550926208496e+00,9.982656836509704590e-01
3.863750000000000284e+01,2.427665723061512608e+02,-3.128364309668540955e-02,-2.954414300620555878e-02,1.000037550926208496e+00,9.982646107673645020e-01
3.864999999999999858e+01,2.428451121224910025e+02,9.353155493736267090e-01,9.349892735481262207e-01,1.000037550926208496e+00,9.982636570930480957e-01
3.866250000000000142e+01,2.429236519388307443e+02,6.378514766693115234e-01,6.403132677078247070e-01,1.000037431716918945e+00,9.982628226280212402e-01
3.867499999999999716e+01,2.430021917551704860e+02,-3.174816668033599854e-01,-3.119792938232421875e-01,1.000037550926208496e+00,9.982621073722839355e-01
3.868750000000000000e+01,2.430807315715102561e+02,-3.640066683292388916e-01,-3.597142100334167480e-01,1.000037550926208496e+00,9.982615113258361816e-01
3.870000000000000284e+01,2.431592713878499978e+02,5.028005838394165039e-01,5.041063427925109863e-01,1.000037550926208496e+00,9.982609152793884277e-01
3.871249999999999858e+01,2.432378112041897396e+02,9.802163243293762207e-01,9.814530611038208008e-01,1.000037550926208496e+00,9.982604980468750000e-01
3.872500000000000142e+01,2.433163510205294813e+02,4.912659823894500732e-01,4.953470826148986816e-01,1.000037670135498047e+00,9.982600808143615723e-01
3.873749999999999716e+01,2.433948908368692230e+02,-2.064972519874572754e-01,-2.004254758358001709e-01,1.000037670135498047e+00,9.982597827911376953e-01
3.875000000000000000e+01,2.434734306532089647e+02,-2.404036670923233032e-01,-2.352628856897354126e-01,1.000037670135498047e+00,9.982595443725585938e-01
3.876249999999999574e+01,2.435519704695487064e+02,3.419106006622314453e-01,3.448334932327270508e-01,1.000037670135498047e+00,9.982593059539794922e-01
3.877499999999999858e+01,2.436305102858884482e+02,8.547888994216918945e-01,8.568570017814636230e-01,1.000037789344787598e+00,9.982591867446899414e-01
3.878750000000000142e+01,2.437090501022281899e+02,8.364230394363403320e-01,8.396987318992614746e-01,1.000037789344787598e+00,9.982590675354003906e-01
3.880000000000000426e+01,2.437875899185679600e+02,4.143536686897277832e-01,4.195725619792938232e-01,1.000037908554077148e+00,9.982589483261108398e-01
3.881250000000000000e+01,2.438661297349077017e+02,1.256283093243837357e-02,1.888046599924564362e-02,1.000037908554077148e+00,9.982588887214660645e-01
3.882500000000000284e+01,2.439446695512474435e+02,-8.242157101631164551e-02,-7.634998857975006104e-02,1.000037908554077148e+00,9.982588291168212891e-01
3.883749999999999858e+01,2.440232093675871852e+02,1.194685921072959900e-01,1.245067492127418518e-01,1.000038027763366699e+00,9.982587695121765137e-01
3.885000000000000142e+01,2.441017491839269269e+02,4.303192496299743652e-01,4.343885481357574463e-01,1.000037908554077148e+00,9.982588291168212891e-01
3.886249999999999716e+01,2.441802890002666686e+02,6.694401502609252930e-01,6.731022000312805176e-01,1.000037908554077148e+00,9.982588291168212891e-01
3.887500000000000000e+01,2.442588288166064103e+02,7.605053186416625977e-01,7.643519639968872070e-01,1.000037908554077148e+00,9.982588291168212891e-01
3.888749999999999574e+01,2.443373686329461520e+02,7.239016294479370117e-01,7.282773256301879883e-01,1.000037908554077148e+00,9.982587695121765137e-01
3.889999999999999858e+01,2.444159084492858938e+02,6.221612691879272461e-01,6.271282434463500977e-01,1.000037908554077148e+00,9.982587695121765137e-01
3.891249999999999432e+01,2.444944482656256355e+02,5.125934481620788574e-01,5.180364251136779785e-01,1.000037908554077148e+00,9.982588291168212891e-01
3.892500000000000426e+01,2.445729880819654056e+02,4.271136224269866943e-01,4.328608512878417969e-01,1.000037908554077148e+00,9.982588291168212891e-01
3.893750000000000000e+01,2.446515278983051473e+02,3.736867308616638184e-01,3.795925378799438477e-01,1.000037908554077148e+00,9.982587695121765137e-01
3.895000000000000284e+01,2.447300677146448891e+02,3.465042412281036377e-01,3.524740338325500488e-01,1.000037908554077148e+00,9.982587695121765137e-01
3.896249999999999858e+01,2.448086075309846308e+02,3.355998396873474121e-01,3.415862321853637695e-01,1.000038027763366699e+00,9.982588291168212891e-01
3.897500000000000142e+01,2.448871473473243725e+02,3.324694037437438965e-01,3.384554088115692139e-01,1.000038027763366699e+00,9.982587695121765137e-01
3.898749999999999716e+01,2.449656871636641142e+02,3.319647312164306641e-01,3.379484713077545166e-01,1.000037908554077148e+00,9.982588291168212891e-01
3.900000000000000000e+01,2.450442269800038559e+02,3.319421112537384033e-01,3.379249870777130127e-01,1.000037908554077148e+00,9.982587695121765137e-01
3.901249999999999574e+01,2.451227667963435977e+02,3.319192528724670410e-01,3.379012644290924072e-01,1.000038027763366699e+00,9.982588887214660645e-01
3.902499999999999858e+01,2.452013066126833394e+02,3.314003944396972656e-01,3.373800218105316162e-01,1.000038027763366699e+00,9.982589483261108398e-01
3.903750000000000142e+01,2.452798464290231095e+02,3.281219303607940674e-01,3.340985178947448730e-01,1.000037908554077148e+00,9.982589483261108398e-01
3.905000000000000426e+01,2.453583862453628512e+02,3.164828717708587646e-01,3.224622607231140137e-01,1.000038027763366699e+00,9.982589483261108398e-01
3.906250000000000000e+01,2.454369260617025930e+02,2.868768870830535889e-01,2.928765118122100830e-01,1.000038027763366699e+00,9.982589483261108398e-01
3.907500000000000284e+01,2.455154658780423347e+02,2.273591607809066772e-01,2.334074974060058594e-01,1.000038027763366699e+00,9.982590079307556152e-01
3.908749999999999858e+01,2.455940056943820764e+02,1.294536739587783813e-01,1.355821043252944946e-01,1.000038027763366699e+00,9.982590079307556152e-01
3.910000000000000142e+01,2.456725455107218181e+02,-1.182045205496251583e-03,5.039491225033998489e-03,1.000038027763366699e+00,9.982590079307556152e-01
3.911249999999999716e+01,2.457510853270615598e+02,-1.324720829725265503e-01,-1.261914819478988647e-01,1.000038146972656250e+00,9.982589483261108398e-01
3.912500000000000000e+01,2.458296251434013016e+02,-2.019030898809432983e-01,-1.956830918788909912e-01,1.000038146972656250e+00,9.982590079307556152e-01
3.913749999999999574e+01,2.459081649597410433e+02,-1.357595026493072510e-01,-1.298022419214248657e-01,1.000038146972656250e+00,9.982590079307556152e-01
3.914999999999999858e+01,2.459867047760808134e+02,9.981317818164825439e-02,1.052998080849647522e-01,1.000038266181945801e+00,9.982588887214660645e-01
3.916250000000000142e+01,2.460652445924205551e+02,4.344858825206756592e-01,4.394319355487823486e-01,1.000038266181945801e+00,9.982588887214660645e-01
3.917500000000000426e+01,2.461437844087602969e+02,6.746407151222229004e-01,6.792423129081726074e-01,1.000038266181945801e+00,9.982587695121765137e-01
3.918750000000000000e+01,2.462223242251000386e+02,5.990912914276123047e-01,6.037961840629577637e-01,1.000038146972656250e+00,9.982587099075317383e-01
3.920000000000000284e+01,2.463008640414397803e+02,1.643799692392349243e-01,1.695913523435592651e-01,1.000038146972656250e+00,9.982586503028869629e-01
3.921249999999999858e+01,2.463794038577795220e+02,-3.411414325237274170e-01,-3.354921042919158936e-01,1.000038146972656250e+00,9.982585906982421875e-01
3.922500000000000142e+01,2.464579436741192637e+02,-4.389052689075469971e-01,-4.334812760353088379e-01,1.000038146972656250e+00,9.982584714889526367e-01
3.923749999999999716e+01,2.465364834904590055e+02,6.761130690574645996e-02,7.206666469573974609e-02,1.000038146972656250e+00,9.982582330703735352e-01
3.925000000000000000e+01,2.466150233067987472e+02,7.204086780548095703e-01,7.239226102828979492e-01,1.000038146972656250e+00,9.982579946517944336e-01
3.926250000000000284e+01,2.466935631231385173e+02,7.408995032310485840e-01,7.444621324539184570e-01,1.000038266181945801e+00,9.982578158378601074e-01
3.927499999999999858e+01,2.467721029394782590e+02,-1.594405621290206909e-02,-1.145582646131515503e-02,1.000038266181945801e+00,9.982573986053466797e-01
3.928750000000000142e+01,2.468506427558180008e+02,-6.402560472488403320e-01,-6.353650093078613281e-01,1.000038266181945801e+00,9.982570409774780273e-01
3.929999999999999716e+01,2.469291825721577425e+02,-2.179040014743804932e-01,-2.140743434429168701e-01,1.000038266181945801e+00,9.982566237449645996e-01
3.931250000000000000e+01,2.470077223884974842e+02,7.373613119125366211e-01,7.397963404655456543e-01,1.000038385391235352e+00,9.982560276985168457e-01
3.932500000000000284e+01,2.470862622048372259e+02,7.667018771171569824e-01,7.692973613739013672e-01,1.000038385391235352e+00,9.982553720474243164e-01
3.933749999999999858e+01,2.471648020211769676e+02,-2.866807878017425537e-01,-2.828001976013183594e-01,1.000038266181945801e+00,9.982545971870422363e-01
3.935000000000000142e+01,2.472433418375167093e+02,-7.430450320243835449e-01,-7.392478585243225098e-01,1.000038266181945801e+00,9.982538223266601562e-01
3.936249999999999716e+01,2.473218816538564511e+02,2.384404540061950684e-01,2.404153496026992798e-01,1.000038385391235352e+00,9.982529282569885254e-01
3.937500000000000000e+01,2.474004214701962212e+02,9.791955351829528809e-01,9.804303050041198730e-01,1.000038385391235352e+00,9.982518553733825684e-01
3.938750000000000284e+01,2.474789612865359629e+02,7.598980516195297241e-02,7.864679396152496338e-02,1.000038385391235352e+00,9.982507228851318359e-01
3.939999999999999858e+01,2.475575011028757046e+02,-8.689814209938049316e-01,-8.658025264739990234e-01,1.000038504600524902e+00,9.982494711875915527e-01
3.941250000000000142e+01,2.476360409192154464e+02,-4.434418678283691406e-02,-4.311744123697280884e-02,1.000038504600524902e+00,9.982481598854064941e-01
3.942499999999999716e+01,2.477145807355551881e+02,9.918765425682067871e-01,9.920128583908081055e-01,1.000038623809814453e+00,9.982466101646423340e-01
3.943750000000000000e+01,2.477931205518949298e+02,1.651015132665634155e-01,1.668293774127960205e-01,1.000038504600524902e+00,9.982451200485229492e-01
3.944999999999999574e+01,2.478716603682346715e+02,-9.293890595436096191e-01,-9.270656108856201172e-01,1.000038504600524902e+00,9.982434511184692383e-01
3.946249999999999858e+01,2.479502001845744132e+02,-8.389953523874282837e-02,-8.380333334207534790e-02,1.000038504600524902e+00,9.982417821884155273e-01
3.947500000000000142e+01,2.480287400009141550e+02,9.889426231384277344e-01,9.880852103233337402e-01,1.000038623809814453e+00,9.982401132583618164e-01
3.948750000000000426e+01,2.481072798172539251e+02,6.568927317857742310e-02,6.673373281955718994e-02,1.000038504600524902e+00,9.982383251190185547e-01
3.950000000000000000e+01,2.481858196335936668e+02,-9.797204136848449707e-01,-9.784122109413146973e-01,1.000038623809814453e+00,9.982365965843200684e-01
3.951250000000000284e+01,2.482643594499334085e+02,-5.885003600269556046e-03,-7.102484814822673798e-03,1.000038743019104004e+00,9.982348084449768066e-01
3.952499999999999858e+01,2.483428992662731503e+02,9.611134529113769531e-01,9.593780636787414551e-01,1.000038623809814453e+00,9.982330203056335449e-01
3.953750000000000142e+01,2.484214390826128920e+02,-7.498963922262191772e-02,-7.459906488656997681e-02,1.000038743019104004e+00,9.982312917709350586e-01
3.954999999999999716e+01,2.484999788989526337e+02,-9.967917203903198242e-01,-9.965770840644836426e-01,1.000038743019104004e+00,9.982295632362365723e-01
3.956250000000000000e+01,2.485785187152923754e+02,3.305441886186599731e-02,3.061836026608943939e-02,1.000038623809814453e+00,9.982280135154724121e-01
3.957499999999999574e+01,2.486570585316321171e+02,9.046056866645812988e-01,9.019874930381774902e-01,1.000038743019104004e+00,9.982264637947082520e-01
3.958749999999999858e+01,2.487355983479718589e+02,-9.812491387128829956e-02,-9.856912493705749512e-02,1.000038743019104004e+00,9.982249140739440918e-01
3.959999999999999432e+01,2.488141381643116006e+02,-9.934612512588500977e-01,-9.941749572753906250e-01,1.000038862228393555e+00,9.982236623764038086e-01
3.961250000000000426e+01,2.488926779806513707e+02,-1.138144209980964661e-01,-1.171341836452484131e-01,1.000038743019104004e+00,9.982223510742187500e-01
3.962500000000000000e+01,2.489712177969911124e+02,8.223218917846679688e-01,8.186044692993164062e-01,1.000038743019104004e+00,9.982211589813232422e-01
3.963750000000000284e+01,2.490497576133308542e+02,1.223800778388977051e-01,1.207199841737747192e-01,1.000038743019104004e+00,9.982200860977172852e-01
3.964999999999999858e+01,2.491282974296705959e+02,-9.065739512443542480e-01,-9.078862667083740234e-01,1.000038862228393555e+00,9.982192516326904297e-01
3.966250000000000142e+01,2.492068372460103376e+02,-5.234379768371582031e-01,-5.269956588745117188e-01,1.000038862228393555e+00,9.982183575630187988e-01
3.967499999999999716e+01,2.492853770623500793e+02,5.294269919395446777e-01,5.245445966720581055e-01,1.000038981437683105e+00,9.982177019119262695e-01
3.968750000000000000e+01,2.493639168786898210e+02,5.459682345390319824e-01,5.423779487609863281e-01,1.000038981437683105e+00,9.982170462608337402e-01
3.969999999999999574e+01,2.494424566950295628e+02,-4.091118276119232178e-01,-4.112668633460998535e-01,1.000038981437683105e+00,9.982164502143859863e-01
3.971249999999999858e+01,2.495209965113693045e+02,-8.904350399971008301e-01,-8.933753967285156250e-01,1.000038981437683105e+00,9.982159733772277832e-01
3.972500000000000142e+01,2.495995363277090746e+02,-3.148684203624725342e-01,-3.197751939296722412e-01,1.000038981437683105e+00,9.982156157493591309e-01
3.973750000000000426e+01,2.496780761440488163e+02,4.487310349941253662e-01,4.430920481681823730e-01,1.000039100646972656e+00,9.982153177261352539e-01
3.975000000000000000e+01,2.497566159603885581e+02,4.611698389053344727e-01,4.565270245075225830e-01,1.000039100646972656e+00,9.982151389122009277e-01
3.976250000000000284e+01,2.498351557767282998e+02,-1.852069050073623657e-01,-1.886774301528930664e-01,1.000039100646972656e+00,9.982149004936218262e-01
3.977499999999999858e+01,2.499136955930680415e+02,-7.250287532806396484e-01,-7.285609841346740723e-01,1.000039100646972656e+00,9.982147216796875000e-01
3.978750000000000142e+01,2.499922354094077832e+02,-6.713910102844238281e-01,-6.761003136634826660e-01,1.000039100646972656e+00,9.982146024703979492e-01
3.979999999999999716e+01,2.500707752257475249e+02,-1.889422237873077393e-01,-1.948341876268386841e-01,1.000039100646972656e+00,9.982145428657531738e-01
3.981250000000000000e+01,2.501493150420872666e+02,2.502845525741577148e-01,2.440193146467208862e-01,1.000039100646972656e+00,9.982144832611083984e-01
3.982499999999999574e+01,2.502278548584270084e+02,3.423956334590911865e-01,3.365517258644104004e-01,1.000039100646972656e+00,9.982144236564636230e-01
3.983749999999999858e+01,2.503063946747667785e+02,1.123374402523040771e-01,1.071688011288642883e-01,1.000039100646972656e+00,9.982144236564636230e-01
3.985000000000000142e+01,2.503849344911065202e+02,-2.267675399780273438e-01,-2.315204441547393799e-01,1.000039100646972656e+00,9.982144236564636230e-01
3.986250000000000426e+01,2.504634743074462619e+02,-4.781955182552337646e-01,-4.829733669757843018e-01,1.000039100646972656e+00,9.982144236564636230e-01
3.987500000000000000e+01,2.505420141237860037e+02,-5.637928843498229980e-01,-5.689198374748229980e-01,1.000039219856262207e+00,9.982143640518188477e-01
3.988750000000000284e+01,2.506205539401257454e+02,-5.109284520149230957e-01,-5.165180563926696777e-01,1.000039100646972656e+00,9.982143640518188477e-01
3.989999999999999858e+01,2.506990937564654871e+02,-3.905676305294036865e-01,-3.965660929679870605e-01,1.000039100646972656e+00,9.982144236564636230e-01
3.991250000000000142e+01,2.507776335728052288e+02,-2.655815482139587402e-01,-2.718577384948730469e-01,1.000039100646972656e+00,9.982143640518188477e-01
3.992499999999999716e+01,2.508561733891449705e+02,-1.697994172573089600e-01,-1.762264519929885864e-01,1.000039100646972656e+00,9.982143044471740723e-01
3.993750000000000000e+01,2.509347132054847123e+02,-1.106568127870559692e-01,-1.171446144580841064e-01,1.000039219856262207e+00,9.982143044471740723e-01
3.995000000000000284e+01,2.510132530218244824e+02,-8.085715770721435547e-02,-8.735893666744232178e-02,1.000039219856262207e+00,9.982143640518188477e-01
3.996249999999999858e+01,2.510917928381642241e+02,-6.900484114885330200e-02,-7.550296932458877563e-02,1.000039100646972656e+00,9.982143044471740723e-01
3.997500000000000142e+01,2.511703326545039658e+02,-6.562911719083786011e-02,-7.212127745151519775e-02,1.000039100646972656e+00,9.982143640518188477e-01
3.998749999999999716e+01,2.512488724708437076e+02,-6.508912891149520874e-02,-7.157783210277557373e-02,1.000039100646972656e+00,9.982143640518188477e-01
4.000000000000000000e+01,2.513274122871834493e+02,-6.506506353616714478e-02,-7.155285030603408813e-02,1.000039100646972656e+00,9.982143044471740723e-01
