omega_tilde_over_omega,normalized_amplitude
0.000000000000000000e+00,1.420902456409425373e-03
2.499479275151010593e-02,7.110721280800465531e-04
4.998958550302021187e-02,1.454107441233709596e-07
7.498437825453031780e-02,1.787592508092860884e-07
9.997917100604042373e-02,9.304279062736116018e-08
1.249739637575505297e-01,4.335247967896006462e-08
1.499687565090606356e-01,1.385862239567783568e-07
1.749635492605707277e-01,3.357404971689685844e-07
1.999583420120808475e-01,6.332978872777017613e-07
2.249531347635909395e-01,1.076854187218794280e-06
2.499479275151010593e-01,1.771872403843759461e-06
2.749427202666111514e-01,2.855356214677617461e-06
2.999375130181212712e-01,4.616409822105716295e-06
3.249323057696313910e-01,7.715827933315409968e-06
3.499270985211414553e-01,1.353642499279143935e-05
3.749218912726515751e-01,2.567111073902639677e-05
3.999166840241616949e-01,5.508744817966250006e-05
4.249114767756718147e-01,1.466457923251822870e-04
4.499062695271818790e-01,6.202859012520826627e-04
4.749010622786919988e-01,4.970378215274089961e-01
4.998958550302021187e-01,1.000000000000000000e+00
5.248906477817121274e-01,5.032867365099323864e-01
5.498854405332223028e-01,7.704561742558287173e-04
5.748802332847323671e-01,2.009384558401569143e-04
5.998750260362425424e-01,8.390992268282929621e-05
6.248698187877526067e-01,4.380359448698162213e-05
6.498646115392627820e-01,2.612067923461511735e-05
6.748594042907728463e-01,1.705891730446357387e-05
6.998541970422829106e-01,1.186133747800338649e-05
7.248489897937929749e-01,8.662801765216141458e-06
7.498437825453031502e-01,6.579016316960551803e-06
7.748385752968132145e-01,5.194920331964857953e-06
7.998333680483233898e-01,4.169942477059256216e-06
8.248281607998333431e-01,3.457256101663133856e-06
8.498229535513436295e-01,2.985024709685871337e-06
8.748177463028535827e-01,2.687798649117217915e-06
8.998125390543637581e-01,2.771645412785704638e-06
9.248073318058738224e-01,4.185328624352436905e-06
9.498021245573839977e-01,1.356631854921685598e-05
9.747969173088940620e-01,4.926252540384628426e-03
9.997917100604042373e-01,9.972245291583912638e-03
1.024786502811914302e+00,5.050687167317879922e-03
1.049781295563424255e+00,1.459962348261398390e-05
1.074776088314934430e+00,3.764225382750126298e-06
1.099770881066444606e+00,1.702986190257833363e-06
1.124765673817954781e+00,1.171778245025111047e-06
1.149760466569464734e+00,9.900891664481813708e-07
1.174755259320974909e+00,9.416657464893173428e-07
1.199750052072485085e+00,9.590955197860404371e-07
1.224744844823995038e+00,1.026631635243861769e-06
1.249739637575505213e+00,1.153346153911212484e-06
1.274734430327015389e+00,1.385996795615276333e-06
1.299729223078525564e+00,1.811164470332641262e-06
1.324724015830035517e+00,2.536552009612615594e-06
1.349718808581545693e+00,3.860280926960892564e-06
1.374713601333055646e+00,6.579145107125938208e-06
1.399708394084565821e+00,1.301162601420657248e-05
1.424703186836075997e+00,3.249380482962757361e-05
1.449697979587585950e+00,1.299947915839825012e-04
1.474692772339096125e+00,3.232410511320207153e-02
1.499687565090606300e+00,6.585357187910362287e-02
1.524682357842116476e+00,3.355867953504623746e-02
1.549677150593626429e+00,1.448246865824519378e-04
1.574671943345136382e+00,3.620853205372607153e-05
1.599666736096646780e+00,1.449818310598964573e-05
1.624661528848156955e+00,7.198178689929229926e-06
1.649656321599666686e+00,4.054673183054261072e-06
1.674651114351176862e+00,2.446483381542781210e-06
1.699645907102687259e+00,1.559264733474161544e-06
1.724640699854197434e+00,1.026753438494191139e-06
1.749635492605707165e+00,6.745197964365591750e-07
1.774630285357217341e+00,3.797075092618758728e-07
1.799625078108727516e+00,2.322068195279938993e-07
1.824619870860237469e+00,5.006229265726114034e-08
1.849614663611747645e+00,1.847655255875833135e-07
1.874609456363257820e+00,4.794672646352939467e-07
1.899604249114767995e+00,1.083290292767035564e-06
1.924599041866277949e+00,2.907134281090069914e-06
1.949593834617788124e+00,1.168755810766319831e-05
1.974588627369298299e+00,2.175364716702585677e-03
1.999583420120808475e+00,4.459888181658976450e-03
2.024578212872318428e+00,2.286839829271584707e-03
2.049573005623828603e+00,1.307894148090820223e-05
2.074567798375338779e+00,3.275886631562602826e-06
2.099562591126848510e+00,1.350433626430579273e-06
2.124557383878358685e+00,7.666008714598543776e-07
2.149552176629868860e+00,6.221960204909186057e-07
2.174546969381379480e+00,6.313936192352799613e-07
2.199541762132889211e+00,7.383870559581232711e-07
2.224536554884399386e+00,9.160269171364987415e-07
2.249531347635909562e+00,1.163500611633553912e-06
2.274526140387419293e+00,1.554955335360130259e-06
2.299520933138929468e+00,2.190725013219464587e-06
2.324515725890439644e+00,3.230599811791271378e-06
2.349510518641949819e+00,5.102900523648403064e-06
2.374505311393459994e+00,8.884204506200715930e-06
2.399500104144970170e+00,1.771728409947229688e-05
2.424494896896480345e+00,4.424484466104116199e-05
2.449489689647990076e+00,1.755288756474505897e-04
2.474484482399500251e+00,2.594157088833387928e-02
2.499479275151010427e+00,5.352090243316057899e-02
2.524474067902520602e+00,2.761397895345787945e-02
2.549468860654030777e+00,1.968423644513872788e-04
2.574463653405540953e+00,4.877283566014305302e-05
2.599458446157051128e+00,1.948589332528498540e-05
2.624453238908560859e+00,9.715513488875635763e-06
2.649448031660071035e+00,5.523232776026500489e-06
2.674442824411581210e+00,3.399037242156566181e-06
2.699437617163091385e+00,2.233476365498162107e-06
2.724432409914601116e+00,1.520091912643385000e-06
2.749427202666111292e+00,1.073185461516511628e-06
2.774421995417621467e+00,7.029054458970624515e-07
2.799416788169131642e+00,5.099705849220526510e-07
2.824411580920641818e+00,2.914789157711686482e-07
2.849406373672151993e+00,2.050771554272865747e-07
2.874401166423662168e+00,4.942632323405057671e-07
2.899395959175171900e+00,1.303982591437533581e-06
2.924390751926682075e+00,3.723101220809772138e-06
2.949385544678192250e+00,1.547272505729888219e-05
2.974380337429702426e+00,1.937084973698173463e-03
2.999375130181212601e+00,4.022577796992497443e-03
3.024369922932722776e+00,2.087875190329762255e-03
3.049364715684232952e+00,1.809770326868474902e-05
3.074359508435742683e+00,4.715386560470441406e-06
3.099354301187252858e+00,2.089002203089952652e-06
3.124349093938763033e+00,1.278264274121936645e-06
3.149343886690272765e+00,1.000496741717286904e-06
3.174338679441783384e+00,9.361087482980575474e-07
3.199333472193293559e+00,1.005673708089599869e-06
3.224328264944803291e+00,1.182021171554707377e-06
3.249323057696313910e+00,1.456994939550683378e-06
3.274317850447823641e+00,1.925257771490394632e-06
3.299312643199333372e+00,2.681986333109524942e-06
3.324307435950843992e+00,3.938268684148996865e-06
3.349302228702353723e+00,6.211475038824191041e-06
3.374297021453864343e+00,1.079326380271098362e-05
3.399291814205374518e+00,2.146411271184218208e-05
3.424286606956884249e+00,5.335869655169697034e-05
3.449281399708394868e+00,2.099298725395826886e-04
3.474276192459904600e+00,2.209844048374379546e-02
3.499270985211414331e+00,4.617266821663775639e-02
3.524265777962924950e+00,2.411855990162666691e-02
3.549260570714434682e+00,2.400800416636419835e-04
3.574255363465944857e+00,5.899291103384343758e-05
3.599250156217455032e+00,2.347741350946372309e-05
3.624244948968965208e+00,1.168990452469825794e-05
3.649239741720474939e+00,6.653023994798946976e-06
3.674234534471985558e+00,4.109802243761091084e-06
3.699229327223495289e+00,2.724645750320373561e-06
3.724224119975005909e+00,1.869756240864789035e-06
3.749218912726515640e+00,1.348031682808920271e-06
3.774213705478025815e+00,9.347231526525491471e-07
3.799208498229535991e+00,7.214651924712972221e-07
3.824203290981046166e+00,5.222550834423972320e-07
3.849198083732555897e+00,4.854340831355815076e-07
3.874192876484066517e+00,7.719523766146176053e-07
3.899187669235576248e+00,1.738976805823649572e-06
3.924182461987085979e+00,4.693793229134993082e-06
3.949177254738596599e+00,1.918733853375981989e-05
3.974172047490106330e+00,1.796488529875751730e-03
3.999166840241616949e+00,3.778432507110670267e-03
4.024161632993126680e+00,1.985329325646404026e-03
4.049156425744636856e+00,2.293693009725803668e-05
4.074151218496147031e+00,5.955896101392234865e-06
4.099146011247657206e+00,2.644293679549421014e-06
4.124140803999167382e+00,1.625677961104858177e-06
4.149135596750677557e+00,1.250275909536330336e-06
4.174130389502187732e+00,1.147528513862050006e-06
4.199125182253697020e+00,1.221593389229964502e-06
4.224119975005208083e+00,1.404664526721038424e-06
4.249114767756717370e+00,1.729935569209488518e-06
4.274109560508227545e+00,2.285669480423872464e-06
4.299104353259737721e+00,3.181836095083748621e-06
4.324099146011247896e+00,4.681412642629226569e-06
4.349093938762758960e+00,7.404531814192117660e-06
4.374088731514268247e+00,1.285359724971617031e-05
4.399083524265778422e+00,2.555960641906252853e-05
4.424078317017288597e+00,6.334133424784178193e-05
4.449073109768798773e+00,2.475261471978278485e-04
4.474067902520308060e+00,2.026089500459385406e-02
4.499062695271819123e+00,4.287496262847156903e-02
4.524057488023329299e+00,2.267302048467893447e-02
4.549052280774838586e+00,2.901495921706373038e-04
4.574047073526349649e+00,7.078135707800578015e-05
4.599041866277858936e+00,2.809640539279692430e-05
4.624036659029369112e+00,1.397880780313347919e-05
4.649031451780879287e+00,7.975217254024985367e-06
4.674026244532389462e+00,4.948760564183310257e-06
4.699021037283899638e+00,3.304386410473428431e-06
4.724015830035409813e+00,2.289456045034178588e-06
4.749010622786919988e+00,1.678581845535738396e-06
4.774005415538430164e+00,1.220559675926489036e-06
4.799000208289940339e+00,9.812214841751164692e-07
4.823995001041449626e+00,8.109921629255195419e-07
4.848989793792960690e+00,8.565202391373647255e-07
4.873984586544469977e+00,1.248937547441462092e-06
4.898979379295980152e+00,2.526160175913235040e-06
4.923974172047490327e+00,6.400093451860800617e-06
4.948968964799000503e+00,2.548208181089227999e-05
4.973963757550511566e+00,1.896402357079581338e-03
4.998958550302020853e+00,4.039491338975216041e-03
5.023953343053531029e+00,2.148812807199875462e-03
5.048948135805041204e+00,3.088929503096228194e-05
5.073942928556551379e+00,7.835279412959526160e-06
5.098937721308061555e+00,3.374157281534594856e-06
5.123932514059571730e+00,1.977227820887657505e-06
5.148927306811081905e+00,1.446125846138425895e-06
5.173922099562591193e+00,1.257388057203647901e-06
5.198916892314102256e+00,1.298434159754281423e-06
5.223911685065611543e+00,1.440928053855087229e-06
5.248906477817121718e+00,1.772650471496289729e-06
5.273901270568631894e+00,2.334490070592224291e-06
5.298896063320142069e+00,3.244612325840112640e-06
5.323890856071652244e+00,4.781329001511528202e-06
5.348885648823162420e+00,7.584184026504998953e-06
5.373880441574672595e+00,1.316791175192628190e-05
5.398875234326182770e+00,2.617977200738548664e-05
5.423870027077692946e+00,6.472791718144931146e-05
5.448864819829202233e+00,2.513923648861027455e-04
5.473859612580713296e+00,1.685135139988332142e-02
5.498854405332222584e+00,3.611834114298512199e-02
5.523849198083732759e+00,1.933534163563083857e-02
5.548843990835242934e+00,3.027441775436851305e-04
5.573838783586753109e+00,7.334765569592333946e-05
5.598833576338263285e+00,2.905450854985622137e-05
5.623828369089773460e+00,1.445189598164038168e-05
5.648823161841283635e+00,8.265861083959657299e-06
5.673817954592793811e+00,5.156823064731366502e-06
5.698812747344303986e+00,3.461025987883501439e-06
5.723807540095814161e+00,2.419703482470632708e-06
5.748802332847324337e+00,1.817636053291211189e-06
5.773797125598834512e+00,1.363822914526300826e-06
5.798791918350343799e+00,1.145020929006798128e-06
5.823786711101854863e+00,1.052301602193407011e-06
5.848781503853364150e+00,1.221208998437540672e-06
5.873776296604874325e+00,1.808202891508763891e-06
5.898771089356384500e+00,3.532796190008401957e-06
5.923765882107894676e+00,8.660837691828109997e-06
5.948760674859404851e+00,3.379231724023812539e-05
5.973755467610915026e+00,2.086340011784965261e-03
5.998750260362425202e+00,4.500952612310418419e-03
6.023745053113935377e+00,2.423942881426229424e-03
6.048739845865445552e+00,4.166067618372230018e-05
6.073734638616954840e+00,1.031726969395066696e-05
6.098729431368465903e+00,4.299190319828069988e-06
6.123724224119975190e+00,2.383868748662313996e-06
6.148719016871485366e+00,1.632763487426259233e-06
6.173713809622996429e+00,1.324675368084896425e-06
6.198708602374505716e+00,1.293338011042380550e-06
6.223703395126015891e+00,1.368210326863836875e-06
6.248698187877526067e+00,1.649893581220461903e-06
6.273692980629036242e+00,2.144601564722023519e-06
6.298687773380545529e+00,2.963648468081521356e-06
6.323682566132055705e+00,4.354542948450895889e-06
6.348677358883566768e+00,6.918289716165012045e-06
6.373672151635076943e+00,1.199262171788828522e-05
6.398666944386587119e+00,2.383695369405876012e-05
6.423661737138096406e+00,5.878398103982397871e-05
6.448656529889606581e+00,2.269444827654315544e-04
6.473651322641117645e+00,1.289132263182616624e-02
6.498646115392627820e+00,2.798752170590563734e-02
6.523640908144137107e+00,1.516656132369041156e-02
6.548635700895647282e+00,2.811036246024775902e-04
6.573630493647157458e+00,6.764340010934062717e-05
6.598625286398666745e+00,2.673484431021789270e-05
6.623620079150177808e+00,1.329171817081749838e-05
6.648614871901687984e+00,7.619428097553192998e-06
6.673609664653198159e+00,4.771343609969822725e-06
6.698604457404707446e+00,3.218525703797589873e-06
6.723599250156217622e+00,2.266547993065037892e-06
6.748594042907728685e+00,1.741237256420854241e-06
6.773588835659238860e+00,1.353010120696184084e-06
6.798583628410749036e+00,1.196184305508895284e-06
6.823578421162258323e+00,1.212856720830981232e-06
6.848573213913768498e+00,1.544525584587597816e-06
6.873568006665277785e+00,2.362267918255180224e-06
6.898562799416789737e+00,4.593133351280358246e-06
6.923557592168299024e+00,1.114457527273716184e-05
6.948552384919809199e+00,4.291715546675105449e-05
6.973547177671319375e+00,2.267880008874241082e-03
6.998541970422828662e+00,4.955632887768411481e-03
7.023536763174338837e+00,2.701692092100659894e-03
7.048531555925849901e+00,5.411157590133245889e-05
7.073526348677360076e+00,1.315836774747376933e-05
7.098521141428869363e+00,5.353562382702556226e-06
7.123515934180379539e+00,2.846872856853087974e-06
7.148510726931889714e+00,1.850115159977711405e-06
7.173505519683400777e+00,1.409185994724756126e-06
7.198500312434910064e+00,1.299366186708885000e-06
7.223495105186420240e+00,1.317374427701088497e-06
7.248489897937930415e+00,1.539351372037942024e-06
7.273484690689439702e+00,1.974457517299318844e-06
7.298479483440949878e+00,2.710758617920602491e-06
7.323474276192460941e+00,3.961396924132728529e-06
7.348469068943971116e+00,6.297729517663087138e-06
7.373463861695480404e+00,1.088747130932807148e-05
7.398458654446990579e+00,2.163522269573714125e-05
7.423453447198500754e+00,5.320471377807546435e-05
7.448448239950011818e+00,2.041936236273873080e-04
7.473443032701521993e+00,1.007024373470677241e-02
7.498437825453031280e+00,2.214660576882484383e-02
7.523432618204541455e+00,1.214813700079064862e-02
7.548427410956051631e+00,2.602968882889562015e-04
7.573422203707560918e+00,6.220227663951818974e-05
7.598416996459071981e+00,2.451954609434562688e-05
7.623411789210582157e+00,1.217767141452824210e-05
7.648406581962092332e+00,6.979566039121169969e-06
7.673401374713601619e+00,4.382886314728099473e-06
7.698396167465111795e+00,2.958097446511166118e-06
7.723390960216622858e+00,2.094687658999976127e-06
7.748385752968133033e+00,1.634349359271071902e-06
7.773380545719642321e+00,1.319471538744103320e-06
7.798375338471152496e+00,1.222609144187865217e-06
7.823370131222662671e+00,1.369177647286841007e-06
7.848364923974171958e+00,1.872354422355308835e-06
7.873359716725683910e+00,2.965828630208696566e-06
7.898354509477193197e+00,5.792913386296155022e-06
7.923349302228703372e+00,1.404815706049974955e-05
7.948344094980212660e+00,5.364301278498617861e-05
7.973338887731722835e+00,2.481949838400975168e-03
7.998333680483233898e+00,5.493779583184202168e-03
8.023328473234743186e+00,3.031770569124550910e-03
8.048323265986253361e+00,6.943253916430206711e-05
8.073318058737763536e+00,1.665698703299890035e-05
8.098312851489273712e+00,6.666312372604371147e-06
8.123307644240783887e+00,3.443166838843171435e-06
8.148302436992294062e+00,2.154034728117825060e-06
8.173297229743804238e+00,1.550012688402087232e-06
8.198292022495314413e+00,1.353068154723234112e-06
8.223286815246824588e+00,1.323541070890875183e-06
8.248281607998334763e+00,1.499957677885635134e-06
8.273276400749843162e+00,1.886403920785174432e-06
8.298271193501355114e+00,2.578060279895565762e-06
8.323265986252865289e+00,3.738615740941456800e-06
8.348260779004375465e+00,5.932777347306423766e-06
8.373255571755885640e+00,1.022038153170607019e-05
8.398250364507394039e+00,2.027937205831869047e-05
8.423245157258905991e+00,4.970971020730841712e-05
8.448239950010416166e+00,1.895878278280631649e-04
8.473234742761926341e+00,8.264980853323012841e-03
8.498229535513434740e+00,1.841342429712496814e-02
8.523224328264944916e+00,1.022351161248235586e-02
8.548219121016455091e+00,2.487574809712407033e-04
8.573213913767967043e+00,5.899807164751602465e-05
8.598208706519475442e+00,2.316885760459730492e-05
8.623203499270985617e+00,1.147737810168772434e-05
8.648198292022495792e+00,6.547663116903631307e-06
8.673193084774005968e+00,4.100379251964972931e-06
8.698187877525517919e+00,2.742402171820040264e-06
8.723182670277026318e+00,1.937035725817832059e-06
8.748177463028536494e+00,1.507213895096973469e-06
8.773172255780046669e+00,1.250794532676370229e-06
8.798167048531556844e+00,1.211397028107251286e-06
8.823161841283067020e+00,1.487735346514548651e-06
8.848156634034577195e+00,2.173595190813495899e-06
8.873151426786087370e+00,3.555555831662767568e-06
8.898146219537597545e+00,7.032060521052113936e-06
8.923141012289107721e+00,1.709841791565802722e-05
8.948135805040616120e+00,6.496415718445189313e-05
8.973130597792128071e+00,2.676968737996883712e-03
8.998125390543638247e+00,6.002887327454767448e-03
9.023120183295148422e+00,3.353079715586932720e-03
9.048114976046658597e+00,8.653226743928566021e-05
9.073109768798166996e+00,2.054841413024242154e-05
9.098104561549677172e+00,8.147097977481508653e-06
9.123099354301189123e+00,4.135511048714130826e-06
9.148094147052699299e+00,2.525710701270675285e-06
9.173088939804207698e+00,1.749592440512665257e-06
9.198083732555717873e+00,1.459587775941156504e-06
9.223078525307228048e+00,1.391582022276129088e-06
9.248073318058738224e+00,1.534653469583271736e-06
9.273068110810248399e+00,1.892867177120697072e-06
9.298062903561758574e+00,2.569461861853913139e-06
9.323057696313268750e+00,3.697448885123458166e-06
9.348052489064778925e+00,5.830133850348195827e-06
9.373047281816289100e+00,1.000562627898519101e-05
9.398042074567799276e+00,1.976792813783793325e-05
9.423036867319309451e+00,4.827132329443198914e-05
9.448031660070819626e+00,1.828501354446235066e-04
9.473026452822329802e+00,7.144805774002677655e-03
9.498021245573839977e+00,1.612622851855249548e-02
9.523016038325348376e+00,9.062467010061978426e-03
9.548010831076860327e+00,2.469310539213327694e-04
9.573005623828370503e+00,5.808499286707004879e-05
9.598000416579880678e+00,2.269732234293740997e-05
9.622995209331390853e+00,1.119457002942830724e-05
9.647990002082899252e+00,6.324662705155972973e-06
9.672984794834411204e+00,3.923852646359477597e-06
9.697979587585921379e+00,2.570913833628645319e-06
9.722974380337431555e+00,1.786320920578216691e-06
9.747969173088939954e+00,1.349894558437702942e-06
9.772963965840450129e+00,1.129573677401554676e-06
9.797958758591960304e+00,1.133453317980424533e-06
9.822953551343472256e+00,1.529180183657624007e-06
9.847948344094980655e+00,2.373189121462733489e-06
9.872943136846490830e+00,4.001951483751000850e-06
9.897937929598001006e+00,8.018046911575373129e-06
9.922932722349511181e+00,1.957193695251448863e-05
9.947927515101023133e+00,7.409076847123864662e-05
9.972922307852531532e+00,2.754941425153151734e-03
9.997917100604041707e+00,6.259002736353286127e-03
1.002291189335555188e+01,3.538514063388493221e-03
1.004790668610706206e+01,1.017094812086441241e-04
1.007290147885857223e+01,2.396462722101522078e-05
1.009789627161008241e+01,9.462334925246459032e-06
1.012289106436159258e+01,4.773676446906993595e-06
1.014788585711310276e+01,2.888840620320619915e-06
1.017288064986461293e+01,1.977960646675744382e-06
1.019787544261612311e+01,1.610982132061870564e-06
1.022287023536763151e+01,1.527053633819330102e-06
1.024786502811914346e+01,1.660161256952451559e-06
1.027285982087065364e+01,2.025993900457915816e-06
1.029785461362216381e+01,2.733600610088276354e-06
1.032284940637367221e+01,3.912509540461547941e-06
1.034784419912518239e+01,6.126765459292187934e-06
1.037283899187669434e+01,1.048826624174420046e-05
1.039783378462820451e+01,2.060833525357910244e-05
1.042282857737971291e+01,5.015616859474851915e-05
1.044782337013122309e+01,1.886597107615512695e-04
1.047281816288273326e+01,6.682472108692522061e-03
1.049781295563424344e+01,1.528115383143302183e-02
1.052280774838575539e+01,8.691630875786336349e-03
1.054780254113726379e+01,2.622985124938924319e-04
1.057279733388877396e+01,6.120040592433000754e-05
1.059779212664028414e+01,2.379487401415964685e-05
1.062278691939179431e+01,1.168640077661014059e-05
1.064778171214330449e+01,6.541308317613139990e-06
1.067277650489481466e+01,4.015792953955968909e-06
1.069777129764632484e+01,2.577057187916554959e-06
1.072276609039783501e+01,1.751898750011684425e-06
1.074776088314934519e+01,1.255936849607629951e-06
1.077275567590085359e+01,1.036773137045580996e-06
1.079775046865236554e+01,1.062748545557884089e-06
1.082274526140387572e+01,1.551044836667271238e-06
1.084774005415538589e+01,2.519082759908605021e-06
1.087273484690689607e+01,4.353905562987210544e-06
1.089772963965840447e+01,8.796035181796075204e-06
1.092272443240991642e+01,2.154580749257357101e-05
1.094771922516142659e+01,8.123965479359465669e-05
1.097271401791293677e+01,2.753762000980724926e-03
1.099770881066444517e+01,6.339090199011195026e-03
1.102270360341595534e+01,3.627054385174703546e-03
1.104769839616746552e+01,1.149836179637993202e-04
1.107269318891897747e+01,2.690384950525533822e-05
1.109768798167048587e+01,1.059719498310334994e-05
1.112268277442199604e+01,5.343774193498986543e-06
1.114767756717350622e+01,3.222493530706007142e-06
1.117267235992501639e+01,2.208665671837352853e-06
1.119766715267652657e+01,1.785960250537389194e-06
1.122266194542803674e+01,1.703085078136380906e-06
1.124765673817954692e+01,1.849325824022548331e-06
1.127265153093105710e+01,2.253351422130284746e-06
1.129764632368256727e+01,3.032897335389649106e-06
1.132264111643407745e+01,4.341527540764077309e-06
1.134763590918558762e+01,6.760498247192587341e-06
1.137263070193709780e+01,1.156409505077949774e-05
1.139762549468860797e+01,2.264170395876106731e-05
1.142262028744011815e+01,5.493303611091599902e-05
1.144761508019162832e+01,2.052943306808647605e-04
1.147260987294313672e+01,6.653542432828039171e-03
1.149760466569464867e+01,1.541626087223094826e-02
1.152259945844615885e+01,8.874358521146699305e-03
1.154759425119766902e+01,2.939909735553548182e-04
1.157258904394917742e+01,6.806907463782699427e-05
1.159758383670068760e+01,2.635943562376549728e-05
1.162257862945219955e+01,1.291013355571819514e-05
1.164757342220370973e+01,7.181893715258757528e-06
1.167256821495521812e+01,4.380285901746799949e-06
1.169756300770672830e+01,2.776257252541247638e-06
1.172255780045823848e+01,1.860212344689772266e-06
1.174755259320974865e+01,1.259351440757179262e-06
1.177254738596126060e+01,1.002632879127899315e-06
1.179754217871276900e+01,1.018515699607410668e-06
1.182253697146427918e+01,1.573917775035326650e-06
1.184753176421578935e+01,2.638319002890898993e-06
1.187252655696729953e+01,4.647689112235852814e-06
1.189752134971880970e+01,9.444474551333233419e-06
1.192251614247031988e+01,2.318757775067327822e-05
1.194751093522183005e+01,8.706146616460808021e-05
1.197250572797334023e+01,2.712800346467352658e-03
1.199750052072485040e+01,6.327846047172337902e-03
1.202249531347636058e+01,3.664179502484962974e-03
1.204749010622787075e+01,1.270655433789408457e-04
1.207248489897938093e+01,2.952332075256676477e-05
1.209747969173089110e+01,1.160467153053505620e-05
1.212247448448240128e+01,5.849213056429174414e-06
1.214746927723390968e+01,3.519920142031040338e-06
1.217246406998542163e+01,2.412277341480184713e-06
1.219745886273693181e+01,1.942248589951703966e-06
1.222245365548844198e+01,1.856473177956890722e-06
1.224744844823995038e+01,2.011881673946856277e-06
1.227244324099146056e+01,2.449237358261135154e-06
1.229743803374297073e+01,3.293855030024292117e-06
1.232243282649448268e+01,4.712730143290746994e-06
1.234742761924599286e+01,7.318093070516856889e-06
1.237242241199750126e+01,1.250789195117526324e-05
1.239741720474901143e+01,2.442689683624980508e-05
1.242241199750052161e+01,5.910030923826451870e-05
1.244740679025203178e+01,2.195443846510656757e-04
1.247240158300354196e+01,6.560988426572764327e-03
1.249739637575505213e+01,1.540401710970748170e-02
1.252239116850656231e+01,8.974013047262658499e-03
1.254738596125807248e+01,3.239408203325009217e-04
1.257238075400958266e+01,7.444335097503534926e-05
1.259737554676109106e+01,2.873623238226050264e-05
1.262237033951260301e+01,1.404145240306826617e-05
1.264736513226411141e+01,7.787779935325851835e-06
1.267235992501562336e+01,4.730378766280298350e-06
1.269735471776713354e+01,2.982197630872865429e-06
1.272234951051864194e+01,1.979127517602234927e-06
1.274734430327015389e+01,1.285958801411721117e-06
1.277233909602166229e+01,9.713714021421081460e-07
1.279733388877317424e+01,9.623585552919489590e-07
1.282232868152468441e+01,1.552473689237863705e-06
1.284732347427619281e+01,2.675191061491331519e-06
1.287231826702770476e+01,4.789767461123399032e-06
1.289731305977921316e+01,9.785558838848337310e-06
1.292230785253072334e+01,2.406539817965674475e-05
1.294730264528223529e+01,8.997278217587318218e-05
1.297229743803374369e+01,2.595229238444721111e-03
1.299729223078525564e+01,6.134559134632767974e-03
1.302228702353676404e+01,3.594845844398840071e-03
1.304728181628827421e+01,1.354246381216210376e-04
1.307227660903978261e+01,3.125385207146527200e-05
1.309727140179129456e+01,1.226421343524619178e-05
1.312226619454280652e+01,6.181217527344845694e-06
1.314726098729431492e+01,3.721523285573868997e-06
1.317225578004582509e+01,2.551986203852624544e-06
1.319725057279733349e+01,2.047378213537060535e-06
1.322224536554884544e+01,1.955292577436967580e-06
1.324724015830035562e+01,2.112302440478592295e-06
1.327223495105186579e+01,2.560210055620816508e-06
1.329722974380337597e+01,3.434593045133387129e-06
1.332222453655488437e+01,4.904629009975744796e-06
1.334721932930639632e+01,7.598143235328492471e-06
1.337221412205790649e+01,1.297882170474644281e-05
1.339720891480941489e+01,2.527704195332146808e-05
1.342220370756092684e+01,6.100465787454638453e-05
1.344719850031243524e+01,2.252998352075734974e-04
1.347219329306394719e+01,6.248813949371721625e-03
1.349718808581545737e+01,1.486730777849608678e-02
1.352218287856696577e+01,8.765222106965720600e-03
1.354717767131847772e+01,3.425940869589095758e-04
1.357217246406998612e+01,7.814752787094431195e-05
1.359716725682149807e+01,3.007723911949853471e-05
1.362216204957300647e+01,1.466839024205993690e-05
1.364715684232451665e+01,8.123340592899066688e-06
1.367215163507602860e+01,4.919375613432385984e-06
1.369714642782753700e+01,3.098895001804446738e-06
1.372214122057904717e+01,2.041081357655693984e-06
1.374713601333055557e+01,1.296322399438837418e-06
1.377213080608206752e+01,9.389906877826938300e-07
1.379712559883357947e+01,9.061125496480022149e-07
1.382212039158508787e+01,1.508382088413798533e-06
1.384711518433659805e+01,2.653225582707850727e-06
1.387210997708810645e+01,4.804251651191387045e-06
1.389710476983961840e+01,9.853456345616118332e-06
1.392209956259113035e+01,2.423981158813547836e-05
1.394709435534263875e+01,9.023378394564987972e-05
1.397208914809414892e+01,2.423478028349712078e-03
1.399708394084565732e+01,5.805598241619502539e-03
1.402207873359716928e+01,3.442740776599525696e-03
1.404707352634867767e+01,1.400614926248837562e-04
1.407206831910018785e+01,3.210086359286922739e-05
1.409706311185169980e+01,1.257531017239885570e-05
1.412205790460320820e+01,6.342972589118658802e-06
1.414705269735472015e+01,3.814061795890168148e-06
1.417204749010622855e+01,2.627707110121612346e-06
1.419704228285773873e+01,2.103841856222736929e-06
1.422203707560925068e+01,2.011131467086069146e-06
1.424703186836075908e+01,2.162015681078618881e-06
1.427202666111227103e+01,2.619980457650815279e-06
1.429702145386377943e+01,3.507677511939632863e-06
1.432201624661528960e+01,5.003293819121237249e-06
1.434701103936680155e+01,7.733183072153187952e-06
1.437200583211830995e+01,1.320522004944367119e-05
1.439700062486982013e+01,2.566440130167842832e-05
1.442199541762132853e+01,6.179077538344401876e-05
1.444699021037284048e+01,2.269093414316467820e-04
1.447198500312435243e+01,5.873614798131283378e-03
1.449697979587586083e+01,1.416257652607089308e-02
1.452197458862737101e+01,8.449559675509950643e-03
1.454696938137887940e+01,3.556553937543513043e-04
1.457196417413039136e+01,8.053396077888616068e-05
1.459695896688189976e+01,3.090675251574623441e-05
1.462195375963341171e+01,1.505264817246907788e-05
1.464694855238492188e+01,8.328790002074839315e-06
1.467194334513643028e+01,5.037778878216190869e-06
1.469693813788794223e+01,3.173681269423626083e-06
1.472193293063945063e+01,2.084967291061750801e-06
1.474692772339096081e+01,1.313982163455854950e-06
1.477192251614247276e+01,9.228595987928321204e-07
1.479691730889398116e+01,8.640502622709816246e-07
1.482191210164549311e+01,1.459386813577193318e-06
1.484690689439700151e+01,2.601202364010404819e-06
1.487190168714851168e+01,4.751784875695104306e-06
1.489689647990002364e+01,9.755212809031748051e-06
1.492189127265153203e+01,2.400465028779555165e-05
1.494688606540304399e+01,8.892753603790221420e-05
1.497188085815455239e+01,2.235293391346134494e-03
1.499687565090606256e+01,5.427164641455640287e-03
1.502187044365757096e+01,3.256689023331445394e-03
1.504686523640908291e+01,1.423541989037959397e-04
1.507186002916059309e+01,3.238994463946727963e-05
1.509685482191210326e+01,1.266439186627313696e-05
1.512184961466361344e+01,6.383914344154013807e-06
1.514684440741512184e+01,3.836937609727489501e-06
1.517183920016663379e+01,2.643522839940449801e-06
1.519683399291814396e+01,2.110466843734555079e-06
1.522182878566965236e+01,2.012373312985647093e-06
1.524682357842116431e+01,2.157026102094383909e-06
1.527181837117267271e+01,2.607091374854523090e-06
1.529681316392418466e+01,3.483775078433146832e-06
1.532180795667569484e+01,4.962535338098966055e-06
1.534680274942720324e+01,7.665364673966139738e-06
1.537179754217871519e+01,1.307385406154584370e-05
1.539679233493022359e+01,2.537112997646111750e-05
1.542178712768173554e+01,6.093749806924757782e-05
1.544678192043324572e+01,2.225498080582329291e-04
1.547177671318475412e+01,5.402330548906271457e-03
1.549677150593626607e+01,1.320239538052222529e-02
1.552176629868777447e+01,7.970581105798332788e-03
1.554676109143928464e+01,3.595987677880747445e-04
1.557175588419079304e+01,8.082818957782702130e-05
1.559675067694230499e+01,3.093337800257964644e-05
1.562174546969381694e+01,1.504712486422404941e-05
1.564674026244532534e+01,8.317938336200505147e-06
1.567173505519683552e+01,5.030694718985784216e-06
1.569672984794834392e+01,3.174409741655503678e-06
1.572172464069985587e+01,2.077359760680983511e-06
1.574671943345136782e+01,1.302580329205362857e-06
1.577171422620287622e+01,8.934193357650863597e-07
1.579670901895438639e+01,8.063951527375689846e-07
1.582170381170589479e+01,1.379268793642074325e-06
1.584669860445740674e+01,2.486560782490459900e-06
1.587169339720891692e+01,4.576730582092960094e-06
1.589668818996042532e+01,9.417347654534929144e-06
1.592168298271193727e+01,2.316729362961876833e-05
1.594667777546344567e+01,8.542574991549675527e-05
1.597167256821495762e+01,2.018620653453446784e-03
1.599666736096646780e+01,4.967725054400655947e-03
1.602166215371797620e+01,3.016412572629414805e-03
1.604665694646948637e+01,1.410375710627606084e-04
1.607165173922099655e+01,3.186282256337250550e-05
1.609664653197250672e+01,1.242976209009016020e-05
1.612164132472401690e+01,6.264486381953022553e-06
1.614663611747552707e+01,3.764184893362218435e-06
1.617163091022703725e+01,2.593613592345121671e-06
1.619662570297854742e+01,2.063743038719910545e-06
1.622162049573005760e+01,1.960440188767069640e-06
1.624661528848156777e+01,2.089260546843987735e-06
1.627161008123307795e+01,2.517166443085752075e-06
1.629660487398458812e+01,3.349426382664008451e-06
1.632159966673609830e+01,4.764244273811192481e-06
1.634659445948760848e+01,7.345663708538546821e-06
1.637158925223911865e+01,1.251691395819426064e-05
1.639658404499062883e+01,2.424299846750917211e-05
1.642157883774213900e+01,5.809425752321910856e-05
1.644657363049364918e+01,2.109921741480076619e-04
1.647156842324515935e+01,4.823213875951586245e-03
1.649656321599666953e+01,1.194746181607726776e-02
1.652155800874817970e+01,7.298666231752287160e-03
1.654655280149968632e+01,3.514816904354619545e-04
1.657154759425120005e+01,7.841405328471141259e-05
1.659654238700271023e+01,2.992558210192037543e-05
1.662153717975422040e+01,1.453499691136841961e-05
1.664653197250573058e+01,8.027337279627776368e-06
1.667152676525723720e+01,4.853459453346438566e-06
1.669652155800875093e+01,3.058901189376924182e-06
1.672151635076026110e+01,2.002212116882756965e-06
1.674651114351177128e+01,1.243030231397838748e-06
1.677150593626328146e+01,8.370344555945408288e-07
1.679650072901478808e+01,7.358083827584720820e-07
1.682149552176630181e+01,1.277663515242655841e-06
1.684649031451781198e+01,2.332060580324358375e-06
1.687148510726931860e+01,4.318076041249850172e-06
1.689647990002083233e+01,8.902888673464433902e-06
1.692147469277233895e+01,2.187990578685065397e-05
1.694646948552385268e+01,8.030820326043478711e-05
1.697146427827536286e+01,1.790914420328209959e-03
1.699645907102686948e+01,4.467609547974552876e-03
1.702145386377838321e+01,2.744884001241677286e-03
1.704644865652988983e+01,1.367506766421380348e-04
1.707144344928140356e+01,3.066548270889694785e-05
1.709643824203291018e+01,1.194007804637846662e-05
1.712143303478442036e+01,6.015089537737905318e-06
1.714642782753593409e+01,3.612770084788637501e-06
1.717142262028744071e+01,2.489465886355158978e-06
1.719641741303895088e+01,1.977858304741925998e-06
1.722141220579046106e+01,1.875207611477427193e-06
1.724640699854197123e+01,1.990451396337528357e-06
1.727140179129348496e+01,2.386026672538172425e-06
1.729639658404499158e+01,3.171315964138503779e-06
1.732139137679650176e+01,4.499604153878797750e-06
1.734638616954801194e+01,6.924628746606984272e-06
1.737138096229952211e+01,1.178962844075287210e-05
1.739637575505103584e+01,2.279291175408150997e-05
1.742137054780254246e+01,5.448235282894015480e-05
1.744636534055405264e+01,1.968010102236753965e-04
1.747136013330556281e+01,4.252206873416669412e-03
1.749635492605707299e+01,1.067713334810538491e-02
1.752134971880858316e+01,6.599921816690374095e-03
1.754634451156009334e+01,3.380229939182861042e-04
1.757133930431160351e+01,7.483855868116107081e-05
1.759633409706311369e+01,2.848019887397649951e-05
1.762132888981462386e+01,1.381092544632718126e-05
1.764632368256613404e+01,7.621163089745484941e-06
1.767131847531764421e+01,4.602855553771036760e-06
1.769631326806915439e+01,2.899585871656677794e-06
1.772130806082066456e+01,1.894284628699691088e-06
1.774630285357217474e+01,1.170241524957448455e-06
1.777129764632368492e+01,7.737469979666585789e-07
1.779629243907519509e+01,6.719924187832316800e-07
1.782128723182670527e+01,1.178476299278866669e-06
1.784628202457821544e+01,2.170745317147015047e-06
1.787127681732972562e+01,4.041144568615547354e-06
1.789627161008123224e+01,8.333345111872754121e-06
1.792126640283274597e+01,2.045952272287683961e-05
1.794626119558425614e+01,7.472596016291053762e-05
1.797125598833576632e+01,1.578040513136078505e-03
1.799625078108727649e+01,3.990698976777155675e-03
1.802124557383878312e+01,2.480849335127948210e-03
1.804624036659029684e+01,1.312327505080999825e-04
1.807123515934180347e+01,2.920693242133093960e-05
1.809622995209331719e+01,1.134404859698892942e-05
1.812122474484482737e+01,5.707779006098509173e-06
1.814621953759633399e+01,3.422663373382763049e-06
1.817121433034784772e+01,2.359470952680883732e-06
1.819620912309935434e+01,1.866769469610253317e-06
1.822120391585086452e+01,1.766219936598467981e-06
1.824619870860237825e+01,1.862115960733181353e-06
1.827119350135388487e+01,2.229369642217989417e-06
1.829618829410539860e+01,2.953437526366471274e-06
1.832118308685690522e+01,4.180661220231600818e-06
1.834617787960841540e+01,6.428684012537502531e-06
1.837117267235992912e+01,1.092903956774856616e-05
1.839616746511143575e+01,2.109476393343916664e-05
1.842116225786294947e+01,5.029075725543866751e-05
1.844615705061445610e+01,1.807005467071286253e-04
1.847115184336596627e+01,3.702339320976353373e-03
1.849614663611747645e+01,9.424369330766584410e-03
1.852114142886898662e+01,5.894386666087728967e-03
1.854613622162049680e+01,3.200236078550069518e-04
1.857113101437200697e+01,7.030779859087125027e-05
1.859612580712351715e+01,2.668051687119141809e-05
1.862112059987502732e+01,1.291606458946210991e-05
1.864611539262653750e+01,7.118689271146725445e-06
1.867111018537804767e+01,4.294439049575210337e-06
1.869610497812955785e+01,2.703181536842071613e-06
1.872109977088106803e+01,1.760281492265470180e-06
1.874609456363257820e+01,1.080685348292470826e-06
1.877108935638408838e+01,7.018591861264885664e-07
1.879608414913559855e+01,5.970502544999286237e-07
1.882107894188710873e+01,1.079359554212044979e-06
1.884607373463861890e+01,2.001379566664284536e-06
1.887106852739012908e+01,3.738818731078583449e-06
1.889606332014163925e+01,7.713805407609568504e-06
1.892105811289314943e+01,1.891472388249747130e-05
1.894605290564465960e+01,6.874248935075602952e-05
1.897104769839616978e+01,1.378890753257220290e-03
1.899604249114767995e+01,3.535295673693871019e-03
1.902103728389919013e+01,2.223648886433468672e-03
1.904603207665069675e+01,1.245061811017270429e-04
1.907102686940221048e+01,2.749819023812921821e-05
1.909602166215372065e+01,1.065194163763559042e-05
1.912101645490523083e+01,5.350834364705574434e-06
1.914601124765674101e+01,3.205600210056138358e-06
1.917100604040824763e+01,2.205831586438627259e-06
1.919600083315976136e+01,1.740606531316643980e-06
1.922099562591127153e+01,1.639299443665768862e-06
1.924599041866278171e+01,1.724230583161294792e-06
1.927098521141429188e+01,2.054467823924272866e-06
1.929598000416579850e+01,2.712722600647112541e-06
1.932097479691731223e+01,3.832327326523968599e-06
1.934596958966882241e+01,5.885332254483398854e-06
1.937096438242032903e+01,9.990448335489218056e-06
1.939595917517184276e+01,1.924660833354862338e-05
1.942095396792334938e+01,4.577740573019951784e-05
1.944594876067486311e+01,1.635892349126058694e-04
1.947094355342636973e+01,3.187722919519957610e-03
1.949593834617787991e+01,8.226738946938710537e-03
1.952093313892939364e+01,5.205983566696286216e-03
1.954592793168090026e+01,2.987575215657585991e-04
1.957092272443241399e+01,6.512230994814202623e-05
1.959591751718392061e+01,2.463840376351792726e-05
1.962091230993543078e+01,1.190687462281203348e-05
1.964590710268694451e+01,6.552973778880013175e-06
1.967090189543845113e+01,3.947710082045928095e-06
1.969589668818996131e+01,2.476241603999359053e-06
1.972089148094147149e+01,1.609837911713441677e-06
1.974588627369298166e+01,9.747040488318518201e-07
1.977088106644449539e+01,6.253877139974708485e-07
1.979587585919600201e+01,5.299710190815992540e-07
1.982087065194751219e+01,9.907019854561916146e-07
1.984586544469902236e+01,1.856809332878790251e-06
1.987086023745053254e+01,3.466611759220322553e-06
1.989585503020204627e+01,7.154521458377552633e-06
1.992084982295355289e+01,1.750341196749103674e-05
1.994584461570506306e+01,6.329316856035248958e-05
1.997083940845657324e+01,1.209175863452914253e-03
1.999583420120808341e+01,3.143281966311016386e-03
2.002082899395959359e+01,2.000331339291620131e-03
2.004582378671110376e+01,1.182247891293454717e-04
2.007081857946261394e+01,2.590419313927332725e-05
2.009581337221412412e+01,1.000171468701684570e-05
2.012080816496563429e+01,5.015654287531196368e-06
2.014580295771714447e+01,2.996512280431792087e-06
2.017079775046865464e+01,2.059297411109291764e-06
2.019579254322016482e+01,1.619516043439364015e-06
2.022078733597167499e+01,1.521475956409807653e-06
2.024578212872318517e+01,1.593319417754632961e-06
2.027077692147469534e+01,1.893694198539565592e-06
2.029577171422620552e+01,2.498415735758165733e-06
2.032076650697771569e+01,3.521026541066592324e-06
2.034576129972922587e+01,5.399935784985455877e-06
2.037075609248073604e+01,9.161708198238485701e-06
2.039575088523224622e+01,1.761629954498851650e-05
2.042074567798375639e+01,4.180070005418701624e-05
2.044574047073526302e+01,1.485892121975021334e-04
2.047073526348677674e+01,2.761020458099369083e-03
2.049573005623828692e+01,7.224773594822973301e-03
2.052072484898979354e+01,4.625668848204656999e-03
2.054571964174130727e+01,2.798532149264913098e-04
2.057071443449281389e+01,6.051924658002912847e-05
2.059570922724432762e+01,2.282872455947739063e-05
2.062070401999583780e+01,1.101126877875573716e-05
2.064569881274734442e+01,6.051037282627506246e-06
2.067069360549885815e+01,3.640882130947393989e-06
2.069568839825036477e+01,2.276210711305235427e-06
2.072068319100187850e+01,1.474126932802940509e-06
2.074567798375338867e+01,8.800420925125030579e-07
2.077067277650489530e+01,5.609747788902624327e-07
2.079566756925640902e+01,4.835626681581605466e-07
2.082066236200791565e+01,9.339356710820930339e-07
2.084565715475942582e+01,1.754409819088249004e-06
2.087065194751093955e+01,3.272938172022895741e-06
2.089564674026244617e+01,6.744557501723676653e-06
2.092064153301395990e+01,1.644991545433690671e-05
2.094563632576546652e+01,5.917808759214553382e-05
2.097063111851697670e+01,1.079341872300234586e-03
2.099562591126848687e+01,2.845022272803891025e-03
2.102062070401999705e+01,1.831770155965223084e-03
2.104561549677151078e+01,1.139842918246219066e-04
2.107061028952301740e+01,2.477201844770439583e-05
2.109560508227452758e+01,9.529603094379413792e-06
2.112059987502603775e+01,4.767245093887969054e-06
2.114559466777754793e+01,2.839211315381138915e-06
2.117058946052905810e+01,1.941076935349896830e-06
2.119558425328056828e+01,1.520725359580071124e-06
2.122057904603207845e+01,1.420919655191783149e-06
2.124557383878358863e+01,1.481267736596488617e-06
2.127056863153509880e+01,1.756695069100363935e-06
2.129556342428660898e+01,2.311310793278597057e-06
2.132055821703811915e+01,3.257515075381179958e-06
2.134555300978962933e+01,4.985035155397683944e-06
2.137054780254113950e+01,8.452812618077038936e-06
2.139554259529264968e+01,1.622889345403067692e-05
2.142053738804415985e+01,3.841550077428932243e-05
2.144553218079567003e+01,1.358539114211970743e-04
2.147052697354718021e+01,2.412906269848126735e-03
2.149552176629869038e+01,6.402363890071594010e-03
2.152051655905020056e+01,4.147179542229170388e-03
2.154551135180170718e+01,2.638891893896354378e-04
2.157050614455322091e+01,5.661382448294297937e-05
2.159550093730473108e+01,2.128748541939542933e-05
2.162049573005624126e+01,1.025276270746072392e-05
2.164549052280775143e+01,5.620684996650008451e-06
2.167048531555925805e+01,3.380265588700287198e-06
2.169548010831077178e+01,2.103151346985840837e-06
2.172047490106228196e+01,1.357784441546588603e-06
2.174546969381379213e+01,8.003885079030530788e-07
2.177046448656530231e+01,5.064908362791465299e-07
2.179545927931680893e+01,4.564462325049236233e-07
2.182045407206832266e+01,9.000898275451957372e-07
2.184544886481983283e+01,1.694549804345165787e-06
2.187044365757133946e+01,3.148380657638427189e-06
2.189543845032285319e+01,6.475830796767818653e-06
2.192043324307435981e+01,1.574019739884806269e-05
2.194542803582587354e+01,5.632149844583904499e-05
2.197042282857738016e+01,9.829323042837975408e-04
2.199541762132889033e+01,2.627348028714015377e-03
2.202041241408040406e+01,1.711425966626176163e-03
2.204540720683191068e+01,1.118721654092144987e-04
2.207040199958342441e+01,2.410687080429979877e-05
2.209539679233493104e+01,9.242090078267299670e-06
2.212039158508644121e+01,4.607811807147744895e-06
2.214538637783795494e+01,2.735382031571683959e-06
2.217038117058946156e+01,1.859164546604002313e-06
2.219537596334097174e+01,1.448277436762885583e-06
2.222037075609248191e+01,1.348188156836039186e-06
2.224536554884399209e+01,1.393366664955674304e-06
2.227036034159550582e+01,1.648094344150283091e-06
2.229535513434701244e+01,2.167455963211596058e-06
2.232034992709852261e+01,3.046803607470718073e-06
2.234534471985003279e+01,4.663380359833155700e-06
2.237033951260154296e+01,7.892708774717636493e-06
2.239533430535305314e+01,1.513546921882484758e-05
2.242032909810456331e+01,3.574274188909106517e-05
2.244532389085607349e+01,1.257553886993653561e-04
2.247031868360758367e+01,2.139584155683145125e-03
2.249531347635909384e+01,5.757221306247971293e-03
2.252030826911060402e+01,3.772896867063973980e-03
2.254530306186211419e+01,2.519572199064187314e-04
2.257029785461362437e+01,5.361517458599808435e-05
2.259529264736513454e+01,2.010220969966116102e-05
2.262028744011664472e+01,9.661399277241407957e-06
2.264528223286815489e+01,5.287912594214047304e-06
2.267027702561966507e+01,3.175849667740462659e-06
2.269527181837117524e+01,1.968012986086327411e-06
2.272026661112268542e+01,1.263671609087234969e-06
2.274526140387419559e+01,7.433537972833220969e-07
2.277025619662570577e+01,4.649875056969396475e-07
2.279525098937721594e+01,4.553735339638046829e-07
2.282024578212872612e+01,9.009781633464792690e-07
2.284524057488023630e+01,1.681872602102602875e-06
2.287023536763174647e+01,3.111587697373116467e-06
2.289523016038325665e+01,6.374883918280168056e-06
2.292022495313476682e+01,1.543870068221985314e-05
2.294521974588627344e+01,5.493260744312509900e-05
2.297021453863778717e+01,9.191560511832003308e-04
2.299520933138929735e+01,2.491648745022223121e-03
2.302020412414080397e+01,1.641996018440866189e-03
2.304519891689231770e+01,1.125179551791939122e-04
2.307019370964382432e+01,2.403979471243571553e-05
2.309518850239533805e+01,9.175139394445406353e-06
2.312018329514684822e+01,4.563702557019179249e-06
2.314517808789835485e+01,2.692626673214742274e-06
2.317017288064986857e+01,1.822079673873410770e-06
2.319516767340137520e+01,1.409660932313767027e-06
2.322016246615288892e+01,1.298220358827213927e-06
2.324515725890439910e+01,1.335637425247403386e-06
2.327015205165590572e+01,1.573842590797953729e-06
2.329514684440741945e+01,2.066481321026762787e-06
2.332014163715892607e+01,2.901333732578343124e-06
2.334513642991043625e+01,4.438753893353965009e-06
2.337013122266194998e+01,7.504439685819008391e-06
2.339512601541345660e+01,1.437696203755366900e-05
2.342012080816497033e+01,3.386863845420334590e-05
2.344511560091647695e+01,1.185705588323543046e-04
2.347011039366798713e+01,1.936347206547146729e-03
2.349510518641949730e+01,5.284334043198815958e-03
2.352009997917100748e+01,3.503393009761717955e-03
2.354509477192252120e+01,2.450612205589736223e-04
2.357008956467402783e+01,5.172705555621494387e-05
2.359508435742553800e+01,1.933350504443538990e-05
2.362007915017704818e+01,9.278369770769217089e-06
2.364507394292855835e+01,5.071513692131400824e-06
2.367006873568006853e+01,3.041881034248010470e-06
2.369506352843157870e+01,1.879539640215941705e-06
2.372005832118308888e+01,1.205181872883996205e-06
2.374505311393459905e+01,7.063383508221073161e-07
2.377004790668610923e+01,4.548823969524414498e-07
2.379504269943761940e+01,4.701010254890528620e-07
2.382003749218912958e+01,9.240670959178257764e-07
2.384503228494063976e+01,1.702295679035347200e-06
2.387002707769214993e+01,3.130737200692768126e-06
2.389502187044366011e+01,6.387020875081929710e-06
2.392001666319517028e+01,1.541597034691479567e-05
2.394501145594668046e+01,5.453073625148213184e-05
2.397000624869819063e+01,8.765184522893684597e-04
2.399500104144970081e+01,2.409909008395009090e-03
2.401999583420121098e+01,1.606641703891633580e-03
2.404499062695272116e+01,1.151951898521088848e-04
2.406998541970423133e+01,2.440075425233338103e-05
2.409498021245574151e+01,9.277733617962340807e-06
2.411997500520725168e+01,4.592267300907149866e-06
2.414496979795876186e+01,2.705282871026182186e-06
2.416996459071026848e+01,1.812540062139249109e-06
2.419495938346178221e+01,1.394600759376220967e-06
2.421995417621329239e+01,1.267505587981463407e-06
2.424494896896480256e+01,1.295225643498206419e-06
2.426994376171631274e+01,1.521791602669016914e-06
2.429493855446781936e+01,1.986634000980043643e-06
2.431993334721933309e+01,2.790011776685106417e-06
2.434492813997084326e+01,4.263973455431842931e-06
2.436992293272235344e+01,7.202907915670178519e-06
2.439491772547386361e+01,1.378619852986806508e-05
2.441991251822537023e+01,3.240287573956526193e-05
2.444490731097688396e+01,1.128851862550851677e-04
2.446990210372839059e+01,1.772729839629210791e-03
2.449489689647990076e+01,4.906980358209030169e-03
2.451989168923141449e+01,3.291073116171703596e-03
2.454488648198292111e+01,2.407081061706732323e-04
2.456988127473443484e+01,5.038946468791342807e-05
2.459487606748594146e+01,1.878370394653122006e-05
2.461987086023745164e+01,8.997918249880914571e-06
2.464486565298896537e+01,4.915649433357251454e-06
2.466986044574047199e+01,2.946475214630431966e-06
2.469485523849198572e+01,1.815790090379058564e-06
2.471985003124349234e+01,1.167341587138548765e-06
2.474484482399500251e+01,6.836313670312097463e-07
2.476983961674651624e+01,4.556053060551395757e-07
2.479483440949802286e+01,4.928387187669595541e-07
2.481982920224953304e+01,9.528947137778802262e-07
2.484482399500104322e+01,1.727895130118433123e-06
2.486981878775255339e+01,3.167532186010060452e-06
2.489481358050406357e+01,6.431153371783106403e-06
2.491980837325557374e+01,1.547112401823047393e-05
2.494480316600708392e+01,5.442859408833432120e-05
2.496979795875859409e+01,8.418878905349540861e-04
2.499479275151010427e+01,2.347889487463490285e-03
2.501978754426161444e+01,1.583491498072282441e-03
2.504478233701312462e+01,1.185938754650801987e-04
2.506977712976463479e+01,2.490300901564843213e-05
2.509477192251614497e+01,9.432653858485093686e-06
2.511976671526765514e+01,4.657199511112224758e-06
2.514476150801916532e+01,2.731196274076232153e-06
2.516975630077067549e+01,1.819487721766646702e-06
2.519475109352218212e+01,1.387316597285777695e-06
2.521974588627369940e+01,1.250253440768159145e-06
2.524474067902520602e+01,1.265925625713026319e-06
2.526973547177671620e+01,1.475336745785266536e-06
2.529473026452822282e+01,1.923331651381195754e-06
2.531972505727973655e+01,2.696087780721584870e-06
2.534471985003124672e+01,4.118138885586478764e-06
2.536971464278275334e+01,6.951592701097735066e-06
2.539470943553426707e+01,1.328498420675826597e-05
2.541970422828577725e+01,3.117031030652358099e-05
2.544469902103728387e+01,1.080587791716706666e-04
2.546969381378879760e+01,1.634521781412384992e-03
2.549468860654030777e+01,4.589549761716040129e-03
2.551968339929181440e+01,3.113909314404241565e-03
2.554467819204332457e+01,2.377452142864386992e-04
2.556967298479483830e+01,4.935974018059415030e-05
2.559466777754634847e+01,1.834777252935248905e-05
2.561966257029785510e+01,8.778113635441772876e-06
2.564465736304936883e+01,4.791671015482700996e-06
2.566965215580087900e+01,2.874514112251216542e-06
2.569464694855238562e+01,1.770059784071088954e-06
2.571964174130389580e+01,1.139665030151660042e-06
2.574463653405540953e+01,6.759135308250635752e-07
2.576963132680691615e+01,4.639643805718815338e-07
2.579462611955842632e+01,5.165449148517641853e-07
2.581962091230994005e+01,9.766523803632781951e-07
2.584461570506144668e+01,1.752954086317853649e-06
2.586961049781295685e+01,3.195608989166161869e-06
2.589460529056447058e+01,6.464291190981617700e-06
2.591960008331598075e+01,1.550778848322122874e-05
2.594459487606748738e+01,5.426949060288894648e-05
2.596958966881899755e+01,8.090577102399188142e-04
2.599458446157051128e+01,2.288929244424273233e-03
2.601957925432201790e+01,1.561633880880643156e-03
2.604457404707352808e+01,1.219806736218543496e-04
2.606956883982504181e+01,2.539326686295680747e-05
2.609456363257654843e+01,9.581074525735102911e-06
2.611955842532805860e+01,4.723145625599855554e-06
2.614455321807956523e+01,2.753405493555607125e-06
2.616954801083107895e+01,1.830482292616483728e-06
2.619454280358258913e+01,1.384865247551778334e-06
2.621953759633409931e+01,1.234433559445538129e-06
2.624453238908561303e+01,1.233503948842247690e-06
2.626952718183711966e+01,1.435370057748677139e-06
2.629452197458862983e+01,1.859421421521282740e-06
2.631951676734014356e+01,2.601405255110678293e-06
2.634451156009165018e+01,3.973575692894486989e-06
2.636950635284316036e+01,6.697417596609724294e-06
2.639450114559466698e+01,1.279031045669878692e-05
2.641949593834618071e+01,2.994504489672668209e-05
2.644449073109769088e+01,1.033155811496353144e-04
2.646948552384919751e+01,1.507649606593943056e-03
2.649448031660071123e+01,4.294667191066308884e-03
2.651947510935222141e+01,2.947584715924815146e-03
2.654446990210373158e+01,2.345637395625116515e-04
2.656946469485524531e+01,4.829499700854287891e-05
2.659445948760675194e+01,1.790428358789562861e-05
2.661945428035826211e+01,8.553034930927053389e-06
2.664444907310976873e+01,4.672116528875013352e-06
2.666944386586128246e+01,2.798385665394015326e-06
2.669443865861279264e+01,1.732552443651814412e-06
2.671943345136429926e+01,1.111487682547454405e-06
2.674442824411581299e+01,6.701306152813192693e-07
2.676942303686732316e+01,4.726897837232132870e-07
2.679441782961882978e+01,5.363208528034083098e-07
2.681941262237033996e+01,9.851449951764305636e-07
2.684440741512185369e+01,1.753047638063884918e-06
2.686940220787336386e+01,3.186728391450541578e-06
2.689439700062487049e+01,6.425702763956764495e-06
2.691939179337638421e+01,1.537546319574736343e-05
2.694438658612789439e+01,5.352592763957023385e-05
2.696938137887940101e+01,7.703613340466055953e-04
2.699437617163091474e+01,2.211153722679647018e-03
2.701937096438242492e+01,1.526022987190868907e-03
2.704436575713393154e+01,1.241372424692562828e-04
2.706936054988544171e+01,2.561907041631795531e-05
2.709435534263695544e+01,9.636797600031303350e-06
2.711935013538846206e+01,4.736593697943905566e-06
2.714434492813997224e+01,2.756295652601296919e-06
2.716933972089148597e+01,1.824156688553378748e-06
2.719433451364299614e+01,1.372869186819524119e-06
2.721932930639450277e+01,1.205400232642636620e-06
2.724432409914601294e+01,1.199983926944732563e-06
2.726931889189752667e+01,1.384997570644312076e-06
2.729431368464903329e+01,1.780920369443968141e-06
2.731930847740054347e+01,2.493324321157413813e-06
2.734430327015205719e+01,3.795620258666376205e-06
2.736929806290356382e+01,6.398177959363085104e-06
2.739429285565507399e+01,1.219860451514644771e-05
2.741928764840658772e+01,2.850623471416027584e-05
2.744428244115809434e+01,9.787725043171343719e-05
2.746927723390960452e+01,1.379877145725454763e-03
2.749427202666111114e+01,3.988072106597490875e-03
2.751926681941262842e+01,2.768791355632719501e-03
2.754426161216413504e+01,2.293315928748477031e-04
2.756925640491564522e+01,4.681984692622817075e-05
2.759425119766715895e+01,1.731174430328609562e-05
2.761924599041866557e+01,8.259847191366555914e-06
2.764424078317017575e+01,4.509809920055827931e-06
2.766923557592168237e+01,2.704146495098624991e-06
2.769423036867319610e+01,1.675479589899221463e-06
2.771922516142470627e+01,1.080564955501464797e-06
2.774421995417621289e+01,6.584152559444701996e-07
2.776921474692772662e+01,4.732270350339008005e-07
2.779420953967923680e+01,5.435755217272114607e-07
2.781920433243074342e+01,9.762581123785720206e-07
2.784419912518226070e+01,1.722847798274952193e-06
2.786919391793376732e+01,3.127426418695628584e-06
2.789418871068527750e+01,6.291135989296897542e-06
2.791918350343678412e+01,1.500611841629589496e-05
2.794417829618829785e+01,5.199316130427747266e-05
2.796917308893980803e+01,7.233708256156872341e-04
2.799416788169131465e+01,2.106704856127874798e-03
2.801916267444282838e+01,1.470723475995932726e-03
2.804415746719433855e+01,1.244313720726893514e-04
2.806915225994584517e+01,2.545764757437811381e-05
2.809414705269735535e+01,9.543448939378168598e-06
2.811914184544886908e+01,4.683741683722672683e-06
2.814413663820037570e+01,2.716671289452238200e-06
2.816913143095188587e+01,1.794729114454684209e-06
2.819412622370339960e+01,1.340938346860652732e-06
2.821912101645490978e+01,1.170616591667643444e-06
2.824411580920641640e+01,1.153113327161567702e-06
2.826911060195793013e+01,1.317894596719127584e-06
2.829410539470944030e+01,1.694462150505731567e-06
2.831910018746094693e+01,2.358624731170224177e-06
2.834409498021245710e+01,3.589761519676275111e-06
2.836908977296397083e+01,6.046376737547776244e-06
2.839408456571547745e+01,1.151018198227218260e-05
2.841907935846698763e+01,2.684060275719488860e-05
2.844407415121850136e+01,9.172817495477793282e-05
2.846906894397000798e+01,1.251017646227145464e-03
2.849406373672151815e+01,3.668792324361639257e-03
2.851905852947303188e+01,2.576496015667371214e-03
2.854405332222454206e+01,2.218249145550603679e-04
2.856904811497604868e+01,4.490205752874452250e-05
2.859404290772755886e+01,1.655588907591987654e-05
2.861903770047907258e+01,7.892248619652099200e-06
2.864403249323057921e+01,4.309051404814550365e-06
2.866902728598208938e+01,2.586275113965508665e-06
2.869402207873360311e+01,1.603383601255930887e-06
2.871901687148510973e+01,1.040012102201070648e-06
2.874401166423661991e+01,6.404733709956181030e-07
2.876900645698812653e+01,4.706399355605086079e-07
2.879400124973964026e+01,5.367885604250498104e-07
2.881899604249115043e+01,9.503919463122639309e-07
2.884399083524265706e+01,1.662853707875409495e-06
2.886898562799417434e+01,3.017100465799355769e-06
2.889398042074568096e+01,6.050726049458741489e-06
2.891897521349719113e+01,1.439886797350899319e-05
2.894397000624870486e+01,4.965381804414923907e-05
2.896896479900021149e+01,6.686716275494530718e-04
2.899395959175172166e+01,1.976152756448552351e-03
2.901895438450322828e+01,1.395475159156528205e-03
2.904394917725474201e+01,1.226412151247628863e-04
2.906894397000625219e+01,2.486880722493877823e-05
2.909393876275775881e+01,9.296094374653947500e-06
2.911893355550927254e+01,4.553014741819229379e-06
2.914392834826078271e+01,2.635113724087977288e-06
2.916892314101228934e+01,1.737924643773615991e-06
2.919391793376379951e+01,1.289813195915456086e-06
2.921891272651531324e+01,1.121061144054427613e-06
2.924390751926682341e+01,1.091832924504011572e-06
2.926890231201833004e+01,1.240152588254897164e-06
2.929389710476984376e+01,1.585177799909373428e-06
2.931889189752135394e+01,2.203024219488491730e-06
2.934388669027286056e+01,3.345648383426669192e-06
2.936888148302437429e+01,5.632009224269882520e-06
2.939387627577588447e+01,1.070651972079548365e-05
2.941887106852739109e+01,2.491783755351524999e-05
2.944386586127890126e+01,8.475846762227325082e-05
2.946886065403041499e+01,1.119621138019206204e-03
2.949385544678192161e+01,3.332084244282866852e-03
2.951885023953343179e+01,2.366964780775355007e-03
2.954384503228494552e+01,2.115687761746458547e-04
2.956883982503645569e+01,4.245793871929205363e-05
2.959383461778796232e+01,1.561289648715061994e-05
2.961882941053947249e+01,7.435149554723905856e-06
2.964382420329098622e+01,4.059611136619191896e-06
2.966881899604249284e+01,2.439276005842833969e-06
2.969381378879400302e+01,1.515441030177420051e-06
2.971880858154551674e+01,9.867170064599440544e-07
2.974380337429702337e+01,6.162930694994098685e-07
2.976879816704853354e+01,4.571357041770477361e-07
2.979379295980004727e+01,5.155115972063915532e-07
2.981878775255155389e+01,9.061885519980361327e-07
2.984378254530306407e+01,1.568567796080525909e-06
2.986877733805457424e+01,2.848231564603014022e-06
2.989377213080608797e+01,5.698544825616913602e-06
2.991876692355759459e+01,1.353822071421330047e-05
2.994376171630910477e+01,4.645580668485114876e-05
2.996875650906061850e+01,6.063201109147368494e-04
2.999375130181212512e+01,1.818539165178008300e-03
3.001874609456363530e+01,1.298935174774226969e-03
3.004374088731514192e+01,1.184415493990481600e-04
3.006873568006665565e+01,2.380742408251233298e-05
3.009373047281816582e+01,8.871588161898427141e-06
3.011872526556967244e+01,4.338218248950035061e-06
3.014372005832118617e+01,2.507349940169074562e-06
3.016871485107269635e+01,1.649792150510829446e-06
3.019370964382420652e+01,1.222936688350741806e-06
3.021870443657572025e+01,1.052117623435721087e-06
3.024369922932722687e+01,1.016942022669331075e-06
3.026869402207873705e+01,1.151094187674051310e-06
3.029368881483024367e+01,1.460370101307591004e-06
3.031868360758175740e+01,2.023560394808245293e-06
3.034367840033326758e+01,3.069754509252557981e-06
3.036867319308477420e+01,5.163810401055724967e-06
3.039366798583628793e+01,9.801287447072859620e-06
3.041866277858779810e+01,2.276684261132021737e-05
3.044365757133930472e+01,7.708891518337610839e-05
3.046865236409081845e+01,9.874096376980335578e-04
3.049364715684232863e+01,2.982463052411967429e-03
3.051864194959383880e+01,2.142943059245755021e-03
3.054363674234534543e+01,1.986383451647265308e-04
3.056863153509685915e+01,3.951272094718820329e-05
3.059362632784836933e+01,1.449503085480437598e-05
3.061862112059987595e+01,6.891800265442757919e-06
3.064361591335138968e+01,3.768021306370417421e-06
3.066861070610289985e+01,2.262295664986697109e-06
3.069360549885440648e+01,1.411381175070573253e-06
3.071860029160591665e+01,9.243276174693868055e-07
3.074359508435743038e+01,5.806417496717924531e-07
3.076858987710893700e+01,4.360868014785420884e-07
3.079358466986044718e+01,4.823732036958006370e-07
3.081857946261196091e+01,8.413462374196196007e-07
3.084357425536347108e+01,1.448271222848853191e-06
3.086856904811497770e+01,2.632509415567044249e-06
3.089356384086649143e+01,5.252011875443309783e-06
3.091855863361800161e+01,1.246224535158266863e-05
3.094355342636950823e+01,4.257209892528286032e-05
3.096854821912101841e+01,5.390656228015741234e-04
3.099354301187253213e+01,1.641071268451842593e-03
3.101853780462403876e+01,1.185621623113097345e-03
3.104353259737554893e+01,1.120510924466502987e-04
3.106852739012706266e+01,2.232129932898273795e-05
3.109352218287856928e+01,8.292704788275401996e-06
3.111851697563007946e+01,4.051628987600606183e-06
3.114351176838158608e+01,2.339693391435472000e-06
3.116850656113310336e+01,1.535562794234598365e-06
3.119350135388460998e+01,1.137623196306353597e-06
3.121849614663612016e+01,9.718897558145364893e-07
3.124349093938763389e+01,9.345344313315313135e-07
3.126848573213914051e+01,1.050835373853165733e-06
3.129348052489065068e+01,1.324178573797808529e-06
3.131847531764216441e+01,1.832309241030405916e-06
3.134347011039367104e+01,2.775716164280182972e-06
3.136846490314518121e+01,4.660378548104391721e-06
3.139345969589668783e+01,8.842460208824834024e-06
3.141845448864820156e+01,2.049423361443067769e-05
3.144344928139971174e+01,6.906879752685412416e-05
3.146844407415121836e+01,8.588449808992239254e-04
3.149343886690273564e+01,2.633126761504149191e-03
3.151843365965424226e+01,1.913627096891446465e-03
3.154342845240575244e+01,1.837540098093738293e-04
3.156842324515725906e+01,3.622922422037692681e-05
3.159341803790877279e+01,1.325632286030673514e-05
3.161841283066028296e+01,6.295672943247224699e-06
3.164340762341178959e+01,3.443604635475493304e-06
3.166840241616330331e+01,2.068862361094455132e-06
3.169339720891481349e+01,1.296484752035258546e-06
3.171839200166632011e+01,8.512236779164348225e-07
3.174338679441783384e+01,5.401274288166278465e-07
3.176838158716934402e+01,4.068347221449628337e-07
3.179337637992085064e+01,4.417345593288091305e-07
3.181837117267236081e+01,7.594341564610865203e-07
3.184336596542387454e+01,1.307364550722373960e-06
3.186836075817538472e+01,2.375461627114669404e-06
3.189335555092689134e+01,4.736445298501485725e-06
3.191835034367840507e+01,1.122399776762678625e-05
3.194334513642991524e+01,3.817099364106630005e-05
3.196833992918142187e+01,4.694935439688496998e-04
3.199333472193293559e+01,1.450870628296152889e-03
3.201832951468444577e+01,1.060205331503982513e-03
3.204332430743595239e+01,1.037460412820338546e-04
3.206831910018745901e+01,2.048142428749003886e-05
3.209331389293897274e+01,7.585854254206721721e-06
3.211830868569048647e+01,3.707336741408936747e-06
3.214330347844199309e+01,2.136101911599230514e-06
3.216829827119350682e+01,1.404558752793102304e-06
3.219329306394501344e+01,1.035579416670397737e-06
3.221828785669652717e+01,8.844175566526067015e-07
3.224328264944803379e+01,8.440313808260285398e-07
3.226827744219954752e+01,9.421326977144424025e-07
3.229327223495105414e+01,1.183971836665130209e-06
3.231826702770256077e+01,1.633280171375666798e-06
3.234326182045407450e+01,2.470320947989635340e-06
3.236825661320558822e+01,4.142163865989168907e-06
3.239325140595709485e+01,7.848337448800688591e-06
3.241824619870860857e+01,1.815969471661910470e-05
3.244324099146011520e+01,6.091521137473011947e-05
3.246823578421162182e+01,7.360414523764793708e-04
3.249323057696313555e+01,2.290812672241405914e-03
3.251822536971464928e+01,1.683898293092405242e-03
3.254322016246615590e+01,1.673344139952461461e-04
3.256821495521766252e+01,3.269764278450104997e-05
3.259320974796917625e+01,1.193204252671936619e-05
3.261820454072068998e+01,5.661570883661090236e-06
3.264319933347219660e+01,3.096532251879307140e-06
3.266819412622370322e+01,1.865429549937102091e-06
3.269318891897521695e+01,1.169750927590677767e-06
3.271818371172672357e+01,7.716876324672424151e-07
3.274317850447823730e+01,4.935740181562006135e-07
3.276817329722975103e+01,3.685941457286911633e-07
3.279316808998125765e+01,3.922892162461050414e-07
3.281816288273276427e+01,6.687756150923308386e-07
3.284315767548427800e+01,1.148573452239732713e-06
3.286815246823579173e+01,2.089885914628924964e-06
3.289314726098729835e+01,4.169174127189882438e-06
3.291814205373880498e+01,9.870375254105475714e-06
3.294313684649031870e+01,3.342088801182961232e-05
3.296813163924182533e+01,3.997294784973374907e-04
3.299312643199333905e+01,1.254097686546442767e-03
3.301812122474485278e+01,9.268787205258286832e-04
3.304311601749635940e+01,9.381697565581061571e-05
3.306811081024786603e+01,1.835693044966253665e-05
3.309310560299937265e+01,6.783248911717441766e-06
3.311810039575088638e+01,3.312482027163922230e-06
3.314309518850240011e+01,1.906161501987703159e-06
3.316808998125390673e+01,1.257328329629711580e-06
3.319308477400542046e+01,9.261016543974310143e-07
3.321807956675692708e+01,7.890112945803529664e-07
3.324307435950844081e+01,7.497308911497269769e-07
3.326806915225995454e+01,8.320393608080086429e-07
3.329306394501146116e+01,1.043195084476968467e-06
3.331805873776296778e+01,1.434886259715322965e-06
3.334305353051447440e+01,2.166392174084326693e-06
3.336804832326598813e+01,3.629226303661424030e-06
3.339304311601750186e+01,6.867010147182866078e-06
3.341803790876900848e+01,1.585802682927733495e-05
3.344303270152052221e+01,5.295981423446849694e-05
3.346802749427202883e+01,6.223723432744880961e-04
3.349302228702354256e+01,1.966618897090825942e-03
3.351801707977504918e+01,1.462106410688430872e-03
3.354301187252656291e+01,1.502232864365745475e-04
3.356800666527806953e+01,2.908701322346654293e-05
3.359300145802957616e+01,1.058573171325461586e-05
3.361799625078108988e+01,5.018991864510787824e-06
3.364299104353260361e+01,2.746380589024877647e-06
3.366798583628411023e+01,1.654791334117784939e-06
3.369298062903562396e+01,1.043400873768868035e-06
3.371797542178713059e+01,6.885306529591454552e-07
3.374297021453863721e+01,4.431929916192709599e-07
3.376796500729015094e+01,3.268638247041843923e-07
3.379295980004166466e+01,3.373584869802906175e-07
3.381795459279317129e+01,5.700026299044283792e-07
3.384294938554467791e+01,9.815352166021020384e-07
3.386794417829619164e+01,1.794223254994590514e-06
3.389293897104770537e+01,3.583198127629697779e-06
3.391793376379921199e+01,8.471722021631834776e-06
3.394292855655072572e+01,2.858883743846237098e-05
3.396792334930223234e+01,3.327769513451593478e-04
3.399291814205373896e+01,1.060096433860784277e-03
3.401791293480525269e+01,7.924255976218672797e-04
3.404290772755676642e+01,8.289495385816710363e-05
3.406790252030827304e+01,1.607577608311287567e-05
3.409289731305977966e+01,5.927881555813546065e-06
3.411789210581129339e+01,2.891511774954126194e-06
3.414288689856280712e+01,1.667697091085125402e-06
3.416788169131431374e+01,1.099961496055431038e-06
3.419287648406582036e+01,8.126062143374775662e-07
3.421787127681733409e+01,6.916392209347366916e-07
3.424286606956884071e+01,6.559148498265762700e-07
3.426786086232035444e+01,7.248587012066310867e-07
3.429285565507186817e+01,9.079636821530655252e-07
3.431785044782337479e+01,1.245113329616878335e-06
3.434284524057488142e+01,1.874996146694400618e-06
3.436784003332639514e+01,3.144311620077516137e-06
3.439283482607790177e+01,5.933493570133054683e-06
3.441782961882941549e+01,1.368476294304593012e-05
3.444282441158092212e+01,4.549131226026440741e-05
3.446781920433243585e+01,5.204554678514790918e-04
3.449281399708394247e+01,1.669881536303372384e-03
3.451780878983545620e+01,1.255649186158603681e-03
3.454280358258696992e+01,1.332693631014534598e-04
3.456779837533847655e+01,2.556950593747411439e-05
3.459279316808998317e+01,9.276843063948102500e-06
3.461778796084148979e+01,4.396890768294684205e-06
3.464278275359300352e+01,2.405687188881109725e-06
3.466777754634451725e+01,1.452837027593323544e-06
3.469277233909602387e+01,9.172507879396868975e-07
3.471776713184753760e+01,6.056687049293468219e-07
3.474276192459904422e+01,3.929546767016375215e-07
3.476775671735055084e+01,2.829875407540450266e-07
3.479275151010207168e+01,2.778980839050730755e-07
3.481774630285357830e+01,4.708367471316062666e-07
3.484274109560508492e+01,8.141934848595502404e-07
3.486773588835659154e+01,1.497486503786812840e-06
3.489273068110810527e+01,3.001384707680587877e-06
3.491772547385961900e+01,7.099196978890633530e-06
3.494272026661112562e+01,2.387638917182754569e-05
3.496771505936263935e+01,2.707450244862985925e-04
3.499270985211414597e+01,8.758805120228296218e-04
3.501770464486565260e+01,6.621665653809307144e-04
3.504269943761716632e+01,7.153350839106985065e-05
3.506769423036868005e+01,1.374719567217965043e-05
3.509268902312018668e+01,5.060068329859614609e-06
3.511768381587169330e+01,2.471052853526794262e-06
3.514267860862320703e+01,1.427154078200495810e-06
3.516767340137472075e+01,9.433217404198844141e-07
3.519266819412622738e+01,6.988964962017324235e-07
3.521766298687774110e+01,5.990514405689709200e-07
3.524265777962924773e+01,5.648095645829917538e-07
3.526765257238075435e+01,6.265025189755965414e-07
3.529264736513226808e+01,7.811814356725445061e-07
3.531764215788378181e+01,1.067576819648964493e-06
3.534263695063528843e+01,1.610986060361451778e-06
3.536763174338679505e+01,2.692567748463988726e-06
3.539262653613830878e+01,5.083701573068715352e-06
3.541762132888981540e+01,1.169373265995410336e-05
3.544261612164132913e+01,3.870420397499610795e-05
3.546761091439283575e+01,4.314155326556460331e-04
3.549260570714434948e+01,1.405677927483492927e-03
3.551760049989585610e+01,1.069016894015133515e-03
3.554259529264736983e+01,1.171071064398781537e-04
3.556759008539888356e+01,2.225939633050389555e-05
3.559258487815039018e+01,8.053452745048832355e-06
3.561757967090189680e+01,3.812381204950207194e-06
3.564257446365341053e+01,2.085647001271895159e-06
3.566756925640491716e+01,1.263118423886985209e-06
3.569256404915643088e+01,7.953302912042763010e-07
3.571755884190793751e+01,5.300394667537295371e-07
3.574255363465945123e+01,3.394267809947540989e-07
3.576754842741095786e+01,2.364676676037935729e-07
3.579254322016246448e+01,2.189600084775362902e-07
3.581753801291398531e+01,3.720960431115269713e-07
3.584253280566549194e+01,6.546175662422950779e-07
3.586752759841699856e+01,1.220256861490294531e-06
3.589252239116851229e+01,2.454045954323241506e-06
3.591751718392001891e+01,5.816818712270789713e-06
3.594251197667153264e+01,1.951280611824145281e-05
3.596750676942303926e+01,2.158028945282760690e-04
3.599250156217455299e+01,7.090811877195939616e-04
3.601749635492605961e+01,5.421442267538216031e-04
3.604249114767756623e+01,6.043958861437786248e-05
3.606748594042907996e+01,1.151369921654972787e-05
3.609248073318059369e+01,4.229177689203253977e-06
3.611747552593210031e+01,2.071492784354686222e-06
3.614247031868360693e+01,1.198219332482258689e-06
3.616746511143512066e+01,7.986950139179064044e-07
3.619245990418663439e+01,5.928271153329686107e-07
3.621745469693814101e+01,5.110752889606748062e-07
3.624244948968965474e+01,4.843275687449434696e-07
3.626744428244116136e+01,5.364712674448174753e-07
3.629243907519266799e+01,6.692477052208055284e-07
3.631743386794418171e+01,9.163527511451843555e-07
3.634242866069569544e+01,1.375309729077420526e-06
3.636742345344720206e+01,2.302319085355820384e-06
3.639241824619870869e+01,4.338764755783478390e-06
3.641741303895022241e+01,9.959507299013637660e-06
3.644240783170172904e+01,3.281318216519758476e-05
3.646740262445324277e+01,3.566370072228622085e-04
3.649239741720475649e+01,1.180197668725319277e-03
3.651739220995626312e+01,9.077450189192397137e-04
3.654238700270776974e+01,1.025568876529551934e-04
3.656738179545928347e+01,1.930394512270333375e-05
3.659237658821079719e+01,6.963985914284993644e-06
3.661737138096230382e+01,3.295944694555517022e-06
3.664236617371381044e+01,1.798347239485141029e-06
3.666736096646532417e+01,1.089474540628550836e-06
3.669235575921683079e+01,6.873200368373525398e-07
3.671735055196834452e+01,4.559933629775719627e-07
3.674234534471985825e+01,2.896636827476984589e-07
3.676734013747136487e+01,1.906362387949957729e-07
3.679233493022287149e+01,1.563281252418667364e-07
3.681732972297438522e+01,2.858482222524055391e-07
3.684232451572589895e+01,5.141821850562637938e-07
3.686731930847740557e+01,9.748313113888933061e-07
3.689231410122891219e+01,1.981251413717220728e-06
3.691730889398042592e+01,4.716452527160408478e-06
3.694230368673193254e+01,1.578084051541718603e-05
3.696729847948344627e+01,1.704063166364128980e-04
3.699229327223495289e+01,5.687841939171330236e-04
3.701728806498646662e+01,4.397898407904952240e-04
3.704228285773797325e+01,5.055746652737557975e-05
3.706727765048947987e+01,9.547338313164534894e-06
3.709227244324099360e+01,3.506049293019104360e-06
3.711726723599250732e+01,1.720738781911047317e-06
3.714226202874401395e+01,1.000065587184411527e-06
3.716725682149552767e+01,6.679751973064225571e-07
3.719225161424703430e+01,5.023808448602348230e-07
3.721724640699854803e+01,4.363590282484232150e-07
3.724224119975005465e+01,4.138263638593829350e-07
3.726723599250156838e+01,4.621908894704573259e-07
3.729223078525307500e+01,5.763613532445392509e-07
3.731722557800458162e+01,7.879036412024976061e-07
3.734222037075609535e+01,1.180428691346035782e-06
3.736721516350760908e+01,1.978701764192291563e-06
3.739220995625911570e+01,3.715144285461762380e-06
3.741720474901062232e+01,8.514609258981681636e-06
3.744219954176213605e+01,2.792510173329496305e-05
3.746719433451364978e+01,2.961077060129649308e-04
3.749218912726515640e+01,9.953400498269348359e-04
3.751718392001667013e+01,7.742582189607451508e-04
3.754217871276817675e+01,9.014501301184920550e-05
3.756717350551968337e+01,1.679882862132868473e-05
3.759216829827119710e+01,6.043853704562699705e-06
3.761716309102271083e+01,2.849330389003477063e-06
3.764215788377421745e+01,1.557786341537644677e-06
3.766715267652572408e+01,9.381882240207783817e-07
3.769214746927723780e+01,5.898345439849136029e-07
3.771714226202874443e+01,3.915651827741421071e-07
3.774213705478025815e+01,2.399885125113333249e-07
3.776713184753177188e+01,1.496368903502103809e-07
3.779212664028327850e+01,9.921962640986134064e-08
3.781712143303478513e+01,2.105306880832619102e-07
3.784211622578629886e+01,4.062460212111510667e-07
3.786711101853781258e+01,7.880104512255218024e-07
3.789210581128931921e+01,1.624353971803618553e-06
3.791710060404082583e+01,3.875874385181577780e-06
3.794209539679233956e+01,1.294970318486111951e-05
3.796709018954384618e+01,1.366297118048356775e-04
3.799208498229535991e+01,4.633342585860019823e-04
3.801707977504687364e+01,3.622949905700782584e-04
3.804207456779838026e+01,4.291677751239927885e-05
3.806706936054988688e+01,8.033436271950307434e-06
3.809206415330139350e+01,2.947624127381024975e-06
3.811705894605291434e+01,1.446921775851599694e-06
3.814205373880442096e+01,8.463496340026388260e-07
3.816704853155592758e+01,5.682524410566792991e-07
3.819204332430744131e+01,4.297674264785173368e-07
3.821703811705894793e+01,3.757134152881694701e-07
3.824203290981046166e+01,3.593733660444486914e-07
3.826702770256197539e+01,4.010787272458220142e-07
3.829202249531348201e+01,5.040815129716198771e-07
3.831701728806498863e+01,6.857106059189721848e-07
3.834201208081649526e+01,1.029574583772546646e-06
3.836700687356800898e+01,1.720377510600344790e-06
3.839200166631952271e+01,3.227871200923976755e-06
3.841699645907102934e+01,7.372328483667071272e-06
3.844199125182254306e+01,2.406708697083799033e-05
3.846698604457404969e+01,2.491362888001920481e-04
3.849198083732556341e+01,8.507548368613316496e-04
3.851697563007707004e+01,6.693009319597432701e-04
3.854197042282858376e+01,8.024323648104769973e-05
3.856696521558009039e+01,1.480229881528484127e-05
3.859196000833159701e+01,5.302623022973642067e-06
3.861695480108311074e+01,2.496534841056282176e-06
3.864194959383462447e+01,1.355563509386965593e-06
3.866694438658613109e+01,8.160566964072762534e-07
3.869193917933764482e+01,5.085919183835279416e-07
3.871693397208915144e+01,3.317508007435646762e-07
3.874192876484065806e+01,1.972996705784040388e-07
3.876692355759217179e+01,1.068598418086815032e-07
3.879191835034368552e+01,5.286811106586610218e-08
3.881691314309519214e+01,1.669139051777324546e-07
3.884190793584669876e+01,3.465716311949882016e-07
3.886690272859821249e+01,6.831943972239850322e-07
3.889189752134972622e+01,1.419115710754610132e-06
3.891689231410123284e+01,3.389884529084573310e-06
3.894188710685273946e+01,1.128930092268827718e-05
3.896688189960425319e+01,1.164101496946317091e-04
3.899187669235575981e+01,4.011000115283714024e-04
3.901687148510727354e+01,3.171747827550899486e-04
3.904186627785878727e+01,3.867784556206824202e-05
3.906686107061029389e+01,7.172798353428629609e-06
3.909185586336180052e+01,2.623703638108267153e-06
3.911685065611331424e+01,1.284949201849441103e-06
3.914184544886482797e+01,7.527336879078322560e-07
3.916684024161633459e+01,5.022994402308934768e-07
3.919183503436784122e+01,3.826403044165073105e-07
3.921682982711935495e+01,3.361571732582106645e-07
3.924182461987086157e+01,3.148796657399877030e-07
3.926681941262237530e+01,3.609207439578241426e-07
3.929181420537388902e+01,4.491161849350064927e-07
3.931680899812539565e+01,6.143707485874882633e-07
3.934180379087690227e+01,9.173283422072525412e-07
3.936679858362841600e+01,1.533107757547339202e-06
3.939179337637992262e+01,2.864522875817822940e-06
3.941678816913143635e+01,6.528729531610574736e-06
3.944178296188294297e+01,2.120533715406874346e-05
3.946677775463445670e+01,2.144222478751250222e-04
3.949177254738596332e+01,7.439346788431212788e-04
3.951676734013747705e+01,5.919055290613676242e-04
3.954176213288899078e+01,7.302535851582996529e-05
3.956675692564049740e+01,1.332658841885560126e-05
3.959175171839200402e+01,4.756318697766099003e-06
3.961674651114351065e+01,2.228187716228103454e-06
3.964174130389502437e+01,1.203530633316843524e-06
3.966673609664653810e+01,7.199433695157901967e-07
3.969173088939804472e+01,4.428576498208349376e-07
3.971672568214955845e+01,2.819504175958940683e-07
3.974172047490106507e+01,1.585973562523718205e-07
3.976671526765257170e+01,6.893957413638492772e-08
3.979171006040409253e+01,3.457509826468756714e-08
3.981670485315559915e+01,1.640817729163122153e-07
3.984169964590710578e+01,3.448425893578034236e-07
3.986669443865861240e+01,6.641137662443487676e-07
3.989168923141012613e+01,1.379694854695559389e-06
3.991668402416163985e+01,3.270394823653112400e-06
3.994167881691314648e+01,1.083479077204230590e-05
3.996667360966466020e+01,1.091178486988282484e-04
3.999166840241616683e+01,3.820147534852354871e-04
4.001666319516767345e+01,3.055146823271470431e-04
4.004165798791918718e+01,3.832005494786534181e-05
4.006665278067070091e+01,7.026208967595331793e-06
4.009164757342220753e+01,2.554250414650249576e-06
4.011664236617371415e+01,1.243445900912712607e-06
4.014163715892522788e+01,7.241931996450495623e-07
4.016663195167674161e+01,4.768305258918309457e-07
4.019162674442824823e+01,3.604358100641868974e-07
4.021662153717976196e+01,3.109998823417328628e-07
4.024161632993126858e+01,2.938844207374304585e-07
4.026661112268277520e+01,3.299068260764630355e-07
4.029160591543428893e+01,4.166541095093058680e-07
4.031660070818580266e+01,5.623299124598798944e-07
4.034159550093730928e+01,8.412119203013620703e-07
4.036659029368881590e+01,1.401846651149993015e-06
4.039158508644032963e+01,2.613037868952149259e-06
4.041657987919183626e+01,5.933975476640974225e-06
4.044157467194334998e+01,1.917257903550273471e-05
4.046656946469485661e+01,1.895099047870269621e-04
4.049156425744637033e+01,6.680988996269690561e-04
4.051655905019787696e+01,5.375926664673082471e-04
4.054155384294939068e+01,6.820451179637453999e-05
4.056654863570090441e+01,1.231161686727002255e-05
4.059154342845241104e+01,4.371880250556319967e-06
4.061653822120391766e+01,2.040619901287592332e-06
4.064153301395543139e+01,1.093005872106808604e-06
4.066652780670693801e+01,6.482576930047704417e-07
4.069152259945845174e+01,3.911017110435039440e-07
4.071651739220995836e+01,2.406946725483088587e-07
4.074151218496147209e+01,1.238341855954845487e-07
4.076650697771297871e+01,3.538379993904458769e-08
4.079150177046449244e+01,6.435223056241484875e-08
4.081649656321600617e+01,1.895338183127865397e-07
4.084149135596751279e+01,3.825269950846557846e-07
4.086648614871901941e+01,7.125929158773739749e-07
4.089148094147052603e+01,1.457495286545246405e-06
4.091647573422203976e+01,3.430227896227160442e-06
4.094147052697355349e+01,1.126033771568436378e-05
4.096646531972506011e+01,1.108167789414260675e-04
4.099146011247657384e+01,3.942045924702608354e-04
4.101645490522808046e+01,3.188516544373017547e-04
4.104144969797958709e+01,4.110079719883085017e-05
4.106644449073110081e+01,7.444620089996106696e-06
4.109143928348261454e+01,2.686888711721680836e-06
4.111643407623412116e+01,1.298575980914095564e-06
4.114142886898562779e+01,7.458682127484572848e-07
4.116642366173714152e+01,4.834350141108916065e-07
4.119141845448865524e+01,3.589546351227412679e-07
4.121641324724016187e+01,3.030023324808719752e-07
4.124140803999167559e+01,2.844960067604247851e-07
4.126640283274318222e+01,3.145548978914308643e-07
4.129139762549468884e+01,3.923329634089475812e-07
4.131639241824620257e+01,5.315467091622549231e-07
4.134138721099771629e+01,7.914871563226740865e-07
4.136638200374922292e+01,1.314921275532812408e-06
4.139137679650072954e+01,2.444029344230765608e-06
4.141637158925224327e+01,5.528897317560868820e-06
4.144136638200375700e+01,1.777826587855732120e-05
4.146636117475526362e+01,1.718148114964479251e-04
4.149135596750677735e+01,6.155847046673255420e-04
4.151635076025828397e+01,5.009474123663221461e-04
4.154134555300979059e+01,6.531582073825357147e-05
4.156634034576130432e+01,1.166089345040749928e-05
4.159133513851281805e+01,4.120048282076499740e-06
4.161632993126432467e+01,1.912127552212698308e-06
4.164132472401583129e+01,1.018280172881495884e-06
4.166631951676734502e+01,5.961644986025048823e-07
4.169131430951885164e+01,3.514497997421367040e-07
4.171630910227036537e+01,2.083180404417801046e-07
4.174130389502187910e+01,9.378831262796845504e-08
4.176629868777338572e+01,4.503552904073482275e-09
4.179129348052489235e+01,9.830180699259786220e-08
4.181628827327640607e+01,2.284742518329934247e-07
4.184128306602791980e+01,4.363278740429532599e-07
4.186627785877942642e+01,7.898043887705519873e-07
4.189127265153093305e+01,1.597447866743060224e-06
4.191626744428244677e+01,3.719537696163494379e-06
4.194126223703395340e+01,1.212594609988682217e-05
4.196625702978546713e+01,1.166298563000723373e-04
4.199125182253697375e+01,4.216312473910883030e-04
4.201624661528848748e+01,3.449121053286464196e-04
4.204124140803999410e+01,4.566749839935073607e-05
4.206623620079150072e+01,8.171427723961848370e-06
4.209123099354302155e+01,2.931451515128955047e-06
4.211622578629452818e+01,1.403270765650883953e-06
4.214122057904603480e+01,7.982918866814121144e-07
4.216621537179754853e+01,5.100829065203304655e-07
4.219121016454905515e+01,3.712250491030676668e-07
4.221620495730056888e+01,3.066926634676955686e-07
4.224119975005207550e+01,2.806192184227230185e-07
4.226619454280358923e+01,3.066334390460864484e-07
4.229118933555509585e+01,3.786194662026870500e-07
4.231618412830660247e+01,5.116419344682620167e-07
4.234117892105811620e+01,7.596923898104514264e-07
4.236617371380962993e+01,1.253400884175570836e-06
4.239116850656113655e+01,2.327729212061397871e-06
4.241616329931264318e+01,5.246476133972743867e-06
4.244115809206415690e+01,1.678341506546015998e-05
4.246615288481567063e+01,1.587259963174779507e-04
4.249114767756717725e+01,5.780281364614397663e-04
4.251614247031869098e+01,4.757049482208500625e-04
4.254113726307019760e+01,6.370675701300816316e-05
4.256613205582170423e+01,1.124977688294402336e-05
4.259112684857321796e+01,3.953496009238732590e-06
4.261612164132473168e+01,1.826578192723278569e-06
4.264111643407623831e+01,9.663496249970244630e-07
4.266611122682774493e+01,5.571618243285355391e-07
4.269110601957925866e+01,3.233065195627477526e-07
4.271610081233076528e+01,1.826156273636966204e-07
4.274109560508227901e+01,6.863049981848969390e-08
4.276609039783379274e+01,2.322024369314651289e-08
4.279108519058529936e+01,1.290878251856576558e-07
4.281607998333680598e+01,2.664523718823848517e-07
4.284107477608831971e+01,4.892308831617907253e-07
4.286606956883983344e+01,8.757454406387014012e-07
4.289106436159134006e+01,1.742324093660027420e-06
4.291605915434284668e+01,4.032531634393009857e-06
4.294105394709436041e+01,1.306489676545765875e-05
4.296604873984586703e+01,1.229244590126337333e-04
4.299104353259738076e+01,4.516956866180302861e-04
4.301603832534889449e+01,3.736928998122431749e-04
4.304103311810040111e+01,5.079946544299726715e-05
4.306602791085190773e+01,8.983319601530645267e-06
4.309102270360341436e+01,3.203688829364227506e-06
4.311601749635493519e+01,1.526254538247034349e-06
4.314101228910644181e+01,8.568070707906611243e-07
4.316600708185794844e+01,5.448897180338738404e-07
4.319100187460946216e+01,3.893238906709679615e-07
4.321599666736096879e+01,3.146486025178000679e-07
4.324099146011248251e+01,2.794177702291931996e-07
4.326598625286399624e+01,3.039847744623301762e-07
4.329098104561550286e+01,3.682799578684451618e-07
4.331597583836700949e+01,4.981103600915081858e-07
4.334097063111851611e+01,7.333577503935419772e-07
4.336596542387002984e+01,1.209233086192092415e-06
4.339096021662154357e+01,2.234057909252618703e-06
4.341595500937305019e+01,5.025961353397883270e-06
4.344094980212456392e+01,1.599836321098577796e-05
4.346594459487607054e+01,1.481387745337264317e-04
4.349093938762758427e+01,5.484215259794625666e-04
4.351593418037909089e+01,4.564366229755787894e-04
4.354092897313060462e+01,6.275671510940461462e-05
4.356592376588211124e+01,1.095377790651457437e-05
4.359091855863361786e+01,3.835793532530192246e-06
4.361591335138513159e+01,1.764123192592688047e-06
4.364090814413664532e+01,9.247691030416492093e-07
4.366590293688815194e+01,5.303024274911031846e-07
4.369089772963966567e+01,3.001928371084388101e-07
4.371589252239117229e+01,1.623884684518548757e-07
4.374088731514267891e+01,4.794351820355255311e-08
4.376588210789419264e+01,4.512476825361205469e-08
4.379087690064570637e+01,1.548445156086918474e-07
4.381587169339721299e+01,3.000987001674072639e-07
4.384086648614871962e+01,5.364405431062003182e-07
4.386586127890023334e+01,9.475046028314275286e-07
4.389085607165174707e+01,1.874333479223522250e-06
4.391585086440325369e+01,4.312972011252223803e-06
4.394084565715476032e+01,1.388863773971641294e-05
4.396584044990627405e+01,1.279517629942512034e-04
4.399083524265778067e+01,4.779973570900999729e-04
4.401583003540929440e+01,3.999223287236619898e-04
4.404082482816080812e+01,5.579183566673672515e-05
4.406581962091231475e+01,9.754293014145624661e-06
4.409081441366382137e+01,3.462212812181291693e-06
4.411580920641533510e+01,1.636487076770236751e-06
4.414080399916684883e+01,9.196628947561071702e-07
4.416579879191835545e+01,5.766390095741346669e-07
4.419079358466986207e+01,4.069933639729813369e-07
4.421578837742137580e+01,3.204578733268725678e-07
4.424078317017288242e+01,2.865970370822348130e-07
4.426577796292439615e+01,2.977280378452007946e-07
4.429077275567590988e+01,3.627271795852161786e-07
4.431576754842741650e+01,4.824649067272821845e-07
4.434076234117892312e+01,7.084954830911905058e-07
4.436575713393042975e+01,1.169970092110758826e-06
4.439075192668194347e+01,2.151616648319328572e-06
4.441574671943345720e+01,4.826839730209350984e-06
4.444074151218496382e+01,1.529458843506685688e-05
4.446573630493647755e+01,1.387473834721978619e-04
4.449073109768798417e+01,5.222637086002624753e-04
4.451572589043949790e+01,4.395700336408830695e-04
4.454072068319101163e+01,6.201837048322194257e-05
4.456571547594251825e+01,1.070576008812060575e-05
4.459071026869402488e+01,3.728596388745607736e-06
4.461570506144553150e+01,1.711578707148273964e-06
4.464069985419704523e+01,8.904686280235532384e-07
4.466569464694855895e+01,5.089877132058880032e-07
4.469068943970006558e+01,2.808979440192135532e-07
4.471568423245157931e+01,1.472297237522427903e-07
4.474067902520308593e+01,3.076036181535154408e-08
4.476567381795459966e+01,6.142152427085115901e-08
4.479066861070610628e+01,1.758068521340506398e-07
4.481566340345762001e+01,3.266240380190156573e-07
4.484065819620912663e+01,5.716879312472334770e-07
4.486565298896063325e+01,1.007979163988949756e-06
4.489064778171214698e+01,1.976516733861153913e-06
4.491564257446366071e+01,4.529463380725439820e-06
4.494063736721516733e+01,1.451097119288224597e-05
4.496563215996668106e+01,1.309895381772749909e-04
4.499062695271818768e+01,4.975798104379319884e-04
4.501562174546969430e+01,4.210024051727363097e-04
4.504061653822120803e+01,6.024888546403292999e-05
4.506561133097272176e+01,1.041468241988119745e-05
4.509060612372422838e+01,3.677712413685651135e-06
4.511560091647573500e+01,1.735459664511809655e-06
4.514059570922724873e+01,9.675619792215847673e-07
4.516559050197876246e+01,6.037795856881965886e-07
4.519058529473026908e+01,4.226711780255624987e-07
4.521558008748178281e+01,3.274042229535199667e-07
4.524057488023328943e+01,2.872190026315758564e-07
4.526556967298479606e+01,2.929438716750459657e-07
4.529056446573630978e+01,3.551309660962461712e-07
4.531555925848782351e+01,4.672677830093332237e-07
4.534055405123933014e+01,6.837868894845402226e-07
4.536554884399083676e+01,1.125655240175526324e-06
4.539054363674235049e+01,2.068941193995178198e-06
4.541553842949386421e+01,4.623395453579257865e-06
4.544053322224537084e+01,1.458800678704601599e-05
4.546552801499687746e+01,1.297167147271400915e-04
4.549052280774839119e+01,4.965397113346657013e-04
4.551551760049989781e+01,4.226238116628438786e-04
4.554051239325141154e+01,6.115498693986122069e-05
4.556550718600292527e+01,1.043717548507439713e-05
4.559050197875443189e+01,3.621410914954259438e-06
4.561549677150593851e+01,1.657529114765366433e-06
4.564049156425745224e+01,8.588286514909595646e-07
4.566548635700895886e+01,4.836807652532977083e-07
4.569048114976047259e+01,2.660606532827735597e-07
4.571547594251197921e+01,1.331074417917618375e-07
4.574047073526349294e+01,2.392052410970681734e-08
4.576546552801499956e+01,7.738898787823300699e-08
4.579046032076651329e+01,1.881896674165285869e-07
4.581545511351802702e+01,3.491058192009843562e-07
4.584044990626953364e+01,5.993120358667204890e-07
4.586544469902104026e+01,1.049564797943039864e-06
4.589043949177254689e+01,2.044484520064395507e-06
4.591543428452406062e+01,4.679337273206710164e-06
4.594042907727557434e+01,1.490704013645054579e-05
4.596542387002708097e+01,1.319267181924538691e-04
4.599041866277859469e+01,5.096721387522812254e-04
4.601541345553010132e+01,4.360897644963113271e-04
4.604040824828160794e+01,6.399058782307606502e-05
4.606540304103312877e+01,1.093348778039300354e-05
4.609039783378463540e+01,3.847273959213528192e-06
4.611539262653614202e+01,1.806401843981713083e-06
4.614038741928764864e+01,1.005060292889329830e-06
4.616538221203916237e+01,6.258446213928821292e-07
4.619037700479067610e+01,4.304442445499628999e-07
4.621537179754218272e+01,3.332822479584880592e-07
4.624036659029369645e+01,2.852672064760338817e-07
4.626536138304520307e+01,2.903516346010396511e-07
4.629035617579670969e+01,3.408235656232330969e-07
4.631535096854822342e+01,4.518495043902245982e-07
4.634034576129973715e+01,6.564764691545361474e-07
4.636534055405124377e+01,1.077433426162140708e-06
4.639033534680275039e+01,1.977134724404656710e-06
4.641533013955426412e+01,4.408001950693112302e-06
4.644032493230577785e+01,1.384463631526338245e-05
4.646531972505728447e+01,1.207338669246406739e-04
4.649031451780879820e+01,4.700682360091137002e-04
4.651530931056030482e+01,4.045971788158556526e-04
4.654030410331181145e+01,6.002169757209612898e-05
4.656529889606332517e+01,1.012844664255884511e-05
4.659029368881483890e+01,3.498737584729522397e-06
4.661528848156634552e+01,1.597876419331616250e-06
4.664028327431785215e+01,8.225487523436922900e-07
4.666527806706936587e+01,4.633069470823005009e-07
4.669027285982087250e+01,2.498903836324456031e-07
4.671526765257238623e+01,1.189649014902090074e-07
4.674026244532389995e+01,2.149585510957463993e-08
4.676525723807540658e+01,8.962256502793435734e-08
4.679025203082691320e+01,2.009829675966982690e-07
4.681524682357842693e+01,3.618249100949754388e-07
4.684024161632994065e+01,6.163392281652904634e-07
4.686523640908144728e+01,1.073887754458093465e-06
4.689023120183295390e+01,2.088365507538848174e-06
4.691522599458446763e+01,4.757385101109221963e-06
4.694022078733597425e+01,1.508950380766625076e-05
4.696521558008748798e+01,1.309921006097731122e-04
4.699021037283899460e+01,5.147620880168976868e-04
4.701520516559050833e+01,4.453977601052652334e-04
4.704019995834201495e+01,6.698411967029774055e-05
4.706519475109352157e+01,1.131330495634616917e-05
4.709018954384504241e+01,3.962818797865576075e-06
4.711518433659654903e+01,1.858649130356830633e-06
4.714017912934805565e+01,1.027478446653033035e-06
4.716517392209956938e+01,6.378151991812410473e-07
4.719016871485107600e+01,4.387672469229566063e-07
4.721516350760258973e+01,3.313096691261400775e-07
4.724015830035409635e+01,2.822125690175710488e-07
4.726515309310561008e+01,2.822221477983134135e-07
4.729014788585711671e+01,3.277840619634652509e-07
4.731514267860862333e+01,4.310136782926422540e-07
4.734013747136013706e+01,6.265039512841561451e-07
4.736513226411165078e+01,1.024406059328368783e-06
4.739012705686315741e+01,1.877798301834528118e-06
4.741512184961466403e+01,4.175124122771310846e-06
4.744011664236617776e+01,1.305603791864561500e-05
4.746511143511769149e+01,1.117237147625763295e-04
4.749010622786919811e+01,4.425030383240218142e-04
4.751510102062071184e+01,3.851482445345193488e-04
4.754009581337221846e+01,5.854695337979495557e-05
4.756509060612372508e+01,9.767175468233780887e-06
4.759008539887523881e+01,3.363902481695084229e-06
4.761508019162675254e+01,1.524177626254838648e-06
4.764007498437825916e+01,7.893187393260254248e-07
4.766506977712976578e+01,4.380273489958823917e-07
4.769006456988127951e+01,2.349393387712396637e-07
4.771505936263278613e+01,1.084060808279445407e-07
4.774005415538429986e+01,1.931807515365384996e-08
4.776504894813581359e+01,9.815577767160032122e-08
4.779004374088732021e+01,2.091322279672519885e-07
4.781503853363882683e+01,3.683054799167900333e-07
4.784003332639034056e+01,6.251228642872874120e-07
4.786502811914185429e+01,1.086322450636230160e-06
4.789002291189336091e+01,2.100732183897213743e-06
4.791501770464486754e+01,4.776276384391418375e-06
4.794001249739638126e+01,1.507983881017266511e-05
4.796500729014788789e+01,1.284601286039464211e-04
4.799000208289940161e+01,5.135918935941675024e-04
4.801499687565091534e+01,4.493780472731712236e-04
4.803999166840242196e+01,6.923719985189595214e-05
4.806498646115392859e+01,1.155550460343338570e-05
4.808998125390544232e+01,4.032553131726912310e-06
4.811497604665695604e+01,1.886337159118563284e-06
4.813997083940846267e+01,1.040528136252519397e-06
4.816496563215996929e+01,6.422576973462555733e-07
4.818996042491148302e+01,4.377925210788971925e-07
4.821495521766298964e+01,3.313294163533568822e-07
4.823995001041450337e+01,2.735100928639612530e-07
4.826494480316600999e+01,2.722260896264936229e-07
4.828993959591752372e+01,3.121882742067776076e-07
4.831493438866903034e+01,4.112796006203086366e-07
4.833992918142053696e+01,5.915767643839026169e-07
4.836492397417205069e+01,9.660513345581093934e-07
4.838991876692356442e+01,1.769808645152259147e-06
4.841491355967507104e+01,3.926647988155575210e-06
4.843990835242658477e+01,1.222869892525085615e-05
4.846490314517809139e+01,1.027161435365849315e-04
4.848989793792960512e+01,4.139408546367898427e-04
4.851489273068111174e+01,3.643345450828873130e-04
4.853988752343262547e+01,5.673135819881488433e-05
4.856488231618413209e+01,9.352814064260723341e-06
4.858987710893563872e+01,3.207152480880376788e-06
4.861487190168715244e+01,1.451502183507569854e-06
4.863986669443866617e+01,7.476440273021661791e-07
4.866486148719017280e+01,4.159009937990795144e-07
4.868985627994168652e+01,2.147335809944093289e-07
4.871485107269319315e+01,9.982866950649689388e-08
4.873984586544470687e+01,2.304676325600855326e-08
4.876484065819621350e+01,1.048445998047804537e-07
4.878983545094772722e+01,2.146375296178896286e-07
4.881483024369923385e+01,3.697234050663908343e-07
4.883982503645074047e+01,6.261692162798730956e-07
4.886481982920225420e+01,1.083956762969571490e-06
4.888981462195376793e+01,2.095377312730652900e-06
4.891480941470527455e+01,4.740389134032729499e-06
4.893980420745678117e+01,1.491216317964150006e-05
4.896479900020829490e+01,1.247065642270552227e-04
4.898979379295980152e+01,5.073540417360178616e-04
4.901478858571131525e+01,4.489042527764573959e-04
4.903978337846282898e+01,7.082722205227084901e-05
4.906477817121433560e+01,1.168006933128033234e-05
4.908977296396584222e+01,4.062353307793181539e-06
4.911476775671735595e+01,1.894172702546376149e-06
4.913976254946886968e+01,1.041757316652539026e-06
4.916475734222037630e+01,6.407913738485332678e-07
4.918975213497188292e+01,4.340843868963549430e-07
4.921474692772339665e+01,3.253359969949866350e-07
4.923974172047490327e+01,2.657968085359225361e-07
4.926473651322641700e+01,2.614136308050041736e-07
4.928973130597793073e+01,2.947063706662004500e-07
4.931472609872943735e+01,3.842858114375350874e-07
4.933972089148094398e+01,5.564133113168681276e-07
4.936471568423245060e+01,9.060843052015903709e-07
4.938971047698397143e+01,1.656493762484618221e-06
4.941470526973547805e+01,3.667990219850298747e-06
4.943970006248698468e+01,1.137871943468665148e-05
4.946469485523849841e+01,9.386126336989631411e-05
4.948968964799000503e+01,3.849375405822101442e-04
4.951468444074151876e+01,3.426051379731331393e-04
4.953967923349303248e+01,5.462069779897079567e-05
4.956467402624453911e+01,8.898709177203264792e-06
4.958966881899604573e+01,3.038691731287789595e-06
4.961466361174755235e+01,1.374020154926069956e-06
4.963965840449906608e+01,7.046411232607037041e-07
4.966465319725057981e+01,3.872705264254620043e-07
4.968964799000208643e+01,2.010879579271520037e-07
4.971464278275360016e+01,8.743208689972515227e-08
4.973963757550510678e+01,2.470536842473129097e-08
4.976463236825662051e+01,1.071696887204658226e-07
4.978962716100812713e+01,2.173100776838344937e-07
4.981462195375964086e+01,3.690319775839964356e-07
4.983961674651114748e+01,6.211715240065515011e-07
4.986461153926265411e+01,1.073074391646405471e-06
4.988960633201416783e+01,2.066233038088784726e-06
4.991460112476568156e+01,4.668990192087753139e-06
4.993959591751718818e+01,1.461696275971794014e-05
4.996459071026870191e+01,1.200763713423095159e-04
4.998958550302020853e+01,4.971943327263708256e-04
5.001458029577171516e+01,4.448479021973529633e-04
5.003957508852322889e+01,7.184440769760534284e-05
5.006456988127474261e+01,1.170787608946191178e-05
5.008956467402624924e+01,4.054651890372116060e-06
5.011455946677775586e+01,1.885897926872910770e-06
5.013955425952926959e+01,1.035510770997746340e-06
5.016454905228078331e+01,6.328904914769906486e-07
5.018954384503228994e+01,4.292549144380025837e-07
5.021453863778379656e+01,3.146977026555342638e-07
5.023953343053531029e+01,2.582639083403616340e-07
5.026452822328681691e+01,2.453445059675917111e-07
5.028952301603833064e+01,2.769140099778190630e-07
5.031451780878983726e+01,3.583126096103230503e-07
5.033951260154135099e+01,5.187826033303018840e-07
5.036450739429286472e+01,8.432058415070211562e-07
5.038950218704436423e+01,1.540409292456682830e-06
5.041449697979588507e+01,3.406278317309792892e-06
5.043949177254739880e+01,1.051958526397832184e-05
5.046448656529889831e+01,8.527342255570854448e-05
5.048948135805041204e+01,3.559607115583663197e-04
5.051447615080192577e+01,3.203650192130177055e-04
5.053947094355343239e+01,5.227253166803991961e-05
5.056446573630494612e+01,8.414710802796709124e-06
5.058946052905644564e+01,2.863778426941133113e-06
5.061445532180795936e+01,1.290913042420105558e-06
5.063945011455947309e+01,6.571177995771735513e-07
5.066444490731097972e+01,3.623979229523692716e-07
5.068943970006249344e+01,1.857325501642482863e-07
5.071443449281400717e+01,7.533801076911228795e-08
5.073942928556550669e+01,2.706285372829220099e-08
5.076442407831702042e+01,1.105482284643818411e-07
5.078941887106853414e+01,2.152638160571334397e-07
5.081441366382004077e+01,3.651800312111391070e-07
5.083940845657155450e+01,6.115963977822292658e-07
5.086440324932306822e+01,1.055113076066637634e-06
5.088939804207456774e+01,2.023149371337339132e-06
5.091439283482608147e+01,4.566484959864587276e-06
5.093938762757759520e+01,1.422910771509209365e-05
5.096438242032910182e+01,1.148663119220256785e-04
5.098937721308061555e+01,4.841656639335773838e-04
5.101437200583211506e+01,4.380469434147394908e-04
5.103936679858362879e+01,7.239044085116715251e-05
5.106436159133514963e+01,1.165409035463601872e-05
5.108935638408664914e+01,4.019789846916425958e-06
5.111435117683816287e+01,1.864528476990302705e-06
5.113934596958967660e+01,1.020899340365831178e-06
5.116434076234118322e+01,6.229027922772761981e-07
5.118933555509269695e+01,4.174520150918713901e-07
5.121433034784421068e+01,3.083645270277475820e-07
5.123932514059571020e+01,2.414307106350900506e-07
5.126431993334722392e+01,2.333512478833010507e-07
5.128931472609873765e+01,2.562355422233709512e-07
5.131430951885024427e+01,3.343003573763831602e-07
5.133930431160175800e+01,4.768773692385901273e-07
5.136429910435327173e+01,7.820674871621603325e-07
5.138929389710477125e+01,1.422544990609621339e-06
5.141428868985628498e+01,3.145621533353947621e-06
5.143928348260779160e+01,9.673294892195271472e-06
5.146427827535930533e+01,7.708305498686000249e-05
5.148927306811081905e+01,3.275812653226882107e-04
5.151426786086231857e+01,2.981268614220647676e-04
5.153926265361383230e+01,4.977090477937991660e-05
5.156425744636534603e+01,7.910600156603833958e-06
5.158925223911685265e+01,2.682687044948878250e-06
5.161424703186836638e+01,1.206744178411371060e-06
5.163924182461988011e+01,6.136545947412164905e-07
5.166423661737137962e+01,3.341353335763929612e-07
5.168923141012289335e+01,1.691153308892505469e-07
5.171422620287441418e+01,6.609717223967044878e-08
5.173922099562591370e+01,3.324459866840927132e-08
5.176421578837742743e+01,1.070449321064262171e-07
5.178921058112894116e+01,2.136130612321261810e-07
5.181420537388044778e+01,3.627240005591890886e-07
5.183920016663196151e+01,5.967402381264799109e-07
5.186419495938346103e+01,1.030866824741211942e-06
5.188918975213497475e+01,1.973704971555765612e-06
5.191418454488648848e+01,4.441024433226170852e-06
5.193917933763799510e+01,1.378222854001575537e-05
5.196417413038950883e+01,1.093759273411000710e-04
5.198916892314102256e+01,4.693896244692986061e-04
5.201416371589252208e+01,4.294329654889579790e-04
5.203915850864403581e+01,7.258714316295935339e-05
5.206415330139554953e+01,1.154272492361867914e-05
5.208914809414705616e+01,3.965290491704857078e-06
5.211414288689856988e+01,1.834400585898859366e-06
5.213913767965008361e+01,1.001061022628655883e-06
5.216413247240158313e+01,6.106676725250353582e-07
5.218912726515309686e+01,4.043546227188621736e-07
5.221412205790461059e+01,2.937496957910626499e-07
5.223911685065611721e+01,2.337143622537404856e-07
5.226411164340763094e+01,2.149525250137281045e-07
5.228910643615913045e+01,2.377077133332207940e-07
5.231410122891064418e+01,3.040283820610820973e-07
5.233909602166215791e+01,4.393900696344753277e-07
5.236409081441366453e+01,7.212635714533322167e-07
5.238908560716517826e+01,1.308072952363227369e-06
5.241408039991669199e+01,2.889291782076620124e-06
5.243907519266819861e+01,8.858333527212684601e-06
5.246406998541971234e+01,6.940440061801070423e-05
5.248906477817122607e+01,3.003417308322197505e-04
5.251405957092272558e+01,2.763947518155974721e-04
5.253905436367423931e+01,4.718916729522479753e-05
5.256404915642575304e+01,7.410538077330553319e-06
5.258904394917725966e+01,2.503349456189165398e-06
5.261403874192877339e+01,1.120404876031283898e-06
5.263903353468028712e+01,5.698933130021040599e-07
5.266402832743178664e+01,3.078034133301159863e-07
5.268902312018330036e+01,1.543823029278617504e-07
5.271401791293480699e+01,5.307102822721185817e-08
5.273901270568632071e+01,3.285743540541482768e-08
5.276400749843783444e+01,1.100291938127473671e-07
5.278900229118933396e+01,2.105514269276582555e-07
5.281399708394084769e+01,3.531024634535391260e-07
5.283899187669236142e+01,5.841238955178611337e-07
5.286398666944386804e+01,1.004539915955155568e-06
5.288898146219538177e+01,1.916759706599342472e-06
5.291397625494689549e+01,4.304308384985355487e-06
5.293897104769839501e+01,1.330351867579877564e-05
5.296396584044990874e+01,1.038163453489030630e-04
5.298896063320142247e+01,4.537245143476421904e-04
5.301395542595292909e+01,4.197521808276193328e-04
5.303895021870444282e+01,7.255109479368520718e-05
5.306394501145595655e+01,1.138972959332131906e-05
5.308893980420746317e+01,3.895708513129410217e-06
5.311393459695897690e+01,1.800092689182731881e-06
5.313892938971049063e+01,9.778479991230058387e-07
5.316392418246199014e+01,5.948201543821365365e-07
5.318891897521350387e+01,3.915930538889371875e-07
5.321391376796501049e+01,2.815993531675894549e-07
5.323890856071652422e+01,2.202092919303996572e-07
5.326390335346803795e+01,1.969945828721158334e-07
5.328889814621953747e+01,2.180972930722168130e-07
5.331389293897105119e+01,2.766903686802495489e-07
5.333888773172256492e+01,4.015273783593067052e-07
5.336388252447407154e+01,6.583744746614030980e-07
5.338887731722558527e+01,1.200637901975943678e-06
5.341387210997709900e+01,2.647063630864297199e-06
5.343886690272859852e+01,8.084305850509939756e-06
5.346386169548011225e+01,6.232321187318097967e-05
5.348885648823162597e+01,2.746884352434534574e-04
5.351385128098313260e+01,2.556133731866438801e-04
5.353884607373464632e+01,4.461720000495723355e-05
5.356384086648616005e+01,6.918950826422674819e-06
5.358883565923765957e+01,2.329824270851987102e-06
5.361383045198917330e+01,1.037306753820198139e-06
5.363882524474067992e+01,5.294190228212959946e-07
5.366382003749219365e+01,2.816481275155085589e-07
5.368881483024370738e+01,1.387820276667052678e-07
5.371380962299520689e+01,4.713328526984663546e-08
5.373880441574672773e+01,3.661595871519354780e-08
5.376379920849824146e+01,1.123034590356677970e-07
5.378879400124974097e+01,2.064235802850094950e-07
5.381378879400125470e+01,3.451145475408625403e-07
5.383878358675276843e+01,5.683241419633101720e-07
5.386377837950427505e+01,9.774680562464017979e-07
5.388877317225578878e+01,1.857181294855343287e-06
5.391376796500730251e+01,4.166104351446777716e-06
5.393876275775880202e+01,1.281425069388910427e-05
5.396375755051031575e+01,9.840164056122996264e-05
5.398875234326182948e+01,4.380404725230088942e-04
5.401374713601333610e+01,4.097747908289562052e-04
5.403874192876484983e+01,7.239423525265601777e-05
5.406373672151634935e+01,1.121819241607953304e-05
5.408873151426786308e+01,3.824910589012269043e-06
5.411372630701937680e+01,1.760714542618920999e-06
5.413872109977088343e+01,9.547359925484545258e-07
5.416371589252239716e+01,5.769928214301208388e-07
5.418871068527391088e+01,3.804656855010198651e-07
5.421370547802541040e+01,2.667698176064653436e-07
5.423870027077692413e+01,2.058566260387953083e-07
5.426369506352843786e+01,1.804863602792515438e-07
5.428868985627994448e+01,1.976322453295053136e-07
5.431368464903145821e+01,2.492873885523566224e-07
5.433867944178297194e+01,3.663668329040268432e-07
5.436367423453447145e+01,6.008477285314927933e-07
5.438866902728599229e+01,1.095845364780004875e-06
5.441366382003750601e+01,2.423100449264713016e-06
5.443865861278900553e+01,7.370224326022134360e-06
5.446365340554051926e+01,5.592701169547347595e-05
5.448864819829202588e+01,2.511186241307026765e-04
5.451364299104353961e+01,2.362922147946521509e-04
5.453863778379505334e+01,4.215528310722637469e-05
5.456363257654655285e+01,6.454042660727804287e-06
5.458862736929806658e+01,2.164554236913242128e-06
5.461362216204958031e+01,9.628401117930808033e-07
5.463861695480108693e+01,4.893056479436923941e-07
5.466361174755260066e+01,2.592919875355561644e-07
5.468860654030411439e+01,1.250780610273918937e-07
5.471360133305561391e+01,4.029992756377320847e-08
5.473859612580712763e+01,4.107043417339349664e-08
5.476359091855864136e+01,1.103095252871792124e-07
5.478858571131014799e+01,2.070011465580018952e-07
5.481358050406166171e+01,3.350148861903019618e-07
5.483857529681317544e+01,5.545213976991320515e-07
5.486357008956467496e+01,9.479089509235683284e-07
5.488856488231618869e+01,1.802475918403282756e-06
5.491355967506769531e+01,4.029025430053398664e-06
5.493855446781920904e+01,1.234596961755582497e-05
5.496354926057072277e+01,9.329120926263475254e-05
5.498854405332222228e+01,4.231042643676954256e-04
5.501353884607373601e+01,4.002303493633196409e-04
5.503853363882525684e+01,7.224989288969243249e-05
5.506352843157675636e+01,1.105055658108822575e-05
5.508852322432827009e+01,3.751920287639075802e-06
5.511351801707978382e+01,1.725373115814802941e-06
5.513851280983129044e+01,9.291986860924334568e-07
5.516350760258280417e+01,5.624591980265131084e-07
5.518850239533431790e+01,3.649568391130783444e-07
5.521349718808581741e+01,2.548245037942967595e-07
5.523849198083733114e+01,1.911136550719440329e-07
5.526348677358884487e+01,1.660579595898956356e-07
5.528848156634035149e+01,1.746206406160749651e-07
5.531347635909186522e+01,2.256015222282923437e-07
5.533847115184336474e+01,3.298772297444893321e-07
5.536346594459487847e+01,5.476459022782526734e-07
5.538846073734639219e+01,1.005164938849145237e-06
5.541345553009789882e+01,2.216498658158129912e-06
5.543845032284941254e+01,6.731869497803447672e-06
5.546344511560092627e+01,5.029551961531021685e-05
5.548843990835242579e+01,2.301197906094873933e-04
5.551343470110393952e+01,2.189484861716474331e-04
5.553842949385545325e+01,3.990898921680698363e-05
5.556342428660695987e+01,6.032590796941165967e-06
5.558841907935847360e+01,2.016582226210029863e-06
5.561341387210998732e+01,8.941521657350529299e-07
5.563840866486148684e+01,4.547981847371315337e-07
5.566340345761300057e+01,2.403958533050466871e-07
5.568839825036452140e+01,1.155681532044793440e-07
5.571339304311602092e+01,3.860420737110281196e-08
5.573838783586753465e+01,4.967303266826203248e-08
5.576338262861904127e+01,1.120100911668695216e-07
5.578837742137055500e+01,2.036158514838542076e-07
5.581337221412206873e+01,3.290377234553407578e-07
5.583836700687356824e+01,5.382279169316254198e-07
5.586336179962508197e+01,9.241248047627367068e-07
5.588835659237659570e+01,1.751429112491898941e-06
5.591335138512810232e+01,3.900480150234297319e-06
5.593834617787961605e+01,1.191391481458040914e-05
5.596334097063112978e+01,8.860678422995367986e-05
5.598833576338262930e+01,4.095127126579630838e-04
5.601333055613414302e+01,3.917046608856024174e-04
5.603832534888565675e+01,7.222948321377100093e-05
5.606332014163716337e+01,1.090133837689621126e-05
5.608831493438867710e+01,3.686408744644180345e-06
5.611330972714019083e+01,1.690614551892475538e-06
5.613830451989169035e+01,9.064066337416155050e-07
5.616329931264320408e+01,5.484669119526126975e-07
5.618829410539471070e+01,3.520762163487956722e-07
5.621328889814622443e+01,2.436800529212642138e-07
5.623828369089773815e+01,1.762356207076468617e-07
5.626327848364923767e+01,1.496322958747645785e-07
5.628827327640075140e+01,1.549336425984859267e-07
5.631326806915226513e+01,2.010169627898777585e-07
5.633826286190377175e+01,2.983857499895891203e-07
5.636325765465528548e+01,4.999230684676535649e-07
5.638825244740679921e+01,9.231649965226157090e-07
5.641324724015830583e+01,2.038697775499062641e-06
5.643824203290981956e+01,6.181797995878789350e-06
5.646323682566133328e+01,4.549647253926724326e-05
5.648823161841283280e+01,2.121702282844090050e-04
5.651322641116434653e+01,2.041205922066719023e-04
5.653822120391586026e+01,3.800539450786665451e-05
5.656321599666736688e+01,5.669250072039914968e-06
5.658821078941888061e+01,1.890581185181035071e-06
5.661320558217038013e+01,8.378027493333398280e-07
5.663820037492189385e+01,4.242570466639615392e-07
5.666319516767340758e+01,2.264919857020629003e-07
5.668818996042491420e+01,1.098373825403128959e-07
5.671318475317642793e+01,4.305298718578107398e-08
5.673817954592794166e+01,5.440199655006182456e-08
5.676317433867944118e+01,1.173722260936862111e-07
5.678816913143095491e+01,1.987850864241005927e-07
5.681316392418246863e+01,3.237615754998008212e-07
5.683815871693397526e+01,5.299117767114411261e-07
5.686315350968548898e+01,9.014697357673218296e-07
5.688814830243700271e+01,1.704252069387037748e-06
5.691314309518850223e+01,3.792677674506464959e-06
5.693813788794001596e+01,1.153487491292243998e-05
5.696313268069152969e+01,8.446099753954947238e-05
5.698812747344303631e+01,3.978873992216175499e-04
5.701312226619455004e+01,3.848407216048775853e-04
5.703811705894606376e+01,7.246537594380397871e-05
5.706311185169757039e+01,1.079044068383522482e-05
5.708810664444908411e+01,3.635203372041242772e-06
5.711310143720058363e+01,1.660487556486390237e-06
5.713809622995209736e+01,8.893541056319741088e-07
5.716309102270361109e+01,5.351168552877579669e-07
5.718808581545511771e+01,3.411409117837971388e-07
5.721308060820663144e+01,2.329332631765812098e-07
5.723807540095814517e+01,1.614964504359107330e-07
5.726307019370964468e+01,1.346306112909981439e-07
5.728806498646115841e+01,1.342938950578898192e-07
5.731305977921267214e+01,1.783419886576872346e-07
5.733805457196417876e+01,2.702136588994971790e-07
5.736304936471569249e+01,4.600393415820372872e-07
5.738804415746720622e+01,8.547671762414504441e-07
5.741303895021870574e+01,1.894546342581266195e-06
5.743803374297021946e+01,5.736205229884140232e-06
5.746302853572173319e+01,4.160432962540023421e-05
5.748802332847323981e+01,1.978207948881870648e-04
5.751301812122475354e+01,1.924364208093027803e-04
5.753801291397625306e+01,3.659170352765386754e-05
5.756300770672776679e+01,5.385011112950739188e-06
5.758800249947928052e+01,1.792652986278110914e-06
5.761299729223078714e+01,7.942657895416402495e-07
5.763799208498230087e+01,4.051154304711872328e-07
5.766298687773381459e+01,2.162235450003140987e-07
5.768798167048531411e+01,1.083622907308309929e-07
5.771297646323683495e+01,5.275230750980466964e-08
5.773797125598834867e+01,6.464381626565858344e-08
5.776296604873984819e+01,1.211269190743576018e-07
5.778796084149136192e+01,1.993645686868472181e-07
5.781295563424287565e+01,3.216552625387302672e-07
5.783795042699438227e+01,5.206228674226874235e-07
5.786294521974589600e+01,8.833215605740276031e-07
5.788794001249740973e+01,1.668055352491849794e-06
5.791293480524890924e+01,3.705245308885437992e-06
5.793792959800042297e+01,1.121959703715272879e-05
5.796292439075192959e+01,8.092200081059378850e-05
5.798791918350344332e+01,3.886548021735748487e-04
5.801291397625495705e+01,3.801118927984644780e-04
5.803790876900645657e+01,7.306882351476882758e-05
5.806290356175797029e+01,1.073199868989208549e-05
5.808789835450948402e+01,3.599480052728611460e-06
5.811289314726099065e+01,1.639611400438093062e-06
5.813788794001250437e+01,8.782964549750388669e-07
5.816288273276401810e+01,5.234513423198811882e-07
5.818787752551551762e+01,3.306556686823380114e-07
5.821287231826703135e+01,2.240006681537949337e-07
5.823786711101854507e+01,1.498196701473173680e-07
5.826286190377005170e+01,1.197900746403504426e-07
5.828785669652156542e+01,1.153459780494307573e-07
5.831285148927307915e+01,1.568837524214729975e-07
5.833784628202457867e+01,2.476053151910130538e-07
5.836284107477609950e+01,4.258380195241621136e-07
5.838783586752759902e+01,8.059233940235546458e-07
5.841283066027911275e+01,1.787181143608359084e-06
5.843782545303062648e+01,5.406776779098005307e-06
5.846282024578213310e+01,3.868427257250686702e-05
5.848781503853364683e+01,1.875788970091536267e-04
5.851280983128516056e+01,1.845018088004225245e-04
5.853780462403666007e+01,3.581726993004740258e-05
5.856279941678817380e+01,5.203841757009488262e-06
5.858779420953968753e+01,1.728075243323290561e-06
5.861278900229119415e+01,7.686425025279398099e-07
5.863778379504270788e+01,3.934614402077704718e-07
5.866277858779422161e+01,2.117750752082167221e-07
5.868777338054572112e+01,1.147345214888516297e-07
5.871276817329723485e+01,6.649205586590984254e-08
5.873776296604874858e+01,7.671241504930511510e-08
5.876275775880025520e+01,1.246763343232949180e-07
5.878775255155176893e+01,2.026153477364450201e-07
5.881274734430326845e+01,3.215653650885666733e-07
5.883774213705478218e+01,5.128772426629542897e-07
5.886273692980629590e+01,8.740194254728437211e-07
5.888773172255780253e+01,1.643885951486852742e-06
5.891272651530931626e+01,3.638451132057241801e-06
5.893772130806082998e+01,1.097938961889007122e-05
5.896271610081232950e+01,7.802517254000951427e-05
5.898771089356384323e+01,3.821439981080883568e-04
5.901270568631536406e+01,3.779210710629877720e-04
5.903770047906686358e+01,7.414385505426991283e-05
5.906269527181837731e+01,1.073581181959325380e-05
5.908769006456989104e+01,3.589885408322180561e-06
5.911268485732139766e+01,1.628542305693179782e-06
5.913767965007291139e+01,8.706045363157527239e-07
5.916267444282442511e+01,5.150936036031390571e-07
5.918766923557592463e+01,3.252041964305524069e-07
5.921266402832743836e+01,2.146317497593943676e-07
5.923765882107894498e+01,1.415563485446893200e-07
5.926265361383045871e+01,1.044686545626737393e-07
5.928764840658197244e+01,9.640815110185895836e-08
5.931264319933347196e+01,1.374490411536180726e-07
5.933763799208498568e+01,2.307581343496510354e-07
5.936263278483649941e+01,4.049615400449823422e-07
5.938762757758800603e+01,7.705524717757816389e-07
5.941262237033951976e+01,1.724896823720029473e-06
5.943761716309103349e+01,5.206959662841911652e-06
5.946261195584253301e+01,3.676261992093196200e-05
5.948760674859404673e+01,1.818484313076085767e-04
5.951260154134556046e+01,1.808496780604120608e-04
5.953759633409706709e+01,3.583182212800367140e-05
5.956259112684858081e+01,5.141755261664780965e-06
5.958758591960009454e+01,1.704108047500524038e-06
5.961258071235159406e+01,7.571853876791509786e-07
5.963757550510310779e+01,3.951831915907863203e-07
5.966257029785461441e+01,2.174566693177406965e-07
5.968756509060612814e+01,1.252958573695926322e-07
5.971255988335764187e+01,8.008119699471402553e-08
5.973755467610914849e+01,8.976238958403019811e-08
5.976254946886066222e+01,1.310979182453701923e-07
5.978754426161217594e+01,2.072537839924199235e-07
5.981253905436367546e+01,3.226223621559979040e-07
5.983753384711518919e+01,5.133492747773312822e-07
5.986252863986670292e+01,8.680020863205345654e-07
5.988752343261820954e+01,1.631335865475125480e-06
5.991251822536972327e+01,3.599959745496905769e-06
5.993751301812123700e+01,1.081743704900151874e-05
5.996250781087273651e+01,7.577988778929145705e-05
5.998750260362425024e+01,3.785719311604569186e-04
