t_over_T,t,mx,norm
0.000000000000000000e+00,0.000000000000000000e+00,1.000000000000000000e+00,1.000000000000000000e+00
8.333333333333333218e-03,5.235987755982988295e-02,1.000000000000000000e+00,1.000000000000000000e+00
1.666666666666666644e-02,1.047197551196597659e-01,9.999982714653015137e-01,1.000000119209289551e+00
2.500000000000000139e-02,1.570796326794896558e-01,9.999791979789733887e-01,1.000000000000000000e+00
3.333333333333333287e-02,2.094395102393195318e-01,9.998840689659118652e-01,9.999999403953552246e-01
4.166666666666666435e-02,2.617993877991494078e-01,9.995628595352172852e-01,9.999999403953552246e-01
5.000000000000000278e-02,3.141592653589793116e-01,9.987174868583679199e-01,1.000000000000000000e+00
5.833333333333332732e-02,3.665191429188091599e-01,9.968457221984863281e-01,1.000000000000000000e+00
6.666666666666666574e-02,4.188790204786390636e-01,9.931947588920593262e-01,1.000000000000000000e+00
7.499999999999999722e-02,4.712388980384689674e-01,9.867327809333801270e-01,9.999999403953552246e-01
8.333333333333332871e-02,5.235987755982988157e-01,9.761139154434204102e-01,1.000000000000000000e+00
9.166666666666666019e-02,5.759586531581286639e-01,9.596063494682312012e-01,1.000000000000000000e+00
1.000000000000000056e-01,6.283185307179586232e-01,9.349274039268493652e-01,1.000000000000000000e+00
1.083333333333333232e-01,6.806784082777884715e-01,8.989868164062500000e-01,9.999999403953552246e-01
1.166666666666666546e-01,7.330382858376183197e-01,8.478205800056457520e-01,1.000000119209289551e+00
1.250000000000000000e-01,7.853981633974482790e-01,7.780922651290893555e-01,1.000000000000000000e+00
1.333333333333333315e-01,8.377580409572781273e-01,6.947389245033264160e-01,1.000000000000000000e+00
1.416666666666666630e-01,8.901179185171079755e-01,6.307490468025207520e-01,1.000000000000000000e+00
1.499999999999999944e-01,9.424777960769379348e-01,6.454370021820068359e-01,1.000000000000000000e+00
1.583333333333333259e-01,9.948376736367677831e-01,7.105850577354431152e-01,9.999999403953552246e-01
1.666666666666666574e-01,1.047197551196597631e+00,7.063148617744445801e-01,9.999999403953552246e-01
1.749999999999999889e-01,1.099557428756427591e+00,7.057006955146789551e-01,9.999999403953552246e-01
1.833333333333333204e-01,1.151917306316257328e+00,8.654949069023132324e-01,9.999998807907104492e-01
1.916666666666666519e-01,1.204277183876087287e+00,8.432812094688415527e-01,1.000000000000000000e+00
2.000000000000000111e-01,1.256637061435917246e+00,7.343013286590576172e-01,9.999999403953552246e-01
2.083333333333333148e-01,1.308996938995746984e+00,7.787506580352783203e-01,1.000000000000000000e+00
2.166666666666666463e-01,1.361356816555576943e+00,7.909324169158935547e-01,9.999999403953552246e-01
2.250000000000000056e-01,1.413716694115406902e+00,7.795233130455017090e-01,9.999999403953552246e-01
2.333333333333333093e-01,1.466076571675236639e+00,7.632818222045898438e-01,1.000000000000000000e+00
2.416666666666666685e-01,1.518436449235066599e+00,7.465321421623229980e-01,1.000000000000000000e+00
2.500000000000000000e-01,1.570796326794896558e+00,7.292292714118957520e-01,9.999999403953552246e-01
2.583333333333333037e-01,1.623156204354726295e+00,7.114006876945495605e-01,1.000000000000000000e+00
2.666666666666666630e-01,1.675516081914556255e+00,6.930296421051025391e-01,1.000000000000000000e+00
2.750000000000000222e-01,1.727875959474386214e+00,6.741273999214172363e-01,1.000000000000000000e+00
2.833333333333333259e-01,1.780235837034215951e+00,6.547096371650695801e-01,9.999999403953552246e-01
2.916666666666666297e-01,1.832595714594045910e+00,6.347928047180175781e-01,1.000000000000000000e+00
2.999999999999999889e-01,1.884955592153875870e+00,6.143939495086669922e-01,9.999999403953552246e-01
3.083333333333332926e-01,1.937315469713705607e+00,5.935297012329101562e-01,1.000000000000000000e+00
3.166666666666666519e-01,1.989675347273535566e+00,5.722169280052185059e-01,1.000000000000000000e+00
3.250000000000000111e-01,2.042035224833365525e+00,5.504723787307739258e-01,1.000000000000000000e+00
3.333333333333333148e-01,2.094395102393195263e+00,5.283128619194030762e-01,1.000000000000000000e+00
3.416666666666666186e-01,2.146754979953025000e+00,5.057555437088012695e-01,1.000000000000000000e+00
3.499999999999999778e-01,2.199114857512855181e+00,4.828175604343414307e-01,9.999999403953552246e-01
3.583333333333333370e-01,2.251474735072684918e+00,4.595162570476531982e-01,9.999998807907104492e-01
3.666666666666666408e-01,2.303834612632514656e+00,4.358688890933990479e-01,1.000000119209289551e+00
3.750000000000000000e-01,2.356194490192344837e+00,4.118933677673339844e-01,9.999999403953552246e-01
3.833333333333333037e-01,2.408554367752174574e+00,3.876074254512786865e-01,9.999999403953552246e-01
3.916666666666666075e-01,2.460914245312004311e+00,3.630290031433105469e-01,9.999999403953552246e-01
4.000000000000000222e-01,2.513274122871834493e+00,3.381763100624084473e-01,9.999999403953552246e-01
4.083333333333333259e-01,2.565634000431664230e+00,3.130677044391632080e-01,9.999999403953552246e-01
4.166666666666666297e-01,2.617993877991493967e+00,2.877216339111328125e-01,1.000000000000000000e+00
4.249999999999999889e-01,2.670353755551324149e+00,2.621568441390991211e-01,1.000000000000000000e+00
4.333333333333332926e-01,2.722713633111153886e+00,2.363919764757156372e-01,1.000000000000000000e+00
4.416666666666665964e-01,2.775073510670983623e+00,2.104460746049880981e-01,9.999999403953552246e-01
4.500000000000000111e-01,2.827433388230813804e+00,1.843380928039550781e-01,1.000000000000000000e+00
4.583333333333333148e-01,2.879793265790643542e+00,1.580872386693954468e-01,9.999999403953552246e-01
4.666666666666666186e-01,2.932153143350473279e+00,1.317127048969268799e-01,1.000000000000000000e+00
4.749999999999999778e-01,2.984513020910303460e+00,1.052338257431983948e-01,9.999999403953552246e-01
4.833333333333333370e-01,3.036872898470133197e+00,7.867001742124557495e-02,1.000000000000000000e+00
4.916666666666666408e-01,3.089232776029962935e+00,5.204063653945922852e-02,9.999999403953552246e-01
5.000000000000000000e-01,3.141592653589793116e+00,2.536520920693874359e-02,9.999999403953552246e-01
5.083333333333333037e-01,3.193952531149622853e+00,-1.336803310550749302e-03,1.000000119209289551e+00
5.166666666666666075e-01,3.246312408709452590e+00,-2.804594300687313080e-02,1.000000000000000000e+00
5.250000000000000222e-01,3.298672286269282772e+00,-5.474271997809410095e-02,1.000000000000000000e+00
5.333333333333333259e-01,3.351032163829112509e+00,-8.140771836042404175e-02,1.000000000000000000e+00
5.416666666666666297e-01,3.403392041388942246e+00,-1.080215573310852051e-01,1.000000000000000000e+00
5.500000000000000444e-01,3.455751918948772428e+00,-1.345649361610412598e-01,1.000000000000000000e+00
5.583333333333333481e-01,3.508111796508602165e+00,-1.610185950994491577e-01,9.999999403953552246e-01
5.666666666666666519e-01,3.560471674068431902e+00,-1.873634904623031616e-01,9.999999403953552246e-01
5.749999999999999556e-01,3.612831551628262083e+00,-2.135805636644363403e-01,1.000000000000000000e+00
5.833333333333332593e-01,3.665191429188091821e+00,-2.396510690450668335e-01,1.000000000000000000e+00
5.916666666666666741e-01,3.717551306747921558e+00,-2.655561566352844238e-01,1.000000000000000000e+00
5.999999999999999778e-01,3.769911184307751739e+00,-2.912774682044982910e-01,9.999999403953552246e-01
6.083333333333332815e-01,3.822271061867581476e+00,-3.167966604232788086e-01,1.000000000000000000e+00
6.166666666666665853e-01,3.874630939427411214e+00,-3.420956730842590332e-01,9.999999403953552246e-01
6.250000000000000000e-01,3.926990816987241395e+00,-3.671567142009735107e-01,9.999998807907104492e-01
6.333333333333333037e-01,3.979350694547071132e+00,-3.919622004032135010e-01,1.000000000000000000e+00
6.416666666666666075e-01,4.031710572106900869e+00,-4.164949357509613037e-01,1.000000119209289551e+00
6.500000000000000222e-01,4.084070449666731051e+00,-4.407379627227783203e-01,1.000000000000000000e+00
6.583333333333332149e-01,4.136430327226560344e+00,-4.646747112274169922e-01,9.999999403953552246e-01
6.666666666666666297e-01,4.188790204786390525e+00,-4.882889688014984131e-01,1.000000000000000000e+00
6.750000000000000444e-01,4.241150082346220707e+00,-5.115651488304138184e-01,1.000000119209289551e+00
6.833333333333332371e-01,4.293509959906050000e+00,-5.344877243041992188e-01,1.000000000000000000e+00
6.916666666666666519e-01,4.345869837465880181e+00,-5.570421218872070312e-01,9.999999403953552246e-01
6.999999999999999556e-01,4.398229715025710362e+00,-5.792140960693359375e-01,9.999999403953552246e-01
7.083333333333332593e-01,4.450589592585539656e+00,-6.009900569915771484e-01,1.000000000000000000e+00
7.166666666666666741e-01,4.502949470145369837e+00,-6.223573684692382812e-01,1.000000000000000000e+00
7.249999999999999778e-01,4.555309347705200018e+00,-6.433038115501403809e-01,1.000000000000000000e+00
7.333333333333332815e-01,4.607669225265029311e+00,-6.638184189796447754e-01,9.999999403953552246e-01
7.416666666666665853e-01,4.660029102824859493e+00,-6.838912963867187500e-01,1.000000000000000000e+00
7.500000000000000000e-01,4.712388980384689674e+00,-7.035138607025146484e-01,9.999999403953552246e-01
7.583333333333331927e-01,4.764748857944518967e+00,-7.226789593696594238e-01,1.000000000000000000e+00
7.666666666666666075e-01,4.817108735504349148e+00,-7.413817048072814941e-01,9.999999403953552246e-01
7.750000000000000222e-01,4.869468613064179330e+00,-7.596189379692077637e-01,9.999999403953552246e-01
7.833333333333332149e-01,4.921828490624008623e+00,-7.773901820182800293e-01,9.999999403953552246e-01
7.916666666666666297e-01,4.974188368183838804e+00,-7.946983575820922852e-01,1.000000000000000000e+00
8.000000000000000444e-01,5.026548245743668986e+00,-8.115487098693847656e-01,1.000000000000000000e+00
8.083333333333332371e-01,5.078908123303498279e+00,-8.279477357864379883e-01,1.000000000000000000e+00
8.166666666666666519e-01,5.131268000863328460e+00,-8.438974618911743164e-01,9.999998807907104492e-01
8.249999999999999556e-01,5.183627878423158641e+00,-8.593788146972656250e-01,9.999998807907104492e-01
8.333333333333332593e-01,5.235987755982987935e+00,-8.743078112602233887e-01,9.999999403953552246e-01
8.416666666666666741e-01,5.288347633542818116e+00,-8.884643912315368652e-01,1.000000000000000000e+00
8.499999999999999778e-01,5.340707511102648297e+00,-9.015054702758789062e-01,1.000000000000000000e+00
8.583333333333332815e-01,5.393067388662477590e+00,-9.131593704223632812e-01,1.000000119209289551e+00
8.666666666666665853e-01,5.445427266222307772e+00,-9.233791232109069824e-01,1.000000000000000000e+00
8.750000000000000000e-01,5.497787143782137953e+00,-9.323162436485290527e-01,1.000000000000000000e+00
8.833333333333331927e-01,5.550147021341967246e+00,-9.402071237564086914e-01,1.000000000000000000e+00
8.916666666666666075e-01,5.602506898901797427e+00,-9.472725987434387207e-01,1.000000000000000000e+00
9.000000000000000222e-01,5.654866776461627609e+00,-9.536687731742858887e-01,1.000000000000000000e+00
9.083333333333332149e-01,5.707226654021456902e+00,-9.594808816909790039e-01,1.000000000000000000e+00
9.166666666666666297e-01,5.759586531581287083e+00,-9.647367596626281738e-01,1.000000000000000000e+00
9.250000000000000444e-01,5.811946409141117265e+00,-9.694277048110961914e-01,9.999998807907104492e-01
9.333333333333332371e-01,5.864306286700946558e+00,-9.735277295112609863e-01,1.000000000000000000e+00
9.416666666666666519e-01,5.916666164260776739e+00,-9.770084619522094727e-01,9.999999403953552246e-01
9.499999999999999556e-01,5.969026041820606920e+00,-9.798507690429687500e-01,1.000000000000000000e+00
9.583333333333332593e-01,6.021385919380436214e+00,-9.820537567138671875e-01,1.000000000000000000e+00
9.666666666666666741e-01,6.073745796940266395e+00,-9.836420416831970215e-01,1.000000000000000000e+00
9.749999999999999778e-01,6.126105674500096576e+00,-9.846710562705993652e-01,1.000000000000000000e+00
9.833333333333332815e-01,6.178465552059925869e+00,-9.852306246757507324e-01,1.000000000000000000e+00
9.916666666666665853e-01,6.230825429619756051e+00,-9.854464530944824219e-01,1.000000000000000000e+00
1.000000000000000000e+00,6.283185307179586232e+00,-9.854782223701477051e-01,1.000000000000000000e+00
1.008333333333333304e+00,6.335545184739415525e+00,-9.855108261108398438e-01,1.000000000000000000e+00
1.016666666666666607e+00,6.387905062299245706e+00,-9.857353568077087402e-01,1.000000000000000000e+00
1.024999999999999911e+00,6.440264939859075888e+00,-9.863126873970031738e-01,1.000000119209289551e+00
1.033333333333333215e+00,6.492624817418905181e+00,-9.873153567314147949e-01,1.000000000000000000e+00
1.041666666666666519e+00,6.544984694978735362e+00,-9.886390566825866699e-01,9.999998807907104492e-01
1.050000000000000044e+00,6.597344572538565544e+00,-9.898918271064758301e-01,9.999998807907104492e-01
1.058333333333333348e+00,6.649704450098394837e+00,-9.902707934379577637e-01,1.000000000000000000e+00
1.066666666666666652e+00,6.702064327658225018e+00,-9.884503483772277832e-01,1.000000000000000000e+00
1.074999999999999956e+00,6.754424205218055199e+00,-9.825010299682617188e-01,1.000000000000000000e+00
1.083333333333333259e+00,6.806784082777884493e+00,-9.698486328125000000e-01,1.000000000000000000e+00
1.091666666666666563e+00,6.859143960337714674e+00,-9.472648501396179199e-01,1.000000000000000000e+00
1.100000000000000089e+00,6.911503837897544855e+00,-9.108892679214477539e-01,1.000000000000000000e+00
1.108333333333333171e+00,6.963863715457374148e+00,-8.563925027847290039e-01,9.999999403953552246e-01
1.116666666666666696e+00,7.016223593017204330e+00,-7.797490954399108887e-01,1.000000000000000000e+00
1.125000000000000000e+00,7.068583470577034511e+00,-6.798521876335144043e-01,1.000000000000000000e+00
1.133333333333333304e+00,7.120943348136863804e+00,-5.648501515388488770e-01,1.000000000000000000e+00
1.141666666666666607e+00,7.173303225696693985e+00,-4.609254896640777588e-01,1.000000000000000000e+00
1.149999999999999911e+00,7.225663103256524167e+00,-4.091586768627166748e-01,1.000000000000000000e+00
1.158333333333333215e+00,7.278022980816353460e+00,-4.321707785129547119e-01,1.000000000000000000e+00
1.166666666666666519e+00,7.330382858376183641e+00,-5.088872909545898438e-01,9.999999403953552246e-01
1.175000000000000044e+00,7.382742735936013823e+00,-6.197543144226074219e-01,9.999999403953552246e-01
1.183333333333333348e+00,7.435102613495843116e+00,-7.544592022895812988e-01,1.000000000000000000e+00
1.191666666666666652e+00,7.487462491055673297e+00,-8.072358965873718262e-01,9.999999403953552246e-01
1.199999999999999956e+00,7.539822368615503478e+00,-7.167143225669860840e-01,1.000000000000000000e+00
1.208333333333333259e+00,7.592182246175332772e+00,-5.893045663833618164e-01,9.999999403953552246e-01
1.216666666666666563e+00,7.644542123735162953e+00,-6.031872630119323730e-01,9.999999403953552246e-01
1.225000000000000089e+00,7.696902001294993134e+00,-7.219547033309936523e-01,9.999998807907104492e-01
1.233333333333333171e+00,7.749261878854822427e+00,-7.403111457824707031e-01,9.999999403953552246e-01
1.241666666666666696e+00,7.801621756414652609e+00,-7.262094020843505859e-01,9.999999403953552246e-01
1.250000000000000000e+00,7.853981633974482790e+00,-7.090032696723937988e-01,9.999998807907104492e-01
1.258333333333333304e+00,7.906341511534312083e+00,-6.911285519599914551e-01,1.000000000000000000e+00
1.266666666666666607e+00,7.958701389094142264e+00,-6.728029251098632812e-01,1.000000000000000000e+00
1.274999999999999911e+00,8.011061266653971558e+00,-6.539999842643737793e-01,9.999999403953552246e-01
1.283333333333333215e+00,8.063421144213801739e+00,-6.347308158874511719e-01,1.000000000000000000e+00
1.291666666666666519e+00,8.115781021773631920e+00,-6.150111556053161621e-01,1.000000000000000000e+00
1.300000000000000044e+00,8.168140899333462102e+00,-5.948576927185058594e-01,1.000000000000000000e+00
1.308333333333333348e+00,8.220500776893292283e+00,-5.742875337600708008e-01,1.000000000000000000e+00
1.316666666666666430e+00,8.272860654453120688e+00,-5.533171892166137695e-01,1.000000000000000000e+00
1.324999999999999956e+00,8.325220532012950869e+00,-5.319633483886718750e-01,1.000000000000000000e+00
1.333333333333333259e+00,8.377580409572781051e+00,-5.102424621582031250e-01,1.000000000000000000e+00
1.341666666666666563e+00,8.429940287132611232e+00,-4.881707131862640381e-01,9.999998807907104492e-01
1.350000000000000089e+00,8.482300164692441413e+00,-4.657643437385559082e-01,1.000000000000000000e+00
1.358333333333333393e+00,8.534660042252271595e+00,-4.430395066738128662e-01,1.000000000000000000e+00
1.366666666666666474e+00,8.587019919812099999e+00,-4.200124740600585938e-01,1.000000119209289551e+00
1.374999999999999778e+00,8.639379797371930181e+00,-3.966993689537048340e-01,9.999999403953552246e-01
1.383333333333333304e+00,8.691739674931760362e+00,-3.731164932250976562e-01,9.999999403953552246e-01
1.391666666666666607e+00,8.744099552491590543e+00,-3.492800891399383545e-01,1.000000000000000000e+00
1.399999999999999911e+00,8.796459430051420725e+00,-3.252064287662506104e-01,1.000000000000000000e+00
1.408333333333333437e+00,8.848819307611250906e+00,-3.009118735790252686e-01,1.000000000000000000e+00
1.416666666666666519e+00,8.901179185171079311e+00,-2.764127850532531738e-01,1.000000000000000000e+00
1.424999999999999822e+00,8.953539062730909492e+00,-2.517255842685699463e-01,9.999999403953552246e-01
1.433333333333333348e+00,9.005898940290739674e+00,-2.268667668104171753e-01,1.000000000000000000e+00
1.441666666666666652e+00,9.058258817850569855e+00,-2.018529027700424194e-01,1.000000000000000000e+00
1.449999999999999956e+00,9.110618695410400036e+00,-1.767004132270812988e-01,9.999999403953552246e-01
1.458333333333333481e+00,9.162978572970230218e+00,-1.514260023832321167e-01,1.000000000000000000e+00
1.466666666666666563e+00,9.215338450530058623e+00,-1.260461807250976562e-01,9.999999403953552246e-01
1.474999999999999867e+00,9.267698328089888804e+00,-1.005776673555374146e-01,1.000000000000000000e+00
1.483333333333333171e+00,9.320058205649718985e+00,-7.503701746463775635e-02,1.000000000000000000e+00
1.491666666666666696e+00,9.372418083209549167e+00,-4.944092035293579102e-02,1.000000000000000000e+00
1.500000000000000000e+00,9.424777960769379348e+00,-2.380601130425930023e-02,1.000000000000000000e+00
1.508333333333333304e+00,9.477137838329209529e+00,1.851084642112255096e-03,9.999999403953552246e-01
1.516666666666666385e+00,9.529497715889037934e+00,2.751374244689941406e-02,9.999999403953552246e-01
1.524999999999999911e+00,9.581857593448868116e+00,5.316537246108055115e-02,1.000000000000000000e+00
1.533333333333333215e+00,9.634217471008698297e+00,7.878942787647247314e-02,9.999999403953552246e-01
1.541666666666666519e+00,9.686577348568528478e+00,1.043694242835044861e-01,1.000000000000000000e+00
1.550000000000000044e+00,9.738937226128358660e+00,1.298888772726058960e-01,1.000000000000000000e+00
1.558333333333333348e+00,9.791297103688188841e+00,1.553314030170440674e-01,1.000000000000000000e+00
1.566666666666666430e+00,9.843656981248017246e+00,1.806807518005371094e-01,1.000000000000000000e+00
1.574999999999999956e+00,9.896016858807847427e+00,2.059206962585449219e-01,1.000000000000000000e+00
1.583333333333333259e+00,9.948376736367677609e+00,2.310350388288497925e-01,9.999999403953552246e-01
1.591666666666666563e+00,1.000073661392750779e+01,2.560079097747802734e-01,1.000000000000000000e+00
1.600000000000000089e+00,1.005309649148733797e+01,2.808233797550201416e-01,1.000000000000000000e+00
1.608333333333333393e+00,1.010545636904716815e+01,3.054656684398651123e-01,1.000000000000000000e+00
1.616666666666666474e+00,1.015781624660699656e+01,3.299193084239959717e-01,9.999999403953552246e-01
1.624999999999999778e+00,1.021017612416682674e+01,3.541688919067382812e-01,1.000000000000000000e+00
1.633333333333333304e+00,1.026253600172665692e+01,3.781991899013519287e-01,1.000000000000000000e+00
1.641666666666666607e+00,1.031489587928648710e+01,4.019953906536102295e-01,9.999999403953552246e-01
1.649999999999999911e+00,1.036725575684631728e+01,4.255424439907073975e-01,9.999998807907104492e-01
1.658333333333333437e+00,1.041961563440614746e+01,4.488262236118316650e-01,1.000000000000000000e+00
1.666666666666666519e+00,1.047197551196597587e+01,4.718325734138488770e-01,9.999999403953552246e-01
1.674999999999999822e+00,1.052433538952580605e+01,4.945474565029144287e-01,9.999999403953552246e-01
1.683333333333333348e+00,1.057669526708563623e+01,5.169577598571777344e-01,9.999999403953552246e-01
1.691666666666666652e+00,1.062905514464546641e+01,5.390504598617553711e-01,1.000000000000000000e+00
1.699999999999999956e+00,1.068141502220529659e+01,5.608129501342773438e-01,1.000000000000000000e+00
1.708333333333333481e+00,1.073377489976512678e+01,5.822336673736572266e-01,9.999999403953552246e-01
1.716666666666666563e+00,1.078613477732495518e+01,6.033014655113220215e-01,1.000000000000000000e+00
1.724999999999999867e+00,1.083849465488478536e+01,6.240060329437255859e-01,9.999998807907104492e-01
1.733333333333333171e+00,1.089085453244461554e+01,6.443382501602172852e-01,9.999999403953552246e-01
1.741666666666666696e+00,1.094321441000444572e+01,6.642900705337524414e-01,1.000000000000000000e+00
1.750000000000000000e+00,1.099557428756427591e+01,6.838548779487609863e-01,9.999999403953552246e-01
1.758333333333333304e+00,1.104793416512410609e+01,7.030285000801086426e-01,9.999999403953552246e-01
1.766666666666666385e+00,1.110029404268393449e+01,7.218084335327148438e-01,9.999998807907104492e-01
1.774999999999999911e+00,1.115265392024376467e+01,7.401952743530273438e-01,9.999999403953552246e-01
1.783333333333333215e+00,1.120501379780359485e+01,7.581932544708251953e-01,1.000000000000000000e+00
1.791666666666666519e+00,1.125737367536342504e+01,7.758099436759948730e-01,9.999999403953552246e-01
1.800000000000000044e+00,1.130973355292325522e+01,7.930564284324645996e-01,1.000000000000000000e+00
1.808333333333333348e+00,1.136209343048308540e+01,8.099431991577148438e-01,9.999999403953552246e-01
1.816666666666666430e+00,1.141445330804291380e+01,8.264681100845336914e-01,9.999999403953552246e-01
1.824999999999999956e+00,1.146681318560274399e+01,8.425806164741516113e-01,1.000000000000000000e+00
1.833333333333333259e+00,1.151917306316257417e+01,8.581039309501647949e-01,1.000000000000000000e+00
1.841666666666666563e+00,1.157153294072240435e+01,8.726806640625000000e-01,1.000000000000000000e+00
1.850000000000000089e+00,1.162389281828223453e+01,8.859327435493469238e-01,9.999998807907104492e-01
1.858333333333333393e+00,1.167625269584206471e+01,8.976909518241882324e-01,9.999999403953552246e-01
1.866666666666666474e+00,1.172861257340189312e+01,9.080408215522766113e-01,9.999999403953552246e-01
1.874999999999999778e+00,1.178097245096172330e+01,9.172140359878540039e-01,1.000000000000000000e+00
1.883333333333333304e+00,1.183333232852155348e+01,9.254617691040039062e-01,1.000000000000000000e+00
1.891666666666666607e+00,1.188569220608138366e+01,9.329801797866821289e-01,9.999999403953552246e-01
1.899999999999999911e+00,1.193805208364121384e+01,9.398859143257141113e-01,1.000000000000000000e+00
1.908333333333333437e+00,1.199041196120104402e+01,9.462254643440246582e-01,1.000000000000000000e+00
1.916666666666666519e+00,1.204277183876087243e+01,9.519953131675720215e-01,9.999999403953552246e-01
1.924999999999999822e+00,1.209513171632070261e+01,9.571619033813476562e-01,1.000000000000000000e+00
1.933333333333333348e+00,1.214749159388053279e+01,9.616823196411132812e-01,1.000000000000000000e+00
1.941666666666666652e+00,1.219985147144036297e+01,9.655159115791320801e-01,1.000000000000000000e+00
1.949999999999999956e+00,1.225221134900019315e+01,9.686372876167297363e-01,9.999999403953552246e-01
1.958333333333333481e+00,1.230457122656002333e+01,9.710443615913391113e-01,1.000000000000000000e+00
1.966666666666666563e+00,1.235693110411985174e+01,9.727670550346374512e-01,1.000000000000000000e+00
1.974999999999999867e+00,1.240929098167968192e+01,9.738712310791015625e-01,1.000000119209289551e+00
1.983333333333333171e+00,1.246165085923951210e+01,9.744631052017211914e-01,1.000000000000000000e+00
1.991666666666666696e+00,1.251401073679934228e+01,9.746872186660766602e-01,1.000000000000000000e+00
2.000000000000000000e+00,1.256637061435917246e+01,9.747194647789001465e-01,1.000000119209289551e+00
2.008333333333333304e+00,1.261873049191900265e+01,9.747501611709594727e-01,9.999999403953552246e-01
2.016666666666666607e+00,1.267109036947883105e+01,9.749498367309570312e-01,1.000000000000000000e+00
2.024999999999999911e+00,1.272345024703866123e+01,9.754120111465454102e-01,1.000000000000000000e+00
2.033333333333333215e+00,1.277581012459849141e+01,9.760671854019165039e-01,1.000000000000000000e+00
2.041666666666666519e+00,1.282817000215832159e+01,9.765741229057312012e-01,9.999999403953552246e-01
2.049999999999999822e+00,1.288052987971815178e+01,9.761964678764343262e-01,1.000000000000000000e+00
2.058333333333333570e+00,1.293288975727798196e+01,9.736986160278320312e-01,9.999999403953552246e-01
2.066666666666666430e+00,1.298524963483781036e+01,9.672843813896179199e-01,1.000000000000000000e+00
2.074999999999999734e+00,1.303760951239764054e+01,9.546040892601013184e-01,1.000000000000000000e+00
2.083333333333333037e+00,1.308996938995747072e+01,9.328307509422302246e-01,9.999999403953552246e-01
2.091666666666666785e+00,1.314232926751730091e+01,8.988019824028015137e-01,1.000000000000000000e+00
2.100000000000000089e+00,1.319468914507713109e+01,8.492878079414367676e-01,1.000000000000000000e+00
2.108333333333333393e+00,1.324704902263696127e+01,7.816652655601501465e-01,1.000000000000000000e+00
2.116666666666666696e+00,1.329940890019678967e+01,6.957921981811523438e-01,1.000000000000000000e+00
2.125000000000000000e+00,1.335176877775661985e+01,5.984365344047546387e-01,9.999998807907104492e-01
2.133333333333333304e+00,1.340412865531645004e+01,5.100181698799133301e-01,1.000000000000000000e+00
2.141666666666666607e+00,1.345648853287628022e+01,4.642360806465148926e-01,9.999999403953552246e-01
2.149999999999999911e+00,1.350884841043611040e+01,4.827641546726226807e-01,9.999999403953552246e-01
2.158333333333333215e+00,1.356120828799593880e+01,5.482272505760192871e-01,9.999998807907104492e-01
2.166666666666666519e+00,1.361356816555576899e+01,6.393508911132812500e-01,9.999999403953552246e-01
2.174999999999999822e+00,1.366592804311559917e+01,7.527318000793457031e-01,9.999999403953552246e-01
2.183333333333333126e+00,1.371828792067542935e+01,8.084530234336853027e-01,9.999999403953552246e-01
2.191666666666666430e+00,1.377064779823525953e+01,7.296844720840454102e-01,1.000000000000000000e+00
2.200000000000000178e+00,1.382300767579508971e+01,5.932108759880065918e-01,1.000000000000000000e+00
2.208333333333333037e+00,1.387536755335491812e+01,5.386440157890319824e-01,9.999999403953552246e-01
2.216666666666666341e+00,1.392772743091474830e+01,6.953322291374206543e-01,1.000000000000000000e+00
2.224999999999999645e+00,1.398008730847457848e+01,7.692357897758483887e-01,9.999999403953552246e-01
2.233333333333333393e+00,1.403244718603440866e+01,7.627236247062683105e-01,9.999999403953552246e-01
2.241666666666666696e+00,1.408480706359423884e+01,7.466009259223937988e-01,9.999999403953552246e-01
2.250000000000000000e+00,1.413716694115406902e+01,7.292333841323852539e-01,1.000000000000000000e+00
2.258333333333333304e+00,1.418952681871389743e+01,7.114012241363525391e-01,1.000000000000000000e+00
2.266666666666666607e+00,1.424188669627372761e+01,6.930290460586547852e-01,9.999999403953552246e-01
2.274999999999999911e+00,1.429424657383355779e+01,6.741271018981933594e-01,1.000000000000000000e+00
2.283333333333333215e+00,1.434660645139338797e+01,6.547095179557800293e-01,1.000000119209289551e+00
2.291666666666666519e+00,1.439896632895321815e+01,6.347928047180175781e-01,1.000000000000000000e+00
2.299999999999999822e+00,1.445132620651304833e+01,6.143939495086669922e-01,9.999999403953552246e-01
2.308333333333333126e+00,1.450368608407287674e+01,5.935297012329101562e-01,1.000000000000000000e+00
2.316666666666666430e+00,1.455604596163270692e+01,5.722169280052185059e-01,1.000000000000000000e+00
2.324999999999999734e+00,1.460840583919253710e+01,5.504722595214843750e-01,1.000000000000000000e+00
2.333333333333333037e+00,1.466076571675236728e+01,5.283128619194030762e-01,9.999999403953552246e-01
2.341666666666666785e+00,1.471312559431219746e+01,5.057556033134460449e-01,9.999999403953552246e-01
2.350000000000000089e+00,1.476548547187202765e+01,4.828175604343414307e-01,1.000000000000000000e+00
2.358333333333332948e+00,1.481784534943185605e+01,4.595161378383636475e-01,9.999999403953552246e-01
2.366666666666666696e+00,1.487020522699168623e+01,4.358689486980438232e-01,9.999999403953552246e-01
2.375000000000000000e+00,1.492256510455151641e+01,4.118933677673339844e-01,1.000000000000000000e+00
2.383333333333333304e+00,1.497492498211134659e+01,3.876074254512786865e-01,1.000000000000000000e+00
2.391666666666666607e+00,1.502728485967117678e+01,3.630290031433105469e-01,1.000000000000000000e+00
2.399999999999999911e+00,1.507964473723100696e+01,3.381763398647308350e-01,9.999999403953552246e-01
2.408333333333333215e+00,1.513200461479083536e+01,3.130677342414855957e-01,9.999999403953552246e-01
2.416666666666666519e+00,1.518436449235066554e+01,2.877216935157775879e-01,1.000000000000000000e+00
2.424999999999999822e+00,1.523672436991049572e+01,2.621568143367767334e-01,1.000000000000000000e+00
2.433333333333333126e+00,1.528908424747032591e+01,2.363920211791992188e-01,1.000000000000000000e+00
2.441666666666666430e+00,1.534144412503015609e+01,2.104460746049880981e-01,1.000000000000000000e+00
2.450000000000000178e+00,1.539380400258998627e+01,1.843380928039550781e-01,1.000000000000000000e+00
2.458333333333333037e+00,1.544616388014981467e+01,1.580872386693954468e-01,1.000000000000000000e+00
2.466666666666666341e+00,1.549852375770964485e+01,1.317127197980880737e-01,9.999999403953552246e-01
2.474999999999999645e+00,1.555088363526947504e+01,1.052338406443595886e-01,1.000000000000000000e+00
2.483333333333333393e+00,1.560324351282930522e+01,7.866998761892318726e-02,1.000000119209289551e+00
2.491666666666666696e+00,1.565560339038913540e+01,5.204063653945922852e-02,1.000000000000000000e+00
2.500000000000000000e+00,1.570796326794896558e+01,2.536521665751934052e-02,9.999999403953552246e-01
2.508333333333333304e+00,1.576032314550879398e+01,-1.336803776212036610e-03,1.000000119209289551e+00
2.516666666666666607e+00,1.581268302306862417e+01,-2.804594114422798157e-02,1.000000000000000000e+00
2.524999999999999911e+00,1.586504290062845435e+01,-5.474271997809410095e-02,1.000000000000000000e+00
2.533333333333333215e+00,1.591740277818828453e+01,-8.140771836042404175e-02,9.999999403953552246e-01
2.541666666666666519e+00,1.596976265574811471e+01,-1.080215722322463989e-01,9.999999403953552246e-01
2.549999999999999822e+00,1.602212253330794312e+01,-1.345649212598800659e-01,1.000000000000000000e+00
2.558333333333333126e+00,1.607448241086777330e+01,-1.610186100006103516e-01,1.000000000000000000e+00
2.566666666666666430e+00,1.612684228842760348e+01,-1.873634904623031616e-01,9.999999403953552246e-01
2.574999999999999734e+00,1.617920216598743366e+01,-2.135805636644363403e-01,1.000000000000000000e+00
2.583333333333333037e+00,1.623156204354726384e+01,-2.396510094404220581e-01,1.000000000000000000e+00
2.591666666666666785e+00,1.628392192110709402e+01,-2.655561566352844238e-01,1.000000000000000000e+00
2.600000000000000089e+00,1.633628179866692420e+01,-2.912774682044982910e-01,9.999999403953552246e-01
2.608333333333333393e+00,1.638864167622675438e+01,-3.167966902256011963e-01,9.999999403953552246e-01
2.616666666666666696e+00,1.644100155378658457e+01,-3.420957028865814209e-01,1.000000000000000000e+00
2.625000000000000000e+00,1.649336143134641475e+01,-3.671567440032958984e-01,1.000000000000000000e+00
2.633333333333332860e+00,1.654572130890624138e+01,-3.919622302055358887e-01,1.000000000000000000e+00
2.641666666666666163e+00,1.659808118646607156e+01,-4.164949357509613037e-01,1.000000119209289551e+00
2.649999999999999911e+00,1.665044106402590174e+01,-4.407379627227783203e-01,9.999999403953552246e-01
2.658333333333333215e+00,1.670280094158573192e+01,-4.646746814250946045e-01,9.999999403953552246e-01
2.666666666666666519e+00,1.675516081914556210e+01,-4.882889688014984131e-01,9.999999403953552246e-01
2.674999999999999822e+00,1.680752069670539228e+01,-5.115651488304138184e-01,1.000000119209289551e+00
2.683333333333333126e+00,1.685988057426522246e+01,-5.344877243041992188e-01,1.000000000000000000e+00
2.691666666666666430e+00,1.691224045182505265e+01,-5.570421218872070312e-01,1.000000000000000000e+00
2.700000000000000178e+00,1.696460032938488283e+01,-5.792140960693359375e-01,1.000000000000000000e+00
2.708333333333333481e+00,1.701696020694471301e+01,-6.009901165962219238e-01,1.000000000000000000e+00
2.716666666666666785e+00,1.706932008450454319e+01,-6.223573088645935059e-01,1.000000119209289551e+00
2.725000000000000089e+00,1.712167996206437337e+01,-6.433038115501403809e-01,9.999999403953552246e-01
2.733333333333332948e+00,1.717403983962420000e+01,-6.638182997703552246e-01,1.000000119209289551e+00
2.741666666666666252e+00,1.722639971718403018e+01,-6.838912367820739746e-01,9.999998807907104492e-01
2.749999999999999556e+00,1.727875959474386036e+01,-7.035138607025146484e-01,1.000000000000000000e+00
2.758333333333333304e+00,1.733111947230369054e+01,-7.226790785789489746e-01,9.999999403953552246e-01
2.766666666666666607e+00,1.738347934986352072e+01,-7.413816452026367188e-01,1.000000000000000000e+00
2.774999999999999911e+00,1.743583922742335091e+01,-7.596189379692077637e-01,1.000000000000000000e+00
2.783333333333333215e+00,1.748819910498318109e+01,-7.773901820182800293e-01,1.000000000000000000e+00
2.791666666666666519e+00,1.754055898254301127e+01,-7.946984171867370605e-01,1.000000000000000000e+00
2.799999999999999822e+00,1.759291886010284145e+01,-8.115487098693847656e-01,1.000000000000000000e+00
2.808333333333333570e+00,1.764527873766267163e+01,-8.279476165771484375e-01,1.000000000000000000e+00
2.816666666666666874e+00,1.769763861522250181e+01,-8.438974618911743164e-01,9.999998807907104492e-01
2.825000000000000178e+00,1.774999849278233199e+01,-8.593788146972656250e-01,9.999999403953552246e-01
2.833333333333333037e+00,1.780235837034215862e+01,-8.743078112602233887e-01,1.000000000000000000e+00
2.841666666666666341e+00,1.785471824790198880e+01,-8.884641528129577637e-01,1.000000000000000000e+00
2.849999999999999645e+00,1.790707812546181898e+01,-9.015052914619445801e-01,1.000000000000000000e+00
2.858333333333332948e+00,1.795943800302164917e+01,-9.131593704223632812e-01,1.000000119209289551e+00
2.866666666666666696e+00,1.801179788058147935e+01,-9.233791232109069824e-01,1.000000000000000000e+00
2.875000000000000000e+00,1.806415775814130953e+01,-9.323162436485290527e-01,9.999999403953552246e-01
2.883333333333333304e+00,1.811651763570113971e+01,-9.402071833610534668e-01,1.000000000000000000e+00
2.891666666666666607e+00,1.816887751326096989e+01,-9.472724795341491699e-01,1.000000000000000000e+00
2.899999999999999911e+00,1.822123739082080007e+01,-9.536688923835754395e-01,1.000000000000000000e+00
2.908333333333333215e+00,1.827359726838063025e+01,-9.594808816909790039e-01,1.000000000000000000e+00
2.916666666666666963e+00,1.832595714594046044e+01,-9.647365808486938477e-01,1.000000000000000000e+00
2.925000000000000266e+00,1.837831702350029062e+01,-9.694275856018066406e-01,9.999999403953552246e-01
2.933333333333333126e+00,1.843067690106011725e+01,-9.735277295112609863e-01,9.999999403953552246e-01
2.941666666666666430e+00,1.848303677861994743e+01,-9.770084619522094727e-01,1.000000000000000000e+00
2.949999999999999734e+00,1.853539665617977761e+01,-9.798507094383239746e-01,1.000000000000000000e+00
2.958333333333333037e+00,1.858775653373960779e+01,-9.820536971092224121e-01,9.999999403953552246e-01
2.966666666666666341e+00,1.864011641129943797e+01,-9.836420416831970215e-01,9.999999403953552246e-01
2.974999999999999645e+00,1.869247628885926815e+01,-9.846710562705993652e-01,1.000000000000000000e+00
2.983333333333333393e+00,1.874483616641909833e+01,-9.852304458618164062e-01,1.000000119209289551e+00
2.991666666666666696e+00,1.879719604397892851e+01,-9.854463934898376465e-01,1.000000000000000000e+00
3.000000000000000000e+00,1.884955592153875870e+01,-9.854782223701477051e-01,1.000000000000000000e+00
3.008333333333333304e+00,1.890191579909858888e+01,-9.855108261108398438e-01,1.000000119209289551e+00
3.016666666666666607e+00,1.895427567665841906e+01,-9.857353568077087402e-01,1.000000000000000000e+00
3.025000000000000355e+00,1.900663555421824924e+01,-9.863126873970031738e-01,1.000000000000000000e+00
3.033333333333332771e+00,1.905899543177807587e+01,-9.873153567314147949e-01,1.000000000000000000e+00
3.041666666666666519e+00,1.911135530933790605e+01,-9.886390566825866699e-01,1.000000000000000000e+00
3.049999999999999822e+00,1.916371518689773623e+01,-9.898918271064758301e-01,1.000000000000000000e+00
3.058333333333333126e+00,1.921607506445756641e+01,-9.902707934379577637e-01,1.000000000000000000e+00
3.066666666666666430e+00,1.926843494201739659e+01,-9.884503483772277832e-01,1.000000000000000000e+00
3.074999999999999734e+00,1.932079481957722678e+01,-9.825010299682617188e-01,1.000000000000000000e+00
3.083333333333333037e+00,1.937315469713705696e+01,-9.698484539985656738e-01,1.000000000000000000e+00
3.091666666666666785e+00,1.942551457469688714e+01,-9.472648501396179199e-01,9.999999403953552246e-01
3.100000000000000089e+00,1.947787445225671732e+01,-9.108892679214477539e-01,1.000000000000000000e+00
3.108333333333333393e+00,1.953023432981654750e+01,-8.563925027847290039e-01,1.000000000000000000e+00
3.116666666666666696e+00,1.958259420737637768e+01,-7.797490954399108887e-01,9.999999403953552246e-01
3.125000000000000000e+00,1.963495408493620786e+01,-6.798518300056457520e-01,9.999999403953552246e-01
3.133333333333332860e+00,1.968731396249603449e+01,-5.648496150970458984e-01,1.000000000000000000e+00
3.141666666666666163e+00,1.973967384005586467e+01,-4.609247148036956787e-01,9.999999403953552246e-01
3.149999999999999911e+00,1.979203371761569485e+01,-4.091575145721435547e-01,9.999999403953552246e-01
3.158333333333333215e+00,1.984439359517552504e+01,-4.321694374084472656e-01,1.000000000000000000e+00
3.166666666666666519e+00,1.989675347273535522e+01,-5.088859796524047852e-01,1.000000000000000000e+00
3.174999999999999822e+00,1.994911335029518540e+01,-6.197534799575805664e-01,9.999999403953552246e-01
3.183333333333333126e+00,2.000147322785501558e+01,-7.544590830802917480e-01,1.000000119209289551e+00
3.191666666666666430e+00,2.005383310541484576e+01,-8.072368502616882324e-01,1.000000000000000000e+00
3.200000000000000178e+00,2.010619298297467594e+01,-7.167162299156188965e-01,1.000000000000000000e+00
3.208333333333333481e+00,2.015855286053450612e+01,-5.893051028251647949e-01,9.999999403953552246e-01
3.216666666666666785e+00,2.021091273809433631e+01,-6.031848788261413574e-01,9.999999403953552246e-01
3.224999999999999645e+00,2.026327261565416293e+01,-7.219537496566772461e-01,9.999999403953552246e-01
3.233333333333332948e+00,2.031563249321399311e+01,-7.403109669685363770e-01,9.999999403953552246e-01
3.241666666666666252e+00,2.036799237077382330e+01,-7.262095212936401367e-01,1.000000119209289551e+00
3.249999999999999556e+00,2.042035224833365348e+01,-7.090031504631042480e-01,1.000000000000000000e+00
3.258333333333333304e+00,2.047271212589348366e+01,-6.911286711692810059e-01,1.000000000000000000e+00
3.266666666666666607e+00,2.052507200345331384e+01,-6.728030443191528320e-01,9.999999403953552246e-01
3.274999999999999911e+00,2.057743188101314402e+01,-6.539999246597290039e-01,1.000000000000000000e+00
3.283333333333333215e+00,2.062979175857297420e+01,-6.347308158874511719e-01,1.000000000000000000e+00
3.291666666666666519e+00,2.068215163613280438e+01,-6.150111556053161621e-01,9.999999403953552246e-01
3.299999999999999822e+00,2.073451151369263457e+01,-5.948576927185058594e-01,1.000000000000000000e+00
3.308333333333333570e+00,2.078687139125246475e+01,-5.742875337600708008e-01,1.000000000000000000e+00
3.316666666666666874e+00,2.083923126881229493e+01,-5.533171892166137695e-01,1.000000000000000000e+00
3.324999999999999734e+00,2.089159114637212156e+01,-5.319633483886718750e-01,1.000000119209289551e+00
3.333333333333333037e+00,2.094395102393195174e+01,-5.102424621582031250e-01,1.000000000000000000e+00
3.341666666666666341e+00,2.099631090149178192e+01,-4.881707131862640381e-01,1.000000000000000000e+00
3.349999999999999645e+00,2.104867077905161210e+01,-4.657643437385559082e-01,9.999999403953552246e-01
3.358333333333332948e+00,2.110103065661144228e+01,-4.430395066738128662e-01,1.000000000000000000e+00
3.366666666666666696e+00,2.115339053417127246e+01,-4.200123846530914307e-01,1.000000000000000000e+00
3.375000000000000000e+00,2.120575041173110264e+01,-3.966993689537048340e-01,9.999999403953552246e-01
3.383333333333333304e+00,2.125811028929093283e+01,-3.731164634227752686e-01,9.999999403953552246e-01
3.391666666666666607e+00,2.131047016685076301e+01,-3.492801189422607422e-01,1.000000000000000000e+00
3.399999999999999911e+00,2.136283004441059319e+01,-3.252064287662506104e-01,1.000000000000000000e+00
3.408333333333333215e+00,2.141518992197042337e+01,-3.009118735790252686e-01,1.000000000000000000e+00
3.416666666666666963e+00,2.146754979953025355e+01,-2.764127850532531738e-01,1.000000000000000000e+00
3.424999999999999378e+00,2.151990967709008018e+01,-2.517255842685699463e-01,9.999999403953552246e-01
3.433333333333333126e+00,2.157226955464991036e+01,-2.268667668104171753e-01,1.000000000000000000e+00
3.441666666666666430e+00,2.162462943220974054e+01,-2.018528431653976440e-01,9.999999403953552246e-01
3.449999999999999734e+00,2.167698930976957072e+01,-1.767004281282424927e-01,1.000000000000000000e+00
3.458333333333333037e+00,2.172934918732940091e+01,-1.514259874820709229e-01,1.000000000000000000e+00
3.466666666666666341e+00,2.178170906488923109e+01,-1.260461807250976562e-01,1.000000000000000000e+00
3.474999999999999645e+00,2.183406894244906127e+01,-1.005776450037956238e-01,1.000000000000000000e+00
3.483333333333333393e+00,2.188642882000889145e+01,-7.503702491521835327e-02,9.999999403953552246e-01
3.491666666666666696e+00,2.193878869756872163e+01,-4.944093152880668640e-02,9.999999403953552246e-01
3.500000000000000000e+00,2.199114857512855181e+01,-2.380602061748504639e-02,1.000000000000000000e+00
3.508333333333333304e+00,2.204350845268838199e+01,1.851073699072003365e-03,9.999999403953552246e-01
3.516666666666666607e+00,2.209586833024821217e+01,2.751372195780277252e-02,1.000000000000000000e+00
3.524999999999999467e+00,2.214822820780803880e+01,5.316536501049995422e-02,9.999999403953552246e-01
3.533333333333332771e+00,2.220058808536786898e+01,7.878942042589187622e-02,9.999999403953552246e-01
3.541666666666666519e+00,2.225294796292769917e+01,1.043694242835044861e-01,9.999999403953552246e-01
3.549999999999999822e+00,2.230530784048752935e+01,1.298888772726058960e-01,9.999999403953552246e-01
3.558333333333333126e+00,2.235766771804735953e+01,1.553314179182052612e-01,1.000000000000000000e+00
3.566666666666666430e+00,2.241002759560718971e+01,1.806807368993759155e-01,9.999999403953552246e-01
3.574999999999999734e+00,2.246238747316701989e+01,2.059206515550613403e-01,1.000000000000000000e+00
3.583333333333333037e+00,2.251474735072685007e+01,2.310350388288497925e-01,1.000000119209289551e+00
3.591666666666666785e+00,2.256710722828668025e+01,2.560078799724578857e-01,1.000000000000000000e+00
3.600000000000000089e+00,2.261946710584651044e+01,2.808233499526977539e-01,9.999999403953552246e-01
3.608333333333333393e+00,2.267182698340634062e+01,3.054656684398651123e-01,1.000000000000000000e+00
3.616666666666666696e+00,2.272418686096617080e+01,3.299193084239959717e-01,9.999999403953552246e-01
3.624999999999999556e+00,2.277654673852599743e+01,3.541688919067382812e-01,1.000000000000000000e+00
3.633333333333332860e+00,2.282890661608582761e+01,3.781991899013519287e-01,1.000000000000000000e+00
3.641666666666666163e+00,2.288126649364565779e+01,4.019952714443206787e-01,1.000000000000000000e+00
3.649999999999999911e+00,2.293362637120548797e+01,4.255424439907073975e-01,9.999999403953552246e-01
3.658333333333333215e+00,2.298598624876531815e+01,4.488263130187988281e-01,9.999998807907104492e-01
3.666666666666666519e+00,2.303834612632514833e+01,4.718325734138488770e-01,9.999999403953552246e-01
3.674999999999999822e+00,2.309070600388497851e+01,4.945474565029144287e-01,9.999999403953552246e-01
3.683333333333333126e+00,2.314306588144480870e+01,5.169577598571777344e-01,1.000000000000000000e+00
3.691666666666666430e+00,2.319542575900463888e+01,5.390504002571105957e-01,1.000000000000000000e+00
3.700000000000000178e+00,2.324778563656446906e+01,5.608129501342773438e-01,1.000000000000000000e+00
3.708333333333333481e+00,2.330014551412429924e+01,5.822336077690124512e-01,9.999999403953552246e-01
3.716666666666666785e+00,2.335250539168412942e+01,6.033014655113220215e-01,1.000000000000000000e+00
3.724999999999999645e+00,2.340486526924395605e+01,6.240059733390808105e-01,9.999999403953552246e-01
3.733333333333332948e+00,2.345722514680378623e+01,6.443382501602172852e-01,1.000000000000000000e+00
3.741666666666666252e+00,2.350958502436361641e+01,6.642899513244628906e-01,9.999999403953552246e-01
3.749999999999999556e+00,2.356194490192344659e+01,6.838549971580505371e-01,1.000000000000000000e+00
3.758333333333333304e+00,2.361430477948327677e+01,7.030285596847534180e-01,1.000000000000000000e+00
3.766666666666666607e+00,2.366666465704310696e+01,7.218084335327148438e-01,1.000000000000000000e+00
3.774999999999999911e+00,2.371902453460293714e+01,7.401953935623168945e-01,1.000000000000000000e+00
3.783333333333333215e+00,2.377138441216276732e+01,7.581932544708251953e-01,1.000000000000000000e+00
3.791666666666666519e+00,2.382374428972259750e+01,7.758100032806396484e-01,9.999999403953552246e-01
3.799999999999999822e+00,2.387610416728242768e+01,7.930564880371093750e-01,9.999999403953552246e-01
3.808333333333333570e+00,2.392846404484225786e+01,8.099431991577148438e-01,9.999999403953552246e-01
3.816666666666666874e+00,2.398082392240208804e+01,8.264681100845336914e-01,9.999999403953552246e-01
3.824999999999999734e+00,2.403318379996191467e+01,8.425806164741516113e-01,1.000000000000000000e+00
3.833333333333333037e+00,2.408554367752174485e+01,8.581039309501647949e-01,9.999999403953552246e-01
3.841666666666666341e+00,2.413790355508157504e+01,8.726806640625000000e-01,9.999999403953552246e-01
3.849999999999999645e+00,2.419026343264140522e+01,8.859327435493469238e-01,9.999999403953552246e-01
3.858333333333332948e+00,2.424262331020123540e+01,8.976909518241882324e-01,1.000000000000000000e+00
3.866666666666666696e+00,2.429498318776106558e+01,9.080408215522766113e-01,1.000000000000000000e+00
3.875000000000000000e+00,2.434734306532089576e+01,9.172139167785644531e-01,9.999998807907104492e-01
3.883333333333333304e+00,2.439970294288072594e+01,9.254615902900695801e-01,1.000000000000000000e+00
3.891666666666666607e+00,2.445206282044055612e+01,9.329800605773925781e-01,9.999999403953552246e-01
3.899999999999999911e+00,2.450442269800038630e+01,9.398859143257141113e-01,1.000000000000000000e+00
3.908333333333333215e+00,2.455678257556021649e+01,9.462255835533142090e-01,1.000000000000000000e+00
3.916666666666666963e+00,2.460914245312004667e+01,9.519953131675720215e-01,9.999999403953552246e-01
3.924999999999999378e+00,2.466150233067987330e+01,9.571619033813476562e-01,1.000000000000000000e+00
3.933333333333333126e+00,2.471386220823970348e+01,9.616823196411132812e-01,1.000000000000000000e+00
3.941666666666666430e+00,2.476622208579953366e+01,9.655159115791320801e-01,1.000000000000000000e+00
3.949999999999999734e+00,2.481858196335936384e+01,9.686371684074401855e-01,1.000000000000000000e+00
3.958333333333333037e+00,2.487094184091919402e+01,9.710443615913391113e-01,1.000000000000000000e+00
3.966666666666666341e+00,2.492330171847902420e+01,9.727670550346374512e-01,1.000000000000000000e+00
3.974999999999999645e+00,2.497566159603885438e+01,9.738714098930358887e-01,1.000000000000000000e+00
3.983333333333333393e+00,2.502802147359868457e+01,9.744632840156555176e-01,1.000000000000000000e+00
3.991666666666666696e+00,2.508038135115851475e+01,9.746872186660766602e-01,1.000000000000000000e+00
4.000000000000000000e+00,2.513274122871834493e+01,9.747194647789001465e-01,1.000000000000000000e+00
4.008333333333333748e+00,2.518510110627817511e+01,9.747501611709594727e-01,1.000000119209289551e+00
4.016666666666666607e+00,2.523746098383800529e+01,9.749500155448913574e-01,1.000000000000000000e+00
4.024999999999999467e+00,2.528982086139783192e+01,9.754120707511901855e-01,1.000000000000000000e+00
4.033333333333333215e+00,2.534218073895766210e+01,9.760673642158508301e-01,9.999999403953552246e-01
4.041666666666666075e+00,2.539454061651749228e+01,9.765741229057312012e-01,1.000000000000000000e+00
4.049999999999999822e+00,2.544690049407732246e+01,9.761967062950134277e-01,1.000000000000000000e+00
4.058333333333332682e+00,2.549926037163715264e+01,9.736987352371215820e-01,9.999999403953552246e-01
4.066666666666666430e+00,2.555162024919698283e+01,9.672843813896179199e-01,1.000000000000000000e+00
4.075000000000000178e+00,2.560398012675681301e+01,9.546042680740356445e-01,1.000000000000000000e+00
4.083333333333333037e+00,2.565634000431664319e+01,9.328308105468750000e-01,9.999999403953552246e-01
4.091666666666666785e+00,2.570869988187647337e+01,8.988022208213806152e-01,9.999998807907104492e-01
4.099999999999999645e+00,2.576105975943630355e+01,8.492881655693054199e-01,9.999999403953552246e-01
4.108333333333333393e+00,2.581341963699613373e+01,7.816656231880187988e-01,9.999998807907104492e-01
4.116666666666667140e+00,2.586577951455596391e+01,6.957925558090209961e-01,1.000000000000000000e+00
4.125000000000000000e+00,2.591813939211579054e+01,5.984367728233337402e-01,1.000000000000000000e+00
4.133333333333332860e+00,2.597049926967562072e+01,5.100178718566894531e-01,1.000000000000000000e+00
4.141666666666666607e+00,2.602285914723545091e+01,4.642349183559417725e-01,9.999998807907104492e-01
4.149999999999999467e+00,2.607521902479528109e+01,4.827621579170227051e-01,1.000000000000000000e+00
4.158333333333333215e+00,2.612757890235511127e+01,5.482241511344909668e-01,1.000000000000000000e+00
4.166666666666666075e+00,2.617993877991494145e+01,6.393473744392395020e-01,9.999999403953552246e-01
4.174999999999999822e+00,2.623229865747477163e+01,7.527287602424621582e-01,1.000000119209289551e+00
4.183333333333333570e+00,2.628465853503460181e+01,8.084522485733032227e-01,1.000000000000000000e+00
4.191666666666666430e+00,2.633701841259443199e+01,7.296872138977050781e-01,1.000000000000000000e+00
4.200000000000000178e+00,2.638937829015426217e+01,5.932154059410095215e-01,1.000000000000000000e+00
4.208333333333333037e+00,2.644173816771409236e+01,5.386452674865722656e-01,1.000000119209289551e+00
4.216666666666666785e+00,2.649409804527392254e+01,6.953310370445251465e-01,9.999999403953552246e-01
4.224999999999999645e+00,2.654645792283374917e+01,7.692354321479797363e-01,1.000000000000000000e+00
4.233333333333333393e+00,2.659881780039357935e+01,7.627236843109130859e-01,9.999999403953552246e-01
4.241666666666666252e+00,2.665117767795340953e+01,7.466008067131042480e-01,9.999999403953552246e-01
4.250000000000000000e+00,2.670353755551323971e+01,7.292334437370300293e-01,1.000000000000000000e+00
4.258333333333332860e+00,2.675589743307306989e+01,7.114013433456420898e-01,1.000000000000000000e+00
4.266666666666666607e+00,2.680825731063290007e+01,6.930291056632995605e-01,9.999999403953552246e-01
4.274999999999999467e+00,2.686061718819273025e+01,6.741270422935485840e-01,9.999999403953552246e-01
4.283333333333333215e+00,2.691297706575256043e+01,6.547094583511352539e-01,1.000000000000000000e+00
4.291666666666666963e+00,2.696533694331239062e+01,6.347928047180175781e-01,1.000000000000000000e+00
4.299999999999999822e+00,2.701769682087222080e+01,6.143938899040222168e-01,9.999998807907104492e-01
4.308333333333333570e+00,2.707005669843205098e+01,5.935298204421997070e-01,1.000000000000000000e+00
4.316666666666666430e+00,2.712241657599187761e+01,5.722169280052185059e-01,1.000000000000000000e+00
4.324999999999999289e+00,2.717477645355170779e+01,5.504722595214843750e-01,9.999998807907104492e-01
4.333333333333333037e+00,2.722713633111153797e+01,5.283128619194030762e-01,9.999999403953552246e-01
4.341666666666665897e+00,2.727949620867136815e+01,5.057556033134460449e-01,1.000000000000000000e+00
4.349999999999999645e+00,2.733185608623119833e+01,4.828175008296966553e-01,1.000000000000000000e+00
4.358333333333333393e+00,2.738421596379102851e+01,4.595161378383636475e-01,1.000000000000000000e+00
4.366666666666666252e+00,2.743657584135085870e+01,4.358689486980438232e-01,1.000000000000000000e+00
4.375000000000000000e+00,2.748893571891068888e+01,4.118933677673339844e-01,9.999999403953552246e-01
4.383333333333332860e+00,2.754129559647051906e+01,3.876074254512786865e-01,9.999999403953552246e-01
4.391666666666666607e+00,2.759365547403034924e+01,3.630289733409881592e-01,9.999999403953552246e-01
4.400000000000000355e+00,2.764601535159017942e+01,3.381763100624084473e-01,9.999999403953552246e-01
4.408333333333333215e+00,2.769837522915000960e+01,3.130677342414855957e-01,9.999999403953552246e-01
4.416666666666666075e+00,2.775073510670983623e+01,2.877216339111328125e-01,1.000000000000000000e+00
4.424999999999999822e+00,2.780309498426966641e+01,2.621568441390991211e-01,1.000000000000000000e+00
4.433333333333332682e+00,2.785545486182949659e+01,2.363920062780380249e-01,1.000000000000000000e+00
4.441666666666666430e+00,2.790781473938932677e+01,2.104460746049880981e-01,9.999999403953552246e-01
4.449999999999999289e+00,2.796017461694915696e+01,1.843380928039550781e-01,1.000000000000000000e+00
4.458333333333333037e+00,2.801253449450898714e+01,1.580872386693954468e-01,1.000000000000000000e+00
4.466666666666666785e+00,2.806489437206881732e+01,1.317127048969268799e-01,9.999999403953552246e-01
4.474999999999999645e+00,2.811725424962864750e+01,1.052338108420372009e-01,1.000000000000000000e+00
4.483333333333333393e+00,2.816961412718847768e+01,7.867000252008438110e-02,1.000000000000000000e+00
4.491666666666666252e+00,2.822197400474830786e+01,5.204063653945922852e-02,9.999999403953552246e-01
4.500000000000000000e+00,2.827433388230813804e+01,2.536520920693874359e-02,9.999999403953552246e-01
4.508333333333333748e+00,2.832669375986796823e+01,-1.336808782070875168e-03,1.000000000000000000e+00
4.516666666666666607e+00,2.837905363742779485e+01,-2.804594300687313080e-02,1.000000000000000000e+00
4.524999999999999467e+00,2.843141351498762504e+01,-5.474271997809410095e-02,1.000000119209289551e+00
4.533333333333333215e+00,2.848377339254745522e+01,-8.140771836042404175e-02,9.999999403953552246e-01
4.541666666666666075e+00,2.853613327010728540e+01,-1.080215573310852051e-01,1.000000000000000000e+00
4.549999999999999822e+00,2.858849314766711558e+01,-1.345649212598800659e-01,9.999999403953552246e-01
4.558333333333332682e+00,2.864085302522694576e+01,-1.610186100006103516e-01,1.000000000000000000e+00
4.566666666666666430e+00,2.869321290278677594e+01,-1.873634904623031616e-01,9.999999403953552246e-01
4.575000000000000178e+00,2.874557278034660612e+01,-2.135805636644363403e-01,1.000000000000000000e+00
4.583333333333333037e+00,2.879793265790643630e+01,-2.396510094404220581e-01,1.000000000000000000e+00
4.591666666666666785e+00,2.885029253546626649e+01,-2.655561566352844238e-01,1.000000000000000000e+00
4.599999999999999645e+00,2.890265241302609667e+01,-2.912774682044982910e-01,9.999999403953552246e-01
4.608333333333333393e+00,2.895501229058592685e+01,-3.167966604232788086e-01,1.000000000000000000e+00
4.616666666666666252e+00,2.900737216814575348e+01,-3.420957028865814209e-01,1.000000000000000000e+00
4.625000000000000000e+00,2.905973204570558366e+01,-3.671567440032958984e-01,1.000000000000000000e+00
4.633333333333332860e+00,2.911209192326541384e+01,-3.919621706008911133e-01,1.000000000000000000e+00
4.641666666666666607e+00,2.916445180082524402e+01,-4.164949357509613037e-01,1.000000000000000000e+00
4.649999999999999467e+00,2.921681167838507420e+01,-4.407379627227783203e-01,1.000000000000000000e+00
4.658333333333333215e+00,2.926917155594490438e+01,-4.646747112274169922e-01,9.999999403953552246e-01
4.666666666666666075e+00,2.932153143350473457e+01,-4.882889688014984131e-01,1.000000000000000000e+00
4.674999999999999822e+00,2.937389131106456475e+01,-5.115651488304138184e-01,1.000000119209289551e+00
4.683333333333333570e+00,2.942625118862439493e+01,-5.344877243041992188e-01,1.000000000000000000e+00
4.691666666666666430e+00,2.947861106618422511e+01,-5.570421218872070312e-01,9.999999403953552246e-01
4.700000000000000178e+00,2.953097094374405529e+01,-5.792141556739807129e-01,9.999999403953552246e-01
4.708333333333333037e+00,2.958333082130388547e+01,-6.009901165962219238e-01,1.000000000000000000e+00
4.716666666666665897e+00,2.963569069886371210e+01,-6.223573088645935059e-01,9.999999403953552246e-01
4.724999999999999645e+00,2.968805057642354228e+01,-6.433038115501403809e-01,9.999999403953552246e-01
4.733333333333333393e+00,2.974041045398337246e+01,-6.638184785842895508e-01,1.000000000000000000e+00
4.741666666666666252e+00,2.979277033154320264e+01,-6.838912367820739746e-01,9.999998807907104492e-01
4.750000000000000000e+00,2.984513020910303283e+01,-7.035139203071594238e-01,1.000000000000000000e+00
4.758333333333332860e+00,2.989749008666286301e+01,-7.226790785789489746e-01,9.999999403953552246e-01
4.766666666666666607e+00,2.994984996422269319e+01,-7.413817644119262695e-01,9.999999403953552246e-01
4.774999999999999467e+00,3.000220984178252337e+01,-7.596189379692077637e-01,9.999999403953552246e-01
4.783333333333333215e+00,3.005456971934235355e+01,-7.773901820182800293e-01,9.999999403953552246e-01
4.791666666666666963e+00,3.010692959690218373e+01,-7.946984171867370605e-01,1.000000000000000000e+00
4.799999999999999822e+00,3.015928947446201391e+01,-8.115487098693847656e-01,1.000000000000000000e+00
4.808333333333333570e+00,3.021164935202184409e+01,-8.279477953910827637e-01,1.000000000000000000e+00
4.816666666666666430e+00,3.026400922958167072e+01,-8.438974618911743164e-01,9.999999403953552246e-01
4.824999999999999289e+00,3.031636910714150090e+01,-8.593788146972656250e-01,1.000000000000000000e+00
4.833333333333333037e+00,3.036872898470133109e+01,-8.743078112602233887e-01,1.000000000000000000e+00
4.841666666666665897e+00,3.042108886226116127e+01,-8.884643912315368652e-01,1.000000000000000000e+00
4.849999999999999645e+00,3.047344873982099145e+01,-9.015052914619445801e-01,1.000000000000000000e+00
4.858333333333333393e+00,3.052580861738082163e+01,-9.131595492362976074e-01,1.000000000000000000e+00
4.866666666666666252e+00,3.057816849494065181e+01,-9.233791232109069824e-01,1.000000000000000000e+00
4.875000000000000000e+00,3.063052837250048199e+01,-9.323164224624633789e-01,1.000000000000000000e+00
4.883333333333332860e+00,3.068288825006031217e+01,-9.402073025703430176e-01,9.999999403953552246e-01
4.891666666666666607e+00,3.073524812762014236e+01,-9.472725987434387207e-01,1.000000000000000000e+00
4.900000000000000355e+00,3.078760800517997254e+01,-9.536687731742858887e-01,9.999999403953552246e-01
4.908333333333333215e+00,3.083996788273980272e+01,-9.594808816909790039e-01,9.999999403953552246e-01
4.916666666666666075e+00,3.089232776029962935e+01,-9.647365808486938477e-01,1.000000000000000000e+00
4.924999999999999822e+00,3.094468763785945953e+01,-9.694277048110961914e-01,9.999999403953552246e-01
4.933333333333332682e+00,3.099704751541928971e+01,-9.735277295112609863e-01,1.000000000000000000e+00
4.941666666666666430e+00,3.104940739297911989e+01,-9.770083427429199219e-01,1.000000000000000000e+00
4.949999999999999289e+00,3.110176727053895007e+01,-9.798505902290344238e-01,1.000000000000000000e+00
4.958333333333333037e+00,3.115412714809878025e+01,-9.820536971092224121e-01,1.000000000000000000e+00
4.966666666666666785e+00,3.120648702565861043e+01,-9.836420416831970215e-01,1.000000000000000000e+00
4.974999999999999645e+00,3.125884690321844062e+01,-9.846710562705993652e-01,9.999999403953552246e-01
4.983333333333333393e+00,3.131120678077827080e+01,-9.852305650711059570e-01,1.000000000000000000e+00
4.991666666666666252e+00,3.136356665833810098e+01,-9.854465723037719727e-01,1.000000000000000000e+00
5.000000000000000000e+00,3.141592653589793116e+01,-9.854782223701477051e-01,1.000000000000000000e+00
5.008333333333333748e+00,3.146828641345776134e+01,-9.855108261108398438e-01,1.000000000000000000e+00
5.016666666666666607e+00,3.152064629101758797e+01,-9.857351183891296387e-01,1.000000000000000000e+00
5.024999999999999467e+00,3.157300616857741815e+01,-9.863126873970031738e-01,1.000000119209289551e+00
5.033333333333333215e+00,3.162536604613724833e+01,-9.873153567314147949e-01,1.000000119209289551e+00
5.041666666666666075e+00,3.167772592369707851e+01,-9.886390566825866699e-01,9.999999403953552246e-01
5.049999999999999822e+00,3.173008580125690870e+01,-9.898918271064758301e-01,9.999999403953552246e-01
5.058333333333332682e+00,3.178244567881673888e+01,-9.902707934379577637e-01,9.999999403953552246e-01
5.066666666666666430e+00,3.183480555637656906e+01,-9.884504675865173340e-01,9.999999403953552246e-01
5.075000000000000178e+00,3.188716543393639924e+01,-9.825010299682617188e-01,9.999999403953552246e-01
5.083333333333333037e+00,3.193952531149622942e+01,-9.698486328125000000e-01,1.000000000000000000e+00
5.091666666666666785e+00,3.199188518905605960e+01,-9.472648501396179199e-01,1.000000000000000000e+00
5.099999999999999645e+00,3.204424506661588623e+01,-9.108893275260925293e-01,1.000000000000000000e+00
5.108333333333332504e+00,3.209660494417571641e+01,-8.563923835754394531e-01,1.000000000000000000e+00
5.116666666666666252e+00,3.214896482173554659e+01,-7.797490358352661133e-01,9.999998807907104492e-01
5.125000000000000000e+00,3.220132469929537677e+01,-6.798520088195800781e-01,1.000000000000000000e+00
5.133333333333332860e+00,3.225368457685520696e+01,-5.648499727249145508e-01,9.999999403953552246e-01
5.141666666666666607e+00,3.230604445441503714e+01,-4.609252512454986572e-01,9.999999403953552246e-01
5.149999999999999467e+00,3.235840433197486732e+01,-4.091585278511047363e-01,9.999999403953552246e-01
5.158333333333333215e+00,3.241076420953469750e+01,-4.321709275245666504e-01,1.000000000000000000e+00
5.166666666666666075e+00,3.246312408709452768e+01,-5.088877677917480469e-01,1.000000000000000000e+00
5.174999999999999822e+00,3.251548396465435786e+01,-6.197553873062133789e-01,9.999999403953552246e-01
5.183333333333333570e+00,3.256784384221418804e+01,-7.544601559638977051e-01,9.999999403953552246e-01
5.191666666666666430e+00,3.262020371977401823e+01,-8.072353601455688477e-01,1.000000119209289551e+00
5.200000000000000178e+00,3.267256359733384841e+01,-7.167114615440368652e-01,1.000000000000000000e+00
5.208333333333333037e+00,3.272492347489367859e+01,-5.892995595932006836e-01,9.999999403953552246e-01
5.216666666666666785e+00,3.277728335245350877e+01,-6.031843423843383789e-01,1.000000000000000000e+00
5.225000000000000533e+00,3.282964323001333895e+01,-7.219542860984802246e-01,1.000000000000000000e+00
5.233333333333333393e+00,3.288200310757316913e+01,-7.403112053871154785e-01,9.999999403953552246e-01
5.241666666666667140e+00,3.293436298513299931e+01,-7.262094020843505859e-01,1.000000119209289551e+00
5.250000000000000000e+00,3.298672286269282949e+01,-7.090031504631042480e-01,1.000000000000000000e+00
5.258333333333333748e+00,3.303908274025265968e+01,-6.911286711692810059e-01,1.000000000000000000e+00
5.266666666666665719e+00,3.309144261781248275e+01,-6.728031039237976074e-01,1.000000000000000000e+00
5.274999999999999467e+00,3.314380249537231293e+01,-6.539999246597290039e-01,1.000000000000000000e+00
5.283333333333332327e+00,3.319616237293214311e+01,-6.347308158874511719e-01,1.000000000000000000e+00
5.291666666666666075e+00,3.324852225049197330e+01,-6.150111556053161621e-01,1.000000000000000000e+00
5.299999999999999822e+00,3.330088212805180348e+01,-5.948576927185058594e-01,1.000000000000000000e+00
5.308333333333332682e+00,3.335324200561163366e+01,-5.742875337600708008e-01,1.000000000000000000e+00
5.316666666666666430e+00,3.340560188317146384e+01,-5.533172488212585449e-01,1.000000000000000000e+00
5.324999999999999289e+00,3.345796176073129402e+01,-5.319633483886718750e-01,1.000000119209289551e+00
5.333333333333333037e+00,3.351032163829112420e+01,-5.102424621582031250e-01,1.000000119209289551e+00
5.341666666666665897e+00,3.356268151585095438e+01,-4.881707131862640381e-01,1.000000000000000000e+00
5.349999999999999645e+00,3.361504139341078456e+01,-4.657643437385559082e-01,9.999999403953552246e-01
5.358333333333333393e+00,3.366740127097061475e+01,-4.430395066738128662e-01,9.999999403953552246e-01
5.366666666666666252e+00,3.371976114853044493e+01,-4.200123846530914307e-01,1.000000000000000000e+00
5.375000000000000000e+00,3.377212102609027511e+01,-3.966994285583496094e-01,9.999999403953552246e-01
5.383333333333332860e+00,3.382448090365010529e+01,-3.731164932250976562e-01,1.000000000000000000e+00
5.391666666666666607e+00,3.387684078120993547e+01,-3.492800891399383545e-01,9.999999403953552246e-01
5.400000000000000355e+00,3.392920065876976565e+01,-3.252063989639282227e-01,9.999999403953552246e-01
5.408333333333333215e+00,3.398156053632959583e+01,-3.009118735790252686e-01,1.000000000000000000e+00
5.416666666666666963e+00,3.403392041388942602e+01,-2.764127850532531738e-01,1.000000000000000000e+00
5.424999999999999822e+00,3.408628029144925620e+01,-2.517255842685699463e-01,9.999999403953552246e-01
5.433333333333333570e+00,3.413864016900908638e+01,-2.268667966127395630e-01,1.000000000000000000e+00
5.441666666666667318e+00,3.419100004656891656e+01,-2.018528729677200317e-01,1.000000000000000000e+00
5.450000000000000178e+00,3.424335992412874674e+01,-1.767004132270812988e-01,1.000000000000000000e+00
5.458333333333332149e+00,3.429571980168856982e+01,-1.514259874820709229e-01,1.000000000000000000e+00
5.466666666666665897e+00,3.434807967924840000e+01,-1.260462105274200439e-01,1.000000000000000000e+00
5.474999999999999645e+00,3.440043955680823018e+01,-1.005776673555374146e-01,9.999999403953552246e-01
5.483333333333332504e+00,3.445279943436806036e+01,-7.503701746463775635e-02,1.000000000000000000e+00
5.491666666666666252e+00,3.450515931192789054e+01,-4.944092035293579102e-02,1.000000000000000000e+00
5.499999999999999112e+00,3.455751918948772072e+01,-2.380602248013019562e-02,9.999999403953552246e-01
5.508333333333332860e+00,3.460987906704755090e+01,1.851074397563934326e-03,9.999999403953552246e-01
5.516666666666666607e+00,3.466223894460738109e+01,2.751373685896396637e-02,1.000000000000000000e+00
5.524999999999999467e+00,3.471459882216721127e+01,5.316537618637084961e-02,1.000000000000000000e+00
5.533333333333333215e+00,3.476695869972704145e+01,7.878942787647247314e-02,9.999999403953552246e-01
5.541666666666666075e+00,3.481931857728687163e+01,1.043694242835044861e-01,1.000000000000000000e+00
5.549999999999999822e+00,3.487167845484670181e+01,1.298888772726058960e-01,1.000000000000000000e+00
5.558333333333332682e+00,3.492403833240653199e+01,1.553314030170440674e-01,1.000000000000000000e+00
5.566666666666666430e+00,3.497639820996636217e+01,1.806807518005371094e-01,9.999999403953552246e-01
5.575000000000000178e+00,3.502875808752619236e+01,2.059206515550613403e-01,1.000000000000000000e+00
5.583333333333333037e+00,3.508111796508602254e+01,2.310350388288497925e-01,9.999999403953552246e-01
5.591666666666666785e+00,3.513347784264585272e+01,2.560079097747802734e-01,9.999998807907104492e-01
5.599999999999999645e+00,3.518583772020568290e+01,2.808233499526977539e-01,9.999999403953552246e-01
5.608333333333333393e+00,3.523819759776551308e+01,3.054656684398651123e-01,1.000000000000000000e+00
5.616666666666667140e+00,3.529055747532534326e+01,3.299193382263183594e-01,9.999999403953552246e-01
5.625000000000000000e+00,3.534291735288517344e+01,3.541688919067382812e-01,1.000000000000000000e+00
5.633333333333333748e+00,3.539527723044500362e+01,3.781992197036743164e-01,9.999999403953552246e-01
5.641666666666666607e+00,3.544763710800483381e+01,4.019952714443206787e-01,1.000000000000000000e+00
5.650000000000000355e+00,3.549999698556466399e+01,4.255424439907073975e-01,9.999999403953552246e-01
5.658333333333332327e+00,3.555235686312448706e+01,4.488262236118316650e-01,9.999999403953552246e-01
5.666666666666666075e+00,3.560471674068431724e+01,4.718325138092041016e-01,1.000000000000000000e+00
5.674999999999998934e+00,3.565707661824414743e+01,4.945474565029144287e-01,9.999999403953552246e-01
5.683333333333332682e+00,3.570943649580397761e+01,5.169577002525329590e-01,1.000000000000000000e+00
5.691666666666666430e+00,3.576179637336380779e+01,5.390504002571105957e-01,9.999999403953552246e-01
5.699999999999999289e+00,3.581415625092363797e+01,5.608130097389221191e-01,9.999999403953552246e-01
5.708333333333333037e+00,3.586651612848346815e+01,5.822337269783020020e-01,9.999999403953552246e-01
5.716666666666665897e+00,3.591887600604329833e+01,6.033014655113220215e-01,1.000000000000000000e+00
5.724999999999999645e+00,3.597123588360312851e+01,6.240059733390808105e-01,9.999999403953552246e-01
5.733333333333333393e+00,3.602359576116295869e+01,6.443382501602172852e-01,1.000000000000000000e+00
5.741666666666666252e+00,3.607595563872278888e+01,6.642899513244628906e-01,9.999999403953552246e-01
5.750000000000000000e+00,3.612831551628261906e+01,6.838549971580505371e-01,1.000000000000000000e+00
5.758333333333332860e+00,3.618067539384244924e+01,7.030285000801086426e-01,1.000000000000000000e+00
5.766666666666666607e+00,3.623303527140227942e+01,7.218084335327148438e-01,1.000000000000000000e+00
5.774999999999999467e+00,3.628539514896210960e+01,7.401953339576721191e-01,1.000000000000000000e+00
5.783333333333333215e+00,3.633775502652193978e+01,7.581933140754699707e-01,9.999999403953552246e-01
5.791666666666666963e+00,3.639011490408176996e+01,7.758099436759948730e-01,1.000000000000000000e+00
5.799999999999999822e+00,3.644247478164160015e+01,7.930564284324645996e-01,1.000000000000000000e+00
5.808333333333333570e+00,3.649483465920143033e+01,8.099431991577148438e-01,1.000000000000000000e+00
5.816666666666666430e+00,3.654719453676126051e+01,8.264681100845336914e-01,1.000000000000000000e+00
5.825000000000000178e+00,3.659955441432109069e+01,8.425806164741516113e-01,1.000000000000000000e+00
5.833333333333333925e+00,3.665191429188092087e+01,8.581039309501647949e-01,1.000000000000000000e+00
5.841666666666666785e+00,3.670427416944075105e+01,8.726806640625000000e-01,1.000000000000000000e+00
5.850000000000000533e+00,3.675663404700058123e+01,8.859327435493469238e-01,9.999998807907104492e-01
5.858333333333332504e+00,3.680899392456040431e+01,8.976910710334777832e-01,1.000000000000000000e+00
5.866666666666666252e+00,3.686135380212023449e+01,9.080408215522766113e-01,1.000000000000000000e+00
5.874999999999999112e+00,3.691371367968006467e+01,9.172138571739196777e-01,9.999999403953552246e-01
5.883333333333332860e+00,3.696607355723989485e+01,9.254615902900695801e-01,1.000000000000000000e+00
5.891666666666665719e+00,3.701843343479972503e+01,9.329800009727478027e-01,9.999999403953552246e-01
5.899999999999999467e+00,3.707079331235955522e+01,9.398859143257141113e-01,1.000000000000000000e+00
5.908333333333333215e+00,3.712315318991938540e+01,9.462254643440246582e-01,9.999999403953552246e-01
5.916666666666666075e+00,3.717551306747921558e+01,9.519950747489929199e-01,1.000000000000000000e+00
5.924999999999999822e+00,3.722787294503904576e+01,9.571619033813476562e-01,9.999999403953552246e-01
5.933333333333332682e+00,3.728023282259887594e+01,9.616823196411132812e-01,1.000000000000000000e+00
5.941666666666666430e+00,3.733259270015870612e+01,9.655159115791320801e-01,9.999999403953552246e-01
5.949999999999999289e+00,3.738495257771853630e+01,9.686372876167297363e-01,9.999998807907104492e-01
5.958333333333333037e+00,3.743731245527836649e+01,9.710443615913391113e-01,9.999999403953552246e-01
5.966666666666666785e+00,3.748967233283819667e+01,9.727668762207031250e-01,1.000000000000000000e+00
5.974999999999999645e+00,3.754203221039802685e+01,9.738712310791015625e-01,1.000000000000000000e+00
5.983333333333333393e+00,3.759439208795785703e+01,9.744632840156555176e-01,1.000000119209289551e+00
5.991666666666666252e+00,3.764675196551768721e+01,9.746872186660766602e-01,1.000000000000000000e+00
6.000000000000000000e+00,3.769911184307751739e+01,9.747194647789001465e-01,1.000000119209289551e+00
6.008333333333333748e+00,3.775147172063734757e+01,9.747501611709594727e-01,1.000000000000000000e+00
6.016666666666666607e+00,3.780383159819717775e+01,9.749498367309570312e-01,1.000000000000000000e+00
6.025000000000000355e+00,3.785619147575700794e+01,9.754120707511901855e-01,9.999999403953552246e-01
6.033333333333333215e+00,3.790855135331683812e+01,9.760674834251403809e-01,1.000000000000000000e+00
6.041666666666666963e+00,3.796091123087666830e+01,9.765741229057312012e-01,1.000000000000000000e+00
6.050000000000000711e+00,3.801327110843649848e+01,9.761967062950134277e-01,1.000000000000000000e+00
6.058333333333332682e+00,3.806563098599632156e+01,9.736986160278320312e-01,9.999999403953552246e-01
6.066666666666665542e+00,3.811799086355615174e+01,9.672842025756835938e-01,1.000000000000000000e+00
6.074999999999999289e+00,3.817035074111598192e+01,9.546041488647460938e-01,1.000000119209289551e+00
6.083333333333333037e+00,3.822271061867581210e+01,9.328308105468750000e-01,1.000000000000000000e+00
6.091666666666665897e+00,3.827507049623564228e+01,8.988022208213806152e-01,1.000000000000000000e+00
6.099999999999999645e+00,3.832743037379547246e+01,8.492881655693054199e-01,1.000000119209289551e+00
6.108333333333332504e+00,3.837979025135530264e+01,7.816655039787292480e-01,9.999999403953552246e-01
6.116666666666666252e+00,3.843215012891513283e+01,6.957925558090209961e-01,1.000000000000000000e+00
6.125000000000000000e+00,3.848451000647496301e+01,5.984368324279785156e-01,1.000000000000000000e+00
6.133333333333332860e+00,3.853686988403479319e+01,5.100180506706237793e-01,1.000000000000000000e+00
6.141666666666666607e+00,3.858922976159462337e+01,4.642351269721984863e-01,9.999999403953552246e-01
6.149999999999999467e+00,3.864158963915445355e+01,4.827622473239898682e-01,9.999999403953552246e-01
6.158333333333333215e+00,3.869394951671428373e+01,5.482241511344909668e-01,9.999999403953552246e-01
6.166666666666666075e+00,3.874630939427411391e+01,6.393473744392395020e-01,9.999999403953552246e-01
6.174999999999999822e+00,3.879866927183394409e+01,7.527291774749755859e-01,1.000000000000000000e+00
6.183333333333333570e+00,3.885102914939377428e+01,8.084532618522644043e-01,1.000000000000000000e+00
6.191666666666666430e+00,3.890338902695360446e+01,7.296879887580871582e-01,9.999999403953552246e-01
6.200000000000000178e+00,3.895574890451343464e+01,5.932148098945617676e-01,1.000000000000000000e+00
6.208333333333333037e+00,3.900810878207326482e+01,5.386433005332946777e-01,1.000000000000000000e+00
6.216666666666666785e+00,3.906046865963309500e+01,6.953301429748535156e-01,9.999999403953552246e-01
6.225000000000000533e+00,3.911282853719292518e+01,7.692353129386901855e-01,1.000000000000000000e+00
6.233333333333333393e+00,3.916518841475275536e+01,7.627236843109130859e-01,1.000000000000000000e+00
6.241666666666667140e+00,3.921754829231258555e+01,7.466009259223937988e-01,1.000000000000000000e+00
6.250000000000000000e+00,3.926990816987241573e+01,7.292334437370300293e-01,1.000000000000000000e+00
6.258333333333332860e+00,3.932226804743223880e+01,7.114012837409973145e-01,1.000000000000000000e+00
6.266666666666665719e+00,3.937462792499206898e+01,6.930291056632995605e-01,1.000000000000000000e+00
6.274999999999999467e+00,3.942698780255189916e+01,6.741271018981933594e-01,1.000000000000000000e+00
6.283333333333332327e+00,3.947934768011172935e+01,6.547094583511352539e-01,1.000000000000000000e+00
6.291666666666666075e+00,3.953170755767155953e+01,6.347928047180175781e-01,1.000000000000000000e+00
6.299999999999999822e+00,3.958406743523138971e+01,6.143938899040222168e-01,9.999998807907104492e-01
6.308333333333332682e+00,3.963642731279121989e+01,5.935297012329101562e-01,1.000000000000000000e+00
6.316666666666666430e+00,3.968878719035105007e+01,5.722169280052185059e-01,1.000000000000000000e+00
6.324999999999999289e+00,3.974114706791088025e+01,5.504723787307739258e-01,1.000000000000000000e+00
6.333333333333333037e+00,3.979350694547071043e+01,5.283128619194030762e-01,9.999999403953552246e-01
6.341666666666665897e+00,3.984586682303054062e+01,5.057556033134460449e-01,1.000000000000000000e+00
6.349999999999999645e+00,3.989822670059037080e+01,4.828175008296966553e-01,1.000000000000000000e+00
6.358333333333333393e+00,3.995058657815020098e+01,4.595162570476531982e-01,9.999999403953552246e-01
6.366666666666666252e+00,4.000294645571003116e+01,4.358689486980438232e-01,1.000000000000000000e+00
6.375000000000000000e+00,4.005530633326986134e+01,4.118934273719787598e-01,1.000000000000000000e+00
6.383333333333332860e+00,4.010766621082969152e+01,3.876074552536010742e-01,1.000000000000000000e+00
6.391666666666666607e+00,4.016002608838952170e+01,3.630290031433105469e-01,1.000000000000000000e+00
6.400000000000000355e+00,4.021238596594935188e+01,3.381763100624084473e-01,9.999999403953552246e-01
6.408333333333333215e+00,4.026474584350918207e+01,3.130677342414855957e-01,9.999998807907104492e-01
6.416666666666666963e+00,4.031710572106901225e+01,2.877216935157775879e-01,1.000000000000000000e+00
6.424999999999999822e+00,4.036946559862884243e+01,2.621568441390991211e-01,1.000000000000000000e+00
6.433333333333333570e+00,4.042182547618867261e+01,2.363920211791992188e-01,1.000000000000000000e+00
6.441666666666667318e+00,4.047418535374850279e+01,2.104460746049880981e-01,1.000000000000000000e+00
6.449999999999999289e+00,4.052654523130832587e+01,1.843380928039550781e-01,1.000000000000000000e+00
6.458333333333332149e+00,4.057890510886815605e+01,1.580872386693954468e-01,1.000000000000000000e+00
6.466666666666665897e+00,4.063126498642798623e+01,1.317127048969268799e-01,9.999999403953552246e-01
6.474999999999999645e+00,4.068362486398781641e+01,1.052338406443595886e-01,1.000000000000000000e+00
6.483333333333332504e+00,4.073598474154764659e+01,7.867000252008438110e-02,1.000000000000000000e+00
6.491666666666666252e+00,4.078834461910747677e+01,5.204063653945922852e-02,9.999999403953552246e-01
6.499999999999999112e+00,4.084070449666730696e+01,2.536520734429359436e-02,9.999999403953552246e-01
6.508333333333332860e+00,4.089306437422713714e+01,-1.336822402663528919e-03,1.000000000000000000e+00
6.516666666666666607e+00,4.094542425178696732e+01,-2.804594673216342926e-02,1.000000000000000000e+00
6.524999999999999467e+00,4.099778412934679750e+01,-5.474273115396499634e-02,9.999999403953552246e-01
6.533333333333333215e+00,4.105014400690662768e+01,-8.140771836042404175e-02,9.999999403953552246e-01
6.541666666666666075e+00,4.110250388446645786e+01,-1.080215722322463989e-01,1.000000000000000000e+00
6.549999999999999822e+00,4.115486376202628804e+01,-1.345649361610412598e-01,1.000000000000000000e+00
6.558333333333332682e+00,4.120722363958611822e+01,-1.610186100006103516e-01,1.000000000000000000e+00
6.566666666666666430e+00,4.125958351714594841e+01,-1.873635053634643555e-01,1.000000000000000000e+00
6.575000000000000178e+00,4.131194339470577859e+01,-2.135805636644363403e-01,1.000000000000000000e+00
6.583333333333333037e+00,4.136430327226560877e+01,-2.396510690450668335e-01,9.999999403953552246e-01
6.591666666666666785e+00,4.141666314982543895e+01,-2.655561566352844238e-01,1.000000000000000000e+00
6.599999999999999645e+00,4.146902302738526913e+01,-2.912774682044982910e-01,1.000000000000000000e+00
6.608333333333333393e+00,4.152138290494509931e+01,-3.167966604232788086e-01,1.000000000000000000e+00
6.616666666666667140e+00,4.157374278250492949e+01,-3.420957028865814209e-01,9.999999403953552246e-01
6.625000000000000000e+00,4.162610266006475968e+01,-3.671567142009735107e-01,9.999999403953552246e-01
6.633333333333333748e+00,4.167846253762458986e+01,-3.919622302055358887e-01,1.000000000000000000e+00
6.641666666666666607e+00,4.173082241518442004e+01,-4.164949357509613037e-01,1.000000000000000000e+00
6.649999999999999467e+00,4.178318229274424311e+01,-4.407379329204559326e-01,9.999998807907104492e-01
6.658333333333332327e+00,4.183554217030407330e+01,-4.646746814250946045e-01,9.999999403953552246e-01
6.666666666666666075e+00,4.188790204786390348e+01,-4.882889688014984131e-01,9.999999403953552246e-01
6.674999999999998934e+00,4.194026192542373366e+01,-5.115651488304138184e-01,1.000000000000000000e+00
6.683333333333332682e+00,4.199262180298356384e+01,-5.344877243041992188e-01,1.000000000000000000e+00
6.691666666666666430e+00,4.204498168054339402e+01,-5.570421218872070312e-01,9.999999403953552246e-01
6.699999999999999289e+00,4.209734155810322420e+01,-5.792140960693359375e-01,9.999999403953552246e-01
6.708333333333333037e+00,4.214970143566305438e+01,-6.009900569915771484e-01,1.000000000000000000e+00
6.716666666666665897e+00,4.220206131322288456e+01,-6.223573684692382812e-01,9.999999403953552246e-01
6.724999999999999645e+00,4.225442119078271475e+01,-6.433038115501403809e-01,1.000000000000000000e+00
6.733333333333333393e+00,4.230678106834254493e+01,-6.638184785842895508e-01,1.000000000000000000e+00
6.741666666666666252e+00,4.235914094590237511e+01,-6.838912963867187500e-01,1.000000000000000000e+00
6.750000000000000000e+00,4.241150082346220529e+01,-7.035139203071594238e-01,1.000000000000000000e+00
6.758333333333332860e+00,4.246386070102203547e+01,-7.226791381835937500e-01,1.000000000000000000e+00
6.766666666666666607e+00,4.251622057858186565e+01,-7.413818240165710449e-01,1.000000000000000000e+00
6.774999999999999467e+00,4.256858045614169583e+01,-7.596189379692077637e-01,1.000000000000000000e+00
6.783333333333333215e+00,4.262094033370152601e+01,-7.773901820182800293e-01,1.000000000000000000e+00
6.791666666666666963e+00,4.267330021126135620e+01,-7.946983575820922852e-01,1.000000000000000000e+00
6.799999999999999822e+00,4.272566008882118638e+01,-8.115486502647399902e-01,1.000000000000000000e+00
6.808333333333333570e+00,4.277801996638101656e+01,-8.279476165771484375e-01,1.000000000000000000e+00
6.816666666666666430e+00,4.283037984394084674e+01,-8.438975214958190918e-01,1.000000000000000000e+00
6.825000000000000178e+00,4.288273972150067692e+01,-8.593789339065551758e-01,1.000000000000000000e+00
6.833333333333333925e+00,4.293509959906050710e+01,-8.743078112602233887e-01,1.000000000000000000e+00
6.841666666666666785e+00,4.298745947662033728e+01,-8.884643912315368652e-01,1.000000000000000000e+00
6.849999999999998757e+00,4.303981935418016036e+01,-9.015052914619445801e-01,1.000000119209289551e+00
6.858333333333332504e+00,4.309217923173999054e+01,-9.131595492362976074e-01,1.000000000000000000e+00
6.866666666666666252e+00,4.314453910929982072e+01,-9.233791232109069824e-01,1.000000000000000000e+00
6.874999999999999112e+00,4.319689898685965090e+01,-9.323162436485290527e-01,1.000000000000000000e+00
6.883333333333332860e+00,4.324925886441948109e+01,-9.402071833610534668e-01,1.000000000000000000e+00
6.891666666666665719e+00,4.330161874197931127e+01,-9.472724795341491699e-01,1.000000000000000000e+00
6.899999999999999467e+00,4.335397861953914145e+01,-9.536687731742858887e-01,1.000000000000000000e+00
6.908333333333333215e+00,4.340633849709897163e+01,-9.594808816909790039e-01,1.000000000000000000e+00
6.916666666666666075e+00,4.345869837465880181e+01,-9.647367596626281738e-01,9.999999403953552246e-01
6.924999999999999822e+00,4.351105825221863199e+01,-9.694277048110961914e-01,1.000000000000000000e+00
6.933333333333332682e+00,4.356341812977846217e+01,-9.735277295112609863e-01,9.999999403953552246e-01
6.941666666666666430e+00,4.361577800733829235e+01,-9.770084619522094727e-01,1.000000000000000000e+00
6.949999999999999289e+00,4.366813788489812254e+01,-9.798505902290344238e-01,1.000000000000000000e+00
6.958333333333333037e+00,4.372049776245795272e+01,-9.820535778999328613e-01,1.000000000000000000e+00
6.966666666666666785e+00,4.377285764001778290e+01,-9.836420416831970215e-01,1.000000000000000000e+00
6.974999999999999645e+00,4.382521751757761308e+01,-9.846710562705993652e-01,9.999999403953552246e-01
6.983333333333333393e+00,4.387757739513744326e+01,-9.852306246757507324e-01,1.000000000000000000e+00
6.991666666666666252e+00,4.392993727269727344e+01,-9.854464530944824219e-01,1.000000000000000000e+00
7.000000000000000000e+00,4.398229715025710362e+01,-9.854782223701477051e-01,1.000000000000000000e+00
7.008333333333333748e+00,4.403465702781693381e+01,-9.855108261108398438e-01,1.000000000000000000e+00
7.016666666666666607e+00,4.408701690537676399e+01,-9.857351183891296387e-01,1.000000000000000000e+00
7.025000000000000355e+00,4.413937678293659417e+01,-9.863126873970031738e-01,1.000000119209289551e+00
7.033333333333333215e+00,4.419173666049642435e+01,-9.873155951499938965e-01,1.000000000000000000e+00
7.041666666666666963e+00,4.424409653805625453e+01,-9.886392951011657715e-01,9.999999403953552246e-01
7.049999999999998934e+00,4.429645641561607761e+01,-9.898918271064758301e-01,1.000000000000000000e+00
7.058333333333332682e+00,4.434881629317590779e+01,-9.902707934379577637e-01,1.000000000000000000e+00
7.066666666666665542e+00,4.440117617073573797e+01,-9.884504675865173340e-01,9.999998807907104492e-01
7.074999999999999289e+00,4.445353604829556815e+01,-9.825010299682617188e-01,1.000000000000000000e+00
7.083333333333333037e+00,4.450589592585539833e+01,-9.698486328125000000e-01,1.000000119209289551e+00
7.091666666666665897e+00,4.455825580341522851e+01,-9.472648501396179199e-01,9.999999403953552246e-01
7.099999999999999645e+00,4.461061568097505869e+01,-9.108892679214477539e-01,9.999999403953552246e-01
7.108333333333332504e+00,4.466297555853488888e+01,-8.563923835754394531e-01,1.000000000000000000e+00
7.116666666666666252e+00,4.471533543609471906e+01,-7.797489762306213379e-01,9.999999403953552246e-01
7.125000000000000000e+00,4.476769531365454924e+01,-6.798518300056457520e-01,1.000000000000000000e+00
7.133333333333332860e+00,4.482005519121437942e+01,-5.648495554924011230e-01,1.000000000000000000e+00
7.141666666666666607e+00,4.487241506877420960e+01,-4.609247744083404541e-01,1.000000000000000000e+00
7.149999999999999467e+00,4.492477494633403978e+01,-4.091579914093017578e-01,9.999999403953552246e-01
7.158333333333333215e+00,4.497713482389386996e+01,-4.321705996990203857e-01,9.999999403953552246e-01
7.166666666666666075e+00,4.502949470145370015e+01,-5.088878870010375977e-01,1.000000000000000000e+00
7.174999999999999822e+00,4.508185457901353033e+01,-6.197558045387268066e-01,1.000000000000000000e+00
7.183333333333333570e+00,4.513421445657336051e+01,-7.544608116149902344e-01,1.000000000000000000e+00
7.191666666666666430e+00,4.518657433413319069e+01,-8.072367906570434570e-01,1.000000000000000000e+00
7.200000000000000178e+00,4.523893421169302087e+01,-7.167137265205383301e-01,1.000000000000000000e+00
7.208333333333333037e+00,4.529129408925285105e+01,-5.893017053604125977e-01,1.000000000000000000e+00
7.216666666666666785e+00,4.534365396681268123e+01,-6.031842231750488281e-01,1.000000000000000000e+00
7.225000000000000533e+00,4.539601384437251141e+01,-7.219540476799011230e-01,1.000000000000000000e+00
7.233333333333333393e+00,4.544837372193234160e+01,-7.403111457824707031e-01,1.000000000000000000e+00
7.241666666666667140e+00,4.550073359949217178e+01,-7.262094616889953613e-01,1.000000000000000000e+00
7.249999999999999112e+00,4.555309347705199485e+01,-7.090032696723937988e-01,9.999999403953552246e-01
7.258333333333332860e+00,4.560545335461182503e+01,-6.911286711692810059e-01,1.000000000000000000e+00
7.266666666666665719e+00,4.565781323217165522e+01,-6.728030443191528320e-01,9.999999403953552246e-01
7.274999999999999467e+00,4.571017310973148540e+01,-6.539999246597290039e-01,9.999999403953552246e-01
7.283333333333332327e+00,4.576253298729131558e+01,-6.347308158874511719e-01,1.000000000000000000e+00
7.291666666666666075e+00,4.581489286485114576e+01,-6.150111556053161621e-01,1.000000119209289551e+00
7.299999999999999822e+00,4.586725274241097594e+01,-5.948576927185058594e-01,9.999999403953552246e-01
7.308333333333332682e+00,4.591961261997080612e+01,-5.742875337600708008e-01,9.999999403953552246e-01
7.316666666666666430e+00,4.597197249753063630e+01,-5.533171892166137695e-01,1.000000000000000000e+00
7.324999999999999289e+00,4.602433237509046648e+01,-5.319634675979614258e-01,1.000000000000000000e+00
7.333333333333333037e+00,4.607669225265029667e+01,-5.102424621582031250e-01,1.000000000000000000e+00
7.341666666666665897e+00,4.612905213021012685e+01,-4.881707131862640381e-01,1.000000000000000000e+00
7.349999999999999645e+00,4.618141200776995703e+01,-4.657643437385559082e-01,1.000000000000000000e+00
7.358333333333333393e+00,4.623377188532978721e+01,-4.430395066738128662e-01,1.000000000000000000e+00
7.366666666666666252e+00,4.628613176288961739e+01,-4.200124740600585938e-01,1.000000119209289551e+00
7.375000000000000000e+00,4.633849164044944757e+01,-3.966993689537048340e-01,9.999999403953552246e-01
7.383333333333332860e+00,4.639085151800927775e+01,-3.731164932250976562e-01,9.999999403953552246e-01
7.391666666666666607e+00,4.644321139556910794e+01,-3.492800891399383545e-01,1.000000000000000000e+00
7.400000000000000355e+00,4.649557127312893812e+01,-3.252064287662506104e-01,9.999999403953552246e-01
7.408333333333333215e+00,4.654793115068876830e+01,-3.009118735790252686e-01,1.000000000000000000e+00
7.416666666666666963e+00,4.660029102824859848e+01,-2.764127850532531738e-01,1.000000000000000000e+00
7.424999999999999822e+00,4.665265090580842866e+01,-2.517255842685699463e-01,9.999999403953552246e-01
7.433333333333333570e+00,4.670501078336825884e+01,-2.268667668104171753e-01,1.000000000000000000e+00
7.441666666666667318e+00,4.675737066092808902e+01,-2.018529027700424194e-01,1.000000000000000000e+00
7.449999999999999289e+00,4.680973053848791210e+01,-1.767004281282424927e-01,1.000000000000000000e+00
7.458333333333332149e+00,4.686209041604774228e+01,-1.514260023832321167e-01,1.000000000000000000e+00
7.466666666666665897e+00,4.691445029360757246e+01,-1.260461956262588501e-01,9.999999403953552246e-01
7.474999999999999645e+00,4.696681017116740264e+01,-1.005776673555374146e-01,1.000000000000000000e+00
7.483333333333332504e+00,4.701917004872723282e+01,-7.503701746463775635e-02,1.000000000000000000e+00
7.491666666666666252e+00,4.707152992628706301e+01,-4.944092035293579102e-02,1.000000000000000000e+00
7.499999999999999112e+00,4.712388980384689319e+01,-2.380601875483989716e-02,1.000000000000000000e+00
7.508333333333332860e+00,4.717624968140672337e+01,1.851077424362301826e-03,1.000000000000000000e+00
7.516666666666666607e+00,4.722860955896655355e+01,2.751373127102851868e-02,9.999999403953552246e-01
7.524999999999999467e+00,4.728096943652638373e+01,5.316536501049995422e-02,1.000000000000000000e+00
7.533333333333333215e+00,4.733332931408621391e+01,7.878942787647247314e-02,1.000000000000000000e+00
7.541666666666666075e+00,4.738568919164604409e+01,1.043694019317626953e-01,1.000000000000000000e+00
7.549999999999999822e+00,4.743804906920587428e+01,1.298888772726058960e-01,9.999999403953552246e-01
7.558333333333332682e+00,4.749040894676570446e+01,1.553314179182052612e-01,9.999999403953552246e-01
7.566666666666666430e+00,4.754276882432553464e+01,1.806807368993759155e-01,9.999999403953552246e-01
7.575000000000000178e+00,4.759512870188536482e+01,2.059206813573837280e-01,1.000000000000000000e+00
7.583333333333333037e+00,4.764748857944519500e+01,2.310350388288497925e-01,1.000000000000000000e+00
7.591666666666666785e+00,4.769984845700502518e+01,2.560078799724578857e-01,9.999999403953552246e-01
7.599999999999999645e+00,4.775220833456485536e+01,2.808233201503753662e-01,9.999999403953552246e-01
7.608333333333333393e+00,4.780456821212468554e+01,3.054656684398651123e-01,9.999999403953552246e-01
7.616666666666667140e+00,4.785692808968451573e+01,3.299193382263183594e-01,9.999998807907104492e-01
7.625000000000000000e+00,4.790928796724434591e+01,3.541688919067382812e-01,1.000000000000000000e+00
7.633333333333333748e+00,4.796164784480417609e+01,3.781992197036743164e-01,9.999999403953552246e-01
7.641666666666665719e+00,4.801400772236399916e+01,4.019952714443206787e-01,1.000000000000000000e+00
7.649999999999999467e+00,4.806636759992382935e+01,4.255424439907073975e-01,9.999999403953552246e-01
7.658333333333332327e+00,4.811872747748365953e+01,4.488262236118316650e-01,1.000000000000000000e+00
7.666666666666666075e+00,4.817108735504348971e+01,4.718325138092041016e-01,1.000000000000000000e+00
7.674999999999998934e+00,4.822344723260331989e+01,4.945474565029144287e-01,1.000000000000000000e+00
7.683333333333332682e+00,4.827580711016315007e+01,5.169577598571777344e-01,1.000000000000000000e+00
7.691666666666666430e+00,4.832816698772298025e+01,5.390505194664001465e-01,1.000000000000000000e+00
7.699999999999999289e+00,4.838052686528281043e+01,5.608129501342773438e-01,1.000000000000000000e+00
7.708333333333333037e+00,4.843288674284264061e+01,5.822337269783020020e-01,9.999999403953552246e-01
7.716666666666665897e+00,4.848524662040247080e+01,6.033014655113220215e-01,1.000000000000000000e+00
7.724999999999999645e+00,4.853760649796230098e+01,6.240060329437255859e-01,9.999999403953552246e-01
7.733333333333333393e+00,4.858996637552213116e+01,6.443382501602172852e-01,1.000000119209289551e+00
7.741666666666666252e+00,4.864232625308196134e+01,6.642899513244628906e-01,9.999999403953552246e-01
7.750000000000000000e+00,4.869468613064179152e+01,6.838549375534057617e-01,1.000000000000000000e+00
7.758333333333332860e+00,4.874704600820162170e+01,7.030285596847534180e-01,1.000000000000000000e+00
7.766666666666666607e+00,4.879940588576145188e+01,7.218084335327148438e-01,9.999999403953552246e-01
7.774999999999999467e+00,4.885176576332128207e+01,7.401953935623168945e-01,9.999999403953552246e-01
7.783333333333333215e+00,4.890412564088111225e+01,7.581932544708251953e-01,9.999999403953552246e-01
7.791666666666666963e+00,4.895648551844094243e+01,7.758099436759948730e-01,1.000000000000000000e+00
7.799999999999999822e+00,4.900884539600077261e+01,7.930563688278198242e-01,1.000000000000000000e+00
7.808333333333333570e+00,4.906120527356060279e+01,8.099431991577148438e-01,1.000000000000000000e+00
7.816666666666666430e+00,4.911356515112043297e+01,8.264679908752441406e-01,1.000000000000000000e+00
7.825000000000000178e+00,4.916592502868026315e+01,8.425806164741516113e-01,1.000000000000000000e+00
7.833333333333333925e+00,4.921828490624009333e+01,8.581039309501647949e-01,9.999999403953552246e-01
7.841666666666665897e+00,4.927064478379991641e+01,8.726806640625000000e-01,1.000000000000000000e+00
7.849999999999998757e+00,4.932300466135974659e+01,8.859327435493469238e-01,9.999999403953552246e-01
7.858333333333332504e+00,4.937536453891957677e+01,8.976909518241882324e-01,1.000000119209289551e+00
7.866666666666666252e+00,4.942772441647940695e+01,9.080410003662109375e-01,1.000000000000000000e+00
7.874999999999999112e+00,4.948008429403923714e+01,9.172138571739196777e-01,9.999999403953552246e-01
7.883333333333332860e+00,4.953244417159906732e+01,9.254615902900695801e-01,1.000000000000000000e+00
7.891666666666665719e+00,4.958480404915889750e+01,9.329801797866821289e-01,1.000000000000000000e+00
7.899999999999999467e+00,4.963716392671872768e+01,9.398859143257141113e-01,9.999999403953552246e-01
7.908333333333333215e+00,4.968952380427855786e+01,9.462255835533142090e-01,9.999999403953552246e-01
7.916666666666666075e+00,4.974188368183838804e+01,9.519950747489929199e-01,1.000000000000000000e+00
7.924999999999999822e+00,4.979424355939821822e+01,9.571619033813476562e-01,9.999999403953552246e-01
7.933333333333332682e+00,4.984660343695804841e+01,9.616821408271789551e-01,1.000000000000000000e+00
7.941666666666666430e+00,4.989896331451787859e+01,9.655159115791320801e-01,1.000000000000000000e+00
7.949999999999999289e+00,4.995132319207770877e+01,9.686371088027954102e-01,1.000000000000000000e+00
7.958333333333333037e+00,5.000368306963753895e+01,9.710443615913391113e-01,9.999999403953552246e-01
7.966666666666666785e+00,5.005604294719736913e+01,9.727668762207031250e-01,1.000000119209289551e+00
7.974999999999999645e+00,5.010840282475719931e+01,9.738712310791015625e-01,1.000000119209289551e+00
7.983333333333333393e+00,5.016076270231702949e+01,9.744631052017211914e-01,1.000000119209289551e+00
7.991666666666666252e+00,5.021312257987685967e+01,9.746870398521423340e-01,1.000000000000000000e+00
8.000000000000000000e+00,5.026548245743668986e+01,9.747193455696105957e-01,1.000000000000000000e+00
8.008333333333332860e+00,5.031784233499652004e+01,9.747501611709594727e-01,1.000000000000000000e+00
8.016666666666667496e+00,5.037020221255635022e+01,9.749499559402465820e-01,1.000000000000000000e+00
8.025000000000000355e+00,5.042256209011618040e+01,9.754120111465454102e-01,1.000000000000000000e+00
8.033333333333333215e+00,5.047492196767601058e+01,9.760673642158508301e-01,1.000000000000000000e+00
8.041666666666666075e+00,5.052728184523583366e+01,9.765742421150207520e-01,1.000000000000000000e+00
8.049999999999998934e+00,5.057964172279566384e+01,9.761964678764343262e-01,1.000000000000000000e+00
8.058333333333331794e+00,5.063200160035549402e+01,9.736986160278320312e-01,1.000000000000000000e+00
8.066666666666666430e+00,5.068436147791532420e+01,9.672842025756835938e-01,1.000000119209289551e+00
8.074999999999999289e+00,5.073672135547515438e+01,9.546041488647460938e-01,1.000000119209289551e+00
8.083333333333332149e+00,5.078908123303498456e+01,9.328306317329406738e-01,1.000000000000000000e+00
8.091666666666666785e+00,5.084144111059481475e+01,8.988019824028015137e-01,1.000000000000000000e+00
8.099999999999999645e+00,5.089380098815464493e+01,8.492879867553710938e-01,1.000000000000000000e+00
8.108333333333332504e+00,5.094616086571447511e+01,7.816651463508605957e-01,1.000000000000000000e+00
8.116666666666665364e+00,5.099852074327430529e+01,6.957919001579284668e-01,9.999999403953552246e-01
8.125000000000000000e+00,5.105088062083413547e+01,5.984358191490173340e-01,9.999998807907104492e-01
8.133333333333332860e+00,5.110324049839396565e+01,5.100168585777282715e-01,1.000000000000000000e+00
8.141666666666665719e+00,5.115560037595379583e+01,4.642339348793029785e-01,1.000000000000000000e+00
8.150000000000000355e+00,5.120796025351362601e+01,4.827616214752197266e-01,1.000000000000000000e+00
8.158333333333333215e+00,5.126032013107345620e+01,5.482244491577148438e-01,1.000000000000000000e+00
8.166666666666666075e+00,5.131268000863328638e+01,6.393484473228454590e-01,1.000000000000000000e+00
8.175000000000000711e+00,5.136503988619311656e+01,7.527300715446472168e-01,9.999999403953552246e-01
8.183333333333333570e+00,5.141739976375294674e+01,8.084523081779479980e-01,1.000000000000000000e+00
8.191666666666666430e+00,5.146975964131277692e+01,7.296860814094543457e-01,1.000000000000000000e+00
8.199999999999999289e+00,5.152211951887260710e+01,5.932132005691528320e-01,9.999999403953552246e-01
8.208333333333333925e+00,5.157447939643243728e+01,5.386428833007812500e-01,1.000000000000000000e+00
8.216666666666666785e+00,5.162683927399226747e+01,6.953300237655639648e-01,9.999999403953552246e-01
8.224999999999999645e+00,5.167919915155209765e+01,7.692353129386901855e-01,1.000000000000000000e+00
8.233333333333334281e+00,5.173155902911192783e+01,7.627236247062683105e-01,1.000000000000000000e+00
8.241666666666665364e+00,5.178391890667175090e+01,7.466009259223937988e-01,9.999999403953552246e-01
8.250000000000000000e+00,5.183627878423158108e+01,7.292333841323852539e-01,1.000000000000000000e+00
8.258333333333332860e+00,5.188863866179141127e+01,7.114012837409973145e-01,1.000000000000000000e+00
8.266666666666665719e+00,5.194099853935124145e+01,6.930291056632995605e-01,9.999999403953552246e-01
8.274999999999998579e+00,5.199335841691107163e+01,6.741271018981933594e-01,1.000000000000000000e+00
8.283333333333333215e+00,5.204571829447090181e+01,6.547094583511352539e-01,1.000000000000000000e+00
8.291666666666666075e+00,5.209807817203073199e+01,6.347928047180175781e-01,1.000000000000000000e+00
8.299999999999998934e+00,5.215043804959056217e+01,6.143938899040222168e-01,9.999999403953552246e-01
8.308333333333333570e+00,5.220279792715039235e+01,5.935297012329101562e-01,1.000000000000000000e+00
8.316666666666666430e+00,5.225515780471022254e+01,5.722169280052185059e-01,1.000000000000000000e+00
8.324999999999999289e+00,5.230751768227005272e+01,5.504722595214843750e-01,1.000000000000000000e+00
8.333333333333332149e+00,5.235987755982988290e+01,5.283129215240478516e-01,1.000000000000000000e+00
8.341666666666666785e+00,5.241223743738971308e+01,5.057555437088012695e-01,9.999999403953552246e-01
8.349999999999999645e+00,5.246459731494954326e+01,4.828175604343414307e-01,1.000000000000000000e+00
8.358333333333332504e+00,5.251695719250937344e+01,4.595161378383636475e-01,9.999999403953552246e-01
8.366666666666667140e+00,5.256931707006920362e+01,4.358689486980438232e-01,9.999999403953552246e-01
8.375000000000000000e+00,5.262167694762903380e+01,4.118933677673339844e-01,1.000000000000000000e+00
8.383333333333332860e+00,5.267403682518886399e+01,3.876074254512786865e-01,1.000000000000000000e+00
8.391666666666667496e+00,5.272639670274869417e+01,3.630290031433105469e-01,1.000000000000000000e+00
8.400000000000000355e+00,5.277875658030852435e+01,3.381763100624084473e-01,9.999999403953552246e-01
8.408333333333333215e+00,5.283111645786835453e+01,3.130676746368408203e-01,9.999999403953552246e-01
8.416666666666666075e+00,5.288347633542818471e+01,2.877216339111328125e-01,1.000000000000000000e+00
8.425000000000000711e+00,5.293583621298801489e+01,2.621568739414215088e-01,1.000000000000000000e+00
8.433333333333333570e+00,5.298819609054784507e+01,2.363920062780380249e-01,1.000000000000000000e+00
8.441666666666666430e+00,5.304055596810766815e+01,2.104460746049880981e-01,1.000000000000000000e+00
8.449999999999999289e+00,5.309291584566749833e+01,1.843381375074386597e-01,1.000000000000000000e+00
8.458333333333332149e+00,5.314527572322732851e+01,1.580872386693954468e-01,9.999999403953552246e-01
8.466666666666666785e+00,5.319763560078715869e+01,1.317127048969268799e-01,1.000000000000000000e+00
8.474999999999999645e+00,5.324999547834698888e+01,1.052338406443595886e-01,1.000000000000000000e+00
8.483333333333332504e+00,5.330235535590681906e+01,7.867000252008438110e-02,1.000000119209289551e+00
8.491666666666665364e+00,5.335471523346664924e+01,5.204064771533012390e-02,1.000000000000000000e+00
8.500000000000000000e+00,5.340707511102647942e+01,2.536520361900329590e-02,1.000000000000000000e+00
8.508333333333332860e+00,5.345943498858630960e+01,-1.336817280389368534e-03,1.000000000000000000e+00
8.516666666666665719e+00,5.351179486614613978e+01,-2.804594114422798157e-02,1.000000000000000000e+00
8.525000000000000355e+00,5.356415474370596996e+01,-5.474271997809410095e-02,1.000000000000000000e+00
8.533333333333333215e+00,5.361651462126580014e+01,-8.140771836042404175e-02,9.999999403953552246e-01
8.541666666666666075e+00,5.366887449882563033e+01,-1.080215573310852051e-01,1.000000000000000000e+00
8.549999999999998934e+00,5.372123437638546051e+01,-1.345649361610412598e-01,1.000000000000000000e+00
8.558333333333333570e+00,5.377359425394529069e+01,-1.610186100006103516e-01,1.000000000000000000e+00
8.566666666666666430e+00,5.382595413150512087e+01,-1.873634904623031616e-01,1.000000000000000000e+00
8.574999999999999289e+00,5.387831400906495105e+01,-2.135805636644363403e-01,1.000000000000000000e+00
8.583333333333333925e+00,5.393067388662478123e+01,-2.396510690450668335e-01,1.000000000000000000e+00
8.591666666666666785e+00,5.398303376418461141e+01,-2.655561566352844238e-01,1.000000000000000000e+00
8.599999999999999645e+00,5.403539364174444160e+01,-2.912774980068206787e-01,9.999999403953552246e-01
8.608333333333332504e+00,5.408775351930427178e+01,-3.167966604232788086e-01,1.000000000000000000e+00
8.616666666666667140e+00,5.414011339686410196e+01,-3.420957326889038086e-01,1.000000000000000000e+00
8.625000000000000000e+00,5.419247327442393214e+01,-3.671567440032958984e-01,1.000000000000000000e+00
8.633333333333332860e+00,5.424483315198375522e+01,-3.919622004032135010e-01,1.000000000000000000e+00
8.641666666666665719e+00,5.429719302954358540e+01,-4.164949357509613037e-01,1.000000119209289551e+00
8.649999999999998579e+00,5.434955290710341558e+01,-4.407379627227783203e-01,9.999998807907104492e-01
8.658333333333333215e+00,5.440191278466324576e+01,-4.646747112274169922e-01,9.999999403953552246e-01
8.666666666666666075e+00,5.445427266222307594e+01,-4.882889688014984131e-01,9.999999403953552246e-01
8.674999999999998934e+00,5.450663253978290612e+01,-5.115650296211242676e-01,1.000000000000000000e+00
8.683333333333331794e+00,5.455899241734273630e+01,-5.344877243041992188e-01,9.999999403953552246e-01
8.691666666666666430e+00,5.461135229490256648e+01,-5.570421218872070312e-01,1.000000000000000000e+00
8.699999999999999289e+00,5.466371217246239667e+01,-5.792140960693359375e-01,9.999999403953552246e-01
8.708333333333332149e+00,5.471607205002222685e+01,-6.009901165962219238e-01,1.000000000000000000e+00
8.716666666666666785e+00,5.476843192758205703e+01,-6.223573088645935059e-01,9.999999403953552246e-01
8.724999999999999645e+00,5.482079180514188721e+01,-6.433036923408508301e-01,1.000000119209289551e+00
8.733333333333332504e+00,5.487315168270171739e+01,-6.638183593750000000e-01,9.999999403953552246e-01
8.741666666666667140e+00,5.492551156026154757e+01,-6.838912963867187500e-01,1.000000000000000000e+00
8.750000000000000000e+00,5.497787143782137775e+01,-7.035138607025146484e-01,1.000000000000000000e+00
8.758333333333332860e+00,5.503023131538120793e+01,-7.226790785789489746e-01,1.000000000000000000e+00
8.766666666666665719e+00,5.508259119294103812e+01,-7.413818240165710449e-01,1.000000000000000000e+00
8.775000000000000355e+00,5.513495107050086830e+01,-7.596189379692077637e-01,1.000000000000000000e+00
8.783333333333333215e+00,5.518731094806069848e+01,-7.773901820182800293e-01,1.000000000000000000e+00
8.791666666666666075e+00,5.523967082562052866e+01,-7.946983575820922852e-01,1.000000000000000000e+00
8.800000000000000711e+00,5.529203070318035884e+01,-8.115486502647399902e-01,1.000000000000000000e+00
8.808333333333333570e+00,5.534439058074018902e+01,-8.279476165771484375e-01,9.999999403953552246e-01
8.816666666666666430e+00,5.539675045830001920e+01,-8.438974618911743164e-01,1.000000000000000000e+00
8.824999999999999289e+00,5.544911033585984939e+01,-8.593789339065551758e-01,9.999998807907104492e-01
8.833333333333332149e+00,5.550147021341967246e+01,-8.743078112602233887e-01,9.999999403953552246e-01
8.841666666666665009e+00,5.555383009097950264e+01,-8.884643912315368652e-01,9.999999403953552246e-01
8.849999999999999645e+00,5.560618996853933282e+01,-9.015054702758789062e-01,1.000000000000000000e+00
8.858333333333332504e+00,5.565854984609916301e+01,-9.131595492362976074e-01,9.999999403953552246e-01
8.866666666666665364e+00,5.571090972365899319e+01,-9.233793616294860840e-01,1.000000000000000000e+00
8.875000000000000000e+00,5.576326960121882337e+01,-9.323164224624633789e-01,1.000000000000000000e+00
8.883333333333332860e+00,5.581562947877865355e+01,-9.402071237564086914e-01,9.999999403953552246e-01
8.891666666666665719e+00,5.586798935633848373e+01,-9.472724795341491699e-01,1.000000000000000000e+00
8.899999999999998579e+00,5.592034923389831391e+01,-9.536687731742858887e-01,9.999999403953552246e-01
8.908333333333333215e+00,5.597270911145814409e+01,-9.594807624816894531e-01,1.000000000000000000e+00
8.916666666666666075e+00,5.602506898901797427e+01,-9.647366404533386230e-01,1.000000000000000000e+00
8.924999999999998934e+00,5.607742886657780446e+01,-9.694275259971618652e-01,1.000000000000000000e+00
8.933333333333333570e+00,5.612978874413763464e+01,-9.735275506973266602e-01,9.999999403953552246e-01
8.941666666666666430e+00,5.618214862169746482e+01,-9.770082831382751465e-01,1.000000000000000000e+00
8.949999999999999289e+00,5.623450849925729500e+01,-9.798505902290344238e-01,9.999999403953552246e-01
8.958333333333333925e+00,5.628686837681712518e+01,-9.820535778999328613e-01,9.999999403953552246e-01
8.966666666666666785e+00,5.633922825437695536e+01,-9.836420416831970215e-01,9.999999403953552246e-01
8.974999999999999645e+00,5.639158813193678554e+01,-9.846710562705993652e-01,1.000000000000000000e+00
8.983333333333332504e+00,5.644394800949661573e+01,-9.852304458618164062e-01,1.000000119209289551e+00
8.991666666666667140e+00,5.649630788705644591e+01,-9.854463934898376465e-01,1.000000000000000000e+00
9.000000000000000000e+00,5.654866776461627609e+01,-9.854782223701477051e-01,1.000000000000000000e+00
9.008333333333332860e+00,5.660102764217610627e+01,-9.855108261108398438e-01,1.000000000000000000e+00
9.016666666666667496e+00,5.665338751973593645e+01,-9.857351183891296387e-01,1.000000000000000000e+00
9.025000000000000355e+00,5.670574739729576663e+01,-9.863125085830688477e-01,1.000000119209289551e+00
9.033333333333333215e+00,5.675810727485558971e+01,-9.873153567314147949e-01,1.000000000000000000e+00
9.041666666666666075e+00,5.681046715241541989e+01,-9.886390566825866699e-01,9.999998807907104492e-01
9.049999999999998934e+00,5.686282702997525007e+01,-9.898918271064758301e-01,9.999999403953552246e-01
9.058333333333331794e+00,5.691518690753508025e+01,-9.902707934379577637e-01,9.999999403953552246e-01
9.066666666666666430e+00,5.696754678509491043e+01,-9.884502291679382324e-01,9.999999403953552246e-01
9.074999999999999289e+00,5.701990666265474061e+01,-9.825008511543273926e-01,1.000000000000000000e+00
9.083333333333332149e+00,5.707226654021457080e+01,-9.698486328125000000e-01,1.000000000000000000e+00
9.091666666666666785e+00,5.712462641777440098e+01,-9.472648501396179199e-01,1.000000000000000000e+00
9.099999999999999645e+00,5.717698629533423116e+01,-9.108892679214477539e-01,1.000000000000000000e+00
9.108333333333332504e+00,5.722934617289406134e+01,-8.563925027847290039e-01,9.999998807907104492e-01
9.116666666666665364e+00,5.728170605045389152e+01,-7.797490954399108887e-01,9.999999403953552246e-01
9.125000000000000000e+00,5.733406592801372170e+01,-6.798520088195800781e-01,9.999998807907104492e-01
9.133333333333332860e+00,5.738642580557355188e+01,-5.648498535156250000e-01,1.000000000000000000e+00
9.141666666666665719e+00,5.743878568313338207e+01,-4.609250128269195557e-01,1.000000000000000000e+00
9.150000000000000355e+00,5.749114556069321225e+01,-4.091580510139465332e-01,1.000000000000000000e+00
9.158333333333333215e+00,5.754350543825304243e+01,-4.321700036525726318e-01,1.000000000000000000e+00
9.166666666666666075e+00,5.759586531581287261e+01,-5.088863372802734375e-01,1.000000000000000000e+00
9.175000000000000711e+00,5.764822519337270279e+01,-6.197534799575805664e-01,1.000000000000000000e+00
9.183333333333333570e+00,5.770058507093253297e+01,-7.544583678245544434e-01,1.000000000000000000e+00
9.191666666666666430e+00,5.775294494849236315e+01,-8.072351813316345215e-01,1.000000000000000000e+00
9.199999999999999289e+00,5.780530482605219333e+01,-7.167136073112487793e-01,9.999999403953552246e-01
9.208333333333333925e+00,5.785766470361202352e+01,-5.893031358718872070e-01,1.000000000000000000e+00
9.216666666666666785e+00,5.791002458117185370e+01,-6.031857132911682129e-01,1.000000000000000000e+00
9.224999999999999645e+00,5.796238445873168388e+01,-7.219543457031250000e-01,1.000000000000000000e+00
9.233333333333332504e+00,5.801474433629150695e+01,-7.403111457824707031e-01,1.000000000000000000e+00
9.241666666666665364e+00,5.806710421385133714e+01,-7.262095212936401367e-01,1.000000000000000000e+00
9.250000000000000000e+00,5.811946409141116732e+01,-7.090031504631042480e-01,9.999999403953552246e-01
9.258333333333332860e+00,5.817182396897099750e+01,-6.911286711692810059e-01,1.000000000000000000e+00
9.266666666666665719e+00,5.822418384653082768e+01,-6.728030443191528320e-01,1.000000000000000000e+00
9.274999999999998579e+00,5.827654372409065786e+01,-6.539999246597290039e-01,1.000000000000000000e+00
9.283333333333333215e+00,5.832890360165048804e+01,-6.347308158874511719e-01,1.000000000000000000e+00
9.291666666666666075e+00,5.838126347921031822e+01,-6.150111556053161621e-01,1.000000119209289551e+00
9.299999999999998934e+00,5.843362335677014840e+01,-5.948576927185058594e-01,9.999999403953552246e-01
9.308333333333333570e+00,5.848598323432997859e+01,-5.742875337600708008e-01,1.000000000000000000e+00
9.316666666666666430e+00,5.853834311188980877e+01,-5.533171892166137695e-01,1.000000000000000000e+00
9.324999999999999289e+00,5.859070298944963895e+01,-5.319633483886718750e-01,1.000000000000000000e+00
9.333333333333332149e+00,5.864306286700946913e+01,-5.102424621582031250e-01,9.999999403953552246e-01
9.341666666666666785e+00,5.869542274456929931e+01,-4.881707131862640381e-01,1.000000000000000000e+00
9.349999999999999645e+00,5.874778262212912949e+01,-4.657644331455230713e-01,1.000000000000000000e+00
9.358333333333332504e+00,5.880014249968895967e+01,-4.430395066738128662e-01,9.999999403953552246e-01
9.366666666666667140e+00,5.885250237724878986e+01,-4.200124740600585938e-01,9.999999403953552246e-01
9.375000000000000000e+00,5.890486225480862004e+01,-3.966993987560272217e-01,1.000000000000000000e+00
9.383333333333332860e+00,5.895722213236845022e+01,-3.731164932250976562e-01,1.000000000000000000e+00
9.391666666666667496e+00,5.900958200992828040e+01,-3.492800891399383545e-01,1.000000000000000000e+00
9.400000000000000355e+00,5.906194188748811058e+01,-3.252063989639282227e-01,1.000000000000000000e+00
9.408333333333333215e+00,5.911430176504794076e+01,-3.009118735790252686e-01,1.000000000000000000e+00
9.416666666666666075e+00,5.916666164260777094e+01,-2.764127850532531738e-01,1.000000000000000000e+00
9.425000000000000711e+00,5.921902152016760112e+01,-2.517255842685699463e-01,9.999999403953552246e-01
9.433333333333331794e+00,5.927138139772742420e+01,-2.268667668104171753e-01,1.000000000000000000e+00
9.441666666666666430e+00,5.932374127528725438e+01,-2.018529027700424194e-01,1.000000000000000000e+00
9.449999999999999289e+00,5.937610115284708456e+01,-1.767004430294036865e-01,1.000000000000000000e+00
9.458333333333332149e+00,5.942846103040691474e+01,-1.514260023832321167e-01,1.000000000000000000e+00
9.466666666666666785e+00,5.948082090796674493e+01,-1.260462105274200439e-01,9.999998807907104492e-01
9.474999999999999645e+00,5.953318078552657511e+01,-1.005776524543762207e-01,1.000000000000000000e+00
9.483333333333332504e+00,5.958554066308640529e+01,-7.503701746463775635e-02,1.000000000000000000e+00
9.491666666666665364e+00,5.963790054064623547e+01,-4.944092035293579102e-02,9.999999403953552246e-01
9.500000000000000000e+00,5.969026041820606565e+01,-2.380602061748504639e-02,9.999999403953552246e-01
9.508333333333332860e+00,5.974262029576589583e+01,1.851073349826037884e-03,9.999999403953552246e-01
9.516666666666665719e+00,5.979498017332572601e+01,2.751373127102851868e-02,1.000000000000000000e+00
9.525000000000000355e+00,5.984734005088555620e+01,5.316536501049995422e-02,1.000000000000000000e+00
9.533333333333333215e+00,5.989969992844538638e+01,7.878941297531127930e-02,9.999999403953552246e-01
9.541666666666666075e+00,5.995205980600521656e+01,1.043694242835044861e-01,9.999999403953552246e-01
9.549999999999998934e+00,6.000441968356504674e+01,1.298888772726058960e-01,9.999999403953552246e-01
9.558333333333333570e+00,6.005677956112487692e+01,1.553314179182052612e-01,1.000000000000000000e+00
9.566666666666666430e+00,6.010913943868470710e+01,1.806807518005371094e-01,9.999999403953552246e-01
9.574999999999999289e+00,6.016149931624453728e+01,2.059206515550613403e-01,1.000000000000000000e+00
9.583333333333333925e+00,6.021385919380436746e+01,2.310350388288497925e-01,1.000000000000000000e+00
9.591666666666666785e+00,6.026621907136419765e+01,2.560079097747802734e-01,1.000000000000000000e+00
9.599999999999999645e+00,6.031857894892402783e+01,2.808233499526977539e-01,1.000000000000000000e+00
9.608333333333332504e+00,6.037093882648385801e+01,3.054656684398651123e-01,9.999999403953552246e-01
9.616666666666667140e+00,6.042329870404368819e+01,3.299193084239959717e-01,1.000000000000000000e+00
9.624999999999998224e+00,6.047565858160351127e+01,3.541688919067382812e-01,1.000000000000000000e+00
9.633333333333332860e+00,6.052801845916334145e+01,3.781991899013519287e-01,1.000000000000000000e+00
9.641666666666665719e+00,6.058037833672317163e+01,4.019952714443206787e-01,1.000000000000000000e+00
9.649999999999998579e+00,6.063273821428300181e+01,4.255424439907073975e-01,9.999999403953552246e-01
9.658333333333333215e+00,6.068509809184283199e+01,4.488262236118316650e-01,1.000000000000000000e+00
9.666666666666666075e+00,6.073745796940266217e+01,4.718325734138488770e-01,1.000000000000000000e+00
9.674999999999998934e+00,6.078981784696249235e+01,4.945474565029144287e-01,1.000000000000000000e+00
9.683333333333331794e+00,6.084217772452232253e+01,5.169577598571777344e-01,1.000000000000000000e+00
9.691666666666666430e+00,6.089453760208215272e+01,5.390503406524658203e-01,1.000000000000000000e+00
9.699999999999999289e+00,6.094689747964198290e+01,5.608129501342773438e-01,1.000000000000000000e+00
9.708333333333332149e+00,6.099925735720181308e+01,5.822336077690124512e-01,9.999999403953552246e-01
9.716666666666666785e+00,6.105161723476164326e+01,6.033014655113220215e-01,1.000000000000000000e+00
9.724999999999999645e+00,6.110397711232147344e+01,6.240060329437255859e-01,1.000000000000000000e+00
9.733333333333332504e+00,6.115633698988130362e+01,6.443382501602172852e-01,9.999999403953552246e-01
9.741666666666667140e+00,6.120869686744113380e+01,6.642899513244628906e-01,1.000000000000000000e+00
9.750000000000000000e+00,6.126105674500096399e+01,6.838549375534057617e-01,1.000000000000000000e+00
9.758333333333332860e+00,6.131341662256079417e+01,7.030285000801086426e-01,1.000000000000000000e+00
9.766666666666665719e+00,6.136577650012062435e+01,7.218083739280700684e-01,9.999999403953552246e-01
9.775000000000000355e+00,6.141813637768045453e+01,7.401952743530273438e-01,9.999999403953552246e-01
9.783333333333333215e+00,6.147049625524028471e+01,7.581931948661804199e-01,9.999999403953552246e-01
9.791666666666666075e+00,6.152285613280011489e+01,7.758100032806396484e-01,1.000000000000000000e+00
9.800000000000000711e+00,6.157521601035994507e+01,7.930564880371093750e-01,1.000000000000000000e+00
9.808333333333333570e+00,6.162757588791977525e+01,8.099431991577148438e-01,1.000000000000000000e+00
9.816666666666666430e+00,6.167993576547960544e+01,8.264681100845336914e-01,1.000000000000000000e+00
9.824999999999999289e+00,6.173229564303942851e+01,8.425806164741516113e-01,1.000000000000000000e+00
9.833333333333332149e+00,6.178465552059925869e+01,8.581039309501647949e-01,9.999999403953552246e-01
9.841666666666665009e+00,6.183701539815908887e+01,8.726806640625000000e-01,1.000000000000000000e+00
9.849999999999999645e+00,6.188937527571891906e+01,8.859327435493469238e-01,9.999999403953552246e-01
9.858333333333332504e+00,6.194173515327874924e+01,8.976911902427673340e-01,9.999999403953552246e-01
9.866666666666665364e+00,6.199409503083857942e+01,9.080410003662109375e-01,1.000000000000000000e+00
9.875000000000000000e+00,6.204645490839840960e+01,9.172139167785644531e-01,1.000000000000000000e+00
9.883333333333332860e+00,6.209881478595823978e+01,9.254617691040039062e-01,1.000000000000000000e+00
9.891666666666665719e+00,6.215117466351806996e+01,9.329801797866821289e-01,1.000000000000000000e+00
9.899999999999998579e+00,6.220353454107790014e+01,9.398859143257141113e-01,1.000000000000000000e+00
9.908333333333333215e+00,6.225589441863773033e+01,9.462254643440246582e-01,9.999999403953552246e-01
9.916666666666666075e+00,6.230825429619756051e+01,9.519951939582824707e-01,1.000000000000000000e+00
9.924999999999998934e+00,6.236061417375739069e+01,9.571619033813476562e-01,1.000000000000000000e+00
9.933333333333333570e+00,6.241297405131722087e+01,9.616823196411132812e-01,9.999999403953552246e-01
9.941666666666666430e+00,6.246533392887705105e+01,9.655159115791320801e-01,1.000000000000000000e+00
9.949999999999999289e+00,6.251769380643688123e+01,9.686371684074401855e-01,9.999999403953552246e-01
9.958333333333333925e+00,6.257005368399671141e+01,9.710443615913391113e-01,1.000000000000000000e+00
9.966666666666666785e+00,6.262241356155654159e+01,9.727669954299926758e-01,1.000000000000000000e+00
9.974999999999999645e+00,6.267477343911637178e+01,9.738712310791015625e-01,1.000000000000000000e+00
9.983333333333332504e+00,6.272713331667620196e+01,9.744631052017211914e-01,1.000000000000000000e+00
9.991666666666667140e+00,6.277949319423603214e+01,9.746870994567871094e-01,1.000000000000000000e+00
1.000000000000000000e+01,6.283185307179586232e+01,9.747194647789001465e-01,1.000000000000000000e+00
1.000833333333333286e+01,6.288421294935569250e+01,9.747501611709594727e-01,1.000000000000000000e+00
1.001666666666666750e+01,6.293657282691552268e+01,9.749498367309570312e-01,9.999999403953552246e-01
1.002499999999999858e+01,6.298893270447534576e+01,9.754120111465454102e-01,1.000000000000000000e+00
1.003333333333333321e+01,6.304129258203517594e+01,9.760673642158508301e-01,1.000000000000000000e+00
1.004166666666666607e+01,6.309365245959500612e+01,9.765741229057312012e-01,1.000000000000000000e+00
1.004999999999999893e+01,6.314601233715483630e+01,9.761964678764343262e-01,9.999999403953552246e-01
1.005833333333333179e+01,6.319837221471466648e+01,9.736986160278320312e-01,1.000000000000000000e+00
1.006666666666666643e+01,6.325073209227449667e+01,9.672843813896179199e-01,1.000000000000000000e+00
1.007499999999999929e+01,6.330309196983432685e+01,9.546041488647460938e-01,1.000000000000000000e+00
1.008333333333333215e+01,6.335545184739415703e+01,9.328308105468750000e-01,9.999999403953552246e-01
1.009166666666666679e+01,6.340781172495398721e+01,8.988018035888671875e-01,1.000000000000000000e+00
1.009999999999999964e+01,6.346017160251381739e+01,8.492879271507263184e-01,1.000000000000000000e+00
1.010833333333333250e+01,6.351253148007364757e+01,7.816653251647949219e-01,9.999999403953552246e-01
1.011666666666666536e+01,6.356489135763347775e+01,6.957921981811523438e-01,9.999999403953552246e-01
1.012500000000000000e+01,6.361725123519330793e+01,5.984363555908203125e-01,1.000000000000000000e+00
1.013333333333333286e+01,6.366961111275313812e+01,5.100178122520446777e-01,1.000000000000000000e+00
1.014166666666666572e+01,6.372197099031296830e+01,4.642352759838104248e-01,1.000000000000000000e+00
1.015000000000000036e+01,6.377433086787279848e+01,4.827632606029510498e-01,9.999999403953552246e-01
1.015833333333333321e+01,6.382669074543262866e+01,5.482259988784790039e-01,1.000000000000000000e+00
1.016666666666666607e+01,6.387905062299245884e+01,6.393496394157409668e-01,1.000000000000000000e+00
1.017500000000000071e+01,6.393141050055228902e+01,7.527301907539367676e-01,1.000000000000000000e+00
1.018333333333333357e+01,6.398377037811211920e+01,8.084515929222106934e-01,9.999999403953552246e-01
1.019166666666666643e+01,6.403613025567194939e+01,7.296847701072692871e-01,9.999999403953552246e-01
1.019999999999999929e+01,6.408849013323177246e+01,5.932126045227050781e-01,9.999999403953552246e-01
1.020833333333333393e+01,6.414085001079160975e+01,5.386449098587036133e-01,9.999999403953552246e-01
1.021666666666666501e+01,6.419320988835143282e+01,6.953321695327758789e-01,1.000000000000000000e+00
1.022499999999999964e+01,6.424556976591127011e+01,7.692357301712036133e-01,9.999999403953552246e-01
1.023333333333333250e+01,6.429792964347109319e+01,7.627236843109130859e-01,9.999999403953552246e-01
1.024166666666666714e+01,6.435028952103093047e+01,7.466008067131042480e-01,9.999999403953552246e-01
1.025000000000000000e+01,6.440264939859075355e+01,7.292334437370300293e-01,1.000000000000000000e+00
1.025833333333333286e+01,6.445500927615059084e+01,7.114012837409973145e-01,1.000000000000000000e+00
1.026666666666666572e+01,6.450736915371041391e+01,6.930291056632995605e-01,1.000000000000000000e+00
1.027500000000000036e+01,6.455972903127025120e+01,6.741269826889038086e-01,1.000000000000000000e+00
1.028333333333333321e+01,6.461208890883007427e+01,6.547094583511352539e-01,9.999999403953552246e-01
1.029166666666666785e+01,6.466444878638991156e+01,6.347928047180175781e-01,1.000000000000000000e+00
1.029999999999999893e+01,6.471680866394973464e+01,6.143938899040222168e-01,9.999998807907104492e-01
1.030833333333333357e+01,6.476916854150957192e+01,5.935297012329101562e-01,1.000000000000000000e+00
1.031666666666666643e+01,6.482152841906939500e+01,5.722169280052185059e-01,1.000000000000000000e+00
1.032499999999999929e+01,6.487388829662921808e+01,5.504723787307739258e-01,1.000000000000000000e+00
1.033333333333333215e+01,6.492624817418905536e+01,5.283128619194030762e-01,1.000000000000000000e+00
1.034166666666666501e+01,6.497860805174887844e+01,5.057555437088012695e-01,1.000000000000000000e+00
1.034999999999999964e+01,6.503096792930871572e+01,4.828175604343414307e-01,1.000000000000000000e+00
1.035833333333333250e+01,6.508332780686853880e+01,4.595161378383636475e-01,1.000000000000000000e+00
1.036666666666666714e+01,6.513568768442837609e+01,4.358689486980438232e-01,1.000000000000000000e+00
1.037499999999999822e+01,6.518804756198819916e+01,4.118933677673339844e-01,9.999999403953552246e-01
1.038333333333333286e+01,6.524040743954803645e+01,3.876074254512786865e-01,9.999999403953552246e-01
1.039166666666666572e+01,6.529276731710785953e+01,3.630289733409881592e-01,9.999999403953552246e-01
1.040000000000000036e+01,6.534512719466769681e+01,3.381763100624084473e-01,9.999999403953552246e-01
1.040833333333333144e+01,6.539748707222751989e+01,3.130677342414855957e-01,9.999999403953552246e-01
1.041666666666666607e+01,6.544984694978735718e+01,2.877216339111328125e-01,1.000000000000000000e+00
1.042499999999999893e+01,6.550220682734718025e+01,2.621568441390991211e-01,1.000000000000000000e+00
1.043333333333333357e+01,6.555456670490701754e+01,2.363919764757156372e-01,1.000000000000000000e+00
1.044166666666666643e+01,6.560692658246684061e+01,2.104460448026657104e-01,1.000000000000000000e+00
1.045000000000000107e+01,6.565928646002667790e+01,1.843380928039550781e-01,9.999999403953552246e-01
1.045833333333333215e+01,6.571164633758650098e+01,1.580872088670730591e-01,1.000000000000000000e+00
1.046666666666666679e+01,6.576400621514633826e+01,1.317127048969268799e-01,1.000000000000000000e+00
1.047499999999999964e+01,6.581636609270616134e+01,1.052338108420372009e-01,9.999999403953552246e-01
1.048333333333333428e+01,6.586872597026599863e+01,7.867000252008438110e-02,1.000000000000000000e+00
1.049166666666666536e+01,6.592108584782582170e+01,5.204064771533012390e-02,9.999999403953552246e-01
1.050000000000000000e+01,6.597344572538565899e+01,2.536520734429359436e-02,9.999999403953552246e-01
1.050833333333333286e+01,6.602580560294548206e+01,-1.336810062639415264e-03,1.000000000000000000e+00
1.051666666666666750e+01,6.607816548050531935e+01,-2.804594114422798157e-02,9.999999403953552246e-01
1.052500000000000036e+01,6.613052535806514243e+01,-5.474271997809410095e-02,1.000000000000000000e+00
1.053333333333333144e+01,6.618288523562496550e+01,-8.140773326158523560e-02,9.999999403953552246e-01
1.054166666666666607e+01,6.623524511318480279e+01,-1.080215573310852051e-01,1.000000000000000000e+00
1.054999999999999893e+01,6.628760499074462587e+01,-1.345649212598800659e-01,1.000000000000000000e+00
1.055833333333333357e+01,6.633996486830446315e+01,-1.610186100006103516e-01,1.000000000000000000e+00
1.056666666666666465e+01,6.639232474586428623e+01,-1.873634904623031616e-01,1.000000000000000000e+00
1.057499999999999929e+01,6.644468462342412352e+01,-2.135805636644363403e-01,1.000000000000000000e+00
1.058333333333333215e+01,6.649704450098394659e+01,-2.396510094404220581e-01,1.000000000000000000e+00
1.059166666666666679e+01,6.654940437854378388e+01,-2.655561566352844238e-01,1.000000000000000000e+00
1.059999999999999964e+01,6.660176425610360695e+01,-2.912774682044982910e-01,1.000000000000000000e+00
1.060833333333333250e+01,6.665412413366344424e+01,-3.167966604232788086e-01,1.000000000000000000e+00
1.061666666666666536e+01,6.670648401122326732e+01,-3.420956730842590332e-01,9.999999403953552246e-01
1.062500000000000000e+01,6.675884388878310460e+01,-3.671567142009735107e-01,1.000000000000000000e+00
1.063333333333333286e+01,6.681120376634292768e+01,-3.919622004032135010e-01,1.000000000000000000e+00
1.064166666666666750e+01,6.686356364390276497e+01,-4.164949059486389160e-01,1.000000119209289551e+00
1.064999999999999858e+01,6.691592352146258804e+01,-4.407379329204559326e-01,9.999999403953552246e-01
1.065833333333333321e+01,6.696828339902242533e+01,-4.646746814250946045e-01,9.999999403953552246e-01
1.066666666666666607e+01,6.702064327658224840e+01,-4.882889688014984131e-01,9.999999403953552246e-01
1.067500000000000071e+01,6.707300315414208569e+01,-5.115650296211242676e-01,1.000000119209289551e+00
1.068333333333333179e+01,6.712536303170190877e+01,-5.344877243041992188e-01,1.000000000000000000e+00
1.069166666666666643e+01,6.717772290926174605e+01,-5.570421218872070312e-01,1.000000000000000000e+00
1.069999999999999929e+01,6.723008278682156913e+01,-5.792140364646911621e-01,1.000000000000000000e+00
1.070833333333333393e+01,6.728244266438140642e+01,-6.009901165962219238e-01,1.000000000000000000e+00
1.071666666666666679e+01,6.733480254194122949e+01,-6.223573088645935059e-01,1.000000000000000000e+00
1.072499999999999787e+01,6.738716241950105257e+01,-6.433038115501403809e-01,1.000000000000000000e+00
1.073333333333333250e+01,6.743952229706088985e+01,-6.638184785842895508e-01,1.000000000000000000e+00
1.074166666666666536e+01,6.749188217462071293e+01,-6.838912963867187500e-01,9.999999403953552246e-01
1.075000000000000000e+01,6.754424205218055022e+01,-7.035139203071594238e-01,9.999999403953552246e-01
1.075833333333333108e+01,6.759660192974037329e+01,-7.226790785789489746e-01,9.999998807907104492e-01
1.076666666666666572e+01,6.764896180730021058e+01,-7.413817644119262695e-01,1.000000000000000000e+00
1.077499999999999858e+01,6.770132168486003366e+01,-7.596188783645629883e-01,1.000000000000000000e+00
1.078333333333333321e+01,6.775368156241987094e+01,-7.773901820182800293e-01,1.000000000000000000e+00
1.079166666666666607e+01,6.780604143997969402e+01,-7.946983575820922852e-01,1.000000000000000000e+00
1.080000000000000071e+01,6.785840131753953131e+01,-8.115487098693847656e-01,1.000000000000000000e+00
1.080833333333333179e+01,6.791076119509935438e+01,-8.279476165771484375e-01,1.000000000000000000e+00
1.081666666666666643e+01,6.796312107265919167e+01,-8.438976407051086426e-01,1.000000000000000000e+00
1.082499999999999929e+01,6.801548095021901474e+01,-8.593788146972656250e-01,9.999999403953552246e-01
1.083333333333333393e+01,6.806784082777885203e+01,-8.743078112602233887e-01,9.999999403953552246e-01
1.084166666666666501e+01,6.812020070533867511e+01,-8.884643912315368652e-01,9.999998807907104492e-01
1.084999999999999964e+01,6.817256058289851239e+01,-9.015052914619445801e-01,1.000000000000000000e+00
1.085833333333333250e+01,6.822492046045833547e+01,-9.131595492362976074e-01,1.000000000000000000e+00
1.086666666666666714e+01,6.827728033801817276e+01,-9.233791232109069824e-01,1.000000000000000000e+00
1.087500000000000000e+01,6.832964021557799583e+01,-9.323162436485290527e-01,1.000000000000000000e+00
1.088333333333333464e+01,6.838200009313783312e+01,-9.402071237564086914e-01,9.999998807907104492e-01
1.089166666666666572e+01,6.843435997069765619e+01,-9.472724795341491699e-01,1.000000000000000000e+00
1.090000000000000036e+01,6.848671984825749348e+01,-9.536688923835754395e-01,1.000000000000000000e+00
1.090833333333333321e+01,6.853907972581731656e+01,-9.594808816909790039e-01,1.000000000000000000e+00
1.091666666666666430e+01,6.859143960337713963e+01,-9.647367596626281738e-01,1.000000000000000000e+00
1.092499999999999893e+01,6.864379948093697692e+01,-9.694277048110961914e-01,1.000000000000000000e+00
1.093333333333333179e+01,6.869615935849680000e+01,-9.735278487205505371e-01,1.000000000000000000e+00
1.094166666666666643e+01,6.874851923605663728e+01,-9.770084619522094727e-01,1.000000000000000000e+00
1.094999999999999929e+01,6.880087911361646036e+01,-9.798507690429687500e-01,1.000000000000000000e+00
1.095833333333333393e+01,6.885323899117629765e+01,-9.820536971092224121e-01,9.999999403953552246e-01
1.096666666666666501e+01,6.890559886873612072e+01,-9.836422204971313477e-01,1.000000000000000000e+00
1.097499999999999964e+01,6.895795874629595801e+01,-9.846710562705993652e-01,1.000000000000000000e+00
1.098333333333333250e+01,6.901031862385578108e+01,-9.852306246757507324e-01,1.000000119209289551e+00
1.099166666666666714e+01,6.906267850141561837e+01,-9.854465723037719727e-01,1.000000000000000000e+00
1.099999999999999822e+01,6.911503837897544145e+01,-9.854783415794372559e-01,1.000000000000000000e+00
1.100833333333333286e+01,6.916739825653527873e+01,-9.855108261108398438e-01,1.000000000000000000e+00
1.101666666666666572e+01,6.921975813409510181e+01,-9.857353568077087402e-01,1.000000000000000000e+00
1.102500000000000036e+01,6.927211801165493910e+01,-9.863125085830688477e-01,1.000000000000000000e+00
1.103333333333333321e+01,6.932447788921476217e+01,-9.873153567314147949e-01,1.000000000000000000e+00
1.104166666666666607e+01,6.937683776677459946e+01,-9.886392951011657715e-01,9.999998807907104492e-01
1.104999999999999893e+01,6.942919764433442253e+01,-9.898918271064758301e-01,1.000000000000000000e+00
1.105833333333333357e+01,6.948155752189425982e+01,-9.902707934379577637e-01,1.000000000000000000e+00
1.106666666666666643e+01,6.953391739945408290e+01,-9.884502291679382324e-01,9.999998807907104492e-01
1.107500000000000107e+01,6.958627727701392018e+01,-9.825010299682617188e-01,1.000000000000000000e+00
1.108333333333333215e+01,6.963863715457374326e+01,-9.698486328125000000e-01,1.000000000000000000e+00
1.109166666666666679e+01,6.969099703213358055e+01,-9.472648501396179199e-01,1.000000000000000000e+00
1.109999999999999964e+01,6.974335690969340362e+01,-9.108892679214477539e-01,1.000000000000000000e+00
1.110833333333333428e+01,6.979571678725324091e+01,-8.563923835754394531e-01,1.000000000000000000e+00
1.111666666666666536e+01,6.984807666481306399e+01,-7.797492146492004395e-01,9.999999403953552246e-01
1.112499999999999822e+01,6.990043654237288706e+01,-6.798521280288696289e-01,1.000000000000000000e+00
1.113333333333333286e+01,6.995279641993272435e+01,-5.648500323295593262e-01,9.999999403953552246e-01
1.114166666666666572e+01,7.000515629749254742e+01,-4.609253108501434326e-01,1.000000000000000000e+00
1.115000000000000036e+01,7.005751617505238471e+01,-4.091584384441375732e-01,9.999999403953552246e-01
1.115833333333333144e+01,7.010987605261220779e+01,-4.321702122688293457e-01,1.000000000000000000e+00
1.116666666666666607e+01,7.016223593017204507e+01,-5.088861584663391113e-01,9.999998807907104492e-01
1.117499999999999893e+01,7.021459580773186815e+01,-6.197524070739746094e-01,1.000000000000000000e+00
1.118333333333333357e+01,7.026695568529170544e+01,-7.544567584991455078e-01,1.000000000000000000e+00
1.119166666666666465e+01,7.031931556285152851e+01,-8.072344064712524414e-01,1.000000000000000000e+00
1.119999999999999929e+01,7.037167544041136580e+01,-7.167153358459472656e-01,1.000000000000000000e+00
1.120833333333333215e+01,7.042403531797118887e+01,-5.893089175224304199e-01,1.000000000000000000e+00
1.121666666666666679e+01,7.047639519553102616e+01,-6.031910777091979980e-01,1.000000000000000000e+00
1.122499999999999964e+01,7.052875507309084924e+01,-7.219553589820861816e-01,1.000000000000000000e+00
1.123333333333333428e+01,7.058111495065068652e+01,-7.403112649917602539e-01,9.999999403953552246e-01
1.124166666666666536e+01,7.063347482821050960e+01,-7.262094616889953613e-01,1.000000000000000000e+00
1.125000000000000000e+01,7.068583470577034689e+01,-7.090031504631042480e-01,9.999999403953552246e-01
1.125833333333333286e+01,7.073819458333016996e+01,-6.911286711692810059e-01,1.000000000000000000e+00
1.126666666666666750e+01,7.079055446089000725e+01,-6.728030443191528320e-01,1.000000000000000000e+00
1.127499999999999858e+01,7.084291433844983032e+01,-6.539999246597290039e-01,1.000000000000000000e+00
1.128333333333333321e+01,7.089527421600966761e+01,-6.347308158874511719e-01,1.000000000000000000e+00
1.129166666666666607e+01,7.094763409356949069e+01,-6.150111556053161621e-01,9.999999403953552246e-01
1.130000000000000071e+01,7.099999397112932797e+01,-5.948576927185058594e-01,1.000000000000000000e+00
1.130833333333333357e+01,7.105235384868915105e+01,-5.742874741554260254e-01,1.000000000000000000e+00
1.131666666666666465e+01,7.110471372624897413e+01,-5.533171892166137695e-01,1.000000000000000000e+00
1.132499999999999929e+01,7.115707360380881141e+01,-5.319633483886718750e-01,1.000000000000000000e+00
1.133333333333333215e+01,7.120943348136863449e+01,-5.102424621582031250e-01,1.000000000000000000e+00
1.134166666666666679e+01,7.126179335892847178e+01,-4.881707131862640381e-01,9.999999403953552246e-01
1.134999999999999787e+01,7.131415323648829485e+01,-4.657643437385559082e-01,9.999999403953552246e-01
1.135833333333333250e+01,7.136651311404813214e+01,-4.430395066738128662e-01,1.000000000000000000e+00
1.136666666666666536e+01,7.141887299160795521e+01,-4.200124740600585938e-01,1.000000000000000000e+00
1.137500000000000000e+01,7.147123286916779250e+01,-3.966993987560272217e-01,9.999998807907104492e-01
1.138333333333333286e+01,7.152359274672761558e+01,-3.731165528297424316e-01,1.000000000000000000e+00
1.139166666666666750e+01,7.157595262428745286e+01,-3.492801189422607422e-01,1.000000000000000000e+00
1.139999999999999858e+01,7.162831250184727594e+01,-3.252064287662506104e-01,1.000000000000000000e+00
1.140833333333333321e+01,7.168067237940711323e+01,-3.009119033813476562e-01,1.000000000000000000e+00
1.141666666666666607e+01,7.173303225696693630e+01,-2.764127552509307861e-01,1.000000119209289551e+00
1.142500000000000071e+01,7.178539213452677359e+01,-2.517255842685699463e-01,1.000000000000000000e+00
1.143333333333333179e+01,7.183775201208659666e+01,-2.268667668104171753e-01,1.000000000000000000e+00
1.144166666666666643e+01,7.189011188964643395e+01,-2.018529027700424194e-01,9.999999403953552246e-01
1.144999999999999929e+01,7.194247176720625703e+01,-1.767004281282424927e-01,1.000000000000000000e+00
1.145833333333333393e+01,7.199483164476609431e+01,-1.514260023832321167e-01,9.999999403953552246e-01
1.146666666666666679e+01,7.204719152232591739e+01,-1.260461807250976562e-01,9.999999403953552246e-01
1.147499999999999964e+01,7.209955139988575468e+01,-1.005776450037956238e-01,1.000000000000000000e+00
1.148333333333333250e+01,7.215191127744557775e+01,-7.503702491521835327e-02,9.999999403953552246e-01
1.149166666666666714e+01,7.220427115500541504e+01,-4.944092780351638794e-02,9.999999403953552246e-01
1.150000000000000000e+01,7.225663103256523812e+01,-2.380601875483989716e-02,1.000000000000000000e+00
1.150833333333333464e+01,7.230899091012507540e+01,1.851074048317968845e-03,1.000000000000000000e+00
1.151666666666666572e+01,7.236135078768489848e+01,2.751372568309307098e-02,1.000000000000000000e+00
1.152499999999999858e+01,7.241371066524472155e+01,5.316535383462905884e-02,1.000000000000000000e+00
1.153333333333333321e+01,7.246607054280455884e+01,7.878942787647247314e-02,9.999999403953552246e-01
1.154166666666666607e+01,7.251843042036438192e+01,1.043694242835044861e-01,9.999999403953552246e-01
1.154999999999999893e+01,7.257079029792421920e+01,1.298888772726058960e-01,1.000000000000000000e+00
1.155833333333333179e+01,7.262315017548404228e+01,1.553314179182052612e-01,1.000000000000000000e+00
1.156666666666666643e+01,7.267551005304387957e+01,1.806807368993759155e-01,9.999999403953552246e-01
1.157499999999999929e+01,7.272786993060370264e+01,2.059206515550613403e-01,1.000000000000000000e+00
1.158333333333333393e+01,7.278022980816353993e+01,2.310350388288497925e-01,1.000000000000000000e+00
1.159166666666666501e+01,7.283258968572336300e+01,2.560078799724578857e-01,9.999999403953552246e-01
1.159999999999999964e+01,7.288494956328320029e+01,2.808233499526977539e-01,9.999999403953552246e-01
1.160833333333333250e+01,7.293730944084302337e+01,3.054656684398651123e-01,9.999999403953552246e-01
1.161666666666666714e+01,7.298966931840286065e+01,3.299193084239959717e-01,1.000000000000000000e+00
1.162499999999999822e+01,7.304202919596268373e+01,3.541688621044158936e-01,1.000000000000000000e+00
1.163333333333333286e+01,7.309438907352252102e+01,3.781992495059967041e-01,1.000000000000000000e+00
1.164166666666666572e+01,7.314674895108234409e+01,4.019952714443206787e-01,1.000000000000000000e+00
1.165000000000000036e+01,7.319910882864218138e+01,4.255424439907073975e-01,1.000000000000000000e+00
1.165833333333333321e+01,7.325146870620200446e+01,4.488263130187988281e-01,9.999999403953552246e-01
1.166666666666666785e+01,7.330382858376184174e+01,4.718325138092041016e-01,1.000000000000000000e+00
1.167499999999999893e+01,7.335618846132166482e+01,4.945474565029144287e-01,1.000000000000000000e+00
1.168333333333333357e+01,7.340854833888150210e+01,5.169577598571777344e-01,1.000000000000000000e+00
1.169166666666666643e+01,7.346090821644132518e+01,5.390504598617553711e-01,1.000000000000000000e+00
1.170000000000000107e+01,7.351326809400116247e+01,5.608129501342773438e-01,1.000000000000000000e+00
1.170833333333333215e+01,7.356562797156098554e+01,5.822336673736572266e-01,1.000000000000000000e+00
1.171666666666666501e+01,7.361798784912080862e+01,6.033014655113220215e-01,1.000000000000000000e+00
1.172499999999999964e+01,7.367034772668064591e+01,6.240060329437255859e-01,9.999999403953552246e-01
1.173333333333333250e+01,7.372270760424046898e+01,6.443382501602172852e-01,1.000000000000000000e+00
1.174166666666666714e+01,7.377506748180030627e+01,6.642899513244628906e-01,1.000000000000000000e+00
1.174999999999999822e+01,7.382742735936012934e+01,6.838548779487609863e-01,9.999999403953552246e-01
1.175833333333333286e+01,7.387978723691996663e+01,7.030284404754638672e-01,9.999999403953552246e-01
1.176666666666666572e+01,7.393214711447978971e+01,7.218085527420043945e-01,9.999999403953552246e-01
1.177500000000000036e+01,7.398450699203962699e+01,7.401953339576721191e-01,1.000000000000000000e+00
1.178333333333333144e+01,7.403686686959945007e+01,7.581932544708251953e-01,9.999999403953552246e-01
1.179166666666666607e+01,7.408922674715928736e+01,7.758100032806396484e-01,9.999998807907104492e-01
1.179999999999999893e+01,7.414158662471911043e+01,7.930564880371093750e-01,1.000000000000000000e+00
1.180833333333333357e+01,7.419394650227894772e+01,8.099431991577148438e-01,9.999999403953552246e-01
1.181666666666666643e+01,7.424630637983877079e+01,8.264681100845336914e-01,1.000000000000000000e+00
1.182499999999999929e+01,7.429866625739860808e+01,8.425806164741516113e-01,1.000000000000000000e+00
1.183333333333333215e+01,7.435102613495843116e+01,8.581039309501647949e-01,1.000000000000000000e+00
1.184166666666666679e+01,7.440338601251826844e+01,8.726807832717895508e-01,1.000000000000000000e+00
1.184999999999999964e+01,7.445574589007809152e+01,8.859327435493469238e-01,9.999998807907104492e-01
1.185833333333333428e+01,7.450810576763792881e+01,8.976909518241882324e-01,1.000000000000000000e+00
1.186666666666666536e+01,7.456046564519775188e+01,9.080408215522766113e-01,9.999999403953552246e-01
1.187500000000000000e+01,7.461282552275758917e+01,9.172139167785644531e-01,9.999999403953552246e-01
1.188333333333333286e+01,7.466518540031741225e+01,9.254615902900695801e-01,1.000000000000000000e+00
1.189166666666666750e+01,7.471754527787724953e+01,9.329800605773925781e-01,9.999999403953552246e-01
1.189999999999999858e+01,7.476990515543707261e+01,9.398859143257141113e-01,1.000000000000000000e+00
1.190833333333333144e+01,7.482226503299689568e+01,9.462255835533142090e-01,1.000000000000000000e+00
1.191666666666666607e+01,7.487462491055673297e+01,9.519950747489929199e-01,9.999999403953552246e-01
1.192499999999999893e+01,7.492698478811655605e+01,9.571619033813476562e-01,9.999999403953552246e-01
1.193333333333333357e+01,7.497934466567639333e+01,9.616823196411132812e-01,1.000000000000000000e+00
1.194166666666666465e+01,7.503170454323621641e+01,9.655159115791320801e-01,1.000000000000000000e+00
1.194999999999999929e+01,7.508406442079605370e+01,9.686371088027954102e-01,1.000000000000000000e+00
1.195833333333333215e+01,7.513642429835587677e+01,9.710443615913391113e-01,1.000000000000000000e+00
1.196666666666666679e+01,7.518878417591571406e+01,9.727670550346374512e-01,1.000000000000000000e+00
1.197499999999999787e+01,7.524114405347553713e+01,9.738713502883911133e-01,9.999999403953552246e-01
1.198333333333333250e+01,7.529350393103537442e+01,9.744631052017211914e-01,1.000000000000000000e+00
1.199166666666666536e+01,7.534586380859519750e+01,9.746872186660766602e-01,1.000000000000000000e+00
1.200000000000000000e+01,7.539822368615503478e+01,9.747194647789001465e-01,1.000000119209289551e+00
1.200833333333333286e+01,7.545058356371485786e+01,9.747501611709594727e-01,1.000000000000000000e+00
1.201666666666666750e+01,7.550294344127469515e+01,9.749498367309570312e-01,1.000000000000000000e+00
1.202499999999999858e+01,7.555530331883451822e+01,9.754118323326110840e-01,1.000000000000000000e+00
1.203333333333333321e+01,7.560766319639435551e+01,9.760673642158508301e-01,9.999999403953552246e-01
1.204166666666666607e+01,7.566002307395417859e+01,9.765741229057312012e-01,9.999999403953552246e-01
1.205000000000000071e+01,7.571238295151401587e+01,9.761965870857238770e-01,9.999999403953552246e-01
1.205833333333333179e+01,7.576474282907383895e+01,9.736986160278320312e-01,1.000000000000000000e+00
1.206666666666666643e+01,7.581710270663367623e+01,9.672843813896179199e-01,1.000000000000000000e+00
1.207499999999999929e+01,7.586946258419349931e+01,9.546041488647460938e-01,1.000000000000000000e+00
1.208333333333333393e+01,7.592182246175333660e+01,9.328308105468750000e-01,9.999999403953552246e-01
1.209166666666666679e+01,7.597418233931315967e+01,8.988019824028015137e-01,9.999999403953552246e-01
1.210000000000000142e+01,7.602654221687299696e+01,8.492879867553710938e-01,1.000000000000000000e+00
1.210833333333333250e+01,7.607890209443282004e+01,7.816651463508605957e-01,1.000000119209289551e+00
1.211666666666666536e+01,7.613126197199264311e+01,6.957920193672180176e-01,9.999999403953552246e-01
1.212500000000000000e+01,7.618362184955248040e+01,5.984360575675964355e-01,1.000000000000000000e+00
1.213333333333333108e+01,7.623598172711230347e+01,5.100173354148864746e-01,9.999999403953552246e-01
1.214166666666666572e+01,7.628834160467214076e+01,4.642345607280731201e-01,1.000000000000000000e+00
1.214999999999999858e+01,7.634070148223196384e+01,4.827623069286346436e-01,1.000000000000000000e+00
1.215833333333333321e+01,7.639306135979180112e+01,5.482250452041625977e-01,1.000000000000000000e+00
1.216666666666666607e+01,7.644542123735162420e+01,6.393488049507141113e-01,1.000000000000000000e+00
1.217500000000000071e+01,7.649778111491146149e+01,7.527297139167785645e-01,1.000000000000000000e+00
1.218333333333333179e+01,7.655014099247128456e+01,8.084522485733032227e-01,1.000000000000000000e+00
1.219166666666666643e+01,7.660250087003112185e+01,7.296867370605468750e-01,9.999999403953552246e-01
1.219999999999999929e+01,7.665486074759094492e+01,5.932146906852722168e-01,1.000000000000000000e+00
1.220833333333333393e+01,7.670722062515078221e+01,5.386442542076110840e-01,9.999998807907104492e-01
1.221666666666666501e+01,7.675958050271060529e+01,6.953305006027221680e-01,9.999999403953552246e-01
1.222499999999999964e+01,7.681194038027044257e+01,7.692354321479797363e-01,1.000000000000000000e+00
1.223333333333333250e+01,7.686430025783026565e+01,7.627236247062683105e-01,1.000000000000000000e+00
1.224166666666666714e+01,7.691666013539010294e+01,7.466009259223937988e-01,9.999999403953552246e-01
1.225000000000000000e+01,7.696902001294992601e+01,7.292333245277404785e-01,9.999999403953552246e-01
1.225833333333333286e+01,7.702137989050976330e+01,7.114012241363525391e-01,1.000000000000000000e+00
1.226666666666666572e+01,7.707373976806958638e+01,6.930290460586547852e-01,9.999998807907104492e-01
1.227500000000000036e+01,7.712609964562942366e+01,6.741271018981933594e-01,1.000000000000000000e+00
1.228333333333333321e+01,7.717845952318924674e+01,6.547095179557800293e-01,9.999999403953552246e-01
1.229166666666666785e+01,7.723081940074908402e+01,6.347928047180175781e-01,1.000000000000000000e+00
1.229999999999999893e+01,7.728317927830890710e+01,6.143938899040222168e-01,1.000000000000000000e+00
1.230833333333333179e+01,7.733553915586873018e+01,5.935297012329101562e-01,1.000000000000000000e+00
1.231666666666666643e+01,7.738789903342856746e+01,5.722169280052185059e-01,9.999999403953552246e-01
1.232499999999999929e+01,7.744025891098839054e+01,5.504723787307739258e-01,1.000000000000000000e+00
1.233333333333333215e+01,7.749261878854822783e+01,5.283128023147583008e-01,1.000000000000000000e+00
1.234166666666666501e+01,7.754497866610805090e+01,5.057555437088012695e-01,1.000000000000000000e+00
1.234999999999999964e+01,7.759733854366788819e+01,4.828175604343414307e-01,9.999999403953552246e-01
1.235833333333333250e+01,7.764969842122771126e+01,4.595161378383636475e-01,9.999999403953552246e-01
1.236666666666666714e+01,7.770205829878754855e+01,4.358689486980438232e-01,9.999999403953552246e-01
1.237499999999999822e+01,7.775441817634737163e+01,4.118933677673339844e-01,1.000000000000000000e+00
1.238333333333333286e+01,7.780677805390720891e+01,3.876074254512786865e-01,9.999999403953552246e-01
1.239166666666666572e+01,7.785913793146703199e+01,3.630290031433105469e-01,9.999999403953552246e-01
1.240000000000000036e+01,7.791149780902686928e+01,3.381763100624084473e-01,9.999999403953552246e-01
1.240833333333333144e+01,7.796385768658669235e+01,3.130677342414855957e-01,1.000000000000000000e+00
1.241666666666666607e+01,7.801621756414652964e+01,2.877216935157775879e-01,1.000000000000000000e+00
1.242499999999999893e+01,7.806857744170635272e+01,2.621568441390991211e-01,1.000000000000000000e+00
1.243333333333333357e+01,7.812093731926619000e+01,2.363919764757156372e-01,1.000000119209289551e+00
1.244166666666666643e+01,7.817329719682601308e+01,2.104460746049880981e-01,9.999999403953552246e-01
1.245000000000000107e+01,7.822565707438585036e+01,1.843380928039550781e-01,1.000000000000000000e+00
1.245833333333333215e+01,7.827801695194567344e+01,1.580872386693954468e-01,1.000000000000000000e+00
1.246666666666666679e+01,7.833037682950551073e+01,1.317127048969268799e-01,1.000000000000000000e+00
1.247499999999999964e+01,7.838273670706533380e+01,1.052338406443595886e-01,1.000000000000000000e+00
1.248333333333333428e+01,7.843509658462517109e+01,7.867000252008438110e-02,1.000000119209289551e+00
1.249166666666666536e+01,7.848745646218499417e+01,5.204063653945922852e-02,9.999999403953552246e-01
1.250000000000000000e+01,7.853981633974483145e+01,2.536520920693874359e-02,9.999999403953552246e-01
1.250833333333333286e+01,7.859217621730465453e+01,-1.336824032478034496e-03,1.000000000000000000e+00
1.251666666666666572e+01,7.864453609486447760e+01,-2.804595232009887695e-02,1.000000000000000000e+00
1.252500000000000036e+01,7.869689597242431489e+01,-5.474271997809410095e-02,9.999999403953552246e-01
1.253333333333333144e+01,7.874925584998413797e+01,-8.140772581100463867e-02,9.999999403953552246e-01
1.254166666666666607e+01,7.880161572754397525e+01,-1.080215573310852051e-01,1.000000000000000000e+00
1.254999999999999893e+01,7.885397560510379833e+01,-1.345649361610412598e-01,1.000000000000000000e+00
1.255833333333333357e+01,7.890633548266363562e+01,-1.610186100006103516e-01,1.000000000000000000e+00
1.256666666666666465e+01,7.895869536022345869e+01,-1.873634904623031616e-01,9.999999403953552246e-01
1.257499999999999929e+01,7.901105523778329598e+01,-2.135805636644363403e-01,1.000000000000000000e+00
1.258333333333333215e+01,7.906341511534311906e+01,-2.396510690450668335e-01,1.000000000000000000e+00
1.259166666666666679e+01,7.911577499290295634e+01,-2.655561566352844238e-01,1.000000000000000000e+00
1.259999999999999964e+01,7.916813487046277942e+01,-2.912774682044982910e-01,9.999999403953552246e-01
1.260833333333333250e+01,7.922049474802261670e+01,-3.167966604232788086e-01,1.000000000000000000e+00
1.261666666666666536e+01,7.927285462558243978e+01,-3.420956730842590332e-01,9.999999403953552246e-01
1.262500000000000000e+01,7.932521450314227707e+01,-3.671567142009735107e-01,9.999999403953552246e-01
1.263333333333333286e+01,7.937757438070210014e+01,-3.919621706008911133e-01,1.000000000000000000e+00
1.264166666666666750e+01,7.942993425826193743e+01,-4.164949357509613037e-01,1.000000000000000000e+00
1.264999999999999858e+01,7.948229413582176051e+01,-4.407379627227783203e-01,9.999999403953552246e-01
1.265833333333333321e+01,7.953465401338159779e+01,-4.646746814250946045e-01,9.999999403953552246e-01
1.266666666666666607e+01,7.958701389094142087e+01,-4.882889688014984131e-01,9.999999403953552246e-01
1.267500000000000071e+01,7.963937376850125816e+01,-5.115650892257690430e-01,1.000000119209289551e+00
1.268333333333333179e+01,7.969173364606108123e+01,-5.344877243041992188e-01,1.000000000000000000e+00
1.269166666666666643e+01,7.974409352362091852e+01,-5.570421218872070312e-01,1.000000000000000000e+00
1.269999999999999929e+01,7.979645340118074159e+01,-5.792142152786254883e-01,1.000000000000000000e+00
1.270833333333333215e+01,7.984881327874056467e+01,-6.009901165962219238e-01,1.000000000000000000e+00
1.271666666666666679e+01,7.990117315630040196e+01,-6.223573088645935059e-01,1.000000000000000000e+00
1.272499999999999787e+01,7.995353303386022503e+01,-6.433038115501403809e-01,1.000000000000000000e+00
1.273333333333333250e+01,8.000589291142006232e+01,-6.638184785842895508e-01,1.000000000000000000e+00
1.274166666666666536e+01,8.005825278897988539e+01,-6.838913559913635254e-01,1.000000119209289551e+00
1.275000000000000000e+01,8.011061266653972268e+01,-7.035139203071594238e-01,1.000000000000000000e+00
1.275833333333333108e+01,8.016297254409954576e+01,-7.226791381835937500e-01,9.999999403953552246e-01
1.276666666666666572e+01,8.021533242165938304e+01,-7.413817644119262695e-01,1.000000000000000000e+00
1.277499999999999858e+01,8.026769229921920612e+01,-7.596189379692077637e-01,1.000000000000000000e+00
1.278333333333333321e+01,8.032005217677904341e+01,-7.773901820182800293e-01,1.000000000000000000e+00
1.279166666666666607e+01,8.037241205433886648e+01,-7.946983575820922852e-01,1.000000000000000000e+00
1.280000000000000071e+01,8.042477193189870377e+01,-8.115487098693847656e-01,1.000000000000000000e+00
1.280833333333333179e+01,8.047713180945852685e+01,-8.279476165771484375e-01,1.000000000000000000e+00
1.281666666666666643e+01,8.052949168701836413e+01,-8.438976407051086426e-01,1.000000000000000000e+00
1.282499999999999929e+01,8.058185156457818721e+01,-8.593788146972656250e-01,1.000000000000000000e+00
1.283333333333333393e+01,8.063421144213802449e+01,-8.743078112602233887e-01,1.000000000000000000e+00
1.284166666666666501e+01,8.068657131969784757e+01,-8.884643912315368652e-01,1.000000000000000000e+00
1.284999999999999964e+01,8.073893119725768486e+01,-9.015052914619445801e-01,1.000000119209289551e+00
1.285833333333333250e+01,8.079129107481750793e+01,-9.131595492362976074e-01,1.000000000000000000e+00
1.286666666666666714e+01,8.084365095237734522e+01,-9.233791232109069824e-01,1.000000119209289551e+00
1.287500000000000000e+01,8.089601082993716830e+01,-9.323163032531738281e-01,1.000000000000000000e+00
1.288333333333333464e+01,8.094837070749700558e+01,-9.402071237564086914e-01,9.999998807907104492e-01
1.289166666666666572e+01,8.100073058505682866e+01,-9.472724795341491699e-01,1.000000000000000000e+00
1.289999999999999858e+01,8.105309046261665173e+01,-9.536688923835754395e-01,1.000000000000000000e+00
1.290833333333333321e+01,8.110545034017648902e+01,-9.594808816909790039e-01,1.000000000000000000e+00
1.291666666666666430e+01,8.115781021773631210e+01,-9.647367596626281738e-01,9.999999403953552246e-01
1.292499999999999893e+01,8.121017009529614938e+01,-9.694275259971618652e-01,1.000000000000000000e+00
1.293333333333333179e+01,8.126252997285597246e+01,-9.735277295112609863e-01,9.999999403953552246e-01
1.294166666666666643e+01,8.131488985041580975e+01,-9.770082831382751465e-01,9.999999403953552246e-01
1.294999999999999929e+01,8.136724972797563282e+01,-9.798507094383239746e-01,1.000000000000000000e+00
1.295833333333333393e+01,8.141960960553547011e+01,-9.820537567138671875e-01,1.000000000000000000e+00
1.296666666666666501e+01,8.147196948309529319e+01,-9.836420416831970215e-01,1.000000000000000000e+00
1.297499999999999964e+01,8.152432936065513047e+01,-9.846710562705993652e-01,9.999999403953552246e-01
1.298333333333333250e+01,8.157668923821495355e+01,-9.852305650711059570e-01,9.999999403953552246e-01
1.299166666666666714e+01,8.162904911577479083e+01,-9.854463934898376465e-01,1.000000000000000000e+00
1.299999999999999822e+01,8.168140899333461391e+01,-9.854781031608581543e-01,1.000000000000000000e+00
1.300833333333333286e+01,8.173376887089445120e+01,-9.855106472969055176e-01,1.000000000000000000e+00
1.301666666666666572e+01,8.178612874845427427e+01,-9.857351183891296387e-01,1.000000000000000000e+00
1.302500000000000036e+01,8.183848862601411156e+01,-9.863126873970031738e-01,1.000000000000000000e+00
1.303333333333333321e+01,8.189084850357393464e+01,-9.873153567314147949e-01,1.000000000000000000e+00
1.304166666666666607e+01,8.194320838113377192e+01,-9.886390566825866699e-01,9.999999403953552246e-01
1.304999999999999893e+01,8.199556825869359500e+01,-9.898920059204101562e-01,9.999998807907104492e-01
1.305833333333333357e+01,8.204792813625343229e+01,-9.902707934379577637e-01,1.000000000000000000e+00
1.306666666666666643e+01,8.210028801381325536e+01,-9.884504675865173340e-01,9.999999403953552246e-01
1.307500000000000107e+01,8.215264789137309265e+01,-9.825010299682617188e-01,1.000000000000000000e+00
1.308333333333333215e+01,8.220500776893291572e+01,-9.698486328125000000e-01,1.000000000000000000e+00
1.309166666666666679e+01,8.225736764649275301e+01,-9.472650885581970215e-01,1.000000119209289551e+00
1.309999999999999964e+01,8.230972752405257609e+01,-9.108892679214477539e-01,1.000000000000000000e+00
1.310833333333333250e+01,8.236208740161239916e+01,-8.563925027847290039e-01,1.000000000000000000e+00
1.311666666666666536e+01,8.241444727917223645e+01,-7.797492146492004395e-01,1.000000000000000000e+00
1.312499999999999822e+01,8.246680715673205952e+01,-6.798521280288696289e-01,1.000000000000000000e+00
1.313333333333333286e+01,8.251916703429189681e+01,-5.648499131202697754e-01,1.000000000000000000e+00
1.314166666666666572e+01,8.257152691185171989e+01,-4.609248638153076172e-01,1.000000000000000000e+00
1.315000000000000036e+01,8.262388678941155717e+01,-4.091575741767883301e-01,9.999999403953552246e-01
1.315833333333333144e+01,8.267624666697138025e+01,-4.321691691875457764e-01,1.000000000000000000e+00
1.316666666666666607e+01,8.272860654453121754e+01,-5.088850855827331543e-01,1.000000000000000000e+00
1.317499999999999893e+01,8.278096642209104061e+01,-6.197521686553955078e-01,1.000000000000000000e+00
1.318333333333333357e+01,8.283332629965087790e+01,-7.544575333595275879e-01,9.999999403953552246e-01
1.319166666666666465e+01,8.288568617721070098e+01,-8.072355389595031738e-01,1.000000000000000000e+00
1.319999999999999929e+01,8.293804605477053826e+01,-7.167153954505920410e-01,1.000000000000000000e+00
1.320833333333333215e+01,8.299040593233036134e+01,-5.893055796623229980e-01,1.000000000000000000e+00
1.321666666666666679e+01,8.304276580989019862e+01,-6.031867265701293945e-01,9.999999403953552246e-01
1.322499999999999964e+01,8.309512568745002170e+01,-7.219542860984802246e-01,9.999999403953552246e-01
1.323333333333333428e+01,8.314748556500985899e+01,-7.403111457824707031e-01,1.000000000000000000e+00
1.324166666666666536e+01,8.319984544256968206e+01,-7.262095212936401367e-01,1.000000000000000000e+00
1.325000000000000000e+01,8.325220532012951935e+01,-7.090032100677490234e-01,9.999999403953552246e-01
1.325833333333333286e+01,8.330456519768934243e+01,-6.911286711692810059e-01,1.000000000000000000e+00
1.326666666666666750e+01,8.335692507524917971e+01,-6.728030443191528320e-01,1.000000000000000000e+00
1.327499999999999858e+01,8.340928495280900279e+01,-6.539999246597290039e-01,1.000000000000000000e+00
1.328333333333333321e+01,8.346164483036884008e+01,-6.347307562828063965e-01,1.000000000000000000e+00
1.329166666666666607e+01,8.351400470792866315e+01,-6.150111556053161621e-01,9.999999403953552246e-01
1.329999999999999893e+01,8.356636458548848623e+01,-5.948577523231506348e-01,1.000000000000000000e+00
1.330833333333333357e+01,8.361872446304832351e+01,-5.742875337600708008e-01,9.999999403953552246e-01
1.331666666666666465e+01,8.367108434060814659e+01,-5.533171892166137695e-01,1.000000000000000000e+00
1.332499999999999929e+01,8.372344421816798388e+01,-5.319634675979614258e-01,1.000000000000000000e+00
1.333333333333333215e+01,8.377580409572780695e+01,-5.102425813674926758e-01,9.999999403953552246e-01
1.334166666666666679e+01,8.382816397328764424e+01,-4.881707131862640381e-01,1.000000000000000000e+00
1.334999999999999787e+01,8.388052385084746732e+01,-4.657642543315887451e-01,1.000000000000000000e+00
1.335833333333333250e+01,8.393288372840730460e+01,-4.430395066738128662e-01,9.999999403953552246e-01
1.336666666666666536e+01,8.398524360596712768e+01,-4.200123846530914307e-01,1.000000000000000000e+00
1.337500000000000000e+01,8.403760348352696496e+01,-3.966994285583496094e-01,9.999999403953552246e-01
1.338333333333333286e+01,8.408996336108678804e+01,-3.731164932250976562e-01,1.000000000000000000e+00
1.339166666666666750e+01,8.414232323864662533e+01,-3.492801189422607422e-01,1.000000000000000000e+00
1.339999999999999858e+01,8.419468311620644840e+01,-3.252064585685729980e-01,1.000000000000000000e+00
1.340833333333333321e+01,8.424704299376628569e+01,-3.009118735790252686e-01,1.000000000000000000e+00
1.341666666666666607e+01,8.429940287132610877e+01,-2.764127850532531738e-01,1.000000000000000000e+00
1.342500000000000071e+01,8.435176274888594605e+01,-2.517255842685699463e-01,9.999999403953552246e-01
1.343333333333333179e+01,8.440412262644576913e+01,-2.268667668104171753e-01,9.999998807907104492e-01
1.344166666666666643e+01,8.445648250400560642e+01,-2.018528431653976440e-01,1.000000000000000000e+00
1.344999999999999929e+01,8.450884238156542949e+01,-1.767004132270812988e-01,1.000000000000000000e+00
1.345833333333333393e+01,8.456120225912526678e+01,-1.514259874820709229e-01,1.000000000000000000e+00
1.346666666666666679e+01,8.461356213668508985e+01,-1.260461956262588501e-01,9.999999403953552246e-01
1.347499999999999964e+01,8.466592201424492714e+01,-1.005776524543762207e-01,1.000000000000000000e+00
1.348333333333333250e+01,8.471828189180475022e+01,-7.503701746463775635e-02,1.000000000000000000e+00
1.349166666666666714e+01,8.477064176936458750e+01,-4.944093152880668640e-02,9.999999403953552246e-01
1.350000000000000000e+01,8.482300164692441058e+01,-2.380600571632385254e-02,1.000000000000000000e+00
1.350833333333333108e+01,8.487536152448423366e+01,1.851073116995394230e-03,9.999999403953552246e-01
1.351666666666666572e+01,8.492772140204407094e+01,2.751373127102851868e-02,9.999999403953552246e-01
1.352499999999999858e+01,8.498008127960389402e+01,5.316536501049995422e-02,1.000000000000000000e+00
1.353333333333333321e+01,8.503244115716373130e+01,7.878942787647247314e-02,9.999999403953552246e-01
1.354166666666666607e+01,8.508480103472355438e+01,1.043694242835044861e-01,1.000000000000000000e+00
1.354999999999999893e+01,8.513716091228339167e+01,1.298888772726058960e-01,1.000000000000000000e+00
1.355833333333333179e+01,8.518952078984321474e+01,1.553314179182052612e-01,1.000000000000000000e+00
1.356666666666666643e+01,8.524188066740305203e+01,1.806807518005371094e-01,1.000000000000000000e+00
1.357499999999999929e+01,8.529424054496287511e+01,2.059206515550613403e-01,1.000000000000000000e+00
1.358333333333333393e+01,8.534660042252271239e+01,2.310350388288497925e-01,9.999999403953552246e-01
1.359166666666666501e+01,8.539896030008253547e+01,2.560078799724578857e-01,9.999999403953552246e-01
1.359999999999999964e+01,8.545132017764237276e+01,2.808233797550201416e-01,9.999999403953552246e-01
1.360833333333333250e+01,8.550368005520219583e+01,3.054656684398651123e-01,1.000000000000000000e+00
1.361666666666666714e+01,8.555603993276203312e+01,3.299193680286407471e-01,9.999999403953552246e-01
1.362499999999999822e+01,8.560839981032185619e+01,3.541688919067382812e-01,1.000000000000000000e+00
1.363333333333333286e+01,8.566075968788169348e+01,3.781992197036743164e-01,9.999999403953552246e-01
1.364166666666666572e+01,8.571311956544151656e+01,4.019953310489654541e-01,1.000000000000000000e+00
1.365000000000000036e+01,8.576547944300135384e+01,4.255424439907073975e-01,9.999999403953552246e-01
1.365833333333333321e+01,8.581783932056117692e+01,4.488263130187988281e-01,1.000000000000000000e+00
1.366666666666666785e+01,8.587019919812101421e+01,4.718325138092041016e-01,1.000000000000000000e+00
1.367499999999999893e+01,8.592255907568083728e+01,4.945474565029144287e-01,1.000000000000000000e+00
1.368333333333333357e+01,8.597491895324067457e+01,5.169577598571777344e-01,1.000000000000000000e+00
1.369166666666666643e+01,8.602727883080049764e+01,5.390504002571105957e-01,1.000000000000000000e+00
1.369999999999999751e+01,8.607963870836032072e+01,5.608129501342773438e-01,1.000000000000000000e+00
1.370833333333333215e+01,8.613199858592015801e+01,5.822336673736572266e-01,1.000000000000000000e+00
1.371666666666666501e+01,8.618435846347998108e+01,6.033014655113220215e-01,1.000000119209289551e+00
1.372499999999999964e+01,8.623671834103981837e+01,6.240059733390808105e-01,1.000000000000000000e+00
1.373333333333333250e+01,8.628907821859964145e+01,6.443382501602172852e-01,1.000000000000000000e+00
1.374166666666666714e+01,8.634143809615947873e+01,6.642899513244628906e-01,1.000000000000000000e+00
1.374999999999999822e+01,8.639379797371930181e+01,6.838549971580505371e-01,9.999999403953552246e-01
1.375833333333333286e+01,8.644615785127913909e+01,7.030285000801086426e-01,1.000000000000000000e+00
1.376666666666666572e+01,8.649851772883896217e+01,7.218084335327148438e-01,9.999999403953552246e-01
1.377500000000000036e+01,8.655087760639879946e+01,7.401954531669616699e-01,1.000000000000000000e+00
1.378333333333333144e+01,8.660323748395862253e+01,7.581932544708251953e-01,1.000000000000000000e+00
1.379166666666666607e+01,8.665559736151845982e+01,7.758098840713500977e-01,1.000000119209289551e+00
1.379999999999999893e+01,8.670795723907828290e+01,7.930564880371093750e-01,1.000000000000000000e+00
1.380833333333333357e+01,8.676031711663812018e+01,8.099431991577148438e-01,9.999999403953552246e-01
1.381666666666666643e+01,8.681267699419794326e+01,8.264681100845336914e-01,9.999999403953552246e-01
1.382499999999999929e+01,8.686503687175778055e+01,8.425806164741516113e-01,1.000000000000000000e+00
1.383333333333333215e+01,8.691739674931760362e+01,8.581039309501647949e-01,1.000000000000000000e+00
1.384166666666666679e+01,8.696975662687744091e+01,8.726808428764343262e-01,9.999999403953552246e-01
1.384999999999999964e+01,8.702211650443726398e+01,8.859327435493469238e-01,9.999999403953552246e-01
1.385833333333333428e+01,8.707447638199710127e+01,8.976910710334777832e-01,1.000000119209289551e+00
1.386666666666666536e+01,8.712683625955692435e+01,9.080408215522766113e-01,1.000000000000000000e+00
1.387500000000000000e+01,8.717919613711676163e+01,9.172138571739196777e-01,1.000000000000000000e+00
1.388333333333333286e+01,8.723155601467658471e+01,9.254615902900695801e-01,1.000000000000000000e+00
1.389166666666666572e+01,8.728391589223640779e+01,9.329800605773925781e-01,1.000000000000000000e+00
1.389999999999999858e+01,8.733627576979624507e+01,9.398859143257141113e-01,1.000000000000000000e+00
1.390833333333333144e+01,8.738863564735606815e+01,9.462255835533142090e-01,9.999999403953552246e-01
1.391666666666666607e+01,8.744099552491590543e+01,9.519950747489929199e-01,1.000000000000000000e+00
1.392499999999999893e+01,8.749335540247572851e+01,9.571619033813476562e-01,9.999999403953552246e-01
1.393333333333333357e+01,8.754571528003556580e+01,9.616824388504028320e-01,9.999999403953552246e-01
1.394166666666666465e+01,8.759807515759538887e+01,9.655159115791320801e-01,9.999999403953552246e-01
1.394999999999999929e+01,8.765043503515522616e+01,9.686371088027954102e-01,9.999998807907104492e-01
1.395833333333333215e+01,8.770279491271504924e+01,9.710443615913391113e-01,1.000000000000000000e+00
1.396666666666666679e+01,8.775515479027488652e+01,9.727670550346374512e-01,9.999999403953552246e-01
1.397499999999999787e+01,8.780751466783470960e+01,9.738712310791015625e-01,1.000000000000000000e+00
1.398333333333333250e+01,8.785987454539454689e+01,9.744631052017211914e-01,1.000000000000000000e+00
1.399166666666666536e+01,8.791223442295436996e+01,9.746870994567871094e-01,1.000000000000000000e+00
1.400000000000000000e+01,8.796459430051420725e+01,9.747194647789001465e-01,1.000000000000000000e+00
1.400833333333333286e+01,8.801695417807403032e+01,9.747501611709594727e-01,1.000000000000000000e+00
1.401666666666666750e+01,8.806931405563386761e+01,9.749498367309570312e-01,1.000000000000000000e+00
1.402499999999999858e+01,8.812167393319369069e+01,9.754120111465454102e-01,1.000000000000000000e+00
1.403333333333333321e+01,8.817403381075352797e+01,9.760673642158508301e-01,1.000000000000000000e+00
1.404166666666666607e+01,8.822639368831335105e+01,9.765741229057312012e-01,1.000000000000000000e+00
1.405000000000000071e+01,8.827875356587318834e+01,9.761967062950134277e-01,9.999998807907104492e-01
1.405833333333333179e+01,8.833111344343301141e+01,9.736987352371215820e-01,9.999999403953552246e-01
1.406666666666666643e+01,8.838347332099284870e+01,9.672843813896179199e-01,9.999999403953552246e-01
1.407499999999999929e+01,8.843583319855267177e+01,9.546041488647460938e-01,9.999999403953552246e-01
1.408333333333333393e+01,8.848819307611250906e+01,9.328308105468750000e-01,1.000000000000000000e+00
1.409166666666666679e+01,8.854055295367233214e+01,8.988021016120910645e-01,1.000000000000000000e+00
1.409999999999999787e+01,8.859291283123215521e+01,8.492879867553710938e-01,1.000000000000000000e+00
1.410833333333333250e+01,8.864527270879199250e+01,7.816653251647949219e-01,9.999999403953552246e-01
1.411666666666666536e+01,8.869763258635181558e+01,6.957923173904418945e-01,1.000000000000000000e+00
1.412500000000000000e+01,8.874999246391165286e+01,5.984366536140441895e-01,9.999998807907104492e-01
1.413333333333333108e+01,8.880235234147147594e+01,5.100182890892028809e-01,1.000000000000000000e+00
1.414166666666666572e+01,8.885471221903131323e+01,4.642359316349029541e-01,9.999999403953552246e-01
1.414999999999999858e+01,8.890707209659113630e+01,4.827640056610107422e-01,1.000000000000000000e+00
1.415833333333333321e+01,8.895943197415097359e+01,5.482267737388610840e-01,1.000000000000000000e+00
1.416666666666666607e+01,8.901179185171079666e+01,6.393499374389648438e-01,1.000000000000000000e+00
1.417500000000000071e+01,8.906415172927063395e+01,7.527303695678710938e-01,1.000000000000000000e+00
1.418333333333333179e+01,8.911651160683045703e+01,8.084518313407897949e-01,1.000000000000000000e+00
1.419166666666666643e+01,8.916887148439029431e+01,7.296848297119140625e-01,1.000000000000000000e+00
1.419999999999999929e+01,8.922123136195011739e+01,5.932132601737976074e-01,1.000000000000000000e+00
1.420833333333333393e+01,8.927359123950995468e+01,5.386466979980468750e-01,9.999999403953552246e-01
1.421666666666666501e+01,8.932595111706977775e+01,6.953330039978027344e-01,1.000000000000000000e+00
1.422499999999999964e+01,8.937831099462961504e+01,7.692357897758483887e-01,9.999999403953552246e-01
1.423333333333333250e+01,8.943067087218943811e+01,7.627236843109130859e-01,1.000000000000000000e+00
1.424166666666666714e+01,8.948303074974927540e+01,7.466009259223937988e-01,1.000000000000000000e+00
1.425000000000000000e+01,8.953539062730909848e+01,7.292333841323852539e-01,1.000000000000000000e+00
1.425833333333333286e+01,8.958775050486893576e+01,7.114012837409973145e-01,1.000000000000000000e+00
1.426666666666666572e+01,8.964011038242875884e+01,6.930291056632995605e-01,9.999999403953552246e-01
1.427500000000000036e+01,8.969247025998859613e+01,6.741271018981933594e-01,1.000000000000000000e+00
1.428333333333333321e+01,8.974483013754841920e+01,6.547094583511352539e-01,1.000000000000000000e+00
1.429166666666666430e+01,8.979719001510824228e+01,6.347928047180175781e-01,1.000000000000000000e+00
1.429999999999999893e+01,8.984954989266807956e+01,6.143938899040222168e-01,9.999998807907104492e-01
1.430833333333333179e+01,8.990190977022790264e+01,5.935297012329101562e-01,1.000000000000000000e+00
1.431666666666666643e+01,8.995426964778773993e+01,5.722169280052185059e-01,1.000000000000000000e+00
1.432499999999999929e+01,9.000662952534756300e+01,5.504723787307739258e-01,1.000000000000000000e+00
1.433333333333333215e+01,9.005898940290740029e+01,5.283128619194030762e-01,9.999999403953552246e-01
1.434166666666666501e+01,9.011134928046722337e+01,5.057556033134460449e-01,1.000000000000000000e+00
1.434999999999999964e+01,9.016370915802706065e+01,4.828175604343414307e-01,9.999999403953552246e-01
1.435833333333333250e+01,9.021606903558688373e+01,4.595161378383636475e-01,9.999999403953552246e-01
1.436666666666666714e+01,9.026842891314672102e+01,4.358689486980438232e-01,9.999999403953552246e-01
1.437499999999999822e+01,9.032078879070654409e+01,4.118933677673339844e-01,1.000000000000000000e+00
1.438333333333333286e+01,9.037314866826638138e+01,3.876074254512786865e-01,1.000000000000000000e+00
1.439166666666666572e+01,9.042550854582620445e+01,3.630290031433105469e-01,1.000000000000000000e+00
1.440000000000000036e+01,9.047786842338604174e+01,3.381763100624084473e-01,9.999999403953552246e-01
1.440833333333333144e+01,9.053022830094586482e+01,3.130677342414855957e-01,9.999999403953552246e-01
1.441666666666666607e+01,9.058258817850570210e+01,2.877216339111328125e-01,1.000000000000000000e+00
1.442499999999999893e+01,9.063494805606552518e+01,2.621568441390991211e-01,1.000000000000000000e+00
1.443333333333333357e+01,9.068730793362536247e+01,2.363920211791992188e-01,1.000000000000000000e+00
1.444166666666666643e+01,9.073966781118518554e+01,2.104460746049880981e-01,9.999999403953552246e-01
1.445000000000000107e+01,9.079202768874502283e+01,1.843380928039550781e-01,1.000000000000000000e+00
1.445833333333333215e+01,9.084438756630484590e+01,1.580872386693954468e-01,9.999999403953552246e-01
1.446666666666666679e+01,9.089674744386468319e+01,1.317127048969268799e-01,1.000000000000000000e+00
1.447499999999999964e+01,9.094910732142450627e+01,1.052338480949401855e-01,9.999999403953552246e-01
1.448333333333333428e+01,9.100146719898434355e+01,7.866999506950378418e-02,1.000000000000000000e+00
1.449166666666666536e+01,9.105382707654416663e+01,5.204064399003982544e-02,9.999999403953552246e-01
1.449999999999999822e+01,9.110618695410398971e+01,2.536521665751934052e-02,9.999999403953552246e-01
1.450833333333333286e+01,9.115854683166382699e+01,-1.336814253591001034e-03,1.000000119209289551e+00
1.451666666666666572e+01,9.121090670922365007e+01,-2.804594673216342926e-02,1.000000000000000000e+00
1.452500000000000036e+01,9.126326658678348736e+01,-5.474273115396499634e-02,1.000000000000000000e+00
1.453333333333333144e+01,9.131562646434331043e+01,-8.140774071216583252e-02,1.000000000000000000e+00
1.454166666666666607e+01,9.136798634190314772e+01,-1.080215573310852051e-01,1.000000000000000000e+00
1.454999999999999893e+01,9.142034621946297079e+01,-1.345649212598800659e-01,9.999999403953552246e-01
1.455833333333333357e+01,9.147270609702280808e+01,-1.610186100006103516e-01,9.999999403953552246e-01
1.456666666666666465e+01,9.152506597458263116e+01,-1.873635053634643555e-01,1.000000000000000000e+00
1.457499999999999929e+01,9.157742585214246844e+01,-2.135806083679199219e-01,1.000000000000000000e+00
1.458333333333333215e+01,9.162978572970229152e+01,-2.396510690450668335e-01,1.000000000000000000e+00
1.459166666666666679e+01,9.168214560726212881e+01,-2.655561566352844238e-01,1.000000000000000000e+00
1.459999999999999964e+01,9.173450548482195188e+01,-2.912774682044982910e-01,1.000000000000000000e+00
1.460833333333333250e+01,9.178686536238178917e+01,-3.167966902256011963e-01,1.000000000000000000e+00
1.461666666666666536e+01,9.183922523994161224e+01,-3.420957028865814209e-01,9.999999403953552246e-01
1.462500000000000000e+01,9.189158511750144953e+01,-3.671567142009735107e-01,9.999999403953552246e-01
1.463333333333333286e+01,9.194394499506127261e+01,-3.919622004032135010e-01,1.000000000000000000e+00
1.464166666666666750e+01,9.199630487262110989e+01,-4.164949357509613037e-01,1.000000119209289551e+00
1.464999999999999858e+01,9.204866475018093297e+01,-4.407379627227783203e-01,1.000000000000000000e+00
1.465833333333333321e+01,9.210102462774077026e+01,-4.646746814250946045e-01,1.000000000000000000e+00
1.466666666666666607e+01,9.215338450530059333e+01,-4.882889688014984131e-01,1.000000000000000000e+00
1.467500000000000071e+01,9.220574438286043062e+01,-5.115651488304138184e-01,1.000000000000000000e+00
1.468333333333333179e+01,9.225810426042025369e+01,-5.344877243041992188e-01,9.999999403953552246e-01
1.469166666666666465e+01,9.231046413798007677e+01,-5.570421218872070312e-01,1.000000000000000000e+00
1.469999999999999929e+01,9.236282401553991406e+01,-5.792140960693359375e-01,1.000000000000000000e+00
1.470833333333333215e+01,9.241518389309973713e+01,-6.009900569915771484e-01,1.000000000000000000e+00
1.471666666666666679e+01,9.246754377065957442e+01,-6.223573088645935059e-01,1.000000000000000000e+00
1.472499999999999787e+01,9.251990364821939750e+01,-6.433038711547851562e-01,1.000000000000000000e+00
1.473333333333333250e+01,9.257226352577923478e+01,-6.638184785842895508e-01,1.000000000000000000e+00
1.474166666666666536e+01,9.262462340333905786e+01,-6.838912963867187500e-01,1.000000000000000000e+00
1.475000000000000000e+01,9.267698328089889515e+01,-7.035138607025146484e-01,9.999999403953552246e-01
1.475833333333333108e+01,9.272934315845871822e+01,-7.226791381835937500e-01,1.000000000000000000e+00
1.476666666666666572e+01,9.278170303601855551e+01,-7.413818240165710449e-01,1.000000000000000000e+00
1.477499999999999858e+01,9.283406291357837858e+01,-7.596189379692077637e-01,1.000000000000000000e+00
1.478333333333333321e+01,9.288642279113821587e+01,-7.773901820182800293e-01,1.000000000000000000e+00
1.479166666666666607e+01,9.293878266869803895e+01,-7.946984171867370605e-01,1.000000000000000000e+00
1.480000000000000071e+01,9.299114254625787623e+01,-8.115486502647399902e-01,1.000000000000000000e+00
1.480833333333333179e+01,9.304350242381769931e+01,-8.279477953910827637e-01,1.000000000000000000e+00
1.481666666666666643e+01,9.309586230137753660e+01,-8.438976407051086426e-01,1.000000000000000000e+00
1.482499999999999929e+01,9.314822217893735967e+01,-8.593788146972656250e-01,9.999999403953552246e-01
1.483333333333333393e+01,9.320058205649719696e+01,-8.743076324462890625e-01,9.999999403953552246e-01
1.484166666666666501e+01,9.325294193405702003e+01,-8.884643912315368652e-01,1.000000000000000000e+00
1.484999999999999964e+01,9.330530181161685732e+01,-9.015052914619445801e-01,9.999999403953552246e-01
1.485833333333333250e+01,9.335766168917668040e+01,-9.131595492362976074e-01,1.000000000000000000e+00
1.486666666666666714e+01,9.341002156673651768e+01,-9.233791232109069824e-01,1.000000000000000000e+00
1.487500000000000000e+01,9.346238144429634076e+01,-9.323162436485290527e-01,1.000000000000000000e+00
1.488333333333333464e+01,9.351474132185617805e+01,-9.402069449424743652e-01,9.999999403953552246e-01
1.489166666666666572e+01,9.356710119941600112e+01,-9.472724795341491699e-01,1.000000000000000000e+00
1.489999999999999858e+01,9.361946107697582420e+01,-9.536687731742858887e-01,1.000000000000000000e+00
1.490833333333333321e+01,9.367182095453566149e+01,-9.594808816909790039e-01,1.000000000000000000e+00
1.491666666666666430e+01,9.372418083209548456e+01,-9.647365808486938477e-01,1.000000000000000000e+00
1.492499999999999893e+01,9.377654070965532185e+01,-9.694277048110961914e-01,9.999999403953552246e-01
1.493333333333333179e+01,9.382890058721514492e+01,-9.735277295112609863e-01,1.000000000000000000e+00
1.494166666666666643e+01,9.388126046477498221e+01,-9.770084619522094727e-01,1.000000000000000000e+00
1.494999999999999929e+01,9.393362034233480529e+01,-9.798505902290344238e-01,1.000000000000000000e+00
1.495833333333333393e+01,9.398598021989464257e+01,-9.820537567138671875e-01,1.000000000000000000e+00
1.496666666666666501e+01,9.403834009745446565e+01,-9.836420416831970215e-01,1.000000000000000000e+00
1.497499999999999964e+01,9.409069997501430294e+01,-9.846710562705993652e-01,9.999999403953552246e-01
1.498333333333333250e+01,9.414305985257412601e+01,-9.852306246757507324e-01,1.000000000000000000e+00
1.499166666666666714e+01,9.419541973013396330e+01,-9.854464530944824219e-01,1.000000000000000000e+00
1.499999999999999822e+01,9.424777960769378637e+01,-9.854782223701477051e-01,1.000000000000000000e+00
1.500833333333333286e+01,9.430013948525362366e+01,-9.855108261108398438e-01,1.000000000000000000e+00
1.501666666666666572e+01,9.435249936281344674e+01,-9.857351183891296387e-01,1.000000000000000000e+00
1.502500000000000036e+01,9.440485924037328402e+01,-9.863126873970031738e-01,9.999999403953552246e-01
1.503333333333333321e+01,9.445721911793310710e+01,-9.873153567314147949e-01,1.000000000000000000e+00
1.504166666666666607e+01,9.450957899549294439e+01,-9.886391758918762207e-01,9.999999403953552246e-01
1.504999999999999893e+01,9.456193887305276746e+01,-9.898918271064758301e-01,9.999998807907104492e-01
1.505833333333333357e+01,9.461429875061260475e+01,-9.902707934379577637e-01,9.999999403953552246e-01
1.506666666666666643e+01,9.466665862817242783e+01,-9.884504675865173340e-01,9.999999403953552246e-01
1.507500000000000107e+01,9.471901850573226511e+01,-9.825010299682617188e-01,1.000000119209289551e+00
1.508333333333333215e+01,9.477137838329208819e+01,-9.698486328125000000e-01,1.000000000000000000e+00
1.509166666666666501e+01,9.482373826085191126e+01,-9.472648501396179199e-01,1.000000000000000000e+00
1.509999999999999964e+01,9.487609813841174855e+01,-9.108894467353820801e-01,1.000000000000000000e+00
1.510833333333333250e+01,9.492845801597157163e+01,-8.563925027847290039e-01,1.000000119209289551e+00
1.511666666666666536e+01,9.498081789353140891e+01,-7.797492742538452148e-01,9.999999403953552246e-01
1.512499999999999822e+01,9.503317777109123199e+01,-6.798519492149353027e-01,1.000000000000000000e+00
1.513333333333333286e+01,9.508553764865106928e+01,-5.648496150970458984e-01,1.000000000000000000e+00
1.514166666666666572e+01,9.513789752621089235e+01,-4.609244465827941895e-01,1.000000119209289551e+00
1.515000000000000036e+01,9.519025740377072964e+01,-4.091570079326629639e-01,9.999999403953552246e-01
1.515833333333333144e+01,9.524261728133055271e+01,-4.321686923503875732e-01,1.000000000000000000e+00
1.516666666666666607e+01,9.529497715889039000e+01,-5.088847875595092773e-01,1.000000000000000000e+00
1.517499999999999893e+01,9.534733703645021308e+01,-6.197516322135925293e-01,1.000000000000000000e+00
1.518333333333333357e+01,9.539969691401005036e+01,-7.544566392898559570e-01,1.000000000000000000e+00
1.519166666666666465e+01,9.545205679156987344e+01,-8.072353601455688477e-01,1.000000000000000000e+00
1.519999999999999929e+01,9.550441666912971073e+01,-7.167175412178039551e-01,9.999999403953552246e-01
1.520833333333333215e+01,9.555677654668953380e+01,-5.893087387084960938e-01,1.000000000000000000e+00
1.521666666666666679e+01,9.560913642424937109e+01,-6.031867265701293945e-01,9.999999403953552246e-01
1.522499999999999964e+01,9.566149630180919416e+01,-7.219538688659667969e-01,9.999999403953552246e-01
1.523333333333333428e+01,9.571385617936903145e+01,-7.403110265731811523e-01,1.000000000000000000e+00
1.524166666666666536e+01,9.576621605692885453e+01,-7.262095212936401367e-01,1.000000119209289551e+00
1.525000000000000000e+01,9.581857593448869181e+01,-7.090031504631042480e-01,1.000000000000000000e+00
1.525833333333333286e+01,9.587093581204851489e+01,-6.911286711692810059e-01,1.000000000000000000e+00
1.526666666666666750e+01,9.592329568960835218e+01,-6.728031039237976074e-01,9.999999403953552246e-01
1.527499999999999858e+01,9.597565556716817525e+01,-6.539999246597290039e-01,9.999999403953552246e-01
1.528333333333333144e+01,9.602801544472799833e+01,-6.347308158874511719e-01,1.000000000000000000e+00
1.529166666666666607e+01,9.608037532228783562e+01,-6.150111556053161621e-01,1.000000000000000000e+00
1.529999999999999893e+01,9.613273519984765869e+01,-5.948576927185058594e-01,1.000000000000000000e+00
1.530833333333333357e+01,9.618509507740749598e+01,-5.742875337600708008e-01,1.000000000000000000e+00
1.531666666666666465e+01,9.623745495496731905e+01,-5.533171892166137695e-01,1.000000000000000000e+00
1.532499999999999929e+01,9.628981483252715634e+01,-5.319633483886718750e-01,1.000000000000000000e+00
1.533333333333333215e+01,9.634217471008697942e+01,-5.102424621582031250e-01,9.999999403953552246e-01
1.534166666666666679e+01,9.639453458764681670e+01,-4.881707131862640381e-01,1.000000000000000000e+00
1.534999999999999787e+01,9.644689446520663978e+01,-4.657642841339111328e-01,1.000000000000000000e+00
1.535833333333333250e+01,9.649925434276647707e+01,-4.430395066738128662e-01,1.000000000000000000e+00
1.536666666666666536e+01,9.655161422032630014e+01,-4.200124740600585938e-01,1.000000119209289551e+00
1.537500000000000000e+01,9.660397409788613743e+01,-3.966993689537048340e-01,9.999999403953552246e-01
1.538333333333333286e+01,9.665633397544596050e+01,-3.731164634227752686e-01,1.000000119209289551e+00
1.539166666666666750e+01,9.670869385300579779e+01,-3.492800891399383545e-01,1.000000000000000000e+00
1.539999999999999858e+01,9.676105373056562087e+01,-3.252064287662506104e-01,9.999999403953552246e-01
1.540833333333333321e+01,9.681341360812545815e+01,-3.009119033813476562e-01,1.000000000000000000e+00
1.541666666666666607e+01,9.686577348568528123e+01,-2.764127254486083984e-01,1.000000000000000000e+00
1.542500000000000071e+01,9.691813336324511852e+01,-2.517256140708923340e-01,1.000000000000000000e+00
1.543333333333333179e+01,9.697049324080494159e+01,-2.268668264150619507e-01,9.999998807907104492e-01
1.544166666666666643e+01,9.702285311836477888e+01,-2.018529027700424194e-01,1.000000000000000000e+00
1.544999999999999929e+01,9.707521299592460196e+01,-1.767004132270812988e-01,9.999999403953552246e-01
1.545833333333333393e+01,9.712757287348443924e+01,-1.514259874820709229e-01,1.000000000000000000e+00
1.546666666666666679e+01,9.717993275104426232e+01,-1.260462105274200439e-01,1.000000000000000000e+00
1.547499999999999964e+01,9.723229262860409960e+01,-1.005776524543762207e-01,9.999999403953552246e-01
1.548333333333333250e+01,9.728465250616392268e+01,-7.503701746463775635e-02,9.999999403953552246e-01
1.549166666666666536e+01,9.733701238372374576e+01,-4.944093152880668640e-02,9.999999403953552246e-01
1.550000000000000000e+01,9.738937226128358304e+01,-2.380600571632385254e-02,1.000000000000000000e+00
1.550833333333333108e+01,9.744173213884340612e+01,1.851077075116336346e-03,1.000000000000000000e+00
1.551666666666666572e+01,9.749409201640324341e+01,2.751372754573822021e-02,1.000000000000000000e+00
1.552499999999999858e+01,9.754645189396306648e+01,5.316536501049995422e-02,9.999999403953552246e-01
1.553333333333333321e+01,9.759881177152290377e+01,7.878941297531127930e-02,1.000000000000000000e+00
1.554166666666666607e+01,9.765117164908272684e+01,1.043694019317626953e-01,1.000000000000000000e+00
1.554999999999999893e+01,9.770353152664256413e+01,1.298888623714447021e-01,9.999999403953552246e-01
1.555833333333333179e+01,9.775589140420238721e+01,1.553314030170440674e-01,9.999999403953552246e-01
1.556666666666666643e+01,9.780825128176222449e+01,1.806807368993759155e-01,9.999999403953552246e-01
1.557499999999999929e+01,9.786061115932204757e+01,2.059206962585449219e-01,1.000000000000000000e+00
1.558333333333333393e+01,9.791297103688188486e+01,2.310350984334945679e-01,9.999999403953552246e-01
1.559166666666666501e+01,9.796533091444170793e+01,2.560078799724578857e-01,9.999999403953552246e-01
1.559999999999999964e+01,9.801769079200154522e+01,2.808233499526977539e-01,9.999999403953552246e-01
1.560833333333333250e+01,9.807005066956136830e+01,3.054656684398651123e-01,9.999999403953552246e-01
1.561666666666666714e+01,9.812241054712120558e+01,3.299193382263183594e-01,9.999998807907104492e-01
1.562499999999999822e+01,9.817477042468102866e+01,3.541688919067382812e-01,1.000000000000000000e+00
1.563333333333333286e+01,9.822713030224086594e+01,3.781991899013519287e-01,1.000000000000000000e+00
1.564166666666666572e+01,9.827949017980068902e+01,4.019952714443206787e-01,9.999999403953552246e-01
1.565000000000000036e+01,9.833185005736052631e+01,4.255425035953521729e-01,9.999998807907104492e-01
1.565833333333333321e+01,9.838420993492034938e+01,4.488262236118316650e-01,1.000000000000000000e+00
1.566666666666666785e+01,9.843656981248018667e+01,4.718325138092041016e-01,1.000000000000000000e+00
1.567499999999999893e+01,9.848892969004000975e+01,4.945474565029144287e-01,1.000000000000000000e+00
1.568333333333333179e+01,9.854128956759983282e+01,5.169577598571777344e-01,1.000000000000000000e+00
1.569166666666666643e+01,9.859364944515967011e+01,5.390504002571105957e-01,1.000000000000000000e+00
1.569999999999999751e+01,9.864600932271949318e+01,5.608129501342773438e-01,9.999999403953552246e-01
1.570833333333333215e+01,9.869836920027933047e+01,5.822336673736572266e-01,9.999998807907104492e-01
1.571666666666666501e+01,9.875072907783915355e+01,6.033014655113220215e-01,9.999999403953552246e-01
1.572499999999999964e+01,9.880308895539899083e+01,6.240060329437255859e-01,1.000000000000000000e+00
1.573333333333333250e+01,9.885544883295881391e+01,6.443381309509277344e-01,9.999999403953552246e-01
1.574166666666666714e+01,9.890780871051865120e+01,6.642899513244628906e-01,1.000000000000000000e+00
1.574999999999999822e+01,9.896016858807847427e+01,6.838549971580505371e-01,1.000000000000000000e+00
1.575833333333333286e+01,9.901252846563831156e+01,7.030285000801086426e-01,1.000000119209289551e+00
1.576666666666666572e+01,9.906488834319813463e+01,7.218084335327148438e-01,1.000000000000000000e+00
1.577500000000000036e+01,9.911724822075797192e+01,7.401953935623168945e-01,9.999999403953552246e-01
1.578333333333333144e+01,9.916960809831779500e+01,7.581931948661804199e-01,9.999999403953552246e-01
1.579166666666666607e+01,9.922196797587763228e+01,7.758100032806396484e-01,1.000000000000000000e+00
1.579999999999999893e+01,9.927432785343745536e+01,7.930563688278198242e-01,1.000000000000000000e+00
1.580833333333333357e+01,9.932668773099729265e+01,8.099431991577148438e-01,1.000000000000000000e+00
1.581666666666666643e+01,9.937904760855711572e+01,8.264681100845336914e-01,1.000000000000000000e+00
1.582499999999999929e+01,9.943140748611695301e+01,8.425804972648620605e-01,1.000000000000000000e+00
1.583333333333333215e+01,9.948376736367677609e+01,8.581039309501647949e-01,1.000000000000000000e+00
1.584166666666666679e+01,9.953612724123661337e+01,8.726806640625000000e-01,1.000000000000000000e+00
1.584999999999999964e+01,9.958848711879643645e+01,8.859326243400573730e-01,9.999999403953552246e-01
1.585833333333333428e+01,9.964084699635627373e+01,8.976909518241882324e-01,1.000000119209289551e+00
1.586666666666666536e+01,9.969320687391609681e+01,9.080408215522766113e-01,1.000000000000000000e+00
1.587500000000000000e+01,9.974556675147593410e+01,9.172140359878540039e-01,9.999999403953552246e-01
1.588333333333333286e+01,9.979792662903575717e+01,9.254615902900695801e-01,1.000000000000000000e+00
1.589166666666666572e+01,9.985028650659558025e+01,9.329800009727478027e-01,1.000000000000000000e+00
1.589999999999999858e+01,9.990264638415541754e+01,9.398859143257141113e-01,1.000000000000000000e+00
1.590833333333333144e+01,9.995500626171524061e+01,9.462255835533142090e-01,1.000000000000000000e+00
1.591666666666666607e+01,1.000073661392750779e+02,9.519953131675720215e-01,1.000000000000000000e+00
1.592499999999999893e+01,1.000597260168349010e+02,9.571619033813476562e-01,1.000000000000000000e+00
1.593333333333333357e+01,1.001120858943947383e+02,9.616822600364685059e-01,9.999999403953552246e-01
1.594166666666666465e+01,1.001644457719545613e+02,9.655159115791320801e-01,1.000000000000000000e+00
1.594999999999999929e+01,1.002168056495143986e+02,9.686371088027954102e-01,9.999999403953552246e-01
1.595833333333333215e+01,1.002691655270742217e+02,9.710443615913391113e-01,1.000000000000000000e+00
1.596666666666666679e+01,1.003215254046340590e+02,9.727670550346374512e-01,1.000000000000000000e+00
1.597499999999999787e+01,1.003738852821938821e+02,9.738714098930358887e-01,1.000000000000000000e+00
1.598333333333333250e+01,1.004262451597537193e+02,9.744631052017211914e-01,1.000000000000000000e+00
1.599166666666666536e+01,1.004786050373135424e+02,9.746872186660766602e-01,1.000000119209289551e+00
1.600000000000000000e+01,1.005309649148733797e+02,9.747194647789001465e-01,1.000000000000000000e+00
1.600833333333333286e+01,1.005833247924332028e+02,9.747501611709594727e-01,1.000000000000000000e+00
1.601666666666666572e+01,1.006356846699930401e+02,9.749498367309570312e-01,1.000000000000000000e+00
1.602499999999999858e+01,1.006880445475528632e+02,9.754120111465454102e-01,1.000000000000000000e+00
1.603333333333333499e+01,1.007404044251127004e+02,9.760673642158508301e-01,1.000000000000000000e+00
1.604166666666666430e+01,1.007927643026725235e+02,9.765741229057312012e-01,9.999999403953552246e-01
1.605000000000000071e+01,1.008451241802323608e+02,9.761965870857238770e-01,9.999999403953552246e-01
1.605833333333333357e+01,1.008974840577921839e+02,9.736986160278320312e-01,1.000000000000000000e+00
1.606666666666666643e+01,1.009498439353520212e+02,9.672843813896179199e-01,1.000000000000000000e+00
1.607499999999999929e+01,1.010022038129118442e+02,9.546041488647460938e-01,1.000000000000000000e+00
1.608333333333333215e+01,1.010545636904716673e+02,9.328308105468750000e-01,1.000000000000000000e+00
1.609166666666666501e+01,1.011069235680315046e+02,8.988019824028015137e-01,1.000000000000000000e+00
1.609999999999999787e+01,1.011592834455913277e+02,8.492881655693054199e-01,1.000000000000000000e+00
1.610833333333333428e+01,1.012116433231511650e+02,7.816652655601501465e-01,1.000000000000000000e+00
1.611666666666666359e+01,1.012640032007109880e+02,6.957921981811523438e-01,1.000000000000000000e+00
1.612500000000000000e+01,1.013163630782708253e+02,5.984364151954650879e-01,9.999999403953552246e-01
1.613333333333333286e+01,1.013687229558306484e+02,5.100178718566894531e-01,9.999999403953552246e-01
1.614166666666666572e+01,1.014210828333904857e+02,4.642353951930999756e-01,1.000000000000000000e+00
1.614999999999999858e+01,1.014734427109503088e+02,4.827634990215301514e-01,1.000000000000000000e+00
1.615833333333333144e+01,1.015258025885101461e+02,5.482263565063476562e-01,9.999999403953552246e-01
1.616666666666666430e+01,1.015781624660699691e+02,6.393498778343200684e-01,1.000000000000000000e+00
1.617500000000000071e+01,1.016305223436298064e+02,7.527305483818054199e-01,9.999999403953552246e-01
1.618333333333333357e+01,1.016828822211896295e+02,8.084521293640136719e-01,1.000000000000000000e+00
1.619166666666666643e+01,1.017352420987494668e+02,7.296854853630065918e-01,9.999999403953552246e-01
1.619999999999999929e+01,1.017876019763092899e+02,5.932134985923767090e-01,1.000000000000000000e+00
1.620833333333333215e+01,1.018399618538691271e+02,5.386454463005065918e-01,9.999999403953552246e-01
1.621666666666666501e+01,1.018923217314289502e+02,6.953319907188415527e-01,9.999999403953552246e-01
1.622500000000000142e+01,1.019446816089887875e+02,7.692356109619140625e-01,1.000000119209289551e+00
1.623333333333333073e+01,1.019970414865486106e+02,7.627236843109130859e-01,9.999999403953552246e-01
1.624166666666666714e+01,1.020494013641084479e+02,7.466009259223937988e-01,9.999999403953552246e-01
1.625000000000000000e+01,1.021017612416682709e+02,7.292333841323852539e-01,1.000000000000000000e+00
1.625833333333333286e+01,1.021541211192281082e+02,7.114012241363525391e-01,1.000000000000000000e+00
1.626666666666666572e+01,1.022064809967879313e+02,6.930290460586547852e-01,9.999999403953552246e-01
1.627499999999999858e+01,1.022588408743477544e+02,6.741271018981933594e-01,1.000000000000000000e+00
1.628333333333333144e+01,1.023112007519075917e+02,6.547095179557800293e-01,1.000000000000000000e+00
1.629166666666666430e+01,1.023635606294674147e+02,6.347928047180175781e-01,1.000000000000000000e+00
1.630000000000000071e+01,1.024159205070272520e+02,6.143938899040222168e-01,1.000000000000000000e+00
1.630833333333333002e+01,1.024682803845870751e+02,5.935298204421997070e-01,1.000000000000000000e+00
1.631666666666666643e+01,1.025206402621469124e+02,5.722169280052185059e-01,1.000000000000000000e+00
1.632499999999999929e+01,1.025730001397067355e+02,5.504723787307739258e-01,1.000000000000000000e+00
1.633333333333333215e+01,1.026253600172665728e+02,5.283128023147583008e-01,1.000000000000000000e+00
1.634166666666666501e+01,1.026777198948263958e+02,5.057556033134460449e-01,1.000000000000000000e+00
1.635000000000000142e+01,1.027300797723862331e+02,4.828175604343414307e-01,9.999999403953552246e-01
1.635833333333333073e+01,1.027824396499460562e+02,4.595162570476531982e-01,1.000000000000000000e+00
1.636666666666666714e+01,1.028347995275058935e+02,4.358688294887542725e-01,1.000000000000000000e+00
1.637500000000000000e+01,1.028871594050657166e+02,4.118934571743011475e-01,9.999999403953552246e-01
1.638333333333333286e+01,1.029395192826255538e+02,3.876073956489562988e-01,1.000000000000000000e+00
1.639166666666666572e+01,1.029918791601853769e+02,3.630289733409881592e-01,1.000000000000000000e+00
1.639999999999999858e+01,1.030442390377452142e+02,3.381763100624084473e-01,9.999999403953552246e-01
1.640833333333333144e+01,1.030965989153050373e+02,3.130677342414855957e-01,9.999998807907104492e-01
1.641666666666666785e+01,1.031489587928648746e+02,2.877216339111328125e-01,1.000000000000000000e+00
1.642500000000000071e+01,1.032013186704246976e+02,2.621568441390991211e-01,1.000000000000000000e+00
1.643333333333333357e+01,1.032536785479845349e+02,2.363919764757156372e-01,1.000000000000000000e+00
1.644166666666666643e+01,1.033060384255443580e+02,2.104460746049880981e-01,9.999999403953552246e-01
1.644999999999999929e+01,1.033583983031041953e+02,1.843380928039550781e-01,1.000000000000000000e+00
1.645833333333333215e+01,1.034107581806640184e+02,1.580872386693954468e-01,1.000000000000000000e+00
1.646666666666666856e+01,1.034631180582238557e+02,1.317127048969268799e-01,9.999999403953552246e-01
1.647499999999999787e+01,1.035154779357836787e+02,1.052338406443595886e-01,9.999999403953552246e-01
1.648333333333333073e+01,1.035678378133435018e+02,7.867000252008438110e-02,9.999999403953552246e-01
1.649166666666666714e+01,1.036201976909033391e+02,5.204063653945922852e-02,1.000000119209289551e+00
1.650000000000000000e+01,1.036725575684631622e+02,2.536520920693874359e-02,9.999999403953552246e-01
1.650833333333333286e+01,1.037249174460229995e+02,-1.336817280389368534e-03,1.000000000000000000e+00
1.651666666666666572e+01,1.037772773235828225e+02,-2.804593741893768311e-02,1.000000000000000000e+00
1.652499999999999858e+01,1.038296372011426598e+02,-5.474271997809410095e-02,9.999999403953552246e-01
1.653333333333333144e+01,1.038819970787024829e+02,-8.140771836042404175e-02,1.000000000000000000e+00
1.654166666666666785e+01,1.039343569562623202e+02,-1.080215498805046082e-01,1.000000000000000000e+00
1.654999999999999716e+01,1.039867168338221433e+02,-1.345649361610412598e-01,1.000000000000000000e+00
1.655833333333333357e+01,1.040390767113819805e+02,-1.610186100006103516e-01,9.999999403953552246e-01
1.656666666666666643e+01,1.040914365889418036e+02,-1.873634755611419678e-01,9.999999403953552246e-01
1.657499999999999929e+01,1.041437964665016409e+02,-2.135805636644363403e-01,1.000000000000000000e+00
1.658333333333333215e+01,1.041961563440614640e+02,-2.396510690450668335e-01,1.000000000000000000e+00
1.659166666666666501e+01,1.042485162216213013e+02,-2.655561566352844238e-01,1.000000000000000000e+00
1.659999999999999787e+01,1.043008760991811243e+02,-2.912774682044982910e-01,9.999999403953552246e-01
1.660833333333333428e+01,1.043532359767409616e+02,-3.167966902256011963e-01,1.000000000000000000e+00
1.661666666666666714e+01,1.044055958543007847e+02,-3.420956730842590332e-01,9.999999403953552246e-01
1.662500000000000000e+01,1.044579557318606220e+02,-3.671567142009735107e-01,1.000000000000000000e+00
1.663333333333333286e+01,1.045103156094204451e+02,-3.919621706008911133e-01,1.000000000000000000e+00
1.664166666666666572e+01,1.045626754869802824e+02,-4.164949357509613037e-01,1.000000119209289551e+00
1.664999999999999858e+01,1.046150353645401054e+02,-4.407379329204559326e-01,1.000000000000000000e+00
1.665833333333333499e+01,1.046673952420999427e+02,-4.646746814250946045e-01,9.999999403953552246e-01
1.666666666666666430e+01,1.047197551196597658e+02,-4.882889688014984131e-01,1.000000000000000000e+00
1.667499999999999716e+01,1.047721149972195889e+02,-5.115650296211242676e-01,1.000000119209289551e+00
1.668333333333333357e+01,1.048244748747794262e+02,-5.344877243041992188e-01,1.000000000000000000e+00
1.669166666666666643e+01,1.048768347523392492e+02,-5.570421218872070312e-01,1.000000000000000000e+00
1.669999999999999929e+01,1.049291946298990865e+02,-5.792142152786254883e-01,9.999999403953552246e-01
1.670833333333333215e+01,1.049815545074589096e+02,-6.009900569915771484e-01,1.000000000000000000e+00
1.671666666666666501e+01,1.050339143850187469e+02,-6.223573088645935059e-01,1.000000000000000000e+00
1.672499999999999787e+01,1.050862742625785700e+02,-6.433038115501403809e-01,1.000000000000000000e+00
1.673333333333333428e+01,1.051386341401384072e+02,-6.638183593750000000e-01,1.000000000000000000e+00
1.674166666666666359e+01,1.051909940176982303e+02,-6.838912963867187500e-01,9.999999403953552246e-01
1.675000000000000000e+01,1.052433538952580676e+02,-7.035138607025146484e-01,1.000000000000000000e+00
1.675833333333333286e+01,1.052957137728178907e+02,-7.226790785789489746e-01,9.999999403953552246e-01
1.676666666666666572e+01,1.053480736503777280e+02,-7.413816452026367188e-01,1.000000000000000000e+00
1.677499999999999858e+01,1.054004335279375510e+02,-7.596189379692077637e-01,1.000000000000000000e+00
1.678333333333333499e+01,1.054527934054973883e+02,-7.773901820182800293e-01,1.000000000000000000e+00
1.679166666666666430e+01,1.055051532830572114e+02,-7.946984171867370605e-01,1.000000000000000000e+00
1.680000000000000071e+01,1.055575131606170487e+02,-8.115487098693847656e-01,1.000000000000000000e+00
1.680833333333333357e+01,1.056098730381768718e+02,-8.279477953910827637e-01,1.000000000000000000e+00
1.681666666666666643e+01,1.056622329157367091e+02,-8.438974618911743164e-01,1.000000000000000000e+00
1.682499999999999929e+01,1.057145927932965321e+02,-8.593788146972656250e-01,1.000000000000000000e+00
1.683333333333333215e+01,1.057669526708563694e+02,-8.743078112602233887e-01,1.000000000000000000e+00
1.684166666666666501e+01,1.058193125484161925e+02,-8.884643912315368652e-01,1.000000000000000000e+00
1.685000000000000142e+01,1.058716724259760298e+02,-9.015052914619445801e-01,1.000000000000000000e+00
1.685833333333333428e+01,1.059240323035358529e+02,-9.131595492362976074e-01,1.000000000000000000e+00
1.686666666666666714e+01,1.059763921810956901e+02,-9.233791232109069824e-01,1.000000000000000000e+00
1.687500000000000000e+01,1.060287520586555132e+02,-9.323162436485290527e-01,1.000000000000000000e+00
1.688333333333333286e+01,1.060811119362153363e+02,-9.402071237564086914e-01,9.999999403953552246e-01
1.689166666666666572e+01,1.061334718137751736e+02,-9.472724795341491699e-01,1.000000000000000000e+00
1.689999999999999858e+01,1.061858316913349967e+02,-9.536687731742858887e-01,1.000000000000000000e+00
1.690833333333333144e+01,1.062381915688948339e+02,-9.594808816909790039e-01,1.000000000000000000e+00
1.691666666666666430e+01,1.062905514464546570e+02,-9.647367596626281738e-01,1.000000000000000000e+00
1.692500000000000071e+01,1.063429113240144943e+02,-9.694277048110961914e-01,9.999999403953552246e-01
1.693333333333333357e+01,1.063952712015743174e+02,-9.735277295112609863e-01,1.000000000000000000e+00
1.694166666666666643e+01,1.064476310791341547e+02,-9.770084619522094727e-01,1.000000000000000000e+00
1.694999999999999929e+01,1.064999909566939778e+02,-9.798507690429687500e-01,1.000000000000000000e+00
1.695833333333333215e+01,1.065523508342538150e+02,-9.820537567138671875e-01,1.000000000000000000e+00
1.696666666666666501e+01,1.066047107118136381e+02,-9.836420416831970215e-01,1.000000000000000000e+00
1.697500000000000142e+01,1.066570705893734754e+02,-9.846712350845336914e-01,9.999999403953552246e-01
1.698333333333333073e+01,1.067094304669332985e+02,-9.852306246757507324e-01,1.000000000000000000e+00
1.699166666666666714e+01,1.067617903444931358e+02,-9.854464530944824219e-01,1.000000000000000000e+00
1.700000000000000000e+01,1.068141502220529588e+02,-9.854782223701477051e-01,1.000000000000000000e+00
1.700833333333333286e+01,1.068665100996127961e+02,-9.855108261108398438e-01,1.000000000000000000e+00
1.701666666666666572e+01,1.069188699771726192e+02,-9.857352375984191895e-01,1.000000000000000000e+00
1.702499999999999858e+01,1.069712298547324565e+02,-9.863126873970031738e-01,1.000000000000000000e+00
1.703333333333333144e+01,1.070235897322922796e+02,-9.873153567314147949e-01,1.000000119209289551e+00
1.704166666666666785e+01,1.070759496098521169e+02,-9.886392951011657715e-01,9.999999403953552246e-01
1.705000000000000071e+01,1.071283094874119399e+02,-9.898918271064758301e-01,9.999999403953552246e-01
1.705833333333333357e+01,1.071806693649717772e+02,-9.902707934379577637e-01,9.999999403953552246e-01
1.706666666666666643e+01,1.072330292425316003e+02,-9.884504675865173340e-01,9.999999403953552246e-01
1.707499999999999929e+01,1.072853891200914234e+02,-9.825010299682617188e-01,9.999999403953552246e-01
1.708333333333333215e+01,1.073377489976512607e+02,-9.698486328125000000e-01,1.000000000000000000e+00
1.709166666666666501e+01,1.073901088752110837e+02,-9.472649693489074707e-01,1.000000000000000000e+00
1.709999999999999787e+01,1.074424687527709210e+02,-9.108894467353820801e-01,9.999999403953552246e-01
1.710833333333333073e+01,1.074948286303307441e+02,-8.563926815986633301e-01,1.000000000000000000e+00
1.711666666666666714e+01,1.075471885078905814e+02,-7.797492742538452148e-01,1.000000000000000000e+00
1.712500000000000000e+01,1.075995483854504045e+02,-6.798521876335144043e-01,1.000000000000000000e+00
1.713333333333333286e+01,1.076519082630102417e+02,-5.648501515388488770e-01,1.000000000000000000e+00
1.714166666666666572e+01,1.077042681405700648e+02,-4.609251916408538818e-01,1.000000000000000000e+00
1.714999999999999858e+01,1.077566280181299021e+02,-4.091580510139465332e-01,1.000000000000000000e+00
1.715833333333333144e+01,1.078089878956897252e+02,-4.321697354316711426e-01,1.000000000000000000e+00
1.716666666666666785e+01,1.078613477732495625e+02,-5.088855624198913574e-01,1.000000000000000000e+00
1.717499999999999716e+01,1.079137076508093855e+02,-6.197518110275268555e-01,9.999999403953552246e-01
1.718333333333333357e+01,1.079660675283692228e+02,-7.544564008712768555e-01,1.000000000000000000e+00
1.719166666666666643e+01,1.080184274059290459e+02,-8.072339892387390137e-01,1.000000000000000000e+00
1.719999999999999929e+01,1.080707872834888832e+02,-7.167147994041442871e-01,1.000000000000000000e+00
1.720833333333333215e+01,1.081231471610487063e+02,-5.893070101737976074e-01,1.000000000000000000e+00
1.721666666666666501e+01,1.081755070386085436e+02,-6.031885147094726562e-01,1.000000000000000000e+00
1.722499999999999787e+01,1.082278669161683666e+02,-7.219547629356384277e-01,9.999999403953552246e-01
1.723333333333333428e+01,1.082802267937282039e+02,-7.403111457824707031e-01,9.999999403953552246e-01
1.724166666666666714e+01,1.083325866712880270e+02,-7.262095808982849121e-01,1.000000000000000000e+00
1.725000000000000000e+01,1.083849465488478643e+02,-7.090031504631042480e-01,9.999999403953552246e-01
1.725833333333333286e+01,1.084373064264076874e+02,-6.911286115646362305e-01,1.000000000000000000e+00
1.726666666666666572e+01,1.084896663039675104e+02,-6.728030443191528320e-01,9.999999403953552246e-01
1.727499999999999858e+01,1.085420261815273477e+02,-6.539999842643737793e-01,9.999999403953552246e-01
1.728333333333333144e+01,1.085943860590871708e+02,-6.347308158874511719e-01,1.000000000000000000e+00
1.729166666666666430e+01,1.086467459366470081e+02,-6.150110960006713867e-01,9.999998807907104492e-01
1.729999999999999716e+01,1.086991058142068312e+02,-5.948576927185058594e-01,1.000000000000000000e+00
1.730833333333333357e+01,1.087514656917666684e+02,-5.742875337600708008e-01,1.000000000000000000e+00
1.731666666666666643e+01,1.088038255693264915e+02,-5.533171892166137695e-01,9.999999403953552246e-01
1.732499999999999929e+01,1.088561854468863288e+02,-5.319633483886718750e-01,1.000000000000000000e+00
1.733333333333333215e+01,1.089085453244461519e+02,-5.102425813674926758e-01,9.999999403953552246e-01
1.734166666666666501e+01,1.089609052020059892e+02,-4.881707131862640381e-01,1.000000000000000000e+00
1.734999999999999787e+01,1.090132650795658122e+02,-4.657643437385559082e-01,9.999999403953552246e-01
1.735833333333333428e+01,1.090656249571256495e+02,-4.430395066738128662e-01,9.999999403953552246e-01
1.736666666666666359e+01,1.091179848346854726e+02,-4.200124442577362061e-01,1.000000000000000000e+00
1.737500000000000000e+01,1.091703447122453099e+02,-3.966993689537048340e-01,9.999999403953552246e-01
1.738333333333333286e+01,1.092227045898051330e+02,-3.731164932250976562e-01,9.999999403953552246e-01
1.739166666666666572e+01,1.092750644673649703e+02,-3.492800891399383545e-01,1.000000000000000000e+00
1.739999999999999858e+01,1.093274243449247933e+02,-3.252063989639282227e-01,9.999999403953552246e-01
1.740833333333333499e+01,1.093797842224846306e+02,-3.009118735790252686e-01,1.000000000000000000e+00
1.741666666666666430e+01,1.094321441000444537e+02,-2.764127850532531738e-01,1.000000000000000000e+00
1.742500000000000071e+01,1.094845039776042910e+02,-2.517255544662475586e-01,9.999999403953552246e-01
1.743333333333333357e+01,1.095368638551641141e+02,-2.268667668104171753e-01,1.000000000000000000e+00
1.744166666666666643e+01,1.095892237327239513e+02,-2.018529027700424194e-01,9.999999403953552246e-01
1.744999999999999929e+01,1.096415836102837744e+02,-1.767004281282424927e-01,1.000000000000000000e+00
1.745833333333333215e+01,1.096939434878436117e+02,-1.514259874820709229e-01,1.000000000000000000e+00
1.746666666666666501e+01,1.097463033654034348e+02,-1.260461807250976562e-01,1.000000000000000000e+00
1.747499999999999787e+01,1.097986632429632579e+02,-1.005776673555374146e-01,9.999999403953552246e-01
1.748333333333333428e+01,1.098510231205230951e+02,-7.503701746463775635e-02,9.999999403953552246e-01
1.749166666666666359e+01,1.099033829980829182e+02,-4.944092780351638794e-02,1.000000000000000000e+00
1.750000000000000000e+01,1.099557428756427555e+02,-2.380600757896900177e-02,1.000000000000000000e+00
1.750833333333333286e+01,1.100081027532025786e+02,1.851074397563934326e-03,1.000000000000000000e+00
1.751666666666666572e+01,1.100604626307624159e+02,2.751372754573822021e-02,9.999999403953552246e-01
1.752499999999999858e+01,1.101128225083222389e+02,5.316536501049995422e-02,9.999999403953552246e-01
1.753333333333333144e+01,1.101651823858820762e+02,7.878941297531127930e-02,1.000000000000000000e+00
1.754166666666666430e+01,1.102175422634418993e+02,1.043694019317626953e-01,1.000000000000000000e+00
1.755000000000000071e+01,1.102699021410017366e+02,1.298888474702835083e-01,1.000000000000000000e+00
1.755833333333333357e+01,1.103222620185615597e+02,1.553314179182052612e-01,1.000000000000000000e+00
1.756666666666666643e+01,1.103746218961213970e+02,1.806807518005371094e-01,9.999999403953552246e-01
1.757499999999999929e+01,1.104269817736812200e+02,2.059206962585449219e-01,9.999999403953552246e-01
1.758333333333333215e+01,1.104793416512410573e+02,2.310350388288497925e-01,1.000000000000000000e+00
1.759166666666666501e+01,1.105317015288008804e+02,2.560079097747802734e-01,1.000000000000000000e+00
1.760000000000000142e+01,1.105840614063607177e+02,2.808233499526977539e-01,1.000000000000000000e+00
1.760833333333333073e+01,1.106364212839205408e+02,3.054656684398651123e-01,1.000000000000000000e+00
1.761666666666666714e+01,1.106887811614803780e+02,3.299193084239959717e-01,9.999999403953552246e-01
1.762500000000000000e+01,1.107411410390402011e+02,3.541688919067382812e-01,1.000000000000000000e+00
1.763333333333333286e+01,1.107935009166000384e+02,3.781992495059967041e-01,1.000000000000000000e+00
1.764166666666666572e+01,1.108458607941598615e+02,4.019952714443206787e-01,1.000000000000000000e+00
1.764999999999999858e+01,1.108982206717196988e+02,4.255424439907073975e-01,9.999999403953552246e-01
1.765833333333333144e+01,1.109505805492795218e+02,4.488262236118316650e-01,9.999999403953552246e-01
1.766666666666666430e+01,1.110029404268393449e+02,4.718325138092041016e-01,1.000000000000000000e+00
1.767500000000000071e+01,1.110553003043991822e+02,4.945474565029144287e-01,1.000000000000000000e+00
1.768333333333333002e+01,1.111076601819590053e+02,5.169577598571777344e-01,9.999999403953552246e-01
1.769166666666666643e+01,1.111600200595188426e+02,5.390503406524658203e-01,1.000000000000000000e+00
1.769999999999999929e+01,1.112123799370786656e+02,5.608130097389221191e-01,1.000000000000000000e+00
1.770833333333333215e+01,1.112647398146385029e+02,5.822336673736572266e-01,9.999999403953552246e-01
1.771666666666666501e+01,1.113170996921983260e+02,6.033014655113220215e-01,1.000000000000000000e+00
1.772499999999999787e+01,1.113694595697581633e+02,6.240060329437255859e-01,1.000000000000000000e+00
1.773333333333333073e+01,1.114218194473179864e+02,6.443381309509277344e-01,9.999999403953552246e-01
1.774166666666666714e+01,1.114741793248778237e+02,6.642899513244628906e-01,1.000000000000000000e+00
1.775000000000000000e+01,1.115265392024376467e+02,6.838549971580505371e-01,1.000000119209289551e+00
1.775833333333333286e+01,1.115788990799974840e+02,7.030284404754638672e-01,1.000000119209289551e+00
1.776666666666666572e+01,1.116312589575573071e+02,7.218084335327148438e-01,1.000000000000000000e+00
1.777499999999999858e+01,1.116836188351171444e+02,7.401953935623168945e-01,1.000000000000000000e+00
1.778333333333333144e+01,1.117359787126769675e+02,7.581932544708251953e-01,9.999999403953552246e-01
1.779166666666666785e+01,1.117883385902368047e+02,7.758098840713500977e-01,1.000000000000000000e+00
1.779999999999999716e+01,1.118406984677966278e+02,7.930563688278198242e-01,1.000000000000000000e+00
1.780833333333333357e+01,1.118930583453564651e+02,8.099431991577148438e-01,1.000000000000000000e+00
1.781666666666666643e+01,1.119454182229162882e+02,8.264681100845336914e-01,1.000000000000000000e+00
1.782499999999999929e+01,1.119977781004761255e+02,8.425806164741516113e-01,1.000000000000000000e+00
1.783333333333333215e+01,1.120501379780359485e+02,8.581039309501647949e-01,1.000000000000000000e+00
1.784166666666666856e+01,1.121024978555957858e+02,8.726806640625000000e-01,1.000000000000000000e+00
1.784999999999999787e+01,1.121548577331556089e+02,8.859327435493469238e-01,9.999999403953552246e-01
1.785833333333333428e+01,1.122072176107154462e+02,8.976909518241882324e-01,1.000000000000000000e+00
1.786666666666666714e+01,1.122595774882752693e+02,9.080410003662109375e-01,1.000000000000000000e+00
1.787499999999999645e+01,1.123119373658350924e+02,9.172140359878540039e-01,1.000000000000000000e+00
1.788333333333333286e+01,1.123642972433949296e+02,9.254617691040039062e-01,1.000000000000000000e+00
1.789166666666666572e+01,1.124166571209547527e+02,9.329801797866821289e-01,1.000000000000000000e+00
1.789999999999999858e+01,1.124690169985145900e+02,9.398860931396484375e-01,9.999999403953552246e-01
1.790833333333333144e+01,1.125213768760744131e+02,9.462257623672485352e-01,9.999999403953552246e-01
1.791666666666666785e+01,1.125737367536342504e+02,9.519950747489929199e-01,1.000000000000000000e+00
1.792499999999999716e+01,1.126260966311940734e+02,9.571619033813476562e-01,9.999999403953552246e-01
1.793333333333333357e+01,1.126784565087539107e+02,9.616823196411132812e-01,9.999999403953552246e-01
1.794166666666666643e+01,1.127308163863137338e+02,9.655159115791320801e-01,9.999999403953552246e-01
1.794999999999999929e+01,1.127831762638735711e+02,9.686371088027954102e-01,9.999999403953552246e-01
1.795833333333333215e+01,1.128355361414333942e+02,9.710441827774047852e-01,1.000000000000000000e+00
1.796666666666666501e+01,1.128878960189932315e+02,9.727668762207031250e-01,1.000000000000000000e+00
1.797499999999999787e+01,1.129402558965530545e+02,9.738712310791015625e-01,1.000000000000000000e+00
1.798333333333333428e+01,1.129926157741128918e+02,9.744631052017211914e-01,1.000000000000000000e+00
1.799166666666666714e+01,1.130449756516727149e+02,9.746870994567871094e-01,1.000000000000000000e+00
1.800000000000000000e+01,1.130973355292325522e+02,9.747194647789001465e-01,1.000000000000000000e+00
1.800833333333333286e+01,1.131496954067923753e+02,9.747500419616699219e-01,1.000000000000000000e+00
1.801666666666666572e+01,1.132020552843522125e+02,9.749498367309570312e-01,1.000000000000000000e+00
1.802499999999999858e+01,1.132544151619120356e+02,9.754118919372558594e-01,1.000000000000000000e+00
1.803333333333333499e+01,1.133067750394718729e+02,9.760673642158508301e-01,1.000000000000000000e+00
1.804166666666666430e+01,1.133591349170316960e+02,9.765741229057312012e-01,1.000000000000000000e+00
1.805000000000000071e+01,1.134114947945915333e+02,9.761964678764343262e-01,1.000000000000000000e+00
1.805833333333333357e+01,1.134638546721513563e+02,9.736985564231872559e-01,1.000000000000000000e+00
1.806666666666666643e+01,1.135162145497111794e+02,9.672842025756835938e-01,1.000000000000000000e+00
1.807499999999999929e+01,1.135685744272710167e+02,9.546039700508117676e-01,9.999999403953552246e-01
1.808333333333333215e+01,1.136209343048308398e+02,9.328306317329406738e-01,1.000000000000000000e+00
1.809166666666666501e+01,1.136732941823906771e+02,8.988018035888671875e-01,1.000000000000000000e+00
1.809999999999999787e+01,1.137256540599505001e+02,8.492879271507263184e-01,1.000000000000000000e+00
1.810833333333333428e+01,1.137780139375103374e+02,7.816651463508605957e-01,9.999999403953552246e-01
1.811666666666666359e+01,1.138303738150701605e+02,6.957919597625732422e-01,1.000000000000000000e+00
1.812500000000000000e+01,1.138827336926299978e+02,5.984362959861755371e-01,1.000000000000000000e+00
1.813333333333333286e+01,1.139350935701898209e+02,5.100175142288208008e-01,9.999999403953552246e-01
1.814166666666666572e+01,1.139874534477496582e+02,4.642347395420074463e-01,1.000000000000000000e+00
1.814999999999999858e+01,1.140398133253094812e+02,4.827623069286346436e-01,1.000000000000000000e+00
1.815833333333333144e+01,1.140921732028693185e+02,5.482246279716491699e-01,1.000000000000000000e+00
1.816666666666666430e+01,1.141445330804291416e+02,6.393479704856872559e-01,1.000000000000000000e+00
1.817500000000000071e+01,1.141968929579889789e+02,7.527291178703308105e-01,9.999999403953552246e-01
1.818333333333333357e+01,1.142492528355488020e+02,8.084517717361450195e-01,9.999999403953552246e-01
1.819166666666666643e+01,1.143016127131086392e+02,7.296865582466125488e-01,9.999999403953552246e-01
1.819999999999999929e+01,1.143539725906684623e+02,5.932152867317199707e-01,1.000000000000000000e+00
1.820833333333333215e+01,1.144063324682282996e+02,5.386455655097961426e-01,1.000000000000000000e+00
1.821666666666666501e+01,1.144586923457881227e+02,6.953312158584594727e-01,1.000000119209289551e+00
1.822500000000000142e+01,1.145110522233479600e+02,7.692355513572692871e-01,9.999999403953552246e-01
1.823333333333333073e+01,1.145634121009077830e+02,7.627237439155578613e-01,9.999999403953552246e-01
1.824166666666666714e+01,1.146157719784676203e+02,7.466008663177490234e-01,9.999999403953552246e-01
1.825000000000000000e+01,1.146681318560274434e+02,7.292334437370300293e-01,1.000000000000000000e+00
1.825833333333333286e+01,1.147204917335872665e+02,7.114012837409973145e-01,1.000000000000000000e+00
1.826666666666666572e+01,1.147728516111471038e+02,6.930291056632995605e-01,9.999999403953552246e-01
1.827499999999999858e+01,1.148252114887069268e+02,6.741271018981933594e-01,1.000000000000000000e+00
1.828333333333333144e+01,1.148775713662667641e+02,6.547094583511352539e-01,9.999999403953552246e-01
1.829166666666666430e+01,1.149299312438265872e+02,6.347928047180175781e-01,1.000000000000000000e+00
1.830000000000000071e+01,1.149822911213864245e+02,6.143938899040222168e-01,9.999999403953552246e-01
1.830833333333333002e+01,1.150346509989462476e+02,5.935297012329101562e-01,1.000000000000000000e+00
1.831666666666666643e+01,1.150870108765060849e+02,5.722169280052185059e-01,1.000000000000000000e+00
1.832499999999999929e+01,1.151393707540659079e+02,5.504723787307739258e-01,1.000000000000000000e+00
1.833333333333333215e+01,1.151917306316257452e+02,5.283128619194030762e-01,9.999999403953552246e-01
1.834166666666666501e+01,1.152440905091855683e+02,5.057556033134460449e-01,1.000000000000000000e+00
1.835000000000000142e+01,1.152964503867454056e+02,4.828175604343414307e-01,9.999999403953552246e-01
1.835833333333333073e+01,1.153488102643052287e+02,4.595161378383636475e-01,9.999999403953552246e-01
1.836666666666666714e+01,1.154011701418650659e+02,4.358689486980438232e-01,9.999999403953552246e-01
1.837500000000000000e+01,1.154535300194248890e+02,4.118933677673339844e-01,1.000000000000000000e+00
1.838333333333333286e+01,1.155058898969847263e+02,3.876074254512786865e-01,1.000000000000000000e+00
1.839166666666666572e+01,1.155582497745445494e+02,3.630290031433105469e-01,1.000000000000000000e+00
1.839999999999999858e+01,1.156106096521043867e+02,3.381763100624084473e-01,9.999999403953552246e-01
1.840833333333333144e+01,1.156629695296642097e+02,3.130677342414855957e-01,9.999999403953552246e-01
1.841666666666666785e+01,1.157153294072240470e+02,2.877216339111328125e-01,1.000000000000000000e+00
1.842500000000000071e+01,1.157676892847838701e+02,2.621568441390991211e-01,1.000000000000000000e+00
1.843333333333333357e+01,1.158200491623437074e+02,2.363919764757156372e-01,1.000000000000000000e+00
1.844166666666666643e+01,1.158724090399035305e+02,2.104460746049880981e-01,9.999999403953552246e-01
1.844999999999999929e+01,1.159247689174633678e+02,1.843380928039550781e-01,1.000000000000000000e+00
1.845833333333333215e+01,1.159771287950231908e+02,1.580872386693954468e-01,9.999999403953552246e-01
1.846666666666666501e+01,1.160294886725830139e+02,1.317127048969268799e-01,1.000000000000000000e+00
1.847499999999999787e+01,1.160818485501428512e+02,1.052338406443595886e-01,1.000000000000000000e+00
1.848333333333333073e+01,1.161342084277026743e+02,7.867000252008438110e-02,1.000000000000000000e+00
1.849166666666666714e+01,1.161865683052625116e+02,5.204063653945922852e-02,9.999999403953552246e-01
1.850000000000000000e+01,1.162389281828223346e+02,2.536520920693874359e-02,9.999999403953552246e-01
1.850833333333333286e+01,1.162912880603821719e+02,-1.336813322268426418e-03,1.000000000000000000e+00
1.851666666666666572e+01,1.163436479379419950e+02,-2.804594673216342926e-02,1.000000000000000000e+00
1.852499999999999858e+01,1.163960078155018323e+02,-5.474271997809410095e-02,1.000000000000000000e+00
1.853333333333333144e+01,1.164483676930616554e+02,-8.140772581100463867e-02,1.000000000000000000e+00
1.854166666666666785e+01,1.165007275706214926e+02,-1.080215722322463989e-01,1.000000000000000000e+00
1.854999999999999716e+01,1.165530874481813157e+02,-1.345649361610412598e-01,1.000000000000000000e+00
1.855833333333333357e+01,1.166054473257411530e+02,-1.610186100006103516e-01,1.000000000000000000e+00
1.856666666666666643e+01,1.166578072033009761e+02,-1.873634904623031616e-01,1.000000000000000000e+00
1.857499999999999929e+01,1.167101670808608134e+02,-2.135805636644363403e-01,9.999999403953552246e-01
1.858333333333333215e+01,1.167625269584206364e+02,-2.396510094404220581e-01,1.000000000000000000e+00
1.859166666666666501e+01,1.168148868359804737e+02,-2.655561566352844238e-01,1.000000000000000000e+00
1.859999999999999787e+01,1.168672467135402968e+02,-2.912774682044982910e-01,9.999998807907104492e-01
1.860833333333333428e+01,1.169196065911001341e+02,-3.167966902256011963e-01,1.000000000000000000e+00
1.861666666666666714e+01,1.169719664686599572e+02,-3.420956730842590332e-01,9.999999403953552246e-01
1.862500000000000000e+01,1.170243263462197945e+02,-3.671566843986511230e-01,1.000000000000000000e+00
1.863333333333333286e+01,1.170766862237796175e+02,-3.919622302055358887e-01,1.000000000000000000e+00
1.864166666666666572e+01,1.171290461013394548e+02,-4.164949357509613037e-01,1.000000119209289551e+00
1.864999999999999858e+01,1.171814059788992779e+02,-4.407379329204559326e-01,1.000000000000000000e+00
1.865833333333333144e+01,1.172337658564591010e+02,-4.646747112274169922e-01,1.000000000000000000e+00
1.866666666666666430e+01,1.172861257340189383e+02,-4.882889688014984131e-01,1.000000000000000000e+00
1.867499999999999716e+01,1.173384856115787613e+02,-5.115651488304138184e-01,9.999999403953552246e-01
1.868333333333333357e+01,1.173908454891385986e+02,-5.344877243041992188e-01,9.999999403953552246e-01
1.869166666666666643e+01,1.174432053666984217e+02,-5.570421218872070312e-01,9.999999403953552246e-01
1.869999999999999929e+01,1.174955652442582590e+02,-5.792141556739807129e-01,9.999999403953552246e-01
1.870833333333333215e+01,1.175479251218180821e+02,-6.009901165962219238e-01,9.999999403953552246e-01
1.871666666666666501e+01,1.176002849993779193e+02,-6.223573088645935059e-01,1.000000000000000000e+00
1.872499999999999787e+01,1.176526448769377424e+02,-6.433038115501403809e-01,1.000000000000000000e+00
1.873333333333333428e+01,1.177050047544975797e+02,-6.638184785842895508e-01,1.000000000000000000e+00
1.874166666666666359e+01,1.177573646320574028e+02,-6.838912963867187500e-01,9.999999403953552246e-01
1.875000000000000000e+01,1.178097245096172401e+02,-7.035139203071594238e-01,9.999999403953552246e-01
1.875833333333333286e+01,1.178620843871770631e+02,-7.226790785789489746e-01,9.999998807907104492e-01
1.876666666666666572e+01,1.179144442647369004e+02,-7.413816452026367188e-01,9.999999403953552246e-01
1.877499999999999858e+01,1.179668041422967235e+02,-7.596187591552734375e-01,1.000000000000000000e+00
1.878333333333333499e+01,1.180191640198565608e+02,-7.773902416229248047e-01,1.000000000000000000e+00
1.879166666666666430e+01,1.180715238974163839e+02,-7.946984171867370605e-01,1.000000000000000000e+00
1.880000000000000071e+01,1.181238837749762212e+02,-8.115486502647399902e-01,1.000000000000000000e+00
1.880833333333333357e+01,1.181762436525360442e+02,-8.279477953910827637e-01,1.000000000000000000e+00
1.881666666666666643e+01,1.182286035300958815e+02,-8.438975214958190918e-01,9.999998807907104492e-01
1.882499999999999929e+01,1.182809634076557046e+02,-8.593788146972656250e-01,1.000000000000000000e+00
1.883333333333333215e+01,1.183333232852155419e+02,-8.743078112602233887e-01,9.999999403953552246e-01
1.884166666666666501e+01,1.183856831627753650e+02,-8.884642720222473145e-01,1.000000000000000000e+00
1.885000000000000142e+01,1.184380430403352022e+02,-9.015052914619445801e-01,1.000000000000000000e+00
1.885833333333333428e+01,1.184904029178950253e+02,-9.131593704223632812e-01,1.000000119209289551e+00
1.886666666666666359e+01,1.185427627954548484e+02,-9.233791232109069824e-01,1.000000000000000000e+00
1.887500000000000000e+01,1.185951226730146857e+02,-9.323162436485290527e-01,9.999999403953552246e-01
1.888333333333333286e+01,1.186474825505745088e+02,-9.402070045471191406e-01,1.000000000000000000e+00
1.889166666666666572e+01,1.186998424281343461e+02,-9.472724795341491699e-01,1.000000000000000000e+00
1.889999999999999858e+01,1.187522023056941691e+02,-9.536687731742858887e-01,9.999999403953552246e-01
1.890833333333333144e+01,1.188045621832540064e+02,-9.594808816909790039e-01,1.000000000000000000e+00
1.891666666666666430e+01,1.188569220608138295e+02,-9.647366404533386230e-01,1.000000000000000000e+00
1.892500000000000071e+01,1.189092819383736668e+02,-9.694277048110961914e-01,1.000000000000000000e+00
1.893333333333333357e+01,1.189616418159334899e+02,-9.735277295112609863e-01,9.999999403953552246e-01
1.894166666666666643e+01,1.190140016934933271e+02,-9.770084619522094727e-01,1.000000000000000000e+00
1.894999999999999929e+01,1.190663615710531502e+02,-9.798507094383239746e-01,1.000000000000000000e+00
1.895833333333333215e+01,1.191187214486129875e+02,-9.820535778999328613e-01,9.999999403953552246e-01
1.896666666666666501e+01,1.191710813261728106e+02,-9.836421012878417969e-01,1.000000000000000000e+00
1.897500000000000142e+01,1.192234412037326479e+02,-9.846710562705993652e-01,1.000000000000000000e+00
1.898333333333333073e+01,1.192758010812924709e+02,-9.852306246757507324e-01,1.000000000000000000e+00
1.899166666666666714e+01,1.193281609588523082e+02,-9.854465723037719727e-01,1.000000000000000000e+00
1.900000000000000000e+01,1.193805208364121313e+02,-9.854782223701477051e-01,9.999999403953552246e-01
1.900833333333333286e+01,1.194328807139719686e+02,-9.855108261108398438e-01,1.000000000000000000e+00
1.901666666666666572e+01,1.194852405915317917e+02,-9.857351183891296387e-01,1.000000000000000000e+00
1.902499999999999858e+01,1.195376004690916290e+02,-9.863126873970031738e-01,1.000000000000000000e+00
1.903333333333333144e+01,1.195899603466514520e+02,-9.873155951499938965e-01,9.999999403953552246e-01
1.904166666666666785e+01,1.196423202242112893e+02,-9.886392951011657715e-01,1.000000000000000000e+00
1.905000000000000071e+01,1.196946801017711124e+02,-9.898918271064758301e-01,1.000000000000000000e+00
1.905833333333333002e+01,1.197470399793309355e+02,-9.902707934379577637e-01,1.000000000000000000e+00
1.906666666666666643e+01,1.197993998568907728e+02,-9.884504675865173340e-01,1.000000000000000000e+00
1.907499999999999929e+01,1.198517597344505958e+02,-9.825012087821960449e-01,1.000000000000000000e+00
1.908333333333333215e+01,1.199041196120104331e+02,-9.698488116264343262e-01,1.000000000000000000e+00
1.909166666666666501e+01,1.199564794895702562e+02,-9.472650885581970215e-01,1.000000000000000000e+00
1.909999999999999787e+01,1.200088393671300935e+02,-9.108894467353820801e-01,9.999999403953552246e-01
1.910833333333333073e+01,1.200611992446899166e+02,-8.563925623893737793e-01,1.000000000000000000e+00
1.911666666666666714e+01,1.201135591222497538e+02,-7.797493338584899902e-01,1.000000119209289551e+00
1.912500000000000000e+01,1.201659189998095769e+02,-6.798521876335144043e-01,1.000000000000000000e+00
1.913333333333333286e+01,1.202182788773694142e+02,-5.648501515388488770e-01,9.999999403953552246e-01
1.914166666666666572e+01,1.202706387549292373e+02,-4.609253406524658203e-01,1.000000000000000000e+00
1.914999999999999858e+01,1.203229986324890746e+02,-4.091585278511047363e-01,9.999999403953552246e-01
1.915833333333333144e+01,1.203753585100488976e+02,-4.321707189083099365e-01,1.000000000000000000e+00
1.916666666666666785e+01,1.204277183876087349e+02,-5.088872313499450684e-01,1.000000000000000000e+00
1.917499999999999716e+01,1.204800782651685580e+02,-6.197536587715148926e-01,9.999999403953552246e-01
1.918333333333333357e+01,1.205324381427283953e+02,-7.544571161270141602e-01,1.000000000000000000e+00
1.919166666666666643e+01,1.205847980202882184e+02,-8.072323799133300781e-01,1.000000000000000000e+00
1.919999999999999929e+01,1.206371578978480557e+02,-7.167106866836547852e-01,1.000000000000000000e+00
1.920833333333333215e+01,1.206895177754078787e+02,-5.893034934997558594e-01,1.000000000000000000e+00
1.921666666666666501e+01,1.207418776529677160e+02,-6.031898856163024902e-01,1.000000000000000000e+00
1.922499999999999787e+01,1.207942375305275391e+02,-7.219558954238891602e-01,1.000000000000000000e+00
1.923333333333333428e+01,1.208465974080873764e+02,-7.403112649917602539e-01,9.999999403953552246e-01
1.924166666666666714e+01,1.208989572856471995e+02,-7.262094616889953613e-01,1.000000000000000000e+00
1.924999999999999645e+01,1.209513171632070225e+02,-7.090032696723937988e-01,9.999999403953552246e-01
1.925833333333333286e+01,1.210036770407668598e+02,-6.911286711692810059e-01,1.000000000000000000e+00
1.926666666666666572e+01,1.210560369183266829e+02,-6.728029251098632812e-01,1.000000000000000000e+00
1.927499999999999858e+01,1.211083967958865202e+02,-6.539999842643737793e-01,9.999999403953552246e-01
1.928333333333333144e+01,1.211607566734463433e+02,-6.347308158874511719e-01,9.999999403953552246e-01
1.929166666666666430e+01,1.212131165510061805e+02,-6.150111556053161621e-01,1.000000000000000000e+00
1.929999999999999716e+01,1.212654764285660036e+02,-5.948576331138610840e-01,9.999998807907104492e-01
1.930833333333333357e+01,1.213178363061258409e+02,-5.742875337600708008e-01,9.999999403953552246e-01
1.931666666666666643e+01,1.213701961836856640e+02,-5.533171892166137695e-01,1.000000000000000000e+00
1.932499999999999929e+01,1.214225560612455013e+02,-5.319634675979614258e-01,1.000000000000000000e+00
1.933333333333333215e+01,1.214749159388053243e+02,-5.102424621582031250e-01,9.999999403953552246e-01
1.934166666666666501e+01,1.215272758163651616e+02,-4.881707727909088135e-01,1.000000000000000000e+00
1.934999999999999787e+01,1.215796356939249847e+02,-4.657643437385559082e-01,1.000000000000000000e+00
1.935833333333333428e+01,1.216319955714848220e+02,-4.430395066738128662e-01,1.000000000000000000e+00
1.936666666666666359e+01,1.216843554490446451e+02,-4.200123846530914307e-01,1.000000000000000000e+00
1.937500000000000000e+01,1.217367153266044824e+02,-3.966994285583496094e-01,9.999999403953552246e-01
1.938333333333333286e+01,1.217890752041643054e+02,-3.731165230274200439e-01,1.000000000000000000e+00
1.939166666666666572e+01,1.218414350817241427e+02,-3.492801189422607422e-01,9.999999403953552246e-01
1.939999999999999858e+01,1.218937949592839658e+02,-3.252063691616058350e-01,1.000000000000000000e+00
1.940833333333333499e+01,1.219461548368438031e+02,-3.009118735790252686e-01,1.000000000000000000e+00
1.941666666666666430e+01,1.219985147144036262e+02,-2.764127552509307861e-01,1.000000119209289551e+00
1.942500000000000071e+01,1.220508745919634634e+02,-2.517255842685699463e-01,1.000000000000000000e+00
1.943333333333333357e+01,1.221032344695232865e+02,-2.268668264150619507e-01,1.000000000000000000e+00
1.944166666666666643e+01,1.221555943470831238e+02,-2.018529027700424194e-01,9.999999403953552246e-01
1.944999999999999929e+01,1.222079542246429469e+02,-1.767004281282424927e-01,9.999999403953552246e-01
1.945833333333333215e+01,1.222603141022027700e+02,-1.514260023832321167e-01,1.000000000000000000e+00
1.946666666666666501e+01,1.223126739797626072e+02,-1.260462105274200439e-01,1.000000000000000000e+00
1.947499999999999787e+01,1.223650338573224303e+02,-1.005776673555374146e-01,9.999999403953552246e-01
1.948333333333333428e+01,1.224173937348822676e+02,-7.503701746463775635e-02,9.999999403953552246e-01
1.949166666666666359e+01,1.224697536124420907e+02,-4.944092780351638794e-02,9.999999403953552246e-01
1.950000000000000000e+01,1.225221134900019280e+02,-2.380601875483989716e-02,1.000000000000000000e+00
1.950833333333333286e+01,1.225744733675617510e+02,1.851079636253416538e-03,9.999999403953552246e-01
1.951666666666666572e+01,1.226268332451215883e+02,2.751373127102851868e-02,9.999999403953552246e-01
1.952499999999999858e+01,1.226791931226814114e+02,5.316536501049995422e-02,1.000000000000000000e+00
1.953333333333333144e+01,1.227315530002412487e+02,7.878942787647247314e-02,9.999999403953552246e-01
1.954166666666666430e+01,1.227839128778010718e+02,1.043694019317626953e-01,9.999999403953552246e-01
1.955000000000000071e+01,1.228362727553609091e+02,1.298888772726058960e-01,9.999999403953552246e-01
1.955833333333333357e+01,1.228886326329207321e+02,1.553314030170440674e-01,1.000000000000000000e+00
1.956666666666666643e+01,1.229409925104805694e+02,1.806807368993759155e-01,9.999999403953552246e-01
1.957499999999999929e+01,1.229933523880403925e+02,2.059206515550613403e-01,1.000000000000000000e+00
1.958333333333333215e+01,1.230457122656002298e+02,2.310350388288497925e-01,9.999999403953552246e-01
1.959166666666666501e+01,1.230980721431600529e+02,2.560078799724578857e-01,9.999998807907104492e-01
1.960000000000000142e+01,1.231504320207198901e+02,2.808233201503753662e-01,9.999999403953552246e-01
1.960833333333333073e+01,1.232027918982797132e+02,3.054656684398651123e-01,1.000000000000000000e+00
1.961666666666666714e+01,1.232551517758395505e+02,3.299193382263183594e-01,9.999998807907104492e-01
1.962500000000000000e+01,1.233075116533993736e+02,3.541688919067382812e-01,1.000000000000000000e+00
1.963333333333333286e+01,1.233598715309592109e+02,3.781991899013519287e-01,1.000000000000000000e+00
1.964166666666666572e+01,1.234122314085190339e+02,4.019952714443206787e-01,1.000000000000000000e+00
1.964999999999999858e+01,1.234645912860788570e+02,4.255424439907073975e-01,9.999999403953552246e-01
1.965833333333333144e+01,1.235169511636386943e+02,4.488262236118316650e-01,9.999999403953552246e-01
1.966666666666666430e+01,1.235693110411985174e+02,4.718325138092041016e-01,9.999999403953552246e-01
1.967500000000000071e+01,1.236216709187583547e+02,4.945474565029144287e-01,1.000000000000000000e+00
1.968333333333333002e+01,1.236740307963181777e+02,5.169577598571777344e-01,9.999999403953552246e-01
1.969166666666666643e+01,1.237263906738780150e+02,5.390504598617553711e-01,1.000000000000000000e+00
1.969999999999999929e+01,1.237787505514378381e+02,5.608129501342773438e-01,1.000000000000000000e+00
1.970833333333333215e+01,1.238311104289976754e+02,5.822336077690124512e-01,1.000000000000000000e+00
1.971666666666666501e+01,1.238834703065574985e+02,6.033014655113220215e-01,1.000000000000000000e+00
1.972499999999999787e+01,1.239358301841173358e+02,6.240059733390808105e-01,9.999999403953552246e-01
1.973333333333333073e+01,1.239881900616771588e+02,6.443382501602172852e-01,1.000000000000000000e+00
1.974166666666666714e+01,1.240405499392369961e+02,6.642899513244628906e-01,1.000000000000000000e+00
1.975000000000000000e+01,1.240929098167968192e+02,6.838549375534057617e-01,9.999999403953552246e-01
1.975833333333333286e+01,1.241452696943566565e+02,7.030285596847534180e-01,1.000000000000000000e+00
1.976666666666666572e+01,1.241976295719164796e+02,7.218084335327148438e-01,9.999999403953552246e-01
1.977499999999999858e+01,1.242499894494763168e+02,7.401953935623168945e-01,9.999999403953552246e-01
1.978333333333333144e+01,1.243023493270361399e+02,7.581932544708251953e-01,1.000000000000000000e+00
1.979166666666666785e+01,1.243547092045959772e+02,7.758100032806396484e-01,9.999999403953552246e-01
1.979999999999999716e+01,1.244070690821558003e+02,7.930563688278198242e-01,1.000000000000000000e+00
1.980833333333333357e+01,1.244594289597156376e+02,8.099431991577148438e-01,1.000000000000000000e+00
1.981666666666666643e+01,1.245117888372754607e+02,8.264681100845336914e-01,1.000000000000000000e+00
1.982499999999999929e+01,1.245641487148352979e+02,8.425806164741516113e-01,1.000000000000000000e+00
1.983333333333333215e+01,1.246165085923951210e+02,8.581039309501647949e-01,1.000000000000000000e+00
1.984166666666666856e+01,1.246688684699549583e+02,8.726806640625000000e-01,1.000000000000000000e+00
1.984999999999999787e+01,1.247212283475147814e+02,8.859327435493469238e-01,9.999998807907104492e-01
1.985833333333333073e+01,1.247735882250746045e+02,8.976909518241882324e-01,1.000000000000000000e+00
1.986666666666666714e+01,1.248259481026344417e+02,9.080408215522766113e-01,1.000000000000000000e+00
1.987499999999999645e+01,1.248783079801942648e+02,9.172138571739196777e-01,1.000000000000000000e+00
1.988333333333333286e+01,1.249306678577541021e+02,9.254615902900695801e-01,1.000000119209289551e+00
1.989166666666666572e+01,1.249830277353139252e+02,9.329801797866821289e-01,1.000000000000000000e+00
1.989999999999999858e+01,1.250353876128737625e+02,9.398860931396484375e-01,9.999999403953552246e-01
1.990833333333333144e+01,1.250877474904335855e+02,9.462255835533142090e-01,9.999999403953552246e-01
1.991666666666666785e+01,1.251401073679934228e+02,9.519951939582824707e-01,1.000000000000000000e+00
1.992499999999999716e+01,1.251924672455532459e+02,9.571620821952819824e-01,1.000000000000000000e+00
1.993333333333333357e+01,1.252448271231130832e+02,9.616823196411132812e-01,9.999999403953552246e-01
1.994166666666666643e+01,1.252971870006729063e+02,9.655159115791320801e-01,1.000000000000000000e+00
1.994999999999999929e+01,1.253495468782327436e+02,9.686371684074401855e-01,9.999999403953552246e-01
1.995833333333333215e+01,1.254019067557925666e+02,9.710443615913391113e-01,1.000000000000000000e+00
1.996666666666666501e+01,1.254542666333524039e+02,9.727670550346374512e-01,9.999999403953552246e-01
1.997499999999999787e+01,1.255066265109122270e+02,9.738714098930358887e-01,1.000000000000000000e+00
1.998333333333333428e+01,1.255589863884720643e+02,9.744631052017211914e-01,1.000000000000000000e+00
1.999166666666666714e+01,1.256113462660318874e+02,9.746872186660766602e-01,1.000000119209289551e+00
2.000000000000000000e+01,1.256637061435917246e+02,9.747194647789001465e-01,1.000000000000000000e+00
2.000833333333333286e+01,1.257160660211515477e+02,9.747502207756042480e-01,1.000000000000000000e+00
2.001666666666666572e+01,1.257684258987113850e+02,9.749499559402465820e-01,1.000000119209289551e+00
2.002499999999999858e+01,1.258207857762712081e+02,9.754120111465454102e-01,1.000000000000000000e+00
2.003333333333333499e+01,1.258731456538310454e+02,9.760673642158508301e-01,1.000000000000000000e+00
2.004166666666666430e+01,1.259255055313908684e+02,9.765741229057312012e-01,1.000000000000000000e+00
2.004999999999999716e+01,1.259778654089506915e+02,9.761967062950134277e-01,9.999998807907104492e-01
2.005833333333333357e+01,1.260302252865105288e+02,9.736986160278320312e-01,1.000000000000000000e+00
2.006666666666666643e+01,1.260825851640703519e+02,9.672843813896179199e-01,1.000000000000000000e+00
2.007499999999999929e+01,1.261349450416301892e+02,9.546039700508117676e-01,1.000000000000000000e+00
2.008333333333333215e+01,1.261873049191900122e+02,9.328308105468750000e-01,1.000000000000000000e+00
2.009166666666666501e+01,1.262396647967498495e+02,8.988019824028015137e-01,1.000000000000000000e+00
2.009999999999999787e+01,1.262920246743096726e+02,8.492879271507263184e-01,1.000000000000000000e+00
2.010833333333333428e+01,1.263443845518695099e+02,7.816652655601501465e-01,1.000000000000000000e+00
2.011666666666666359e+01,1.263967444294293330e+02,6.957921385765075684e-01,1.000000000000000000e+00
2.012500000000000000e+01,1.264491043069891703e+02,5.984362959861755371e-01,9.999998807907104492e-01
2.013333333333333286e+01,1.265014641845489933e+02,5.100174546241760254e-01,1.000000000000000000e+00
2.014166666666666572e+01,1.265538240621088306e+02,4.642347991466522217e-01,9.999999403953552246e-01
2.014999999999999858e+01,1.266061839396686537e+02,4.827624857425689697e-01,1.000000000000000000e+00
2.015833333333333144e+01,1.266585438172284910e+02,5.482250452041625977e-01,1.000000000000000000e+00
2.016666666666666430e+01,1.267109036947883141e+02,6.393481492996215820e-01,1.000000000000000000e+00
2.017500000000000071e+01,1.267632635723481513e+02,7.527281641960144043e-01,1.000000000000000000e+00
2.018333333333333357e+01,1.268156234499079744e+02,8.084492087364196777e-01,1.000000000000000000e+00
2.019166666666666643e+01,1.268679833274678117e+02,7.296833395957946777e-01,1.000000000000000000e+00
2.019999999999999929e+01,1.269203432050276348e+02,5.932132005691528320e-01,9.999999403953552246e-01
2.020833333333333215e+01,1.269727030825874721e+02,5.386469960212707520e-01,1.000000000000000000e+00
2.021666666666666501e+01,1.270250629601472951e+02,6.953331232070922852e-01,9.999999403953552246e-01
2.022500000000000142e+01,1.270774228377071324e+02,7.692357301712036133e-01,1.000000000000000000e+00
2.023333333333333073e+01,1.271297827152669555e+02,7.627236843109130859e-01,9.999999403953552246e-01
2.024166666666666714e+01,1.271821425928267928e+02,7.466008067131042480e-01,9.999999403953552246e-01
2.025000000000000000e+01,1.272345024703866159e+02,7.292334437370300293e-01,1.000000000000000000e+00
2.025833333333333286e+01,1.272868623479464389e+02,7.114012837409973145e-01,1.000000000000000000e+00
2.026666666666666572e+01,1.273392222255062762e+02,6.930291056632995605e-01,9.999999403953552246e-01
2.027499999999999858e+01,1.273915821030660993e+02,6.741271018981933594e-01,1.000000000000000000e+00
2.028333333333333144e+01,1.274439419806259366e+02,6.547095179557800293e-01,9.999999403953552246e-01
2.029166666666666430e+01,1.274963018581857597e+02,6.347928047180175781e-01,1.000000000000000000e+00
2.030000000000000071e+01,1.275486617357455970e+02,6.143938899040222168e-01,9.999999403953552246e-01
2.030833333333333002e+01,1.276010216133054200e+02,5.935297012329101562e-01,1.000000000000000000e+00
2.031666666666666643e+01,1.276533814908652573e+02,5.722169280052185059e-01,1.000000000000000000e+00
2.032499999999999929e+01,1.277057413684250804e+02,5.504723787307739258e-01,1.000000000000000000e+00
2.033333333333333215e+01,1.277581012459849177e+02,5.283128023147583008e-01,1.000000000000000000e+00
2.034166666666666501e+01,1.278104611235447408e+02,5.057556033134460449e-01,1.000000000000000000e+00
2.035000000000000142e+01,1.278628210011045780e+02,4.828175604343414307e-01,1.000000000000000000e+00
2.035833333333333073e+01,1.279151808786644011e+02,4.595161378383636475e-01,1.000000000000000000e+00
2.036666666666666714e+01,1.279675407562242384e+02,4.358689486980438232e-01,1.000000000000000000e+00
2.037500000000000000e+01,1.280199006337840615e+02,4.118933677673339844e-01,1.000000000000000000e+00
2.038333333333333286e+01,1.280722605113438988e+02,3.876074254512786865e-01,9.999999403953552246e-01
2.039166666666666927e+01,1.281246203889037361e+02,3.630290031433105469e-01,1.000000000000000000e+00
2.039999999999999858e+01,1.281769802664635449e+02,3.381763398647308350e-01,9.999999403953552246e-01
2.040833333333333144e+01,1.282293401440233822e+02,3.130677342414855957e-01,9.999999403953552246e-01
2.041666666666666785e+01,1.282817000215832195e+02,2.877216339111328125e-01,1.000000000000000000e+00
2.042500000000000071e+01,1.283340598991430568e+02,2.621568143367767334e-01,1.000000000000000000e+00
2.043333333333333002e+01,1.283864197767028656e+02,2.363920211791992188e-01,1.000000000000000000e+00
2.044166666666666643e+01,1.284387796542627029e+02,2.104460448026657104e-01,1.000000000000000000e+00
2.044999999999999929e+01,1.284911395318225402e+02,1.843380928039550781e-01,1.000000000000000000e+00
2.045833333333332860e+01,1.285434994093823491e+02,1.580872386693954468e-01,9.999999403953552246e-01
2.046666666666666501e+01,1.285958592869421864e+02,1.317127197980880737e-01,1.000000000000000000e+00
2.047499999999999787e+01,1.286482191645020237e+02,1.052338406443595886e-01,1.000000000000000000e+00
2.048333333333333428e+01,1.287005790420618609e+02,7.867000252008438110e-02,1.000000000000000000e+00
2.049166666666666359e+01,1.287529389196216698e+02,5.204063653945922852e-02,1.000000000000000000e+00
2.050000000000000000e+01,1.288052987971815071e+02,2.536520734429359436e-02,9.999999403953552246e-01
2.050833333333333286e+01,1.288576586747413444e+02,-1.336805755272507668e-03,1.000000000000000000e+00
2.051666666666666572e+01,1.289100185523011817e+02,-2.804594114422798157e-02,1.000000000000000000e+00
2.052499999999999858e+01,1.289623784298609905e+02,-5.474271997809410095e-02,1.000000119209289551e+00
2.053333333333333144e+01,1.290147383074208278e+02,-8.140771836042404175e-02,9.999999403953552246e-01
2.054166666666666785e+01,1.290670981849806651e+02,-1.080215498805046082e-01,9.999999403953552246e-01
2.055000000000000071e+01,1.291194580625405024e+02,-1.345649361610412598e-01,9.999999403953552246e-01
2.055833333333333002e+01,1.291718179401003113e+02,-1.610186100006103516e-01,9.999999403953552246e-01
2.056666666666666643e+01,1.292241778176601485e+02,-1.873634904623031616e-01,9.999999403953552246e-01
2.057499999999999929e+01,1.292765376952199858e+02,-2.135805636644363403e-01,1.000000000000000000e+00
2.058333333333333570e+01,1.293288975727798231e+02,-2.396510690450668335e-01,1.000000000000000000e+00
2.059166666666666501e+01,1.293812574503396320e+02,-2.655561566352844238e-01,1.000000000000000000e+00
2.059999999999999787e+01,1.294336173278994693e+02,-2.912774682044982910e-01,9.999999403953552246e-01
2.060833333333333428e+01,1.294859772054593066e+02,-3.167966604232788086e-01,1.000000000000000000e+00
2.061666666666666714e+01,1.295383370830191438e+02,-3.420956730842590332e-01,9.999999403953552246e-01
2.062499999999999645e+01,1.295906969605789527e+02,-3.671567142009735107e-01,1.000000000000000000e+00
2.063333333333333286e+01,1.296430568381387900e+02,-3.919622302055358887e-01,9.999999403953552246e-01
2.064166666666666572e+01,1.296954167156986273e+02,-4.164949357509613037e-01,1.000000000000000000e+00
2.064999999999999858e+01,1.297477765932584362e+02,-4.407379329204559326e-01,9.999999403953552246e-01
2.065833333333333144e+01,1.298001364708182734e+02,-4.646746814250946045e-01,9.999999403953552246e-01
2.066666666666666430e+01,1.298524963483781107e+02,-4.882889688014984131e-01,9.999999403953552246e-01
2.067500000000000071e+01,1.299048562259379480e+02,-5.115650296211242676e-01,1.000000000000000000e+00
2.068333333333333002e+01,1.299572161034977569e+02,-5.344877243041992188e-01,1.000000000000000000e+00
2.069166666666666643e+01,1.300095759810575942e+02,-5.570421218872070312e-01,1.000000000000000000e+00
2.069999999999999929e+01,1.300619358586174314e+02,-5.792140960693359375e-01,1.000000000000000000e+00
2.070833333333333570e+01,1.301142957361772687e+02,-6.009901165962219238e-01,1.000000000000000000e+00
2.071666666666666501e+01,1.301666556137370776e+02,-6.223573684692382812e-01,1.000000119209289551e+00
2.072499999999999787e+01,1.302190154912969149e+02,-6.433038115501403809e-01,1.000000000000000000e+00
2.073333333333333428e+01,1.302713753688567522e+02,-6.638184785842895508e-01,9.999999403953552246e-01
2.074166666666666714e+01,1.303237352464165895e+02,-6.838912963867187500e-01,1.000000000000000000e+00
2.074999999999999645e+01,1.303760951239763983e+02,-7.035138607025146484e-01,1.000000000000000000e+00
2.075833333333333286e+01,1.304284550015362356e+02,-7.226790189743041992e-01,9.999999403953552246e-01
2.076666666666666572e+01,1.304808148790960729e+02,-7.413817644119262695e-01,9.999999403953552246e-01
2.077500000000000213e+01,1.305331747566559102e+02,-7.596189379692077637e-01,9.999999403953552246e-01
2.078333333333333144e+01,1.305855346342157191e+02,-7.773902416229248047e-01,9.999999403953552246e-01
2.079166666666666430e+01,1.306378945117755563e+02,-7.946984171867370605e-01,1.000000000000000000e+00
2.080000000000000071e+01,1.306902543893353936e+02,-8.115486502647399902e-01,9.999999403953552246e-01
2.080833333333333357e+01,1.307426142668952309e+02,-8.279476165771484375e-01,1.000000000000000000e+00
2.081666666666666288e+01,1.307949741444550398e+02,-8.438976407051086426e-01,1.000000000000000000e+00
2.082499999999999929e+01,1.308473340220148771e+02,-8.593788146972656250e-01,1.000000000000000000e+00
2.083333333333333215e+01,1.308996938995747144e+02,-8.743078112602233887e-01,1.000000000000000000e+00
2.084166666666666501e+01,1.309520537771345232e+02,-8.884643912315368652e-01,1.000000000000000000e+00
2.084999999999999787e+01,1.310044136546943605e+02,-9.015052914619445801e-01,1.000000000000000000e+00
2.085833333333333428e+01,1.310567735322541978e+02,-9.131595492362976074e-01,1.000000000000000000e+00
2.086666666666666714e+01,1.311091334098140351e+02,-9.233792424201965332e-01,1.000000000000000000e+00
2.087499999999999645e+01,1.311614932873738439e+02,-9.323164224624633789e-01,9.999999403953552246e-01
2.088333333333333286e+01,1.312138531649336812e+02,-9.402071237564086914e-01,1.000000000000000000e+00
2.089166666666666572e+01,1.312662130424935185e+02,-9.472724795341491699e-01,1.000000000000000000e+00
2.090000000000000213e+01,1.313185729200533558e+02,-9.536688923835754395e-01,9.999999403953552246e-01
2.090833333333333144e+01,1.313709327976131647e+02,-9.594808816909790039e-01,1.000000000000000000e+00
2.091666666666666430e+01,1.314232926751730020e+02,-9.647365808486938477e-01,1.000000000000000000e+00
2.092500000000000071e+01,1.314756525527328392e+02,-9.694275856018066406e-01,1.000000000000000000e+00
2.093333333333333357e+01,1.315280124302926765e+02,-9.735277295112609863e-01,9.999999403953552246e-01
2.094166666666666288e+01,1.315803723078524854e+02,-9.770083427429199219e-01,1.000000000000000000e+00
2.094999999999999929e+01,1.316327321854123227e+02,-9.798507690429687500e-01,1.000000000000000000e+00
2.095833333333333215e+01,1.316850920629721600e+02,-9.820537567138671875e-01,1.000000000000000000e+00
2.096666666666666856e+01,1.317374519405319973e+02,-9.836420416831970215e-01,9.999999403953552246e-01
2.097499999999999787e+01,1.317898118180918061e+02,-9.846710562705993652e-01,1.000000000000000000e+00
2.098333333333333073e+01,1.318421716956516434e+02,-9.852304458618164062e-01,1.000000000000000000e+00
2.099166666666666714e+01,1.318945315732114807e+02,-9.854464530944824219e-01,1.000000000000000000e+00
2.100000000000000000e+01,1.319468914507713180e+02,-9.854782223701477051e-01,1.000000000000000000e+00
2.100833333333333286e+01,1.319992513283311268e+02,-9.855108261108398438e-01,1.000000000000000000e+00
2.101666666666666572e+01,1.320516112058909641e+02,-9.857351183891296387e-01,1.000000000000000000e+00
2.102499999999999858e+01,1.321039710834508014e+02,-9.863126873970031738e-01,1.000000119209289551e+00
2.103333333333333499e+01,1.321563309610106387e+02,-9.873153567314147949e-01,1.000000000000000000e+00
2.104166666666666430e+01,1.322086908385704476e+02,-9.886392951011657715e-01,9.999999403953552246e-01
2.105000000000000071e+01,1.322610507161302849e+02,-9.898918271064758301e-01,1.000000000000000000e+00
2.105833333333333357e+01,1.323134105936901221e+02,-9.902707934379577637e-01,9.999999403953552246e-01
2.106666666666666288e+01,1.323657704712499310e+02,-9.884504675865173340e-01,9.999999403953552246e-01
2.107499999999999929e+01,1.324181303488097683e+02,-9.825010299682617188e-01,9.999999403953552246e-01
2.108333333333333215e+01,1.324704902263696056e+02,-9.698486328125000000e-01,1.000000000000000000e+00
2.109166666666666856e+01,1.325228501039294429e+02,-9.472649693489074707e-01,1.000000119209289551e+00
2.109999999999999787e+01,1.325752099814892517e+02,-9.108892679214477539e-01,1.000000000000000000e+00
2.110833333333333073e+01,1.326275698590490890e+02,-8.563925027847290039e-01,9.999998807907104492e-01
2.111666666666666714e+01,1.326799297366089263e+02,-7.797490358352661133e-01,1.000000000000000000e+00
2.112500000000000000e+01,1.327322896141687636e+02,-6.798520088195800781e-01,1.000000000000000000e+00
2.113333333333332931e+01,1.327846494917285725e+02,-5.648497343063354492e-01,1.000000000000000000e+00
2.114166666666666572e+01,1.328370093692884097e+02,-4.609248638153076172e-01,1.000000000000000000e+00
2.114999999999999858e+01,1.328893692468482470e+02,-4.091577529907226562e-01,9.999999403953552246e-01
2.115833333333333499e+01,1.329417291244080843e+02,-4.321698844432830811e-01,9.999998807907104492e-01
2.116666666666666430e+01,1.329940890019678932e+02,-5.088865160942077637e-01,9.999999403953552246e-01
2.117499999999999716e+01,1.330464488795277305e+02,-6.197540163993835449e-01,9.999999403953552246e-01
2.118333333333333357e+01,1.330988087570875678e+02,-7.544596195220947266e-01,1.000000000000000000e+00
2.119166666666666643e+01,1.331511686346474050e+02,-8.072374463081359863e-01,1.000000000000000000e+00
2.119999999999999929e+01,1.332035285122072139e+02,-7.167169451713562012e-01,1.000000000000000000e+00
2.120833333333333215e+01,1.332558883897670512e+02,-5.893058180809020996e-01,1.000000000000000000e+00
2.121666666666666501e+01,1.333082482673268885e+02,-6.031851172447204590e-01,1.000000000000000000e+00
2.122500000000000142e+01,1.333606081448867258e+02,-7.219536304473876953e-01,1.000000000000000000e+00
2.123333333333333073e+01,1.334129680224465346e+02,-7.403110861778259277e-01,1.000000119209289551e+00
2.124166666666666714e+01,1.334653279000063719e+02,-7.262095212936401367e-01,1.000000000000000000e+00
2.125000000000000000e+01,1.335176877775662092e+02,-7.090032696723937988e-01,9.999999403953552246e-01
2.125833333333332931e+01,1.335700476551260181e+02,-6.911286115646362305e-01,1.000000000000000000e+00
2.126666666666666572e+01,1.336224075326858554e+02,-6.728030443191528320e-01,9.999999403953552246e-01
2.127499999999999858e+01,1.336747674102456926e+02,-6.539999246597290039e-01,9.999999403953552246e-01
2.128333333333333499e+01,1.337271272878055299e+02,-6.347308158874511719e-01,1.000000000000000000e+00
2.129166666666666430e+01,1.337794871653653388e+02,-6.150111556053161621e-01,1.000000000000000000e+00
2.129999999999999716e+01,1.338318470429251761e+02,-5.948576927185058594e-01,1.000000000000000000e+00
2.130833333333333357e+01,1.338842069204850134e+02,-5.742875337600708008e-01,1.000000000000000000e+00
2.131666666666666643e+01,1.339365667980448507e+02,-5.533171892166137695e-01,1.000000000000000000e+00
2.132499999999999574e+01,1.339889266756046595e+02,-5.319634675979614258e-01,1.000000000000000000e+00
2.133333333333333215e+01,1.340412865531644968e+02,-5.102425813674926758e-01,9.999999403953552246e-01
2.134166666666666501e+01,1.340936464307243341e+02,-4.881707131862640381e-01,1.000000000000000000e+00
2.135000000000000142e+01,1.341460063082841714e+02,-4.657643437385559082e-01,1.000000000000000000e+00
2.135833333333333073e+01,1.341983661858439802e+02,-4.430395066738128662e-01,1.000000000000000000e+00
2.136666666666666359e+01,1.342507260634038175e+02,-4.200124740600585938e-01,1.000000000000000000e+00
2.137500000000000000e+01,1.343030859409636548e+02,-3.966994285583496094e-01,9.999998807907104492e-01
2.138333333333333286e+01,1.343554458185234921e+02,-3.731164932250976562e-01,1.000000000000000000e+00
2.139166666666666572e+01,1.344078056960833010e+02,-3.492800593376159668e-01,9.999999403953552246e-01
2.139999999999999858e+01,1.344601655736431383e+02,-3.252064883708953857e-01,1.000000000000000000e+00
2.140833333333333499e+01,1.345125254512029755e+02,-3.009118735790252686e-01,1.000000000000000000e+00
2.141666666666666785e+01,1.345648853287628128e+02,-2.764127552509307861e-01,1.000000119209289551e+00
2.142499999999999716e+01,1.346172452063226217e+02,-2.517256438732147217e-01,9.999999403953552246e-01
2.143333333333333357e+01,1.346696050838824590e+02,-2.268667668104171753e-01,1.000000000000000000e+00
2.144166666666666643e+01,1.347219649614422963e+02,-2.018529027700424194e-01,1.000000000000000000e+00
2.144999999999999574e+01,1.347743248390021051e+02,-1.767003983259201050e-01,9.999999403953552246e-01
2.145833333333333215e+01,1.348266847165619424e+02,-1.514260023832321167e-01,1.000000000000000000e+00
2.146666666666666501e+01,1.348790445941217797e+02,-1.260462105274200439e-01,9.999999403953552246e-01
2.147500000000000142e+01,1.349314044716816170e+02,-1.005776673555374146e-01,1.000000000000000000e+00
2.148333333333333073e+01,1.349837643492414259e+02,-7.503702491521835327e-02,1.000000000000000000e+00
2.149166666666666359e+01,1.350361242268012631e+02,-4.944092780351638794e-02,9.999999403953552246e-01
2.150000000000000000e+01,1.350884841043611004e+02,-2.380602061748504639e-02,1.000000000000000000e+00
2.150833333333333286e+01,1.351408439819209377e+02,1.851072534918785095e-03,9.999999403953552246e-01
2.151666666666666217e+01,1.351932038594807466e+02,2.751372568309307098e-02,1.000000000000000000e+00
2.152499999999999858e+01,1.352455637370405839e+02,5.316536501049995422e-02,1.000000000000000000e+00
2.153333333333333144e+01,1.352979236146004212e+02,7.878942787647247314e-02,1.000000000000000000e+00
2.154166666666666785e+01,1.353502834921602584e+02,1.043694019317626953e-01,1.000000000000000000e+00
2.154999999999999716e+01,1.354026433697200673e+02,1.298888772726058960e-01,9.999998807907104492e-01
2.155833333333333357e+01,1.354550032472799046e+02,1.553314030170440674e-01,1.000000000000000000e+00
2.156666666666666643e+01,1.355073631248397419e+02,1.806807518005371094e-01,1.000000000000000000e+00
2.157499999999999929e+01,1.355597230023995792e+02,2.059206962585449219e-01,1.000000000000000000e+00
2.158333333333333215e+01,1.356120828799593880e+02,2.310350388288497925e-01,1.000000000000000000e+00
2.159166666666666501e+01,1.356644427575192253e+02,2.560078799724578857e-01,9.999999403953552246e-01
2.160000000000000142e+01,1.357168026350790626e+02,2.808233201503753662e-01,9.999999403953552246e-01
2.160833333333333428e+01,1.357691625126388999e+02,3.054656684398651123e-01,1.000000000000000000e+00
2.161666666666666359e+01,1.358215223901987088e+02,3.299193382263183594e-01,9.999999403953552246e-01
2.162500000000000000e+01,1.358738822677585460e+02,3.541688919067382812e-01,1.000000000000000000e+00
2.163333333333333286e+01,1.359262421453183833e+02,3.781991899013519287e-01,1.000000000000000000e+00
2.164166666666666217e+01,1.359786020228781922e+02,4.019952714443206787e-01,1.000000000000000000e+00
2.164999999999999858e+01,1.360309619004380295e+02,4.255424439907073975e-01,9.999999403953552246e-01
2.165833333333333144e+01,1.360833217779978668e+02,4.488262236118316650e-01,1.000000000000000000e+00
2.166666666666666785e+01,1.361356816555577041e+02,4.718325138092041016e-01,1.000000119209289551e+00
2.167499999999999716e+01,1.361880415331175129e+02,4.945474565029144287e-01,1.000000000000000000e+00
2.168333333333333002e+01,1.362404014106773502e+02,5.169577598571777344e-01,1.000000000000000000e+00
2.169166666666666643e+01,1.362927612882371875e+02,5.390504002571105957e-01,9.999999403953552246e-01
2.169999999999999929e+01,1.363451211657970248e+02,5.608129501342773438e-01,1.000000000000000000e+00
2.170833333333333215e+01,1.363974810433568337e+02,5.822336673736572266e-01,1.000000000000000000e+00
2.171666666666666501e+01,1.364498409209166709e+02,6.033014655113220215e-01,1.000000000000000000e+00
2.172499999999999787e+01,1.365022007984765082e+02,6.240060329437255859e-01,1.000000000000000000e+00
2.173333333333333428e+01,1.365545606760363455e+02,6.443382501602172852e-01,1.000000000000000000e+00
2.174166666666666359e+01,1.366069205535961544e+02,6.642899513244628906e-01,1.000000000000000000e+00
2.175000000000000000e+01,1.366592804311559917e+02,6.838548779487609863e-01,1.000000000000000000e+00
2.175833333333333286e+01,1.367116403087158290e+02,7.030285596847534180e-01,1.000000000000000000e+00
2.176666666666666927e+01,1.367640001862756662e+02,7.218084335327148438e-01,9.999999403953552246e-01
2.177499999999999858e+01,1.368163600638354751e+02,7.401953935623168945e-01,9.999999403953552246e-01
2.178333333333333144e+01,1.368687199413953124e+02,7.581932544708251953e-01,9.999999403953552246e-01
2.179166666666666785e+01,1.369210798189551497e+02,7.758099436759948730e-01,1.000000000000000000e+00
2.180000000000000071e+01,1.369734396965149870e+02,7.930563688278198242e-01,1.000000000000000000e+00
2.180833333333333002e+01,1.370257995740747958e+02,8.099431395530700684e-01,1.000000000000000000e+00
2.181666666666666643e+01,1.370781594516346331e+02,8.264679908752441406e-01,1.000000000000000000e+00
2.182499999999999929e+01,1.371305193291944704e+02,8.425806164741516113e-01,9.999999403953552246e-01
2.183333333333332860e+01,1.371828792067542793e+02,8.581039309501647949e-01,9.999999403953552246e-01
2.184166666666666501e+01,1.372352390843141166e+02,8.726806640625000000e-01,1.000000000000000000e+00
2.184999999999999787e+01,1.372875989618739538e+02,8.859327435493469238e-01,9.999999403953552246e-01
2.185833333333333428e+01,1.373399588394337911e+02,8.976909518241882324e-01,1.000000119209289551e+00
2.186666666666666359e+01,1.373923187169936000e+02,9.080408215522766113e-01,1.000000000000000000e+00
2.187499999999999645e+01,1.374446785945534373e+02,9.172138571739196777e-01,1.000000000000000000e+00
2.188333333333333286e+01,1.374970384721132746e+02,9.254615902900695801e-01,1.000000000000000000e+00
2.189166666666666572e+01,1.375493983496731119e+02,9.329800009727478027e-01,9.999999403953552246e-01
2.189999999999999858e+01,1.376017582272329207e+02,9.398857951164245605e-01,1.000000000000000000e+00
2.190833333333333144e+01,1.376541181047927580e+02,9.462255835533142090e-01,9.999999403953552246e-01
2.191666666666666785e+01,1.377064779823525953e+02,9.519950747489929199e-01,1.000000000000000000e+00
2.192500000000000071e+01,1.377588378599124326e+02,9.571619033813476562e-01,9.999999403953552246e-01
2.193333333333333002e+01,1.378111977374722414e+02,9.616822600364685059e-01,9.999998807907104492e-01
2.194166666666666643e+01,1.378635576150320787e+02,9.655159115791320801e-01,9.999999403953552246e-01
2.194999999999999929e+01,1.379159174925919160e+02,9.686372876167297363e-01,9.999998807907104492e-01
2.195833333333333570e+01,1.379682773701517533e+02,9.710443615913391113e-01,1.000000000000000000e+00
2.196666666666666501e+01,1.380206372477115622e+02,9.727668762207031250e-01,1.000000119209289551e+00
2.197499999999999787e+01,1.380729971252713995e+02,9.738712310791015625e-01,1.000000000000000000e+00
2.198333333333333428e+01,1.381253570028312367e+02,9.744631052017211914e-01,9.999999403953552246e-01
2.199166666666666714e+01,1.381777168803910740e+02,9.746870994567871094e-01,1.000000000000000000e+00
2.199999999999999645e+01,1.382300767579508829e+02,9.747194647789001465e-01,1.000000000000000000e+00
2.200833333333333286e+01,1.382824366355107202e+02,9.747501611709594727e-01,1.000000000000000000e+00
2.201666666666666572e+01,1.383347965130705575e+02,9.749498367309570312e-01,1.000000000000000000e+00
2.202500000000000213e+01,1.383871563906303948e+02,9.754120707511901855e-01,1.000000000000000000e+00
2.203333333333333144e+01,1.384395162681902036e+02,9.760674834251403809e-01,1.000000000000000000e+00
2.204166666666666430e+01,1.384918761457500409e+02,9.765741229057312012e-01,1.000000000000000000e+00
2.205000000000000071e+01,1.385442360233098782e+02,9.761965870857238770e-01,1.000000000000000000e+00
2.205833333333333002e+01,1.385965959008696871e+02,9.736986160278320312e-01,1.000000000000000000e+00
2.206666666666666643e+01,1.386489557784295243e+02,9.672843813896179199e-01,1.000000000000000000e+00
2.207499999999999929e+01,1.387013156559893616e+02,9.546041488647460938e-01,1.000000000000000000e+00
2.208333333333333215e+01,1.387536755335491989e+02,9.328306317329406738e-01,9.999999403953552246e-01
2.209166666666666501e+01,1.388060354111090078e+02,8.988022208213806152e-01,9.999999403953552246e-01
2.209999999999999787e+01,1.388583952886688451e+02,8.492879867553710938e-01,1.000000000000000000e+00
2.210833333333333428e+01,1.389107551662286824e+02,7.816652655601501465e-01,9.999999403953552246e-01
2.211666666666666714e+01,1.389631150437885196e+02,6.957921385765075684e-01,1.000000000000000000e+00
2.212499999999999645e+01,1.390154749213483285e+02,5.984362959861755371e-01,1.000000000000000000e+00
2.213333333333333286e+01,1.390678347989081658e+02,5.100173950195312500e-01,9.999999403953552246e-01
2.214166666666666572e+01,1.391201946764680031e+02,4.642347395420074463e-01,9.999999403953552246e-01
2.215000000000000213e+01,1.391725545540278404e+02,4.827625453472137451e-01,9.999999403953552246e-01
2.215833333333333144e+01,1.392249144315876492e+02,5.482251644134521484e-01,9.999999403953552246e-01
2.216666666666666430e+01,1.392772743091474865e+02,6.393488049507141113e-01,1.000000000000000000e+00
2.217500000000000071e+01,1.393296341867073238e+02,7.527295351028442383e-01,1.000000000000000000e+00
2.218333333333333357e+01,1.393819940642671611e+02,8.084518313407897949e-01,1.000000000000000000e+00
2.219166666666666288e+01,1.394343539418269700e+02,7.296863198280334473e-01,1.000000000000000000e+00
2.219999999999999929e+01,1.394867138193868072e+02,5.932149291038513184e-01,1.000000000000000000e+00
2.220833333333333215e+01,1.395390736969466445e+02,5.386452674865722656e-01,9.999998807907104492e-01
2.221666666666666856e+01,1.395914335745064818e+02,6.953310370445251465e-01,1.000000000000000000e+00
2.222499999999999787e+01,1.396437934520662907e+02,7.692353725433349609e-01,9.999999403953552246e-01
2.223333333333333073e+01,1.396961533296261280e+02,7.627236247062683105e-01,9.999999403953552246e-01
2.224166666666666714e+01,1.397485132071859653e+02,7.466008067131042480e-01,9.999999403953552246e-01
2.224999999999999645e+01,1.398008730847457741e+02,7.292333841323852539e-01,1.000000000000000000e+00
2.225833333333333286e+01,1.398532329623056114e+02,7.114012241363525391e-01,1.000000000000000000e+00
2.226666666666666572e+01,1.399055928398654487e+02,6.930291056632995605e-01,1.000000000000000000e+00
2.227500000000000213e+01,1.399579527174252860e+02,6.741271018981933594e-01,1.000000000000000000e+00
2.228333333333333144e+01,1.400103125949850948e+02,6.547094583511352539e-01,1.000000000000000000e+00
2.229166666666666430e+01,1.400626724725449321e+02,6.347928047180175781e-01,1.000000000000000000e+00
2.230000000000000071e+01,1.401150323501047694e+02,6.143938899040222168e-01,9.999999403953552246e-01
2.230833333333333357e+01,1.401673922276646067e+02,5.935297012329101562e-01,1.000000000000000000e+00
2.231666666666666288e+01,1.402197521052244156e+02,5.722169280052185059e-01,1.000000000000000000e+00
2.232499999999999929e+01,1.402721119827842529e+02,5.504723787307739258e-01,1.000000000000000000e+00
2.233333333333333215e+01,1.403244718603440901e+02,5.283129215240478516e-01,1.000000000000000000e+00
2.234166666666666856e+01,1.403768317379039274e+02,5.057556033134460449e-01,1.000000000000000000e+00
2.234999999999999787e+01,1.404291916154637363e+02,4.828175604343414307e-01,1.000000000000000000e+00
2.235833333333333073e+01,1.404815514930235736e+02,4.595161378383636475e-01,9.999999403953552246e-01
2.236666666666666714e+01,1.405339113705834109e+02,4.358689486980438232e-01,1.000000000000000000e+00
2.237500000000000000e+01,1.405862712481432482e+02,4.118933677673339844e-01,9.999998807907104492e-01
2.238333333333332931e+01,1.406386311257030570e+02,3.876074254512786865e-01,9.999998807907104492e-01
2.239166666666666572e+01,1.406909910032628943e+02,3.630289733409881592e-01,1.000000000000000000e+00
2.239999999999999858e+01,1.407433508808227316e+02,3.381763398647308350e-01,1.000000000000000000e+00
2.240833333333333499e+01,1.407957107583825689e+02,3.130676746368408203e-01,1.000000000000000000e+00
2.241666666666666430e+01,1.408480706359423777e+02,2.877216935157775879e-01,1.000000000000000000e+00
2.242500000000000071e+01,1.409004305135022150e+02,2.621568143367767334e-01,1.000000000000000000e+00
2.243333333333333357e+01,1.409527903910620523e+02,2.363920211791992188e-01,1.000000000000000000e+00
2.244166666666666288e+01,1.410051502686218612e+02,2.104460746049880981e-01,1.000000000000000000e+00
2.244999999999999929e+01,1.410575101461816985e+02,1.843380928039550781e-01,1.000000000000000000e+00
2.245833333333333215e+01,1.411098700237415358e+02,1.580872386693954468e-01,9.999999403953552246e-01
2.246666666666666856e+01,1.411622299013013730e+02,1.317127048969268799e-01,1.000000000000000000e+00
2.247499999999999787e+01,1.412145897788611819e+02,1.052338406443595886e-01,1.000000000000000000e+00
2.248333333333333073e+01,1.412669496564210192e+02,7.867001742124557495e-02,1.000000000000000000e+00
2.249166666666666714e+01,1.413193095339808565e+02,5.204064771533012390e-02,1.000000000000000000e+00
2.250000000000000000e+01,1.413716694115406938e+02,2.536521665751934052e-02,1.000000000000000000e+00
2.250833333333332931e+01,1.414240292891005026e+02,-1.336809829808771610e-03,9.999998807907104492e-01
2.251666666666666572e+01,1.414763891666603399e+02,-2.804594673216342926e-02,9.999998807907104492e-01
2.252499999999999858e+01,1.415287490442201772e+02,-5.474272370338439941e-02,1.000000000000000000e+00
2.253333333333333499e+01,1.415811089217800145e+02,-8.140772581100463867e-02,9.999999403953552246e-01
2.254166666666666430e+01,1.416334687993398234e+02,-1.080215498805046082e-01,1.000000000000000000e+00
2.254999999999999716e+01,1.416858286768996606e+02,-1.345649212598800659e-01,1.000000000000000000e+00
2.255833333333333357e+01,1.417381885544594979e+02,-1.610186100006103516e-01,1.000000000000000000e+00
2.256666666666666643e+01,1.417905484320193352e+02,-1.873634904623031616e-01,9.999999403953552246e-01
2.257499999999999929e+01,1.418429083095791441e+02,-2.135806083679199219e-01,1.000000000000000000e+00
2.258333333333333215e+01,1.418952681871389814e+02,-2.396510690450668335e-01,1.000000000000000000e+00
2.259166666666666501e+01,1.419476280646988187e+02,-2.655561566352844238e-01,1.000000000000000000e+00
2.260000000000000142e+01,1.419999879422586559e+02,-2.912774682044982910e-01,1.000000000000000000e+00
2.260833333333333073e+01,1.420523478198184648e+02,-3.167966902256011963e-01,9.999999403953552246e-01
2.261666666666666714e+01,1.421047076973783021e+02,-3.420957028865814209e-01,1.000000000000000000e+00
2.262500000000000000e+01,1.421570675749381394e+02,-3.671567142009735107e-01,1.000000000000000000e+00
2.263333333333332931e+01,1.422094274524979483e+02,-3.919622302055358887e-01,1.000000000000000000e+00
2.264166666666666572e+01,1.422617873300577855e+02,-4.164949357509613037e-01,1.000000000000000000e+00
2.264999999999999858e+01,1.423141472076176228e+02,-4.407379627227783203e-01,9.999998807907104492e-01
2.265833333333333499e+01,1.423665070851774601e+02,-4.646746814250946045e-01,1.000000000000000000e+00
2.266666666666666430e+01,1.424188669627372690e+02,-4.882889688014984131e-01,1.000000000000000000e+00
2.267499999999999716e+01,1.424712268402971063e+02,-5.115651488304138184e-01,1.000000119209289551e+00
2.268333333333333357e+01,1.425235867178569436e+02,-5.344877243041992188e-01,1.000000000000000000e+00
2.269166666666666643e+01,1.425759465954167808e+02,-5.570421218872070312e-01,1.000000000000000000e+00
2.269999999999999574e+01,1.426283064729765897e+02,-5.792140960693359375e-01,1.000000000000000000e+00
2.270833333333333215e+01,1.426806663505364270e+02,-6.009900569915771484e-01,1.000000000000000000e+00
2.271666666666666501e+01,1.427330262280962643e+02,-6.223573088645935059e-01,9.999999403953552246e-01
2.272500000000000142e+01,1.427853861056561016e+02,-6.433038115501403809e-01,1.000000000000000000e+00
2.273333333333333073e+01,1.428377459832159104e+02,-6.638184785842895508e-01,1.000000000000000000e+00
2.274166666666666359e+01,1.428901058607757477e+02,-6.838912367820739746e-01,9.999999403953552246e-01
2.275000000000000000e+01,1.429424657383355850e+02,-7.035138607025146484e-01,1.000000000000000000e+00
2.275833333333333286e+01,1.429948256158954223e+02,-7.226790785789489746e-01,9.999999403953552246e-01
2.276666666666666572e+01,1.430471854934552312e+02,-7.413818240165710449e-01,1.000000000000000000e+00
2.277499999999999858e+01,1.430995453710150684e+02,-7.596189379692077637e-01,1.000000000000000000e+00
2.278333333333333499e+01,1.431519052485749057e+02,-7.773901820182800293e-01,1.000000000000000000e+00
2.279166666666666785e+01,1.432042651261347430e+02,-7.946984171867370605e-01,1.000000000000000000e+00
2.279999999999999716e+01,1.432566250036945519e+02,-8.115486502647399902e-01,1.000000119209289551e+00
2.280833333333333357e+01,1.433089848812543892e+02,-8.279477953910827637e-01,1.000000000000000000e+00
2.281666666666666643e+01,1.433613447588142265e+02,-8.438975214958190918e-01,9.999998807907104492e-01
2.282499999999999574e+01,1.434137046363740353e+02,-8.593788146972656250e-01,9.999999403953552246e-01
2.283333333333333215e+01,1.434660645139338726e+02,-8.743078112602233887e-01,1.000000000000000000e+00
2.284166666666666501e+01,1.435184243914937099e+02,-8.884643912315368652e-01,1.000000000000000000e+00
2.285000000000000142e+01,1.435707842690535472e+02,-9.015054702758789062e-01,9.999999403953552246e-01
2.285833333333333073e+01,1.436231441466133560e+02,-9.131595492362976074e-01,1.000000000000000000e+00
2.286666666666666359e+01,1.436755040241731933e+02,-9.233791232109069824e-01,9.999999403953552246e-01
2.287500000000000000e+01,1.437278639017330306e+02,-9.323162436485290527e-01,1.000000000000000000e+00
2.288333333333333286e+01,1.437802237792928679e+02,-9.402071237564086914e-01,9.999999403953552246e-01
2.289166666666666217e+01,1.438325836568526768e+02,-9.472724795341491699e-01,9.999999403953552246e-01
2.289999999999999858e+01,1.438849435344125141e+02,-9.536687731742858887e-01,9.999998807907104492e-01
2.290833333333333144e+01,1.439373034119723513e+02,-9.594808816909790039e-01,9.999999403953552246e-01
2.291666666666666785e+01,1.439896632895321886e+02,-9.647367596626281738e-01,1.000000000000000000e+00
2.292499999999999716e+01,1.440420231670919975e+02,-9.694277048110961914e-01,1.000000000000000000e+00
2.293333333333333357e+01,1.440943830446518348e+02,-9.735277295112609863e-01,1.000000000000000000e+00
2.294166666666666643e+01,1.441467429222116721e+02,-9.770085215568542480e-01,1.000000000000000000e+00
2.294999999999999929e+01,1.441991027997715094e+02,-9.798507690429687500e-01,1.000000000000000000e+00
2.295833333333333215e+01,1.442514626773313182e+02,-9.820537567138671875e-01,1.000000000000000000e+00
2.296666666666666501e+01,1.443038225548911555e+02,-9.836420416831970215e-01,1.000000000000000000e+00
2.297500000000000142e+01,1.443561824324509928e+02,-9.846710562705993652e-01,9.999999403953552246e-01
2.298333333333333428e+01,1.444085423100108301e+02,-9.852306246757507324e-01,1.000000000000000000e+00
2.299166666666666359e+01,1.444609021875706389e+02,-9.854465723037719727e-01,1.000000000000000000e+00
2.300000000000000000e+01,1.445132620651304762e+02,-9.854782223701477051e-01,1.000000000000000000e+00
2.300833333333333286e+01,1.445656219426903135e+02,-9.855108261108398438e-01,1.000000000000000000e+00
2.301666666666666927e+01,1.446179818202501508e+02,-9.857353568077087402e-01,1.000000000000000000e+00
2.302499999999999858e+01,1.446703416978099597e+02,-9.863128662109375000e-01,9.999999403953552246e-01
2.303333333333333144e+01,1.447227015753697970e+02,-9.873153567314147949e-01,1.000000000000000000e+00
2.304166666666666785e+01,1.447750614529296342e+02,-9.886390566825866699e-01,9.999999403953552246e-01
2.304999999999999716e+01,1.448274213304894431e+02,-9.898918271064758301e-01,1.000000000000000000e+00
2.305833333333333002e+01,1.448797812080492804e+02,-9.902710318565368652e-01,9.999999403953552246e-01
2.306666666666666643e+01,1.449321410856091177e+02,-9.884503483772277832e-01,9.999999403953552246e-01
2.307499999999999929e+01,1.449845009631689550e+02,-9.825010299682617188e-01,1.000000000000000000e+00
2.308333333333333215e+01,1.450368608407287638e+02,-9.698487520217895508e-01,1.000000000000000000e+00
2.309166666666666501e+01,1.450892207182886011e+02,-9.472649693489074707e-01,1.000000119209289551e+00
2.309999999999999787e+01,1.451415805958484384e+02,-9.108892679214477539e-01,9.999999403953552246e-01
2.310833333333333428e+01,1.451939404734082757e+02,-8.563925027847290039e-01,1.000000000000000000e+00
2.311666666666666359e+01,1.452463003509680846e+02,-7.797493338584899902e-01,9.999999403953552246e-01
2.312500000000000000e+01,1.452986602285279218e+02,-6.798521280288696289e-01,1.000000000000000000e+00
2.313333333333333286e+01,1.453510201060877591e+02,-5.648501515388488770e-01,1.000000000000000000e+00
2.314166666666666572e+01,1.454033799836475964e+02,-4.609253108501434326e-01,1.000000000000000000e+00
2.314999999999999858e+01,1.454557398612074053e+02,-4.091580510139465332e-01,1.000000000000000000e+00
2.315833333333333144e+01,1.455080997387672426e+02,-4.321698248386383057e-01,1.000000000000000000e+00
2.316666666666666785e+01,1.455604596163270799e+02,-5.088860988616943359e-01,1.000000000000000000e+00
2.317500000000000071e+01,1.456128194938869171e+02,-6.197535395622253418e-01,1.000000000000000000e+00
2.318333333333333002e+01,1.456651793714467260e+02,-7.544593214988708496e-01,1.000000000000000000e+00
2.319166666666666643e+01,1.457175392490065633e+02,-8.072364926338195801e-01,1.000000000000000000e+00
2.319999999999999929e+01,1.457698991265664006e+02,-7.167139053344726562e-01,1.000000119209289551e+00
2.320833333333333570e+01,1.458222590041262379e+02,-5.893025398254394531e-01,9.999999403953552246e-01
2.321666666666666501e+01,1.458746188816860467e+02,-6.031857132911682129e-01,9.999999403953552246e-01
2.322499999999999787e+01,1.459269787592458840e+02,-7.219544053077697754e-01,1.000000000000000000e+00
2.323333333333333428e+01,1.459793386368057213e+02,-7.403110861778259277e-01,9.999999403953552246e-01
2.324166666666666359e+01,1.460316985143655302e+02,-7.262094616889953613e-01,9.999999403953552246e-01
2.324999999999999645e+01,1.460840583919253675e+02,-7.090032696723937988e-01,9.999999403953552246e-01
2.325833333333333286e+01,1.461364182694852047e+02,-6.911285519599914551e-01,1.000000000000000000e+00
2.326666666666666572e+01,1.461887781470450420e+02,-6.728030443191528320e-01,9.999999403953552246e-01
2.327499999999999858e+01,1.462411380246048509e+02,-6.539999246597290039e-01,9.999999403953552246e-01
2.328333333333333144e+01,1.462934979021646882e+02,-6.347308158874511719e-01,1.000000000000000000e+00
2.329166666666666430e+01,1.463458577797245255e+02,-6.150111556053161621e-01,1.000000000000000000e+00
2.330000000000000071e+01,1.463982176572843628e+02,-5.948578119277954102e-01,1.000000000000000000e+00
2.330833333333333002e+01,1.464505775348441716e+02,-5.742875337600708008e-01,1.000000000000000000e+00
2.331666666666666643e+01,1.465029374124040089e+02,-5.533171892166137695e-01,1.000000000000000000e+00
2.332499999999999929e+01,1.465552972899638462e+02,-5.319634675979614258e-01,1.000000000000000000e+00
2.333333333333333570e+01,1.466076571675236835e+02,-5.102425813674926758e-01,9.999999403953552246e-01
2.334166666666666501e+01,1.466600170450834923e+02,-4.881707131862640381e-01,1.000000000000000000e+00
2.334999999999999787e+01,1.467123769226433296e+02,-4.657643437385559082e-01,1.000000000000000000e+00
2.335833333333333428e+01,1.467647368002031669e+02,-4.430395066738128662e-01,9.999999403953552246e-01
2.336666666666666714e+01,1.468170966777630042e+02,-4.200124740600585938e-01,1.000000000000000000e+00
2.337499999999999645e+01,1.468694565553228131e+02,-3.966994285583496094e-01,9.999999403953552246e-01
2.338333333333333286e+01,1.469218164328826504e+02,-3.731164932250976562e-01,9.999999403953552246e-01
2.339166666666666572e+01,1.469741763104424876e+02,-3.492800891399383545e-01,1.000000000000000000e+00
2.340000000000000213e+01,1.470265361880023249e+02,-3.252064287662506104e-01,9.999999403953552246e-01
2.340833333333333144e+01,1.470788960655621338e+02,-3.009118735790252686e-01,1.000000000000000000e+00
2.341666666666666430e+01,1.471312559431219711e+02,-2.764127850532531738e-01,1.000000000000000000e+00
2.342500000000000071e+01,1.471836158206818084e+02,-2.517256438732147217e-01,1.000000000000000000e+00
2.343333333333333002e+01,1.472359756982416172e+02,-2.268667668104171753e-01,1.000000000000000000e+00
2.344166666666666288e+01,1.472883355758014545e+02,-2.018529027700424194e-01,1.000000000000000000e+00
2.344999999999999929e+01,1.473406954533612918e+02,-1.767004430294036865e-01,1.000000000000000000e+00
2.345833333333333215e+01,1.473930553309211291e+02,-1.514260023832321167e-01,1.000000000000000000e+00
2.346666666666666501e+01,1.474454152084809380e+02,-1.260462105274200439e-01,1.000000000000000000e+00
2.347499999999999787e+01,1.474977750860407752e+02,-1.005776673555374146e-01,1.000000000000000000e+00
2.348333333333333428e+01,1.475501349636006125e+02,-7.503701746463775635e-02,1.000000000000000000e+00
2.349166666666666714e+01,1.476024948411604498e+02,-4.944091662764549255e-02,1.000000000000000000e+00
2.349999999999999645e+01,1.476548547187202587e+02,-2.380601130425930023e-02,9.999999403953552246e-01
2.350833333333333286e+01,1.477072145962800960e+02,1.851074746809899807e-03,1.000000119209289551e+00
2.351666666666666572e+01,1.477595744738399333e+02,2.751373685896396637e-02,1.000000000000000000e+00
2.352500000000000213e+01,1.478119343513997705e+02,5.316536501049995422e-02,1.000000000000000000e+00
2.353333333333333144e+01,1.478642942289595794e+02,7.878942787647247314e-02,1.000000000000000000e+00
2.354166666666666430e+01,1.479166541065194167e+02,1.043694242835044861e-01,1.000000000000000000e+00
2.355000000000000071e+01,1.479690139840792540e+02,1.298888474702835083e-01,1.000000000000000000e+00
2.355833333333333357e+01,1.480213738616390913e+02,1.553314179182052612e-01,1.000000000000000000e+00
2.356666666666666288e+01,1.480737337391989001e+02,1.806807368993759155e-01,9.999999403953552246e-01
2.357499999999999929e+01,1.481260936167587374e+02,2.059206515550613403e-01,1.000000000000000000e+00
2.358333333333333215e+01,1.481784534943185747e+02,2.310349941253662109e-01,1.000000000000000000e+00
2.359166666666666856e+01,1.482308133718784120e+02,2.560078799724578857e-01,1.000000000000000000e+00
2.359999999999999787e+01,1.482831732494382209e+02,2.808233499526977539e-01,9.999999403953552246e-01
2.360833333333333073e+01,1.483355331269980582e+02,3.054656684398651123e-01,9.999999403953552246e-01
2.361666666666666714e+01,1.483878930045578954e+02,3.299193084239959717e-01,1.000000000000000000e+00
2.362499999999999645e+01,1.484402528821177043e+02,3.541688621044158936e-01,1.000000000000000000e+00
2.363333333333333286e+01,1.484926127596775416e+02,3.781991899013519287e-01,1.000000000000000000e+00
2.364166666666666572e+01,1.485449726372373789e+02,4.019952714443206787e-01,9.999999403953552246e-01
2.364999999999999858e+01,1.485973325147972162e+02,4.255424439907073975e-01,1.000000000000000000e+00
2.365833333333333144e+01,1.486496923923570250e+02,4.488263130187988281e-01,9.999999403953552246e-01
2.366666666666666430e+01,1.487020522699168623e+02,4.718325138092041016e-01,1.000000000000000000e+00
2.367500000000000071e+01,1.487544121474766996e+02,4.945474565029144287e-01,1.000000000000000000e+00
2.368333333333333357e+01,1.488067720250365369e+02,5.169577598571777344e-01,1.000000000000000000e+00
2.369166666666666288e+01,1.488591319025963458e+02,5.390503406524658203e-01,1.000000000000000000e+00
2.369999999999999929e+01,1.489114917801561830e+02,5.608129501342773438e-01,9.999999403953552246e-01
2.370833333333333215e+01,1.489638516577160203e+02,5.822337269783020020e-01,9.999999403953552246e-01
2.371666666666666856e+01,1.490162115352758576e+02,6.033014655113220215e-01,1.000000000000000000e+00
2.372499999999999787e+01,1.490685714128356665e+02,6.240060329437255859e-01,9.999999403953552246e-01
2.373333333333333073e+01,1.491209312903955038e+02,6.443382501602172852e-01,1.000000000000000000e+00
2.374166666666666714e+01,1.491732911679553411e+02,6.642899513244628906e-01,1.000000000000000000e+00
2.375000000000000000e+01,1.492256510455151783e+02,6.838549375534057617e-01,1.000000000000000000e+00
2.375833333333332931e+01,1.492780109230749872e+02,7.030285000801086426e-01,1.000000000000000000e+00
2.376666666666666572e+01,1.493303708006348245e+02,7.218084335327148438e-01,9.999999403953552246e-01
2.377499999999999858e+01,1.493827306781946618e+02,7.401953339576721191e-01,9.999999403953552246e-01
2.378333333333333499e+01,1.494350905557544991e+02,7.581933140754699707e-01,9.999999403953552246e-01
2.379166666666666430e+01,1.494874504333143079e+02,7.758100032806396484e-01,1.000000000000000000e+00
2.379999999999999716e+01,1.495398103108741452e+02,7.930563688278198242e-01,1.000000000000000000e+00
2.380833333333333357e+01,1.495921701884339825e+02,8.099431991577148438e-01,9.999999403953552246e-01
2.381666666666666288e+01,1.496445300659937914e+02,8.264681100845336914e-01,1.000000000000000000e+00
2.382499999999999929e+01,1.496968899435536287e+02,8.425806164741516113e-01,1.000000000000000000e+00
2.383333333333333215e+01,1.497492498211134659e+02,8.581039309501647949e-01,9.999999403953552246e-01
2.384166666666666856e+01,1.498016096986733032e+02,8.726806640625000000e-01,1.000000000000000000e+00
2.384999999999999787e+01,1.498539695762331121e+02,8.859327435493469238e-01,9.999998807907104492e-01
2.385833333333333073e+01,1.499063294537929494e+02,8.976911902427673340e-01,1.000000000000000000e+00
2.386666666666666714e+01,1.499586893313527867e+02,9.080409407615661621e-01,1.000000000000000000e+00
2.387500000000000000e+01,1.500110492089126240e+02,9.172138571739196777e-01,9.999999403953552246e-01
2.388333333333332931e+01,1.500634090864724328e+02,9.254615902900695801e-01,1.000000119209289551e+00
2.389166666666666572e+01,1.501157689640322701e+02,9.329800605773925781e-01,9.999999403953552246e-01
2.389999999999999858e+01,1.501681288415921074e+02,9.398857951164245605e-01,1.000000000000000000e+00
2.390833333333333499e+01,1.502204887191519447e+02,9.462254643440246582e-01,9.999999403953552246e-01
2.391666666666666430e+01,1.502728485967117535e+02,9.519950747489929199e-01,1.000000000000000000e+00
2.392499999999999716e+01,1.503252084742715908e+02,9.571619033813476562e-01,9.999999403953552246e-01
2.393333333333333357e+01,1.503775683518314281e+02,9.616822600364685059e-01,9.999999403953552246e-01
2.394166666666666643e+01,1.504299282293912654e+02,9.655159115791320801e-01,9.999999403953552246e-01
2.394999999999999574e+01,1.504822881069510743e+02,9.686371088027954102e-01,1.000000000000000000e+00
2.395833333333333215e+01,1.505346479845109116e+02,9.710441827774047852e-01,1.000000000000000000e+00
2.396666666666666501e+01,1.505870078620707488e+02,9.727670550346374512e-01,9.999999403953552246e-01
2.397500000000000142e+01,1.506393677396305861e+02,9.738712310791015625e-01,1.000000000000000000e+00
2.398333333333333073e+01,1.506917276171903950e+02,9.744631052017211914e-01,1.000000000000000000e+00
2.399166666666666714e+01,1.507440874947502323e+02,9.746870994567871094e-01,1.000000000000000000e+00
2.400000000000000000e+01,1.507964473723100696e+02,9.747194647789001465e-01,1.000000000000000000e+00
2.400833333333333286e+01,1.508488072498699069e+02,9.747501611709594727e-01,1.000000000000000000e+00
2.401666666666666572e+01,1.509011671274297157e+02,9.749498367309570312e-01,1.000000000000000000e+00
2.402499999999999858e+01,1.509535270049895530e+02,9.754120707511901855e-01,9.999999403953552246e-01
2.403333333333333499e+01,1.510058868825493903e+02,9.760673642158508301e-01,1.000000000000000000e+00
2.404166666666666430e+01,1.510582467601091992e+02,9.765741229057312012e-01,1.000000000000000000e+00
2.404999999999999716e+01,1.511106066376690364e+02,9.761965870857238770e-01,1.000000000000000000e+00
2.405833333333333357e+01,1.511629665152288737e+02,9.736986160278320312e-01,9.999999403953552246e-01
2.406666666666666643e+01,1.512153263927887110e+02,9.672843813896179199e-01,1.000000000000000000e+00
2.407499999999999574e+01,1.512676862703485199e+02,9.546042680740356445e-01,9.999999403953552246e-01
2.408333333333333215e+01,1.513200461479083572e+02,9.328308105468750000e-01,1.000000000000000000e+00
2.409166666666666501e+01,1.513724060254681945e+02,8.988021016120910645e-01,1.000000000000000000e+00
2.410000000000000142e+01,1.514247659030280317e+02,8.492879867553710938e-01,9.999999403953552246e-01
2.410833333333333073e+01,1.514771257805878406e+02,7.816652655601501465e-01,1.000000000000000000e+00
2.411666666666666359e+01,1.515294856581476779e+02,6.957921385765075684e-01,1.000000000000000000e+00
2.412500000000000000e+01,1.515818455357075152e+02,5.984361767768859863e-01,9.999998807907104492e-01
2.413333333333333286e+01,1.516342054132673525e+02,5.100172162055969238e-01,1.000000000000000000e+00
2.414166666666666572e+01,1.516865652908271613e+02,4.642342627048492432e-01,1.000000000000000000e+00
2.414999999999999858e+01,1.517389251683869986e+02,4.827616810798645020e-01,9.999999403953552246e-01
2.415833333333333144e+01,1.517912850459468359e+02,5.482239127159118652e-01,1.000000000000000000e+00
2.416666666666666785e+01,1.518436449235066732e+02,6.393472552299499512e-01,1.000000000000000000e+00
2.417499999999999716e+01,1.518960048010664821e+02,7.527284026145935059e-01,9.999999403953552246e-01
2.418333333333333357e+01,1.519483646786263193e+02,8.084513545036315918e-01,1.000000000000000000e+00
2.419166666666666643e+01,1.520007245561861566e+02,7.296869158744812012e-01,1.000000000000000000e+00
2.420000000000000284e+01,1.520530844337459939e+02,5.932161808013916016e-01,1.000000000000000000e+00
2.420833333333333215e+01,1.521054443113058028e+02,5.386466383934020996e-01,9.999999403953552246e-01
2.421666666666666501e+01,1.521578041888656401e+02,6.953315138816833496e-01,1.000000000000000000e+00
2.422500000000000142e+01,1.522101640664254774e+02,7.692355513572692871e-01,9.999998807907104492e-01
2.423333333333333073e+01,1.522625239439852862e+02,7.627236843109130859e-01,1.000000000000000000e+00
2.424166666666666359e+01,1.523148838215451235e+02,7.466008663177490234e-01,1.000000000000000000e+00
2.425000000000000000e+01,1.523672436991049608e+02,7.292333841323852539e-01,1.000000000000000000e+00
2.425833333333333286e+01,1.524196035766647981e+02,7.114012241363525391e-01,1.000000000000000000e+00
2.426666666666666217e+01,1.524719634542246069e+02,6.930291056632995605e-01,1.000000000000000000e+00
2.427499999999999858e+01,1.525243233317844442e+02,6.741270422935485840e-01,1.000000119209289551e+00
2.428333333333333144e+01,1.525766832093442815e+02,6.547094583511352539e-01,1.000000000000000000e+00
2.429166666666666785e+01,1.526290430869041188e+02,6.347927451133728027e-01,9.999999403953552246e-01
2.429999999999999716e+01,1.526814029644639277e+02,6.143939495086669922e-01,1.000000000000000000e+00
2.430833333333333002e+01,1.527337628420237650e+02,5.935297012329101562e-01,1.000000000000000000e+00
2.431666666666666643e+01,1.527861227195836022e+02,5.722169280052185059e-01,1.000000000000000000e+00
2.432499999999999929e+01,1.528384825971434395e+02,5.504723787307739258e-01,9.999999403953552246e-01
2.433333333333333215e+01,1.528908424747032484e+02,5.283128619194030762e-01,1.000000000000000000e+00
2.434166666666666501e+01,1.529432023522630857e+02,5.057555437088012695e-01,9.999999403953552246e-01
2.435000000000000142e+01,1.529955622298229230e+02,4.828175604343414307e-01,9.999999403953552246e-01
2.435833333333333428e+01,1.530479221073827603e+02,4.595161378383636475e-01,9.999999403953552246e-01
2.436666666666666359e+01,1.531002819849425691e+02,4.358689486980438232e-01,9.999999403953552246e-01
2.437500000000000000e+01,1.531526418625024064e+02,4.118933677673339844e-01,9.999998807907104492e-01
2.438333333333333286e+01,1.532050017400622437e+02,3.876074254512786865e-01,9.999999403953552246e-01
2.439166666666666927e+01,1.532573616176220810e+02,3.630290031433105469e-01,9.999999403953552246e-01
2.439999999999999858e+01,1.533097214951818898e+02,3.381763100624084473e-01,9.999999403953552246e-01
2.440833333333333144e+01,1.533620813727417271e+02,3.130677342414855957e-01,9.999998807907104492e-01
2.441666666666666785e+01,1.534144412503015644e+02,2.877216935157775879e-01,1.000000000000000000e+00
2.442499999999999716e+01,1.534668011278613733e+02,2.621568441390991211e-01,1.000000119209289551e+00
2.443333333333333002e+01,1.535191610054212106e+02,2.363920211791992188e-01,1.000000000000000000e+00
2.444166666666666643e+01,1.535715208829810479e+02,2.104460746049880981e-01,1.000000000000000000e+00
2.444999999999999929e+01,1.536238807605408851e+02,1.843381077051162720e-01,1.000000000000000000e+00
2.445833333333332860e+01,1.536762406381006940e+02,1.580872386693954468e-01,9.999999403953552246e-01
2.446666666666666501e+01,1.537286005156605313e+02,1.317127048969268799e-01,1.000000000000000000e+00
2.447499999999999787e+01,1.537809603932203686e+02,1.052338406443595886e-01,1.000000000000000000e+00
2.448333333333333428e+01,1.538333202707802059e+02,7.866998761892318726e-02,1.000000119209289551e+00
2.449166666666666359e+01,1.538856801483400147e+02,5.204064771533012390e-02,1.000000000000000000e+00
2.450000000000000000e+01,1.539380400258998520e+02,2.536521293222904205e-02,1.000000000000000000e+00
2.450833333333333286e+01,1.539903999034596893e+02,-1.336818211711943150e-03,1.000000119209289551e+00
2.451666666666666572e+01,1.540427597810195266e+02,-2.804594673216342926e-02,1.000000000000000000e+00
2.452499999999999858e+01,1.540951196585793355e+02,-5.474271997809410095e-02,1.000000000000000000e+00
2.453333333333333144e+01,1.541474795361391728e+02,-8.140772581100463867e-02,9.999999403953552246e-01
2.454166666666666785e+01,1.541998394136990100e+02,-1.080215722322463989e-01,1.000000000000000000e+00
2.455000000000000071e+01,1.542521992912588473e+02,-1.345649510622024536e-01,1.000000000000000000e+00
2.455833333333333002e+01,1.543045591688186562e+02,-1.610186100006103516e-01,1.000000000000000000e+00
2.456666666666666643e+01,1.543569190463784935e+02,-1.873634904623031616e-01,1.000000000000000000e+00
2.457499999999999929e+01,1.544092789239383308e+02,-2.135805636644363403e-01,9.999999403953552246e-01
2.458333333333333570e+01,1.544616388014981680e+02,-2.396510094404220581e-01,1.000000000000000000e+00
2.459166666666666501e+01,1.545139986790579769e+02,-2.655561566352844238e-01,1.000000000000000000e+00
2.459999999999999787e+01,1.545663585566178142e+02,-2.912774980068206787e-01,9.999999403953552246e-01
2.460833333333333428e+01,1.546187184341776515e+02,-3.167966306209564209e-01,9.999999403953552246e-01
2.461666666666666359e+01,1.546710783117374604e+02,-3.420957028865814209e-01,1.000000000000000000e+00
2.462499999999999645e+01,1.547234381892972976e+02,-3.671567440032958984e-01,1.000000000000000000e+00
2.463333333333333286e+01,1.547757980668571349e+02,-3.919622302055358887e-01,1.000000000000000000e+00
2.464166666666666572e+01,1.548281579444169722e+02,-4.164949357509613037e-01,1.000000000000000000e+00
2.464999999999999858e+01,1.548805178219767811e+02,-4.407379627227783203e-01,9.999999403953552246e-01
2.465833333333333144e+01,1.549328776995366184e+02,-4.646747112274169922e-01,9.999999403953552246e-01
2.466666666666666430e+01,1.549852375770964557e+02,-4.882889688014984131e-01,9.999999403953552246e-01
2.467500000000000071e+01,1.550375974546562929e+02,-5.115651488304138184e-01,1.000000000000000000e+00
2.468333333333333002e+01,1.550899573322161018e+02,-5.344877243041992188e-01,9.999999403953552246e-01
2.469166666666666643e+01,1.551423172097759391e+02,-5.570421218872070312e-01,9.999999403953552246e-01
2.469999999999999929e+01,1.551946770873357764e+02,-5.792142152786254883e-01,9.999999403953552246e-01
2.470833333333333570e+01,1.552470369648956137e+02,-6.009900569915771484e-01,1.000000000000000000e+00
2.471666666666666501e+01,1.552993968424554225e+02,-6.223573088645935059e-01,1.000000000000000000e+00
2.472499999999999787e+01,1.553517567200152598e+02,-6.433038115501403809e-01,1.000000119209289551e+00
2.473333333333333428e+01,1.554041165975750971e+02,-6.638183593750000000e-01,1.000000000000000000e+00
2.474166666666666714e+01,1.554564764751349344e+02,-6.838912367820739746e-01,9.999999403953552246e-01
2.474999999999999645e+01,1.555088363526947433e+02,-7.035138607025146484e-01,1.000000000000000000e+00
2.475833333333333286e+01,1.555611962302545805e+02,-7.226790785789489746e-01,9.999999403953552246e-01
2.476666666666666572e+01,1.556135561078144178e+02,-7.413817048072814941e-01,9.999999403953552246e-01
2.477500000000000213e+01,1.556659159853742551e+02,-7.596189379692077637e-01,9.999998807907104492e-01
2.478333333333333144e+01,1.557182758629340640e+02,-7.773902416229248047e-01,9.999999403953552246e-01
2.479166666666666430e+01,1.557706357404939013e+02,-7.946982383728027344e-01,1.000000000000000000e+00
2.480000000000000071e+01,1.558229956180537386e+02,-8.115486502647399902e-01,1.000000000000000000e+00
2.480833333333333002e+01,1.558753554956135474e+02,-8.279477953910827637e-01,1.000000000000000000e+00
2.481666666666666288e+01,1.559277153731733847e+02,-8.438974618911743164e-01,1.000000000000000000e+00
2.482499999999999929e+01,1.559800752507332220e+02,-8.593788146972656250e-01,1.000000000000000000e+00
2.483333333333333215e+01,1.560324351282930593e+02,-8.743078112602233887e-01,9.999999403953552246e-01
2.484166666666666501e+01,1.560847950058528681e+02,-8.884643912315368652e-01,9.999999403953552246e-01
2.484999999999999787e+01,1.561371548834127054e+02,-9.015054702758789062e-01,9.999999403953552246e-01
2.485833333333333428e+01,1.561895147609725427e+02,-9.131595492362976074e-01,1.000000000000000000e+00
2.486666666666666714e+01,1.562418746385323800e+02,-9.233791232109069824e-01,1.000000000000000000e+00
2.487499999999999645e+01,1.562942345160921889e+02,-9.323162436485290527e-01,1.000000000000000000e+00
2.488333333333333286e+01,1.563465943936520262e+02,-9.402071237564086914e-01,9.999999403953552246e-01
2.489166666666666572e+01,1.563989542712118634e+02,-9.472724795341491699e-01,1.000000000000000000e+00
2.490000000000000213e+01,1.564513141487717007e+02,-9.536688923835754395e-01,1.000000000000000000e+00
2.490833333333333144e+01,1.565036740263315096e+02,-9.594808816909790039e-01,1.000000000000000000e+00
2.491666666666666430e+01,1.565560339038913469e+02,-9.647367596626281738e-01,1.000000000000000000e+00
2.492500000000000071e+01,1.566083937814511842e+02,-9.694275856018066406e-01,1.000000000000000000e+00
2.493333333333333357e+01,1.566607536590110215e+02,-9.735277295112609863e-01,9.999999403953552246e-01
2.494166666666666288e+01,1.567131135365708303e+02,-9.770084619522094727e-01,9.999999403953552246e-01
2.494999999999999929e+01,1.567654734141306676e+02,-9.798507094383239746e-01,1.000000000000000000e+00
2.495833333333333215e+01,1.568178332916905049e+02,-9.820536971092224121e-01,1.000000000000000000e+00
2.496666666666666856e+01,1.568701931692503422e+02,-9.836420416831970215e-01,1.000000000000000000e+00
2.497499999999999787e+01,1.569225530468101510e+02,-9.846710562705993652e-01,1.000000000000000000e+00
2.498333333333333073e+01,1.569749129243699883e+02,-9.852304458618164062e-01,1.000000119209289551e+00
2.499166666666666714e+01,1.570272728019298256e+02,-9.854463934898376465e-01,1.000000000000000000e+00
2.500000000000000000e+01,1.570796326794896629e+02,-9.854782223701477051e-01,1.000000000000000000e+00
2.500833333333333286e+01,1.571319925570494718e+02,-9.855108261108398438e-01,1.000000000000000000e+00
2.501666666666666572e+01,1.571843524346093091e+02,-9.857351183891296387e-01,1.000000000000000000e+00
2.502499999999999858e+01,1.572367123121691463e+02,-9.863126873970031738e-01,9.999999403953552246e-01
2.503333333333333144e+01,1.572890721897289552e+02,-9.873153567314147949e-01,1.000000000000000000e+00
2.504166666666666430e+01,1.573414320672887925e+02,-9.886392951011657715e-01,9.999998807907104492e-01
2.505000000000000071e+01,1.573937919448486298e+02,-9.898918271064758301e-01,1.000000000000000000e+00
2.505833333333333357e+01,1.574461518224084671e+02,-9.902709126472473145e-01,1.000000000000000000e+00
2.506666666666666288e+01,1.574985116999682759e+02,-9.884503483772277832e-01,9.999999403953552246e-01
2.507499999999999929e+01,1.575508715775281132e+02,-9.825009703636169434e-01,1.000000000000000000e+00
2.508333333333333215e+01,1.576032314550879505e+02,-9.698486328125000000e-01,1.000000000000000000e+00
2.509166666666666856e+01,1.576555913326477878e+02,-9.472648501396179199e-01,1.000000000000000000e+00
2.509999999999999787e+01,1.577079512102075967e+02,-9.108891487121582031e-01,1.000000000000000000e+00
2.510833333333333073e+01,1.577603110877674339e+02,-8.563925027847290039e-01,9.999999403953552246e-01
2.511666666666666714e+01,1.578126709653272712e+02,-7.797490954399108887e-01,1.000000000000000000e+00
2.512500000000000000e+01,1.578650308428871085e+02,-6.798520088195800781e-01,1.000000000000000000e+00
2.513333333333332931e+01,1.579173907204469174e+02,-5.648501515388488770e-01,1.000000000000000000e+00
2.514166666666666572e+01,1.579697505980067547e+02,-4.609254896640777588e-01,1.000000000000000000e+00
2.514999999999999858e+01,1.580221104755665920e+02,-4.091587066650390625e-01,1.000000000000000000e+00
2.515833333333333499e+01,1.580744703531264292e+02,-4.321709275245666504e-01,1.000000119209289551e+00
2.516666666666666430e+01,1.581268302306862381e+02,-5.088872313499450684e-01,1.000000000000000000e+00
2.517499999999999716e+01,1.581791901082460754e+02,-6.197536587715148926e-01,9.999999403953552246e-01
2.518333333333333357e+01,1.582315499858059127e+02,-7.544575929641723633e-01,1.000000000000000000e+00
2.519166666666666643e+01,1.582839098633657500e+02,-8.072338104248046875e-01,1.000000000000000000e+00
2.519999999999999929e+01,1.583362697409255588e+02,-7.167132496833801270e-01,9.999999403953552246e-01
2.520833333333333215e+01,1.583886296184853961e+02,-5.893055796623229980e-01,9.999999403953552246e-01
2.521666666666666501e+01,1.584409894960452334e+02,-6.031894087791442871e-01,1.000000000000000000e+00
2.522499999999999787e+01,1.584933493736050423e+02,-7.219552397727966309e-01,9.999999403953552246e-01
2.523333333333333073e+01,1.585457092511648796e+02,-7.403111457824707031e-01,9.999999403953552246e-01
2.524166666666666714e+01,1.585980691287247168e+02,-7.262094616889953613e-01,1.000000000000000000e+00
2.525000000000000000e+01,1.586504290062845541e+02,-7.090031504631042480e-01,9.999999403953552246e-01
2.525833333333332931e+01,1.587027888838443630e+02,-6.911286115646362305e-01,1.000000000000000000e+00
2.526666666666666572e+01,1.587551487614042003e+02,-6.728030443191528320e-01,1.000000000000000000e+00
2.527499999999999858e+01,1.588075086389640376e+02,-6.539999842643737793e-01,1.000000000000000000e+00
2.528333333333333499e+01,1.588598685165238749e+02,-6.347308158874511719e-01,9.999999403953552246e-01
2.529166666666666430e+01,1.589122283940836837e+02,-6.150111556053161621e-01,1.000000000000000000e+00
2.529999999999999716e+01,1.589645882716435210e+02,-5.948576927185058594e-01,1.000000000000000000e+00
2.530833333333333357e+01,1.590169481492033583e+02,-5.742875337600708008e-01,9.999999403953552246e-01
2.531666666666666643e+01,1.590693080267631956e+02,-5.533171892166137695e-01,1.000000000000000000e+00
2.532499999999999574e+01,1.591216679043230044e+02,-5.319634675979614258e-01,1.000000000000000000e+00
2.533333333333333215e+01,1.591740277818828417e+02,-5.102424621582031250e-01,1.000000000000000000e+00
2.534166666666666501e+01,1.592263876594426790e+02,-4.881707131862640381e-01,1.000000119209289551e+00
2.535000000000000142e+01,1.592787475370025163e+02,-4.657643437385559082e-01,1.000000000000000000e+00
2.535833333333333073e+01,1.593311074145623252e+02,-4.430395066738128662e-01,1.000000000000000000e+00
2.536666666666666359e+01,1.593834672921221625e+02,-4.200124740600585938e-01,1.000000000000000000e+00
2.537500000000000000e+01,1.594358271696819997e+02,-3.966993987560272217e-01,9.999999403953552246e-01
2.538333333333333286e+01,1.594881870472418370e+02,-3.731164932250976562e-01,1.000000000000000000e+00
2.539166666666666572e+01,1.595405469248016459e+02,-3.492800891399383545e-01,9.999999403953552246e-01
2.539999999999999858e+01,1.595929068023614832e+02,-3.252063691616058350e-01,1.000000000000000000e+00
2.540833333333333499e+01,1.596452666799213205e+02,-3.009118735790252686e-01,9.999999403953552246e-01
2.541666666666666430e+01,1.596976265574811293e+02,-2.764127254486083984e-01,1.000000000000000000e+00
2.542499999999999716e+01,1.597499864350409666e+02,-2.517255842685699463e-01,9.999999403953552246e-01
2.543333333333333357e+01,1.598023463126008039e+02,-2.268667668104171753e-01,9.999999403953552246e-01
2.544166666666666643e+01,1.598547061901606412e+02,-2.018529027700424194e-01,1.000000000000000000e+00
2.544999999999999574e+01,1.599070660677204501e+02,-1.767004281282424927e-01,1.000000000000000000e+00
2.545833333333333215e+01,1.599594259452802874e+02,-1.514260023832321167e-01,9.999999403953552246e-01
2.546666666666666501e+01,1.600117858228401246e+02,-1.260462105274200439e-01,1.000000000000000000e+00
2.547500000000000142e+01,1.600641457003999619e+02,-1.005776524543762207e-01,1.000000000000000000e+00
2.548333333333333073e+01,1.601165055779597708e+02,-7.503701746463775635e-02,1.000000000000000000e+00
2.549166666666666359e+01,1.601688654555196081e+02,-4.944093152880668640e-02,9.999999403953552246e-01
2.550000000000000000e+01,1.602212253330794454e+02,-2.380602061748504639e-02,1.000000000000000000e+00
2.550833333333333286e+01,1.602735852106392826e+02,1.851069042459130287e-03,9.999999403953552246e-01
2.551666666666666217e+01,1.603259450881990915e+02,2.751373127102851868e-02,9.999999403953552246e-01
2.552499999999999858e+01,1.603783049657589288e+02,5.316536501049995422e-02,1.000000000000000000e+00
2.553333333333333144e+01,1.604306648433187661e+02,7.878942787647247314e-02,9.999999403953552246e-01
2.554166666666666785e+01,1.604830247208786034e+02,1.043694019317626953e-01,9.999998807907104492e-01
2.554999999999999716e+01,1.605353845984384122e+02,1.298888474702835083e-01,1.000000000000000000e+00
2.555833333333333357e+01,1.605877444759982495e+02,1.553314030170440674e-01,1.000000000000000000e+00
2.556666666666666643e+01,1.606401043535580868e+02,1.806807368993759155e-01,9.999998807907104492e-01
2.557499999999999929e+01,1.606924642311179241e+02,2.059206515550613403e-01,9.999999403953552246e-01
2.558333333333333215e+01,1.607448241086777330e+02,2.310350388288497925e-01,1.000000000000000000e+00
2.559166666666666501e+01,1.607971839862375703e+02,2.560079097747802734e-01,9.999999403953552246e-01
2.560000000000000142e+01,1.608495438637974075e+02,2.808233499526977539e-01,9.999999403953552246e-01
2.560833333333333073e+01,1.609019037413572164e+02,3.054656684398651123e-01,9.999999403953552246e-01
2.561666666666666359e+01,1.609542636189170537e+02,3.299193084239959717e-01,1.000000000000000000e+00
2.562500000000000000e+01,1.610066234964768910e+02,3.541688919067382812e-01,1.000000000000000000e+00
2.563333333333333286e+01,1.610589833740367283e+02,3.781992197036743164e-01,1.000000000000000000e+00
2.564166666666666217e+01,1.611113432515965371e+02,4.019953906536102295e-01,9.999999403953552246e-01
2.564999999999999858e+01,1.611637031291563744e+02,4.255424439907073975e-01,9.999998807907104492e-01
2.565833333333333144e+01,1.612160630067162117e+02,4.488262832164764404e-01,1.000000000000000000e+00
2.566666666666666785e+01,1.612684228842760490e+02,4.718325734138488770e-01,1.000000119209289551e+00
2.567499999999999716e+01,1.613207827618358579e+02,4.945474565029144287e-01,1.000000000000000000e+00
2.568333333333333002e+01,1.613731426393956951e+02,5.169577598571777344e-01,1.000000000000000000e+00
2.569166666666666643e+01,1.614255025169555324e+02,5.390503406524658203e-01,1.000000000000000000e+00
2.569999999999999929e+01,1.614778623945153697e+02,5.608129501342773438e-01,1.000000000000000000e+00
2.570833333333333215e+01,1.615302222720751786e+02,5.822336077690124512e-01,9.999999403953552246e-01
2.571666666666666501e+01,1.615825821496350159e+02,6.033014655113220215e-01,1.000000000000000000e+00
2.572499999999999787e+01,1.616349420271948532e+02,6.240060329437255859e-01,1.000000000000000000e+00
2.573333333333333428e+01,1.616873019047546904e+02,6.443381309509277344e-01,1.000000000000000000e+00
2.574166666666666359e+01,1.617396617823144993e+02,6.642899513244628906e-01,1.000000000000000000e+00
2.575000000000000000e+01,1.617920216598743366e+02,6.838549375534057617e-01,9.999999403953552246e-01
2.575833333333333286e+01,1.618443815374341739e+02,7.030285000801086426e-01,1.000000000000000000e+00
2.576666666666666927e+01,1.618967414149940112e+02,7.218083739280700684e-01,9.999999403953552246e-01
2.577499999999999858e+01,1.619491012925538200e+02,7.401953935623168945e-01,9.999999403953552246e-01
2.578333333333333144e+01,1.620014611701136573e+02,7.581932544708251953e-01,1.000000000000000000e+00
2.579166666666666785e+01,1.620538210476734946e+02,7.758100032806396484e-01,9.999999403953552246e-01
2.579999999999999716e+01,1.621061809252333035e+02,7.930563688278198242e-01,1.000000000000000000e+00
2.580833333333333002e+01,1.621585408027931408e+02,8.099431991577148438e-01,9.999999403953552246e-01
2.581666666666666643e+01,1.622109006803529780e+02,8.264681100845336914e-01,9.999999403953552246e-01
2.582499999999999929e+01,1.622632605579128153e+02,8.425806164741516113e-01,1.000000000000000000e+00
2.583333333333332860e+01,1.623156204354726242e+02,8.581039309501647949e-01,1.000000000000000000e+00
2.584166666666666501e+01,1.623679803130324615e+02,8.726806640625000000e-01,1.000000000000000000e+00
2.584999999999999787e+01,1.624203401905922988e+02,8.859327435493469238e-01,9.999998807907104492e-01
2.585833333333333428e+01,1.624727000681521361e+02,8.976911902427673340e-01,9.999999403953552246e-01
2.586666666666666359e+01,1.625250599457119449e+02,9.080410003662109375e-01,1.000000000000000000e+00
2.587499999999999645e+01,1.625774198232717822e+02,9.172139167785644531e-01,9.999999403953552246e-01
2.588333333333333286e+01,1.626297797008316195e+02,9.254615902900695801e-01,1.000000000000000000e+00
2.589166666666666572e+01,1.626821395783914568e+02,9.329801797866821289e-01,9.999999403953552246e-01
2.589999999999999858e+01,1.627344994559512656e+02,9.398859143257141113e-01,1.000000000000000000e+00
2.590833333333333144e+01,1.627868593335111029e+02,9.462255835533142090e-01,9.999999403953552246e-01
2.591666666666666785e+01,1.628392192110709402e+02,9.519950747489929199e-01,9.999999403953552246e-01
2.592500000000000071e+01,1.628915790886307775e+02,9.571618437767028809e-01,9.999999403953552246e-01
2.593333333333333002e+01,1.629439389661905864e+02,9.616823196411132812e-01,1.000000000000000000e+00
2.594166666666666643e+01,1.629962988437504237e+02,9.655159115791320801e-01,1.000000000000000000e+00
2.594999999999999929e+01,1.630486587213102609e+02,9.686372876167297363e-01,1.000000000000000000e+00
2.595833333333333570e+01,1.631010185988700982e+02,9.710443615913391113e-01,1.000000119209289551e+00
2.596666666666666501e+01,1.631533784764299071e+02,9.727668762207031250e-01,1.000000000000000000e+00
2.597499999999999787e+01,1.632057383539897444e+02,9.738712310791015625e-01,1.000000119209289551e+00
2.598333333333333428e+01,1.632580982315495817e+02,9.744632840156555176e-01,9.999999403953552246e-01
2.599166666666666714e+01,1.633104581091094190e+02,9.746872186660766602e-01,1.000000000000000000e+00
2.599999999999999645e+01,1.633628179866692278e+02,9.747193455696105957e-01,1.000000000000000000e+00
2.600833333333333286e+01,1.634151778642290651e+02,9.747501611709594727e-01,1.000000000000000000e+00
2.601666666666666572e+01,1.634675377417889024e+02,9.749500155448913574e-01,1.000000000000000000e+00
2.602499999999999503e+01,1.635198976193487113e+02,9.754120111465454102e-01,9.999999403953552246e-01
2.603333333333333144e+01,1.635722574969085485e+02,9.760673642158508301e-01,9.999999403953552246e-01
2.604166666666666430e+01,1.636246173744683858e+02,9.765742421150207520e-01,9.999999403953552246e-01
2.605000000000000071e+01,1.636769772520282231e+02,9.761964678764343262e-01,1.000000000000000000e+00
2.605833333333333002e+01,1.637293371295880320e+02,9.736986160278320312e-01,9.999999403953552246e-01
2.606666666666666643e+01,1.637816970071478693e+02,9.672843813896179199e-01,1.000000000000000000e+00
2.607499999999999929e+01,1.638340568847077066e+02,9.546041488647460938e-01,1.000000119209289551e+00
2.608333333333333215e+01,1.638864167622675438e+02,9.328308105468750000e-01,9.999999403953552246e-01
2.609166666666666501e+01,1.639387766398273527e+02,8.988021016120910645e-01,9.999999403953552246e-01
2.609999999999999787e+01,1.639911365173871900e+02,8.492879867553710938e-01,9.999999403953552246e-01
2.610833333333333428e+01,1.640434963949470273e+02,7.816653251647949219e-01,9.999999403953552246e-01
2.611666666666666714e+01,1.640958562725068646e+02,6.957922577857971191e-01,9.999999403953552246e-01
2.612499999999999645e+01,1.641482161500666734e+02,5.984363555908203125e-01,9.999999403953552246e-01
2.613333333333333286e+01,1.642005760276265107e+02,5.100175738334655762e-01,1.000000000000000000e+00
2.614166666666666572e+01,1.642529359051863480e+02,4.642348289489746094e-01,1.000000000000000000e+00
2.615000000000000213e+01,1.643052957827461853e+02,4.827623367309570312e-01,1.000000000000000000e+00
2.615833333333333144e+01,1.643576556603059942e+02,5.482248663902282715e-01,1.000000000000000000e+00
2.616666666666666430e+01,1.644100155378658314e+02,6.393483281135559082e-01,1.000000000000000000e+00
2.617500000000000071e+01,1.644623754154256687e+02,7.527295351028442383e-01,9.999999403953552246e-01
2.618333333333333357e+01,1.645147352929855060e+02,8.084522485733032227e-01,9.999999403953552246e-01
2.619166666666666288e+01,1.645670951705453149e+02,7.296864390373229980e-01,1.000000000000000000e+00
2.619999999999999929e+01,1.646194550481051522e+02,5.932138562202453613e-01,1.000000000000000000e+00
2.620833333333333215e+01,1.646718149256649895e+02,5.386438965797424316e-01,9.999999403953552246e-01
2.621666666666666501e+01,1.647241748032247983e+02,6.953307390213012695e-01,1.000000000000000000e+00
2.622499999999999787e+01,1.647765346807846356e+02,7.692355513572692871e-01,1.000000000000000000e+00
2.623333333333333073e+01,1.648288945583444729e+02,7.627236247062683105e-01,1.000000000000000000e+00
2.624166666666666714e+01,1.648812544359043102e+02,7.466008663177490234e-01,1.000000000000000000e+00
2.624999999999999645e+01,1.649336143134641190e+02,7.292333841323852539e-01,1.000000000000000000e+00
2.625833333333333286e+01,1.649859741910239563e+02,7.114012837409973145e-01,1.000000000000000000e+00
2.626666666666666572e+01,1.650383340685837936e+02,6.930291056632995605e-01,9.999999403953552246e-01
2.627500000000000213e+01,1.650906939461436309e+02,6.741271018981933594e-01,1.000000000000000000e+00
2.628333333333333144e+01,1.651430538237034398e+02,6.547095179557800293e-01,1.000000000000000000e+00
2.629166666666666430e+01,1.651954137012632771e+02,6.347928047180175781e-01,9.999999403953552246e-01
2.630000000000000071e+01,1.652477735788231143e+02,6.143938899040222168e-01,9.999998807907104492e-01
2.630833333333333357e+01,1.653001334563829516e+02,5.935297012329101562e-01,1.000000000000000000e+00
2.631666666666666288e+01,1.653524933339427605e+02,5.722169280052185059e-01,1.000000000000000000e+00
2.632499999999999929e+01,1.654048532115025978e+02,5.504722595214843750e-01,9.999999403953552246e-01
2.633333333333333215e+01,1.654572130890624351e+02,5.283128619194030762e-01,1.000000000000000000e+00
2.634166666666666856e+01,1.655095729666222724e+02,5.057555437088012695e-01,1.000000000000000000e+00
2.634999999999999787e+01,1.655619328441820812e+02,4.828175604343414307e-01,1.000000000000000000e+00
2.635833333333333073e+01,1.656142927217419185e+02,4.595161378383636475e-01,9.999999403953552246e-01
2.636666666666666714e+01,1.656666525993017558e+02,4.358689486980438232e-01,1.000000000000000000e+00
2.637500000000000000e+01,1.657190124768615931e+02,4.118933677673339844e-01,1.000000000000000000e+00
2.638333333333332931e+01,1.657713723544214020e+02,3.876073956489562988e-01,1.000000000000000000e+00
2.639166666666666572e+01,1.658237322319812392e+02,3.630289733409881592e-01,9.999999403953552246e-01
2.639999999999999858e+01,1.658760921095410765e+02,3.381763100624084473e-01,9.999999403953552246e-01
2.640833333333333144e+01,1.659284519871008854e+02,3.130677342414855957e-01,9.999999403953552246e-01
2.641666666666666430e+01,1.659808118646607227e+02,2.877216637134552002e-01,1.000000000000000000e+00
2.642500000000000071e+01,1.660331717422205600e+02,2.621568143367767334e-01,1.000000000000000000e+00
2.643333333333333357e+01,1.660855316197803972e+02,2.363920211791992188e-01,1.000000000000000000e+00
2.644166666666666288e+01,1.661378914973402061e+02,2.104460746049880981e-01,1.000000000000000000e+00
2.644999999999999929e+01,1.661902513749000434e+02,1.843380928039550781e-01,1.000000000000000000e+00
2.645833333333333215e+01,1.662426112524598807e+02,1.580872386693954468e-01,1.000000000000000000e+00
2.646666666666666856e+01,1.662949711300197180e+02,1.317127197980880737e-01,9.999999403953552246e-01
2.647499999999999787e+01,1.663473310075795268e+02,1.052338406443595886e-01,1.000000000000000000e+00
2.648333333333333073e+01,1.663996908851393641e+02,7.867000252008438110e-02,1.000000000000000000e+00
2.649166666666666714e+01,1.664520507626992014e+02,5.204064771533012390e-02,9.999999403953552246e-01
2.650000000000000000e+01,1.665044106402590387e+02,2.536521293222904205e-02,1.000000000000000000e+00
2.650833333333332931e+01,1.665567705178188476e+02,-1.336799818091094494e-03,1.000000000000000000e+00
2.651666666666666572e+01,1.666091303953786849e+02,-2.804594114422798157e-02,1.000000000000000000e+00
2.652499999999999858e+01,1.666614902729385221e+02,-5.474273115396499634e-02,1.000000000000000000e+00
2.653333333333333499e+01,1.667138501504983594e+02,-8.140771836042404175e-02,1.000000000000000000e+00
2.654166666666666430e+01,1.667662100280581683e+02,-1.080215498805046082e-01,1.000000000000000000e+00
2.654999999999999716e+01,1.668185699056180056e+02,-1.345649212598800659e-01,9.999999403953552246e-01
2.655833333333333357e+01,1.668709297831778429e+02,-1.610186100006103516e-01,1.000000000000000000e+00
2.656666666666666643e+01,1.669232896607376802e+02,-1.873634904623031616e-01,9.999999403953552246e-01
2.657499999999999929e+01,1.669756495382974890e+02,-2.135805636644363403e-01,1.000000000000000000e+00
2.658333333333333215e+01,1.670280094158573263e+02,-2.396510690450668335e-01,1.000000000000000000e+00
2.659166666666666501e+01,1.670803692934171636e+02,-2.655561566352844238e-01,1.000000000000000000e+00
2.659999999999999787e+01,1.671327291709769725e+02,-2.912774682044982910e-01,9.999999403953552246e-01
2.660833333333333073e+01,1.671850890485368097e+02,-3.167966604232788086e-01,1.000000000000000000e+00
2.661666666666666714e+01,1.672374489260966470e+02,-3.420957028865814209e-01,9.999999403953552246e-01
2.662500000000000000e+01,1.672898088036564843e+02,-3.671567440032958984e-01,1.000000000000000000e+00
2.663333333333332931e+01,1.673421686812162932e+02,-3.919622302055358887e-01,1.000000000000000000e+00
2.664166666666666572e+01,1.673945285587761305e+02,-4.164949357509613037e-01,1.000000000000000000e+00
2.664999999999999858e+01,1.674468884363359678e+02,-4.407379329204559326e-01,1.000000000000000000e+00
2.665833333333333499e+01,1.674992483138958050e+02,-4.646746814250946045e-01,9.999999403953552246e-01
2.666666666666666430e+01,1.675516081914556139e+02,-4.882889688014984131e-01,1.000000000000000000e+00
2.667499999999999716e+01,1.676039680690154512e+02,-5.115651488304138184e-01,1.000000119209289551e+00
2.668333333333333357e+01,1.676563279465752885e+02,-5.344877243041992188e-01,1.000000000000000000e+00
2.669166666666666643e+01,1.677086878241351258e+02,-5.570421218872070312e-01,1.000000000000000000e+00
2.669999999999999574e+01,1.677610477016949346e+02,-5.792140960693359375e-01,9.999999403953552246e-01
2.670833333333333215e+01,1.678134075792547719e+02,-6.009901165962219238e-01,1.000000000000000000e+00
2.671666666666666501e+01,1.678657674568146092e+02,-6.223573684692382812e-01,9.999999403953552246e-01
2.672500000000000142e+01,1.679181273343744465e+02,-6.433038115501403809e-01,1.000000000000000000e+00
2.673333333333333073e+01,1.679704872119342554e+02,-6.638184785842895508e-01,1.000000000000000000e+00
2.674166666666666359e+01,1.680228470894940926e+02,-6.838912367820739746e-01,9.999999403953552246e-01
2.675000000000000000e+01,1.680752069670539299e+02,-7.035138607025146484e-01,1.000000000000000000e+00
2.675833333333333286e+01,1.681275668446137672e+02,-7.226791381835937500e-01,9.999998807907104492e-01
2.676666666666666572e+01,1.681799267221735761e+02,-7.413818240165710449e-01,1.000000000000000000e+00
2.677499999999999858e+01,1.682322865997334134e+02,-7.596189379692077637e-01,1.000000000000000000e+00
2.678333333333333499e+01,1.682846464772932507e+02,-7.773901820182800293e-01,1.000000000000000000e+00
2.679166666666666430e+01,1.683370063548530595e+02,-7.946984171867370605e-01,1.000000000000000000e+00
2.679999999999999716e+01,1.683893662324128968e+02,-8.115487098693847656e-01,1.000000000000000000e+00
2.680833333333333357e+01,1.684417261099727341e+02,-8.279477953910827637e-01,1.000000000000000000e+00
2.681666666666666643e+01,1.684940859875325714e+02,-8.438974618911743164e-01,1.000000000000000000e+00
2.682499999999999574e+01,1.685464458650923802e+02,-8.593788146972656250e-01,1.000000000000000000e+00
2.683333333333333215e+01,1.685988057426522175e+02,-8.743078112602233887e-01,9.999999403953552246e-01
2.684166666666666501e+01,1.686511656202120548e+02,-8.884643912315368652e-01,1.000000000000000000e+00
2.685000000000000142e+01,1.687035254977718921e+02,-9.015054702758789062e-01,1.000000000000000000e+00
2.685833333333333073e+01,1.687558853753317010e+02,-9.131593704223632812e-01,1.000000119209289551e+00
2.686666666666666359e+01,1.688082452528915383e+02,-9.233791232109069824e-01,1.000000000000000000e+00
2.687500000000000000e+01,1.688606051304513755e+02,-9.323162436485290527e-01,1.000000000000000000e+00
2.688333333333333286e+01,1.689129650080112128e+02,-9.402071237564086914e-01,9.999999403953552246e-01
2.689166666666666217e+01,1.689653248855710217e+02,-9.472724795341491699e-01,1.000000000000000000e+00
2.689999999999999858e+01,1.690176847631308590e+02,-9.536687731742858887e-01,1.000000000000000000e+00
2.690833333333333144e+01,1.690700446406906963e+02,-9.594809412956237793e-01,9.999999403953552246e-01
2.691666666666666785e+01,1.691224045182505336e+02,-9.647367596626281738e-01,1.000000000000000000e+00
2.692499999999999716e+01,1.691747643958103424e+02,-9.694277048110961914e-01,1.000000000000000000e+00
2.693333333333333357e+01,1.692271242733701797e+02,-9.735277295112609863e-01,9.999999403953552246e-01
2.694166666666666643e+01,1.692794841509300170e+02,-9.770085215568542480e-01,1.000000000000000000e+00
2.694999999999999929e+01,1.693318440284898543e+02,-9.798507690429687500e-01,9.999999403953552246e-01
2.695833333333333215e+01,1.693842039060496631e+02,-9.820539355278015137e-01,1.000000000000000000e+00
2.696666666666666501e+01,1.694365637836095004e+02,-9.836421012878417969e-01,9.999999403953552246e-01
2.697500000000000142e+01,1.694889236611693377e+02,-9.846712350845336914e-01,9.999999403953552246e-01
2.698333333333333428e+01,1.695412835387291750e+02,-9.852306246757507324e-01,1.000000000000000000e+00
2.699166666666666359e+01,1.695936434162889839e+02,-9.854465723037719727e-01,1.000000000000000000e+00
2.700000000000000000e+01,1.696460032938488212e+02,-9.854783415794372559e-01,9.999999403953552246e-01
2.700833333333333286e+01,1.696983631714086584e+02,-9.855108261108398438e-01,1.000000119209289551e+00
2.701666666666666217e+01,1.697507230489684673e+02,-9.857352375984191895e-01,1.000000000000000000e+00
2.702499999999999858e+01,1.698030829265283046e+02,-9.863128662109375000e-01,1.000000000000000000e+00
2.703333333333333144e+01,1.698554428040881419e+02,-9.873155951499938965e-01,9.999999403953552246e-01
2.704166666666666785e+01,1.699078026816479792e+02,-9.886391758918762207e-01,9.999999403953552246e-01
2.704999999999999716e+01,1.699601625592077880e+02,-9.898918271064758301e-01,9.999999403953552246e-01
2.705833333333333002e+01,1.700125224367676253e+02,-9.902710318565368652e-01,9.999999403953552246e-01
2.706666666666666643e+01,1.700648823143274626e+02,-9.884504675865173340e-01,1.000000000000000000e+00
2.707499999999999929e+01,1.701172421918872999e+02,-9.825010299682617188e-01,1.000000000000000000e+00
2.708333333333333215e+01,1.701696020694471088e+02,-9.698486328125000000e-01,1.000000000000000000e+00
2.709166666666666501e+01,1.702219619470069460e+02,-9.472649693489074707e-01,1.000000119209289551e+00
2.709999999999999787e+01,1.702743218245667833e+02,-9.108894467353820801e-01,1.000000000000000000e+00
2.710833333333333428e+01,1.703266817021266206e+02,-8.563928008079528809e-01,1.000000000000000000e+00
2.711666666666666359e+01,1.703790415796864295e+02,-7.797493934631347656e-01,1.000000000000000000e+00
2.712500000000000000e+01,1.704314014572462668e+02,-6.798523664474487305e-01,1.000000119209289551e+00
2.713333333333333286e+01,1.704837613348061041e+02,-5.648503303527832031e-01,1.000000000000000000e+00
2.714166666666666572e+01,1.705361212123659413e+02,-4.609254896640777588e-01,1.000000000000000000e+00
2.714999999999999858e+01,1.705884810899257502e+02,-4.091585278511047363e-01,9.999999403953552246e-01
2.715833333333333144e+01,1.706408409674855875e+02,-4.321703910827636719e-01,1.000000000000000000e+00
2.716666666666666785e+01,1.706932008450454248e+02,-5.088866353034973145e-01,9.999999403953552246e-01
2.717500000000000071e+01,1.707455607226052621e+02,-6.197533011436462402e-01,1.000000000000000000e+00
2.718333333333333002e+01,1.707979206001650709e+02,-7.544576525688171387e-01,1.000000000000000000e+00
2.719166666666666643e+01,1.708502804777249082e+02,-8.072339892387390137e-01,9.999999403953552246e-01
2.719999999999999929e+01,1.709026403552847455e+02,-7.167124152183532715e-01,1.000000000000000000e+00
2.720833333333332860e+01,1.709550002328445544e+02,-5.893034338951110840e-01,1.000000000000000000e+00
2.721666666666666501e+01,1.710073601104043917e+02,-6.031879782676696777e-01,1.000000000000000000e+00
2.722499999999999787e+01,1.710597199879642289e+02,-7.219550013542175293e-01,9.999999403953552246e-01
2.723333333333333428e+01,1.711120798655240662e+02,-7.403112053871154785e-01,1.000000000000000000e+00
2.724166666666666359e+01,1.711644397430838751e+02,-7.262095212936401367e-01,1.000000119209289551e+00
2.724999999999999645e+01,1.712167996206437124e+02,-7.090031504631042480e-01,1.000000000000000000e+00
2.725833333333333286e+01,1.712691594982035497e+02,-6.911286115646362305e-01,1.000000000000000000e+00
2.726666666666666572e+01,1.713215193757633870e+02,-6.728030443191528320e-01,9.999999403953552246e-01
2.727499999999999858e+01,1.713738792533231958e+02,-6.539999842643737793e-01,1.000000000000000000e+00
2.728333333333333144e+01,1.714262391308830331e+02,-6.347308158874511719e-01,1.000000000000000000e+00
2.729166666666666430e+01,1.714785990084428704e+02,-6.150111556053161621e-01,9.999999403953552246e-01
2.730000000000000071e+01,1.715309588860027077e+02,-5.948576927185058594e-01,9.999999403953552246e-01
2.730833333333333002e+01,1.715833187635625166e+02,-5.742875337600708008e-01,1.000000000000000000e+00
2.731666666666666643e+01,1.716356786411223538e+02,-5.533171892166137695e-01,9.999999403953552246e-01
2.732499999999999929e+01,1.716880385186821911e+02,-5.319634675979614258e-01,9.999999403953552246e-01
2.733333333333333570e+01,1.717403983962420284e+02,-5.102424621582031250e-01,1.000000000000000000e+00
2.734166666666666501e+01,1.717927582738018373e+02,-4.881707131862640381e-01,1.000000000000000000e+00
2.734999999999999787e+01,1.718451181513616746e+02,-4.657643437385559082e-01,1.000000000000000000e+00
2.735833333333333428e+01,1.718974780289215119e+02,-4.430395066738128662e-01,1.000000000000000000e+00
2.736666666666666714e+01,1.719498379064813491e+02,-4.200124740600585938e-01,1.000000000000000000e+00
2.737499999999999645e+01,1.720021977840411580e+02,-3.966993689537048340e-01,1.000000000000000000e+00
2.738333333333333286e+01,1.720545576616009953e+02,-3.731165528297424316e-01,1.000000000000000000e+00
2.739166666666666572e+01,1.721069175391608326e+02,-3.492800891399383545e-01,1.000000000000000000e+00
2.739999999999999503e+01,1.721592774167206414e+02,-3.252063989639282227e-01,1.000000000000000000e+00
2.740833333333333144e+01,1.722116372942804787e+02,-3.009118735790252686e-01,1.000000000000000000e+00
2.741666666666666430e+01,1.722639971718403160e+02,-2.764127850532531738e-01,1.000000000000000000e+00
2.742500000000000071e+01,1.723163570494001533e+02,-2.517256438732147217e-01,9.999999403953552246e-01
2.743333333333333002e+01,1.723687169269599622e+02,-2.268667966127395630e-01,1.000000000000000000e+00
2.744166666666666288e+01,1.724210768045197995e+02,-2.018529027700424194e-01,1.000000000000000000e+00
2.744999999999999929e+01,1.724734366820796367e+02,-1.767004132270812988e-01,9.999999403953552246e-01
2.745833333333333215e+01,1.725257965596394740e+02,-1.514260023832321167e-01,1.000000000000000000e+00
2.746666666666666501e+01,1.725781564371992829e+02,-1.260462105274200439e-01,1.000000000000000000e+00
2.747499999999999787e+01,1.726305163147591202e+02,-1.005776673555374146e-01,9.999999403953552246e-01
2.748333333333333428e+01,1.726828761923189575e+02,-7.503701746463775635e-02,9.999999403953552246e-01
2.749166666666666714e+01,1.727352360698787948e+02,-4.944093152880668640e-02,1.000000000000000000e+00
2.749999999999999645e+01,1.727875959474386036e+02,-2.380601316690444946e-02,9.999999403953552246e-01
2.750833333333333286e+01,1.728399558249984409e+02,1.851077773608267307e-03,1.000000119209289551e+00
2.751666666666666572e+01,1.728923157025582782e+02,2.751373313367366791e-02,9.999999403953552246e-01
2.752500000000000213e+01,1.729446755801181155e+02,5.316535383462905884e-02,9.999999403953552246e-01
2.753333333333333144e+01,1.729970354576779243e+02,7.878941297531127930e-02,1.000000000000000000e+00
2.754166666666666430e+01,1.730493953352377616e+02,1.043694019317626953e-01,1.000000000000000000e+00
2.755000000000000071e+01,1.731017552127975989e+02,1.298888474702835083e-01,9.999999403953552246e-01
2.755833333333333357e+01,1.731541150903574362e+02,1.553314030170440674e-01,9.999999403953552246e-01
2.756666666666666288e+01,1.732064749679172451e+02,1.806807368993759155e-01,9.999999403953552246e-01
2.757499999999999929e+01,1.732588348454770824e+02,2.059206813573837280e-01,1.000000000000000000e+00
2.758333333333333215e+01,1.733111947230369196e+02,2.310350388288497925e-01,1.000000119209289551e+00
2.759166666666666146e+01,1.733635546005967285e+02,2.560079097747802734e-01,1.000000000000000000e+00
2.759999999999999787e+01,1.734159144781565658e+02,2.808233797550201416e-01,9.999999403953552246e-01
2.760833333333333073e+01,1.734682743557164031e+02,3.054656684398651123e-01,9.999999403953552246e-01
2.761666666666666714e+01,1.735206342332762404e+02,3.299193084239959717e-01,1.000000000000000000e+00
2.762499999999999645e+01,1.735729941108360492e+02,3.541688919067382812e-01,1.000000000000000000e+00
2.763333333333333286e+01,1.736253539883958865e+02,3.781992197036743164e-01,1.000000000000000000e+00
2.764166666666666572e+01,1.736777138659557238e+02,4.019952714443206787e-01,9.999999403953552246e-01
2.764999999999999858e+01,1.737300737435155611e+02,4.255424439907073975e-01,1.000000000000000000e+00
2.765833333333333144e+01,1.737824336210753700e+02,4.488262236118316650e-01,1.000000000000000000e+00
2.766666666666666430e+01,1.738347934986352072e+02,4.718324840068817139e-01,1.000000000000000000e+00
2.767500000000000071e+01,1.738871533761950445e+02,4.945474565029144287e-01,1.000000000000000000e+00
2.768333333333333357e+01,1.739395132537548818e+02,5.169577598571777344e-01,1.000000000000000000e+00
2.769166666666666288e+01,1.739918731313146907e+02,5.390504002571105957e-01,9.999999403953552246e-01
2.769999999999999929e+01,1.740442330088745280e+02,5.608129501342773438e-01,1.000000000000000000e+00
2.770833333333333215e+01,1.740965928864343653e+02,5.822337269783020020e-01,9.999999403953552246e-01
2.771666666666666856e+01,1.741489527639942025e+02,6.033014655113220215e-01,1.000000000000000000e+00
2.772499999999999787e+01,1.742013126415540114e+02,6.240059733390808105e-01,9.999999403953552246e-01
2.773333333333333073e+01,1.742536725191138487e+02,6.443381309509277344e-01,1.000000000000000000e+00
2.774166666666666714e+01,1.743060323966736860e+02,6.642899513244628906e-01,1.000000000000000000e+00
2.775000000000000000e+01,1.743583922742335233e+02,6.838548779487609863e-01,9.999998807907104492e-01
2.775833333333332931e+01,1.744107521517933321e+02,7.030285000801086426e-01,9.999999403953552246e-01
2.776666666666666572e+01,1.744631120293531694e+02,7.218084335327148438e-01,9.999998807907104492e-01
2.777499999999999858e+01,1.745154719069130067e+02,7.401952743530273438e-01,9.999999403953552246e-01
2.778333333333333144e+01,1.745678317844728156e+02,7.581932544708251953e-01,9.999999403953552246e-01
2.779166666666666430e+01,1.746201916620326529e+02,7.758099436759948730e-01,1.000000000000000000e+00
2.779999999999999716e+01,1.746725515395924901e+02,7.930564284324645996e-01,1.000000119209289551e+00
2.780833333333333357e+01,1.747249114171523274e+02,8.099431395530700684e-01,1.000000000000000000e+00
2.781666666666666288e+01,1.747772712947121363e+02,8.264681100845336914e-01,9.999999403953552246e-01
2.782499999999999929e+01,1.748296311722719736e+02,8.425806164741516113e-01,1.000000000000000000e+00
2.783333333333333215e+01,1.748819910498318109e+02,8.581039309501647949e-01,1.000000000000000000e+00
2.784166666666666856e+01,1.749343509273916482e+02,8.726806044578552246e-01,1.000000000000000000e+00
2.784999999999999787e+01,1.749867108049514570e+02,8.859327435493469238e-01,9.999999403953552246e-01
2.785833333333333073e+01,1.750390706825112943e+02,8.976911902427673340e-01,1.000000000000000000e+00
2.786666666666666714e+01,1.750914305600711316e+02,9.080410003662109375e-01,1.000000000000000000e+00
2.787500000000000000e+01,1.751437904376309689e+02,9.172139167785644531e-01,1.000000000000000000e+00
2.788333333333332931e+01,1.751961503151907777e+02,9.254617691040039062e-01,1.000000000000000000e+00
2.789166666666666572e+01,1.752485101927506150e+02,9.329801797866821289e-01,1.000000000000000000e+00
2.789999999999999858e+01,1.753008700703104523e+02,9.398860335350036621e-01,9.999999403953552246e-01
2.790833333333333499e+01,1.753532299478702896e+02,9.462255835533142090e-01,9.999999403953552246e-01
2.791666666666666430e+01,1.754055898254300985e+02,9.519951939582824707e-01,1.000000000000000000e+00
2.792499999999999716e+01,1.754579497029899358e+02,9.571619033813476562e-01,9.999999403953552246e-01
2.793333333333333357e+01,1.755103095805497730e+02,9.616823196411132812e-01,1.000000000000000000e+00
2.794166666666666643e+01,1.755626694581096103e+02,9.655157327651977539e-01,1.000000000000000000e+00
2.794999999999999574e+01,1.756150293356694192e+02,9.686371088027954102e-01,9.999998807907104492e-01
2.795833333333333215e+01,1.756673892132292565e+02,9.710443615913391113e-01,9.999999403953552246e-01
2.796666666666666501e+01,1.757197490907890938e+02,9.727668762207031250e-01,1.000000000000000000e+00
2.797500000000000142e+01,1.757721089683489311e+02,9.738712310791015625e-01,1.000000000000000000e+00
2.798333333333333073e+01,1.758244688459087399e+02,9.744631052017211914e-01,1.000000119209289551e+00
2.799166666666666714e+01,1.758768287234685772e+02,9.746872186660766602e-01,1.000000000000000000e+00
2.800000000000000000e+01,1.759291886010284145e+02,9.747192263603210449e-01,1.000000000000000000e+00
2.800833333333332931e+01,1.759815484785882234e+02,9.747501611709594727e-01,1.000000119209289551e+00
2.801666666666666572e+01,1.760339083561480606e+02,9.749500155448913574e-01,1.000000000000000000e+00
2.802499999999999858e+01,1.760862682337078979e+02,9.754120111465454102e-01,1.000000000000000000e+00
2.803333333333333499e+01,1.761386281112677352e+02,9.760672450065612793e-01,1.000000000000000000e+00
2.804166666666666430e+01,1.761909879888275441e+02,9.765741229057312012e-01,9.999999403953552246e-01
2.804999999999999716e+01,1.762433478663873814e+02,9.761964678764343262e-01,1.000000000000000000e+00
2.805833333333333357e+01,1.762957077439472187e+02,9.736986160278320312e-01,9.999999403953552246e-01
2.806666666666666643e+01,1.763480676215070559e+02,9.672842025756835938e-01,9.999999403953552246e-01
2.807499999999999574e+01,1.764004274990668648e+02,9.546041488647460938e-01,9.999999403953552246e-01
2.808333333333333215e+01,1.764527873766267021e+02,9.328306317329406738e-01,1.000000000000000000e+00
2.809166666666666501e+01,1.765051472541865394e+02,8.988019824028015137e-01,1.000000000000000000e+00
2.810000000000000142e+01,1.765575071317463767e+02,8.492878079414367676e-01,1.000000000000000000e+00
2.810833333333333073e+01,1.766098670093061855e+02,7.816650271415710449e-01,1.000000000000000000e+00
2.811666666666666359e+01,1.766622268868660228e+02,6.957919597625732422e-01,9.999999403953552246e-01
2.812500000000000000e+01,1.767145867644258601e+02,5.984361767768859863e-01,9.999998807907104492e-01
2.813333333333333286e+01,1.767669466419856974e+02,5.100174546241760254e-01,1.000000000000000000e+00
2.814166666666666572e+01,1.768193065195455063e+02,4.642348289489746094e-01,1.000000000000000000e+00
2.814999999999999858e+01,1.768716663971053435e+02,4.827625453472137451e-01,9.999999403953552246e-01
2.815833333333333144e+01,1.769240262746651808e+02,5.482248663902282715e-01,1.000000000000000000e+00
2.816666666666666785e+01,1.769763861522250181e+02,6.393476724624633789e-01,1.000000000000000000e+00
2.817499999999999716e+01,1.770287460297848270e+02,7.527279257774353027e-01,1.000000000000000000e+00
2.818333333333333357e+01,1.770811059073446643e+02,8.084501624107360840e-01,1.000000000000000000e+00
2.819166666666666643e+01,1.771334657849045016e+02,7.296859622001647949e-01,1.000000000000000000e+00
2.819999999999999574e+01,1.771858256624643104e+02,5.932172536849975586e-01,9.999999403953552246e-01
2.820833333333333215e+01,1.772381855400241477e+02,5.386497378349304199e-01,1.000000000000000000e+00
2.821666666666666501e+01,1.772905454175839850e+02,6.953330039978027344e-01,9.999999403953552246e-01
2.822500000000000142e+01,1.773429052951438223e+02,7.692357301712036133e-01,1.000000000000000000e+00
2.823333333333333073e+01,1.773952651727036312e+02,7.627237439155578613e-01,1.000000000000000000e+00
2.824166666666666359e+01,1.774476250502634684e+02,7.466008067131042480e-01,9.999999403953552246e-01
2.825000000000000000e+01,1.774999849278233057e+02,7.292334437370300293e-01,1.000000000000000000e+00
2.825833333333333286e+01,1.775523448053831430e+02,7.114012837409973145e-01,9.999999403953552246e-01
2.826666666666666217e+01,1.776047046829429519e+02,6.930290460586547852e-01,9.999998807907104492e-01
2.827499999999999858e+01,1.776570645605027892e+02,6.741271018981933594e-01,1.000000000000000000e+00
2.828333333333333144e+01,1.777094244380626265e+02,6.547094583511352539e-01,9.999999403953552246e-01
2.829166666666666785e+01,1.777617843156224637e+02,6.347928047180175781e-01,9.999999403953552246e-01
2.829999999999999716e+01,1.778141441931822726e+02,6.143938899040222168e-01,9.999999403953552246e-01
2.830833333333333002e+01,1.778665040707421099e+02,5.935297012329101562e-01,1.000000000000000000e+00
2.831666666666666643e+01,1.779188639483019472e+02,5.722169280052185059e-01,9.999999403953552246e-01
2.832499999999999929e+01,1.779712238258617845e+02,5.504723787307739258e-01,1.000000000000000000e+00
2.833333333333333215e+01,1.780235837034215933e+02,5.283128023147583008e-01,1.000000000000000000e+00
2.834166666666666501e+01,1.780759435809814306e+02,5.057555437088012695e-01,1.000000000000000000e+00
2.835000000000000142e+01,1.781283034585412679e+02,4.828175604343414307e-01,9.999999403953552246e-01
2.835833333333333428e+01,1.781806633361011052e+02,4.595162570476531982e-01,9.999998807907104492e-01
2.836666666666666359e+01,1.782330232136609141e+02,4.358689486980438232e-01,9.999999403953552246e-01
2.837500000000000000e+01,1.782853830912207513e+02,4.118933677673339844e-01,1.000000000000000000e+00
2.838333333333333286e+01,1.783377429687805886e+02,3.876074254512786865e-01,1.000000000000000000e+00
2.839166666666666217e+01,1.783901028463403975e+02,3.630290031433105469e-01,9.999999403953552246e-01
2.839999999999999858e+01,1.784424627239002348e+02,3.381763398647308350e-01,9.999999403953552246e-01
2.840833333333333144e+01,1.784948226014600721e+02,3.130676746368408203e-01,1.000000000000000000e+00
2.841666666666666785e+01,1.785471824790199094e+02,2.877216935157775879e-01,1.000000000000000000e+00
2.842499999999999716e+01,1.785995423565797182e+02,2.621568143367767334e-01,1.000000000000000000e+00
2.843333333333333002e+01,1.786519022341395555e+02,2.363920211791992188e-01,9.999999403953552246e-01
2.844166666666666643e+01,1.787042621116993928e+02,2.104460448026657104e-01,1.000000000000000000e+00
2.844999999999999929e+01,1.787566219892592301e+02,1.843380928039550781e-01,1.000000000000000000e+00
2.845833333333332860e+01,1.788089818668190389e+02,1.580872535705566406e-01,1.000000000000000000e+00
2.846666666666666501e+01,1.788613417443788762e+02,1.317127048969268799e-01,9.999999403953552246e-01
2.847499999999999787e+01,1.789137016219387135e+02,1.052338406443595886e-01,1.000000000000000000e+00
2.848333333333333428e+01,1.789660614994985508e+02,7.867000252008438110e-02,1.000000119209289551e+00
2.849166666666666359e+01,1.790184213770583597e+02,5.204063653945922852e-02,9.999999403953552246e-01
2.850000000000000000e+01,1.790707812546181970e+02,2.536520920693874359e-02,9.999999403953552246e-01
2.850833333333333286e+01,1.791231411321780342e+02,-1.336819608695805073e-03,1.000000000000000000e+00
2.851666666666666572e+01,1.791755010097378715e+02,-2.804594673216342926e-02,1.000000000000000000e+00
2.852499999999999858e+01,1.792278608872976804e+02,-5.474273115396499634e-02,1.000000119209289551e+00
2.853333333333333144e+01,1.792802207648575177e+02,-8.140772581100463867e-02,9.999999403953552246e-01
2.854166666666666785e+01,1.793325806424173550e+02,-1.080215573310852051e-01,1.000000000000000000e+00
2.855000000000000071e+01,1.793849405199771923e+02,-1.345649361610412598e-01,1.000000000000000000e+00
2.855833333333333002e+01,1.794373003975370011e+02,-1.610186100006103516e-01,9.999999403953552246e-01
2.856666666666666643e+01,1.794896602750968384e+02,-1.873635053634643555e-01,1.000000000000000000e+00
2.857499999999999929e+01,1.795420201526566757e+02,-2.135805636644363403e-01,9.999999403953552246e-01
2.858333333333332860e+01,1.795943800302164846e+02,-2.396510392427444458e-01,1.000000000000000000e+00
2.859166666666666501e+01,1.796467399077763218e+02,-2.655561566352844238e-01,1.000000119209289551e+00
2.859999999999999787e+01,1.796990997853361591e+02,-2.912774682044982910e-01,1.000000000000000000e+00
2.860833333333333428e+01,1.797514596628959964e+02,-3.167966902256011963e-01,1.000000000000000000e+00
2.861666666666666359e+01,1.798038195404558053e+02,-3.420956730842590332e-01,9.999999403953552246e-01
2.862499999999999645e+01,1.798561794180156426e+02,-3.671567142009735107e-01,9.999999403953552246e-01
2.863333333333333286e+01,1.799085392955754799e+02,-3.919622600078582764e-01,9.999999403953552246e-01
2.864166666666666572e+01,1.799608991731353171e+02,-4.164949357509613037e-01,1.000000000000000000e+00
2.864999999999999858e+01,1.800132590506951260e+02,-4.407379627227783203e-01,9.999998807907104492e-01
2.865833333333333144e+01,1.800656189282549633e+02,-4.646747112274169922e-01,9.999999403953552246e-01
2.866666666666666430e+01,1.801179788058148006e+02,-4.882889688014984131e-01,1.000000000000000000e+00
2.867500000000000071e+01,1.801703386833746379e+02,-5.115651488304138184e-01,1.000000119209289551e+00
2.868333333333333002e+01,1.802226985609344467e+02,-5.344877243041992188e-01,1.000000000000000000e+00
2.869166666666666643e+01,1.802750584384942840e+02,-5.570421218872070312e-01,1.000000000000000000e+00
2.869999999999999929e+01,1.803274183160541213e+02,-5.792142152786254883e-01,1.000000000000000000e+00
2.870833333333333570e+01,1.803797781936139586e+02,-6.009901165962219238e-01,1.000000000000000000e+00
2.871666666666666501e+01,1.804321380711737675e+02,-6.223573088645935059e-01,9.999999403953552246e-01
2.872499999999999787e+01,1.804844979487336047e+02,-6.433038115501403809e-01,9.999999403953552246e-01
2.873333333333333428e+01,1.805368578262934420e+02,-6.638183593750000000e-01,1.000000119209289551e+00
2.874166666666666714e+01,1.805892177038532793e+02,-6.838912367820739746e-01,9.999999403953552246e-01
2.874999999999999645e+01,1.806415775814130882e+02,-7.035138607025146484e-01,1.000000000000000000e+00
2.875833333333333286e+01,1.806939374589729255e+02,-7.226790189743041992e-01,9.999999403953552246e-01
2.876666666666666572e+01,1.807462973365327628e+02,-7.413817644119262695e-01,1.000000000000000000e+00
2.877500000000000213e+01,1.807986572140926000e+02,-7.596187591552734375e-01,1.000000000000000000e+00
2.878333333333333144e+01,1.808510170916524089e+02,-7.773901820182800293e-01,1.000000119209289551e+00
2.879166666666666430e+01,1.809033769692122462e+02,-7.946983575820922852e-01,1.000000000000000000e+00
2.880000000000000071e+01,1.809557368467720835e+02,-8.115486502647399902e-01,1.000000000000000000e+00
2.880833333333333002e+01,1.810080967243318923e+02,-8.279477953910827637e-01,9.999999403953552246e-01
2.881666666666666288e+01,1.810604566018917296e+02,-8.438976407051086426e-01,1.000000000000000000e+00
2.882499999999999929e+01,1.811128164794515669e+02,-8.593788146972656250e-01,1.000000000000000000e+00
2.883333333333333215e+01,1.811651763570114042e+02,-8.743076324462890625e-01,1.000000000000000000e+00
2.884166666666666501e+01,1.812175362345712131e+02,-8.884642720222473145e-01,1.000000000000000000e+00
2.884999999999999787e+01,1.812698961121310504e+02,-9.015052914619445801e-01,1.000000119209289551e+00
2.885833333333333428e+01,1.813222559896908876e+02,-9.131595492362976074e-01,1.000000000000000000e+00
2.886666666666666714e+01,1.813746158672507249e+02,-9.233791232109069824e-01,1.000000000000000000e+00
2.887499999999999645e+01,1.814269757448105338e+02,-9.323162436485290527e-01,1.000000000000000000e+00
2.888333333333333286e+01,1.814793356223703711e+02,-9.402071237564086914e-01,1.000000000000000000e+00
2.889166666666666572e+01,1.815316954999302084e+02,-9.472723007202148438e-01,9.999999403953552246e-01
2.890000000000000213e+01,1.815840553774900457e+02,-9.536687731742858887e-01,9.999998807907104492e-01
2.890833333333333144e+01,1.816364152550498545e+02,-9.594808816909790039e-01,9.999999403953552246e-01
2.891666666666666430e+01,1.816887751326096918e+02,-9.647365808486938477e-01,1.000000000000000000e+00
2.892500000000000071e+01,1.817411350101695291e+02,-9.694275856018066406e-01,1.000000000000000000e+00
2.893333333333333357e+01,1.817934948877293664e+02,-9.735277295112609863e-01,9.999999403953552246e-01
2.894166666666666288e+01,1.818458547652891752e+02,-9.770083427429199219e-01,9.999999403953552246e-01
2.894999999999999929e+01,1.818982146428490125e+02,-9.798505902290344238e-01,1.000000000000000000e+00
2.895833333333333215e+01,1.819505745204088498e+02,-9.820535778999328613e-01,1.000000000000000000e+00
2.896666666666666856e+01,1.820029343979686871e+02,-9.836420416831970215e-01,9.999999403953552246e-01
2.897499999999999787e+01,1.820552942755284960e+02,-9.846710562705993652e-01,1.000000000000000000e+00
2.898333333333333073e+01,1.821076541530883333e+02,-9.852306246757507324e-01,1.000000000000000000e+00
2.899166666666666714e+01,1.821600140306481705e+02,-9.854465723037719727e-01,1.000000000000000000e+00
2.899999999999999645e+01,1.822123739082079794e+02,-9.854783415794372559e-01,1.000000000000000000e+00
2.900833333333333286e+01,1.822647337857678167e+02,-9.855108261108398438e-01,1.000000000000000000e+00
2.901666666666666572e+01,1.823170936633276540e+02,-9.857351183891296387e-01,1.000000000000000000e+00
2.902499999999999858e+01,1.823694535408874913e+02,-9.863126873970031738e-01,1.000000119209289551e+00
2.903333333333333144e+01,1.824218134184473001e+02,-9.873155951499938965e-01,1.000000000000000000e+00
2.904166666666666430e+01,1.824741732960071374e+02,-9.886390566825866699e-01,9.999998807907104492e-01
2.905000000000000071e+01,1.825265331735669747e+02,-9.898920059204101562e-01,1.000000000000000000e+00
2.905833333333333357e+01,1.825788930511268120e+02,-9.902707934379577637e-01,1.000000000000000000e+00
2.906666666666666288e+01,1.826312529286866209e+02,-9.884505271911621094e-01,9.999999403953552246e-01
2.907499999999999929e+01,1.826836128062464581e+02,-9.825012087821960449e-01,1.000000000000000000e+00
2.908333333333333215e+01,1.827359726838062954e+02,-9.698486328125000000e-01,9.999999403953552246e-01
2.909166666666666856e+01,1.827883325613661327e+02,-9.472650885581970215e-01,1.000000000000000000e+00
2.909999999999999787e+01,1.828406924389259416e+02,-9.108894467353820801e-01,1.000000000000000000e+00
2.910833333333333073e+01,1.828930523164857789e+02,-8.563928008079528809e-01,9.999999403953552246e-01
2.911666666666666714e+01,1.829454121940456162e+02,-7.797493338584899902e-01,1.000000000000000000e+00
2.912500000000000000e+01,1.829977720716054534e+02,-6.798524260520935059e-01,1.000000000000000000e+00
2.913333333333332931e+01,1.830501319491652623e+02,-5.648503303527832031e-01,1.000000000000000000e+00
2.914166666666666572e+01,1.831024918267250996e+02,-4.609255790710449219e-01,9.999999403953552246e-01
2.914999999999999858e+01,1.831548517042849369e+02,-4.091584682464599609e-01,1.000000000000000000e+00
2.915833333333333499e+01,1.832072115818447742e+02,-4.321705400943756104e-01,1.000000000000000000e+00
2.916666666666666430e+01,1.832595714594045830e+02,-5.088869929313659668e-01,9.999999403953552246e-01
2.917499999999999716e+01,1.833119313369644203e+02,-6.197544932365417480e-01,1.000000000000000000e+00
2.918333333333333357e+01,1.833642912145242576e+02,-7.544605135917663574e-01,1.000000000000000000e+00
2.919166666666666288e+01,1.834166510920840665e+02,-8.072377443313598633e-01,1.000000000000000000e+00
2.919999999999999929e+01,1.834690109696439038e+02,-7.167152762413024902e-01,1.000000000000000000e+00
2.920833333333333215e+01,1.835213708472037411e+02,-5.893034934997558594e-01,9.999999403953552246e-01
2.921666666666666501e+01,1.835737307247635783e+02,-6.031854152679443359e-01,9.999998807907104492e-01
2.922499999999999787e+01,1.836260906023233872e+02,-7.219541668891906738e-01,9.999998807907104492e-01
2.923333333333333073e+01,1.836784504798832245e+02,-7.403110861778259277e-01,1.000000000000000000e+00
2.924166666666666714e+01,1.837308103574430618e+02,-7.262095212936401367e-01,1.000000000000000000e+00
2.925000000000000000e+01,1.837831702350028991e+02,-7.090031504631042480e-01,9.999999403953552246e-01
2.925833333333332931e+01,1.838355301125627079e+02,-6.911286711692810059e-01,1.000000000000000000e+00
2.926666666666666572e+01,1.838878899901225452e+02,-6.728030443191528320e-01,1.000000000000000000e+00
2.927499999999999858e+01,1.839402498676823825e+02,-6.539999246597290039e-01,1.000000000000000000e+00
2.928333333333333499e+01,1.839926097452422198e+02,-6.347308158874511719e-01,1.000000000000000000e+00
2.929166666666666430e+01,1.840449696228020287e+02,-6.150111556053161621e-01,1.000000000000000000e+00
2.929999999999999716e+01,1.840973295003618659e+02,-5.948576927185058594e-01,9.999999403953552246e-01
2.930833333333333357e+01,1.841496893779217032e+02,-5.742874145507812500e-01,9.999999403953552246e-01
2.931666666666666643e+01,1.842020492554815405e+02,-5.533171892166137695e-01,1.000000000000000000e+00
2.932499999999999574e+01,1.842544091330413494e+02,-5.319634675979614258e-01,9.999999403953552246e-01
2.933333333333333215e+01,1.843067690106011867e+02,-5.102425813674926758e-01,9.999999403953552246e-01
2.934166666666666501e+01,1.843591288881610240e+02,-4.881707131862640381e-01,1.000000000000000000e+00
2.935000000000000142e+01,1.844114887657208612e+02,-4.657643437385559082e-01,1.000000000000000000e+00
2.935833333333333073e+01,1.844638486432806701e+02,-4.430395066738128662e-01,9.999999403953552246e-01
2.936666666666666359e+01,1.845162085208405074e+02,-4.200124740600585938e-01,1.000000000000000000e+00
2.937500000000000000e+01,1.845685683984003447e+02,-3.966993987560272217e-01,9.999999403953552246e-01
2.938333333333332931e+01,1.846209282759601535e+02,-3.731165528297424316e-01,1.000000000000000000e+00
2.939166666666666572e+01,1.846732881535199908e+02,-3.492801785469055176e-01,9.999999403953552246e-01
2.939999999999999858e+01,1.847256480310798281e+02,-3.252064883708953857e-01,9.999998807907104492e-01
2.940833333333333499e+01,1.847780079086396654e+02,-3.009118735790252686e-01,1.000000000000000000e+00
2.941666666666666430e+01,1.848303677861994743e+02,-2.764127850532531738e-01,1.000000000000000000e+00
2.942499999999999716e+01,1.848827276637593116e+02,-2.517255842685699463e-01,1.000000000000000000e+00
2.943333333333333357e+01,1.849350875413191488e+02,-2.268667966127395630e-01,9.999998211860656738e-01
2.944166666666666643e+01,1.849874474188789861e+02,-2.018528729677200317e-01,1.000000000000000000e+00
2.944999999999999574e+01,1.850398072964387950e+02,-1.767004132270812988e-01,9.999999403953552246e-01
2.945833333333333215e+01,1.850921671739986323e+02,-1.514260023832321167e-01,9.999999403953552246e-01
2.946666666666666501e+01,1.851445270515584696e+02,-1.260461807250976562e-01,1.000000000000000000e+00
2.947500000000000142e+01,1.851968869291183069e+02,-1.005776673555374146e-01,9.999999403953552246e-01
2.948333333333333073e+01,1.852492468066781157e+02,-7.503702491521835327e-02,1.000000000000000000e+00
2.949166666666666359e+01,1.853016066842379530e+02,-4.944093152880668640e-02,9.999999403953552246e-01
2.950000000000000000e+01,1.853539665617977903e+02,-2.380601316690444946e-02,1.000000000000000000e+00
2.950833333333333286e+01,1.854063264393576276e+02,1.851073699072003365e-03,1.000000000000000000e+00
2.951666666666666217e+01,1.854586863169174364e+02,2.751373685896396637e-02,9.999999403953552246e-01
2.952499999999999858e+01,1.855110461944772737e+02,5.316535755991935730e-02,1.000000000000000000e+00
2.953333333333333144e+01,1.855634060720371110e+02,7.878942787647247314e-02,1.000000000000000000e+00
2.954166666666666785e+01,1.856157659495969483e+02,1.043694019317626953e-01,1.000000000000000000e+00
2.954999999999999716e+01,1.856681258271567572e+02,1.298888772726058960e-01,9.999999403953552246e-01
2.955833333333333357e+01,1.857204857047165945e+02,1.553314030170440674e-01,1.000000000000000000e+00
2.956666666666666643e+01,1.857728455822764317e+02,1.806807368993759155e-01,9.999999403953552246e-01
2.957499999999999574e+01,1.858252054598362406e+02,2.059206962585449219e-01,1.000000000000000000e+00
2.958333333333333215e+01,1.858775653373960779e+02,2.310350388288497925e-01,1.000000119209289551e+00
2.959166666666666501e+01,1.859299252149559152e+02,2.560079097747802734e-01,1.000000000000000000e+00
2.960000000000000142e+01,1.859822850925157525e+02,2.808233499526977539e-01,1.000000000000000000e+00
2.960833333333333073e+01,1.860346449700755613e+02,3.054656684398651123e-01,9.999999403953552246e-01
2.961666666666666359e+01,1.860870048476353986e+02,3.299193382263183594e-01,1.000000000000000000e+00
2.962500000000000000e+01,1.861393647251952359e+02,3.541688621044158936e-01,1.000000000000000000e+00
2.963333333333333286e+01,1.861917246027550732e+02,3.781992197036743164e-01,1.000000000000000000e+00
2.964166666666666217e+01,1.862440844803148821e+02,4.019952714443206787e-01,9.999999403953552246e-01
2.964999999999999858e+01,1.862964443578747193e+02,4.255424439907073975e-01,9.999998807907104492e-01
2.965833333333333144e+01,1.863488042354345566e+02,4.488262236118316650e-01,1.000000000000000000e+00
2.966666666666666785e+01,1.864011641129943939e+02,4.718325138092041016e-01,1.000000000000000000e+00
2.967499999999999716e+01,1.864535239905542028e+02,4.945474565029144287e-01,1.000000000000000000e+00
2.968333333333333002e+01,1.865058838681140401e+02,5.169577598571777344e-01,1.000000000000000000e+00
2.969166666666666643e+01,1.865582437456738774e+02,5.390504002571105957e-01,1.000000000000000000e+00
2.969999999999999929e+01,1.866106036232337146e+02,5.608129501342773438e-01,9.999999403953552246e-01
2.970833333333333215e+01,1.866629635007935235e+02,5.822337269783020020e-01,9.999999403953552246e-01
2.971666666666666501e+01,1.867153233783533608e+02,6.033014655113220215e-01,1.000000000000000000e+00
2.972499999999999787e+01,1.867676832559131981e+02,6.240059733390808105e-01,9.999999403953552246e-01
2.973333333333333428e+01,1.868200431334730354e+02,6.443381309509277344e-01,1.000000000000000000e+00
2.974166666666666359e+01,1.868724030110328442e+02,6.642900705337524414e-01,1.000000000000000000e+00
2.975000000000000000e+01,1.869247628885926815e+02,6.838549375534057617e-01,1.000000000000000000e+00
2.975833333333333286e+01,1.869771227661525188e+02,7.030285596847534180e-01,1.000000000000000000e+00
2.976666666666666927e+01,1.870294826437123561e+02,7.218083739280700684e-01,1.000000000000000000e+00
2.977499999999999858e+01,1.870818425212721650e+02,7.401952743530273438e-01,9.999999403953552246e-01
2.978333333333333144e+01,1.871342023988320022e+02,7.581933140754699707e-01,9.999999403953552246e-01
2.979166666666666785e+01,1.871865622763918395e+02,7.758099436759948730e-01,1.000000000000000000e+00
2.979999999999999716e+01,1.872389221539516484e+02,7.930563688278198242e-01,9.999999403953552246e-01
2.980833333333333002e+01,1.872912820315114857e+02,8.099431991577148438e-01,1.000000000000000000e+00
2.981666666666666643e+01,1.873436419090713230e+02,8.264681100845336914e-01,1.000000000000000000e+00
2.982499999999999929e+01,1.873960017866311603e+02,8.425806164741516113e-01,1.000000000000000000e+00
2.983333333333332860e+01,1.874483616641909691e+02,8.581039309501647949e-01,1.000000000000000000e+00
2.984166666666666501e+01,1.875007215417508064e+02,8.726806044578552246e-01,1.000000000000000000e+00
2.984999999999999787e+01,1.875530814193106437e+02,8.859327435493469238e-01,9.999998807907104492e-01
2.985833333333333428e+01,1.876054412968704810e+02,8.976909518241882324e-01,9.999999403953552246e-01
2.986666666666666359e+01,1.876578011744302898e+02,9.080410003662109375e-01,1.000000000000000000e+00
2.987499999999999645e+01,1.877101610519901271e+02,9.172139167785644531e-01,9.999999403953552246e-01
2.988333333333333286e+01,1.877625209295499644e+02,9.254617691040039062e-01,1.000000000000000000e+00
2.989166666666666572e+01,1.878148808071098017e+02,9.329800605773925781e-01,9.999999403953552246e-01
2.989999999999999858e+01,1.878672406846696106e+02,9.398859143257141113e-01,1.000000000000000000e+00
2.990833333333333144e+01,1.879196005622294479e+02,9.462255835533142090e-01,1.000000000000000000e+00
2.991666666666666785e+01,1.879719604397892851e+02,9.519951939582824707e-01,9.999998807907104492e-01
2.992500000000000071e+01,1.880243203173491224e+02,9.571619033813476562e-01,1.000000000000000000e+00
2.993333333333333002e+01,1.880766801949089313e+02,9.616821408271789551e-01,1.000000000000000000e+00
2.994166666666666643e+01,1.881290400724687686e+02,9.655159115791320801e-01,1.000000000000000000e+00
2.994999999999999929e+01,1.881813999500286059e+02,9.686371684074401855e-01,9.999999403953552246e-01
2.995833333333333570e+01,1.882337598275884432e+02,9.710443615913391113e-01,1.000000000000000000e+00
2.996666666666666501e+01,1.882861197051482520e+02,9.727668762207031250e-01,1.000000000000000000e+00
2.997499999999999787e+01,1.883384795827080893e+02,9.738710522651672363e-01,1.000000119209289551e+00
2.998333333333333428e+01,1.883908394602679266e+02,9.744631052017211914e-01,1.000000000000000000e+00
2.999166666666666359e+01,1.884431993378277355e+02,9.746870994567871094e-01,1.000000000000000000e+00
2.999999999999999645e+01,1.884955592153875727e+02,9.747192263603210449e-01,1.000000000000000000e+00
3.000833333333333286e+01,1.885479190929474100e+02,9.747501611709594727e-01,1.000000119209289551e+00
3.001666666666666572e+01,1.886002789705072473e+02,9.749498367309570312e-01,1.000000000000000000e+00
3.002499999999999503e+01,1.886526388480670562e+02,9.754120111465454102e-01,1.000000000000000000e+00
3.003333333333333144e+01,1.887049987256268935e+02,9.760673642158508301e-01,9.999999403953552246e-01
3.004166666666666430e+01,1.887573586031867308e+02,9.765743613243103027e-01,9.999999403953552246e-01
3.005000000000000071e+01,1.888097184807465680e+02,9.761964678764343262e-01,9.999999403953552246e-01
3.005833333333333002e+01,1.888620783583063769e+02,9.736986160278320312e-01,9.999999403953552246e-01
3.006666666666666643e+01,1.889144382358662142e+02,9.672843217849731445e-01,1.000000000000000000e+00
3.007499999999999929e+01,1.889667981134260515e+02,9.546041488647460938e-01,1.000000000000000000e+00
3.008333333333333215e+01,1.890191579909858888e+02,9.328307509422302246e-01,9.999999403953552246e-01
3.009166666666666501e+01,1.890715178685456976e+02,8.988019824028015137e-01,1.000000000000000000e+00
3.009999999999999787e+01,1.891238777461055349e+02,8.492879867553710938e-01,1.000000119209289551e+00
3.010833333333333428e+01,1.891762376236653722e+02,7.816652655601501465e-01,9.999999403953552246e-01
3.011666666666666714e+01,1.892285975012252095e+02,6.957920789718627930e-01,1.000000000000000000e+00
3.012499999999999645e+01,1.892809573787850184e+02,5.984361767768859863e-01,9.999999403953552246e-01
3.013333333333333286e+01,1.893333172563448557e+02,5.100175738334655762e-01,1.000000000000000000e+00
3.014166666666666572e+01,1.893856771339046929e+02,4.642348289489746094e-01,9.999999403953552246e-01
3.015000000000000213e+01,1.894380370114645302e+02,4.827625453472137451e-01,1.000000000000000000e+00
3.015833333333333144e+01,1.894903968890243391e+02,5.482252240180969238e-01,1.000000000000000000e+00
3.016666666666666430e+01,1.895427567665841764e+02,6.393486857414245605e-01,9.999999403953552246e-01
3.017500000000000071e+01,1.895951166441440137e+02,7.527294754981994629e-01,1.000000119209289551e+00
3.018333333333333002e+01,1.896474765217038225e+02,8.084513545036315918e-01,1.000000000000000000e+00
3.019166666666666288e+01,1.896998363992636598e+02,7.296846508979797363e-01,1.000000119209289551e+00
3.019999999999999929e+01,1.897521962768234971e+02,5.932120680809020996e-01,9.999999403953552246e-01
3.020833333333333215e+01,1.898045561543833344e+02,5.386435389518737793e-01,1.000000000000000000e+00
3.021666666666666501e+01,1.898569160319431433e+02,6.953312754631042480e-01,1.000000000000000000e+00
3.022499999999999787e+01,1.899092759095029805e+02,7.692355513572692871e-01,1.000000000000000000e+00
3.023333333333333073e+01,1.899616357870628178e+02,7.627236247062683105e-01,1.000000000000000000e+00
3.024166666666666714e+01,1.900139956646226551e+02,7.466009259223937988e-01,9.999999403953552246e-01
3.024999999999999645e+01,1.900663555421824640e+02,7.292333841323852539e-01,1.000000000000000000e+00
3.025833333333333286e+01,1.901187154197423013e+02,7.114012241363525391e-01,1.000000000000000000e+00
3.026666666666666572e+01,1.901710752973021386e+02,6.930291056632995605e-01,1.000000000000000000e+00
3.027500000000000213e+01,1.902234351748619758e+02,6.741271018981933594e-01,1.000000000000000000e+00
3.028333333333333144e+01,1.902757950524217847e+02,6.547094583511352539e-01,9.999999403953552246e-01
3.029166666666666430e+01,1.903281549299816220e+02,6.347928047180175781e-01,9.999999403953552246e-01
3.030000000000000071e+01,1.903805148075414593e+02,6.143938899040222168e-01,9.999998807907104492e-01
3.030833333333333357e+01,1.904328746851012966e+02,5.935297012329101562e-01,1.000000000000000000e+00
3.031666666666666288e+01,1.904852345626611054e+02,5.722169280052185059e-01,1.000000000000000000e+00
3.032499999999999929e+01,1.905375944402209427e+02,5.504723787307739258e-01,1.000000000000000000e+00
3.033333333333333215e+01,1.905899543177807800e+02,5.283128023147583008e-01,1.000000000000000000e+00
3.034166666666666856e+01,1.906423141953406173e+02,5.057556033134460449e-01,1.000000000000000000e+00
3.034999999999999787e+01,1.906946740729004262e+02,4.828175604343414307e-01,9.999999403953552246e-01
3.035833333333333073e+01,1.907470339504602634e+02,4.595161378383636475e-01,1.000000000000000000e+00
3.036666666666666714e+01,1.907993938280201007e+02,4.358689486980438232e-01,1.000000000000000000e+00
3.037499999999999645e+01,1.908517537055799096e+02,4.118933677673339844e-01,9.999999403953552246e-01
3.038333333333332931e+01,1.909041135831397469e+02,3.876074254512786865e-01,9.999999403953552246e-01
3.039166666666666572e+01,1.909564734606995842e+02,3.630289733409881592e-01,9.999999403953552246e-01
3.039999999999999858e+01,1.910088333382594215e+02,3.381763100624084473e-01,9.999998807907104492e-01
3.040833333333333144e+01,1.910611932158192303e+02,3.130677640438079834e-01,9.999999403953552246e-01
3.041666666666666430e+01,1.911135530933790676e+02,2.877216339111328125e-01,1.000000000000000000e+00
3.042500000000000071e+01,1.911659129709389049e+02,2.621568441390991211e-01,9.999999403953552246e-01
3.043333333333333357e+01,1.912182728484987422e+02,2.363920062780380249e-01,1.000000000000000000e+00
3.044166666666666288e+01,1.912706327260585510e+02,2.104460448026657104e-01,1.000000000000000000e+00
3.044999999999999929e+01,1.913229926036183883e+02,1.843381226062774658e-01,1.000000000000000000e+00
3.045833333333333215e+01,1.913753524811782256e+02,1.580872386693954468e-01,9.999999403953552246e-01
3.046666666666666856e+01,1.914277123587380629e+02,1.317127048969268799e-01,9.999999403953552246e-01
3.047499999999999787e+01,1.914800722362978718e+02,1.052338257431983948e-01,1.000000000000000000e+00
3.048333333333333073e+01,1.915324321138577091e+02,7.867000252008438110e-02,1.000000119209289551e+00
3.049166666666666714e+01,1.915847919914175463e+02,5.204064771533012390e-02,1.000000000000000000e+00
3.050000000000000000e+01,1.916371518689773836e+02,2.536521665751934052e-02,1.000000119209289551e+00
3.050833333333332931e+01,1.916895117465371925e+02,-1.336809713393449783e-03,1.000000000000000000e+00
3.051666666666666572e+01,1.917418716240970298e+02,-2.804594673216342926e-02,1.000000000000000000e+00
3.052499999999999858e+01,1.917942315016568671e+02,-5.474273115396499634e-02,1.000000000000000000e+00
3.053333333333333499e+01,1.918465913792167044e+02,-8.140771836042404175e-02,1.000000000000000000e+00
3.054166666666666430e+01,1.918989512567765132e+02,-1.080215573310852051e-01,1.000000000000000000e+00
3.054999999999999716e+01,1.919513111343363505e+02,-1.345649212598800659e-01,9.999999403953552246e-01
3.055833333333333357e+01,1.920036710118961878e+02,-1.610186100006103516e-01,1.000000000000000000e+00
3.056666666666666288e+01,1.920560308894559967e+02,-1.873634904623031616e-01,9.999999403953552246e-01
3.057499999999999929e+01,1.921083907670158339e+02,-2.135805636644363403e-01,1.000000000000000000e+00
3.058333333333333215e+01,1.921607506445756712e+02,-2.396510094404220581e-01,1.000000000000000000e+00
3.059166666666666501e+01,1.922131105221355085e+02,-2.655561566352844238e-01,1.000000119209289551e+00
3.059999999999999787e+01,1.922654703996953174e+02,-2.912774682044982910e-01,1.000000000000000000e+00
3.060833333333333073e+01,1.923178302772551547e+02,-3.167966604232788086e-01,1.000000000000000000e+00
3.061666666666666714e+01,1.923701901548149920e+02,-3.420957028865814209e-01,1.000000000000000000e+00
3.062500000000000000e+01,1.924225500323748292e+02,-3.671567440032958984e-01,1.000000000000000000e+00
3.063333333333332931e+01,1.924749099099346381e+02,-3.919621706008911133e-01,1.000000000000000000e+00
3.064166666666666572e+01,1.925272697874944754e+02,-4.164949357509613037e-01,1.000000000000000000e+00
3.064999999999999858e+01,1.925796296650543127e+02,-4.407379627227783203e-01,9.999999403953552246e-01
3.065833333333333499e+01,1.926319895426141500e+02,-4.646746814250946045e-01,1.000000000000000000e+00
3.066666666666666430e+01,1.926843494201739588e+02,-4.882889688014984131e-01,1.000000000000000000e+00
3.067499999999999716e+01,1.927367092977337961e+02,-5.115651488304138184e-01,1.000000000000000000e+00
3.068333333333333357e+01,1.927890691752936334e+02,-5.344877243041992188e-01,1.000000000000000000e+00
3.069166666666666643e+01,1.928414290528534707e+02,-5.570421218872070312e-01,9.999999403953552246e-01
3.069999999999999574e+01,1.928937889304132796e+02,-5.792140960693359375e-01,1.000000000000000000e+00
3.070833333333333215e+01,1.929461488079731168e+02,-6.009900569915771484e-01,1.000000000000000000e+00
3.071666666666666501e+01,1.929985086855329541e+02,-6.223573684692382812e-01,1.000000119209289551e+00
3.072500000000000142e+01,1.930508685630927914e+02,-6.433038115501403809e-01,9.999999403953552246e-01
3.073333333333333073e+01,1.931032284406526003e+02,-6.638184189796447754e-01,1.000000000000000000e+00
3.074166666666666359e+01,1.931555883182124376e+02,-6.838912963867187500e-01,1.000000000000000000e+00
3.075000000000000000e+01,1.932079481957722749e+02,-7.035139203071594238e-01,1.000000000000000000e+00
3.075833333333333286e+01,1.932603080733321121e+02,-7.226790785789489746e-01,1.000000000000000000e+00
3.076666666666666572e+01,1.933126679508919210e+02,-7.413818240165710449e-01,1.000000000000000000e+00
3.077499999999999858e+01,1.933650278284517583e+02,-7.596189379692077637e-01,1.000000000000000000e+00
3.078333333333333499e+01,1.934173877060115956e+02,-7.773901820182800293e-01,1.000000000000000000e+00
3.079166666666666430e+01,1.934697475835714044e+02,-7.946984171867370605e-01,1.000000000000000000e+00
3.079999999999999716e+01,1.935221074611312417e+02,-8.115487098693847656e-01,1.000000000000000000e+00
3.080833333333333357e+01,1.935744673386910790e+02,-8.279477953910827637e-01,1.000000000000000000e+00
3.081666666666666643e+01,1.936268272162509163e+02,-8.438975214958190918e-01,9.999998807907104492e-01
3.082499999999999574e+01,1.936791870938107252e+02,-8.593789339065551758e-01,1.000000000000000000e+00
3.083333333333333215e+01,1.937315469713705625e+02,-8.743077516555786133e-01,1.000000000000000000e+00
3.084166666666666501e+01,1.937839068489303997e+02,-8.884643912315368652e-01,1.000000000000000000e+00
3.085000000000000142e+01,1.938362667264902370e+02,-9.015052914619445801e-01,1.000000000000000000e+00
3.085833333333333073e+01,1.938886266040500459e+02,-9.131595492362976074e-01,9.999999403953552246e-01
3.086666666666666359e+01,1.939409864816098832e+02,-9.233791232109069824e-01,1.000000000000000000e+00
3.087500000000000000e+01,1.939933463591697205e+02,-9.323162436485290527e-01,1.000000000000000000e+00
3.088333333333333286e+01,1.940457062367295578e+02,-9.402071237564086914e-01,1.000000000000000000e+00
3.089166666666666217e+01,1.940980661142893666e+02,-9.472724795341491699e-01,9.999999403953552246e-01
3.089999999999999858e+01,1.941504259918492039e+02,-9.536687731742858887e-01,9.999999403953552246e-01
3.090833333333333144e+01,1.942027858694090412e+02,-9.594807624816894531e-01,1.000000000000000000e+00
3.091666666666666785e+01,1.942551457469688785e+02,-9.647365808486938477e-01,1.000000000000000000e+00
3.092499999999999716e+01,1.943075056245286873e+02,-9.694277048110961914e-01,9.999999403953552246e-01
3.093333333333333357e+01,1.943598655020885246e+02,-9.735277295112609863e-01,9.999999403953552246e-01
3.094166666666666643e+01,1.944122253796483619e+02,-9.770084619522094727e-01,1.000000000000000000e+00
3.094999999999999929e+01,1.944645852572081992e+02,-9.798505902290344238e-01,1.000000000000000000e+00
3.095833333333333215e+01,1.945169451347680081e+02,-9.820537567138671875e-01,9.999998807907104492e-01
3.096666666666666501e+01,1.945693050123278454e+02,-9.836422204971313477e-01,9.999998807907104492e-01
3.097500000000000142e+01,1.946216648898876826e+02,-9.846711158752441406e-01,9.999999403953552246e-01
3.098333333333333073e+01,1.946740247674474915e+02,-9.852306246757507324e-01,1.000000000000000000e+00
3.099166666666666359e+01,1.947263846450073288e+02,-9.854465723037719727e-01,1.000000119209289551e+00
3.100000000000000000e+01,1.947787445225671661e+02,-9.854782223701477051e-01,1.000000119209289551e+00
3.100833333333333286e+01,1.948311044001270034e+02,-9.855108261108398438e-01,1.000000000000000000e+00
3.101666666666666217e+01,1.948834642776868122e+02,-9.857351183891296387e-01,9.999999403953552246e-01
3.102499999999999858e+01,1.949358241552466495e+02,-9.863126873970031738e-01,1.000000000000000000e+00
3.103333333333333144e+01,1.949881840328064868e+02,-9.873153567314147949e-01,1.000000119209289551e+00
3.104166666666666785e+01,1.950405439103663241e+02,-9.886392951011657715e-01,9.999999403953552246e-01
3.104999999999999716e+01,1.950929037879261330e+02,-9.898918271064758301e-01,1.000000000000000000e+00
3.105833333333333002e+01,1.951452636654859703e+02,-9.902709126472473145e-01,1.000000000000000000e+00
3.106666666666666643e+01,1.951976235430458075e+02,-9.884504675865173340e-01,1.000000000000000000e+00
3.107499999999999929e+01,1.952499834206056448e+02,-9.825010299682617188e-01,1.000000000000000000e+00
3.108333333333333215e+01,1.953023432981654537e+02,-9.698486328125000000e-01,1.000000000000000000e+00
3.109166666666666501e+01,1.953547031757252910e+02,-9.472650885581970215e-01,1.000000000000000000e+00
3.109999999999999787e+01,1.954070630532851283e+02,-9.108894467353820801e-01,1.000000000000000000e+00
3.110833333333333428e+01,1.954594229308449655e+02,-8.563926815986633301e-01,1.000000000000000000e+00
3.111666666666666359e+01,1.955117828084047744e+02,-7.797492146492004395e-01,1.000000119209289551e+00
3.112500000000000000e+01,1.955641426859646117e+02,-6.798521280288696289e-01,1.000000000000000000e+00
3.113333333333333286e+01,1.956165025635244490e+02,-5.648498535156250000e-01,1.000000000000000000e+00
3.114166666666666572e+01,1.956688624410842863e+02,-4.609247744083404541e-01,1.000000000000000000e+00
3.114999999999999858e+01,1.957212223186440951e+02,-4.091575145721435547e-01,1.000000000000000000e+00
3.115833333333333144e+01,1.957735821962039324e+02,-4.321695864200592041e-01,1.000000000000000000e+00
3.116666666666666785e+01,1.958259420737637697e+02,-5.088860988616943359e-01,1.000000000000000000e+00
3.117499999999999716e+01,1.958783019513235786e+02,-6.197533607482910156e-01,1.000000000000000000e+00
3.118333333333333002e+01,1.959306618288834159e+02,-7.544586062431335449e-01,9.999999403953552246e-01
3.119166666666666643e+01,1.959830217064432532e+02,-8.072361350059509277e-01,1.000000000000000000e+00
3.119999999999999929e+01,1.960353815840030904e+02,-7.167159318923950195e-01,9.999999403953552246e-01
3.120833333333332860e+01,1.960877414615628993e+02,-5.893056988716125488e-01,1.000000000000000000e+00
3.121666666666666501e+01,1.961401013391227366e+02,-6.031858325004577637e-01,9.999999403953552246e-01
3.122499999999999787e+01,1.961924612166825739e+02,-7.219539880752563477e-01,1.000000000000000000e+00
3.123333333333333428e+01,1.962448210942424112e+02,-7.403110861778259277e-01,9.999999403953552246e-01
3.124166666666666359e+01,1.962971809718022200e+02,-7.262094616889953613e-01,1.000000119209289551e+00
3.124999999999999645e+01,1.963495408493620573e+02,-7.090032100677490234e-01,1.000000000000000000e+00
3.125833333333333286e+01,1.964019007269218946e+02,-6.911286711692810059e-01,1.000000000000000000e+00
3.126666666666666572e+01,1.964542606044817319e+02,-6.728030443191528320e-01,9.999999403953552246e-01
3.127499999999999858e+01,1.965066204820415408e+02,-6.539999246597290039e-01,9.999999403953552246e-01
3.128333333333333144e+01,1.965589803596013780e+02,-6.347308158874511719e-01,9.999999403953552246e-01
3.129166666666666430e+01,1.966113402371612153e+02,-6.150111556053161621e-01,1.000000000000000000e+00
3.130000000000000071e+01,1.966637001147210526e+02,-5.948576927185058594e-01,1.000000000000000000e+00
3.130833333333333002e+01,1.967160599922808615e+02,-5.742875337600708008e-01,9.999999403953552246e-01
3.131666666666666643e+01,1.967684198698406988e+02,-5.533171892166137695e-01,1.000000000000000000e+00
3.132499999999999929e+01,1.968207797474005361e+02,-5.319634675979614258e-01,1.000000000000000000e+00
3.133333333333333570e+01,1.968731396249603733e+02,-5.102424025535583496e-01,1.000000000000000000e+00
3.134166666666666501e+01,1.969254995025201822e+02,-4.881707131862640381e-01,9.999999403953552246e-01
3.134999999999999787e+01,1.969778593800800195e+02,-4.657643437385559082e-01,9.999999403953552246e-01
3.135833333333333428e+01,1.970302192576398568e+02,-4.430395066738128662e-01,1.000000000000000000e+00
3.136666666666666359e+01,1.970825791351996656e+02,-4.200125336647033691e-01,1.000000000000000000e+00
3.137499999999999645e+01,1.971349390127595029e+02,-3.966993987560272217e-01,9.999999403953552246e-01
3.138333333333333286e+01,1.971872988903193402e+02,-3.731164932250976562e-01,1.000000000000000000e+00
3.139166666666666572e+01,1.972396587678791775e+02,-3.492801189422607422e-01,9.999999403953552246e-01
3.139999999999999503e+01,1.972920186454389864e+02,-3.252064883708953857e-01,1.000000000000000000e+00
3.140833333333333144e+01,1.973443785229988237e+02,-3.009118735790252686e-01,9.999999403953552246e-01
3.141666666666666430e+01,1.973967384005586609e+02,-2.764127254486083984e-01,1.000000119209289551e+00
3.142500000000000071e+01,1.974490982781184982e+02,-2.517255544662475586e-01,1.000000000000000000e+00
3.143333333333333002e+01,1.975014581556783071e+02,-2.268668264150619507e-01,9.999998807907104492e-01
3.144166666666666288e+01,1.975538180332381444e+02,-2.018528729677200317e-01,1.000000000000000000e+00
3.144999999999999929e+01,1.976061779107979817e+02,-1.767004281282424927e-01,9.999999403953552246e-01
3.145833333333333215e+01,1.976585377883578190e+02,-1.514259874820709229e-01,1.000000000000000000e+00
3.146666666666666501e+01,1.977108976659176278e+02,-1.260462105274200439e-01,1.000000000000000000e+00
3.147499999999999787e+01,1.977632575434774651e+02,-1.005776524543762207e-01,1.000000000000000000e+00
3.148333333333333428e+01,1.978156174210373024e+02,-7.503701746463775635e-02,1.000000000000000000e+00
3.149166666666666714e+01,1.978679772985971397e+02,-4.944092035293579102e-02,9.999999403953552246e-01
3.149999999999999645e+01,1.979203371761569485e+02,-2.380601316690444946e-02,1.000000000000000000e+00
3.150833333333333286e+01,1.979726970537167858e+02,1.851078472100198269e-03,1.000000000000000000e+00
3.151666666666666572e+01,1.980250569312766231e+02,2.751373127102851868e-02,9.999999403953552246e-01
3.152500000000000213e+01,1.980774168088364604e+02,5.316536501049995422e-02,9.999999403953552246e-01
3.153333333333333144e+01,1.981297766863962693e+02,7.878942787647247314e-02,9.999999403953552246e-01
3.154166666666666430e+01,1.981821365639561066e+02,1.043694242835044861e-01,1.000000000000000000e+00
3.155000000000000071e+01,1.982344964415159438e+02,1.298888623714447021e-01,1.000000000000000000e+00
3.155833333333333002e+01,1.982868563190757527e+02,1.553314030170440674e-01,1.000000000000000000e+00
3.156666666666666288e+01,1.983392161966355900e+02,1.806807368993759155e-01,9.999998807907104492e-01
3.157499999999999929e+01,1.983915760741954273e+02,2.059206515550613403e-01,1.000000000000000000e+00
3.158333333333333215e+01,1.984439359517552646e+02,2.310350984334945679e-01,1.000000000000000000e+00
3.159166666666666146e+01,1.984962958293150734e+02,2.560078799724578857e-01,1.000000000000000000e+00
3.159999999999999787e+01,1.985486557068749107e+02,2.808233499526977539e-01,9.999999403953552246e-01
3.160833333333333073e+01,1.986010155844347480e+02,3.054656684398651123e-01,9.999999403953552246e-01
3.161666666666666714e+01,1.986533754619945853e+02,3.299193680286407471e-01,9.999999403953552246e-01
3.162499999999999645e+01,1.987057353395543942e+02,3.541688919067382812e-01,1.000000000000000000e+00
3.163333333333333286e+01,1.987580952171142314e+02,3.781991899013519287e-01,1.000000000000000000e+00
3.164166666666666572e+01,1.988104550946740687e+02,4.019953906536102295e-01,9.999999403953552246e-01
3.164999999999999858e+01,1.988628149722339060e+02,4.255424439907073975e-01,9.999998807907104492e-01
3.165833333333333144e+01,1.989151748497937149e+02,4.488262236118316650e-01,1.000000000000000000e+00
3.166666666666666430e+01,1.989675347273535522e+02,4.718325138092041016e-01,1.000000000000000000e+00
3.167500000000000071e+01,1.990198946049133895e+02,4.945475757122039795e-01,1.000000000000000000e+00
3.168333333333333357e+01,1.990722544824732267e+02,5.169577598571777344e-01,1.000000000000000000e+00
3.169166666666666288e+01,1.991246143600330356e+02,5.390504002571105957e-01,1.000000000000000000e+00
3.169999999999999929e+01,1.991769742375928729e+02,5.608130693435668945e-01,9.999999403953552246e-01
3.170833333333333215e+01,1.992293341151527102e+02,5.822337269783020020e-01,9.999999403953552246e-01
3.171666666666666856e+01,1.992816939927125475e+02,6.033014655113220215e-01,1.000000000000000000e+00
3.172499999999999787e+01,1.993340538702723563e+02,6.240059733390808105e-01,9.999999403953552246e-01
3.173333333333333073e+01,1.993864137478321936e+02,6.443381309509277344e-01,1.000000000000000000e+00
3.174166666666666714e+01,1.994387736253920309e+02,6.642899513244628906e-01,1.000000000000000000e+00
3.175000000000000000e+01,1.994911335029518682e+02,6.838548779487609863e-01,9.999999403953552246e-01
3.175833333333332931e+01,1.995434933805116771e+02,7.030285000801086426e-01,9.999999403953552246e-01
3.176666666666666572e+01,1.995958532580715143e+02,7.218083739280700684e-01,9.999999403953552246e-01
3.177499999999999858e+01,1.996482131356313516e+02,7.401952743530273438e-01,9.999999403953552246e-01
3.178333333333333144e+01,1.997005730131911605e+02,7.581932544708251953e-01,9.999999403953552246e-01
3.179166666666666430e+01,1.997529328907509978e+02,7.758099436759948730e-01,1.000000000000000000e+00
3.179999999999999716e+01,1.998052927683108351e+02,7.930563092231750488e-01,1.000000000000000000e+00
3.180833333333333357e+01,1.998576526458706724e+02,8.099431991577148438e-01,1.000000000000000000e+00
3.181666666666666288e+01,1.999100125234304812e+02,8.264681100845336914e-01,9.999999403953552246e-01
3.182499999999999929e+01,1.999623724009903185e+02,8.425806164741516113e-01,1.000000000000000000e+00
3.183333333333333215e+01,2.000147322785501558e+02,8.581039309501647949e-01,1.000000000000000000e+00
3.184166666666666856e+01,2.000670921561099931e+02,8.726806640625000000e-01,1.000000000000000000e+00
3.184999999999999787e+01,2.001194520336698019e+02,8.859327435493469238e-01,9.999998807907104492e-01
3.185833333333333073e+01,2.001718119112296392e+02,8.976911902427673340e-01,9.999999403953552246e-01
3.186666666666666714e+01,2.002241717887894765e+02,9.080408215522766113e-01,1.000000000000000000e+00
3.187500000000000000e+01,2.002765316663493138e+02,9.172140359878540039e-01,1.000000000000000000e+00
3.188333333333332931e+01,2.003288915439091227e+02,9.254615902900695801e-01,1.000000000000000000e+00
3.189166666666666572e+01,2.003812514214689600e+02,9.329801797866821289e-01,9.999999403953552246e-01
3.189999999999999858e+01,2.004336112990287972e+02,9.398859143257141113e-01,1.000000000000000000e+00
3.190833333333333499e+01,2.004859711765886345e+02,9.462255835533142090e-01,1.000000000000000000e+00
3.191666666666666430e+01,2.005383310541484434e+02,9.519951939582824707e-01,9.999999403953552246e-01
3.192499999999999716e+01,2.005906909317082807e+02,9.571620821952819824e-01,9.999999403953552246e-01
3.193333333333333357e+01,2.006430508092681180e+02,9.616823196411132812e-01,1.000000000000000000e+00
3.194166666666666643e+01,2.006954106868279553e+02,9.655159115791320801e-01,1.000000000000000000e+00
3.194999999999999574e+01,2.007477705643877641e+02,9.686371088027954102e-01,1.000000000000000000e+00
3.195833333333333215e+01,2.008001304419476014e+02,9.710443615913391113e-01,1.000000000000000000e+00
3.196666666666666501e+01,2.008524903195074387e+02,9.727668762207031250e-01,1.000000000000000000e+00
3.197499999999999787e+01,2.009048501970672476e+02,9.738712310791015625e-01,1.000000119209289551e+00
3.198333333333333073e+01,2.009572100746270849e+02,9.744631052017211914e-01,1.000000119209289551e+00
3.199166666666666714e+01,2.010095699521869221e+02,9.746870994567871094e-01,1.000000119209289551e+00
3.200000000000000000e+01,2.010619298297467594e+02,9.747194647789001465e-01,9.999999403953552246e-01
3.200833333333333286e+01,2.011142897073065683e+02,9.747501611709594727e-01,1.000000119209289551e+00
3.201666666666666572e+01,2.011666495848664056e+02,9.749498367309570312e-01,1.000000000000000000e+00
3.202499999999999858e+01,2.012190094624262429e+02,9.754120111465454102e-01,1.000000000000000000e+00
3.203333333333333144e+01,2.012713693399860801e+02,9.760674834251403809e-01,9.999999403953552246e-01
3.204166666666666430e+01,2.013237292175458890e+02,9.765741229057312012e-01,9.999999403953552246e-01
3.204999999999999716e+01,2.013760890951057263e+02,9.761964678764343262e-01,9.999999403953552246e-01
3.205833333333333002e+01,2.014284489726655636e+02,9.736986160278320312e-01,9.999999403953552246e-01
3.206666666666666998e+01,2.014808088502254009e+02,9.672843813896179199e-01,1.000000000000000000e+00
3.207499999999999574e+01,2.015331687277852097e+02,9.546041488647460938e-01,1.000000000000000000e+00
3.208333333333332860e+01,2.015855286053450470e+02,9.328306317329406738e-01,1.000000000000000000e+00
3.209166666666666856e+01,2.016378884829048843e+02,8.988019824028015137e-01,1.000000000000000000e+00
3.210000000000000142e+01,2.016902483604647216e+02,8.492878079414367676e-01,1.000000000000000000e+00
3.210833333333332718e+01,2.017426082380245305e+02,7.816650271415710449e-01,1.000000000000000000e+00
3.211666666666666714e+01,2.017949681155843678e+02,6.957918405532836914e-01,9.999999403953552246e-01
3.212500000000000000e+01,2.018473279931442050e+02,5.984358191490173340e-01,1.000000000000000000e+00
3.213333333333333286e+01,2.018996878707040423e+02,5.100167393684387207e-01,1.000000000000000000e+00
3.214166666666666572e+01,2.019520477482638512e+02,4.642339646816253662e-01,1.000000000000000000e+00
3.214999999999999858e+01,2.020044076258236885e+02,4.827617108821868896e-01,1.000000000000000000e+00
3.215833333333333144e+01,2.020567675033835258e+02,5.482245683670043945e-01,1.000000000000000000e+00
3.216666666666666430e+01,2.021091273809433346e+02,6.393482089042663574e-01,1.000000000000000000e+00
3.217499999999999716e+01,2.021614872585031719e+02,7.527290582656860352e-01,9.999999403953552246e-01
3.218333333333333002e+01,2.022138471360630092e+02,8.084511756896972656e-01,1.000000000000000000e+00
3.219166666666666998e+01,2.022662070136228465e+02,7.296864390373229980e-01,1.000000000000000000e+00
3.219999999999999574e+01,2.023185668911826554e+02,5.932153463363647461e-01,9.999998807907104492e-01
3.220833333333332860e+01,2.023709267687424926e+02,5.386445522308349609e-01,1.000000000000000000e+00
3.221666666666666856e+01,2.024232866463023299e+02,6.953300833702087402e-01,1.000000000000000000e+00
3.222500000000000142e+01,2.024756465238621672e+02,7.692353129386901855e-01,1.000000000000000000e+00
3.223333333333332718e+01,2.025280064014219761e+02,7.627236843109130859e-01,9.999999403953552246e-01
3.224166666666666714e+01,2.025803662789818134e+02,7.466008067131042480e-01,9.999999403953552246e-01
3.225000000000000000e+01,2.026327261565416507e+02,7.292334437370300293e-01,1.000000000000000000e+00
3.225833333333333286e+01,2.026850860341014879e+02,7.114012837409973145e-01,1.000000000000000000e+00
3.226666666666666572e+01,2.027374459116612968e+02,6.930290460586547852e-01,1.000000000000000000e+00
3.227499999999999858e+01,2.027898057892211341e+02,6.741271018981933594e-01,1.000000000000000000e+00
3.228333333333333144e+01,2.028421656667809714e+02,6.547094583511352539e-01,1.000000000000000000e+00
3.229166666666666430e+01,2.028945255443408087e+02,6.347928047180175781e-01,1.000000000000000000e+00
3.229999999999999716e+01,2.029468854219006175e+02,6.143939495086669922e-01,1.000000000000000000e+00
3.230833333333333002e+01,2.029992452994604548e+02,5.935298204421997070e-01,1.000000000000000000e+00
3.231666666666666288e+01,2.030516051770202921e+02,5.722169280052185059e-01,1.000000000000000000e+00
3.232500000000000284e+01,2.031039650545801294e+02,5.504723787307739258e-01,1.000000000000000000e+00
3.233333333333332860e+01,2.031563249321399383e+02,5.283128023147583008e-01,1.000000000000000000e+00
3.234166666666666856e+01,2.032086848096997755e+02,5.057555437088012695e-01,1.000000000000000000e+00
3.235000000000000142e+01,2.032610446872596128e+02,4.828175604343414307e-01,1.000000000000000000e+00
3.235833333333332718e+01,2.033134045648194217e+02,4.595161378383636475e-01,1.000000000000000000e+00
3.236666666666666714e+01,2.033657644423792590e+02,4.358689486980438232e-01,9.999999403953552246e-01
3.237500000000000000e+01,2.034181243199390963e+02,4.118933677673339844e-01,1.000000000000000000e+00
3.238333333333333286e+01,2.034704841974989336e+02,3.876074254512786865e-01,1.000000000000000000e+00
3.239166666666666572e+01,2.035228440750587424e+02,3.630290031433105469e-01,9.999999403953552246e-01
3.239999999999999858e+01,2.035752039526185797e+02,3.381763398647308350e-01,9.999999403953552246e-01
3.240833333333333144e+01,2.036275638301784170e+02,3.130677342414855957e-01,9.999999403953552246e-01
3.241666666666666430e+01,2.036799237077382543e+02,2.877216935157775879e-01,1.000000000000000000e+00
3.242499999999999716e+01,2.037322835852980631e+02,2.621568143367767334e-01,1.000000000000000000e+00
3.243333333333333002e+01,2.037846434628579004e+02,2.363920211791992188e-01,1.000000000000000000e+00
3.244166666666666288e+01,2.038370033404177377e+02,2.104460746049880981e-01,1.000000000000000000e+00
3.245000000000000284e+01,2.038893632179775750e+02,1.843380928039550781e-01,1.000000000000000000e+00
3.245833333333332860e+01,2.039417230955373839e+02,1.580872386693954468e-01,9.999999403953552246e-01
3.246666666666666146e+01,2.039940829730972212e+02,1.317127048969268799e-01,9.999999403953552246e-01
3.247500000000000142e+01,2.040464428506570584e+02,1.052338406443595886e-01,1.000000000000000000e+00
3.248333333333333428e+01,2.040988027282168957e+02,7.867001742124557495e-02,1.000000000000000000e+00
3.249166666666666714e+01,2.041511626057767046e+02,5.204063653945922852e-02,9.999999403953552246e-01
3.250000000000000000e+01,2.042035224833365419e+02,2.536520920693874359e-02,9.999999403953552246e-01
3.250833333333333286e+01,2.042558823608963792e+02,-1.336809131316840649e-03,1.000000119209289551e+00
3.251666666666666572e+01,2.043082422384562165e+02,-2.804594673216342926e-02,1.000000000000000000e+00
3.252499999999999858e+01,2.043606021160160253e+02,-5.474271997809410095e-02,1.000000000000000000e+00
3.253333333333333144e+01,2.044129619935758626e+02,-8.140772581100463867e-02,1.000000000000000000e+00
3.254166666666666430e+01,2.044653218711356999e+02,-1.080215722322463989e-01,1.000000000000000000e+00
3.254999999999999716e+01,2.045176817486955088e+02,-1.345649361610412598e-01,1.000000000000000000e+00
3.255833333333333002e+01,2.045700416262553460e+02,-1.610186100006103516e-01,1.000000000000000000e+00
3.256666666666666288e+01,2.046224015038151833e+02,-1.873635053634643555e-01,1.000000000000000000e+00
3.257500000000000284e+01,2.046747613813750206e+02,-2.135805636644363403e-01,1.000000000000000000e+00
3.258333333333332860e+01,2.047271212589348295e+02,-2.396510690450668335e-01,1.000000119209289551e+00
3.259166666666666146e+01,2.047794811364946668e+02,-2.655561566352844238e-01,1.000000000000000000e+00
3.260000000000000142e+01,2.048318410140545041e+02,-2.912774682044982910e-01,1.000000000000000000e+00
3.260833333333333428e+01,2.048842008916143413e+02,-3.167966604232788086e-01,1.000000000000000000e+00
3.261666666666666003e+01,2.049365607691741502e+02,-3.420956730842590332e-01,9.999998807907104492e-01
3.262500000000000000e+01,2.049889206467339875e+02,-3.671567142009735107e-01,9.999999403953552246e-01
3.263333333333333286e+01,2.050412805242938248e+02,-3.919622302055358887e-01,1.000000000000000000e+00
3.264166666666666572e+01,2.050936404018536621e+02,-4.164949357509613037e-01,1.000000119209289551e+00
3.264999999999999858e+01,2.051460002794134709e+02,-4.407379627227783203e-01,1.000000000000000000e+00
3.265833333333333144e+01,2.051983601569733082e+02,-4.646746814250946045e-01,1.000000000000000000e+00
3.266666666666666430e+01,2.052507200345331455e+02,-4.882889688014984131e-01,1.000000000000000000e+00
3.267499999999999716e+01,2.053030799120929828e+02,-5.115651488304138184e-01,1.000000119209289551e+00
3.268333333333333002e+01,2.053554397896527917e+02,-5.344877243041992188e-01,1.000000000000000000e+00
3.269166666666666288e+01,2.054077996672126289e+02,-5.570421218872070312e-01,1.000000000000000000e+00
3.270000000000000284e+01,2.054601595447724662e+02,-5.792140960693359375e-01,1.000000000000000000e+00
3.270833333333333570e+01,2.055125194223323035e+02,-6.009901165962219238e-01,9.999999403953552246e-01
3.271666666666666146e+01,2.055648792998921124e+02,-6.223573684692382812e-01,1.000000000000000000e+00
3.272500000000000142e+01,2.056172391774519497e+02,-6.433038115501403809e-01,1.000000000000000000e+00
3.273333333333333428e+01,2.056695990550117870e+02,-6.638184785842895508e-01,1.000000000000000000e+00
3.274166666666666714e+01,2.057219589325716242e+02,-6.838912963867187500e-01,1.000000000000000000e+00
3.275000000000000000e+01,2.057743188101314331e+02,-7.035139203071594238e-01,1.000000000000000000e+00
3.275833333333333286e+01,2.058266786876912704e+02,-7.226790785789489746e-01,1.000000000000000000e+00
3.276666666666666572e+01,2.058790385652511077e+02,-7.413818240165710449e-01,1.000000000000000000e+00
3.277499999999999858e+01,2.059313984428109165e+02,-7.596189379692077637e-01,1.000000000000000000e+00
3.278333333333333144e+01,2.059837583203707538e+02,-7.773901820182800293e-01,1.000000000000000000e+00
3.279166666666666430e+01,2.060361181979305911e+02,-7.946982383728027344e-01,1.000000000000000000e+00
3.279999999999999716e+01,2.060884780754904284e+02,-8.115486502647399902e-01,1.000000000000000000e+00
3.280833333333333002e+01,2.061408379530502373e+02,-8.279476165771484375e-01,1.000000000000000000e+00
3.281666666666666288e+01,2.061931978306100746e+02,-8.438975214958190918e-01,1.000000000000000000e+00
3.282499999999999574e+01,2.062455577081699118e+02,-8.593788146972656250e-01,9.999999403953552246e-01
3.283333333333333570e+01,2.062979175857297491e+02,-8.743078112602233887e-01,9.999999403953552246e-01
3.284166666666666146e+01,2.063502774632895580e+02,-8.884642720222473145e-01,1.000000000000000000e+00
3.285000000000000142e+01,2.064026373408493953e+02,-9.015052914619445801e-01,1.000000000000000000e+00
3.285833333333333428e+01,2.064549972184092326e+02,-9.131595492362976074e-01,1.000000119209289551e+00
3.286666666666666714e+01,2.065073570959690699e+02,-9.233791232109069824e-01,1.000000000000000000e+00
3.287500000000000000e+01,2.065597169735288787e+02,-9.323162436485290527e-01,1.000000000000000000e+00
3.288333333333333286e+01,2.066120768510887160e+02,-9.402071237564086914e-01,9.999999403953552246e-01
3.289166666666666572e+01,2.066644367286485533e+02,-9.472724795341491699e-01,1.000000000000000000e+00
3.289999999999999858e+01,2.067167966062083906e+02,-9.536688923835754395e-01,1.000000000000000000e+00
3.290833333333333144e+01,2.067691564837681995e+02,-9.594808816909790039e-01,1.000000000000000000e+00
3.291666666666666430e+01,2.068215163613280367e+02,-9.647367596626281738e-01,1.000000000000000000e+00
3.292499999999999716e+01,2.068738762388878740e+02,-9.694275259971618652e-01,1.000000000000000000e+00
3.293333333333333712e+01,2.069262361164477113e+02,-9.735277295112609863e-01,1.000000000000000000e+00
3.294166666666666288e+01,2.069785959940075202e+02,-9.770084619522094727e-01,1.000000000000000000e+00
3.294999999999999574e+01,2.070309558715673575e+02,-9.798505902290344238e-01,1.000000000000000000e+00
3.295833333333333570e+01,2.070833157491271947e+02,-9.820538759231567383e-01,1.000000000000000000e+00
3.296666666666666146e+01,2.071356756266870036e+02,-9.836420416831970215e-01,9.999999403953552246e-01
3.297499999999999432e+01,2.071880355042468409e+02,-9.846710562705993652e-01,1.000000000000000000e+00
3.298333333333333428e+01,2.072403953818066782e+02,-9.852306246757507324e-01,1.000000000000000000e+00
3.299166666666666714e+01,2.072927552593665155e+02,-9.854464530944824219e-01,1.000000000000000000e+00
3.300000000000000000e+01,2.073451151369263243e+02,-9.854782223701477051e-01,1.000000000000000000e+00
3.300833333333333286e+01,2.073974750144861616e+02,-9.855108261108398438e-01,1.000000000000000000e+00
3.301666666666666572e+01,2.074498348920459989e+02,-9.857351183891296387e-01,1.000000000000000000e+00
3.302499999999999858e+01,2.075021947696058362e+02,-9.863128066062927246e-01,1.000000000000000000e+00
3.303333333333333144e+01,2.075545546471656451e+02,-9.873153567314147949e-01,1.000000000000000000e+00
3.304166666666666430e+01,2.076069145247254824e+02,-9.886390566825866699e-01,9.999998807907104492e-01
3.304999999999999716e+01,2.076592744022853196e+02,-9.898918271064758301e-01,1.000000000000000000e+00
3.305833333333333712e+01,2.077116342798451569e+02,-9.902707934379577637e-01,1.000000000000000000e+00
3.306666666666666288e+01,2.077639941574049658e+02,-9.884504675865173340e-01,9.999999403953552246e-01
3.307499999999999574e+01,2.078163540349648031e+02,-9.825008511543273926e-01,1.000000000000000000e+00
3.308333333333333570e+01,2.078687139125246404e+02,-9.698486328125000000e-01,1.000000000000000000e+00
3.309166666666666856e+01,2.079210737900844777e+02,-9.472650885581970215e-01,1.000000000000000000e+00
3.309999999999999432e+01,2.079734336676442865e+02,-9.108892679214477539e-01,1.000000000000000000e+00
3.310833333333333428e+01,2.080257935452041238e+02,-8.563925623893737793e-01,1.000000000000000000e+00
3.311666666666666714e+01,2.080781534227639611e+02,-7.797493338584899902e-01,9.999998807907104492e-01
3.312500000000000000e+01,2.081305133003237984e+02,-6.798523068428039551e-01,9.999999403953552246e-01
3.313333333333333286e+01,2.081828731778836072e+02,-5.648503899574279785e-01,9.999999403953552246e-01
3.314166666666666572e+01,2.082352330554434445e+02,-4.609259068965911865e-01,9.999999403953552246e-01
3.314999999999999858e+01,2.082875929330032818e+02,-4.091590940952301025e-01,9.999999403953552246e-01
3.315833333333333144e+01,2.083399528105630907e+02,-4.321710765361785889e-01,1.000000000000000000e+00
3.316666666666666430e+01,2.083923126881229280e+02,-5.088874101638793945e-01,9.999999403953552246e-01
3.317499999999999716e+01,2.084446725656827653e+02,-6.197544336318969727e-01,9.999999403953552246e-01
3.318333333333333002e+01,2.084970324432426025e+02,-7.544595599174499512e-01,1.000000000000000000e+00
3.319166666666666288e+01,2.085493923208024114e+02,-8.072358965873718262e-01,9.999999403953552246e-01
3.319999999999999574e+01,2.086017521983622487e+02,-7.167129516601562500e-01,1.000000000000000000e+00
3.320833333333333570e+01,2.086541120759220860e+02,-5.893024802207946777e-01,9.999999403953552246e-01
3.321666666666666856e+01,2.087064719534819233e+02,-6.031870245933532715e-01,1.000000000000000000e+00
3.322499999999999432e+01,2.087588318310417321e+02,-7.219549417495727539e-01,1.000000000000000000e+00
3.323333333333333428e+01,2.088111917086015694e+02,-7.403110861778259277e-01,1.000000000000000000e+00
3.324166666666666714e+01,2.088635515861614067e+02,-7.262094616889953613e-01,1.000000000000000000e+00
3.325000000000000000e+01,2.089159114637212440e+02,-7.090031504631042480e-01,9.999999403953552246e-01
3.325833333333333286e+01,2.089682713412810529e+02,-6.911286711692810059e-01,1.000000000000000000e+00
3.326666666666666572e+01,2.090206312188408901e+02,-6.728030443191528320e-01,1.000000000000000000e+00
3.327499999999999858e+01,2.090729910964007274e+02,-6.539999246597290039e-01,1.000000000000000000e+00
3.328333333333333144e+01,2.091253509739605647e+02,-6.347308158874511719e-01,1.000000000000000000e+00
3.329166666666666430e+01,2.091777108515203736e+02,-6.150110363960266113e-01,9.999999403953552246e-01
3.329999999999999716e+01,2.092300707290802109e+02,-5.948576927185058594e-01,1.000000000000000000e+00
3.330833333333333002e+01,2.092824306066400482e+02,-5.742875337600708008e-01,1.000000000000000000e+00
3.331666666666666998e+01,2.093347904841998854e+02,-5.533171892166137695e-01,1.000000000000000000e+00
3.332499999999999574e+01,2.093871503617596943e+02,-5.319634675979614258e-01,1.000000000000000000e+00
3.333333333333332860e+01,2.094395102393195316e+02,-5.102424621582031250e-01,1.000000000000000000e+00
3.334166666666666856e+01,2.094918701168793689e+02,-4.881707131862640381e-01,1.000000000000000000e+00
3.334999999999999432e+01,2.095442299944391777e+02,-4.657643437385559082e-01,9.999999403953552246e-01
3.335833333333333428e+01,2.095965898719990150e+02,-4.430395066738128662e-01,1.000000000000000000e+00
3.336666666666666714e+01,2.096489497495588523e+02,-4.200124740600585938e-01,1.000000000000000000e+00
3.337500000000000000e+01,2.097013096271186896e+02,-3.966993987560272217e-01,9.999998807907104492e-01
3.338333333333333286e+01,2.097536695046784985e+02,-3.731165528297424316e-01,1.000000000000000000e+00
3.339166666666666572e+01,2.098060293822383358e+02,-3.492800891399383545e-01,1.000000000000000000e+00
3.339999999999999858e+01,2.098583892597981730e+02,-3.252064287662506104e-01,1.000000000000000000e+00
3.340833333333333144e+01,2.099107491373580103e+02,-3.009118735790252686e-01,1.000000000000000000e+00
3.341666666666666430e+01,2.099631090149178192e+02,-2.764127850532531738e-01,1.000000000000000000e+00
3.342499999999999716e+01,2.100154688924776565e+02,-2.517256140708923340e-01,9.999999403953552246e-01
3.343333333333333002e+01,2.100678287700374938e+02,-2.268667668104171753e-01,1.000000000000000000e+00
3.344166666666666998e+01,2.101201886475973311e+02,-2.018529027700424194e-01,1.000000000000000000e+00
3.344999999999999574e+01,2.101725485251571399e+02,-1.767004281282424927e-01,1.000000000000000000e+00
3.345833333333332860e+01,2.102249084027169772e+02,-1.514260023832321167e-01,1.000000000000000000e+00
3.346666666666666856e+01,2.102772682802768145e+02,-1.260462105274200439e-01,1.000000000000000000e+00
3.347500000000000142e+01,2.103296281578366518e+02,-1.005776673555374146e-01,9.999999403953552246e-01
3.348333333333332718e+01,2.103819880353964606e+02,-7.503701746463775635e-02,9.999999403953552246e-01
3.349166666666666714e+01,2.104343479129562979e+02,-4.944093152880668640e-02,1.000000000000000000e+00
3.350000000000000000e+01,2.104867077905161352e+02,-2.380601130425930023e-02,1.000000000000000000e+00
3.350833333333333286e+01,2.105390676680759725e+02,1.851082197390496731e-03,1.000000000000000000e+00
3.351666666666666572e+01,2.105914275456357814e+02,2.751373127102851868e-02,9.999999403953552246e-01
3.352499999999999858e+01,2.106437874231956187e+02,5.316536501049995422e-02,9.999999403953552246e-01
3.353333333333333144e+01,2.106961473007554559e+02,7.878942787647247314e-02,1.000000000000000000e+00
3.354166666666666430e+01,2.107485071783152648e+02,1.043694242835044861e-01,1.000000000000000000e+00
3.354999999999999716e+01,2.108008670558751021e+02,1.298888772726058960e-01,1.000000000000000000e+00
3.355833333333333002e+01,2.108532269334349394e+02,1.553314179182052612e-01,1.000000000000000000e+00
3.356666666666666998e+01,2.109055868109947767e+02,1.806807368993759155e-01,9.999999403953552246e-01
3.357499999999999574e+01,2.109579466885545855e+02,2.059206962585449219e-01,1.000000000000000000e+00
3.358333333333332860e+01,2.110103065661144228e+02,2.310350388288497925e-01,1.000000000000000000e+00
3.359166666666666856e+01,2.110626664436742601e+02,2.560079097747802734e-01,1.000000000000000000e+00
3.360000000000000142e+01,2.111150263212340974e+02,2.808233499526977539e-01,1.000000000000000000e+00
3.360833333333332718e+01,2.111673861987939063e+02,3.054656684398651123e-01,1.000000000000000000e+00
3.361666666666666714e+01,2.112197460763537435e+02,3.299193978309631348e-01,9.999999403953552246e-01
3.362500000000000000e+01,2.112721059539135808e+02,3.541688919067382812e-01,1.000000000000000000e+00
3.363333333333333286e+01,2.113244658314734181e+02,3.781991899013519287e-01,1.000000000000000000e+00
3.364166666666666572e+01,2.113768257090332270e+02,4.019952714443206787e-01,1.000000000000000000e+00
3.364999999999999858e+01,2.114291855865930643e+02,4.255424439907073975e-01,9.999999403953552246e-01
3.365833333333333144e+01,2.114815454641529016e+02,4.488262236118316650e-01,9.999999403953552246e-01
3.366666666666666430e+01,2.115339053417127388e+02,4.718325734138488770e-01,1.000000000000000000e+00
3.367499999999999716e+01,2.115862652192725477e+02,4.945474565029144287e-01,1.000000000000000000e+00
3.368333333333333002e+01,2.116386250968323850e+02,5.169577598571777344e-01,1.000000000000000000e+00
3.369166666666666288e+01,2.116909849743922223e+02,5.390503406524658203e-01,1.000000000000000000e+00
3.370000000000000284e+01,2.117433448519520596e+02,5.608129501342773438e-01,1.000000000000000000e+00
3.370833333333332860e+01,2.117957047295118684e+02,5.822336077690124512e-01,9.999999403953552246e-01
3.371666666666666856e+01,2.118480646070717057e+02,6.033014655113220215e-01,1.000000000000000000e+00
3.372500000000000142e+01,2.119004244846315430e+02,6.240059733390808105e-01,9.999999403953552246e-01
3.373333333333333428e+01,2.119527843621913803e+02,6.443382501602172852e-01,1.000000000000000000e+00
3.374166666666666714e+01,2.120051442397511892e+02,6.642900705337524414e-01,1.000000119209289551e+00
3.375000000000000000e+01,2.120575041173110264e+02,6.838549971580505371e-01,9.999999403953552246e-01
3.375833333333333286e+01,2.121098639948708637e+02,7.030285000801086426e-01,1.000000000000000000e+00
3.376666666666666572e+01,2.121622238724306726e+02,7.218083739280700684e-01,9.999999403953552246e-01
3.377499999999999858e+01,2.122145837499905099e+02,7.401953935623168945e-01,9.999999403953552246e-01
3.378333333333333144e+01,2.122669436275503472e+02,7.581932544708251953e-01,9.999999403953552246e-01
3.379166666666666430e+01,2.123193035051101845e+02,7.758099436759948730e-01,1.000000000000000000e+00
3.379999999999999716e+01,2.123716633826699933e+02,7.930563688278198242e-01,1.000000000000000000e+00
3.380833333333333002e+01,2.124240232602298306e+02,8.099431991577148438e-01,1.000000000000000000e+00
3.381666666666666288e+01,2.124763831377896679e+02,8.264681100845336914e-01,1.000000000000000000e+00
3.382500000000000284e+01,2.125287430153495052e+02,8.425806164741516113e-01,1.000000000000000000e+00
3.383333333333332860e+01,2.125811028929093141e+02,8.581039309501647949e-01,1.000000000000000000e+00
3.384166666666666146e+01,2.126334627704691513e+02,8.726806640625000000e-01,1.000000000000000000e+00
3.385000000000000142e+01,2.126858226480289886e+02,8.859327435493469238e-01,9.999999403953552246e-01
3.385833333333333428e+01,2.127381825255888259e+02,8.976909518241882324e-01,1.000000119209289551e+00
3.386666666666666714e+01,2.127905424031486348e+02,9.080408215522766113e-01,9.999999403953552246e-01
3.387500000000000000e+01,2.128429022807084721e+02,9.172138571739196777e-01,9.999999403953552246e-01
3.388333333333333286e+01,2.128952621582683093e+02,9.254617691040039062e-01,1.000000000000000000e+00
3.389166666666666572e+01,2.129476220358281466e+02,9.329801797866821289e-01,9.999999403953552246e-01
3.389999999999999858e+01,2.129999819133879555e+02,9.398859143257141113e-01,1.000000000000000000e+00
3.390833333333333144e+01,2.130523417909477928e+02,9.462255835533142090e-01,1.000000000000000000e+00
3.391666666666666430e+01,2.131047016685076301e+02,9.519950747489929199e-01,9.999999403953552246e-01
3.392499999999999716e+01,2.131570615460674674e+02,9.571619033813476562e-01,1.000000000000000000e+00
3.393333333333333002e+01,2.132094214236272762e+02,9.616823196411132812e-01,1.000000000000000000e+00
3.394166666666666288e+01,2.132617813011871135e+02,9.655159115791320801e-01,1.000000000000000000e+00
3.395000000000000284e+01,2.133141411787469508e+02,9.686371088027954102e-01,9.999999403953552246e-01
3.395833333333332860e+01,2.133665010563067597e+02,9.710443615913391113e-01,1.000000000000000000e+00
3.396666666666666146e+01,2.134188609338665970e+02,9.727668762207031250e-01,1.000000000000000000e+00
3.397500000000000142e+01,2.134712208114264342e+02,9.738712310791015625e-01,1.000000119209289551e+00
3.398333333333333428e+01,2.135235806889862715e+02,9.744631648063659668e-01,1.000000119209289551e+00
3.399166666666666003e+01,2.135759405665460804e+02,9.746872186660766602e-01,1.000000000000000000e+00
3.400000000000000000e+01,2.136283004441059177e+02,9.747194647789001465e-01,1.000000000000000000e+00
3.400833333333333286e+01,2.136806603216657550e+02,9.747503399848937988e-01,9.999999403953552246e-01
3.401666666666666572e+01,2.137330201992255923e+02,9.749499559402465820e-01,1.000000000000000000e+00
3.402499999999999858e+01,2.137853800767854011e+02,9.754120111465454102e-01,9.999999403953552246e-01
3.403333333333333144e+01,2.138377399543452384e+02,9.760673642158508301e-01,9.999999403953552246e-01
3.404166666666666430e+01,2.138900998319050757e+02,9.765741229057312012e-01,9.999999403953552246e-01
3.404999999999999716e+01,2.139424597094649130e+02,9.761964678764343262e-01,1.000000000000000000e+00
3.405833333333333002e+01,2.139948195870247218e+02,9.736986160278320312e-01,9.999999403953552246e-01
3.406666666666666288e+01,2.140471794645845591e+02,9.672843217849731445e-01,1.000000000000000000e+00
3.407500000000000284e+01,2.140995393421443964e+02,9.546041488647460938e-01,1.000000000000000000e+00
3.408333333333333570e+01,2.141518992197042337e+02,9.328308105468750000e-01,9.999999403953552246e-01
3.409166666666666146e+01,2.142042590972640426e+02,8.988021016120910645e-01,1.000000000000000000e+00
3.410000000000000142e+01,2.142566189748238799e+02,8.492879867553710938e-01,1.000000000000000000e+00
3.410833333333333428e+01,2.143089788523837171e+02,7.816653251647949219e-01,9.999999403953552246e-01
3.411666666666666714e+01,2.143613387299435544e+02,6.957921981811523438e-01,1.000000000000000000e+00
3.412500000000000000e+01,2.144136986075033633e+02,5.984364748001098633e-01,9.999999403953552246e-01
3.413333333333333286e+01,2.144660584850632006e+02,5.100178122520446777e-01,1.000000000000000000e+00
3.414166666666666572e+01,2.145184183626230379e+02,4.642351269721984863e-01,1.000000000000000000e+00
3.414999999999999858e+01,2.145707782401828467e+02,4.827627837657928467e-01,1.000000000000000000e+00
3.415833333333333144e+01,2.146231381177426840e+02,5.482251644134521484e-01,1.000000000000000000e+00
3.416666666666666430e+01,2.146754979953025213e+02,6.393484473228454590e-01,9.999999403953552246e-01
3.417499999999999716e+01,2.147278578728623586e+02,7.527294754981994629e-01,1.000000000000000000e+00
3.418333333333333002e+01,2.147802177504221675e+02,8.084520697593688965e-01,9.999999403953552246e-01
3.419166666666666288e+01,2.148325776279820047e+02,7.296864390373229980e-01,1.000000000000000000e+00
3.419999999999999574e+01,2.148849375055418420e+02,5.932146906852722168e-01,1.000000000000000000e+00
3.420833333333333570e+01,2.149372973831016793e+02,5.386454463005065918e-01,1.000000000000000000e+00
3.421666666666666146e+01,2.149896572606614882e+02,6.953312158584594727e-01,1.000000000000000000e+00
3.422500000000000142e+01,2.150420171382213255e+02,7.692355513572692871e-01,9.999999403953552246e-01
3.423333333333333428e+01,2.150943770157811628e+02,7.627236247062683105e-01,1.000000000000000000e+00
3.424166666666666714e+01,2.151467368933410000e+02,7.466008663177490234e-01,1.000000000000000000e+00
3.425000000000000000e+01,2.151990967709008089e+02,7.292334437370300293e-01,1.000000000000000000e+00
3.425833333333333286e+01,2.152514566484606462e+02,7.114012241363525391e-01,1.000000000000000000e+00
3.426666666666666572e+01,2.153038165260204835e+02,6.930291056632995605e-01,9.999999403953552246e-01
3.427499999999999858e+01,2.153561764035803208e+02,6.741271018981933594e-01,1.000000000000000000e+00
3.428333333333333144e+01,2.154085362811401296e+02,6.547095179557800293e-01,1.000000000000000000e+00
3.429166666666666430e+01,2.154608961586999669e+02,6.347928047180175781e-01,1.000000000000000000e+00
3.429999999999999716e+01,2.155132560362598042e+02,6.143938899040222168e-01,1.000000000000000000e+00
3.430833333333333712e+01,2.155656159138196415e+02,5.935297012329101562e-01,1.000000000000000000e+00
3.431666666666666288e+01,2.156179757913794504e+02,5.722169280052185059e-01,9.999999403953552246e-01
3.432499999999999574e+01,2.156703356689392876e+02,5.504723787307739258e-01,1.000000000000000000e+00
3.433333333333333570e+01,2.157226955464991249e+02,5.283128619194030762e-01,9.999999403953552246e-01
3.434166666666666146e+01,2.157750554240589338e+02,5.057556033134460449e-01,9.999999403953552246e-01
3.434999999999999432e+01,2.158274153016187711e+02,4.828174710273742676e-01,1.000000000000000000e+00
3.435833333333333428e+01,2.158797751791786084e+02,4.595161378383636475e-01,9.999998807907104492e-01
3.436666666666666714e+01,2.159321350567384457e+02,4.358688890933990479e-01,1.000000000000000000e+00
3.437500000000000000e+01,2.159844949342982545e+02,4.118933677673339844e-01,9.999999403953552246e-01
3.438333333333333286e+01,2.160368548118580918e+02,3.876074254512786865e-01,9.999999403953552246e-01
3.439166666666666572e+01,2.160892146894179291e+02,3.630289733409881592e-01,9.999999403953552246e-01
3.439999999999999858e+01,2.161415745669777664e+02,3.381763100624084473e-01,9.999999403953552246e-01
3.440833333333333144e+01,2.161939344445375752e+02,3.130677342414855957e-01,9.999999403953552246e-01
3.441666666666666430e+01,2.162462943220974125e+02,2.877216339111328125e-01,1.000000000000000000e+00
3.442499999999999716e+01,2.162986541996572498e+02,2.621568441390991211e-01,1.000000000000000000e+00
3.443333333333333002e+01,2.163510140772170871e+02,2.363920211791992188e-01,1.000000000000000000e+00
3.444166666666666288e+01,2.164033739547768960e+02,2.104460746049880981e-01,1.000000000000000000e+00
3.444999999999999574e+01,2.164557338323367333e+02,1.843380928039550781e-01,9.999999403953552246e-01
3.445833333333333570e+01,2.165080937098965705e+02,1.580872386693954468e-01,9.999999403953552246e-01
3.446666666666666856e+01,2.165604535874564078e+02,1.317127197980880737e-01,9.999999403953552246e-01
3.447499999999999432e+01,2.166128134650162167e+02,1.052338406443595886e-01,1.000000000000000000e+00
3.448333333333333428e+01,2.166651733425760540e+02,7.867000252008438110e-02,1.000000000000000000e+00
3.449166666666666714e+01,2.167175332201358913e+02,5.204064399003982544e-02,1.000000000000000000e+00
3.450000000000000000e+01,2.167698930976957286e+02,2.536520920693874359e-02,1.000000000000000000e+00
3.450833333333333286e+01,2.168222529752555374e+02,-1.336811925284564495e-03,9.999998807907104492e-01
3.451666666666666572e+01,2.168746128528153747e+02,-2.804594673216342926e-02,9.999998807907104492e-01
3.452499999999999858e+01,2.169269727303752120e+02,-5.474272370338439941e-02,9.999999403953552246e-01
3.453333333333333144e+01,2.169793326079350209e+02,-8.140772581100463867e-02,9.999999403953552246e-01
3.454166666666666430e+01,2.170316924854948581e+02,-1.080215573310852051e-01,1.000000000000000000e+00
3.454999999999999716e+01,2.170840523630546954e+02,-1.345649361610412598e-01,1.000000000000000000e+00
3.455833333333333002e+01,2.171364122406145327e+02,-1.610186100006103516e-01,9.999999403953552246e-01
3.456666666666666288e+01,2.171887721181743416e+02,-1.873634904623031616e-01,1.000000000000000000e+00
3.457499999999999574e+01,2.172411319957341789e+02,-2.135805636644363403e-01,9.999999403953552246e-01
3.458333333333332860e+01,2.172934918732940162e+02,-2.396510392427444458e-01,1.000000000000000000e+00
3.459166666666666856e+01,2.173458517508538534e+02,-2.655561864376068115e-01,9.999999403953552246e-01
3.459999999999999432e+01,2.173982116284136623e+02,-2.912774682044982910e-01,1.000000000000000000e+00
3.460833333333333428e+01,2.174505715059734996e+02,-3.167966902256011963e-01,1.000000000000000000e+00
3.461666666666666714e+01,2.175029313835333369e+02,-3.420956730842590332e-01,9.999999403953552246e-01
3.462500000000000000e+01,2.175552912610931742e+02,-3.671567142009735107e-01,1.000000000000000000e+00
3.463333333333333286e+01,2.176076511386529830e+02,-3.919622302055358887e-01,1.000000000000000000e+00
3.464166666666666572e+01,2.176600110162128203e+02,-4.164949357509613037e-01,1.000000119209289551e+00
3.464999999999999858e+01,2.177123708937726576e+02,-4.407379329204559326e-01,1.000000000000000000e+00
3.465833333333333144e+01,2.177647307713324949e+02,-4.646746814250946045e-01,1.000000000000000000e+00
3.466666666666666430e+01,2.178170906488923038e+02,-4.882889688014984131e-01,1.000000000000000000e+00
3.467499999999999716e+01,2.178694505264521410e+02,-5.115650296211242676e-01,1.000000000000000000e+00
3.468333333333333002e+01,2.179218104040119783e+02,-5.344877243041992188e-01,1.000000000000000000e+00
3.469166666666666998e+01,2.179741702815718156e+02,-5.570420622825622559e-01,1.000000000000000000e+00
3.469999999999999574e+01,2.180265301591316245e+02,-5.792140960693359375e-01,9.999999403953552246e-01
3.470833333333332860e+01,2.180788900366914618e+02,-6.009900569915771484e-01,1.000000000000000000e+00
3.471666666666666856e+01,2.181312499142512991e+02,-6.223573684692382812e-01,9.999999403953552246e-01
3.472500000000000142e+01,2.181836097918111363e+02,-6.433038115501403809e-01,1.000000000000000000e+00
3.473333333333332718e+01,2.182359696693709452e+02,-6.638184785842895508e-01,1.000000000000000000e+00
3.474166666666666714e+01,2.182883295469307825e+02,-6.838912963867187500e-01,1.000000000000000000e+00
3.475000000000000000e+01,2.183406894244906198e+02,-7.035139203071594238e-01,1.000000000000000000e+00
3.475833333333333286e+01,2.183930493020504287e+02,-7.226790785789489746e-01,1.000000000000000000e+00
3.476666666666666572e+01,2.184454091796102659e+02,-7.413818240165710449e-01,1.000000000000000000e+00
3.477499999999999858e+01,2.184977690571701032e+02,-7.596189379692077637e-01,1.000000000000000000e+00
3.478333333333333144e+01,2.185501289347299405e+02,-7.773902416229248047e-01,1.000000000000000000e+00
3.479166666666666430e+01,2.186024888122897494e+02,-7.946982383728027344e-01,1.000000000000000000e+00
3.479999999999999716e+01,2.186548486898495867e+02,-8.115486502647399902e-01,1.000000000000000000e+00
3.480833333333333002e+01,2.187072085674094239e+02,-8.279477953910827637e-01,1.000000000000000000e+00
3.481666666666666998e+01,2.187595684449692612e+02,-8.438975214958190918e-01,9.999998807907104492e-01
3.482499999999999574e+01,2.188119283225290701e+02,-8.593788146972656250e-01,9.999999403953552246e-01
3.483333333333332860e+01,2.188642882000889074e+02,-8.743078112602233887e-01,9.999999403953552246e-01
3.484166666666666856e+01,2.189166480776487447e+02,-8.884643912315368652e-01,1.000000000000000000e+00
3.485000000000000142e+01,2.189690079552085820e+02,-9.015052914619445801e-01,1.000000000000000000e+00
3.485833333333332718e+01,2.190213678327683908e+02,-9.131595492362976074e-01,1.000000119209289551e+00
3.486666666666666714e+01,2.190737277103282281e+02,-9.233792424201965332e-01,1.000000000000000000e+00
3.487500000000000000e+01,2.191260875878880654e+02,-9.323163032531738281e-01,1.000000000000000000e+00
3.488333333333333286e+01,2.191784474654479027e+02,-9.402071833610534668e-01,9.999999403953552246e-01
3.489166666666666572e+01,2.192308073430077116e+02,-9.472727179527282715e-01,9.999999403953552246e-01
3.489999999999999858e+01,2.192831672205675488e+02,-9.536687731742858887e-01,9.999999403953552246e-01
3.490833333333333144e+01,2.193355270981273861e+02,-9.594808816909790039e-01,9.999999403953552246e-01
3.491666666666666430e+01,2.193878869756872234e+02,-9.647367596626281738e-01,1.000000000000000000e+00
3.492499999999999716e+01,2.194402468532470323e+02,-9.694277048110961914e-01,9.999999403953552246e-01
3.493333333333333002e+01,2.194926067308068696e+02,-9.735276103019714355e-01,9.999998807907104492e-01
3.494166666666666288e+01,2.195449666083667069e+02,-9.770083427429199219e-01,1.000000000000000000e+00
3.494999999999999574e+01,2.195973264859265157e+02,-9.798505902290344238e-01,9.999999403953552246e-01
3.495833333333332860e+01,2.196496863634863530e+02,-9.820535778999328613e-01,1.000000000000000000e+00
3.496666666666666856e+01,2.197020462410461903e+02,-9.836420416831970215e-01,1.000000000000000000e+00
3.497500000000000142e+01,2.197544061186060276e+02,-9.846710562705993652e-01,9.999999403953552246e-01
3.498333333333332718e+01,2.198067659961658364e+02,-9.852306246757507324e-01,1.000000000000000000e+00
3.499166666666666714e+01,2.198591258737256737e+02,-9.854463934898376465e-01,1.000000119209289551e+00
3.500000000000000000e+01,2.199114857512855110e+02,-9.854782223701477051e-01,9.999999403953552246e-01
3.500833333333333286e+01,2.199638456288453483e+02,-9.855108261108398438e-01,1.000000000000000000e+00
3.501666666666666572e+01,2.200162055064051572e+02,-9.857351183891296387e-01,1.000000000000000000e+00
3.502499999999999858e+01,2.200685653839649945e+02,-9.863126873970031738e-01,1.000000000000000000e+00
3.503333333333333144e+01,2.201209252615248317e+02,-9.873153567314147949e-01,1.000000000000000000e+00
3.504166666666666430e+01,2.201732851390846690e+02,-9.886392951011657715e-01,9.999999403953552246e-01
3.504999999999999716e+01,2.202256450166444779e+02,-9.898918271064758301e-01,9.999999403953552246e-01
3.505833333333333002e+01,2.202780048942043152e+02,-9.902707934379577637e-01,9.999999403953552246e-01
3.506666666666666288e+01,2.203303647717641525e+02,-9.884503483772277832e-01,1.000000000000000000e+00
3.507500000000000284e+01,2.203827246493239898e+02,-9.825009703636169434e-01,1.000000000000000000e+00
3.508333333333332860e+01,2.204350845268837986e+02,-9.698486328125000000e-01,1.000000000000000000e+00
3.509166666666666146e+01,2.204874444044436359e+02,-9.472648501396179199e-01,1.000000119209289551e+00
3.510000000000000142e+01,2.205398042820034732e+02,-9.108892679214477539e-01,9.999999403953552246e-01
3.510833333333333428e+01,2.205921641595633105e+02,-8.563925027847290039e-01,1.000000000000000000e+00
3.511666666666666714e+01,2.206445240371231193e+02,-7.797490954399108887e-01,1.000000000000000000e+00
3.512500000000000000e+01,2.206968839146829566e+02,-6.798519492149353027e-01,1.000000000000000000e+00
3.513333333333333286e+01,2.207492437922427939e+02,-5.648497939109802246e-01,9.999999403953552246e-01
3.514166666666666572e+01,2.208016036698026028e+02,-4.609251022338867188e-01,1.000000000000000000e+00
3.514999999999999858e+01,2.208539635473624401e+02,-4.091585278511047363e-01,1.000000000000000000e+00
3.515833333333333144e+01,2.209063234249222774e+02,-4.321711659431457520e-01,1.000000000000000000e+00
3.516666666666666430e+01,2.209586833024821146e+02,-5.088881850242614746e-01,1.000000000000000000e+00
3.517499999999999716e+01,2.210110431800419235e+02,-6.197553873062133789e-01,1.000000000000000000e+00
3.518333333333333002e+01,2.210634030576017608e+02,-7.544597983360290527e-01,9.999999403953552246e-01
3.519166666666666288e+01,2.211157629351615981e+02,-8.072358965873718262e-01,1.000000000000000000e+00
3.520000000000000284e+01,2.211681228127214354e+02,-7.167142033576965332e-01,1.000000000000000000e+00
3.520833333333332860e+01,2.212204826902812442e+02,-5.893045067787170410e-01,1.000000000000000000e+00
3.521666666666666146e+01,2.212728425678410815e+02,-6.031867861747741699e-01,9.999999403953552246e-01
3.522500000000000142e+01,2.213252024454009188e+02,-7.219544053077697754e-01,9.999999403953552246e-01
3.523333333333333428e+01,2.213775623229607561e+02,-7.403111457824707031e-01,9.999999403953552246e-01
3.524166666666666003e+01,2.214299222005205650e+02,-7.262095212936401367e-01,1.000000000000000000e+00
3.525000000000000000e+01,2.214822820780804022e+02,-7.090031504631042480e-01,9.999999403953552246e-01
3.525833333333333286e+01,2.215346419556402395e+02,-6.911286711692810059e-01,1.000000000000000000e+00
3.526666666666666572e+01,2.215870018332000768e+02,-6.728031039237976074e-01,1.000000000000000000e+00
3.527499999999999858e+01,2.216393617107598857e+02,-6.539999842643737793e-01,1.000000000000000000e+00
3.528333333333333144e+01,2.216917215883197230e+02,-6.347308158874511719e-01,1.000000000000000000e+00
3.529166666666666430e+01,2.217440814658795603e+02,-6.150111556053161621e-01,1.000000000000000000e+00
3.529999999999999716e+01,2.217964413434393975e+02,-5.948578119277954102e-01,1.000000000000000000e+00
3.530833333333333002e+01,2.218488012209992064e+02,-5.742874741554260254e-01,1.000000000000000000e+00
3.531666666666666288e+01,2.219011610985590437e+02,-5.533172488212585449e-01,1.000000000000000000e+00
3.532500000000000284e+01,2.219535209761188810e+02,-5.319634675979614258e-01,9.999999403953552246e-01
3.533333333333332860e+01,2.220058808536786898e+02,-5.102424621582031250e-01,9.999998807907104492e-01
3.534166666666666146e+01,2.220582407312385271e+02,-4.881707131862640381e-01,1.000000000000000000e+00
3.535000000000000142e+01,2.221106006087983644e+02,-4.657643437385559082e-01,1.000000000000000000e+00
3.535833333333333428e+01,2.221629604863582017e+02,-4.430395066738128662e-01,9.999999403953552246e-01
3.536666666666666003e+01,2.222153203639180106e+02,-4.200124442577362061e-01,1.000000119209289551e+00
3.537500000000000000e+01,2.222676802414778479e+02,-3.966994285583496094e-01,9.999999403953552246e-01
3.538333333333333286e+01,2.223200401190376851e+02,-3.731165528297424316e-01,1.000000000000000000e+00
3.539166666666666572e+01,2.223723999965975224e+02,-3.492800891399383545e-01,9.999999403953552246e-01
3.539999999999999858e+01,2.224247598741573313e+02,-3.252064287662506104e-01,1.000000000000000000e+00
3.540833333333333144e+01,2.224771197517171686e+02,-3.009118735790252686e-01,1.000000000000000000e+00
3.541666666666666430e+01,2.225294796292770059e+02,-2.764127254486083984e-01,1.000000000000000000e+00
3.542499999999999716e+01,2.225818395068368432e+02,-2.517255842685699463e-01,9.999999403953552246e-01
3.543333333333333002e+01,2.226341993843966520e+02,-2.268668264150619507e-01,1.000000000000000000e+00
3.544166666666666288e+01,2.226865592619564893e+02,-2.018528431653976440e-01,1.000000000000000000e+00
3.544999999999999574e+01,2.227389191395163266e+02,-1.767004281282424927e-01,9.999999403953552246e-01
3.545833333333333570e+01,2.227912790170761639e+02,-1.514260023832321167e-01,9.999999403953552246e-01
3.546666666666666146e+01,2.228436388946359727e+02,-1.260462105274200439e-01,9.999999403953552246e-01
3.547500000000000142e+01,2.228959987721958100e+02,-1.005776450037956238e-01,1.000000000000000000e+00
3.548333333333333428e+01,2.229483586497556473e+02,-7.503701746463775635e-02,1.000000000000000000e+00
3.549166666666666714e+01,2.230007185273154846e+02,-4.944092035293579102e-02,9.999999403953552246e-01
3.550000000000000000e+01,2.230530784048752935e+02,-2.380601502954959869e-02,1.000000000000000000e+00
3.550833333333333286e+01,2.231054382824351308e+02,1.851078472100198269e-03,9.999999403953552246e-01
3.551666666666666572e+01,2.231577981599949680e+02,2.751373127102851868e-02,9.999999403953552246e-01
3.552499999999999858e+01,2.232101580375547769e+02,5.316536501049995422e-02,9.999999403953552246e-01
3.553333333333333144e+01,2.232625179151146142e+02,7.878941297531127930e-02,1.000000000000000000e+00
3.554166666666666430e+01,2.233148777926744515e+02,1.043694242835044861e-01,1.000000000000000000e+00
3.554999999999999716e+01,2.233672376702342888e+02,1.298888474702835083e-01,1.000000000000000000e+00
3.555833333333333002e+01,2.234195975477940976e+02,1.553314030170440674e-01,1.000000000000000000e+00
3.556666666666666288e+01,2.234719574253539349e+02,1.806807518005371094e-01,1.000000000000000000e+00
3.557499999999999574e+01,2.235243173029137722e+02,2.059206813573837280e-01,1.000000000000000000e+00
3.558333333333333570e+01,2.235766771804736095e+02,2.310350388288497925e-01,1.000000000000000000e+00
3.559166666666666146e+01,2.236290370580334184e+02,2.560078799724578857e-01,9.999999403953552246e-01
3.559999999999999432e+01,2.236813969355932556e+02,2.808233201503753662e-01,1.000000000000000000e+00
3.560833333333333428e+01,2.237337568131530929e+02,3.054656684398651123e-01,9.999999403953552246e-01
3.561666666666666714e+01,2.237861166907129302e+02,3.299193084239959717e-01,1.000000000000000000e+00
3.562500000000000000e+01,2.238384765682727391e+02,3.541688621044158936e-01,9.999999403953552246e-01
3.563333333333333286e+01,2.238908364458325764e+02,3.781992197036743164e-01,1.000000000000000000e+00
3.564166666666666572e+01,2.239431963233924137e+02,4.019952714443206787e-01,9.999999403953552246e-01
3.564999999999999858e+01,2.239955562009522509e+02,4.255424439907073975e-01,9.999998807907104492e-01
3.565833333333333144e+01,2.240479160785120598e+02,4.488262236118316650e-01,1.000000000000000000e+00
3.566666666666666430e+01,2.241002759560718971e+02,4.718325138092041016e-01,1.000000000000000000e+00
3.567499999999999716e+01,2.241526358336317344e+02,4.945474565029144287e-01,1.000000000000000000e+00
3.568333333333333712e+01,2.242049957111915717e+02,5.169577598571777344e-01,1.000000000000000000e+00
3.569166666666666288e+01,2.242573555887513805e+02,5.390504002571105957e-01,1.000000000000000000e+00
3.569999999999999574e+01,2.243097154663112178e+02,5.608129501342773438e-01,1.000000000000000000e+00
3.570833333333333570e+01,2.243620753438710551e+02,5.822336077690124512e-01,9.999999403953552246e-01
3.571666666666666856e+01,2.244144352214308924e+02,6.033015251159667969e-01,1.000000000000000000e+00
3.572499999999999432e+01,2.244667950989907013e+02,6.240059733390808105e-01,9.999999403953552246e-01
3.573333333333333428e+01,2.245191549765505385e+02,6.443381309509277344e-01,9.999999403953552246e-01
3.574166666666666714e+01,2.245715148541103758e+02,6.642899513244628906e-01,1.000000000000000000e+00
3.574999999999999289e+01,2.246238747316701847e+02,6.838548779487609863e-01,9.999999403953552246e-01
3.575833333333333286e+01,2.246762346092300220e+02,7.030285000801086426e-01,1.000000000000000000e+00
3.576666666666666572e+01,2.247285944867898593e+02,7.218085527420043945e-01,9.999999403953552246e-01
3.577499999999999858e+01,2.247809543643496966e+02,7.401952743530273438e-01,9.999999403953552246e-01
3.578333333333333144e+01,2.248333142419095054e+02,7.581932544708251953e-01,9.999999403953552246e-01
3.579166666666666430e+01,2.248856741194693427e+02,7.758100032806396484e-01,1.000000000000000000e+00
3.579999999999999716e+01,2.249380339970291800e+02,7.930564284324645996e-01,1.000000000000000000e+00
3.580833333333333002e+01,2.249903938745890173e+02,8.099431991577148438e-01,9.999999403953552246e-01
3.581666666666666288e+01,2.250427537521488262e+02,8.264679908752441406e-01,1.000000000000000000e+00
3.582499999999999574e+01,2.250951136297086634e+02,8.425806164741516113e-01,1.000000000000000000e+00
3.583333333333333570e+01,2.251474735072685007e+02,8.581039309501647949e-01,1.000000000000000000e+00
3.584166666666666856e+01,2.251998333848283380e+02,8.726806640625000000e-01,1.000000000000000000e+00
3.584999999999999432e+01,2.252521932623881469e+02,8.859327435493469238e-01,9.999998807907104492e-01
3.585833333333333428e+01,2.253045531399479842e+02,8.976909518241882324e-01,1.000000000000000000e+00
3.586666666666666714e+01,2.253569130175078215e+02,9.080408215522766113e-01,9.999999403953552246e-01
3.587500000000000000e+01,2.254092728950676587e+02,9.172138571739196777e-01,9.999999403953552246e-01
3.588333333333333286e+01,2.254616327726274676e+02,9.254615902900695801e-01,1.000000000000000000e+00
3.589166666666666572e+01,2.255139926501873049e+02,9.329800009727478027e-01,9.999999403953552246e-01
3.589999999999999858e+01,2.255663525277471422e+02,9.398859143257141113e-01,1.000000000000000000e+00
3.590833333333333144e+01,2.256187124053069795e+02,9.462255835533142090e-01,9.999998807907104492e-01
3.591666666666666430e+01,2.256710722828667883e+02,9.519953131675720215e-01,1.000000000000000000e+00
3.592499999999999716e+01,2.257234321604266256e+02,9.571619033813476562e-01,9.999999403953552246e-01
3.593333333333333002e+01,2.257757920379864629e+02,9.616823196411132812e-01,1.000000000000000000e+00
3.594166666666666288e+01,2.258281519155462718e+02,9.655159115791320801e-01,1.000000000000000000e+00
3.594999999999999574e+01,2.258805117931061091e+02,9.686371088027954102e-01,1.000000000000000000e+00
3.595833333333332860e+01,2.259328716706659463e+02,9.710443615913391113e-01,1.000000000000000000e+00
3.596666666666666856e+01,2.259852315482257836e+02,9.727669954299926758e-01,1.000000000000000000e+00
3.597499999999999432e+01,2.260375914257855925e+02,9.738714098930358887e-01,9.999999403953552246e-01
3.598333333333333428e+01,2.260899513033454298e+02,9.744632840156555176e-01,1.000000119209289551e+00
3.599166666666666714e+01,2.261423111809052671e+02,9.746872186660766602e-01,1.000000000000000000e+00
3.600000000000000000e+01,2.261946710584651044e+02,9.747194647789001465e-01,1.000000119209289551e+00
3.600833333333333286e+01,2.262470309360249132e+02,9.747501611709594727e-01,1.000000000000000000e+00
3.601666666666666572e+01,2.262993908135847505e+02,9.749500155448913574e-01,1.000000000000000000e+00
3.602499999999999858e+01,2.263517506911445878e+02,9.754120111465454102e-01,1.000000000000000000e+00
3.603333333333333144e+01,2.264041105687044251e+02,9.760673642158508301e-01,1.000000000000000000e+00
3.604166666666666430e+01,2.264564704462642339e+02,9.765741229057312012e-01,1.000000000000000000e+00
3.604999999999999716e+01,2.265088303238240712e+02,9.761965870857238770e-01,1.000000000000000000e+00
3.605833333333333002e+01,2.265611902013839085e+02,9.736987352371215820e-01,9.999999403953552246e-01
3.606666666666666998e+01,2.266135500789437458e+02,9.672843813896179199e-01,1.000000000000000000e+00
3.607499999999999574e+01,2.266659099565035547e+02,9.546041488647460938e-01,1.000000000000000000e+00
3.608333333333332860e+01,2.267182698340633920e+02,9.328308105468750000e-01,9.999999403953552246e-01
3.609166666666666856e+01,2.267706297116232292e+02,8.988022208213806152e-01,9.999999403953552246e-01
3.610000000000000142e+01,2.268229895891830665e+02,8.492881059646606445e-01,1.000000000000000000e+00
3.610833333333332718e+01,2.268753494667428754e+02,7.816653847694396973e-01,1.000000000000000000e+00
3.611666666666666714e+01,2.269277093443027127e+02,6.957921385765075684e-01,1.000000000000000000e+00
3.612500000000000000e+01,2.269800692218625500e+02,5.984362363815307617e-01,9.999999403953552246e-01
3.613333333333333286e+01,2.270324290994223588e+02,5.100174546241760254e-01,1.000000000000000000e+00
3.614166666666666572e+01,2.270847889769821961e+02,4.642348289489746094e-01,1.000000000000000000e+00
3.614999999999999858e+01,2.271371488545420334e+02,4.827627241611480713e-01,9.999999403953552246e-01
3.615833333333333144e+01,2.271895087321018707e+02,5.482255816459655762e-01,1.000000000000000000e+00
3.616666666666666430e+01,2.272418686096616796e+02,6.393491625785827637e-01,1.000000000000000000e+00
3.617499999999999716e+01,2.272942284872215168e+02,7.527293562889099121e-01,1.000000000000000000e+00
3.618333333333333002e+01,2.273465883647813541e+02,8.084506988525390625e-01,9.999998807907104492e-01
3.619166666666666998e+01,2.273989482423411914e+02,7.296842336654663086e-01,1.000000000000000000e+00
3.619999999999999574e+01,2.274513081199010003e+02,5.932125449180603027e-01,9.999998807907104492e-01
3.620833333333332860e+01,2.275036679974608376e+02,5.386446714401245117e-01,9.999999403953552246e-01
3.621666666666666856e+01,2.275560278750206749e+02,6.953318715095520020e-01,1.000000000000000000e+00
3.622500000000000142e+01,2.276083877525805121e+02,7.692356109619140625e-01,1.000000000000000000e+00
3.623333333333332718e+01,2.276607476301403210e+02,7.627236843109130859e-01,9.999999403953552246e-01
3.624166666666666714e+01,2.277131075077001583e+02,7.466008067131042480e-01,9.999999403953552246e-01
3.625000000000000000e+01,2.277654673852599956e+02,7.292334437370300293e-01,1.000000000000000000e+00
3.625833333333333286e+01,2.278178272628198329e+02,7.114012837409973145e-01,1.000000000000000000e+00
3.626666666666666572e+01,2.278701871403796417e+02,6.930291056632995605e-01,1.000000000000000000e+00
3.627499999999999858e+01,2.279225470179394790e+02,6.741270422935485840e-01,1.000000119209289551e+00
3.628333333333333144e+01,2.279749068954993163e+02,6.547094583511352539e-01,9.999998807907104492e-01
3.629166666666666430e+01,2.280272667730591536e+02,6.347928047180175781e-01,1.000000000000000000e+00
3.629999999999999716e+01,2.280796266506189625e+02,6.143938899040222168e-01,1.000000119209289551e+00
3.630833333333333002e+01,2.281319865281787997e+02,5.935297012329101562e-01,1.000000000000000000e+00
3.631666666666666288e+01,2.281843464057386370e+02,5.722169280052185059e-01,9.999999403953552246e-01
3.632499999999999574e+01,2.282367062832984459e+02,5.504723787307739258e-01,1.000000000000000000e+00
3.633333333333332860e+01,2.282890661608582832e+02,5.283128619194030762e-01,9.999999403953552246e-01
3.634166666666666856e+01,2.283414260384181205e+02,5.057556033134460449e-01,1.000000000000000000e+00
3.635000000000000142e+01,2.283937859159779578e+02,4.828175604343414307e-01,1.000000000000000000e+00
3.635833333333332718e+01,2.284461457935377666e+02,4.595161378383636475e-01,9.999999403953552246e-01
3.636666666666666714e+01,2.284985056710976039e+02,4.358689486980438232e-01,1.000000000000000000e+00
3.637500000000000000e+01,2.285508655486574412e+02,4.118933677673339844e-01,9.999998807907104492e-01
3.638333333333333286e+01,2.286032254262172785e+02,3.876074254512786865e-01,1.000000000000000000e+00
3.639166666666666572e+01,2.286555853037770873e+02,3.630290031433105469e-01,1.000000000000000000e+00
3.639999999999999858e+01,2.287079451813369246e+02,3.381763100624084473e-01,9.999998807907104492e-01
3.640833333333333144e+01,2.287603050588967619e+02,3.130677640438079834e-01,9.999999403953552246e-01
3.641666666666666430e+01,2.288126649364565992e+02,2.877216339111328125e-01,1.000000000000000000e+00
3.642499999999999716e+01,2.288650248140164081e+02,2.621568739414215088e-01,1.000000000000000000e+00
3.643333333333333002e+01,2.289173846915762454e+02,2.363920211791992188e-01,1.000000000000000000e+00
3.644166666666666288e+01,2.289697445691360826e+02,2.104460746049880981e-01,1.000000000000000000e+00
3.645000000000000284e+01,2.290221044466959199e+02,1.843380928039550781e-01,1.000000000000000000e+00
3.645833333333332860e+01,2.290744643242557288e+02,1.580872237682342529e-01,9.999999403953552246e-01
3.646666666666666146e+01,2.291268242018155661e+02,1.317127048969268799e-01,9.999998807907104492e-01
3.647500000000000142e+01,2.291791840793754034e+02,1.052338406443595886e-01,1.000000000000000000e+00
3.648333333333333428e+01,2.292315439569352407e+02,7.867001742124557495e-02,1.000000000000000000e+00
3.649166666666666714e+01,2.292839038344950495e+02,5.204064771533012390e-02,9.999999403953552246e-01
3.650000000000000000e+01,2.293362637120548868e+02,2.536520734429359436e-02,1.000000000000000000e+00
3.650833333333333286e+01,2.293886235896147241e+02,-1.336813555099070072e-03,1.000000000000000000e+00
3.651666666666666572e+01,2.294409834671745330e+02,-2.804594114422798157e-02,1.000000000000000000e+00
3.652499999999999858e+01,2.294933433447343702e+02,-5.474271997809410095e-02,1.000000000000000000e+00
3.653333333333333144e+01,2.295457032222942075e+02,-8.140772581100463867e-02,1.000000000000000000e+00
3.654166666666666430e+01,2.295980630998540448e+02,-1.080215573310852051e-01,1.000000000000000000e+00
3.654999999999999716e+01,2.296504229774138537e+02,-1.345649361610412598e-01,1.000000000000000000e+00
3.655833333333333002e+01,2.297027828549736910e+02,-1.610186100006103516e-01,1.000000000000000000e+00
3.656666666666666288e+01,2.297551427325335283e+02,-1.873634904623031616e-01,1.000000000000000000e+00
3.657500000000000284e+01,2.298075026100933655e+02,-2.135805636644363403e-01,9.999999403953552246e-01
3.658333333333332860e+01,2.298598624876531744e+02,-2.396510094404220581e-01,1.000000000000000000e+00
3.659166666666666146e+01,2.299122223652130117e+02,-2.655561566352844238e-01,1.000000000000000000e+00
3.660000000000000142e+01,2.299645822427728490e+02,-2.912774980068206787e-01,1.000000000000000000e+00
3.660833333333333428e+01,2.300169421203326863e+02,-3.167966902256011963e-01,1.000000000000000000e+00
3.661666666666666003e+01,2.300693019978924951e+02,-3.420957028865814209e-01,9.999999403953552246e-01
3.662500000000000000e+01,2.301216618754523324e+02,-3.671567142009735107e-01,1.000000000000000000e+00
3.663333333333333286e+01,2.301740217530121697e+02,-3.919622302055358887e-01,1.000000000000000000e+00
3.664166666666666572e+01,2.302263816305720070e+02,-4.164949357509613037e-01,1.000000119209289551e+00
3.664999999999999858e+01,2.302787415081318159e+02,-4.407379329204559326e-01,9.999999403953552246e-01
3.665833333333333144e+01,2.303311013856916531e+02,-4.646746814250946045e-01,9.999999403953552246e-01
3.666666666666666430e+01,2.303834612632514904e+02,-4.882889688014984131e-01,1.000000000000000000e+00
3.667499999999999716e+01,2.304358211408113277e+02,-5.115651488304138184e-01,1.000000119209289551e+00
3.668333333333333002e+01,2.304881810183711366e+02,-5.344877243041992188e-01,1.000000000000000000e+00
3.669166666666666288e+01,2.305405408959309739e+02,-5.570421218872070312e-01,1.000000000000000000e+00
3.670000000000000284e+01,2.305929007734908112e+02,-5.792140960693359375e-01,1.000000000000000000e+00
3.670833333333333570e+01,2.306452606510506484e+02,-6.009901165962219238e-01,1.000000000000000000e+00
3.671666666666666146e+01,2.306976205286104573e+02,-6.223573088645935059e-01,1.000000000000000000e+00
3.672500000000000142e+01,2.307499804061702946e+02,-6.433038115501403809e-01,1.000000000000000000e+00
3.673333333333333428e+01,2.308023402837301319e+02,-6.638183593750000000e-01,1.000000000000000000e+00
3.674166666666666003e+01,2.308547001612899408e+02,-6.838912367820739746e-01,9.999999403953552246e-01
3.675000000000000000e+01,2.309070600388497780e+02,-7.035138010978698730e-01,1.000000000000000000e+00
3.675833333333333286e+01,2.309594199164096153e+02,-7.226790785789489746e-01,9.999999403953552246e-01
3.676666666666666572e+01,2.310117797939694526e+02,-7.413818240165710449e-01,1.000000000000000000e+00
3.677499999999999858e+01,2.310641396715292615e+02,-7.596189379692077637e-01,1.000000000000000000e+00
3.678333333333333144e+01,2.311164995490890988e+02,-7.773902416229248047e-01,1.000000000000000000e+00
3.679166666666666430e+01,2.311688594266489361e+02,-7.946984171867370605e-01,1.000000000000000000e+00
3.679999999999999716e+01,2.312212193042087733e+02,-8.115486502647399902e-01,1.000000000000000000e+00
3.680833333333333002e+01,2.312735791817685822e+02,-8.279477357864379883e-01,1.000000000000000000e+00
3.681666666666666288e+01,2.313259390593284195e+02,-8.438976407051086426e-01,1.000000000000000000e+00
3.682499999999999574e+01,2.313782989368882568e+02,-8.593787550926208496e-01,1.000000000000000000e+00
3.683333333333333570e+01,2.314306588144480941e+02,-8.743078112602233887e-01,9.999999403953552246e-01
3.684166666666666146e+01,2.314830186920079029e+02,-8.884643912315368652e-01,9.999998807907104492e-01
3.685000000000000142e+01,2.315353785695677402e+02,-9.015052914619445801e-01,1.000000000000000000e+00
3.685833333333333428e+01,2.315877384471275775e+02,-9.131593704223632812e-01,1.000000119209289551e+00
3.686666666666666714e+01,2.316400983246874148e+02,-9.233791232109069824e-01,1.000000000000000000e+00
3.687500000000000000e+01,2.316924582022472237e+02,-9.323162436485290527e-01,1.000000000000000000e+00
3.688333333333333286e+01,2.317448180798070609e+02,-9.402071237564086914e-01,9.999999403953552246e-01
3.689166666666666572e+01,2.317971779573668982e+02,-9.472724795341491699e-01,9.999999403953552246e-01
3.689999999999999858e+01,2.318495378349267355e+02,-9.536687731742858887e-01,9.999999403953552246e-01
3.690833333333333144e+01,2.319018977124865444e+02,-9.594808816909790039e-01,9.999999403953552246e-01
3.691666666666666430e+01,2.319542575900463817e+02,-9.647367596626281738e-01,1.000000000000000000e+00
3.692499999999999716e+01,2.320066174676062190e+02,-9.694277048110961914e-01,9.999999403953552246e-01
3.693333333333333002e+01,2.320589773451660278e+02,-9.735277295112609863e-01,1.000000000000000000e+00
3.694166666666666288e+01,2.321113372227258651e+02,-9.770084619522094727e-01,1.000000000000000000e+00
3.694999999999999574e+01,2.321636971002857024e+02,-9.798507690429687500e-01,1.000000000000000000e+00
3.695833333333333570e+01,2.322160569778455397e+02,-9.820537567138671875e-01,1.000000000000000000e+00
3.696666666666666146e+01,2.322684168554053485e+02,-9.836420416831970215e-01,9.999998807907104492e-01
3.697499999999999432e+01,2.323207767329651858e+02,-9.846711158752441406e-01,9.999999403953552246e-01
3.698333333333333428e+01,2.323731366105250231e+02,-9.852306246757507324e-01,1.000000000000000000e+00
3.699166666666666714e+01,2.324254964880848604e+02,-9.854465723037719727e-01,1.000000119209289551e+00
3.700000000000000000e+01,2.324778563656446693e+02,-9.854783415794372559e-01,1.000000119209289551e+00
3.700833333333333286e+01,2.325302162432045066e+02,-9.855108261108398438e-01,1.000000000000000000e+00
3.701666666666666572e+01,2.325825761207643438e+02,-9.857351183891296387e-01,1.000000000000000000e+00
3.702499999999999858e+01,2.326349359983241811e+02,-9.863126873970031738e-01,9.999999403953552246e-01
3.703333333333333144e+01,2.326872958758839900e+02,-9.873153567314147949e-01,1.000000000000000000e+00
3.704166666666666430e+01,2.327396557534438273e+02,-9.886392951011657715e-01,9.999999403953552246e-01
3.704999999999999716e+01,2.327920156310036646e+02,-9.898918271064758301e-01,9.999999403953552246e-01
3.705833333333333712e+01,2.328443755085635019e+02,-9.902707934379577637e-01,9.999999403953552246e-01
3.706666666666666288e+01,2.328967353861233107e+02,-9.884504675865173340e-01,9.999998807907104492e-01
3.707499999999999574e+01,2.329490952636831480e+02,-9.825010299682617188e-01,9.999999403953552246e-01
3.708333333333333570e+01,2.330014551412429853e+02,-9.698486328125000000e-01,9.999999403953552246e-01
3.709166666666666856e+01,2.330538150188028226e+02,-9.472649693489074707e-01,1.000000000000000000e+00
3.709999999999999432e+01,2.331061748963626314e+02,-9.108894467353820801e-01,1.000000000000000000e+00
3.710833333333333428e+01,2.331585347739224687e+02,-8.563926815986633301e-01,1.000000000000000000e+00
3.711666666666666714e+01,2.332108946514823060e+02,-7.797493338584899902e-01,9.999999403953552246e-01
3.712499999999999289e+01,2.332632545290421149e+02,-6.798523068428039551e-01,9.999999403953552246e-01
3.713333333333333286e+01,2.333156144066019522e+02,-5.648500919342041016e-01,9.999999403953552246e-01
3.714166666666666572e+01,2.333679742841617895e+02,-4.609253108501434326e-01,1.000000000000000000e+00
3.714999999999999858e+01,2.334203341617216267e+02,-4.091583192348480225e-01,1.000000000000000000e+00
3.715833333333333144e+01,2.334726940392814356e+02,-4.321703612804412842e-01,1.000000000000000000e+00
3.716666666666666430e+01,2.335250539168412729e+02,-5.088867545127868652e-01,1.000000000000000000e+00
3.717499999999999716e+01,2.335774137944011102e+02,-6.197538375854492188e-01,1.000000000000000000e+00
3.718333333333333002e+01,2.336297736719609475e+02,-7.544590830802917480e-01,9.999998807907104492e-01
3.719166666666666288e+01,2.336821335495207563e+02,-8.072367906570434570e-01,9.999999403953552246e-01
3.719999999999999574e+01,2.337344934270805936e+02,-7.167162895202636719e-01,1.000000000000000000e+00
3.720833333333333570e+01,2.337868533046404309e+02,-5.893067717552185059e-01,9.999999403953552246e-01
3.721666666666666856e+01,2.338392131822002682e+02,-6.031878590583801270e-01,1.000000000000000000e+00
3.722499999999999432e+01,2.338915730597600771e+02,-7.219545245170593262e-01,1.000000000000000000e+00
3.723333333333333428e+01,2.339439329373199143e+02,-7.403111457824707031e-01,1.000000000000000000e+00
3.724166666666666714e+01,2.339962928148797516e+02,-7.262095212936401367e-01,1.000000000000000000e+00
3.725000000000000000e+01,2.340486526924395889e+02,-7.090032100677490234e-01,1.000000000000000000e+00
3.725833333333333286e+01,2.341010125699993978e+02,-6.911286711692810059e-01,1.000000000000000000e+00
3.726666666666666572e+01,2.341533724475592351e+02,-6.728030443191528320e-01,9.999999403953552246e-01
3.727499999999999858e+01,2.342057323251190724e+02,-6.539999246597290039e-01,1.000000000000000000e+00
3.728333333333333144e+01,2.342580922026789096e+02,-6.347308158874511719e-01,1.000000000000000000e+00
3.729166666666666430e+01,2.343104520802387185e+02,-6.150110960006713867e-01,9.999998807907104492e-01
3.729999999999999716e+01,2.343628119577985558e+02,-5.948576927185058594e-01,1.000000000000000000e+00
3.730833333333333002e+01,2.344151718353583931e+02,-5.742875337600708008e-01,1.000000000000000000e+00
3.731666666666666288e+01,2.344675317129182019e+02,-5.533171892166137695e-01,1.000000000000000000e+00
3.732499999999999574e+01,2.345198915904780392e+02,-5.319634675979614258e-01,1.000000000000000000e+00
3.733333333333332860e+01,2.345722514680378765e+02,-5.102425813674926758e-01,1.000000000000000000e+00
3.734166666666666856e+01,2.346246113455977138e+02,-4.881707131862640381e-01,9.999999403953552246e-01
3.734999999999999432e+01,2.346769712231575227e+02,-4.657643437385559082e-01,9.999999403953552246e-01
3.735833333333333428e+01,2.347293311007173600e+02,-4.430395066738128662e-01,1.000000000000000000e+00
3.736666666666666714e+01,2.347816909782771972e+02,-4.200123846530914307e-01,1.000000000000000000e+00
3.737500000000000000e+01,2.348340508558370345e+02,-3.966994285583496094e-01,9.999999403953552246e-01
3.738333333333333286e+01,2.348864107333968434e+02,-3.731164932250976562e-01,1.000000000000000000e+00
3.739166666666666572e+01,2.349387706109566807e+02,-3.492801189422607422e-01,1.000000000000000000e+00
3.739999999999999858e+01,2.349911304885165180e+02,-3.252064287662506104e-01,1.000000000000000000e+00
3.740833333333333144e+01,2.350434903660763553e+02,-3.009118735790252686e-01,9.999999403953552246e-01
3.741666666666666430e+01,2.350958502436361641e+02,-2.764127850532531738e-01,1.000000000000000000e+00
3.742499999999999716e+01,2.351482101211960014e+02,-2.517255842685699463e-01,9.999999403953552246e-01
3.743333333333333002e+01,2.352005699987558387e+02,-2.268667668104171753e-01,1.000000000000000000e+00
3.744166666666666998e+01,2.352529298763156760e+02,-2.018529027700424194e-01,9.999999403953552246e-01
3.744999999999999574e+01,2.353052897538754848e+02,-1.767004132270812988e-01,9.999999403953552246e-01
3.745833333333332860e+01,2.353576496314353221e+02,-1.514259874820709229e-01,9.999999403953552246e-01
3.746666666666666856e+01,2.354100095089951594e+02,-1.260462105274200439e-01,1.000000000000000000e+00
3.747500000000000142e+01,2.354623693865549967e+02,-1.005776673555374146e-01,9.999999403953552246e-01
3.748333333333332718e+01,2.355147292641148056e+02,-7.503701746463775635e-02,9.999999403953552246e-01
3.749166666666666714e+01,2.355670891416746429e+02,-4.944093152880668640e-02,9.999999403953552246e-01
3.750000000000000000e+01,2.356194490192344801e+02,-2.380601130425930023e-02,1.000000000000000000e+00
3.750833333333333286e+01,2.356718088967942890e+02,1.851074979640543461e-03,9.999999403953552246e-01
3.751666666666666572e+01,2.357241687743541263e+02,2.751373685896396637e-02,9.999999403953552246e-01
3.752499999999999858e+01,2.357765286519139636e+02,5.316535755991935730e-02,9.999999403953552246e-01
3.753333333333333144e+01,2.358288885294738009e+02,7.878941297531127930e-02,9.999999403953552246e-01
3.754166666666666430e+01,2.358812484070336097e+02,1.043694019317626953e-01,9.999999403953552246e-01
3.754999999999999716e+01,2.359336082845934470e+02,1.298888623714447021e-01,9.999999403953552246e-01
3.755833333333333002e+01,2.359859681621532843e+02,1.553314030170440674e-01,9.999999403953552246e-01
3.756666666666666998e+01,2.360383280397131216e+02,1.806807518005371094e-01,9.999999403953552246e-01
3.757499999999999574e+01,2.360906879172729305e+02,2.059206962585449219e-01,9.999999403953552246e-01
3.758333333333332860e+01,2.361430477948327677e+02,2.310350388288497925e-01,1.000000000000000000e+00
3.759166666666666856e+01,2.361954076723926050e+02,2.560078799724578857e-01,1.000000000000000000e+00
3.760000000000000142e+01,2.362477675499524423e+02,2.808233499526977539e-01,9.999999403953552246e-01
3.760833333333332718e+01,2.363001274275122512e+02,3.054656684398651123e-01,1.000000000000000000e+00
3.761666666666666714e+01,2.363524873050720885e+02,3.299193382263183594e-01,9.999999403953552246e-01
3.762500000000000000e+01,2.364048471826319258e+02,3.541688919067382812e-01,1.000000000000000000e+00
3.763333333333333286e+01,2.364572070601917630e+02,3.781991899013519287e-01,1.000000000000000000e+00
3.764166666666666572e+01,2.365095669377515719e+02,4.019952714443206787e-01,1.000000000000000000e+00
3.764999999999999858e+01,2.365619268153114092e+02,4.255424439907073975e-01,9.999999403953552246e-01
3.765833333333333144e+01,2.366142866928712465e+02,4.488262236118316650e-01,9.999999403953552246e-01
3.766666666666666430e+01,2.366666465704310838e+02,4.718325734138488770e-01,1.000000000000000000e+00
3.767499999999999716e+01,2.367190064479908926e+02,4.945474565029144287e-01,9.999999403953552246e-01
3.768333333333333002e+01,2.367713663255507299e+02,5.169577598571777344e-01,1.000000000000000000e+00
3.769166666666666288e+01,2.368237262031105672e+02,5.390504002571105957e-01,1.000000000000000000e+00
3.770000000000000284e+01,2.368760860806704045e+02,5.608129501342773438e-01,9.999999403953552246e-01
3.770833333333332860e+01,2.369284459582302134e+02,5.822336673736572266e-01,1.000000000000000000e+00
3.771666666666666856e+01,2.369808058357900507e+02,6.033014655113220215e-01,1.000000000000000000e+00
3.772500000000000142e+01,2.370331657133498879e+02,6.240060329437255859e-01,1.000000000000000000e+00
3.773333333333332718e+01,2.370855255909096968e+02,6.443382501602172852e-01,1.000000000000000000e+00
3.774166666666666714e+01,2.371378854684695341e+02,6.642899513244628906e-01,1.000000000000000000e+00
3.775000000000000000e+01,2.371902453460293714e+02,6.838549971580505371e-01,1.000000000000000000e+00
3.775833333333333286e+01,2.372426052235892087e+02,7.030283808708190918e-01,1.000000119209289551e+00
3.776666666666666572e+01,2.372949651011490175e+02,7.218084335327148438e-01,1.000000000000000000e+00
3.777499999999999858e+01,2.373473249787088548e+02,7.401954531669616699e-01,1.000000000000000000e+00
3.778333333333333144e+01,2.373996848562686921e+02,7.581932544708251953e-01,1.000000000000000000e+00
3.779166666666666430e+01,2.374520447338285294e+02,7.758100032806396484e-01,9.999999403953552246e-01
3.779999999999999716e+01,2.375044046113883383e+02,7.930564880371093750e-01,1.000000000000000000e+00
3.780833333333333002e+01,2.375567644889481755e+02,8.099431991577148438e-01,1.000000000000000000e+00
3.781666666666666288e+01,2.376091243665080128e+02,8.264679908752441406e-01,1.000000000000000000e+00
3.782500000000000284e+01,2.376614842440678501e+02,8.425806164741516113e-01,1.000000000000000000e+00
3.783333333333332860e+01,2.377138441216276590e+02,8.581039309501647949e-01,1.000000000000000000e+00
3.784166666666666146e+01,2.377662039991874963e+02,8.726806640625000000e-01,1.000000000000000000e+00
3.785000000000000142e+01,2.378185638767473336e+02,8.859327435493469238e-01,9.999998807907104492e-01
3.785833333333333428e+01,2.378709237543071708e+02,8.976910710334777832e-01,1.000000000000000000e+00
3.786666666666666714e+01,2.379232836318669797e+02,9.080408215522766113e-01,1.000000000000000000e+00
3.787500000000000000e+01,2.379756435094268170e+02,9.172139167785644531e-01,1.000000000000000000e+00
3.788333333333333286e+01,2.380280033869866543e+02,9.254615902900695801e-01,1.000000000000000000e+00
3.789166666666666572e+01,2.380803632645464916e+02,9.329800605773925781e-01,9.999998807907104492e-01
3.789999999999999858e+01,2.381327231421063004e+02,9.398860335350036621e-01,1.000000000000000000e+00
3.790833333333333144e+01,2.381850830196661377e+02,9.462256431579589844e-01,1.000000000000000000e+00
3.791666666666666430e+01,2.382374428972259750e+02,9.519950747489929199e-01,9.999999403953552246e-01
3.792499999999999716e+01,2.382898027747857839e+02,9.571619033813476562e-01,9.999999403953552246e-01
3.793333333333333002e+01,2.383421626523456212e+02,9.616823196411132812e-01,1.000000000000000000e+00
3.794166666666666288e+01,2.383945225299054584e+02,9.655160903930664062e-01,1.000000000000000000e+00
3.795000000000000284e+01,2.384468824074652957e+02,9.686372876167297363e-01,1.000000000000000000e+00
3.795833333333332860e+01,2.384992422850251046e+02,9.710442423820495605e-01,1.000000000000000000e+00
3.796666666666666146e+01,2.385516021625849419e+02,9.727668762207031250e-01,1.000000000000000000e+00
3.797500000000000142e+01,2.386039620401447792e+02,9.738712310791015625e-01,9.999999403953552246e-01
3.798333333333333428e+01,2.386563219177046165e+02,9.744632840156555176e-01,1.000000119209289551e+00
3.799166666666666003e+01,2.387086817952644253e+02,9.746872186660766602e-01,1.000000000000000000e+00
3.800000000000000000e+01,2.387610416728242626e+02,9.747194647789001465e-01,1.000000000000000000e+00
3.800833333333333286e+01,2.388134015503840999e+02,9.747501611709594727e-01,1.000000000000000000e+00
3.801666666666666572e+01,2.388657614279439372e+02,9.749498367309570312e-01,1.000000000000000000e+00
3.802499999999999858e+01,2.389181213055037460e+02,9.754118919372558594e-01,1.000000119209289551e+00
3.803333333333333144e+01,2.389704811830635833e+02,9.760673642158508301e-01,9.999999403953552246e-01
3.804166666666666430e+01,2.390228410606234206e+02,9.765742421150207520e-01,9.999999403953552246e-01
3.804999999999999716e+01,2.390752009381832579e+02,9.761964678764343262e-01,9.999999403953552246e-01
3.805833333333333002e+01,2.391275608157430668e+02,9.736986160278320312e-01,1.000000000000000000e+00
3.806666666666666288e+01,2.391799206933029041e+02,9.672843813896179199e-01,1.000000000000000000e+00
3.807500000000000284e+01,2.392322805708627413e+02,9.546042680740356445e-01,1.000000000000000000e+00
3.808333333333333570e+01,2.392846404484225786e+02,9.328308105468750000e-01,9.999999403953552246e-01
3.809166666666666146e+01,2.393370003259823875e+02,8.988019824028015137e-01,1.000000000000000000e+00
3.810000000000000142e+01,2.393893602035422248e+02,8.492881655693054199e-01,1.000000000000000000e+00
3.810833333333333428e+01,2.394417200811020621e+02,7.816654443740844727e-01,1.000000000000000000e+00
3.811666666666666003e+01,2.394940799586618709e+02,6.957923173904418945e-01,9.999999403953552246e-01
3.812500000000000000e+01,2.395464398362217082e+02,5.984365344047546387e-01,9.999999403953552246e-01
3.813333333333333286e+01,2.395987997137815455e+02,5.100178122520446777e-01,1.000000000000000000e+00
3.814166666666666572e+01,2.396511595913413828e+02,4.642351567745208740e-01,9.999999403953552246e-01
3.814999999999999858e+01,2.397035194689011917e+02,4.827627837657928467e-01,1.000000000000000000e+00
3.815833333333333144e+01,2.397558793464610289e+02,5.482251048088073730e-01,1.000000000000000000e+00
3.816666666666666430e+01,2.398082392240208662e+02,6.393481492996215820e-01,1.000000000000000000e+00
3.817499999999999716e+01,2.398605991015807035e+02,7.527289390563964844e-01,9.999999403953552246e-01
3.818333333333333002e+01,2.399129589791405124e+02,8.084516525268554688e-01,1.000000000000000000e+00
3.819166666666666288e+01,2.399653188567003497e+02,7.296868562698364258e-01,9.999998807907104492e-01
3.819999999999999574e+01,2.400176787342601870e+02,5.932162404060363770e-01,1.000000000000000000e+00
3.820833333333333570e+01,2.400700386118200242e+02,5.386471152305603027e-01,9.999999403953552246e-01
3.821666666666666146e+01,2.401223984893798331e+02,6.953318715095520020e-01,1.000000000000000000e+00
3.822500000000000142e+01,2.401747583669396704e+02,7.692354917526245117e-01,1.000000000000000000e+00
3.823333333333333428e+01,2.402271182444995077e+02,7.627236247062683105e-01,9.999999403953552246e-01
3.824166666666666714e+01,2.402794781220593450e+02,7.466008067131042480e-01,9.999999403953552246e-01
3.825000000000000000e+01,2.403318379996191538e+02,7.292332649230957031e-01,1.000000000000000000e+00
3.825833333333333286e+01,2.403841978771789911e+02,7.114012241363525391e-01,1.000000000000000000e+00
3.826666666666666572e+01,2.404365577547388284e+02,6.930291056632995605e-01,9.999999403953552246e-01
3.827499999999999858e+01,2.404889176322986657e+02,6.741271018981933594e-01,1.000000000000000000e+00
3.828333333333333144e+01,2.405412775098584746e+02,6.547095179557800293e-01,1.000000000000000000e+00
3.829166666666666430e+01,2.405936373874183118e+02,6.347928047180175781e-01,1.000000000000000000e+00
3.829999999999999716e+01,2.406459972649781491e+02,6.143938899040222168e-01,9.999999403953552246e-01
3.830833333333333002e+01,2.406983571425379580e+02,5.935297012329101562e-01,1.000000119209289551e+00
3.831666666666666288e+01,2.407507170200977953e+02,5.722169280052185059e-01,1.000000000000000000e+00
3.832499999999999574e+01,2.408030768976576326e+02,5.504723787307739258e-01,1.000000000000000000e+00
3.833333333333333570e+01,2.408554367752174699e+02,5.283128619194030762e-01,9.999999403953552246e-01
3.834166666666666146e+01,2.409077966527772787e+02,5.057556033134460449e-01,9.999999403953552246e-01
3.834999999999999432e+01,2.409601565303371160e+02,4.828175604343414307e-01,9.999999403953552246e-01
3.835833333333333428e+01,2.410125164078969533e+02,4.595162570476531982e-01,9.999998807907104492e-01
3.836666666666666714e+01,2.410648762854567906e+02,4.358689486980438232e-01,1.000000000000000000e+00
3.837500000000000000e+01,2.411172361630165994e+02,4.118933677673339844e-01,1.000000000000000000e+00
3.838333333333333286e+01,2.411695960405764367e+02,3.876074254512786865e-01,1.000000000000000000e+00
3.839166666666666572e+01,2.412219559181362740e+02,3.630290031433105469e-01,9.999999403953552246e-01
3.839999999999999858e+01,2.412743157956961113e+02,3.381763398647308350e-01,9.999999403953552246e-01
3.840833333333333144e+01,2.413266756732559202e+02,3.130677342414855957e-01,9.999999403953552246e-01
3.841666666666666430e+01,2.413790355508157575e+02,2.877216935157775879e-01,1.000000000000000000e+00
3.842499999999999716e+01,2.414313954283755947e+02,2.621568143367767334e-01,1.000000000000000000e+00
3.843333333333333002e+01,2.414837553059354320e+02,2.363919764757156372e-01,9.999999403953552246e-01
3.844166666666666288e+01,2.415361151834952409e+02,2.104460746049880981e-01,1.000000000000000000e+00
3.844999999999999574e+01,2.415884750610550782e+02,1.843380928039550781e-01,1.000000000000000000e+00
3.845833333333333570e+01,2.416408349386149155e+02,1.580872386693954468e-01,9.999999403953552246e-01
3.846666666666666856e+01,2.416931948161747528e+02,1.317127048969268799e-01,9.999999403953552246e-01
3.847499999999999432e+01,2.417455546937345616e+02,1.052338406443595886e-01,9.999999403953552246e-01
3.848333333333333428e+01,2.417979145712943989e+02,7.867000252008438110e-02,1.000000000000000000e+00
3.849166666666666714e+01,2.418502744488542362e+02,5.204064771533012390e-02,9.999999403953552246e-01
3.849999999999999289e+01,2.419026343264140451e+02,2.536520361900329590e-02,1.000000000000000000e+00
3.850833333333333286e+01,2.419549942039738823e+02,-1.336818444542586803e-03,1.000000000000000000e+00
3.851666666666666572e+01,2.420073540815337196e+02,-2.804594673216342926e-02,1.000000000000000000e+00
3.852499999999999858e+01,2.420597139590935569e+02,-5.474272370338439941e-02,1.000000000000000000e+00
3.853333333333333144e+01,2.421120738366533658e+02,-8.140771836042404175e-02,1.000000000000000000e+00
3.854166666666666430e+01,2.421644337142132031e+02,-1.080215573310852051e-01,1.000000000000000000e+00
3.854999999999999716e+01,2.422167935917730404e+02,-1.345649361610412598e-01,1.000000000000000000e+00
3.855833333333333002e+01,2.422691534693328776e+02,-1.610186398029327393e-01,9.999999403953552246e-01
3.856666666666666288e+01,2.423215133468926865e+02,-1.873634904623031616e-01,9.999999403953552246e-01
3.857499999999999574e+01,2.423738732244525238e+02,-2.135806083679199219e-01,1.000000000000000000e+00
3.858333333333332860e+01,2.424262331020123611e+02,-2.396510690450668335e-01,1.000000000000000000e+00
3.859166666666666856e+01,2.424785929795721984e+02,-2.655561566352844238e-01,1.000000000000000000e+00
3.859999999999999432e+01,2.425309528571320072e+02,-2.912774682044982910e-01,1.000000000000000000e+00
3.860833333333333428e+01,2.425833127346918445e+02,-3.167966604232788086e-01,1.000000000000000000e+00
3.861666666666666714e+01,2.426356726122516818e+02,-3.420956730842590332e-01,1.000000000000000000e+00
3.862500000000000000e+01,2.426880324898115191e+02,-3.671567440032958984e-01,1.000000000000000000e+00
3.863333333333333286e+01,2.427403923673713280e+02,-3.919622302055358887e-01,1.000000000000000000e+00
3.864166666666666572e+01,2.427927522449311653e+02,-4.164949357509613037e-01,1.000000119209289551e+00
3.864999999999999858e+01,2.428451121224910025e+02,-4.407379627227783203e-01,9.999999403953552246e-01
3.865833333333333144e+01,2.428974720000508398e+02,-4.646746814250946045e-01,9.999999403953552246e-01
3.866666666666666430e+01,2.429498318776106487e+02,-4.882889688014984131e-01,9.999999403953552246e-01
3.867499999999999716e+01,2.430021917551704860e+02,-5.115650296211242676e-01,1.000000000000000000e+00
3.868333333333333002e+01,2.430545516327303233e+02,-5.344877243041992188e-01,1.000000000000000000e+00
3.869166666666666998e+01,2.431069115102901605e+02,-5.570421218872070312e-01,1.000000000000000000e+00
3.869999999999999574e+01,2.431592713878499694e+02,-5.792140960693359375e-01,9.999999403953552246e-01
3.870833333333332860e+01,2.432116312654098067e+02,-6.009900569915771484e-01,1.000000000000000000e+00
3.871666666666666856e+01,2.432639911429696440e+02,-6.223573088645935059e-01,1.000000000000000000e+00
3.872499999999999432e+01,2.433163510205294529e+02,-6.433038115501403809e-01,1.000000000000000000e+00
3.873333333333332718e+01,2.433687108980892901e+02,-6.638184785842895508e-01,1.000000000000000000e+00
3.874166666666666714e+01,2.434210707756491274e+02,-6.838912367820739746e-01,9.999999403953552246e-01
3.875000000000000000e+01,2.434734306532089647e+02,-7.035138607025146484e-01,1.000000000000000000e+00
3.875833333333333286e+01,2.435257905307687736e+02,-7.226790189743041992e-01,9.999999403953552246e-01
3.876666666666666572e+01,2.435781504083286109e+02,-7.413817644119262695e-01,1.000000000000000000e+00
3.877499999999999858e+01,2.436305102858884482e+02,-7.596189379692077637e-01,1.000000000000000000e+00
3.878333333333333144e+01,2.436828701634482854e+02,-7.773901820182800293e-01,1.000000000000000000e+00
3.879166666666666430e+01,2.437352300410080943e+02,-7.946984171867370605e-01,1.000000000000000000e+00
3.879999999999999716e+01,2.437875899185679316e+02,-8.115487098693847656e-01,1.000000000000000000e+00
3.880833333333333002e+01,2.438399497961277689e+02,-8.279477357864379883e-01,1.000000000000000000e+00
3.881666666666666998e+01,2.438923096736876062e+02,-8.438974618911743164e-01,1.000000000000000000e+00
3.882499999999999574e+01,2.439446695512474150e+02,-8.593789339065551758e-01,1.000000000000000000e+00
3.883333333333332860e+01,2.439970294288072523e+02,-8.743078112602233887e-01,9.999999403953552246e-01
3.884166666666666856e+01,2.440493893063670896e+02,-8.884643912315368652e-01,9.999998807907104492e-01
3.885000000000000142e+01,2.441017491839269269e+02,-9.015052914619445801e-01,1.000000000000000000e+00
3.885833333333332718e+01,2.441541090614867358e+02,-9.131594896316528320e-01,1.000000000000000000e+00
3.886666666666666714e+01,2.442064689390465730e+02,-9.233791232109069824e-01,1.000000000000000000e+00
3.887500000000000000e+01,2.442588288166064103e+02,-9.323163032531738281e-01,9.999999403953552246e-01
3.888333333333333286e+01,2.443111886941662476e+02,-9.402071237564086914e-01,1.000000000000000000e+00
3.889166666666666572e+01,2.443635485717260565e+02,-9.472725987434387207e-01,1.000000000000000000e+00
3.889999999999999858e+01,2.444159084492858938e+02,-9.536687731742858887e-01,1.000000000000000000e+00
3.890833333333333144e+01,2.444682683268457311e+02,-9.594808816909790039e-01,1.000000000000000000e+00
3.891666666666666430e+01,2.445206282044055399e+02,-9.647367596626281738e-01,1.000000000000000000e+00
3.892499999999999716e+01,2.445729880819653772e+02,-9.694277048110961914e-01,1.000000000000000000e+00
3.893333333333333002e+01,2.446253479595252145e+02,-9.735277295112609863e-01,9.999999403953552246e-01
3.894166666666666288e+01,2.446777078370850518e+02,-9.770085215568542480e-01,9.999999403953552246e-01
3.894999999999999574e+01,2.447300677146448606e+02,-9.798507690429687500e-01,1.000000000000000000e+00
3.895833333333332860e+01,2.447824275922046979e+02,-9.820537567138671875e-01,9.999999403953552246e-01
3.896666666666666856e+01,2.448347874697645352e+02,-9.836419224739074707e-01,1.000000000000000000e+00
3.897500000000000142e+01,2.448871473473243725e+02,-9.846710562705993652e-01,1.000000000000000000e+00
3.898333333333332718e+01,2.449395072248841814e+02,-9.852306246757507324e-01,1.000000119209289551e+00
3.899166666666666714e+01,2.449918671024440187e+02,-9.854464530944824219e-01,1.000000000000000000e+00
3.900000000000000000e+01,2.450442269800038559e+02,-9.854782223701477051e-01,1.000000000000000000e+00
3.900833333333333286e+01,2.450965868575636932e+02,-9.855106472969055176e-01,1.000000000000000000e+00
3.901666666666666572e+01,2.451489467351235021e+02,-9.857351183891296387e-01,1.000000000000000000e+00
3.902499999999999858e+01,2.452013066126833394e+02,-9.863126873970031738e-01,1.000000000000000000e+00
3.903333333333333144e+01,2.452536664902431767e+02,-9.873153567314147949e-01,1.000000000000000000e+00
3.904166666666666430e+01,2.453060263678030140e+02,-9.886390566825866699e-01,9.999999403953552246e-01
3.904999999999999716e+01,2.453583862453628228e+02,-9.898919463157653809e-01,1.000000000000000000e+00
3.905833333333333002e+01,2.454107461229226601e+02,-9.902707934379577637e-01,1.000000000000000000e+00
3.906666666666666288e+01,2.454631060004824974e+02,-9.884504675865173340e-01,1.000000000000000000e+00
3.907500000000000284e+01,2.455154658780423347e+02,-9.825011491775512695e-01,1.000000000000000000e+00
3.908333333333332860e+01,2.455678257556021435e+02,-9.698486328125000000e-01,1.000000000000000000e+00
3.909166666666666146e+01,2.456201856331619808e+02,-9.472648501396179199e-01,1.000000000000000000e+00
3.910000000000000142e+01,2.456725455107218181e+02,-9.108892679214477539e-01,1.000000000000000000e+00
3.910833333333332718e+01,2.457249053882816270e+02,-8.563925027847290039e-01,1.000000000000000000e+00
3.911666666666666714e+01,2.457772652658414643e+02,-7.797490954399108887e-01,1.000000000000000000e+00
3.912500000000000000e+01,2.458296251434013016e+02,-6.798521280288696289e-01,1.000000000000000000e+00
3.913333333333333286e+01,2.458819850209611388e+02,-5.648500919342041016e-01,1.000000000000000000e+00
3.914166666666666572e+01,2.459343448985209477e+02,-4.609252512454986572e-01,1.000000000000000000e+00
3.914999999999999858e+01,2.459867047760807850e+02,-4.091581404209136963e-01,1.000000000000000000e+00
3.915833333333333144e+01,2.460390646536406223e+02,-4.321699142456054688e-01,1.000000000000000000e+00
3.916666666666666430e+01,2.460914245312004596e+02,-5.088862776756286621e-01,1.000000000000000000e+00
3.917499999999999716e+01,2.461437844087602684e+02,-6.197536587715148926e-01,9.999999403953552246e-01
3.918333333333333002e+01,2.461961442863201057e+02,-7.544595599174499512e-01,1.000000000000000000e+00
3.919166666666666288e+01,2.462485041638799430e+02,-8.072372674942016602e-01,1.000000000000000000e+00
3.920000000000000284e+01,2.463008640414397803e+02,-7.167155146598815918e-01,1.000000000000000000e+00
3.920833333333332860e+01,2.463532239189995892e+02,-5.893039107322692871e-01,1.000000000000000000e+00
3.921666666666666146e+01,2.464055837965594264e+02,-6.031852364540100098e-01,1.000000000000000000e+00
3.922500000000000142e+01,2.464579436741192637e+02,-7.219540476799011230e-01,9.999999403953552246e-01
3.923333333333333428e+01,2.465103035516791010e+02,-7.403111457824707031e-01,1.000000000000000000e+00
3.924166666666666003e+01,2.465626634292389099e+02,-7.262094616889953613e-01,1.000000000000000000e+00
3.925000000000000000e+01,2.466150233067987472e+02,-7.090031504631042480e-01,9.999999403953552246e-01
3.925833333333333286e+01,2.466673831843585845e+02,-6.911286711692810059e-01,1.000000000000000000e+00
3.926666666666666572e+01,2.467197430619184217e+02,-6.728030443191528320e-01,9.999999403953552246e-01
3.927499999999999858e+01,2.467721029394782306e+02,-6.539999246597290039e-01,1.000000000000000000e+00
3.928333333333333144e+01,2.468244628170380679e+02,-6.347308158874511719e-01,1.000000000000000000e+00
3.929166666666666430e+01,2.468768226945979052e+02,-6.150111556053161621e-01,1.000000000000000000e+00
3.929999999999999716e+01,2.469291825721577140e+02,-5.948576927185058594e-01,9.999999403953552246e-01
3.930833333333333002e+01,2.469815424497175513e+02,-5.742875337600708008e-01,1.000000000000000000e+00
3.931666666666666288e+01,2.470339023272773886e+02,-5.533172488212585449e-01,1.000000000000000000e+00
3.932500000000000284e+01,2.470862622048372259e+02,-5.319633483886718750e-01,1.000000119209289551e+00
3.933333333333332860e+01,2.471386220823970348e+02,-5.102424621582031250e-01,1.000000000000000000e+00
3.934166666666666146e+01,2.471909819599568721e+02,-4.881707727909088135e-01,1.000000000000000000e+00
3.935000000000000142e+01,2.472433418375167093e+02,-4.657643437385559082e-01,9.999999403953552246e-01
3.935833333333333428e+01,2.472957017150765466e+02,-4.430394172668457031e-01,1.000000000000000000e+00
3.936666666666666003e+01,2.473480615926363555e+02,-4.200124740600585938e-01,1.000000000000000000e+00
3.937500000000000000e+01,2.474004214701961928e+02,-3.966993689537048340e-01,9.999999403953552246e-01
3.938333333333333286e+01,2.474527813477560301e+02,-3.731164932250976562e-01,1.000000000000000000e+00
3.939166666666666572e+01,2.475051412253158674e+02,-3.492800295352935791e-01,1.000000000000000000e+00
3.939999999999999858e+01,2.475575011028756762e+02,-3.252064287662506104e-01,9.999999403953552246e-01
3.940833333333333144e+01,2.476098609804355135e+02,-3.009118735790252686e-01,9.999999403953552246e-01
3.941666666666666430e+01,2.476622208579953508e+02,-2.764127850532531738e-01,1.000000000000000000e+00
3.942499999999999716e+01,2.477145807355551881e+02,-2.517255842685699463e-01,9.999999403953552246e-01
3.943333333333333002e+01,2.477669406131149969e+02,-2.268667668104171753e-01,1.000000000000000000e+00
3.944166666666666288e+01,2.478193004906748342e+02,-2.018529027700424194e-01,1.000000000000000000e+00
3.944999999999999574e+01,2.478716603682346715e+02,-1.767004132270812988e-01,9.999999403953552246e-01
3.945833333333333570e+01,2.479240202457945088e+02,-1.514260023832321167e-01,1.000000000000000000e+00
3.946666666666666146e+01,2.479763801233543177e+02,-1.260462105274200439e-01,1.000000000000000000e+00
3.947500000000000142e+01,2.480287400009141550e+02,-1.005776524543762207e-01,1.000000000000000000e+00
3.948333333333333428e+01,2.480810998784739922e+02,-7.503702491521835327e-02,1.000000000000000000e+00
3.949166666666666003e+01,2.481334597560338011e+02,-4.944093152880668640e-02,1.000000000000000000e+00
3.950000000000000000e+01,2.481858196335936384e+02,-2.380601502954959869e-02,1.000000000000000000e+00
3.950833333333333286e+01,2.482381795111534757e+02,1.851073699072003365e-03,9.999999403953552246e-01
3.951666666666666572e+01,2.482905393887133130e+02,2.751373685896396637e-02,9.999999403953552246e-01
3.952499999999999858e+01,2.483428992662731218e+02,5.316536501049995422e-02,9.999999403953552246e-01
3.953333333333333144e+01,2.483952591438329591e+02,7.878942787647247314e-02,9.999999403953552246e-01
3.954166666666666430e+01,2.484476190213927964e+02,1.043694019317626953e-01,1.000000000000000000e+00
3.954999999999999716e+01,2.484999788989526337e+02,1.298888772726058960e-01,9.999999403953552246e-01
3.955833333333333002e+01,2.485523387765124426e+02,1.553314030170440674e-01,9.999999403953552246e-01
3.956666666666666288e+01,2.486046986540722799e+02,1.806807368993759155e-01,9.999999403953552246e-01
3.957499999999999574e+01,2.486570585316321171e+02,2.059206515550613403e-01,9.999999403953552246e-01
3.958333333333333570e+01,2.487094184091919544e+02,2.310350388288497925e-01,1.000000000000000000e+00
3.959166666666666146e+01,2.487617782867517633e+02,2.560078799724578857e-01,1.000000000000000000e+00
3.959999999999999432e+01,2.488141381643116006e+02,2.808233201503753662e-01,9.999999403953552246e-01
3.960833333333333428e+01,2.488664980418714379e+02,3.054656684398651123e-01,9.999999403953552246e-01
3.961666666666666714e+01,2.489188579194312751e+02,3.299193382263183594e-01,1.000000000000000000e+00
3.962500000000000000e+01,2.489712177969910840e+02,3.541688621044158936e-01,1.000000119209289551e+00
3.963333333333333286e+01,2.490235776745509213e+02,3.781991899013519287e-01,1.000000000000000000e+00
3.964166666666666572e+01,2.490759375521107586e+02,4.019952714443206787e-01,1.000000000000000000e+00
3.964999999999999858e+01,2.491282974296705959e+02,4.255424439907073975e-01,1.000000000000000000e+00
3.965833333333333144e+01,2.491806573072304047e+02,4.488263130187988281e-01,9.999999403953552246e-01
3.966666666666666430e+01,2.492330171847902420e+02,4.718325138092041016e-01,1.000000000000000000e+00
3.967499999999999716e+01,2.492853770623500793e+02,4.945474565029144287e-01,1.000000000000000000e+00
3.968333333333333712e+01,2.493377369399099166e+02,5.169577598571777344e-01,1.000000000000000000e+00
3.969166666666666288e+01,2.493900968174697255e+02,5.390503406524658203e-01,1.000000000000000000e+00
3.969999999999999574e+01,2.494424566950295628e+02,5.608129501342773438e-01,9.999999403953552246e-01
3.970833333333333570e+01,2.494948165725894000e+02,5.822336673736572266e-01,9.999999403953552246e-01
3.971666666666666146e+01,2.495471764501492089e+02,6.033014655113220215e-01,1.000000000000000000e+00
3.972499999999999432e+01,2.495995363277090462e+02,6.240059733390808105e-01,9.999999403953552246e-01
3.973333333333333428e+01,2.496518962052688835e+02,6.443382501602172852e-01,1.000000000000000000e+00
3.974166666666666714e+01,2.497042560828287208e+02,6.642899513244628906e-01,1.000000000000000000e+00
3.974999999999999289e+01,2.497566159603885296e+02,6.838548779487609863e-01,9.999999403953552246e-01
3.975833333333333286e+01,2.498089758379483669e+02,7.030285000801086426e-01,1.000000000000000000e+00
3.976666666666666572e+01,2.498613357155082042e+02,7.218084931373596191e-01,9.999999403953552246e-01
3.977499999999999858e+01,2.499136955930680415e+02,7.401952743530273438e-01,9.999999403953552246e-01
3.978333333333333144e+01,2.499660554706278504e+02,7.581932544708251953e-01,9.999999403953552246e-01
3.979166666666666430e+01,2.500184153481876876e+02,7.758100032806396484e-01,9.999999403953552246e-01
3.979999999999999716e+01,2.500707752257475249e+02,7.930564284324645996e-01,9.999999403953552246e-01
3.980833333333333002e+01,2.501231351033073622e+02,8.099431991577148438e-01,1.000000000000000000e+00
3.981666666666666288e+01,2.501754949808671711e+02,8.264679908752441406e-01,1.000000000000000000e+00
3.982499999999999574e+01,2.502278548584270084e+02,8.425806164741516113e-01,9.999999403953552246e-01
3.983333333333333570e+01,2.502802147359868457e+02,8.581039309501647949e-01,9.999999403953552246e-01
3.984166666666666856e+01,2.503325746135466829e+02,8.726808428764343262e-01,1.000000000000000000e+00
3.984999999999999432e+01,2.503849344911064918e+02,8.859327435493469238e-01,9.999999403953552246e-01
3.985833333333333428e+01,2.504372943686663291e+02,8.976909518241882324e-01,1.000000000000000000e+00
3.986666666666666714e+01,2.504896542462261664e+02,9.080410003662109375e-01,9.999999403953552246e-01
3.987500000000000000e+01,2.505420141237860037e+02,9.172138571739196777e-01,9.999999403953552246e-01
3.988333333333333286e+01,2.505943740013458125e+02,9.254617691040039062e-01,1.000000000000000000e+00
3.989166666666666572e+01,2.506467338789056498e+02,9.329801797866821289e-01,9.999999403953552246e-01
3.989999999999999858e+01,2.506990937564654871e+02,9.398859143257141113e-01,1.000000000000000000e+00
3.990833333333333144e+01,2.507514536340252960e+02,9.462255835533142090e-01,1.000000000000000000e+00
3.991666666666666430e+01,2.508038135115851333e+02,9.519950747489929199e-01,9.999999403953552246e-01
3.992499999999999716e+01,2.508561733891449705e+02,9.571619033813476562e-01,1.000000000000000000e+00
3.993333333333333002e+01,2.509085332667048078e+02,9.616823196411132812e-01,1.000000000000000000e+00
3.994166666666666288e+01,2.509608931442646167e+02,9.655157923698425293e-01,1.000000000000000000e+00
3.994999999999999574e+01,2.510132530218244540e+02,9.686371088027954102e-01,1.000000000000000000e+00
3.995833333333332860e+01,2.510656128993842913e+02,9.710443615913391113e-01,1.000000000000000000e+00
3.996666666666666856e+01,2.511179727769441286e+02,9.727668762207031250e-01,1.000000000000000000e+00
3.997499999999999432e+01,2.511703326545039374e+02,9.738713502883911133e-01,1.000000119209289551e+00
3.998333333333333428e+01,2.512226925320637747e+02,9.744631052017211914e-01,1.000000119209289551e+00
3.999166666666666714e+01,2.512750524096236120e+02,9.746870398521423340e-01,1.000000000000000000e+00
4.000000000000000000e+01,2.513274122871834493e+02,9.747194647789001465e-01,1.000000000000000000e+00
