n,t,mx,z,norm
0.000000000000000000e+00,0.000000000000000000e+00,9.999999999999998890e-01,9.999999999999998890e-01,9.999999999999997780e-01
1.000000000000000000e+00,6.283185307179586232e+00,-9.982438964986463104e-01,9.982438964986463104e-01,9.999999999999139577e-01
2.000000000000000000e+00,1.256637061435917246e+01,9.991828086619135574e-01,9.991828086619135574e-01,1.000000000000017764e+00
3.000000000000000000e+00,1.884955592153875870e+01,-9.993940632219189268e-01,9.993940632219189268e-01,9.999999999999399369e-01
4.000000000000000000e+00,2.513274122871834493e+01,9.978790680905401667e-01,9.978790680905401667e-01,1.000000000000043077e+00
5.000000000000000000e+00,3.141592653589793116e+01,-9.997943152726993521e-01,9.997943152726993521e-01,9.999999999999510392e-01
6.000000000000000000e+00,3.769911184307751739e+01,9.977177335546614234e-01,9.977177335546614234e-01,1.000000000000043743e+00
7.000000000000000000e+00,4.398229715025710362e+01,-9.988368171186645661e-01,9.988368171186645661e-01,9.999999999999342748e-01
8.000000000000000000e+00,5.026548245743668986e+01,9.987146796619303935e-01,9.987146796619303935e-01,1.000000000000019540e+00
9.000000000000000000e+00,5.654866776461627609e+01,-9.975695465410059359e-01,9.975695465410059359e-01,9.999999999999108491e-01
1.000000000000000000e+01,6.283185307179586232e+01,9.995423186257454962e-01,9.995423186257454962e-01,1.000000000000000444e+00
1.100000000000000000e+01,6.911503837897544145e+01,-9.975732714542960844e-01,9.975732714542960844e-01,9.999999999999098499e-01
1.200000000000000000e+01,7.539822368615503478e+01,9.991036758697480202e-01,9.991036758697480202e-01,1.000000000000011102e+00
1.300000000000000000e+01,8.168140899333462812e+01,-9.987496728508443722e-01,9.987496728508443722e-01,9.999999999999337197e-01
1.400000000000000000e+01,8.796459430051420725e+01,9.977378884775456314e-01,9.977378884775456314e-01,1.000000000000038858e+00
1.500000000000000000e+01,9.424777960769378637e+01,-9.993553406034334508e-01,9.993553406034334508e-01,9.999999999999529265e-01
1.600000000000000000e+01,1.005309649148733797e+02,9.969896997769449598e-01,9.969896997769449598e-01,1.000000000000048628e+00
1.700000000000000000e+01,1.068141502220529730e+02,-9.984758128419306544e-01,9.984758128419306544e-01,9.999999999999428235e-01
1.800000000000000000e+01,1.130973355292325522e+02,9.977400226782656700e-01,9.977400226782656700e-01,1.000000000000028200e+00
1.900000000000000000e+01,1.193805208364121313e+02,-9.971446631703453356e-01,9.971446631703453356e-01,9.999999999999166223e-01
2.000000000000000000e+01,1.256637061435917246e+02,9.988409160627069738e-01,9.988409160627069738e-01,1.000000000000003775e+00
2.100000000000000000e+01,1.319468914507713180e+02,-9.968020079423715041e-01,9.968020079423715041e-01,9.999999999999094058e-01
2.200000000000000000e+01,1.382300767579508829e+02,9.986376149728486418e-01,9.986376149728486418e-01,1.000000000000007994e+00
2.300000000000000000e+01,1.445132620651304762e+02,-9.976598507937718407e-01,9.976598507937718407e-01,9.999999999999307221e-01
2.400000000000000000e+01,1.507964473723100696e+02,9.972999443903006744e-01,9.972999443903006744e-01,1.000000000000035749e+00
2.500000000000000000e+01,1.570796326794896629e+02,-9.985681930185981159e-01,9.985681930185981159e-01,9.999999999999540368e-01
2.600000000000000000e+01,1.633628179866692562e+02,9.963783490403556042e-01,9.963783490403556042e-01,1.000000000000052180e+00
2.700000000000000000e+01,1.696460032938488212e+02,-9.981978252258720818e-01,9.981978252258720818e-01,9.999999999999519273e-01
2.800000000000000000e+01,1.759291886010284145e+02,9.968500663908348436e-01,9.968500663908348436e-01,1.000000000000038414e+00
2.900000000000000000e+01,1.822123739082080078e+02,-9.968357162180616626e-01,9.968357162180616626e-01,9.999999999999281686e-01
3.000000000000000000e+01,1.884955592153875727e+02,9.979625596663197484e-01,9.979625596663197484e-01,1.000000000000012434e+00
3.100000000000000000e+01,1.947787445225671661e+02,-9.961145548254960458e-01,9.961145548254960458e-01,9.999999999999131806e-01
3.200000000000000000e+01,2.010619298297467594e+02,9.982846440619221884e-01,9.982846440619221884e-01,1.000000000000007772e+00
3.300000000000000000e+01,2.073451151369263528e+02,-9.969270774387976042e-01,9.969270774387976042e-01,9.999999999999271694e-01
3.400000000000000000e+01,2.136283004441059461e+02,9.972931671584920332e-01,9.972931671584920332e-01,1.000000000000030864e+00
3.500000000000000000e+01,2.199114857512855110e+02,-9.981032508594387398e-01,9.981032508594387398e-01,9.999999999999538147e-01
3.600000000000000000e+01,2.261946710584651044e+02,9.961633470400936829e-01,9.961633470400936829e-01,1.000000000000053735e+00
3.700000000000000000e+01,2.324778563656446977e+02,-9.981083722996374474e-01,9.981083722996374474e-01,9.999999999999591438e-01
3.800000000000000000e+01,2.387610416728242626e+02,9.963548030708475611e-01,9.963548030708475611e-01,1.000000000000046629e+00
3.900000000000000000e+01,2.450442269800038559e+02,-9.969853085594163611e-01,9.969853085594163611e-01,9.999999999999363842e-01
4.000000000000000000e+01,2.513274122871834493e+02,9.976616588980026235e-01,9.976616588980026235e-01,1.000000000000018430e+00
4.100000000000000000e+01,2.576105975943630142e+02,-9.961689225790518742e-01,9.961689225790518742e-01,9.999999999999150679e-01
4.200000000000000000e+01,2.638937829015426360e+02,9.984144020874872183e-01,9.984144020874872183e-01,1.000000000000006439e+00
4.300000000000000000e+01,2.701769682087222009e+02,-9.966979731297676004e-01,9.966979731297676004e-01,9.999999999999228395e-01
4.400000000000000000e+01,2.764601535159017658e+02,9.977140064411902376e-01,9.977140064411902376e-01,1.000000000000024869e+00
4.500000000000000000e+01,2.827433388230813875e+02,-9.980057938361222014e-01,9.980057938361222014e-01,9.999999999999482636e-01
4.600000000000000000e+01,2.890265241302609525e+02,9.966151505506788411e-01,9.966151505506788411e-01,1.000000000000049516e+00
4.700000000000000000e+01,2.953097094374405742e+02,-9.986033906149348605e-01,9.986033906149348605e-01,9.999999999999600320e-01
4.800000000000000000e+01,3.015928947446201391e+02,9.966026093241167061e-01,9.966026093241167061e-01,1.000000000000050404e+00
4.900000000000000000e+01,3.078760800517997041e+02,-9.978001962148935755e-01,9.978001962148935755e-01,9.999999999999426015e-01
5.000000000000000000e+01,3.141592653589793258e+02,9.977567255473668295e-01,9.977567255473668295e-01,1.000000000000025757e+00
5.100000000000000000e+01,3.204424506661588907e+02,-9.967355535855795257e-01,9.967355535855795257e-01,9.999999999999175104e-01
5.200000000000000000e+01,3.267256359733385125e+02,9.988491562625818609e-01,9.988491562625818609e-01,1.000000000000004885e+00
5.300000000000000000e+01,3.330088212805180774e+02,-9.970051279573785008e-01,9.970051279573785008e-01,9.999999999999151790e-01
5.400000000000000000e+01,3.392920065876976423e+02,9.986802046079170658e-01,9.986802046079170658e-01,1.000000000000014655e+00
5.500000000000000000e+01,3.455751918948772641e+02,-9.984155888937498169e-01,9.984155888937498169e-01,9.999999999999381606e-01
5.600000000000000000e+01,3.518583772020568290e+02,9.975649331021352317e-01,9.975649331021352317e-01,1.000000000000041966e+00
5.700000000000000000e+01,3.581415625092363939e+02,-9.992833148638458063e-01,9.992833148638458063e-01,9.999999999999560352e-01
5.800000000000000000e+01,3.644247478164160157e+02,9.970850350008554352e-01,9.970850350008554352e-01,1.000000000000049738e+00
5.900000000000000000e+01,3.707079331235955806e+02,-9.987156750897926427e-01,9.987156750897926427e-01,9.999999999999440448e-01
6.000000000000000000e+01,3.769911184307751455e+02,9.981351546450888401e-01,9.981351546450888401e-01,1.000000000000027089e+00
6.100000000000000000e+01,3.832743037379547673e+02,-9.976647422775082319e-01,9.976647422775082319e-01,9.999999999999164002e-01
6.200000000000000000e+01,3.895574890451343322e+02,9.994638963592790137e-01,9.994638963592790137e-01,1.000000000000003331e+00
6.300000000000000000e+01,3.958406743523139539e+02,-9.975161489170883966e-01,9.975161489170883966e-01,9.999999999999074074e-01
6.400000000000000000e+01,4.021238596594935188e+02,9.994783465086261032e-01,9.994783465086261032e-01,1.000000000000005773e+00
6.500000000000000000e+01,4.084070449666730838e+02,-9.986070249872993632e-01,9.986070249872993632e-01,9.999999999999270583e-01
6.600000000000000000e+01,4.146902302738527055e+02,9.983913126420015383e-01,9.983913126420015383e-01,1.000000000000031086e+00
6.700000000000000000e+01,4.209734155810322704e+02,-9.997755108146469949e-01,9.997755108146469949e-01,9.999999999999485967e-01
6.800000000000000000e+01,4.272566008882118922e+02,9.976643130172828666e-01,9.976643130172828666e-01,1.000000000000046629e+00
6.900000000000000000e+01,4.335397861953914571e+02,-9.995564828160601323e-01,9.995564828160601323e-01,9.999999999999451550e-01
7.000000000000000000e+01,4.398229715025710220e+02,9.982130506917856749e-01,9.982130506917856749e-01,1.000000000000032419e+00
7.100000000000000000e+01,4.461061568097506438e+02,-9.982494364713967450e-01,9.982494364713967450e-01,9.999999999999196199e-01
7.200000000000000000e+01,4.523893421169302087e+02,9.994599722469463821e-01,9.994599722469463821e-01,1.000000000000003997e+00
7.300000000000000000e+01,4.586725274241097736e+02,-9.976469374917820154e-01,9.976469374917820154e-01,9.999999999999027445e-01
7.400000000000000000e+01,4.649557127312893954e+02,9.999155787326060585e-01,9.999155787326060585e-01,9.999999999999981126e-01
7.500000000000000000e+01,4.712388980384689603e+02,-9.985452768962915782e-01,9.985452768962915782e-01,9.999999999999164002e-01
7.600000000000000000e+01,4.775220833456485252e+02,9.988727328095086122e-01,9.988727328095086122e-01,1.000000000000021760e+00
7.700000000000000000e+01,4.838052686528281470e+02,-9.996481370863086191e-01,9.996481370863086191e-01,9.999999999999422684e-01
7.800000000000000000e+01,4.900884539600077119e+02,9.976383080118133018e-01,9.976383080118133018e-01,1.000000000000043299e+00
7.900000000000000000e+01,4.963716392671873336e+02,-9.995774909055579194e-01,9.995774909055579194e-01,9.999999999999463762e-01
8.000000000000000000e+01,5.026548245743668986e+02,9.978253936550851577e-01,9.978253936550851577e-01,1.000000000000035971e+00
8.100000000000000000e+01,5.089380098815464635e+02,-9.984123193486127423e-01,9.984123193486127423e-01,9.999999999999238387e-01
8.200000000000000000e+01,5.152211951887260284e+02,9.990197992816871597e-01,9.990197992816871597e-01,1.000000000000008882e+00
8.300000000000000000e+01,5.215043804959057070e+02,-9.974250119607822596e-01,9.974250119607822596e-01,9.999999999999039657e-01
8.400000000000000000e+01,5.277875658030852719e+02,9.995398018593267819e-01,9.995398018593267819e-01,9.999999999999971134e-01
8.500000000000000000e+01,5.340707511102648368e+02,-9.977435911819537706e-01,9.977435911819537706e-01,9.999999999999116262e-01
8.600000000000000000e+01,5.403539364174444017e+02,9.986762094109705723e-01,9.986762094109705723e-01,1.000000000000015099e+00
8.700000000000000000e+01,5.466371217246239667e+02,-9.989151807879889100e-01,9.989151807879889100e-01,9.999999999999373834e-01
8.800000000000000000e+01,5.529203070318035316e+02,9.973776983936937235e-01,9.973776983936937235e-01,1.000000000000041300e+00
8.900000000000000000e+01,5.592034923389832102e+02,-9.992472369594121995e-01,9.992472369594121995e-01,9.999999999999503730e-01
9.000000000000000000e+01,5.654866776461627751e+02,9.970307917916756413e-01,9.970307917916756413e-01,1.000000000000043077e+00
9.100000000000000000e+01,5.717698629533423400e+02,-9.980848185804588324e-01,9.980848185804588324e-01,9.999999999999346079e-01
9.200000000000000000e+01,5.780530482605219049e+02,9.979553855043739041e-01,9.979553855043739041e-01,1.000000000000018652e+00
9.300000000000000000e+01,5.843362335677014698e+02,-9.968199528785727237e-01,9.968199528785727237e-01,9.999999999999102940e-01
9.400000000000000000e+01,5.906194188748811484e+02,9.988670494190268201e-01,9.988670494190268201e-01,9.999999999999994449e-01
9.500000000000000000e+01,5.969026041820607134e+02,-9.968953859435716325e-01,9.968953859435716325e-01,9.999999999999096278e-01
9.600000000000000000e+01,6.031857894892402783e+02,9.983486192796200420e-01,9.983486192796200420e-01,1.000000000000010880e+00
9.700000000000000000e+01,6.094689747964198432e+02,-9.979407611208886975e-01,9.979407611208886975e-01,9.999999999999348299e-01
9.800000000000000000e+01,6.157521601035994081e+02,9.969152737307477308e-01,9.969152737307477308e-01,1.000000000000039302e+00
9.900000000000000000e+01,6.220353454107790867e+02,-9.985347809407421060e-01,9.985347809407421060e-01,9.999999999999540368e-01
1.000000000000000000e+02,6.283185307179586516e+02,9.962875778930929682e-01,9.962875778930929682e-01,1.000000000000048628e+00
1.010000000000000000e+02,6.346017160251382165e+02,-9.978168234024581418e-01,9.978168234024581418e-01,9.999999999999434896e-01
1.020000000000000000e+02,6.408849013323177815e+02,9.971208885619173845e-01,9.971208885619173845e-01,1.000000000000027978e+00
1.030000000000000000e+02,6.471680866394973464e+02,-9.965350077439053544e-01,9.965350077439053544e-01,9.999999999999188427e-01
1.040000000000000000e+02,6.534512719466770250e+02,9.981722459943880299e-01,9.981722459943880299e-01,1.000000000000005107e+00
1.050000000000000000e+02,6.597344572538565899e+02,-9.961721690525170425e-01,9.961721690525170425e-01,9.999999999999115152e-01
1.060000000000000000e+02,6.660176425610361548e+02,9.980831497846541778e-01,9.980831497846541778e-01,1.000000000000009326e+00
1.070000000000000000e+02,6.723008278682157197e+02,-9.972067998987825810e-01,9.972067998987825810e-01,9.999999999999318323e-01
1.080000000000000000e+02,6.785840131753952846e+02,9.969328973490573231e-01,9.969328973490573231e-01,1.000000000000035527e+00
1.090000000000000000e+02,6.848671984825748495e+02,-9.982670546281804391e-01,9.982670546281804391e-01,9.999999999999550360e-01
1.100000000000000000e+02,6.911503837897545282e+02,9.960951070695247545e-01,9.960951070695247545e-01,1.000000000000051958e+00
1.110000000000000000e+02,6.974335690969340931e+02,-9.979390723890528836e-01,9.979390723890528836e-01,9.999999999999523714e-01
1.120000000000000000e+02,7.037167544041136580e+02,9.966315226364591551e-01,9.966315226364591551e-01,1.000000000000037970e+00
1.130000000000000000e+02,7.099999397112932229e+02,-9.966821418862429338e-01,9.966821418862429338e-01,9.999999999999267253e-01
1.140000000000000000e+02,7.162831250184727878e+02,9.979494202822064564e-01,9.979494202822064564e-01,1.000000000000009770e+00
1.150000000000000000e+02,7.225663103256524664e+02,-9.961719571778531179e-01,9.961719571778531179e-01,9.999999999999105160e-01
1.160000000000000000e+02,7.288494956328320313e+02,9.984276885702597637e-01,9.984276885702597637e-01,1.000000000000004663e+00
1.170000000000000000e+02,7.351326809400115962e+02,-9.970861550398482098e-01,9.970861550398482098e-01,9.999999999999251710e-01
1.180000000000000000e+02,7.414158662471911612e+02,9.974892538395142561e-01,9.974892538395142561e-01,1.000000000000028644e+00
1.190000000000000000e+02,7.476990515543707261e+02,-9.983307032135301240e-01,9.983307032135301240e-01,9.999999999999507061e-01
1.200000000000000000e+02,7.539822368615502910e+02,9.964811309265262373e-01,9.964811309265262373e-01,1.000000000000049960e+00
1.210000000000000000e+02,7.602654221687299696e+02,-9.985141951290489315e-01,9.985141951290489315e-01,9.999999999999545919e-01
1.220000000000000000e+02,7.665486074759095345e+02,9.968665937117924258e-01,9.968665937117924258e-01,1.000000000000041744e+00
1.230000000000000000e+02,7.728317927830890994e+02,-9.975492160890759852e-01,9.975492160890759852e-01,9.999999999999314992e-01
1.240000000000000000e+02,7.791149780902686643e+02,9.982094205889678884e-01,9.982094205889678884e-01,1.000000000000014655e+00
1.250000000000000000e+02,7.853981633974482293e+02,-9.967348007480465455e-01,9.967348007480465455e-01,9.999999999999105160e-01
1.260000000000000000e+02,7.916813487046279079e+02,9.989853422439646247e-01,9.989853422439646247e-01,1.000000000000001554e+00
1.270000000000000000e+02,7.979645340118074728e+02,-9.973321965608532569e-01,9.973321965608532569e-01,9.999999999999166223e-01
1.280000000000000000e+02,8.042477193189870377e+02,9.984428549747026427e-01,9.984428549747026427e-01,1.000000000000017542e+00
1.290000000000000000e+02,8.105309046261666026e+02,-9.987981469968713055e-01,9.987981469968713055e-01,9.999999999999412692e-01
1.300000000000000000e+02,8.168140899333461675e+02,9.974194194573717809e-01,9.974194194573717809e-01,1.000000000000043299e+00
1.310000000000000000e+02,8.230972752405258461e+02,-9.993896329902173248e-01,9.993896329902173248e-01,9.999999999999527045e-01
1.320000000000000000e+02,8.293804605477054110e+02,9.972967920728050828e-01,9.972967920728050828e-01,1.000000000000043965e+00
1.330000000000000000e+02,8.356636458548849760e+02,-9.984811433943852066e-01,9.984811433943852066e-01,9.999999999999341638e-01
1.340000000000000000e+02,8.419468311620645409e+02,9.985088241742208215e-01,9.985088241742208215e-01,1.000000000000016653e+00
1.350000000000000000e+02,8.482300164692441058e+02,-9.974955730841742474e-01,9.974955730841742474e-01,9.999999999999077405e-01
1.360000000000000000e+02,8.545132017764237844e+02,9.996828489553856167e-01,9.996828489553856167e-01,9.999999999999966693e-01
1.370000000000000000e+02,8.607963870836033493e+02,-9.977824050371011388e-01,9.977824050371011388e-01,9.999999999999064082e-01
1.380000000000000000e+02,8.670795723907829142e+02,9.993539017158297177e-01,9.993539017158297177e-01,1.000000000000007772e+00
1.390000000000000000e+02,8.733627576979624791e+02,-9.990197220962304669e-01,9.990197220962304669e-01,9.999999999999300559e-01
1.400000000000000000e+02,8.796459430051420441e+02,9.981033539845212132e-01,9.981033539845212132e-01,1.000000000000033973e+00
1.410000000000000000e+02,8.859291283123216090e+02,-9.998328317250900765e-01,9.998328317250900765e-01,9.999999999999470424e-01
1.420000000000000000e+02,8.922123136195012876e+02,9.976780239055713650e-01,9.976780239055713650e-01,1.000000000000041966e+00
1.430000000000000000e+02,8.984954989266808525e+02,-9.992866099007481351e-01,9.992866099007481351e-01,9.999999999999358291e-01
1.440000000000000000e+02,9.047786842338604174e+02,9.985898055508496407e-01,9.985898055508496407e-01,1.000000000000021316e+00
1.450000000000000000e+02,9.110618695410399823e+02,-9.980290293158055048e-01,9.980290293158055048e-01,9.999999999999099609e-01
1.460000000000000000e+02,9.173450548482195472e+02,9.996876925542338421e-01,9.996876925542338421e-01,9.999999999999968914e-01
1.470000000000000000e+02,9.236282401553992258e+02,-9.977061198307910495e-01,9.977061198307910495e-01,9.999999999999009681e-01
1.480000000000000000e+02,9.299114254625787908e+02,9.996916010194114577e-01,9.996916010194114577e-01,9.999999999999990008e-01
1.490000000000000000e+02,9.361946107697583557e+02,-9.988219994481210007e-01,9.988219994481210007e-01,9.999999999999200639e-01
1.500000000000000000e+02,9.424777960769379206e+02,9.985202370525145810e-01,9.985202370525145810e-01,1.000000000000025757e+00
1.510000000000000000e+02,9.487609813841174855e+02,-9.998141060427769844e-01,9.998141060427769844e-01,9.999999999999432676e-01
1.520000000000000000e+02,9.550441666912970504e+02,9.975179364814258376e-01,9.975179364814258376e-01,1.000000000000042411e+00
1.530000000000000000e+02,9.613273519984767290e+02,-9.993153533691713220e-01,9.993153533691713220e-01,9.999999999999402700e-01
1.540000000000000000e+02,9.676105373056562939e+02,9.979937654399582136e-01,9.979937654399582136e-01,1.000000000000026645e+00
1.550000000000000000e+02,9.738937226128358589e+02,-9.979868160887044315e-01,9.979868160887044315e-01,9.999999999999140687e-01
1.560000000000000000e+02,9.801769079200154238e+02,9.992377991983136809e-01,9.992377991983136809e-01,1.000000000000000000e+00
1.570000000000000000e+02,9.864600932271949887e+02,-9.973489637068612135e-01,9.973489637068612135e-01,9.999999999998991917e-01
1.580000000000000000e+02,9.927432785343746673e+02,9.994492067306851579e-01,9.994492067306851579e-01,9.999999999999953371e-01
1.590000000000000000e+02,9.990264638415542322e+02,-9.979915412174187317e-01,9.979915412174187317e-01,9.999999999999146238e-01
1.600000000000000000e+02,1.005309649148733797e+03,9.982377314391364109e-01,9.982377314391364109e-01,1.000000000000019762e+00
1.610000000000000000e+02,1.011592834455913362e+03,-9.990161312561577356e-01,9.990161312561577356e-01,9.999999999999404920e-01
1.620000000000000000e+02,1.017876019763092927e+03,9.970661470521111625e-01,9.970661470521111625e-01,1.000000000000041522e+00
1.630000000000000000e+02,1.024159205070272492e+03,-9.989999158164040161e-01,9.989999158164040161e-01,9.999999999999457101e-01
1.640000000000000000e+02,1.030442390377452057e+03,9.971656939442404832e-01,9.971656939442404832e-01,1.000000000000035305e+00
1.650000000000000000e+02,1.036725575684631622e+03,-9.976959428951346354e-01,9.976959428951346354e-01,9.999999999999248379e-01
1.660000000000000000e+02,1.043008760991811414e+03,9.981997816957776104e-01,9.981997816957776104e-01,1.000000000000009326e+00
1.670000000000000000e+02,1.049291946298990979e+03,-9.966096968757383046e-01,9.966096968757383046e-01,9.999999999999048539e-01
1.680000000000000000e+02,1.055575131606170544e+03,9.987802556647850105e-01,9.987802556647850105e-01,9.999999999999972244e-01
1.690000000000000000e+02,1.061858316913350109e+03,-9.970375542391162194e-01,9.970375542391162194e-01,9.999999999999121814e-01
1.700000000000000000e+02,1.068141502220529674e+03,9.979703544598410581e-01,9.979703544598410581e-01,1.000000000000015099e+00
1.710000000000000000e+02,1.074424687527709239e+03,-9.981886562231292448e-01,9.981886562231292448e-01,9.999999999999390488e-01
1.720000000000000000e+02,1.080707872834888803e+03,9.966031697124284605e-01,9.966031697124284605e-01,1.000000000000041522e+00
1.730000000000000000e+02,1.086991058142068368e+03,-9.984448394487774880e-01,9.984448394487774880e-01,9.999999999999518163e-01
1.740000000000000000e+02,1.093274243449247933e+03,9.963113828872585120e-01,9.963113828872585120e-01,1.000000000000043299e+00
1.750000000000000000e+02,1.099557428756427498e+03,-9.974044794792814583e-01,9.974044794792814583e-01,9.999999999999347189e-01
1.760000000000000000e+02,1.105840614063607063e+03,9.973942901912118408e-01,9.973942901912118408e-01,1.000000000000017764e+00
1.770000000000000000e+02,1.112123799370786855e+03,-9.962905402679377298e-01,9.962905402679377298e-01,9.999999999999109601e-01
1.780000000000000000e+02,1.118406984677966420e+03,9.983168221721152591e-01,9.983168221721152591e-01,9.999999999999995559e-01
1.790000000000000000e+02,1.124690169985145985e+03,-9.963512896829261889e-01,9.963512896829261889e-01,9.999999999999114042e-01
1.800000000000000000e+02,1.130973355292325550e+03,9.978399756800455656e-01,9.978399756800455656e-01,1.000000000000011990e+00
1.810000000000000000e+02,1.137256540599505115e+03,-9.975034394329314047e-01,9.975034394329314047e-01,9.999999999999359401e-01
1.820000000000000000e+02,1.143539725906684680e+03,9.965945505837219276e-01,9.965945505837219276e-01,1.000000000000038858e+00
1.830000000000000000e+02,1.149822911213864245e+03,-9.983103830357079600e-01,9.983103830357079600e-01,9.999999999999542588e-01
1.840000000000000000e+02,1.156106096521043810e+03,9.961212180586441756e-01,9.961212180586441756e-01,1.000000000000047740e+00
1.850000000000000000e+02,1.162389281828223375e+03,-9.977020612028710822e-01,9.977020612028710822e-01,9.999999999999438227e-01
1.860000000000000000e+02,1.168672467135402940e+03,9.969937359357482487e-01,9.969937359357482487e-01,1.000000000000027756e+00
1.870000000000000000e+02,1.174955652442582732e+03,-9.964634481338277006e-01,9.964634481338277006e-01,9.999999999999185096e-01
1.880000000000000000e+02,1.181238837749762297e+03,9.981907333409906213e-01,9.981907333409906213e-01,1.000000000000003331e+00
1.890000000000000000e+02,1.187522023056941862e+03,-9.962841719852311151e-01,9.962841719852311151e-01,9.999999999999089617e-01
1.900000000000000000e+02,1.193805208364121427e+03,9.983202200667357085e-01,9.983202200667357085e-01,1.000000000000005551e+00
1.910000000000000000e+02,1.200088393671300992e+03,-9.974930841166470552e-01,9.974930841166470552e-01,9.999999999999288347e-01
1.920000000000000000e+02,1.206371578978480557e+03,9.972649526292836075e-01,9.972649526292836075e-01,1.000000000000032419e+00
1.930000000000000000e+02,1.212654764285660121e+03,-9.986078070644461846e-01,9.986078070644461846e-01,9.999999999999517053e-01
1.940000000000000000e+02,1.218937949592839686e+03,9.964670267676851712e-01,9.964670267676851712e-01,1.000000000000048184e+00
1.950000000000000000e+02,1.225221134900019251e+03,-9.983623757494438644e-01,9.983623757494438644e-01,9.999999999999473754e-01
1.960000000000000000e+02,1.231504320207198816e+03,9.971833536889328498e-01,9.971833536889328498e-01,1.000000000000031752e+00
1.970000000000000000e+02,1.237787505514378381e+03,-9.972891430773849208e-01,9.972891430773849208e-01,9.999999999999202860e-01
1.980000000000000000e+02,1.244070690821558173e+03,9.986155322260584777e-01,9.986155322260584777e-01,1.000000000000004219e+00
1.990000000000000000e+02,1.250353876128737738e+03,-9.968350833733201632e-01,9.968350833733201632e-01,9.999999999999050759e-01
2.000000000000000000e+02,1.256637061435917303e+03,9.990654908810819856e-01,9.990654908810819856e-01,1.000000000000000222e+00
2.010000000000000000e+02,1.262920246743096868e+03,-9.977434086000136482e-01,9.977434086000136482e-01,9.999999999999189537e-01
2.030000000000000000e+02,1.275486617357455998e+03,-9.990983222476027548e-01,9.990983222476027548e-01,9.999999999999430456e-01
2.050000000000000000e+02,1.288052987971815128e+03,-9.993624015245213821e-01,9.993624015245213821e-01,9.999999999999468203e-01
2.070000000000000000e+02,1.300619358586174258e+03,-9.982589962501662306e-01,9.982589962501662306e-01,9.999999999999239497e-01
2.100000000000000000e+02,1.319468914507713180e+03,9.997565093226816746e-01,9.997565093226816746e-01,9.999999999999928946e-01
2.120000000000000000e+02,1.332035285122072310e+03,9.991495191430065370e-01,9.991495191430065370e-01,1.000000000000010658e+00
2.140000000000000000e+02,1.344601655736431439e+03,9.978942027268025150e-01,9.978942027268025150e-01,1.000000000000035971e+00
2.170000000000000000e+02,1.363451211657970134e+03,-9.989279657160040626e-01,9.989279657160040626e-01,9.999999999999251710e-01
2.190000000000000000e+02,1.376017582272329491e+03,-9.978505023111465810e-01,9.978505023111465810e-01,9.999999999999010791e-01
2.220000000000000000e+02,1.394867138193868186e+03,9.993867757135032059e-01,9.993867757135032059e-01,1.000000000000001554e+00
2.240000000000000000e+02,1.407433508808227316e+03,9.981458758634220718e-01,9.981458758634220718e-01,1.000000000000028866e+00
2.270000000000000000e+02,1.426283064729766011e+03,-9.990126431057260170e-01,9.990126431057260170e-01,9.999999999999319433e-01
2.290000000000000000e+02,1.438849435344125141e+03,-9.976187153562534604e-01,9.976187153562534604e-01,9.999999999999059641e-01
2.320000000000000000e+02,1.457698991265664063e+03,9.992362254441327085e-01,9.992362254441327085e-01,9.999999999999965583e-01
2.340000000000000000e+02,1.470265361880023192e+03,9.978279429391291311e-01,9.978279429391291311e-01,1.000000000000023981e+00
2.370000000000000000e+02,1.489114917801561887e+03,-9.986431728426886645e-01,9.986431728426886645e-01,9.999999999999387157e-01
2.400000000000000000e+02,1.507964473723100582e+03,9.984362919090697952e-01,9.984362919090697952e-01,1.000000000000000222e+00
2.420000000000000000e+02,1.520530844337459939e+03,9.986130575830917122e-01,9.986130575830917122e-01,9.999999999999967804e-01
2.450000000000000000e+02,1.539380400258998634e+03,-9.983517635926175693e-01,9.983517635926175693e-01,9.999999999999418243e-01
2.480000000000000000e+02,1.558229956180537329e+03,9.964582549777962761e-01,9.964582549777962761e-01,1.000000000000035971e+00
2.510000000000000000e+02,1.577079512102076251e+03,-9.961240263486843549e-01,9.961240263486843549e-01,9.999999999999047429e-01
2.530000000000000000e+02,1.589645882716435381e+03,-9.966151163207476182e-01,9.966151163207476182e-01,9.999999999999129585e-01
2.560000000000000000e+02,1.608495438637974075e+03,9.963290855139776969e-01,9.963290855139776969e-01,1.000000000000041078e+00
2.590000000000000000e+02,1.627344994559512770e+03,-9.974042903182299691e-01,9.974042903182299691e-01,9.999999999999337197e-01
2.620000000000000000e+02,1.646194550481051692e+03,9.983921470740967363e-01,9.983921470740967363e-01,9.999999999999984457e-01
2.650000000000000000e+02,1.665044106402590387e+03,-9.978759043776250781e-01,9.978759043776250781e-01,9.999999999999323874e-01
2.680000000000000000e+02,1.683893662324129082e+03,9.965797823391604471e-01,9.965797823391604471e-01,1.000000000000044409e+00
2.710000000000000000e+02,1.702743218245667777e+03,-9.970753692017058079e-01,9.970753692017058079e-01,9.999999999999108491e-01
2.740000000000000000e+02,1.721592774167206699e+03,9.990631432134654544e-01,9.990631432134654544e-01,1.000000000000000000e+00
2.770000000000000000e+02,1.740442330088745393e+03,-9.993221199813903111e-01,9.993221199813903111e-01,9.999999999999433786e-01
2.800000000000000000e+02,1.759291886010284088e+03,9.979833322885819369e-01,9.979833322885819369e-01,1.000000000000025313e+00
2.830000000000000000e+02,1.778141441931823010e+03,-9.974653863971870704e-01,9.974653863971870704e-01,9.999999999998975264e-01
2.870000000000000000e+02,1.803274183160541270e+03,-9.997303719080425921e-01,9.997303719080425921e-01,9.999999999999347189e-01
2.900000000000000000e+02,1.822123739082079965e+03,9.979389991775804436e-01,9.979389991775804436e-01,1.000000000000027534e+00
2.930000000000000000e+02,1.840973295003618659e+03,-9.977143191326498517e-01,9.977143191326498517e-01,9.999999999998938627e-01
2.960000000000000000e+02,1.859822850925157582e+03,9.990537117578123238e-01,9.990537117578123238e-01,1.000000000000005107e+00
3.000000000000000000e+02,1.884955592153875841e+03,9.975759570741185023e-01,9.975759570741185023e-01,1.000000000000031752e+00
3.030000000000000000e+02,1.903805148075414536e+03,-9.973471611554036720e-01,9.973471611554036720e-01,9.999999999998985256e-01
3.060000000000000000e+02,1.922654703996953458e+03,9.988951416570861497e-01,9.988951416570861497e-01,9.999999999999993339e-01
3.100000000000000000e+02,1.947787445225671718e+03,9.967426486394302954e-01,9.967426486394302954e-01,1.000000000000037303e+00
3.130000000000000000e+02,1.966637001147210412e+03,-9.969359059821260027e-01,9.969359059821260027e-01,9.999999999999057421e-01
3.170000000000000000e+02,1.991769742375928899e+03,-9.974573938975486165e-01,9.974573938975486165e-01,9.999999999999200639e-01
3.200000000000000000e+02,2.010619298297467594e+03,9.962251784629810869e-01,9.962251784629810869e-01,1.000000000000040856e+00
3.240000000000000000e+02,2.035752039526185854e+03,9.978819716649319771e-01,9.978819716649319771e-01,1.000000000000001110e+00
3.280000000000000000e+02,2.060884780754904114e+03,9.972624581508272579e-01,9.972624581508272579e-01,1.000000000000019318e+00
3.310000000000000000e+02,2.079734336676443036e+03,-9.981368883011741966e-01,9.981368883011741966e-01,9.999999999999465983e-01
3.350000000000000000e+02,2.104867077905161295e+03,-9.963018421949567660e-01,9.963018421949567660e-01,9.999999999999030775e-01
3.390000000000000000e+02,2.129999819133879555e+03,-9.982179905739019254e-01,9.982179905739019254e-01,9.999999999999356071e-01
3.420000000000000000e+02,2.148849375055418477e+03,9.968044913844018584e-01,9.968044913844018584e-01,1.000000000000037526e+00
3.460000000000000000e+02,2.173982116284136737e+03,9.991251096336576376e-01,9.991251096336576376e-01,9.999999999999906741e-01
3.500000000000000000e+02,2.199114857512854996e+03,9.977542623003868849e-01,9.977542623003868849e-01,1.000000000000028422e+00
3.540000000000000000e+02,2.224247598741573711e+03,9.983676134287572390e-01,9.983676134287572390e-01,1.000000000000013545e+00
3.580000000000000000e+02,2.249380339970291971e+03,9.995949322555296446e-01,9.995949322555296446e-01,9.999999999999926725e-01
3.620000000000000000e+02,2.274513081199010230e+03,9.977191152340356695e-01,9.977191152340356695e-01,1.000000000000033973e+00
3.660000000000000000e+02,2.299645822427728490e+03,9.994729053891875381e-01,9.994729053891875381e-01,9.999999999999905631e-01
3.700000000000000000e+02,2.324778563656446750e+03,9.987123002337048305e-01,9.987123002337048305e-01,1.000000000000009326e+00
3.740000000000000000e+02,2.349911304885165464e+03,9.976927157679537084e-01,9.976927157679537084e-01,1.000000000000023759e+00
3.790000000000000000e+02,2.381327231421063061e+03,-9.975181885743911181e-01,9.975181885743911181e-01,9.999999999999001910e-01
3.830000000000000000e+02,2.406459972649781321e+03,-9.989832255693285035e-01,9.989832255693285035e-01,9.999999999999396039e-01
3.870000000000000000e+02,2.431592713878500035e+03,-9.966187184305180802e-01,9.966187184305180802e-01,9.999999999998984146e-01
3.910000000000000000e+02,2.456725455107218295e+03,-9.977297114968561864e-01,9.977297114968561864e-01,9.999999999999245048e-01
3.960000000000000000e+02,2.488141381643116347e+03,9.970233010751639036e-01,9.970233010751639036e-01,1.000000000000016875e+00
4.000000000000000000e+02,2.513274122871834606e+03,9.980653275837894078e-01,9.980653275837894078e-01,9.999999999999973355e-01
4.050000000000000000e+02,2.544690049407732204e+03,-9.979825870147946976e-01,9.979825870147946976e-01,9.999999999999401590e-01
4.090000000000000000e+02,2.569822790636450918e+03,-9.963469587062738775e-01,9.963469587062738775e-01,9.999999999998979705e-01
4.140000000000000000e+02,2.601238717172348515e+03,9.967101265808857580e-01,9.967101265808857580e-01,1.000000000000036415e+00
4.190000000000000000e+02,2.632654643708246567e+03,-9.969576094289678281e-01,9.969576094289678281e-01,9.999999999998968603e-01
4.230000000000000000e+02,2.657787384936964827e+03,-9.990670620751036513e-01,9.990670620751036513e-01,9.999999999999272804e-01
4.280000000000000000e+02,2.689203311472862879e+03,9.987333799951573221e-01,9.987333799951573221e-01,1.000000000000002220e+00
4.330000000000000000e+02,2.720619238008760931e+03,-9.991096930539653531e-01,9.991096930539653531e-01,9.999999999999169553e-01
4.380000000000000000e+02,2.752035164544658983e+03,9.985493129529150469e-01,9.985493129529150469e-01,1.000000000000008438e+00
4.430000000000000000e+02,2.783451091080556580e+03,-9.987631893180387577e-01,9.987631893180387577e-01,9.999999999999078515e-01
4.470000000000000000e+02,2.808583832309274840e+03,-9.991213317478676581e-01,9.991213317478676581e-01,9.999999999999278355e-01
4.520000000000000000e+02,2.839999758845172892e+03,9.991664891597364928e-01,9.991664891597364928e-01,9.999999999999843459e-01
4.580000000000000000e+02,2.877698870688250281e+03,9.969116763596832520e-01,9.969116763596832520e-01,1.000000000000023981e+00
4.630000000000000000e+02,2.909114797224148333e+03,-9.968579648450541786e-01,9.968579648450541786e-01,9.999999999999014122e-01
4.680000000000000000e+02,2.940530723760046385e+03,9.962171525646255077e-01,9.962171525646255077e-01,1.000000000000031308e+00
4.730000000000000000e+02,2.971946650295944437e+03,-9.963065102677783891e-01,9.963065102677783891e-01,9.999999999999000799e-01
4.780000000000000000e+02,3.003362576831842034e+03,9.962080843494836024e-01,9.962080843494836024e-01,1.000000000000035527e+00
4.840000000000000000e+02,3.041061688674919878e+03,9.985228320046353190e-01,9.985228320046353190e-01,9.999999999999923395e-01
4.890000000000000000e+02,3.072477615210817476e+03,-9.985994973754478421e-01,9.985994973754478421e-01,9.999999999999329425e-01
4.950000000000000000e+02,3.110176727053895320e+03,-9.979790667193899623e-01,9.979790667193899623e-01,9.999999999999046318e-01
5.000000000000000000e+02,3.141592653589792917e+03,9.977586382504042284e-01,9.977586382504042284e-01,1.000000000000021760e+00
5.060000000000000000e+02,3.179291765432870761e+03,9.992001968793726707e-01,9.992001968793726707e-01,9.999999999999975575e-01
5.120000000000000000e+02,3.216990877275948151e+03,9.989100936771140304e-01,9.989100936771140304e-01,9.999999999999975575e-01
5.170000000000000000e+02,3.248406803811846203e+03,-9.989991532719204592e-01,9.989991532719204592e-01,9.999999999999119593e-01
5.230000000000000000e+02,3.286105915654923592e+03,-9.974082217454611765e-01,9.974082217454611765e-01,9.999999999998936406e-01
5.290000000000000000e+02,3.323805027498000982e+03,-9.988370980939293986e-01,9.988370980939293986e-01,9.999999999999310552e-01
5.350000000000000000e+02,3.361504139341078826e+03,-9.963088564332189812e-01,9.963088564332189812e-01,9.999999999998903100e-01
5.410000000000000000e+02,3.399203251184156215e+03,-9.981529884803879149e-01,9.981529884803879149e-01,9.999999999999364952e-01
5.470000000000000000e+02,3.436902363027233605e+03,-9.965987618639605694e-01,9.965987618639605694e-01,9.999999999999013012e-01
5.530000000000000000e+02,3.474601474870310994e+03,-9.975392466531576297e-01,9.975392466531576297e-01,9.999999999999213962e-01
5.590000000000000000e+02,3.512300586713388839e+03,-9.981208546109474611e-01,9.981208546109474611e-01,9.999999999999192868e-01
5.650000000000000000e+02,3.549999698556466228e+03,-9.973364514494420519e-01,9.973364514494420519e-01,9.999999999998965272e-01
5.720000000000000000e+02,3.593981995706723410e+03,9.974870235287589537e-01,9.974870235287589537e-01,1.000000000000026645e+00
5.780000000000000000e+02,3.631681107549800799e+03,9.998481395393299387e-01,9.998481395393299387e-01,9.999999999999781286e-01
5.850000000000000000e+02,3.675663404700057981e+03,-9.985223712547913744e-01,9.985223712547913744e-01,9.999999999999017453e-01
5.910000000000000000e+02,3.713362516543135371e+03,-9.991714765938333187e-01,9.991714765938333187e-01,9.999999999999154010e-01
5.980000000000000000e+02,3.757344813693392553e+03,9.991563876955288359e-01,9.991563876955288359e-01,9.999999999999766853e-01
6.050000000000000000e+02,3.801327110843649734e+03,-9.980191910901203833e-01,9.980191910901203833e-01,9.999999999999198419e-01
6.110000000000000000e+02,3.839026222686727124e+03,-9.973277647329917839e-01,9.973277647329917839e-01,9.999999999999091838e-01
6.180000000000000000e+02,3.883008519836984306e+03,9.978778988103036429e-01,9.978778988103036429e-01,9.999999999999884537e-01
6.250000000000000000e+02,3.926990816987241487e+03,-9.982614833902361262e-01,9.982614833902361262e-01,9.999999999999334976e-01
6.320000000000000000e+02,3.970973114137498669e+03,9.981037482963950325e-01,9.981037482963950325e-01,9.999999999999987788e-01
6.390000000000000000e+02,4.014955411287755396e+03,-9.971954899451699328e-01,9.971954899451699328e-01,9.999999999998884226e-01
6.460000000000000000e+02,4.058937708438012578e+03,9.975194100739864789e-01,9.975194100739864789e-01,1.000000000000021316e+00
6.540000000000000000e+02,4.109203190895449552e+03,9.985602218852683842e-01,9.985602218852683842e-01,1.000000000000004885e+00
6.610000000000000000e+02,4.153185488045706734e+03,-9.975756825402912753e-01,9.975756825402912753e-01,9.999999999998772093e-01
6.680000000000000000e+02,4.197167785195963916e+03,9.974882768774465669e-01,9.974882768774465669e-01,1.000000000000011990e+00
6.760000000000000000e+02,4.247433267653400435e+03,9.968612615375618269e-01,9.968612615375618269e-01,1.000000000000019096e+00
6.830000000000000000e+02,4.291415564803657617e+03,-9.965029271127354704e-01,9.965029271127354704e-01,9.999999999998883116e-01
6.910000000000000000e+02,4.341681047261094136e+03,-9.963710395526463870e-01,9.963710395526463870e-01,9.999999999998961941e-01
6.990000000000000000e+02,4.391946529718530655e+03,-9.981009616244581606e-01,9.981009616244581606e-01,9.999999999999269473e-01
7.070000000000000000e+02,4.442212012175967175e+03,-9.987817537911963806e-01,9.987817537911963806e-01,9.999999999999238387e-01
7.140000000000000000e+02,4.486194309326224356e+03,9.994802148126753494e-01,9.994802148126753494e-01,9.999999999999734657e-01
7.220000000000000000e+02,4.536459791783660876e+03,9.989023445534416235e-01,9.989023445534416235e-01,9.999999999999888978e-01
7.310000000000000000e+02,4.593008459548277642e+03,-9.992035355557957743e-01,9.992035355557957743e-01,9.999999999999101830e-01
7.390000000000000000e+02,4.643273942005714161e+03,-9.993844705516654603e-01,9.993844705516654603e-01,9.999999999999196199e-01
7.470000000000000000e+02,4.693539424463150681e+03,-9.975001309614475176e-01,9.975001309614475176e-01,9.999999999998928635e-01
7.550000000000000000e+02,4.743804906920587200e+03,-9.962470198274957500e-01,9.962470198274957500e-01,9.999999999998820943e-01
7.640000000000000000e+02,4.800353574685203967e+03,9.973365191715863887e-01,9.973365191715863887e-01,9.999999999999944489e-01
7.720000000000000000e+02,4.850619057142640486e+03,9.963453397409953727e-01,9.963453397409953727e-01,1.000000000000023315e+00
7.810000000000000000e+02,4.907167724907257252e+03,-9.990230940672758519e-01,9.990230940672758519e-01,9.999999999999242828e-01
7.900000000000000000e+02,4.963716392671873109e+03,9.986582679937209273e-01,9.986582679937209273e-01,9.999999999999946709e-01
7.990000000000000000e+02,5.020265060436488966e+03,-9.982456342421376361e-01,9.982456342421376361e-01,9.999999999998812061e-01
8.080000000000000000e+02,5.076813728201105732e+03,9.995949920141589118e-01,9.995949920141589118e-01,9.999999999999662492e-01
8.170000000000000000e+02,5.133362395965721589e+03,-9.972017245810405051e-01,9.972017245810405051e-01,9.999999999998820943e-01
8.260000000000000000e+02,5.189911063730338356e+03,9.969128324358909055e-01,9.969128324358909055e-01,1.000000000000003775e+00
8.350000000000000000e+02,5.246459731494954212e+03,-9.980787068575914800e-01,9.980787068575914800e-01,9.999999999999243938e-01
8.440000000000000000e+02,5.303008399259570979e+03,9.965477387828534095e-01,9.965477387828534095e-01,1.000000000000016209e+00
8.540000000000000000e+02,5.365840252331367083e+03,9.974571731363200966e-01,9.974571731363200966e-01,1.000000000000009104e+00
8.630000000000000000e+02,5.422388920095982940e+03,-9.985978885646951131e-01,9.985978885646951131e-01,9.999999999998941957e-01
8.730000000000000000e+02,5.485220773167779043e+03,-9.985743470062516947e-01,9.985743470062516947e-01,9.999999999998834266e-01
8.830000000000000000e+02,5.548052626239574238e+03,-9.978082569464732376e-01,9.978082569464732376e-01,9.999999999998782085e-01
8.930000000000000000e+02,5.610884479311370342e+03,-9.969801356775276346e-01,9.969801356775276346e-01,9.999999999998756550e-01
9.030000000000000000e+02,5.673716332383166446e+03,-9.962089789654311467e-01,9.962089789654311467e-01,9.999999999998774314e-01
9.130000000000000000e+02,5.736548185454962550e+03,-9.961646541966289181e-01,9.961646541966289181e-01,9.999999999998772093e-01
9.230000000000000000e+02,5.799380038526757744e+03,-9.966594703723603565e-01,9.966594703723603565e-01,9.999999999998768763e-01
9.330000000000000000e+02,5.862211891598553848e+03,-9.974303865466966901e-01,9.974303865466966901e-01,9.999999999998738787e-01
9.440000000000000000e+02,5.931326929977529289e+03,9.996994995962025232e-01,9.996994995962025232e-01,9.999999999999631406e-01
9.540000000000000000e+02,5.994158783049325393e+03,9.993160067797628443e-01,9.993160067797628443e-01,9.999999999999655831e-01
9.650000000000000000e+02,6.063273821428300835e+03,-9.966598136285051979e-01,9.966598136285051979e-01,9.999999999998702149e-01
9.760000000000000000e+02,6.132388859807276276e+03,9.983371780973357978e-01,9.983371780973357978e-01,9.999999999999654721e-01
9.870000000000000000e+02,6.201503898186251718e+03,-9.962762085371722476e-01,9.962762085371722476e-01,9.999999999998750999e-01
9.980000000000000000e+02,6.270618936565227159e+03,9.989765565544035386e-01,9.989765565544035386e-01,9.999999999999669154e-01
1.009000000000000000e+03,6.339733974944202600e+03,-9.980782272977537506e-01,9.980782272977537506e-01,9.999999999998741007e-01
1.020000000000000000e+03,6.408849013323178042e+03,9.993935696073843467e-01,9.993935696073843467e-01,9.999999999999684697e-01
1.032000000000000000e+03,6.484247237009332821e+03,9.978684250888671947e-01,9.978684250888671947e-01,9.999999999999904521e-01
1.043000000000000000e+03,6.553362275388308262e+03,-9.984391844219120404e-01,9.984391844219120404e-01,9.999999999999082956e-01
1.055000000000000000e+03,6.628760499074463041e+03,-9.982430870235923237e-01,9.982430870235923237e-01,9.999999999999172884e-01
1.067000000000000000e+03,6.704158722760618730e+03,-9.980912021195259554e-01,9.980912021195259554e-01,9.999999999999048539e-01
1.079000000000000000e+03,6.779556946446773509e+03,-9.979685335833823334e-01,9.979685335833823334e-01,9.999999999998794298e-01
1.091000000000000000e+03,6.854955170132928288e+03,-9.977221722495586143e-01,9.977221722495586143e-01,9.999999999998598899e-01
1.103000000000000000e+03,6.930353393819083976e+03,-9.974921721974245870e-01,9.974921721974245870e-01,9.999999999998639977e-01
1.116000000000000000e+03,7.012034802812418093e+03,9.971430215269150299e-01,9.971430215269150299e-01,9.999999999999911182e-01
1.128000000000000000e+03,7.087433026498572872e+03,9.961381179978113787e-01,9.961381179978113787e-01,1.000000000000008216e+00
1.141000000000000000e+03,7.169114435491907898e+03,-9.978900019211371930e-01,9.978900019211371930e-01,9.999999999998946398e-01
1.153000000000000000e+03,7.244512659178062677e+03,-9.977882079095308221e-01,9.977882079095308221e-01,9.999999999998688827e-01
1.166000000000000000e+03,7.326194068171397703e+03,9.998821936769277663e-01,9.998821936769277663e-01,9.999999999999521494e-01
1.179000000000000000e+03,7.407875477164731819e+03,-9.988234244007001550e-01,9.988234244007001550e-01,9.999999999998926414e-01
1.193000000000000000e+03,7.495840071465246183e+03,-9.977164309030446265e-01,9.977164309030446265e-01,9.999999999998978595e-01
1.206000000000000000e+03,7.577521480458581209e+03,9.981043306949705096e-01,9.981043306949705096e-01,9.999999999999626965e-01
1.219000000000000000e+03,7.659202889451915325e+03,-9.975663834382015871e-01,9.975663834382015871e-01,9.999999999998692157e-01
1.233000000000000000e+03,7.747167483752429689e+03,-9.999311954555691884e-01,9.999311954555691884e-01,9.999999999999001910e-01
1.247000000000000000e+03,7.835132078052944053e+03,-9.978603454122799699e-01,9.978603454122799699e-01,9.999999999998676614e-01
1.261000000000000000e+03,7.923096672353458416e+03,-9.969543687665846088e-01,9.969543687665846088e-01,9.999999999998674394e-01
1.275000000000000000e+03,8.011061266653972780e+03,-9.983786020349347812e-01,9.983786020349347812e-01,9.999999999999084066e-01
1.289000000000000000e+03,8.099025860954486234e+03,-9.974570319452283895e-01,9.974570319452283895e-01,9.999999999998733236e-01
1.304000000000000000e+03,8.193273640562179935e+03,9.991374526136818091e-01,9.991374526136818091e-01,9.999999999999649170e-01
1.318000000000000000e+03,8.281238234862694298e+03,9.973490645644048636e-01,9.973490645644048636e-01,9.999999999999921174e-01
1.333000000000000000e+03,8.375486014470388909e+03,-9.963586229632528379e-01,9.963586229632528379e-01,9.999999999998560041e-01
1.348000000000000000e+03,8.469733794078081701e+03,9.963646660261716859e-01,9.963646660261716859e-01,9.999999999999954481e-01
1.363000000000000000e+03,8.563981573685776311e+03,-9.972603161739622690e-01,9.972603161739622690e-01,9.999999999998629985e-01
1.378000000000000000e+03,8.658229353293469103e+03,9.988694823723230920e-01,9.988694823723230920e-01,9.999999999999684697e-01
1.394000000000000000e+03,8.758760318208343961e+03,9.983708379732769700e-01,9.983708379732769700e-01,9.999999999999604761e-01
1.409000000000000000e+03,8.853008097816036752e+03,-9.973918042909538650e-01,9.973918042909538650e-01,9.999999999998756550e-01
1.425000000000000000e+03,8.953539062730909791e+03,-9.971824942284721605e-01,9.971824942284721605e-01,9.999999999998766542e-01
1.441000000000000000e+03,9.054070027645784648e+03,-9.988222344643923334e-01,9.988222344643923334e-01,9.999999999998783196e-01
1.457000000000000000e+03,9.154600992560657687e+03,-9.981378302875090203e-01,9.981378302875090203e-01,9.999999999998576694e-01
1.474000000000000000e+03,9.261415142782710973e+03,9.969076269100890508e-01,9.969076269100890508e-01,9.999999999999851230e-01
1.490000000000000000e+03,9.361946107697584011e+03,9.980983326110337561e-01,9.980983326110337561e-01,9.999999999999477085e-01
1.507000000000000000e+03,9.468760257919637297e+03,-9.989502483005670008e-01,9.989502483005670008e-01,9.999999999998936406e-01
1.524000000000000000e+03,9.575574408141688764e+03,9.994011525839424648e-01,9.994011525839424648e-01,9.999999999999482636e-01
1.541000000000000000e+03,9.682388558363742050e+03,-9.976393111981857187e-01,9.976393111981857187e-01,9.999999999998561151e-01
1.558000000000000000e+03,9.789202708585795335e+03,9.963267357072201902e-01,9.963267357072201902e-01,9.999999999999857891e-01
1.575000000000000000e+03,9.896016858807848621e+03,-9.966657361414585914e-01,9.966657361414585914e-01,9.999999999998488986e-01
1.593000000000000000e+03,1.000911419433708033e+04,-9.984206024328097229e-01,9.984206024328097229e-01,9.999999999998610001e-01
1.611000000000000000e+03,1.012221152986631387e+04,-9.994646501706517805e-01,9.994646501706517805e-01,9.999999999998849809e-01
1.629000000000000000e+03,1.023530886539554558e+04,-9.970555731201007355e-01,9.970555731201007355e-01,9.999999999998601119e-01
1.647000000000000000e+03,1.034840620092477911e+04,-9.965813090635222693e-01,9.965813090635222693e-01,9.999999999998496758e-01
1.666000000000000000e+03,1.046778672176119107e+04,9.982063689336634349e-01,9.982063689336634349e-01,9.999999999999638067e-01
1.684000000000000000e+03,1.058088405729042279e+04,9.974794802145590111e-01,9.974794802145590111e-01,9.999999999999741318e-01
1.703000000000000000e+03,1.070026457812683475e+04,-9.973269556575404815e-01,9.973269556575404815e-01,9.999999999998645528e-01
1.722000000000000000e+03,1.081964509896324671e+04,9.988470268938753893e-01,9.988470268938753893e-01,9.999999999999348299e-01
1.741000000000000000e+03,1.093902561979966049e+04,-9.979489883898470248e-01,9.979489883898470248e-01,9.999999999998417932e-01
1.761000000000000000e+03,1.106468932594325088e+04,-9.977574812506360136e-01,9.977574812506360136e-01,9.999999999998551159e-01
1.781000000000000000e+03,1.119035303208684309e+04,-9.976068426068356310e-01,9.976068426068356310e-01,9.999999999998753220e-01
1.801000000000000000e+03,1.131601673823043529e+04,-9.991959001504024940e-01,9.991959001504024940e-01,9.999999999998795408e-01
1.821000000000000000e+03,1.144168044437402568e+04,-9.999094846512974755e-01,9.999094846512974755e-01,9.999999999998748779e-01
1.841000000000000000e+03,1.156734415051761789e+04,-9.985008834451728488e-01,9.985008834451728488e-01,9.999999999998744338e-01
1.862000000000000000e+03,1.169929104196839035e+04,9.968660668965256821e-01,9.968660668965256821e-01,9.999999999999688027e-01
1.883000000000000000e+03,1.183123793341916098e+04,-9.996994130816800883e-01,9.996994130816800883e-01,9.999999999998687716e-01
1.904000000000000000e+03,1.196318482486993162e+04,9.975203695631308376e-01,9.975203695631308376e-01,9.999999999999604761e-01
1.925000000000000000e+03,1.209513171632070407e+04,-9.980835189428862719e-01,9.980835189428862719e-01,9.999999999998748779e-01
1.947000000000000000e+03,1.223336179307865496e+04,-9.993447447115095805e-01,9.993447447115095805e-01,9.999999999998752109e-01
1.968000000000000000e+03,1.236530868452942559e+04,9.975860308382670238e-01,9.975860308382670238e-01,9.999999999999634737e-01
1.990000000000000000e+03,1.250353876128737647e+04,9.962777132583442441e-01,9.962777132583442441e-01,9.999999999999686917e-01
2.013000000000000000e+03,1.264805202335250760e+04,-9.975707852788988639e-01,9.975707852788988639e-01,9.999999999998502309e-01
2.035000000000000000e+03,1.278628210011045849e+04,-9.979122456755684656e-01,9.979122456755684656e-01,9.999999999998281375e-01
2.058000000000000000e+03,1.293079536217558780e+04,9.987266412866203646e-01,9.987266412866203646e-01,9.999999999999169553e-01
2.081000000000000000e+03,1.307530862424071893e+04,-9.976183830336275982e-01,9.976183830336275982e-01,9.999999999998496758e-01
2.104000000000000000e+03,1.321982188630585006e+04,9.978532552210345186e-01,9.978532552210345186e-01,9.999999999999558131e-01
2.128000000000000000e+03,1.337061833367815962e+04,9.972852315031467407e-01,9.972852315031467407e-01,9.999999999999457101e-01
2.152000000000000000e+03,1.352141478105046917e+04,9.984853936149094000e-01,9.984853936149094000e-01,9.999999999999171774e-01
2.176000000000000000e+03,1.367221122842278055e+04,9.988219687401409530e-01,9.988219687401409530e-01,9.999999999999349409e-01
2.200000000000000000e+03,1.382300767579509011e+04,9.966852647002503174e-01,9.966852647002503174e-01,9.999999999999568123e-01
2.225000000000000000e+03,1.398008730847457991e+04,-9.963196771455056222e-01,9.963196771455056222e-01,9.999999999998228084e-01
2.250000000000000000e+03,1.413716694115406972e+04,9.985131586921927038e-01,9.985131586921927038e-01,9.999999999999390488e-01
2.275000000000000000e+03,1.429424657383355952e+04,-9.976545567788068780e-01,9.976545567788068780e-01,9.999999999998415712e-01
2.300000000000000000e+03,1.445132620651304751e+04,9.986040689142576809e-01,9.986040689142576809e-01,9.999999999999132916e-01
2.326000000000000000e+03,1.461468902449971756e+04,9.977246650890618795e-01,9.977246650890618795e-01,9.999999999999493738e-01
2.352000000000000000e+03,1.477805184248638761e+04,9.985570848481561956e-01,9.985570848481561956e-01,9.999999999999058531e-01
2.379000000000000000e+03,1.494769784578023609e+04,-9.987029882119449198e-01,9.987029882119449198e-01,9.999999999998513411e-01
2.405000000000000000e+03,1.511106066376690433e+04,-9.977954638428739864e-01,9.977954638428739864e-01,9.999999999998083755e-01
2.432000000000000000e+03,1.528070666706075281e+04,9.964337639833280580e-01,9.964337639833280580e-01,9.999999999999428235e-01
2.459000000000000000e+03,1.545035267035460311e+04,-9.985627000818750876e-01,9.985627000818750876e-01,9.999999999998283595e-01
2.487000000000000000e+03,1.562628185895563183e+04,-9.970031452986169995e-01,9.970031452986169995e-01,9.999999999998057110e-01
2.515000000000000000e+03,1.580221104755665874e+04,-9.983311225780533427e-01,9.983311225780533427e-01,9.999999999998524514e-01
2.543000000000000000e+03,1.597814023615768747e+04,-9.989716057476543121e-01,9.989716057476543121e-01,9.999999999998205880e-01
2.571000000000000000e+03,1.615406942475871620e+04,-9.963614881910664023e-01,9.963614881910664023e-01,9.999999999998072653e-01
2.600000000000000000e+03,1.633628179866692335e+04,9.974559379371159551e-01,9.974559379371159551e-01,9.999999999999333866e-01
2.629000000000000000e+03,1.651849417257513051e+04,-9.992972907572719166e-01,9.992972907572719166e-01,9.999999999998400169e-01
2.659000000000000000e+03,1.670698973179051973e+04,-9.978222697534765429e-01,9.978222697534765429e-01,9.999999999998329114e-01
2.688000000000000000e+03,1.688920210569872870e+04,9.999403823352506215e-01,9.999403823352506215e-01,9.999999999998870903e-01
2.718000000000000000e+03,1.707769766491411428e+04,9.980343674251168640e-01,9.980343674251168640e-01,9.999999999998969713e-01
2.749000000000000000e+03,1.727247640943668375e+04,-9.976347402561418498e-01,9.976347402561418498e-01,9.999999999998016031e-01
2.780000000000000000e+03,1.746725515395924958e+04,9.980709134529786031e-01,9.980709134529786031e-01,9.999999999999021894e-01
2.811000000000000000e+03,1.766203389848181541e+04,-9.974622764566188904e-01,9.974622764566188904e-01,9.999999999998161471e-01
2.842000000000000000e+03,1.785681264300438488e+04,9.981207197318699986e-01,9.981207197318699986e-01,9.999999999999104050e-01
2.874000000000000000e+03,1.805787457283413096e+04,9.970806960986102752e-01,9.970806960986102752e-01,9.999999999999116262e-01
2.906000000000000000e+03,1.825893650266387704e+04,9.990056873879695765e-01,9.990056873879695765e-01,9.999999999998947509e-01
2.939000000000000000e+03,1.846628161780080336e+04,-9.961328324930911471e-01,9.961328324930911471e-01,9.999999999997909450e-01
2.972000000000000000e+03,1.867362673293772968e+04,9.997695206897670994e-01,9.997695206897670994e-01,9.999999999998780975e-01
3.005000000000000000e+03,1.888097184807465601e+04,-9.975635495518176965e-01,9.975635495518176965e-01,9.999999999998080424e-01
3.039000000000000000e+03,1.909460014851876258e+04,-9.995166560984065640e-01,9.995166560984065640e-01,9.999999999998275824e-01
3.073000000000000000e+03,1.930822844896286915e+04,-9.976992162506054251e-01,9.976992162506054251e-01,9.999999999998068212e-01
3.107000000000000000e+03,1.952185674940697572e+04,-9.969791881067227024e-01,9.969791881067227024e-01,9.999999999997813971e-01
3.142000000000000000e+03,1.974176823515825890e+04,9.979298727803866953e-01,9.979298727803866953e-01,9.999999999998968603e-01
3.177000000000000000e+03,1.996167972090954572e+04,-9.986239338304605528e-01,9.986239338304605528e-01,9.999999999998179234e-01
3.213000000000000000e+03,2.018787439196800915e+04,-9.971105895794315499e-01,9.971105895794315499e-01,9.999999999997736255e-01
3.249000000000000000e+03,2.041406906302647621e+04,-9.989768568836503437e-01,9.989768568836503437e-01,9.999999999998225864e-01
3.285000000000000000e+03,2.064026373408493964e+04,-9.970682883445164402e-01,9.970682883445164402e-01,9.999999999997711830e-01
3.322000000000000000e+03,2.087274159045058695e+04,9.970402011707396595e-01,9.970402011707396595e-01,9.999999999999106270e-01
3.359000000000000000e+03,2.110521944681623063e+04,-9.968635547634351335e-01,9.968635547634351335e-01,9.999999999997666311e-01
3.396000000000000000e+03,2.133769730318187430e+04,9.969981073313922693e-01,9.969981073313922693e-01,9.999999999999096278e-01
3.435000000000000000e+03,2.158274153016187847e+04,-9.976091760748362347e-01,9.976091760748362347e-01,9.999999999997805089e-01
3.473000000000000000e+03,2.182150257183470239e+04,-9.976827968100114852e-01,9.976827968100114852e-01,9.999999999997776223e-01
3.512000000000000000e+03,2.206654679881470656e+04,9.964025445860876795e-01,9.964025445860876795e-01,9.999999999999047429e-01
3.551000000000000000e+03,2.231159102579471073e+04,-9.987614680530430000e-01,9.987614680530430000e-01,9.999999999997813971e-01
3.591000000000000000e+03,2.256291843808189515e+04,-9.962441097096865761e-01,9.962441097096865761e-01,9.999999999997637445e-01
3.631000000000000000e+03,2.281424585036907592e+04,-9.978761191500540306e-01,9.978761191500540306e-01,9.999999999997599698e-01
3.672000000000000000e+03,2.307185644796344059e+04,9.970870625258060338e-01,9.970870625258060338e-01,9.999999999998768763e-01
3.713000000000000000e+03,2.332946704555780525e+04,-9.988528334279852539e-01,9.988528334279852539e-01,9.999999999997813971e-01
3.754000000000000000e+03,2.358707764315216627e+04,9.965649039716528712e-01,9.965649039716528712e-01,9.999999999998946398e-01
3.796000000000000000e+03,2.385097142605370755e+04,9.968452795938921307e-01,9.968452795938921307e-01,9.999999999998876454e-01
3.839000000000000000e+03,2.412114839426243270e+04,-9.988581395209537028e-01,9.988581395209537028e-01,9.999999999997799538e-01
3.882000000000000000e+03,2.439132536247115422e+04,9.970863030738009725e-01,9.970863030738009725e-01,9.999999999998665512e-01
3.925000000000000000e+03,2.466150233067987574e+04,-9.978522128043568751e-01,9.978522128043568751e-01,9.999999999997463140e-01
3.969000000000000000e+03,2.493796248419577751e+04,-9.965323971361939037e-01,9.965323971361939037e-01,9.999999999997489786e-01
4.014000000000000000e+03,2.522070582301885952e+04,9.975014456711552846e-01,9.975014456711552846e-01,9.999999999998673283e-01
4.059000000000000000e+03,2.550344916184194153e+04,-9.992282323078237605e-01,9.992282323078237605e-01,9.999999999997761790e-01
4.104000000000000000e+03,2.578619250066502354e+04,9.980339095725480059e-01,9.980339095725480059e-01,9.999999999998383515e-01
4.150000000000000000e+03,2.607521902479528217e+04,9.984096922401651808e-01,9.984096922401651808e-01,9.999999999998521183e-01
4.197000000000000000e+03,2.637052873423272467e+04,-9.977755158295620319e-01,9.977755158295620319e-01,9.999999999997536415e-01
4.244000000000000000e+03,2.666583844367016354e+04,9.974612230306485472e-01,9.974612230306485472e-01,9.999999999998482325e-01
4.291000000000000000e+03,2.696114815310760605e+04,-9.986830799847767892e-01,9.986830799847767892e-01,9.999999999997503108e-01
4.339000000000000000e+03,2.726274104785222517e+04,-9.984091068451745876e-01,9.984091068451745876e-01,9.999999999997607469e-01
4.388000000000000000e+03,2.757061712790402453e+04,9.982677848375426377e-01,9.982677848375426377e-01,9.999999999998220312e-01
4.437000000000000000e+03,2.787849320795582389e+04,-9.992713087868658750e-01,9.992713087868658750e-01,9.999999999997553068e-01
4.486000000000000000e+03,2.818636928800762325e+04,9.980062657627757350e-01,9.980062657627757350e-01,9.999999999998436806e-01
4.537000000000000000e+03,2.850681173867378311e+04,-9.966909206487788442e-01,9.966909206487788442e-01,9.999999999997339906e-01
4.587000000000000000e+03,2.882097100403276272e+04,-9.973734317615982059e-01,9.973734317615982059e-01,9.999999999997138955e-01
4.639000000000000000e+03,2.914769664000609919e+04,-9.976248605584404627e-01,9.976248605584404627e-01,9.999999999997198907e-01
4.691000000000000000e+03,2.947442227597943929e+04,-9.966739869255560880e-01,9.966739869255560880e-01,9.999999999997293276e-01
4.743000000000000000e+03,2.980114791195277576e+04,-9.973307430812143881e-01,9.973307430812143881e-01,9.999999999997273292e-01
4.796000000000000000e+03,3.013415673323329611e+04,9.990076374304677209e-01,9.990076374304677209e-01,9.999999999998134825e-01
4.850000000000000000e+03,3.047344873982099307e+04,9.991038842084791760e-01,9.991038842084791760e-01,9.999999999998017142e-01
4.904000000000000000e+03,3.081274074640869003e+04,9.981705680630359456e-01,9.981705680630359456e-01,9.999999999998036015e-01
4.959000000000000000e+03,3.115831593830356724e+04,-9.986467890068566611e-01,9.986467890068566611e-01,9.999999999997365441e-01
5.015000000000000000e+03,3.151017431550562469e+04,-9.990075473906943060e-01,9.990075473906943060e-01,9.999999999997253308e-01
5.071000000000000000e+03,3.186203269270768214e+04,-9.972028119940179458e-01,9.972028119940179458e-01,9.999999999996961320e-01
5.128000000000000000e+03,3.222017425521691985e+04,9.964203767288154490e-01,9.964203767288154490e-01,9.999999999998367972e-01
5.185000000000000000e+03,3.257831581772615391e+04,-9.964398474344107193e-01,9.964398474344107193e-01,9.999999999997000177e-01
5.243000000000000000e+03,3.294274056554256822e+04,-9.993690419650059775e-01,9.993690419650059775e-01,9.999999999997264410e-01
5.302000000000000000e+03,3.331344849866616278e+04,9.998783720760677785e-01,9.998783720760677785e-01,9.999999999997755129e-01
5.361000000000000000e+03,3.368415643178976461e+04,-9.988890105164988098e-01,9.988890105164988098e-01,9.999999999997225553e-01
5.421000000000000000e+03,3.406114755022053578e+04,-9.982814214847653966e-01,9.982814214847653966e-01,9.999999999997237765e-01
5.482000000000000000e+03,3.444442185395849083e+04,9.980229355462386653e-01,9.980229355462386653e-01,9.999999999997835065e-01
5.543000000000000000e+03,3.482769615769644588e+04,-9.966044711510781973e-01,9.966044711510781973e-01,9.999999999996752598e-01
5.605000000000000000e+03,3.521725364674157754e+04,-9.975144285542967282e-01,9.975144285542967282e-01,9.999999999996747047e-01
5.668000000000000000e+03,3.561309432109389309e+04,9.993688406646198397e-01,9.993688406646198397e-01,9.999999999997694067e-01
5.731000000000000000e+03,3.600893499544620863e+04,-9.976889764056802168e-01,9.976889764056802168e-01,9.999999999996720401e-01
5.796000000000000000e+03,3.641734204041288467e+04,9.993649992451638653e-01,9.993649992451638653e-01,9.999999999997597477e-01
5.861000000000000000e+03,3.682574908537955343e+04,-9.978965733441627073e-01,9.978965733441627073e-01,9.999999999996915800e-01
5.926000000000000000e+03,3.723415613034622947e+04,9.963588148216784290e-01,9.963588148216784290e-01,9.999999999998033795e-01
5.992000000000000000e+03,3.764884636062008212e+04,9.968535899355774887e-01,9.968535899355774887e-01,9.999999999997825073e-01
6.060000000000000000e+03,3.807610296150829527e+04,9.977638126342359692e-01,9.977638126342359692e-01,9.999999999997652989e-01
6.127000000000000000e+03,3.849707637708932452e+04,-9.982591326820824396e-01,9.982591326820824396e-01,9.999999999996940225e-01
6.196000000000000000e+03,3.893061616328471428e+04,9.984798536605856700e-01,9.984798536605856700e-01,9.999999999997500888e-01
6.265000000000000000e+03,3.936415594948011130e+04,-9.978830032920975590e-01,9.978830032920975590e-01,9.999999999996669331e-01
6.335000000000000000e+03,3.980397892098267766e+04,-9.992230503702416167e-01,9.992230503702416167e-01,9.999999999996821431e-01
6.406000000000000000e+03,4.025008507779242791e+04,9.989789871573896418e-01,9.989789871573896418e-01,9.999999999997389866e-01
6.478000000000000000e+03,4.070247441990936204e+04,9.994748760112207586e-01,9.994748760112207586e-01,9.999999999997259970e-01
6.551000000000000000e+03,4.116114694733347278e+04,-9.971580950805232213e-01,9.971580950805232213e-01,9.999999999996291855e-01
6.624000000000000000e+03,4.161981947475757624e+04,9.990779641931561983e-01,9.990779641931561983e-01,9.999999999997241096e-01
6.698000000000000000e+03,4.208477518748887087e+04,9.991691333764738392e-01,9.991691333764738392e-01,9.999999999997186695e-01
6.773000000000000000e+03,4.255601408552733483e+04,-9.973006966450523869e-01,9.973006966450523869e-01,9.999999999996287414e-01
6.849000000000000000e+03,4.303353616887298267e+04,-9.985516765169283326e-01,9.985516765169283326e-01,9.999999999996581623e-01
6.926000000000000000e+03,4.351734143752581440e+04,9.968901394386791015e-01,9.968901394386791015e-01,9.999999999997462030e-01
7.003000000000000000e+03,4.400114670617863885e+04,-9.962843004819337267e-01,9.962843004819337267e-01,9.999999999996175282e-01
7.081000000000000000e+03,4.449123516013864719e+04,-9.982293667657853309e-01,9.982293667657853309e-01,9.999999999996609379e-01
7.161000000000000000e+03,4.499388998471301602e+04,-9.963940364546381989e-01,9.963940364546381989e-01,9.999999999996157518e-01
7.241000000000000000e+03,4.549654480928738485e+04,-9.979454690903596381e-01,9.979454690903596381e-01,9.999999999996381783e-01
7.322000000000000000e+03,4.600548281916893029e+04,9.975197372242805560e-01,9.975197372242805560e-01,9.999999999997365441e-01
7.404000000000000000e+03,4.652070401435765962e+04,9.992285475553551732e-01,9.992285475553551732e-01,9.999999999997030153e-01
7.487000000000000000e+03,4.704220839485356555e+04,-9.980902716896251636e-01,9.980902716896251636e-01,9.999999999995951017e-01
7.571000000000000000e+03,4.756999596065664809e+04,-9.973946129231191504e-01,9.973946129231191504e-01,9.999999999995949906e-01
7.655000000000000000e+03,4.809778352645973064e+04,-9.966887208900629957e-01,9.966887208900629957e-01,9.999999999995958788e-01
7.741000000000000000e+03,4.863813746287717368e+04,-9.978356110262693868e-01,9.978356110262693868e-01,9.999999999996210809e-01
7.828000000000000000e+03,4.918477458460180060e+04,9.970954737840886928e-01,9.970954737840886928e-01,9.999999999997187805e-01
7.915000000000000000e+03,4.973141170632642752e+04,-9.978176567113710149e-01,9.978176567113710149e-01,9.999999999995754507e-01
8.004000000000000000e+03,5.029061519866540766e+04,9.977483865878415958e-01,9.977483865878415958e-01,9.999999999996993516e-01
8.094000000000000000e+03,5.085610187631157169e+04,9.981862001104304660e-01,9.981862001104304660e-01,9.999999999996667110e-01
8.184000000000000000e+03,5.142158855395773571e+04,9.965037102353492271e-01,9.965037102353492271e-01,9.999999999997092326e-01
8.276000000000000000e+03,5.199964160221825296e+04,9.988723093310117873e-01,9.988723093310117873e-01,9.999999999996742606e-01
8.368000000000000000e+03,5.257769465047877748e+04,9.993179265766731767e-01,9.993179265766731767e-01,9.999999999996467270e-01
8.462000000000000000e+03,5.316831406935365521e+04,9.982744642606974361e-01,9.982744642606974361e-01,9.999999999996495026e-01
8.557000000000000000e+03,5.376521667353571684e+04,-9.972539264765741818e-01,9.972539264765741818e-01,9.999999999995488054e-01
8.653000000000000000e+03,5.436840246302496234e+04,-9.982656947689232396e-01,9.982656947689232396e-01,9.999999999995526911e-01
8.749000000000000000e+03,5.497158825251420058e+04,-9.978705975510628878e-01,9.978705975510628878e-01,9.999999999995777822e-01
8.847000000000000000e+03,5.558734041261779930e+04,-9.986879594331509180e-01,9.986879594331509180e-01,9.999999999995720090e-01
8.946000000000000000e+03,5.620937575802858191e+04,9.995293417244228706e-01,9.995293417244228706e-01,9.999999999996228572e-01
9.047000000000000000e+03,5.684397747405371774e+04,-9.974009016126391680e-01,9.974009016126391680e-01,9.999999999995612399e-01
9.148000000000000000e+03,5.747857919007885357e+04,9.984808535405399477e-01,9.984808535405399477e-01,9.999999999996453948e-01
9.250000000000000000e+03,5.811946409141117329e+04,9.985909331702841341e-01,9.985909331702841341e-01,9.999999999996126432e-01
9.354000000000000000e+03,5.877291536335784622e+04,9.991242852536892372e-01,9.991242852536892372e-01,9.999999999996104227e-01
9.458000000000000000e+03,5.942636663530452643e+04,9.986189184664114871e-01,9.986189184664114871e-01,9.999999999996134203e-01
9.564000000000000000e+03,6.009238427786555985e+04,9.985452685199236456e-01,9.985452685199236456e-01,9.999999999996046496e-01
9.671000000000000000e+03,6.076468510573377716e+04,-9.978795387167087583e-01,9.978795387167087583e-01,9.999999999995051736e-01
9.780000000000000000e+03,6.144955230421635497e+04,9.963541950129501945e-01,9.963541950129501945e-01,9.999999999996419531e-01
9.889000000000000000e+03,6.213441950269892550e+04,-9.974663315817967613e-01,9.974663315817967613e-01,9.999999999994916289e-01
1.000000000000000000e+04,6.283185307179586380e+04,9.965995392085240656e-01,9.965995392085240656e-01,9.999999999996306288e-01
1.011200000000000000e+04,6.353556982619997871e+04,9.991068349615018773e-01,9.991068349615018773e-01,9.999999999995787814e-01
1.022500000000000000e+04,6.424556976591127022e+04,-9.970741471563142611e-01,9.970741471563142611e-01,9.999999999994829691e-01
1.033900000000000000e+04,6.496185289092974563e+04,-9.972895999219573149e-01,9.972895999219573149e-01,9.999999999994954036e-01
1.045500000000000000e+04,6.569070238656256697e+04,-9.981669425187598144e-01,9.981669425187598144e-01,9.999999999994794164e-01
1.057200000000000000e+04,6.642583506750258675e+04,9.981176938457583248e-01,9.981176938457583248e-01,9.999999999995624611e-01
1.069100000000000000e+04,6.717353411905695975e+04,-9.987384689496310308e-01,9.987384689496310308e-01,9.999999999994820810e-01
1.081000000000000000e+04,6.792123317061133275e+04,9.973591599581290712e-01,9.973591599581290712e-01,9.999999999995899946e-01
1.093100000000000000e+04,6.868149859278005897e+04,-9.966483480948554741e-01,9.966483480948554741e-01,9.999999999994614308e-01
1.105400000000000000e+04,6.945433038556315296e+04,9.987783602994078080e-01,9.987783602994078080e-01,9.999999999995443645e-01
1.117700000000000000e+04,7.022716217834623239e+04,-9.995090231296647199e-01,9.995090231296647199e-01,9.999999999994793054e-01
1.130200000000000000e+04,7.101256034174367960e+04,9.962768133359424239e-01,9.962768133359424239e-01,9.999999999995762279e-01
1.142900000000000000e+04,7.181052487575549458e+04,-9.984447652182494304e-01,9.984447652182494304e-01,9.999999999994715338e-01
1.155700000000000000e+04,7.261477259507447889e+04,-9.983460064823310720e-01,9.983460064823310720e-01,9.999999999994357847e-01
1.168600000000000000e+04,7.342530349970064708e+04,9.997646651218934366e-01,9.997646651218934366e-01,9.999999999995063948e-01
1.181700000000000000e+04,7.424840077494116849e+04,-9.987950012437720737e-01,9.987950012437720737e-01,9.999999999994602096e-01
1.194900000000000000e+04,7.507778123548887379e+04,-9.963389119172449959e-01,9.963389119172449959e-01,9.999999999994142463e-01
1.208300000000000000e+04,7.591972806665094686e+04,-9.966810972844361016e-01,9.966810972844361016e-01,9.999999999994074740e-01
1.221800000000000000e+04,7.676795808312018926e+04,9.977512915861427301e-01,9.977512915861427301e-01,9.999999999995142774e-01
1.235500000000000000e+04,7.762875447020378488e+04,-9.983655204196703048e-01,9.983655204196703048e-01,9.999999999994015898e-01
1.249300000000000000e+04,7.849583404259456438e+04,-9.977528353774959280e-01,9.977528353774959280e-01,9.999999999993803845e-01
1.263300000000000000e+04,7.937547998559971165e+04,-9.988898898490286005e-01,9.988898898490286005e-01,9.999999999993954836e-01
1.277500000000000000e+04,8.026769229921921215e+04,-9.982317542562291202e-01,9.982317542562291202e-01,9.999999999993867128e-01
1.291800000000000000e+04,8.116618779814589652e+04,9.977739651193232584e-01,9.977739651193232584e-01,9.999999999994966249e-01
1.306200000000000000e+04,8.207096648237975023e+04,9.994244069107515172e-01,9.994244069107515172e-01,9.999999999994533262e-01
1.320900000000000000e+04,8.299459472253515560e+04,-9.977084912320162147e-01,9.977084912320162147e-01,9.999999999993555155e-01
1.335600000000000000e+04,8.391822296269056096e+04,9.996349248811662314e-01,9.996349248811662314e-01,9.999999999994393374e-01
1.350600000000000000e+04,8.486070075876748888e+04,9.980876373793388101e-01,9.980876373793388101e-01,9.999999999994693134e-01
1.365700000000000000e+04,8.580946174015161523e+04,-9.984545458988023370e-01,9.984545458988023370e-01,9.999999999993455235e-01
1.381000000000000000e+04,8.677078909215008025e+04,9.980803224199639168e-01,9.980803224199639168e-01,9.999999999994502176e-01
1.396500000000000000e+04,8.774468281476292759e+04,-9.971972078460041855e-01,9.971972078460041855e-01,9.999999999993225419e-01
1.412100000000000000e+04,8.872485972268294427e+04,-9.962170922864386213e-01,9.962170922864386213e-01,9.999999999993149924e-01
1.427900000000000000e+04,8.971760300121731416e+04,-9.962259973318137174e-01,9.962259973318137174e-01,9.999999999993114397e-01
1.443900000000000000e+04,9.072291265036605182e+04,-9.983794545239531582e-01,9.983794545239531582e-01,9.999999999993247624e-01
1.460000000000000000e+04,9.173450548482195882e+04,9.977055949819546576e-01,9.977055949819546576e-01,9.999999999994277911e-01
1.476400000000000000e+04,9.276494787519941747e+04,9.984063981572174340e-01,9.984063981572174340e-01,9.999999999993923749e-01
1.492900000000000000e+04,9.380167345088404545e+04,-9.960891124660993245e-01,9.960891124660993245e-01,9.999999999992856825e-01
1.509600000000000000e+04,9.485096539718302665e+04,9.987297916391677521e-01,9.987297916391677521e-01,9.999999999993790523e-01
1.526500000000000000e+04,9.591282371409639018e+04,-9.973387933487555257e-01,9.973387933487555257e-01,9.999999999992609245e-01
1.543600000000000000e+04,9.698724840162409237e+04,9.977207609163682989e-01,9.977207609163682989e-01,9.999999999993690603e-01
1.560900000000000000e+04,9.807423945976616233e+04,-9.988712797776106989e-01,9.988712797776106989e-01,9.999999999992783550e-01
1.578400000000000000e+04,9.917379688852258550e+04,9.972385995910976186e-01,9.972385995910976186e-01,9.999999999993709476e-01
1.596000000000000000e+04,1.002796375025861926e+05,9.988790067847855836e-01,9.988790067847855836e-01,9.999999999993341993e-01
1.613900000000000000e+04,1.014043276725713367e+05,-9.979047397778852968e-01,9.979047397778852968e-01,9.999999999992348343e-01
1.632000000000000000e+04,1.025415842131708487e+05,9.968658779747155974e-01,9.968658779747155974e-01,9.999999999993577360e-01
1.650200000000000000e+04,1.036851239390775299e+05,9.979391541470241656e-01,9.979391541470241656e-01,9.999999999993302024e-01
1.668700000000000000e+04,1.048475132209057483e+05,-9.987473629096318417e-01,9.987473629096318417e-01,9.999999999992450483e-01
1.687400000000000000e+04,1.060224688733483345e+05,9.983959493050259537e-01,9.983959493050259537e-01,9.999999999992982280e-01
1.706300000000000000e+04,1.072099908964052738e+05,-9.982863860057759053e-01,9.982863860057759053e-01,9.999999999991979749e-01
1.725400000000000000e+04,1.084100792900765809e+05,9.966279033008014210e-01,9.966279033008014210e-01,9.999999999993147703e-01
1.744700000000000000e+04,1.096227340543622413e+05,-9.980573737189161188e-01,9.980573737189161188e-01,9.999999999991898703e-01
1.764200000000000000e+04,1.108479551892622549e+05,9.983396694911915725e-01,9.983396694911915725e-01,9.999999999992861266e-01
1.784000000000000000e+04,1.120920258800838201e+05,9.980199345562175139e-01,9.980199345562175139e-01,9.999999999992628119e-01
1.803900000000000000e+04,1.133423797562125546e+05,-9.968621215913243683e-01,9.968621215913243683e-01,9.999999999991552313e-01
1.824100000000000000e+04,1.146115831882628263e+05,-9.993937128848575657e-01,9.993937128848575657e-01,9.999999999991722177e-01
1.844500000000000000e+04,1.158933529909274657e+05,-9.982348424720224322e-01,9.982348424720224322e-01,9.999999999991414645e-01
1.865200000000000000e+04,1.171939723495136423e+05,9.970700538799527335e-01,9.970700538799527335e-01,9.999999999992623678e-01
1.886100000000000000e+04,1.185071580787141720e+05,-9.986599477501147959e-01,9.986599477501147959e-01,9.999999999991596722e-01
1.907200000000000000e+04,1.198329101785290695e+05,9.961743699844144428e-01,9.961743699844144428e-01,9.999999999992490451e-01
1.928500000000000000e+04,1.211712286489583203e+05,-9.966187952571102793e-01,9.966187952571102793e-01,9.999999999991140420e-01
1.950100000000000000e+04,1.225283966753091081e+05,-9.981153437902403613e-01,9.981153437902403613e-01,9.999999999991291411e-01
1.971900000000000000e+04,1.238981310722742637e+05,-9.966312852938650213e-01,9.966312852938650213e-01,9.999999999990882849e-01
1.994000000000000000e+04,1.252867150251609564e+05,9.977805991489168136e-01,9.977805991489168136e-01,9.999999999991756594e-01
2.016300000000000000e+04,1.266878653486620024e+05,-9.984085550524796071e-01,9.984085550524796071e-01,9.999999999991060484e-01
2.038900000000000000e+04,1.281078652280845854e+05,-9.966405310103209070e-01,9.966405310103209070e-01,9.999999999990517585e-01
2.061700000000000000e+04,1.295404314781215362e+05,-9.988330015859969713e-01,9.988330015859969713e-01,9.999999999990693000e-01
2.084800000000000000e+04,1.309918472840800096e+05,9.980118046691393019e-01,9.980118046691393019e-01,9.999999999991538990e-01
2.108100000000000000e+04,1.324558294606528652e+05,-9.972140548758245959e-01,9.972140548758245959e-01,9.999999999990213384e-01
2.131700000000000000e+04,1.339386611931472435e+05,-9.978721350049695182e-01,9.978721350049695182e-01,9.999999999990477617e-01
2.155600000000000000e+04,1.354403424815631588e+05,9.990821838988726000e-01,9.990821838988726000e-01,9.999999999990947241e-01
2.179700000000000000e+04,1.369545901405934419e+05,-9.977000762258582123e-01,9.977000762258582123e-01,9.999999999989828137e-01
2.204100000000000000e+04,1.384876873555452621e+05,-9.976449424899600515e-01,9.976449424899600515e-01,9.999999999990106803e-01
2.228800000000000000e+04,1.400396341264186194e+05,9.987261677855472364e-01,9.987261677855472364e-01,9.999999999990745181e-01
2.253700000000000000e+04,1.416041472679063445e+05,-9.988263836757900194e-01,9.988263836757900194e-01,9.999999999989999111e-01
2.279000000000000000e+04,1.431937931506227760e+05,9.970839882827347012e-01,9.970839882827347012e-01,9.999999999990820676e-01
2.304500000000000000e+04,1.447960054039535753e+05,-9.968233145264188133e-01,9.968233145264188133e-01,9.999999999989345190e-01
2.330300000000000000e+04,1.464170672132059117e+05,-9.994532972269832838e-01,9.994532972269832838e-01,9.999999999989689359e-01
2.356400000000000000e+04,1.480569785783797561e+05,9.968365441799955651e-01,9.968365441799955651e-01,9.999999999990432098e-01
2.382700000000000000e+04,1.497094563141679973e+05,-9.997131619810091241e-01,9.997131619810091241e-01,9.999999999989376276e-01
2.409400000000000000e+04,1.513870667911849450e+05,9.980944642007710810e-01,9.980944642007710810e-01,9.999999999989996891e-01
2.436400000000000000e+04,1.530835268241234298e+05,9.960843761135251828e-01,9.960843761135251828e-01,9.999999999990225596e-01
2.463700000000000000e+04,1.547988364129834517e+05,-9.992351213239368812e-01,9.992351213239368812e-01,9.999999999989079846e-01
2.491200000000000000e+04,1.565267123724578414e+05,9.984300963128003303e-01,9.984300963128003303e-01,9.999999999989725996e-01
2.519100000000000000e+04,1.582797210731609666e+05,-9.988604407276920893e-01,9.988604407276920893e-01,9.999999999988754551e-01
2.547300000000000000e+04,1.600515793297855998e+05,-9.973692438695354046e-01,9.973692438695354046e-01,9.999999999988472554e-01
2.575800000000000000e+04,1.618422871423317702e+05,9.972140322700498993e-01,9.972140322700498993e-01,9.999999999989466204e-01
2.604700000000000000e+04,1.636581276961066760e+05,-9.966078185938936906e-01,9.966078185938936906e-01,9.999999999988224975e-01
2.633800000000000000e+04,1.654865346204959496e+05,9.962672681911716177e-01,9.962672681911716177e-01,9.999999999989391819e-01
2.663300000000000000e+04,1.673400742861139297e+05,-9.981210095641502855e-01,9.981210095641502855e-01,9.999999999988229415e-01
2.693100000000000000e+04,1.692124635076534469e+05,-9.970420546082373603e-01,9.970420546082373603e-01,9.999999999987709831e-01
2.723300000000000000e+04,1.711099854704216705e+05,-9.982408660224374453e-01,9.982408660224374453e-01,9.999999999987690957e-01
2.753700000000000000e+04,1.730200738038042618e+05,-9.983482944344598264e-01,9.983482944344598264e-01,9.999999999987602139e-01
2.784600000000000000e+04,1.749615780637227581e+05,9.981087338486256400e-01,9.981087338486256400e-01,9.999999999988361532e-01
2.815700000000000000e+04,1.769156486942556221e+05,-9.969639840499620043e-01,9.969639840499620043e-01,9.999999999987367882e-01
2.847300000000000000e+04,1.789011352513243619e+05,-9.978028564315583049e-01,9.978028564315583049e-01,9.999999999987024824e-01
2.879100000000000000e+04,1.808991881790074694e+05,-9.970661764560949658e-01,9.970661764560949658e-01,9.999999999987068122e-01
2.911400000000000000e+04,1.829286570332264819e+05,9.993455138672593385e-01,9.993455138672593385e-01,9.999999999987712052e-01
2.943900000000000000e+04,1.849706922580598330e+05,-9.966562104725554816e-01,9.966562104725554816e-01,9.999999999986657340e-01
2.976900000000000000e+04,1.870441434094290889e+05,-9.991851205295749772e-01,9.991851205295749772e-01,9.999999999986838306e-01
3.010200000000000000e+04,1.891364441167199111e+05,9.983815903084605203e-01,9.983815903084605203e-01,9.999999999987302379e-01
3.043900000000000000e+04,1.912538775652394397e+05,-9.981747886521539215e-01,9.981747886521539215e-01,9.999999999986250998e-01
3.078000000000000000e+04,1.933964437549876748e+05,9.970794317584016353e-01,9.970794317584016353e-01,9.999999999987441157e-01
3.112400000000000000e+04,1.955578595006574469e+05,9.965028947681511262e-01,9.965028947681511262e-01,9.999999999987292387e-01
3.147300000000000000e+04,1.977506911728631239e+05,-9.983467138789594575e-01,9.983467138789594575e-01,9.999999999986149968e-01
3.182500000000000000e+04,1.999623724009903381e+05,-9.979147190234656239e-01,9.979147190234656239e-01,9.999999999985678123e-01
3.218100000000000000e+04,2.021991863703462586e+05,-9.977701034656262236e-01,9.977701034656262236e-01,9.999999999985429433e-01
3.254200000000000000e+04,2.044674162662380841e+05,9.978183433263997371e-01,9.978183433263997371e-01,9.999999999986654009e-01
3.290600000000000000e+04,2.067544957180514757e+05,9.997799803205117408e-01,9.997799803205117408e-01,9.999999999986085575e-01
3.327400000000000000e+04,2.090667079110935447e+05,9.994376615072555481e-01,9.994376615072555481e-01,9.999999999985983434e-01
3.364700000000000000e+04,2.114103360306715476e+05,-9.982725480122504047e-01,9.982725480122504047e-01,9.999999999985126342e-01
3.402300000000000000e+04,2.137728137061710586e+05,-9.984048607524198538e-01,9.984048607524198538e-01,9.999999999985180743e-01
3.440400000000000000e+04,2.161667073082064744e+05,9.975594632770032888e-01,9.975594632770032888e-01,9.999999999985704768e-01
3.478900000000000000e+04,2.185857336514706258e+05,-9.998547968149550380e-01,9.998547968149550380e-01,9.999999999984776622e-01
3.517900000000000000e+04,2.210361759212706529e+05,-9.983032349835201380e-01,9.983032349835201380e-01,9.999999999984614529e-01
3.557200000000000000e+04,2.235054677469922462e+05,9.990322637686704921e-01,9.990322637686704921e-01,9.999999999984983123e-01
3.597100000000000000e+04,2.260124586845568847e+05,-9.969789276943645806e-01,9.969789276943645806e-01,9.999999999983837373e-01
3.637300000000000000e+04,2.285382991780430893e+05,-9.986673317172449771e-01,9.986673317172449771e-01,9.999999999984040544e-01
3.678000000000000000e+04,2.310955555980651698e+05,9.984267554277157508e-01,9.984267554277157508e-01,9.999999999984484633e-01
3.719200000000000000e+04,2.336842279446231842e+05,9.984751851142938950e-01,9.984751851142938950e-01,9.999999999984550136e-01
3.760800000000000000e+04,2.362980330324098759e+05,9.990305260741900728e-01,9.990305260741900728e-01,9.999999999984131582e-01
3.802900000000000000e+04,2.389432540467324725e+05,-9.961553871069380728e-01,9.961553871069380728e-01,9.999999999983052446e-01
3.845500000000000000e+04,2.416198909875910031e+05,-9.979459854075156677e-01,9.979459854075156677e-01,9.999999999983238963e-01
3.888500000000000000e+04,2.443216606696782110e+05,-9.984077449626069800e-01,9.984077449626069800e-01,9.999999999983074650e-01
3.932100000000000000e+04,2.470611294636085222e+05,-9.966676961087845843e-01,9.966676961087845843e-01,9.999999999982494003e-01
3.976100000000000000e+04,2.498257309987675399e+05,-9.961344684119762816e-01,9.961344684119762816e-01,9.999999999982284171e-01
4.020600000000000000e+04,2.526217484604624333e+05,9.965237503915894690e-01,9.965237503915894690e-01,9.999999999983441024e-01
4.065600000000000000e+04,2.554491818486932607e+05,9.981939975037017465e-01,9.981939975037017465e-01,9.999999999983031351e-01
4.111100000000000000e+04,2.583080311634599639e+05,-9.996023341773629944e-01,9.996023341773629944e-01,9.999999999982059906e-01
4.157100000000000000e+04,2.611982964047625719e+05,-9.985418835473295340e-01,9.985418835473295340e-01,9.999999999981907806e-01
4.203700000000000000e+04,2.641262607579082833e+05,-9.975604192257074843e-01,9.975604192257074843e-01,9.999999999981500354e-01
4.250700000000000000e+04,2.670793578522827011e+05,-9.991109579023478293e-01,9.991109579023478293e-01,9.999999999981517007e-01
4.298300000000000000e+04,2.700701540585001349e+05,-9.971640271130080002e-01,9.971640271130080002e-01,9.999999999980964116e-01
4.346400000000000000e+04,2.730923661912535317e+05,9.966562862201501227e-01,9.966562862201501227e-01,9.999999999981989962e-01
4.395100000000000000e+04,2.761522774358500028e+05,-9.977042985898265659e-01,9.977042985898265659e-01,9.999999999980450083e-01
4.444300000000000000e+04,2.792436046069823788e+05,-9.974232374438637416e-01,9.974232374438637416e-01,9.999999999980271337e-01
4.494000000000000000e+04,2.823663477046506014e+05,9.979319095911697302e-01,9.979319095911697302e-01,9.999999999981257215e-01
4.544300000000000000e+04,2.855267899141619564e+05,-9.970957584719398747e-01,9.970957584719398747e-01,9.999999999980025978e-01
4.595200000000000000e+04,2.887249312355163274e+05,9.966252185422073140e-01,9.966252185422073140e-01,9.999999999981000753e-01
4.646600000000000000e+04,2.919544884834066615e+05,9.968471102383449356e-01,9.968471102383449356e-01,9.999999999980812015e-01
4.698600000000000000e+04,2.952217448431400117e+05,9.994685677623300624e-01,9.994685677623300624e-01,9.999999999980168086e-01
4.751200000000000000e+04,2.985267003147164942e+05,9.988325632637125029e-01,9.988325632637125029e-01,9.999999999980047072e-01
4.804400000000000000e+04,3.018693548981360509e+05,9.978992373180940456e-01,9.978992373180940456e-01,9.999999999979769516e-01
4.858200000000000000e+04,3.052497085933986818e+05,9.993260805520227663e-01,9.993260805520227663e-01,9.999999999979508614e-01
4.912600000000000000e+04,3.086677614005043288e+05,9.984669747188883449e-01,9.984669747188883449e-01,9.999999999979236609e-01
4.967500000000000000e+04,3.121172301341459388e+05,-9.987322573305409401e-01,9.987322573305409401e-01,9.999999999978258503e-01
5.023200000000000000e+04,3.156169643502449617e+05,9.971471546710569678e-01,9.971471546710569678e-01,9.999999999979070076e-01
5.079400000000000000e+04,3.191481144928798894e+05,9.978936644967814074e-01,9.978936644967814074e-01,9.999999999978664844e-01
5.136200000000000000e+04,3.227169637473578914e+05,9.993542751076524011e-01,9.993542751076524011e-01,9.999999999978268495e-01
5.193700000000000000e+04,3.263297952989861951e+05,-9.989620258439334544e-01,9.989620258439334544e-01,9.999999999977354781e-01
5.251900000000000000e+04,3.299866091477646842e+05,-9.979691082635651078e-01,9.979691082635651078e-01,9.999999999976855181e-01
5.310700000000000000e+04,3.336811221083863056e+05,-9.977350209536306469e-01,9.977350209536306469e-01,9.999999999976617593e-01
5.370100000000000000e+04,3.374133341808509431e+05,-9.977437575412363424e-01,9.977437575412363424e-01,9.999999999976650900e-01
5.430200000000000000e+04,3.411895285504658823e+05,9.981908112483761641e-01,9.981908112483761641e-01,9.999999999977091658e-01
5.491000000000000000e+04,3.450097052172310650e+05,9.991212743022551690e-01,9.991212743022551690e-01,9.999999999976864062e-01
5.552500000000000000e+04,3.488738641811465495e+05,-9.981892221168714441e-01,9.981892221168714441e-01,9.999999999976043608e-01
5.614600000000000000e+04,3.527757222569050500e+05,9.976178318079974572e-01,9.976178318079974572e-01,9.999999999976670884e-01
5.677500000000000000e+04,3.567278458151210216e+05,-9.986174372780173281e-01,9.986174372780173281e-01,9.999999999975550669e-01
5.741000000000000000e+04,3.607176684851800674e+05,9.982594556845105771e-01,9.982594556845105771e-01,9.999999999975742737e-01
5.805300000000000000e+04,3.647577566376965260e+05,-9.977151261430959872e-01,9.977151261430959872e-01,9.999999999974632514e-01
5.870200000000000000e+04,3.688355439020560589e+05,9.993254038588796906e-01,9.993254038588796906e-01,9.999999999975119902e-01
5.936000000000000000e+04,3.729698798341802321e+05,9.972484568396655646e-01,9.972484568396655646e-01,9.999999999975233145e-01
6.002400000000000000e+04,3.771419148781474796e+05,9.981085277578251036e-01,9.981085277578251036e-01,9.999999999974656939e-01
6.069600000000000000e+04,3.813642154045721400e+05,9.982571945183238427e-01,9.982571945183238427e-01,9.999999999974392706e-01
6.137500000000000000e+04,3.856304982281471021e+05,-9.995642225555052551e-01,9.995642225555052551e-01,9.999999999973464559e-01
6.206200000000000000e+04,3.899470465341794770e+05,9.982536423324678276e-01,9.982536423324678276e-01,9.999999999973758769e-01
6.275700000000000000e+04,3.943138603226692649e+05,-9.986762555938100139e-01,9.986762555938100139e-01,9.999999999972646325e-01
6.345900000000000000e+04,3.987246564083093544e+05,-9.966793825569086884e-01,9.966793825569086884e-01,9.999999999972281062e-01
6.417000000000000000e+04,4.031920011617140262e+05,9.971844432685577075e-01,9.971844432685577075e-01,9.999999999973070430e-01
6.488800000000000000e+04,4.077033282122689998e+05,9.981063768605139552e-01,9.981063768605139552e-01,9.999999999972650766e-01
6.561400000000000000e+04,4.122649207452813862e+05,9.971478301458071014e-01,9.971478301458071014e-01,9.999999999972560838e-01
6.634900000000000000e+04,4.168830619460583548e+05,-9.978276145931934682e-01,9.978276145931934682e-01,9.999999999971372899e-01
6.709200000000000000e+04,4.215514686292927945e+05,9.987125573262298772e-01,9.987125573262298772e-01,9.999999999971652676e-01
6.784300000000000000e+04,4.262701407949846471e+05,-9.993554789322675047e-01,9.993554789322675047e-01,9.999999999970684561e-01
6.860200000000000000e+04,4.310390784431339707e+05,9.979105466060531615e-01,9.979105466060531615e-01,9.999999999971042053e-01
6.937000000000000000e+04,4.358645647590478766e+05,9.997786481108437151e-01,9.997786481108437151e-01,9.999999999970593523e-01
7.014600000000000000e+04,4.407403165574192535e+05,9.989151060930949733e-01,9.989151060930949733e-01,9.999999999970335951e-01
7.093200000000000000e+04,4.456789002088623820e+05,9.974907921511276809e-01,9.974907921511276809e-01,9.999999999970164977e-01
7.172500000000000000e+04,4.506614661574558122e+05,-9.979507914160787863e-01,9.979507914160787863e-01,9.999999999969133579e-01
7.252800000000000000e+04,4.557068639591210522e+05,9.974999189346456241e-01,9.974999189346456241e-01,9.999999999969472197e-01
7.334000000000000000e+04,4.608088104285508743e+05,9.984694714346915578e-01,9.984694714346915578e-01,9.999999999969086950e-01
7.416100000000000000e+04,4.659673055657452787e+05,-9.996304376037798978e-01,9.996304376037798978e-01,9.999999999968014475e-01
7.499100000000000000e+04,4.711823493707043235e+05,-9.982163631669029868e-01,9.982163631669029868e-01,9.999999999967795761e-01
7.583100000000000000e+04,4.764602250287351781e+05,-9.998002260077953895e-01,9.998002260077953895e-01,9.999999999967355002e-01
7.667900000000000000e+04,4.817883661692235037e+05,-9.973793611499938150e-01,9.973793611499938150e-01,9.999999999966801001e-01
7.753800000000000000e+04,4.871856223480907502e+05,9.981915021576697189e-01,9.981915021576697189e-01,9.999999999967207343e-01
7.840600000000000000e+04,4.926394271947226371e+05,9.964337562505541923e-01,9.964337562505541923e-01,9.999999999967206232e-01
7.928300000000000000e+04,4.981497807091191062e+05,-9.970006186724132968e-01,9.970006186724132968e-01,9.999999999965726305e-01
8.017100000000000000e+04,5.037292492618946126e+05,-9.975753856518038143e-01,9.975753856518038143e-01,9.999999999965311082e-01
8.106800000000000000e+04,5.093652664824347012e+05,9.989974000742137816e-01,9.989974000742137816e-01,9.999999999965791808e-01
8.197600000000000000e+04,5.150703987413537689e+05,9.967065289185701449e-01,9.967065289185701449e-01,9.999999999965676345e-01
8.289300000000000000e+04,5.208320796680374187e+05,-9.969511177230018228e-01,9.969511177230018228e-01,9.999999999963948838e-01
8.382100000000000000e+04,5.266628756331000477e+05,-9.998007513259458134e-01,9.998007513259458134e-01,9.999999999963965491e-01
8.475900000000000000e+04,5.325565034512345446e+05,-9.983864877113722835e-01,9.983864877113722835e-01,9.999999999963349318e-01
8.570800000000000000e+04,5.385192463077480206e+05,9.996256747887418692e-01,9.996256747887418692e-01,9.999999999963735675e-01
8.666700000000000000e+04,5.445448210173331900e+05,-9.992766407558740793e-01,9.992766407558740793e-01,9.999999999962794206e-01
8.763800000000000000e+04,5.506457939506046241e+05,9.981860749949572620e-01,9.981860749949572620e-01,9.999999999962938535e-01
8.861900000000000000e+04,5.568095987369477516e+05,-9.996513541590481555e-01,9.996513541590481555e-01,9.999999999961904917e-01
8.961100000000000000e+04,5.630425185616698582e+05,-9.968889506399485345e-01,9.968889506399485345e-01,9.999999999961207697e-01
9.061400000000000000e+04,5.693445534247710602e+05,9.963540793225846848e-01,9.963540793225846848e-01,9.999999999962096986e-01
9.162800000000000000e+04,5.757157033262511250e+05,9.981634080133647835e-01,9.981634080133647835e-01,9.999999999961237673e-01
9.265400000000000000e+04,5.821622514514173381e+05,9.968085675864035711e-01,9.968085675864035711e-01,9.999999999961135533e-01
9.369100000000000000e+04,5.886779146149626467e+05,-9.997128937322813380e-01,9.997128937322813380e-01,9.999999999959823249e-01
9.473900000000000000e+04,5.952626928168868180e+05,-9.979509115075109182e-01,9.979509115075109182e-01,9.999999999959244823e-01
9.580000000000000000e+04,6.019291524278043071e+05,9.983148773561911771e-01,9.983148773561911771e-01,9.999999999959742203e-01
9.687200000000000000e+04,6.086647270771008916e+05,9.967329163949127935e-01,9.967329163949127935e-01,9.999999999959456876e-01
9.795600000000000000e+04,6.154756999500835082e+05,9.966664607690802757e-01,9.966664607690802757e-01,9.999999999958918417e-01
9.905300000000000000e+04,6.223683542320595589e+05,-9.974034209646055471e-01,9.974034209646055471e-01,9.999999999957268626e-01
1.001620000000000000e+05,6.293364067377217580e+05,9.987909492578831427e-01,9.987909492578831427e-01,9.999999999957747132e-01
1.012830000000000000e+05,6.363798574670699891e+05,-9.981801573827671081e-01,9.981801573827671081e-01,9.999999999956648011e-01
1.024170000000000000e+05,6.435049896054116543e+05,-9.996502466945186294e-01,9.996502466945186294e-01,9.999999999956077357e-01
1.035630000000000000e+05,6.507055199674394680e+05,-9.983127826959118378e-01,9.983127826959118378e-01,9.999999999955480057e-01
1.047220000000000000e+05,6.579877317384605994e+05,9.990630386832967114e-01,9.990630386832967114e-01,9.999999999955686558e-01
1.058940000000000000e+05,6.653516249184750486e+05,9.981626986823463055e-01,9.981626986823463055e-01,9.999999999955431207e-01
1.070800000000000000e+05,6.728034826927901013e+05,9.973048257807644035e-01,9.973048257807644035e-01,9.999999999954989338e-01
1.082780000000000000e+05,6.803307386907911859e+05,9.978435894442351239e-01,9.978435894442351239e-01,9.999999999954382046e-01
1.094900000000000000e+05,6.879459592830928741e+05,9.977079157207356941e-01,9.977079157207356941e-01,9.999999999953810281e-01
1.107160000000000000e+05,6.956491444696950493e+05,9.988065288317704571e-01,9.988065288317704571e-01,9.999999999953097518e-01
1.119550000000000000e+05,7.034340110652905423e+05,-9.963216972608024413e-01,9.963216972608024413e-01,9.999999999951662000e-01
1.132080000000000000e+05,7.113068422551866388e+05,9.969734474875038277e-01,9.969734474875038277e-01,9.999999999952424723e-01
1.144760000000000000e+05,7.192739212246902753e+05,9.997466217080888118e-01,9.997466217080888118e-01,9.999999999951497687e-01
1.157570000000000000e+05,7.273226816031873459e+05,-9.969703491890928859e-01,9.969703491890928859e-01,9.999999999950129892e-01
1.170530000000000000e+05,7.354656897612920729e+05,-9.982020460185631050e-01,9.982020460185631050e-01,9.999999999949995555e-01
1.183630000000000000e+05,7.436966625136974035e+05,-9.978036028317561756e-01,9.978036028317561756e-01,9.999999999949312768e-01
1.196880000000000000e+05,7.520218830457102740e+05,9.971909778635215105e-01,9.971909778635215105e-01,9.999999999949781282e-01
1.210280000000000000e+05,7.604413513573309174e+05,9.988018359408310509e-01,9.988018359408310509e-01,9.999999999948775420e-01
1.223820000000000000e+05,7.689487842632521642e+05,9.997130364862635288e-01,9.997130364862635288e-01,9.999999999948161467e-01
1.237520000000000000e+05,7.775567481340881204e+05,9.969904714137136637e-01,9.969904714137136637e-01,9.999999999948052665e-01
1.251370000000000000e+05,7.862589597845318494e+05,-9.995375552227714344e-01,9.995375552227714344e-01,9.999999999946512785e-01
1.265380000000000000e+05,7.950617023998905206e+05,9.993847272319963393e-01,9.993847272319963393e-01,9.999999999946398432e-01
1.279540000000000000e+05,8.039586927948567318e+05,9.974625177793083886e-01,9.974625177793083886e-01,9.999999999946038720e-01
1.293870000000000000e+05,8.129624973400451709e+05,-9.978520091599030195e-01,9.978520091599030195e-01,9.999999999944537699e-01
1.308350000000000000e+05,8.220605496648411499e+05,-9.975070601058293462e-01,9.975070601058293462e-01,9.999999999943778306e-01
1.323000000000000000e+05,8.312654161398592405e+05,9.967020302550445576e-01,9.967020302550445576e-01,9.999999999944305662e-01
1.337800000000000000e+05,8.405645303944851039e+05,9.976322527420811159e-01,9.976322527420811159e-01,9.999999999943699480e-01
1.352780000000000000e+05,8.499767419846400153e+05,9.967509150713024235e-01,9.967509150713024235e-01,9.999999999943081086e-01
1.367920000000000000e+05,8.594894845397099853e+05,9.965983814494278059e-01,9.965983814494278059e-01,9.999999999942529305e-01
1.383230000000000000e+05,8.691090412450019503e+05,-9.982705241979321631e-01,9.982705241979321631e-01,9.999999999940876183e-01
1.398720000000000000e+05,8.788416952858230798e+05,9.985267621077904554e-01,9.985267621077904554e-01,9.999999999940828443e-01
1.414370000000000000e+05,8.886748802915591514e+05,-9.968341190493286152e-01,9.968341190493286152e-01,9.999999999939137574e-01
1.430200000000000000e+05,8.986211626328243874e+05,9.983263054518762836e-01,9.983263054518762836e-01,9.999999999939667150e-01
1.446210000000000000e+05,9.086805423096189043e+05,-9.985562605701411298e-01,9.985562605701411298e-01,9.999999999937927431e-01
1.462400000000000000e+05,9.188530193219427019e+05,9.966528103802079208e-01,9.966528103802079208e-01,9.999999999938482542e-01
1.478770000000000000e+05,9.291385936697956640e+05,-9.993936929392607249e-01,9.993936929392607249e-01,9.999999999936726169e-01
1.495320000000000000e+05,9.395372653531779069e+05,9.986979679276694055e-01,9.986979679276694055e-01,9.999999999936695083e-01
1.512060000000000000e+05,9.500553175573964836e+05,9.973203531176425551e-01,9.973203531176425551e-01,9.999999999936366457e-01
1.528990000000000000e+05,9.606927502824515104e+05,-9.993026194887104641e-01,9.993026194887104641e-01,9.999999999934611195e-01
1.546100000000000000e+05,9.714432803430358181e+05,9.962914850162345459e-01,9.962914850162345459e-01,9.999999999934995332e-01
1.563410000000000000e+05,9.823194741097637452e+05,-9.983072603677878298e-01,9.983072603677878298e-01,9.999999999933326666e-01
1.580910000000000000e+05,9.933150483973280061e+05,-9.966405709786068101e-01,9.966405709786068101e-01,9.999999999932218664e-01
1.598600000000000000e+05,1.004430003205728601e+06,9.976077685454426414e-01,9.976077685454426414e-01,9.999999999932683847e-01
1.616500000000000000e+05,1.015676904905580101e+06,9.982317293221458776e-01,9.982317293221458776e-01,9.999999999931580286e-01
1.634590000000000000e+05,1.027043187126267934e+06,-9.981933687638795405e-01,9.981933687638795405e-01,9.999999999930275774e-01
1.652890000000000000e+05,1.038541416238406673e+06,-9.976384603833304832e-01,9.976384603833304832e-01,9.999999999929377603e-01
1.671390000000000000e+05,1.050165309056688799e+06,-9.976528949425452764e-01,9.976528949425452764e-01,9.999999999928237404e-01
1.690100000000000000e+05,1.061921148766421946e+06,9.995319847097227095e-01,9.995319847097227095e-01,9.999999999928409489e-01
1.709020000000000000e+05,1.073808935367605649e+06,9.986394152742156249e-01,9.986394152742156249e-01,9.999999999927845495e-01
1.728150000000000000e+05,1.085828668860240141e+06,-9.990398385180475627e-01,9.990398385180475627e-01,9.999999999926281191e-01
1.747490000000000000e+05,1.097980349244325422e+06,-9.987569959551951815e-01,9.987569959551951815e-01,9.999999999925311966e-01
1.767050000000000000e+05,1.110270259705168894e+06,-9.971747195175603151e-01,9.971747195175603151e-01,9.999999999924198413e-01
1.786830000000000000e+05,1.122698400242770091e+06,-9.997394541264764678e-01,9.997394541264764678e-01,9.999999999923717686e-01
1.806830000000000000e+05,1.135264770857129246e+06,-9.963190253460990631e-01,9.963190253460990631e-01,9.999999999922627447e-01
1.827060000000000000e+05,1.147975654733553529e+06,9.961077294271764027e-01,9.961077294271764027e-01,9.999999999923091520e-01
1.847510000000000000e+05,1.160824768686735770e+06,-9.978938191294924875e-01,9.978938191294924875e-01,9.999999999921178606e-01
1.868190000000000000e+05,1.173818395901983138e+06,-9.991283036115613525e-01,9.991283036115613525e-01,9.999999999920143878e-01
1.889100000000000000e+05,1.186956536379295634e+06,9.975014133952815332e-01,9.975014133952815332e-01,9.999999999920400340e-01
1.910240000000000000e+05,1.200239190118673258e+06,9.986780003818019891e-01,9.986780003818019891e-01,9.999999999919249039e-01
1.931630000000000000e+05,1.213678923490730347e+06,-9.984185337720732356e-01,9.984185337720732356e-01,9.999999999917700277e-01
1.953250000000000000e+05,1.227263170124852797e+06,-9.994706255866461220e-01,9.994706255866461220e-01,9.999999999916695526e-01
1.975110000000000000e+05,1.240998213206347311e+06,-9.985338183416554436e-01,9.985338183416554436e-01,9.999999999915738513e-01
1.997220000000000000e+05,1.254890335920521291e+06,9.982353854314522934e-01,9.982353854314522934e-01,9.999999999915546445e-01
2.019580000000000000e+05,1.268939538267374970e+06,9.978671408096237982e-01,9.978671408096237982e-01,9.999999999914553905e-01
2.042180000000000000e+05,1.283139537061600713e+06,9.964297648765875204e-01,9.964297648765875204e-01,9.999999999913946613e-01
2.065040000000000000e+05,1.297502898673813324e+06,9.995027574981572016e-01,9.995027574981572016e-01,9.999999999912522197e-01
2.088160000000000000e+05,1.312029623104012571e+06,9.981429735904359113e-01,9.981429735904359113e-01,9.999999999911850512e-01
2.111530000000000000e+05,1.326713427166891284e+06,-9.975483436276427751e-01,9.975483436276427751e-01,9.999999999909553461e-01
2.135160000000000000e+05,1.341560594047756633e+06,9.983821578077570758e-01,9.983821578077570758e-01,9.999999999909565673e-01
2.159060000000000000e+05,1.356577406931915786e+06,9.961515703852438230e-01,9.961515703852438230e-01,9.999999999908976145e-01
2.183230000000000000e+05,1.371763865819368744e+06,-9.974399668036506572e-01,9.974399668036506572e-01,9.999999999906683534e-01
2.207670000000000000e+05,1.387119970710115740e+06,-9.979372238134424089e-01,9.979372238134424089e-01,9.999999999905961889e-01
2.232380000000000000e+05,1.402645721604156541e+06,9.980802203013242613e-01,9.980802203013242613e-01,9.999999999905447856e-01
2.257370000000000000e+05,1.418347401686798315e+06,-9.972993083964084571e-01,9.972993083964084571e-01,9.999999999903400605e-01
2.282640000000000000e+05,1.434225010958041064e+06,9.965631051790991846e-01,9.965631051790991846e-01,9.999999999903724790e-01
2.308190000000000000e+05,1.450278549417885020e+06,-9.971568202460971975e-01,9.971568202460971975e-01,9.999999999901253434e-01
2.334020000000000000e+05,1.466508017066329718e+06,9.983825256007993199e-01,9.983825256007993199e-01,9.999999999901104664e-01
2.360150000000000000e+05,1.482925980273989961e+06,-9.964851952305284755e-01,9.964851952305284755e-01,9.999999999899132908e-01
2.386570000000000000e+05,1.499526155855558580e+06,-9.989608901321986867e-01,9.989608901321986867e-01,9.999999999898422365e-01
2.413280000000000000e+05,1.516308543811035110e+06,9.978318993930811454e-01,9.978318993930811454e-01,9.999999999897836167e-01
2.440300000000000000e+05,1.533285710511034355e+06,9.980203545495633932e-01,9.980203545495633932e-01,9.999999999896814762e-01
2.467610000000000000e+05,1.550445089584941976e+06,-9.984079360152305904e-01,9.984079360152305904e-01,9.999999999894872982e-01
2.495230000000000000e+05,1.567799247403371846e+06,-9.985143745971509777e-01,9.985143745971509777e-01,9.999999999893764979e-01
2.523160000000000000e+05,1.585348183966324432e+06,9.972559802985367927e-01,9.972559802985367927e-01,9.999999999893528502e-01
2.551410000000000000e+05,1.603098182459106902e+06,-9.986910160968106576e-01,9.986910160968106576e-01,9.999999999891446834e-01
2.579960000000000000e+05,1.621036676511104451e+06,9.979323027638598020e-01,9.979323027638598020e-01,9.999999999891058255e-01
2.608840000000000000e+05,1.639182515678239288e+06,9.969262951818180785e-01,9.969262951818180785e-01,9.999999999889926938e-01
2.638050000000000000e+05,1.657535699960510712e+06,-9.990603328998077792e-01,9.990603328998077792e-01,9.999999999887553281e-01
2.667570000000000000e+05,1.676083662987304851e+06,-9.966012005811303309e-01,9.966012005811303309e-01,9.999999999886174384e-01
2.697430000000000000e+05,1.694845254314543214e+06,-9.978849446121712541e-01,9.978849446121712541e-01,9.999999999885003099e-01
2.727630000000000000e+05,1.713820473942225566e+06,-9.968665487966623662e-01,9.968665487966623662e-01,9.999999999883526502e-01
2.758160000000000000e+05,1.733003038685044739e+06,9.967227817426860259e-01,9.967227817426860259e-01,9.999999999883513180e-01
2.789030000000000000e+05,1.752399231728308136e+06,-9.987385834798555573e-01,9.987385834798555573e-01,9.999999999881209467e-01
2.820250000000000000e+05,1.772015336257322691e+06,-9.971484131449610544e-01,9.971484131449610544e-01,9.999999999879556345e-01
2.851820000000000000e+05,1.791851352272088872e+06,9.971992124000119695e-01,9.971992124000119695e-01,9.999999999879478629e-01
2.883740000000000000e+05,1.811907279772605980e+06,9.975902053948955128e-01,9.975902053948955128e-01,9.999999999878084189e-01
2.916020000000000000e+05,1.832189401944181649e+06,9.984184121817656354e-01,9.984184121817656354e-01,9.999999999876529877e-01
2.948660000000000000e+05,1.852697718786815880e+06,9.984752830398893053e-01,9.984752830398893053e-01,9.999999999875067713e-01
2.981670000000000000e+05,1.873438513485815609e+06,-9.998683518617413890e-01,9.998683518617413890e-01,9.999999999873090406e-01
3.015040000000000000e+05,1.894405502855873900e+06,9.989981325705553639e-01,9.989981325705553639e-01,9.999999999872402068e-01
3.048790000000000000e+05,1.915611253267605091e+06,-9.973564035318267518e-01,9.973564035318267518e-01,9.999999999870199385e-01
3.082920000000000000e+05,1.937055764721008949e+06,9.971193742542091565e-01,9.971193742542091565e-01,9.999999999869606526e-01
3.117430000000000000e+05,1.958739037216085708e+06,-9.999455322479147146e-01,9.999455322479147146e-01,9.999999999867360545e-01
3.152320000000000000e+05,1.980661070752835367e+06,9.985805330876236230e-01,9.985805330876236230e-01,9.999999999866617806e-01
3.187610000000000000e+05,2.002834431701872032e+06,-9.963648869812763431e-01,9.963648869812763431e-01,9.999999999864100930e-01
3.223290000000000000e+05,2.025252836877888767e+06,-9.979219496248149524e-01,9.979219496248149524e-01,9.999999999862789757e-01
3.259370000000000000e+05,2.047922569466192741e+06,-9.981130831159316097e-01,9.981130831159316097e-01,9.999999999861300948e-01
3.295850000000000000e+05,2.070843629466783954e+06,-9.969463452824034455e-01,9.969463452824034455e-01,9.999999999859608968e-01
3.332740000000000000e+05,2.094022300064969342e+06,9.982715169492831775e-01,9.982715169492831775e-01,9.999999999858818489e-01
3.370050000000000000e+05,2.117464864446056541e+06,-9.991494028592153853e-01,9.991494028592153853e-01,9.999999999856726829e-01
3.407770000000000000e+05,2.141165039424737915e+06,-9.975026211331086134e-01,9.975026211331086134e-01,9.999999999854911614e-01
3.445910000000000000e+05,2.165129108186320867e+06,-9.970937725550890196e-01,9.970937725550890196e-01,9.999999999852977606e-01
3.484480000000000000e+05,2.189363353916112334e+06,9.971802938506032499e-01,9.971802938506032499e-01,9.999999999852674515e-01
3.523490000000000000e+05,2.213874059799420182e+06,-9.977205784307652259e-01,9.977205784307652259e-01,9.999999999849723542e-01
3.562930000000000000e+05,2.238654942650936544e+06,-9.986856077008754440e-01,9.986856077008754440e-01,9.999999999848511179e-01
3.602810000000000000e+05,2.263712285655968357e+06,-9.990266112702150814e-01,9.990266112702150814e-01,9.999999999846724830e-01
3.643140000000000000e+05,2.289052371999823954e+06,9.967950313143503216e-01,9.967950313143503216e-01,9.999999999846094223e-01
3.683920000000000000e+05,2.314675201682501938e+06,9.991570881782394498e-01,9.991570881782394498e-01,9.999999999843927068e-01
3.725150000000000000e+05,2.340580774704003707e+06,-9.983284676805403990e-01,9.983284676805403990e-01,9.999999999841666654e-01
3.766850000000000000e+05,2.366781657434942666e+06,-9.985754050608867116e-01,9.985754050608867116e-01,9.999999999839606080e-01
3.809010000000000000e+05,2.393271566690011416e+06,-9.989759762364687212e-01,9.989759762364687212e-01,9.999999999837863029e-01
3.851650000000000000e+05,2.420063068839825224e+06,-9.992014803553946889e-01,9.992014803553946889e-01,9.999999999836249875e-01
3.894760000000000000e+05,2.447149880699076690e+06,9.994357845832407827e-01,9.994357845832407827e-01,9.999999999834884301e-01
3.938360000000000000e+05,2.474544568638379686e+06,9.984659068408476834e-01,9.984659068408476834e-01,9.999999999833260045e-01
3.982440000000000000e+05,2.502240849472427275e+06,9.995512581076773095e-01,9.995512581076773095e-01,9.999999999831216124e-01
4.027020000000000000e+05,2.530251289571833797e+06,9.972467661869676148e-01,9.972467661869676148e-01,9.999999999829667363e-01
4.072100000000000000e+05,2.558575888936599251e+06,9.987277375033389859e-01,9.987277375033389859e-01,9.999999999827404729e-01
4.117680000000000000e+05,2.587214647566723637e+06,9.995169606919852567e-01,9.995169606919852567e-01,9.999999999825507357e-01
4.163770000000000000e+05,2.616173848647514358e+06,-9.965241467264136510e-01,9.965241467264136510e-01,9.999999999822715147e-01
4.210380000000000000e+05,2.645459775364278816e+06,9.987396937439152467e-01,9.987396937439152467e-01,9.999999999821586050e-01
4.257500000000000000e+05,2.675066144531708676e+06,9.975970441952576317e-01,9.975970441952576317e-01,9.999999999819715324e-01
4.305160000000000000e+05,2.705011805705726612e+06,9.981973334626813577e-01,9.981973334626813577e-01,9.999999999817722474e-01
4.353350000000000000e+05,2.735290475701025221e+06,-9.969678101573103968e-01,9.969678101573103968e-01,9.999999999814828122e-01
4.402080000000000000e+05,2.765908437702911440e+06,9.979989354234439780e-01,9.979989354234439780e-01,9.999999999813543594e-01
4.451350000000000000e+05,2.796865691711385269e+06,-9.966092341107372077e-01,9.966092341107372077e-01,9.999999999810521567e-01
4.501180000000000000e+05,2.828174804097061045e+06,9.983280053948103694e-01,9.983280053948103694e-01,9.999999999809467965e-01
4.551560000000000000e+05,2.859829491674631834e+06,9.961445756551727815e-01,9.961445756551727815e-01,9.999999999807573925e-01
4.602510000000000000e+05,2.891842320814711973e+06,-9.964769465661125203e-01,9.964769465661125203e-01,9.999999999804141115e-01
4.654030000000000000e+05,2.924213291517300997e+06,-9.982332446991121211e-01,9.982332446991121211e-01,9.999999999802309247e-01
4.706120000000000000e+05,2.956942403782399371e+06,9.973189000381792457e-01,9.973189000381792457e-01,9.999999999800908146e-01
4.758800000000000000e+05,2.990042223980621435e+06,9.972503116275484025e-01,9.972503116275484025e-01,9.999999999798723227e-01
4.812070000000000000e+05,3.023512752111967187e+06,-9.985021812192862445e-01,9.985021812192862445e-01,9.999999999795270433e-01
4.865930000000000000e+05,3.057353988176436629e+06,-9.980310109455136081e-01,9.980310109455136081e-01,9.999999999793039995e-01
4.920400000000000000e+05,3.091578498544643633e+06,9.969984938346988512e-01,9.969984938346988512e-01,9.999999999791896466e-01
4.975470000000000000e+05,3.126180000031281728e+06,-9.976368184989135024e-01,9.976368184989135024e-01,9.999999999788125038e-01
5.031170000000000000e+05,3.161177342192271724e+06,-9.988361412107158444e-01,9.988361412107158444e-01,9.999999999786300942e-01
5.087480000000000000e+05,3.196557958657000214e+06,9.983219670235616849e-01,9.983219670235616849e-01,9.999999999784471294e-01
5.144430000000000000e+05,3.232340698981388006e+06,-9.976659886185412773e-01,9.976659886185412773e-01,9.999999999781309379e-01
5.202010000000000000e+05,3.268519279980128165e+06,-9.990482317921909328e-01,9.990482317921909328e-01,9.999999999778880211e-01
5.260240000000000000e+05,3.305106268023834564e+06,9.987086002446757815e-01,9.987086002446757815e-01,9.999999999777229309e-01
5.319120000000000000e+05,3.342101663112508133e+06,9.994357818556590667e-01,9.994357818556590667e-01,9.999999999774502601e-01
5.378660000000000000e+05,3.379511748431455344e+06,9.993297088607836498e-01,9.993297088607836498e-01,9.999999999772032355e-01
5.438870000000000000e+05,3.417342807165983599e+06,-9.995037265342641142e-01,9.995037265342641142e-01,9.999999999768892645e-01
5.499750000000000000e+05,3.455594839316092897e+06,-9.994502681403476529e-01,9.994502681403476529e-01,9.999999999766391312e-01
5.561310000000000000e+05,3.494274128067090642e+06,-9.970324029492417806e-01,9.970324029492417806e-01,9.999999999763607983e-01
5.623560000000000000e+05,3.533386956604283303e+06,9.967567262656997773e-01,9.967567262656997773e-01,9.999999999762035907e-01
5.686510000000000000e+05,3.572939608112978749e+06,-9.985817390221681800e-01,9.985817390221681800e-01,9.999999999758155678e-01
5.750160000000000000e+05,3.612932082593176980e+06,9.964517966338357624e-01,9.964517966338357624e-01,9.999999999756750135e-01
5.814520000000000000e+05,3.653370663230184931e+06,9.973530921926073711e-01,9.973530921926073711e-01,9.999999999753937940e-01
5.879610000000000000e+05,3.694267916394616477e+06,-9.991492544065275760e-01,9.991492544065275760e-01,9.999999999750215363e-01
5.945420000000000000e+05,3.735617558901165612e+06,9.981397036205973405e-01,9.981397036205973405e-01,9.999999999748070412e-01
6.011970000000000000e+05,3.777432157120445743e+06,-9.976499200911306264e-01,9.976499200911306264e-01,9.999999999744176860e-01
6.079260000000000000e+05,3.819711711052457336e+06,9.983479276375256672e-01,9.983479276375256672e-01,9.999999999742423817e-01
6.147310000000000000e+05,3.862468787067814264e+06,-9.963218829117196362e-01,9.963218829117196362e-01,9.999999999738512502e-01
6.216120000000000000e+05,3.905703385166516993e+06,9.979096636468866022e-01,9.979096636468866022e-01,9.999999999736860490e-01
6.285700000000000000e+05,3.949421788533872459e+06,9.997495485981288121e-01,9.997495485981288121e-01,9.999999999733543143e-01
6.356060000000000000e+05,3.993630280355188064e+06,9.986421936500442520e-01,9.986421936500442520e-01,9.999999999730745381e-01
6.427210000000000000e+05,4.038335143815770745e+06,-9.970088826245868674e-01,9.970088826245868674e-01,9.999999999726727484e-01
6.499150000000000000e+05,4.083536378915620968e+06,-9.970756895448373847e-01,9.970756895448373847e-01,9.999999999723605537e-01
6.571900000000000000e+05,4.129246552025352139e+06,9.996000423760569298e-01,9.996000423760569298e-01,9.999999999721428390e-01
6.645460000000000000e+05,4.175465663144965190e+06,9.969497349274730746e-01,9.969497349274730746e-01,9.999999999718758303e-01
6.719840000000000000e+05,4.222199995459767058e+06,9.983462308432490273e-01,9.983462308432490273e-01,9.999999999715203369e-01
6.795060000000000000e+05,4.269462115340371616e+06,9.975273449064048226e-01,9.975273449064048226e-01,9.999999999712336773e-01
6.871120000000000000e+05,4.317252022786780261e+06,9.987122530234965323e-01,9.987122530234965323e-01,9.999999999708901743e-01
6.948030000000000000e+05,4.365576000984298065e+06,-9.987357353196563148e-01,9.987357353196563148e-01,9.999999999704909381e-01
7.025810000000000000e+05,4.414446616303540766e+06,-9.978194605273940088e-01,9.978194605273940088e-01,9.999999999701314479e-01
7.104450000000000000e+05,4.463857585559201427e+06,-9.977439476987186584e-01,9.977439476987186584e-01,9.999999999697936071e-01
7.183970000000000000e+05,4.513821475121892989e+06,-9.984619207313365497e-01,9.984619207313365497e-01,9.999999999695060593e-01
7.264390000000000000e+05,4.564350851362231188e+06,-9.985935835579321518e-01,9.985935835579321518e-01,9.999999999691588926e-01
7.345700000000000000e+05,4.615439431094909087e+06,9.983631454673558281e-01,9.983631454673558281e-01,9.999999999688702346e-01
7.427920000000000000e+05,4.667099780690539628e+06,9.981531345204101013e-01,9.981531345204101013e-01,9.999999999685178498e-01
7.511070000000000000e+05,4.719344466519737616e+06,-9.977062273857250085e-01,9.977062273857250085e-01,9.999999999680682095e-01
7.595140000000000000e+05,4.772167205397196114e+06,9.967108089975319496e-01,9.967108089975319496e-01,9.999999999678523821e-01
7.680160000000000000e+05,4.825586846878836863e+06,9.974096010205899532e-01,9.974096010205899532e-01,9.999999999674842321e-01
7.766130000000000000e+05,4.879603390964659862e+06,-9.982639048034024354e-01,9.982639048034024354e-01,9.999999999669947348e-01
7.853060000000000000e+05,4.934223120839972049e+06,9.991484305747189154e-01,9.991484305747189154e-01,9.999999999667167350e-01
7.940960000000000000e+05,4.989452319690080360e+06,9.980318765693404481e-01,9.980318765693404481e-01,9.999999999663695682e-01
8.029840000000000000e+05,5.045297270700292662e+06,9.986506754090730409e-01,9.986506754090730409e-01,9.999999999659718863e-01
8.119730000000000000e+05,5.101776823426529765e+06,-9.975257335732305997e-01,9.975257335732305997e-01,9.999999999654842764e-01
8.210610000000000000e+05,5.158878411498177797e+06,-9.996571534461541342e-01,9.996571534461541342e-01,9.999999999651416616e-01
8.302520000000000000e+05,5.216627167656465434e+06,9.980929447088581208e-01,9.980929447088581208e-01,9.999999999648133686e-01
8.395450000000000000e+05,5.275016808716085739e+06,-9.960468500318926388e-01,9.960468500318926388e-01,9.999999999643240933e-01
8.489430000000000000e+05,5.334066184232959524e+06,-9.979172094314816555e-01,9.979172094314816555e-01,9.999999999639235249e-01
8.584450000000000000e+05,5.393769011021779850e+06,-9.971624595688605153e-01,9.971624595688605153e-01,9.999999999635270642e-01
8.680540000000000000e+05,5.454144138638468459e+06,9.985257239389488948e-01,9.985257239389488948e-01,9.999999999632293024e-01
8.777710000000000000e+05,5.515197850268332288e+06,-9.978142518103599867e-01,9.978142518103599867e-01,9.999999999627146030e-01
8.875960000000000000e+05,5.576930145911372267e+06,9.975256515546786495e-01,9.975256515546786495e-01,9.999999999624179514e-01
8.975310000000000000e+05,5.639353591938201338e+06,-9.979806076158450612e-01,9.979806076158450612e-01,9.999999999618749413e-01
9.075780000000000000e+05,5.702480754719434306e+06,9.977403933319769491e-01,9.977403933319769491e-01,9.999999999615567514e-01
9.177370000000000000e+05,5.766311634255072102e+06,-9.991238012967722515e-01,9.991238012967722515e-01,9.999999999610266199e-01
9.280090000000000000e+05,5.830852513730420731e+06,-9.978253612368164216e-01,9.978253612368164216e-01,9.999999999606119516e-01
9.383970000000000000e+05,5.896122242701401934e+06,-9.960721010785825724e-01,9.960721010785825724e-01,9.999999999601316691e-01
9.489010000000000000e+05,5.962120821168016642e+06,-9.996318091010121254e-01,9.996318091010121254e-01,9.999999999597218858e-01
9.595220000000000000e+05,6.028854532315570861e+06,9.986089776153872499e-01,9.986089776153872499e-01,9.999999999593249811e-01
9.702630000000000000e+05,6.096342225699987262e+06,-9.970187413470960047e-01,9.970187413470960047e-01,9.999999999587733113e-01
9.811230000000000000e+05,6.164577618135957047e+06,-9.986764069503852870e-01,9.986764069503852870e-01,9.999999999583590871e-01
9.921050000000000000e+05,6.233579559179403819e+06,-9.992963183767005209e-01,9.992963183767005209e-01,9.999999999578826904e-01
1.003211000000000000e+06,6.303360615200939588e+06,-9.974792768463056625e-01,9.974792768463056625e-01,9.999999999573851994e-01
1.014440000000000000e+06,6.373914503015259281e+06,9.961181663516840423e-01,9.961181663516840423e-01,9.999999999570454712e-01
1.025795000000000000e+06,6.445260072178283706e+06,-9.970337512586966433e-01,9.970337512586966433e-01,9.999999999564276321e-01
1.037277000000000000e+06,6.517403605875319801e+06,-9.987541492264452314e-01,9.987541492264452314e-01,9.999999999559698871e-01
1.048888000000000000e+06,6.590357670476981439e+06,9.965269829192440199e-01,9.965269829192440199e-01,9.999999999555877483e-01
1.060629000000000000e+06,6.664128549168577418e+06,-9.971015742109247126e-01,9.971015742109247126e-01,9.999999999549631369e-01
1.072501000000000000e+06,6.738722525135413744e+06,-9.992501654705508995e-01,9.992501654705508995e-01,9.999999999544899598e-01
1.084506000000000000e+06,6.814152164748104289e+06,9.994043197011589497e-01,9.994043197011589497e-01,9.999999999540283291e-01
1.096645000000000000e+06,6.890423751191956922e+06,-9.972942211007089774e-01,9.972942211007089774e-01,9.999999999534157080e-01
1.108920000000000000e+06,6.967549850837586448e+06,9.989221708304392155e-01,9.989221708304392155e-01,9.999999999529979311e-01
1.121333000000000000e+06,7.045543030055606738e+06,-9.996503811367584147e-01,9.996503811367584147e-01,9.999999999524106231e-01
1.133884000000000000e+06,7.124403288846017793e+06,9.987321302036582527e-01,9.987321302036582527e-01,9.999999999519473270e-01
1.146576000000000000e+06,7.204149476764741354e+06,9.964535908822421684e-01,9.964535908822421684e-01,9.999999999514396221e-01
1.159411000000000000e+06,7.284794160182391293e+06,-9.967159034028585385e-01,9.967159034028585385e-01,9.999999999507618309e-01
1.172388000000000000e+06,7.366331055913660675e+06,9.997494031163285388e-01,9.997494031163285388e-01,9.999999999502979797e-01
1.185511000000000000e+06,7.448785296699778177e+06,-9.964169752814028280e-01,9.964169752814028280e-01,9.999999999496566039e-01
1.198781000000000000e+06,7.532163165726051666e+06,-9.967231523939052984e-01,9.967231523939052984e-01,9.999999999491021585e-01
1.212200000000000000e+06,7.616477229363094084e+06,9.992125444716020155e-01,9.992125444716020155e-01,9.999999999486158808e-01
1.225769000000000000e+06,7.701733770796214230e+06,-9.987769609189811604e-01,9.987769609189811604e-01,9.999999999479657342e-01
1.239489000000000000e+06,7.787939073210718110e+06,-9.971287435956063261e-01,9.971287435956063261e-01,9.999999999473629941e-01
1.253363000000000000e+06,7.875111986162527464e+06,-9.992323406497161109e-01,9.992323406497161109e-01,9.999999999468162093e-01
1.267393000000000000e+06,7.963265076022257097e+06,-9.991235776480333897e-01,9.991235776480333897e-01,9.999999999462112488e-01
1.281579000000000000e+06,8.052398342789907008e+06,-9.973154582339284202e-01,9.973154582339284202e-01,9.999999999455956301e-01
1.295925000000000000e+06,8.142536919206704944e+06,-9.975153072645938090e-01,9.975153072645938090e-01,9.999999999449796784e-01
1.310430000000000000e+06,8.233674522087344900e+06,9.961717043245896797e-01,9.961717043245896797e-01,9.999999999444938448e-01
1.325099000000000000e+06,8.325842567358362488e+06,-9.968411393803524589e-01,9.968411393803524589e-01,9.999999999437583220e-01
1.339931000000000000e+06,8.419034771834449843e+06,-9.985093996480467471e-01,9.985093996480467471e-01,9.999999999431522513e-01
1.354930000000000000e+06,8.513276268256837502e+06,9.993065614434448740e-01,9.993065614434448740e-01,9.999999999425590591e-01
1.370096000000000000e+06,8.608567056625522673e+06,9.978930141715255386e-01,9.978930141715255386e-01,9.999999999419594277e-01
1.385432000000000000e+06,8.704925986496428028e+06,9.996721923814670951e-01,9.996721923814670951e-01,9.999999999412657603e-01
1.400940000000000000e+06,8.802365624240169302e+06,9.982977755917876728e-01,9.982977755917876728e-01,9.999999999406181672e-01
1.416621000000000000e+06,8.900892253042053431e+06,-9.977702284893997797e-01,9.977702284893997797e-01,9.999999999398977435e-01
1.432478000000000000e+06,9.000524722457999364e+06,9.988035247386348736e-01,9.988035247386348736e-01,9.999999999392830130e-01
1.448512000000000000e+06,9.101269315673315898e+06,9.982132246913479889e-01,9.982132246913479889e-01,9.999999999385981164e-01
1.464726000000000000e+06,9.203144882243925706e+06,9.980491201387131639e-01,9.980491201387131639e-01,9.999999999379354243e-01
1.481121000000000000e+06,9.306157705355135724e+06,-9.965782336942352604e-01,9.965782336942352604e-01,9.999999999371382842e-01
1.497700000000000000e+06,9.410326634562866762e+06,9.983093089967534084e-01,9.983093089967534084e-01,9.999999999365246639e-01
1.514465000000000000e+06,9.515664236237732694e+06,-9.980031054002038715e-01,9.980031054002038715e-01,9.999999999357526148e-01
1.531417000000000000e+06,9.622176793565040454e+06,-9.982097643570746470e-01,9.982097643570746470e-01,9.999999999349931112e-01
1.548559000000000000e+06,9.729883156100712717e+06,-9.980767724485852810e-01,9.980767724485852810e-01,9.999999999342683576e-01
1.565892000000000000e+06,9.838789607030056417e+06,9.965022458308623321e-01,9.965022458308623321e-01,9.999999999336611767e-01
1.583420000000000000e+06,9.948921279094301164e+06,9.996253404988278968e-01,9.996253404988278968e-01,9.999999999328744726e-01
1.601144000000000000e+06,1.006028445547875203e+07,9.992514099368753344e-01,9.992514099368753344e-01,9.999999999321317334e-01
1.619066000000000000e+06,1.017289170255402476e+07,9.984627986417706769e-01,9.984627986417706769e-01,9.999999999313731180e-01
1.637189000000000000e+06,1.028676186987604015e+07,-9.980975213507496946e-01,9.980975213507496946e-01,9.999999999305183573e-01
1.655515000000000000e+06,1.040190752381541207e+07,-9.976211728115617072e-01,9.976211728115617072e-01,9.999999999297665143e-01
1.674046000000000000e+06,1.051834123074275814e+07,9.963675264219393757e-01,9.963675264219393757e-01,9.999999999290821728e-01
1.692784000000000000e+06,1.063607555702868849e+07,9.973822984935317715e-01,9.973822984935317715e-01,9.999999999282672691e-01
1.711732000000000000e+06,1.075512935222912766e+07,9.979952308473788447e-01,9.979952308473788447e-01,9.999999999274417073e-01
1.730892000000000000e+06,1.087551518271468766e+07,9.978497332693191391e-01,9.978497332693191391e-01,9.999999999266405704e-01
1.750267000000000000e+06,1.099725189804129303e+07,-9.980169247836081503e-01,9.980169247836081503e-01,9.999999999257123129e-01
1.769859000000000000e+06,1.112035206457955576e+07,-9.972679064944808269e-01,9.972679064944808269e-01,9.999999999248897486e-01
1.789669000000000000e+06,1.124482196551478282e+07,-9.960004097189207872e-01,9.960004097189207872e-01,9.999999999240449799e-01
1.809702000000000000e+06,1.137069301677351072e+07,9.984929826852723123e-01,9.984929826852723123e-01,9.999999999232840331e-01
1.829959000000000000e+06,1.149797150154104829e+07,-9.984578868947382446e-01,9.984578868947382446e-01,9.999999999223507796e-01
1.850442000000000000e+06,1.162666998618800752e+07,9.991562746943171147e-01,9.991562746943171147e-01,9.999999999215553048e-01
1.871155000000000000e+06,1.175681360345561802e+07,-9.963670124371010184e-01,9.963670124371010184e-01,9.999999999205870793e-01
1.892100000000000000e+06,1.188841491971449554e+07,9.975306292410772713e-01,9.975306292410772713e-01,9.999999999198145861e-01
1.913279000000000000e+06,1.202148650133525208e+07,-9.964826374232981232e-01,9.964826374232981232e-01,9.999999999187981770e-01
1.934695000000000000e+06,1.215604719787381031e+07,-9.986924346409488118e-01,9.986924346409488118e-01,9.999999999179194354e-01
1.956351000000000000e+06,1.229211585888609104e+07,-9.977358839807410895e-01,9.977358839807410895e-01,9.999999999169931764e-01
1.978249000000000000e+06,1.242970505074271001e+07,-9.970680462901775343e-01,9.970680462901775343e-01,9.999999999160508191e-01
2.000393000000000000e+06,1.256883990618489496e+07,-9.963326748243507280e-01,9.963326748243507280e-01,9.999999999151097940e-01
2.022784000000000000e+06,1.270952670839795284e+07,9.973986502114420283e-01,9.973986502114420283e-01,9.999999999142944462e-01
2.045426000000000000e+06,1.285179059012311324e+07,9.984542285938347028e-01,9.984542285938347028e-01,9.999999999132916928e-01
2.068321000000000000e+06,1.299564411773098819e+07,-9.988760263521572202e-01,9.988760263521572202e-01,9.999999999122624050e-01
2.091473000000000000e+06,1.314111242396281101e+07,-9.973547146439699640e-01,9.973547146439699640e-01,9.999999999112767490e-01
2.114884000000000000e+06,1.328820807518919185e+07,9.975276970893841577e-01,9.975276970893841577e-01,9.999999999103870163e-01
2.138557000000000000e+06,1.343694992096605524e+07,-9.976272849580385405e-01,9.976272849580385405e-01,9.999999999092554770e-01
2.162494000000000000e+06,1.358735052766401134e+07,9.982211250861608987e-01,9.982211250861608987e-01,9.999999999083273305e-01
2.186700000000000000e+06,1.373944131120960042e+07,9.964596306920587843e-01,9.964596306920587843e-01,9.999999999073475587e-01
2.211177000000000000e+06,1.389323483797343634e+07,-9.974569793561214315e-01,9.974569793561214315e-01,9.999999999062021416e-01
2.235927000000000000e+06,1.404874367432613112e+07,-9.960504008668311648e-01,9.960504008668311648e-01,9.999999999051198962e-01
2.260955000000000000e+06,1.420599923619422130e+07,-9.985417704794342653e-01,9.985417704794342653e-01,9.999999999040802834e-01
2.286263000000000000e+06,1.436501408994832262e+07,-9.965770244156451074e-01,9.965770244156451074e-01,9.999999999029948183e-01
2.311854000000000000e+06,1.452580708514435589e+07,9.966227549064594626e-01,9.966227549064594626e-01,9.999999999020435792e-01
2.337732000000000000e+06,1.468840335452354886e+07,9.990415568591810569e-01,9.990415568591810569e-01,9.999999999009073770e-01
2.363899000000000000e+06,1.485281546445651725e+07,-9.987624338019478465e-01,9.987624338019478465e-01,9.999999998997354256e-01
2.390359000000000000e+06,1.501906854768448882e+07,-9.979379813185978998e-01,9.979379813185978998e-01,9.999999998986204286e-01
2.417116000000000000e+06,1.518718773694869317e+07,9.995454456961341272e-01,9.995454456961341272e-01,9.999999998975278581e-01
2.444171000000000000e+06,1.535717931543443725e+07,-9.965779404816491605e-01,9.965779404816491605e-01,9.999999998963063907e-01
2.471530000000000000e+06,1.552908098225356266e+07,9.972611194644163124e-01,9.972611194644163124e-01,9.999999998952667779e-01
2.499195000000000000e+06,1.570290530377668515e+07,-9.995776562144560451e-01,9.995776562144560451e-01,9.999999998939995693e-01
2.527170000000000000e+06,1.587867741274503432e+07,9.989682574646890911e-01,9.989682574646890911e-01,9.999999998928662537e-01
2.555457000000000000e+06,1.605640987552922405e+07,-9.960411985647313893e-01,9.960411985647313893e-01,9.999999998915779509e-01
2.584062000000000000e+06,1.623614039124109596e+07,9.961122873997532157e-01,9.961122873997532157e-01,9.999999998905009235e-01
2.612986000000000000e+06,1.641787524306595884e+07,9.970879826315091066e-01,9.970879826315091066e-01,9.999999998892581399e-01
2.642235000000000000e+06,1.660165213011565432e+07,-9.965701051909962027e-01,9.965701051909962027e-01,9.999999998878932317e-01
2.671810000000000000e+06,1.678747733557549119e+07,9.975769208688790579e-01,9.975769208688790579e-01,9.999999998867433737e-01
2.701717000000000000e+06,1.697538855855730921e+07,-9.985095959721675962e-01,9.985095959721675962e-01,9.999999998854010030e-01
2.731959000000000000e+06,1.716540464861703664e+07,-9.974588950748390914e-01,9.974588950748390914e-01,9.999999998841290205e-01
2.762539000000000000e+06,1.735754445531058684e+07,-9.969192133824821278e-01,9.969192133824821278e-01,9.999999998828152936e-01
2.793461000000000000e+06,1.755183311137919500e+07,-9.979979205251476859e-01,9.979979205251476859e-01,9.999999998815134461e-01
2.824729000000000000e+06,1.774829574956408516e+07,-9.987891450575849817e-01,9.987891450575849817e-01,9.999999998801983869e-01
2.856348000000000000e+06,1.794696378579179570e+07,9.988095149763523972e-01,9.988095149763523972e-01,9.999999998789137479e-01
2.888320000000000000e+06,1.814784978643294424e+07,9.986045012077419125e-01,9.986045012077419125e-01,9.999999998775512822e-01
2.920650000000000000e+06,1.835098516741405800e+07,9.975789078561088097e-01,9.975789078561088097e-01,9.999999998761986975e-01
2.953343000000000000e+06,1.855640134466167912e+07,-9.958113864557942563e-01,9.958113864557942563e-01,9.999999998747082230e-01
2.986401000000000000e+06,1.876411088454642519e+07,-9.981485764559785423e-01,9.981485764559785423e-01,9.999999998733526407e-01
3.019829000000000000e+06,1.897414520299482346e+07,-9.988877532639084400e-01,9.988877532639084400e-01,9.999999998719208971e-01
3.053631000000000000e+06,1.918652943274810538e+07,-9.975545418598227299e-01,9.975545418598227299e-01,9.999999998704697246e-01
3.087812000000000000e+06,1.940129498973281309e+07,9.982206880835970964e-01,9.982206880835970964e-01,9.999999998691193603e-01
3.122375000000000000e+06,1.961846072350485995e+07,-9.967694375940396867e-01,9.967694375940396867e-01,9.999999998675525026e-01
3.157325000000000000e+06,1.983805804999078810e+07,-9.970099369062185302e-01,9.970099369062185302e-01,9.999999998660596967e-01
3.192666000000000000e+06,2.006011210193182155e+07,9.977878607053013438e-01,9.977878607053013438e-01,9.999999998646581512e-01
3.228403000000000000e+06,2.028465429525449872e+07,-9.977574547920229353e-01,9.977574547920229353e-01,9.999999998630861864e-01
3.264540000000000000e+06,2.051170976270004734e+07,9.974716462215689194e-01,9.974716462215689194e-01,9.999999998616434516e-01
3.301082000000000000e+06,2.074130992019500211e+07,9.982205968421645759e-01,9.982205968421645759e-01,9.999999998600721529e-01
3.338032000000000000e+06,2.097347361729528755e+07,9.987700888800061794e-01,9.987700888800061794e-01,9.999999998584901961e-01
3.375396000000000000e+06,2.120823855311274529e+07,9.973225863924209955e-01,9.973225863924209955e-01,9.999999998569348847e-01
3.413178000000000000e+06,2.144562986038860679e+07,9.979515875218775145e-01,9.979515875218775145e-01,9.999999998553111835e-01
3.451384000000000000e+06,2.168568523823470995e+07,9.982904181755227757e-01,9.982904181755227757e-01,9.999999998536814871e-01
3.490017000000000000e+06,2.192842353620697930e+07,-9.986160852047718528e-01,9.986160852047718528e-01,9.999999998519919497e-01
3.529082000000000000e+06,2.217387617023194954e+07,9.985237354871184801e-01,9.985237354871184801e-01,9.999999998504043308e-01
3.568584000000000000e+06,2.242207455623615533e+07,9.969847226185827305e-01,9.969847226185827305e-01,9.999999998487606456e-01
3.608529000000000000e+06,2.267305639333144575e+07,-9.968775374952312252e-01,9.968775374952312252e-01,9.999999998469280005e-01
3.648921000000000000e+06,2.292684681425904483e+07,-9.973836165377062413e-01,9.973836165377062413e-01,9.999999998452167027e-01
3.689765000000000000e+06,2.318347723494548723e+07,-9.973764735055280495e-01,9.973764735055280495e-01,9.999999998434988546e-01
3.731066000000000000e+06,2.344297907131731138e+07,9.984841445681125194e-01,9.984841445681125194e-01,9.999999998418359626e-01
3.772830000000000000e+06,2.370539002248635888e+07,9.969597925954490902e-01,9.969597925954490902e-01,9.999999998401000179e-01
3.815061000000000000e+06,2.397073522119386122e+07,-9.967461981711882579e-01,9.967461981711882579e-01,9.999999998381833288e-01
3.857764000000000000e+06,2.423904608336634934e+07,9.986353683448868646e-01,9.986353683448868646e-01,9.999999998364510478e-01
3.900946000000000000e+06,2.451036659130097926e+07,9.973626146842753393e-01,9.973626146842753393e-01,9.999999998346493779e-01
3.944611000000000000e+06,2.478472187773897499e+07,-9.989707003105575689e-01,9.989707003105575689e-01,9.999999998327215867e-01
3.988765000000000000e+06,2.506214964179218188e+07,-9.966283843841508006e-01,9.966283843841508006e-01,9.999999998308096716e-01
4.033413000000000000e+06,2.534268129938713461e+07,-9.976155777807980130e-01,9.976155777807980130e-01,9.999999998289559322e-01
4.078560000000000000e+06,2.562634826645037159e+07,9.978412187754280849e-01,9.978412187754280849e-01,9.999999998271194013e-01
4.124214000000000000e+06,2.591320080846434832e+07,9.958400775545035444e-01,9.958400775545035444e-01,9.999999998252100397e-01
4.170378000000000000e+06,2.620325777498498932e+07,9.972359564855399761e-01,9.972359564855399761e-01,9.999999998232322884e-01
4.217059000000000000e+06,2.649656314830943942e+07,-9.988497800380807812e-01,9.988497800380807812e-01,9.999999998211703822e-01
4.264262000000000000e+06,2.679314834436423704e+07,9.981940741744067536e-01,9.981940741744067536e-01,9.999999998192329320e-01
4.311994000000000000e+06,2.709305734544653445e+07,9.976873664775229855e-01,9.976873664775229855e-01,9.999999998172274251e-01
4.360260000000000000e+06,2.739632156748286262e+07,9.965213923809055352e-01,9.965213923809055352e-01,9.999999998151838376e-01
4.409066000000000000e+06,2.770297870958507061e+07,9.968972852269767371e-01,9.968972852269767371e-01,9.999999998131042789e-01
4.458419000000000000e+06,2.801307275405030325e+07,-9.982514243799185394e-01,9.982514243799185394e-01,9.999999998109297961e-01
4.508324000000000000e+06,2.832663511680510268e+07,9.969374111223316959e-01,9.969374111223316959e-01,9.999999998089169617e-01
4.558787000000000000e+06,2.864370349696130306e+07,-9.973083000522837693e-01,9.973083000522837693e-01,9.999999998066766427e-01
4.609816000000000000e+06,2.896432816000137106e+07,9.980079557574227378e-01,9.980079557574227378e-01,9.999999998045787653e-01
4.661416000000000000e+06,2.928854052185183764e+07,9.960683166672006372e-01,9.960683166672006372e-01,9.999999998024287073e-01
4.713593000000000000e+06,2.961637828162454814e+07,-9.968888158226246743e-01,9.968888158226246743e-01,9.999999998000790313e-01
4.766354000000000000e+06,2.994788542161665112e+07,9.980205509529528340e-01,9.980205509529528340e-01,9.999999997979336364e-01
4.819706000000000000e+06,3.028310592412529513e+07,9.967109401099961685e-01,9.967109401099961685e-01,9.999999997957181863e-01
4.873655000000000000e+06,3.062207748826232553e+07,-9.968356312886732518e-01,9.968356312886732518e-01,9.999999997933219920e-01
4.928208000000000000e+06,3.096484409632489458e+07,9.959345185086956320e-01,9.959345185086956320e-01,9.999999997911238614e-01
4.983372000000000000e+06,3.131144973061015084e+07,9.963335218175924934e-01,9.963335218175924934e-01,9.999999997887772940e-01
5.039153000000000000e+06,3.166193209022993222e+07,-9.981340900688242534e-01,9.981340900688242534e-01,9.999999997863014967e-01
5.095558000000000000e+06,3.201633515748139843e+07,9.959749430214301924e-01,9.959749430214301924e-01,9.999999997840285371e-01
5.152595000000000000e+06,3.237470919784700125e+07,-9.967880376783558871e-01,9.967880376783558871e-01,9.999999997814696950e-01
5.210271000000000000e+06,3.273709819362388924e+07,-9.971220276767628343e-01,9.971220276767628343e-01,9.999999997790255390e-01
5.268591000000000000e+06,3.310353356073860452e+07,-9.977137991301205933e-01,9.977137991301205933e-01,9.999999997765732784e-01
5.327565000000000000e+06,3.347407813104421273e+07,-9.984839982096981315e-01,9.984839982096981315e-01,9.999999997740900426e-01
5.387199000000000000e+06,3.384876960365255922e+07,-9.982888154129181402e-01,9.982888154129181402e-01,9.999999997715538491e-01
5.447500000000000000e+06,3.422765196086079627e+07,9.964833093926220853e-01,9.964833093926220853e-01,9.999999997690982578e-01
5.508476000000000000e+06,3.461077546815137565e+07,9.976923524095623330e-01,9.976923524095623330e-01,9.999999997664814622e-01
5.570135000000000000e+06,3.499819039100676775e+07,-9.964242593938505976e-01,9.964242593938505976e-01,9.999999997637902815e-01
5.632484000000000000e+06,3.538994071172410250e+07,9.986386033791954109e-01,9.986386033791954109e-01,9.999999997612153413e-01
5.695531000000000000e+06,3.578607669578585774e+07,-9.966512643082989786e-01,9.966512643082989786e-01,9.999999997584552158e-01
5.759284000000000000e+06,3.618664860867447406e+07,9.975519419052338854e-01,9.975519419052338854e-01,9.999999997558473019e-01
5.823750000000000000e+06,3.659170043268711865e+07,9.978401043811735427e-01,9.978401043811735427e-01,9.999999997531121565e-01
5.888938000000000000e+06,3.700128871649153531e+07,9.956913612313531559e-01,9.956913612313531559e-01,9.999999997503921101e-01
5.954855000000000000e+06,3.741545744238489866e+07,-9.972848461703448519e-01,9.972848461703448519e-01,9.999999997474759983e-01
6.021510000000000000e+06,3.783426315903495252e+07,9.980881098055178757e-01,9.980881098055178757e-01,9.999999997447314160e-01
6.088912000000000000e+06,3.825776241510947049e+07,9.969802034005985636e-01,9.969802034005985636e-01,9.999999997418934639e-01
6.157068000000000000e+06,3.868599919290559739e+07,9.980171589831249301e-01,9.980171589831249301e-01,9.999999997389780182e-01
6.225987000000000000e+06,3.911903004109110683e+07,-9.973831064022523618e-01,9.973831064022523618e-01,9.999999997359749759e-01
6.295677000000000000e+06,3.955690522514845431e+07,-9.966211206298695169e-01,9.966211206298695169e-01,9.999999997330345503e-01
6.366147000000000000e+06,3.999968129374539852e+07,-9.978967257652989753e-01,9.978967257652989753e-01,9.999999997300671462e-01
6.437406000000000000e+06,4.044741479554971308e+07,9.960232241503788053e-01,9.960232241503788053e-01,9.999999997271378227e-01
6.509463000000000000e+06,4.090016227922914922e+07,-9.980174966098028788e-01,9.980174966098028788e-01,9.999999997239845673e-01
6.582326000000000000e+06,4.135797401026617736e+07,9.983659998480565179e-01,9.983659998480565179e-01,9.999999997209468861e-01
6.656005000000000000e+06,4.182091282051385939e+07,-9.976698230118836719e-01,9.976698230118836719e-01,9.999999997177728694e-01
6.730509000000000000e+06,4.228903525863996893e+07,-9.982435708888912629e-01,9.982435708888912629e-01,9.999999997146118424e-01
6.805846000000000000e+06,4.276239159012696147e+07,9.972240282668496381e-01,9.972240282668496381e-01,9.999999997114770167e-01
6.882027000000000000e+06,4.324105093001320958e+07,-9.979133315709228791e-01,9.979133315709228791e-01,9.999999997081843173e-01
6.959061000000000000e+06,4.372506982696647942e+07,-9.976633624689581481e-01,9.976633624689581481e-01,9.999999997049290323e-01
7.036956000000000000e+06,4.421449854646923393e+07,9.959922595098291698e-01,9.959922595098291698e-01,9.999999997017159359e-01
7.115724000000000000e+06,4.470941248674515635e+07,9.956608471618575429e-01,9.956608471618575429e-01,9.999999996983751638e-01
7.195374000000000000e+06,4.520986819646200538e+07,9.969157360757160413e-01,9.969157360757160413e-01,9.999999996949748837e-01
7.275915000000000000e+06,4.571592222428756207e+07,-9.968135312873752651e-01,9.968135312873752651e-01,9.999999996914665790e-01
7.357357000000000000e+06,4.622763740207488090e+07,-9.976663406406264256e-01,9.976663406406264256e-01,9.999999996880359898e-01
7.439711000000000000e+06,4.674508284486234933e+07,-9.969790906533522179e-01,9.969790906533522179e-01,9.999999996845195804e-01
7.522987000000000000e+06,4.726832138450303674e+07,-9.966989464266107213e-01,9.966989464266107213e-01,9.999999996810055025e-01
7.607195000000000000e+06,4.779741585285001248e+07,-9.958894994641229736e-01,9.958894994641229736e-01,9.999999996774033839e-01
7.692346000000000000e+06,4.833243536494166404e+07,9.976578631180199608e-01,9.976578631180199608e-01,9.999999996738837549e-01
7.778450000000000000e+06,4.887344275263105333e+07,9.969270584942471203e-01,9.969270584942471203e-01,9.999999996702551019e-01
7.865517000000000000e+06,4.942050084777125716e+07,-9.972705020429333267e-01,9.972705020429333267e-01,9.999999996664898916e-01
7.953560000000000000e+06,4.997369133177126944e+07,9.970220859961926863e-01,9.970220859961926863e-01,9.999999996628240462e-01
8.042587000000000000e+06,5.053306447011354566e+07,-9.957351951543764734e-01,9.957351951543764734e-01,9.999999996589458151e-01
8.132611000000000000e+06,5.109870194420707971e+07,-9.968716575857400342e-01,9.968716575857400342e-01,9.999999996551565129e-01
8.223643000000000000e+06,5.167067286909025162e+07,-9.979081704417018805e-01,9.979081704417018805e-01,9.999999996513125877e-01
8.315694000000000000e+06,5.224904635980144143e+07,9.958229609026498785e-01,9.958229609026498785e-01,9.999999996474931985e-01
8.408775000000000000e+06,5.283389153137902170e+07,-9.956283620776645860e-01,9.956283620776645860e-01,9.999999996434225658e-01
8.502899000000000000e+06,5.342529006523199379e+07,-9.967413925211335846e-01,9.967413925211335846e-01,9.999999996394628443e-01
8.598075000000000000e+06,5.402329851002812386e+07,-9.976948989171209314e-01,9.976948989171209314e-01,9.999999996354371756e-01
8.694317000000000000e+06,5.462800483036170155e+07,-9.956640884791888579e-01,9.956640884791888579e-01,9.999999996313130302e-01
8.791637000000000000e+06,5.523948442445641756e+07,-9.956230030674287912e-01,9.956230030674287912e-01,9.999999996271901059e-01
8.890045000000000000e+06,5.585780012416534126e+07,-9.965491352663292668e-01,9.965491352663292668e-01,9.999999996230442001e-01
8.989556000000000000e+06,5.648304617726809531e+07,9.955209021028820215e-01,9.955209021028820215e-01,9.999999996189404827e-01
9.090180000000000000e+06,5.711528541561773419e+07,9.968737104351007572e-01,9.968737104351007572e-01,9.999999996146414771e-01
9.191930000000000000e+06,5.775459952062325180e+07,9.969155442312083171e-01,9.969155442312083171e-01,9.999999996103300370e-01
9.294819000000000000e+06,5.840107017369365692e+07,-9.965396359673246440e-01,9.965396359673246440e-01,9.999999996058834828e-01
9.398860000000000000e+06,5.905477905623792857e+07,9.973651505140592732e-01,9.973651505140592732e-01,9.999999996015435100e-01
9.504066000000000000e+06,5.971580784966506064e+07,9.975723244786554034e-01,9.975723244786554034e-01,9.999999995970775268e-01
9.610449000000000000e+06,6.038423195219874382e+07,-9.972870701886776823e-01,9.972870701886776823e-01,9.999999995925110685e-01
9.718023000000000000e+06,6.106013932843328267e+07,-9.954649504815109573e-01,9.954649504815109573e-01,9.999999995879150783e-01
9.826801000000000000e+06,6.174361165977766365e+07,-9.974812242954069763e-01,9.974812242954069763e-01,9.999999995833467326e-01
9.936797000000000000e+06,6.243473691082619131e+07,-9.960551881976938970e-01,9.960551881976938970e-01,9.999999995786564844e-01
1.004802400000000000e+07,6.313359676298785210e+07,9.957829390156377469e-01,9.957829390156377469e-01,9.999999995740568304e-01
1.016049600000000000e+07,6.384027918085695803e+07,9.954054612281215686e-01,9.954054612281215686e-01,9.999999995692951948e-01
1.027422700000000000e+07,6.455487212902779877e+07,-9.966401289109030337e-01,9.966401289109030337e-01,9.999999995643630291e-01
1.038923100000000000e+07,6.527746357209467888e+07,-9.954954770659366625e-01,9.954954770659366625e-01,9.999999995594615054e-01
1.050552200000000000e+07,6.600814147465190291e+07,9.974892727643531742e-01,9.974892727643531742e-01,9.999999995546214882e-01
1.062311500000000000e+07,6.674700008447907120e+07,-9.952671115194597906e-01,9.952671115194597906e-01,9.999999995495455485e-01
1.074202400000000000e+07,6.749412736617048085e+07,9.968415375813244328e-01,9.968415375813244328e-01,9.999999995446099410e-01
1.086226400000000000e+07,6.824961756750576198e+07,9.968612836914472197e-01,9.968612836914472197e-01,9.999999995395185692e-01
1.098385000000000000e+07,6.901356493626450002e+07,9.956370771234482886e-01,9.956370771234482886e-01,9.999999995343884507e-01
1.110679700000000000e+07,6.978606372022630274e+07,-9.972896406887388210e-01,9.972896406887388210e-01,9.999999995290752564e-01
1.123112100000000000e+07,7.056721445035609603e+07,-9.973781212353145520e-01,9.973781212353145520e-01,9.999999995238096906e-01
1.135683600000000000e+07,7.135710509124818444e+07,9.973549398534480304e-01,9.973549398534480304e-01,9.999999995185362422e-01
1.148395800000000000e+07,7.215583617386746407e+07,9.956985854650345358e-01,9.956985854650345358e-01,9.999999995131850783e-01
1.161250300000000000e+07,7.296350822917886078e+07,-9.979188992879415299e-01,9.979188992879415299e-01,9.999999995076407355e-01
1.174248600000000000e+07,7.378021550496199727e+07,9.953824209550918845e-01,9.953824209550918845e-01,9.999999995022254007e-01
1.187392500000000000e+07,7.460607109855236113e+07,-9.960453440810687065e-01,9.960453440810687065e-01,9.999999994965230732e-01
1.200683500000000000e+07,7.544116925772960484e+07,-9.957783427907046514e-01,9.957783427907046514e-01,9.999999994908815859e-01
1.214123300000000000e+07,7.628561679664392769e+07,-9.972959959827673027e-01,9.972959959827673027e-01,9.999999994852265539e-01
1.227713500000000000e+07,7.713951424626025558e+07,-9.958594253050568890e-01,9.958594253050568890e-01,9.999999994794337432e-01
1.241455900000000000e+07,7.800297470391409099e+07,-9.954435589889722991e-01,9.954435589889722991e-01,9.999999994736039621e-01
1.255352000000000000e+07,7.887609241738508642e+07,9.973135961251003989e-01,9.973135961251003989e-01,9.999999994677988280e-01
1.269403700000000000e+07,7.975898676719403267e+07,-9.970497835549988475e-01,9.970497835549988475e-01,9.999999994617700949e-01
1.283612700000000000e+07,8.065176456749117374e+07,-9.972432942537864387e-01,9.972432942537864387e-01,9.999999994557630112e-01
1.297980800000000000e+07,8.155453891561205685e+07,9.973982303831322449e-01,9.973982303831322449e-01,9.999999994497251743e-01
1.312509600000000000e+07,8.246741034252156317e+07,9.964976128370821584e-01,9.964976128370821584e-01,9.999999994435935236e-01
1.327201100000000000e+07,8.339050451192584634e+07,-9.972116002079065566e-01,9.972116002079065566e-01,9.999999994372839041e-01
1.342057100000000000e+07,8.432393452116045356e+07,-9.970803860974909449e-01,9.970803860974909449e-01,9.999999994309701767e-01
1.357079300000000000e+07,8.526780718437558413e+07,-9.979595667322611607e-01,9.979595667322611607e-01,9.999999994246077106e-01
1.372269700000000000e+07,8.622224816527739167e+07,-9.960290673670032513e-01,9.960290673670032513e-01,9.999999994181506535e-01
1.387630100000000000e+07,8.718737056120139360e+07,-9.960618667181423413e-01,9.960618667181423413e-01,9.999999994116250956e-01
1.403162500000000000e+07,8.816330003585375845e+07,-9.974974148487044667e-01,9.974974148487044667e-01,9.999999994050855490e-01
1.418868700000000000e+07,8.915014968657000363e+07,-9.982718750276436959e-01,9.982718750276436959e-01,9.999999993984196589e-01
1.434750700000000000e+07,9.014804517705626786e+07,-9.956102284019614501e-01,9.956102284019614501e-01,9.999999993916548480e-01
1.450810500000000000e+07,9.115711217101868987e+07,-9.953413345399422241e-01,9.953413345399422241e-01,9.999999993848414093e-01
1.467050100000000000e+07,9.217747633216342330e+07,-9.956551099796165927e-01,9.956551099796165927e-01,9.999999993779611351e-01
1.483471400000000000e+07,9.320925704101130366e+07,9.971408028020203318e-01,9.971408028020203318e-01,9.999999993711086166e-01
1.500076600000000000e+07,9.425259252763909101e+07,9.956026672754092477e-01,9.956026672754092477e-01,9.999999993640904528e-01
1.516867600000000000e+07,9.530760217256762087e+07,9.981835799413327770e-01,9.981835799413327770e-01,9.999999993569306245e-01
1.533846600000000000e+07,9.637442420587363839e+07,9.969622091235064154e-01,9.969622091235064154e-01,9.999999993497489248e-01
1.551015600000000000e+07,9.745318429126329720e+07,9.952722765526269555e-01,9.952722765526269555e-01,9.999999993424980582e-01
1.568376800000000000e+07,9.854402065881335735e+07,9.974656694908200505e-01,9.974656694908200505e-01,9.999999993350945360e-01
1.585932300000000000e+07,9.964706525541527569e+07,-9.974426217636507275e-01,9.974426217636507275e-01,9.999999993275923149e-01
1.603684300000000000e+07,1.007624563111457974e+08,-9.957019914059177523e-01,9.957019914059177523e-01,9.999999993200316961e-01
1.621635100000000000e+07,1.018903383392669857e+08,-9.969482873409577506e-01,9.969482873409577506e-01,9.999999993124206732e-01
1.639786800000000000e+07,1.030308432866703123e+08,9.984809938499941140e-01,9.984809938499941140e-01,9.999999993048167557e-01
1.658141600000000000e+07,1.041841093834325075e+08,9.978225281841406336e-01,9.978225281841406336e-01,9.999999992970451945e-01
1.676701900000000000e+07,1.053502874260009527e+08,-9.966964357775176531e-01,9.966964357775176531e-01,9.999999992891002165e-01
1.695470000000000000e+07,1.065295219276377261e+08,9.957095839808650650e-01,9.957095839808650650e-01,9.999999992812524940e-01
1.714448100000000000e+07,1.077219511184195727e+08,-9.963260445913333374e-01,9.963260445913333374e-01,9.999999992730671527e-01
1.733638700000000000e+07,1.089277320779791921e+08,-9.969426379217996015e-01,9.969426379217996015e-01,9.999999992649595271e-01
1.753044100000000000e+07,1.101470093195786178e+08,-9.969646411935096930e-01,9.969646411935096930e-01,9.999999992567032425e-01
1.772666700000000000e+07,1.113799336396652311e+08,-9.966416180069574970e-01,9.966416180069574970e-01,9.999999992484140954e-01
1.792508900000000000e+07,1.126266558346864283e+08,-9.975495420033757554e-01,9.975495420033757554e-01,9.999999992400151472e-01
1.812573300000000000e+07,1.138873392674601674e+08,-9.978027204294743768e-01,9.978027204294743768e-01,9.999999992315113939e-01
1.832862200000000000e+07,1.151621284512485266e+08,9.973593870578523202e-01,9.973593870578523202e-01,9.999999992229950951e-01
1.853378200000000000e+07,1.164511867488694787e+08,9.954642349085904840e-01,9.954642349085904840e-01,9.999999992143117078e-01
1.874123900000000000e+07,1.177546775231410414e+08,-9.980876865102734641e-01,9.980876865102734641e-01,9.999999992054131592e-01
1.895101800000000000e+07,1.190727578536958694e+08,9.972085137162101098e-01,9.972085137162101098e-01,9.999999991966107560e-01
1.916314500000000000e+07,1.204055911033519506e+08,-9.956049811881110267e-01,9.956049811881110267e-01,9.999999991874934935e-01
1.937764700000000000e+07,1.217533469181125909e+08,-9.955248768425593031e-01,9.955248768425593031e-01,9.999999991784012110e-01
1.959454900000000000e+07,1.231161823776104599e+08,-9.983281658814663340e-01,9.983281658814663340e-01,9.999999991692364310e-01
1.981387900000000000e+07,1.244942734110341519e+08,-9.955246196938443148e-01,9.955246196938443148e-01,9.999999991599070048e-01
2.003566500000000000e+07,1.258877959475722909e+08,-9.980274882882977927e-01,9.980274882882977927e-01,9.999999991505216235e-01
2.025993300000000000e+07,1.272969133500428349e+08,-9.963973010449406198e-01,9.963973010449406198e-01,9.999999991410213340e-01
2.048671100000000000e+07,1.287218015476344079e+08,-9.967355940469713182e-01,9.967355940469713182e-01,9.999999991313948122e-01
2.071602800000000000e+07,1.301626427527209073e+08,9.969957091866998855e-01,9.969957091866998855e-01,9.999999991217795037e-01
2.094791200000000000e+07,1.316196128944909424e+08,9.973088643951044663e-01,9.973088643951044663e-01,9.999999991119186138e-01
2.118239100000000000e+07,1.330928879021331072e+08,-9.970452087544137143e-01,9.970452087544137143e-01,9.999999991019254963e-01
2.141949500000000000e+07,1.345826562712066174e+08,-9.972500859542473561e-01,9.972500859542473561e-01,9.999999990918353454e-01
2.165925300000000000e+07,1.360891002140853703e+08,-9.983879958793148157e-01,9.983879958793148157e-01,9.999999990817066697e-01
2.190169400000000000e+07,1.376124019431433082e+08,9.962107965458593117e-01,9.962107965458593117e-01,9.999999990715161546e-01
2.214684900000000000e+07,1.391527562371249199e+08,-9.974999243141603467e-01,9.974999243141603467e-01,9.999999990610178857e-01
2.239474900000000000e+07,1.407103578747747242e+08,-9.982551360645155469e-01,9.982551360645155469e-01,9.999999990505243908e-01
2.264542300000000000e+07,1.422853890684666634e+08,-9.982420220585028758e-01,9.982420220585028758e-01,9.999999990398935612e-01
2.289890300000000000e+07,1.438780508801305592e+08,-9.969355990722670313e-01,9.969355990722670313e-01,9.999999990291272844e-01
2.315522100000000000e+07,1.454885443716962039e+08,-9.972450486093320521e-01,9.972450486093320521e-01,9.999999990182761866e-01
2.341440700000000000e+07,1.471170580387228429e+08,-9.957731403259155734e-01,9.957731403259155734e-01,9.999999990072521161e-01
2.367649500000000000e+07,1.487638055095109344e+08,-9.952709568575208721e-01,9.952709568575208721e-01,9.999999989961567692e-01
2.394151700000000000e+07,1.504289878459903002e+08,-9.964660556778466294e-01,9.964660556778466294e-01,9.999999989849324145e-01
2.420950400000000000e+07,1.521127998269054294e+08,9.954711112586496213e-01,9.954711112586496213e-01,9.999999989736796380e-01
2.448049200000000000e+07,1.538154676469274163e+08,9.949439831671371692e-01,9.949439831671371692e-01,9.999999989621960461e-01
2.475451300000000000e+07,1.555371923679860532e+08,-9.953175336816793006e-01,9.953175336816793006e-01,9.999999989504406717e-01
2.503160100000000000e+07,1.572781876183818281e+08,-9.957911140134223515e-01,9.957911140134223515e-01,9.999999989387016175e-01
2.531179100000000000e+07,1.590386733096004725e+08,-9.946003864642414261e-01,9.946003864642414261e-01,9.999999989268215650e-01
2.559511700000000000e+07,1.608188630699424446e+08,-9.945356038279229427e-01,9.945356038279229427e-01,9.999999989148062873e-01
2.588161400000000000e+07,1.626189768108934760e+08,9.959097815607749205e-01,9.959097815607749205e-01,9.999999989027684721e-01
2.617131900000000000e+07,1.644392470103099346e+08,-9.957979240382059949e-01,9.957979240382059949e-01,9.999999988903969239e-01
2.646426600000000000e+07,1.662798872964922786e+08,9.943102131981433889e-01,9.943102131981433889e-01,9.999999988780928772e-01
2.676049200000000000e+07,1.681411301472968459e+08,9.965779047615654918e-01,9.965779047615654918e-01,9.999999988654943994e-01
2.706003400000000000e+07,1.700232080405800343e+08,9.950410913968671389e-01,9.950410913968671389e-01,9.999999988528279760e-01
2.736292900000000000e+07,1.719263534541982114e+08,-9.948046021504753922e-01,9.948046021504753922e-01,9.999999988398612372e-01
2.766921400000000000e+07,1.738507988660077155e+08,9.945775853391554122e-01,9.945775853391554122e-01,9.999999988270048545e-01
2.797892800000000000e+07,1.757967893202355206e+08,9.953875161333783916e-01,9.953875161333783916e-01,9.999999988138555951e-01
2.829210800000000000e+07,1.777645572947380245e+08,9.959766811387800178e-01,9.959766811387800178e-01,9.999999988005611185e-01
2.860879400000000000e+07,1.797543541169275045e+08,9.950211732093378059e-01,9.950211732093378059e-01,9.999999987871562857e-01
2.892902500000000000e+07,1.817664248310309350e+08,-9.944755988405064029e-01,9.944755988405064029e-01,9.999999987734677909e-01
2.925284000000000000e+07,1.838010144812752903e+08,9.948216432201419934e-01,9.948216432201419934e-01,9.999999987598546802e-01
2.958028000000000000e+07,1.858583806782581806e+08,9.948627382265717856e-01,9.948627382265717856e-01,9.999999987459690098e-01
2.991138500000000000e+07,1.879387747493918538e+08,-9.951971837899663553e-01,9.951971837899663553e-01,9.999999987318388683e-01
3.024619700000000000e+07,1.900424605884592831e+08,-9.944164718668959679e-01,9.944164718668959679e-01,9.999999987176311222e-01
3.058475600000000000e+07,1.921696895228726864e+08,9.947341466046778491e-01,9.947341466046778491e-01,9.999999987033898474e-01
3.092710400000000000e+07,1.943207254464150071e+08,9.940621821578720096e-01,9.940621821578720096e-01,9.999999986888822301e-01
3.127328500000000000e+07,1.964958448192397356e+08,-9.940266615318628096e-01,9.940266615318628096e-01,9.999999986740792934e-01
3.162334100000000000e+07,1.986953115351298153e+08,-9.959878634135675979e-01,9.959878634135675979e-01,9.999999986592759127e-01
3.197731500000000000e+07,2.009193957710534036e+08,-9.941364118947378925e-01,9.941364118947378925e-01,9.999999986442412725e-01
3.233525100000000000e+07,2.031683739871640205e+08,-9.940651745909598880e-01,9.940651745909598880e-01,9.999999986290661891e-01
3.269719300000000000e+07,2.054425226436152160e+08,-9.949640420959410259e-01,9.949640420959410259e-01,9.999999986137434460e-01
3.306318700000000000e+07,2.077421307669311166e+08,-9.939874519243030448e-01,9.939874519243030448e-01,9.999999985982045425e-01
3.343327800000000000e+07,2.100674811004505157e+08,9.948614052230564386e-01,9.948614052230564386e-01,9.999999985826178994e-01
3.380751200000000000e+07,2.124188626706975400e+08,9.964665090843385364e-01,9.964665090843385364e-01,9.999999985667316071e-01
3.418593400000000000e+07,2.147965582210110724e+08,9.961955516109042286e-01,9.961955516109042286e-01,9.999999985506963229e-01
3.456859200000000000e+07,2.172008693442857862e+08,9.949369173228522767e-01,9.949369173228522767e-01,9.999999985344890652e-01
3.495553400000000000e+07,2.196320976334164739e+08,9.941060075942170782e-01,9.941060075942170782e-01,9.999999985180966222e-01
3.534680600000000000e+07,2.220905321149272323e+08,9.940489975368660414e-01,9.940489975368660414e-01,9.999999985015097792e-01
3.574245900000000000e+07,2.245764932312687635e+08,-9.950252507835805060e-01,9.950252507835805060e-01,9.999999984846397183e-01
3.614254000000000000e+07,2.270902762921504974e+08,9.947648073213790632e-01,9.947648073213790632e-01,9.999999984677701015e-01
3.654709900000000000e+07,2.296321954568377435e+08,-9.943697059377744063e-01,9.943697059377744063e-01,9.999999984505113515e-01
3.695618700000000000e+07,2.322025711677812338e+08,-9.945909217235074928e-01,9.945909217235074928e-01,9.999999984331557901e-01
3.736985400000000000e+07,2.348017175842462778e+08,9.968229420728258461e-01,9.968229420728258461e-01,9.999999984157053046e-01
3.778815100000000000e+07,2.374299551486835778e+08,-9.951087710462426239e-01,9.951087710462426239e-01,9.999999983978794527e-01
3.821113000000000000e+07,2.400876105867291093e+08,9.953131412245195264e-01,9.953131412245195264e-01,9.999999983800499370e-01
3.863884400000000000e+07,2.427750169072041214e+08,9.958245526885864951e-01,9.958245526885864951e-01,9.999999983619277666e-01
3.907134600000000000e+07,2.454925071189298928e+08,9.937832313637762205e-01,9.937832313637762205e-01,9.999999983436084205e-01
3.950868900000000000e+07,2.482404142307277322e+08,-9.951178361179799925e-01,9.951178361179799925e-01,9.999999983249747704e-01
3.995092700000000000e+07,2.510190775346042216e+08,-9.949027972247339591e-01,9.949027972247339591e-01,9.999999983062007880e-01
4.039811500000000000e+07,2.538288426057512462e+08,-9.963974119539854568e-01,9.963974119539854568e-01,9.999999982872611604e-01
4.085030900000000000e+07,2.566700613025460243e+08,-9.935902429373130174e-01,9.935902429373130174e-01,9.999999982680750632e-01
4.130756400000000000e+07,2.595430792001804113e+08,9.952181975540876913e-01,9.952181975540876913e-01,9.999999982487891570e-01
4.176993800000000000e+07,2.624482607234022617e+08,9.941854100664221372e-01,9.941854100664221372e-01,9.999999982291910561e-01
4.223748700000000000e+07,2.653859577305887938e+08,-9.940169539745462579e-01,9.940169539745462579e-01,9.999999982092662165e-01
4.271027000000000000e+07,2.683565409296730757e+08,9.937912550853422733e-01,9.937912550853422733e-01,9.999999981893373802e-01
4.318834500000000000e+07,2.713603747454029322e+08,-9.934892713743634918e-01,9.934892713743634918e-01,9.999999981689462469e-01
4.367177100000000000e+07,2.743978298857115507e+08,-9.930398943923972599e-01,9.930398943923972599e-01,9.999999981484475331e-01
4.416060900000000000e+07,2.774692896249026060e+08,-9.940278199101177936e-01,9.940278199101177936e-01,9.999999981277564176e-01
4.465491800000000000e+07,2.805751246709092259e+08,9.948346527440166120e-01,9.948346527440166120e-01,9.999999981068616872e-01
4.515476000000000000e+07,2.837157245812205076e+08,9.929212911832444588e-01,9.929212911832444588e-01,9.999999980856945081e-01
4.566019700000000000e+07,2.868914789133254290e+08,-9.932435860377282211e-01,9.932435860377282211e-01,9.999999980641519626e-01
4.617129200000000000e+07,2.901027835078983903e+08,9.927871131967761498e-01,9.927871131967761498e-01,9.999999980426053092e-01
4.668810700000000000e+07,2.933500279224283695e+08,-9.936499509272765929e-01,9.936499509272765929e-01,9.999999980205898087e-01
4.721070800000000000e+07,2.966336268471457362e+08,9.935934718832337698e-01,9.935934718832337698e-01,9.999999979985124687e-01
4.773915800000000000e+07,2.999539761227248311e+08,9.933042330185508639e-01,9.933042330185508639e-01,9.999999979761104996e-01
4.827352300000000000e+07,3.033114904393958449e+08,-9.924813629259656711e-01,9.924813629259656711e-01,9.999999979533683581e-01
4.881387000000000000e+07,3.067065907705743909e+08,9.930631188409728694e-01,9.930631188409728694e-01,9.999999979305521647e-01
4.936026500000000000e+07,3.101396918064907789e+08,-9.931801058893476863e-01,9.931801058893476863e-01,9.999999979073049827e-01
4.991277600000000000e+07,3.136112208037458658e+08,9.919769004599999773e-01,9.919769004599999773e-01,9.999999978839798631e-01
5.047147200000000000e+07,3.171216113021258712e+08,9.918865594043874134e-01,9.918865594043874134e-01,9.999999978602939210e-01
5.103642100000000000e+07,3.206712905582317114e+08,-9.921746531320443374e-01,9.921746531320443374e-01,9.999999978362310582e-01
5.160769500000000000e+07,3.242607109614053965e+08,-9.922754513367459950e-01,9.922754513367459950e-01,9.999999978120098776e-01
5.218536200000000000e+07,3.278902997682479024e+08,9.932932413260371352e-01,9.932932413260371352e-01,9.999999977876071755e-01
5.276949600000000000e+07,3.315605219344719648e+08,9.932978399879183184e-01,9.932978399879183184e-01,9.999999977628494241e-01
5.336016800000000000e+07,3.352718235662343502e+08,9.930276953305929855e-01,9.930276953305929855e-01,9.999999977378184468e-01
5.395745200000000000e+07,3.390246696192477942e+08,9.924991191453685913e-01,9.924991191453685913e-01,9.999999977125030304e-01
5.456142100000000000e+07,3.428195187660397291e+08,-9.926739874821710607e-01,9.926739874821710607e-01,9.999999976868071405e-01
5.517215100000000000e+07,3.466568485286934972e+08,-9.934872943532528922e-01,9.934872943532528922e-01,9.999999976609129648e-01
5.578971800000000000e+07,3.505371364292925000e+08,9.928569114569149034e-01,9.928569114569149034e-01,9.999999976348222797e-01
5.641419600000000000e+07,3.544608474235494137e+08,9.932662828656981802e-01,9.932662828656981802e-01,9.999999976083329134e-01
5.704566500000000000e+07,3.584284841662887931e+08,-9.918201434247233550e-01,9.918201434247233550e-01,9.999999975814695130e-01
5.768420300000000000e+07,3.624405367459645867e+08,-9.932898023742988691e-01,9.932898023742988691e-01,9.999999975544147102e-01
5.832988700000000000e+07,3.664974889678455591e+08,-9.934274412158150547e-01,9.934274412158150547e-01,9.999999975270362773e-01
5.898279900000000000e+07,3.705998560531268120e+08,-9.922467521613754782e-01,9.922467521613754782e-01,9.999999974993394325e-01
5.964302000000000000e+07,3.747481469398182034e+08,9.931304473487531093e-01,9.931304473487531093e-01,9.999999974714585127e-01
6.031063000000000000e+07,3.789428642827443480e+08,9.924273405175949581e-01,9.924273405175949581e-01,9.999999974431444949e-01
6.098571400000000000e+07,3.831845421526563764e+08,9.926117032786061500e-01,9.926117032786061500e-01,9.999999974145238335e-01
6.166835400000000000e+07,3.874736957707494497e+08,9.933448905792412464e-01,9.933448905792412464e-01,9.999999973855785429e-01
6.235863500000000000e+07,3.918108592077746987e+08,-9.919228466727445515e-01,9.919228466727445515e-01,9.999999973562420097e-01
6.305664200000000000e+07,3.961965665344831944e+08,9.917315789668882386e-01,9.917315789668882386e-01,9.999999973267253983e-01
6.376246300000000000e+07,4.006313706711819768e+08,-9.923526670290876428e-01,9.923526670290876428e-01,9.999999972967191786e-01
6.447618400000000000e+07,4.051158119718075395e+08,9.918031689126401984e-01,9.918031689126401984e-01,9.999999972665478687e-01
6.519789500000000000e+07,4.096504559230374098e+08,-9.908531878322950348e-01,9.908531878322950348e-01,9.999999972358564193e-01
6.592768300000000000e+07,4.142358491619933844e+08,-9.912903340419767506e-01,9.912903340419767506e-01,9.999999972049193886e-01
6.666564100000000000e+07,4.188725760249090195e+08,-9.910228547108715924e-01,9.910228547108715924e-01,9.999999971736391879e-01
6.741185900000000000e+07,4.235612019984619617e+08,-9.905345779030384490e-01,9.905345779030384490e-01,9.999999971419918365e-01
6.816642900000000000e+07,4.283023051357004642e+08,-9.910378417425989017e-01,9.910378417425989017e-01,9.999999971100110852e-01
6.892944600000000000e+07,4.330964823392286897e+08,9.908390925023908835e-01,9.908390925023908835e-01,9.999999970777521119e-01
6.970100400000000000e+07,4.379443242284655571e+08,9.907198209259902022e-01,9.907198209259902022e-01,9.999999970450462738e-01
7.048119800000000000e+07,4.428464277060152292e+08,9.904685427722548230e-01,9.904685427722548230e-01,9.999999970119709536e-01
7.127012500000000000e+07,4.478034022408525348e+08,-9.911414342696236446e-01,9.911414342696236446e-01,9.999999969784264531e-01
7.206788300000000000e+07,4.528158635851374865e+08,-9.907575889302897565e-01,9.907575889302897565e-01,9.999999969446076165e-01
7.287457000000000000e+07,4.578844274910302758e+08,9.904889377616238333e-01,9.904889377616238333e-01,9.999999969105004549e-01
7.369028700000000000e+07,4.630097285602468848e+08,-9.915524134064291895e-01,9.915524134064291895e-01,9.999999968758205293e-01
7.451513500000000000e+07,4.681924013945033550e+08,-9.916218123141526952e-01,9.916218123141526952e-01,9.999999968408480600e-01
7.534921600000000000e+07,4.734330868787009716e+08,9.905535095932782585e-01,9.905535095932782585e-01,9.999999968055905963e-01
7.619263300000000000e+07,4.787324321809265018e+08,-9.912705403968330442e-01,9.912705403968330442e-01,9.999999967697340564e-01
7.704549000000000000e+07,4.840910907524517179e+08,9.921121194578710334e-01,9.921121194578710334e-01,9.999999967336664630e-01
7.790789400000000000e+07,4.895097348941046596e+08,9.909623527087575434e-01,9.909623527087575434e-01,9.999999966971108156e-01
7.877995200000000000e+07,4.949890369067130685e+08,9.905196854238170756e-01,9.905196854238170756e-01,9.999999966601424983e-01
7.966177000000000000e+07,5.005296628079195619e+08,9.919748520951355841e-01,9.919748520951355841e-01,9.999999966227496317e-01
8.055346000000000000e+07,5.061323163144785166e+08,9.903467307848367041e-01,9.903467307848367041e-01,9.999999965849543093e-01
8.145513000000000000e+07,5.117976760104031563e+08,9.906800837681040139e-01,9.906800837681040139e-01,9.999999965467227803e-01
8.236689300000000000e+07,5.175264518956331015e+08,-9.912114156865776682e-01,9.912114156865776682e-01,9.999999965079747755e-01
8.328886200000000000e+07,5.233193539701081514e+08,9.899773158749699542e-01,9.899773158749699542e-01,9.999999964689850751e-01
8.422115100000000000e+07,5.291770985169532895e+08,-9.904967499805540365e-01,9.904967499805540365e-01,9.999999964293636578e-01
8.516387500000000000e+07,5.351004081024788618e+08,-9.902566239914407653e-01,9.902566239914407653e-01,9.999999963893951849e-01
8.611715200000000000e+07,5.410900241425510645e+08,9.900082779263075228e-01,9.900082779263075228e-01,9.999999963490732169e-01
8.708109900000000000e+07,5.471466817698509693e+08,-9.898415903020426621e-01,9.898415903020426621e-01,9.999999963081204202e-01
8.805583600000000000e+07,5.532711349666153193e+08,9.896606593191550338e-01,9.896606593191550338e-01,9.999999962668845166e-01
8.904148400000000000e+07,5.594641439982662201e+08,9.901160162556303934e-01,9.901160162556303934e-01,9.999999962250927243e-01
9.003816400000000000e+07,5.657264691302260160e+08,9.901187624985962055e-01,9.901187624985962055e-01,9.999999961828383022e-01
9.104600100000000000e+07,5.720588957606579065e+08,-9.898399637585740818e-01,9.898399637585740818e-01,9.999999961400254378e-01
9.206511900000000000e+07,5.784622030045402050e+08,-9.902912643637038492e-01,9.902912643637038492e-01,9.999999960968140034e-01
9.309564400000000000e+07,5.849371825432213545e+08,9.907617145824567650e-01,9.907617145824567650e-01,9.999999960532239829e-01
9.413770500000000000e+07,5.914846449076062441e+08,-9.904637468626215080e-01,9.904637468626215080e-01,9.999999960089566153e-01
9.519143000000000000e+07,5.981053943454140425e+08,9.914648285703320241e-01,9.914648285703320241e-01,9.999999959643657288e-01
9.625694900000000000e+07,6.048002476707347631e+08,-9.905338449079172936e-01,9.905338449079172936e-01,9.999999959191137044e-01
9.733439600000000000e+07,6.115700468303995132e+08,9.902567559018065069e-01,9.902567559018065069e-01,9.999999958735206196e-01
9.842390200000000000e+07,6.184156149216835499e+08,9.904448997463346505e-01,9.904448997463346505e-01,9.999999958273259049e-01
9.952560400000000000e+07,6.253378127409738302e+08,9.903443702156178308e-01,9.903443702156178308e-01,9.999999957806301465e-01
1.006396380000000000e+08,6.323374948014723063e+08,9.911239855591283954e-01,9.911239855591283954e-01,9.999999957333928213e-01
1.017661420000000000e+08,6.394155281827514172e+08,9.906576342515285294e-01,9.906576342515285294e-01,9.999999956856358008e-01
1.029052550000000000e+08,6.465727862475686073e+08,-9.912767063322723837e-01,9.912767063322723837e-01,9.999999956372565002e-01
1.040571190000000000e+08,6.538101612082377672e+08,-9.895373785779040254e-01,9.895373785779040254e-01,9.999999955884145697e-01
1.052218760000000000e+08,6.611285452770723104e+08,9.902304610885016567e-01,9.902304610885016567e-01,9.999999955391158935e-01
1.063996710000000000e+08,6.685288495159418583e+08,-9.892190015906291434e-01,9.892190015906291434e-01,9.999999954890941289e-01
1.075906490000000000e+08,6.760119849867160320e+08,-9.900914078160978349e-01,9.900914078160978349e-01,9.999999954386227241e-01
1.087949590000000000e+08,6.835788878840055466e+08,-9.892060543226798286e-01,9.892060543226798286e-01,9.999999953875399195e-01
1.100127480000000000e+08,6.912304818360503912e+08,9.904718676570199998e-01,9.904718676570199998e-01,9.999999953360108051e-01
1.112441700000000000e+08,6.989677344533880949e+08,9.897424799757360558e-01,9.897424799757360558e-01,9.999999952838127815e-01
1.124893740000000000e+08,7.067915819306293726e+08,9.916607302074805785e-01,9.916607302074805785e-01,9.999999952310059115e-01
1.137485180000000000e+08,7.147030170110527277e+08,9.906917129929985188e-01,9.906917129929985188e-01,9.999999951776290530e-01
1.150217550000000000e+08,7.227030010220100880e+08,-9.915019109473496295e-01,9.915019109473496295e-01,9.999999951235658546e-01
1.163092440000000000e+08,7.307925329899654388e+08,9.905239284348843487e-01,9.905239284348843487e-01,9.999999950690744432e-01
1.176111440000000000e+08,7.389726119413825274e+08,9.912262410443617444e-01,9.912262410443617444e-01,9.999999950138726001e-01
1.189276180000000000e+08,7.472442620354664326e+08,9.907089428170433587e-01,9.907089428170433587e-01,9.999999949580737901e-01
1.202588270000000000e+08,7.556084948650517464e+08,-9.907388300899073741e-01,9.907388300899073741e-01,9.999999949015241363e-01
1.216049370000000000e+08,7.640663534388992786e+08,-9.898926617733068145e-01,9.898926617733068145e-01,9.999999948444703302e-01
1.229661140000000000e+08,7.726188807657700777e+08,9.903243431824219067e-01,9.903243431824219067e-01,9.999999947868660755e-01
1.243425280000000000e+08,7.812671449871662855e+08,9.905475766872062771e-01,9.905475766872062771e-01,9.999999947285000967e-01
1.257343490000000000e+08,7.900122142445902824e+08,-9.908855726087417715e-01,9.908855726087417715e-01,9.999999946694247965e-01
1.271417490000000000e+08,7.988551692459148169e+08,-9.899269759444475625e-01,9.899269759444475625e-01,9.999999946097375414e-01
1.285649020000000000e+08,8.077971032653833628e+08,9.891714556077082499e-01,9.891714556077082499e-01,9.999999945495181564e-01
1.300039860000000000e+08,8.168391347099806070e+08,9.897275932998872428e-01,9.897275932998872428e-01,9.999999944885062941e-01
1.314591770000000000e+08,8.259823694203206301e+08,-9.906584386078102211e-01,9.906584386078102211e-01,9.999999944267220497e-01
1.329306580000000000e+08,8.352279572193145752e+08,9.908394941986085058e-01,9.908394941986085058e-01,9.999999943644032330e-01
1.344186090000000000e+08,8.445770290803177357e+08,-9.925248785660166773e-01,9.925248785660166773e-01,9.999999943012529702e-01
1.359232160000000000e+08,8.540307536757972240e+08,9.920240609546463473e-01,9.920240609546463473e-01,9.999999942375239481e-01
1.374446640000000000e+08,8.635902933950350285e+08,9.899868879369497776e-01,9.899868879369497776e-01,9.999999941730454145e-01
1.389831430000000000e+08,8.732568420432393551e+08,-9.915909589948515013e-01,9.915909589948515013e-01,9.999999941077476473e-01
1.405388420000000000e+08,8.830315871424332857e+08,9.912579459187691455e-01,9.912579459187691455e-01,9.999999940418609068e-01
1.421119550000000000e+08,8.929157476305664778e+08,-9.911358329139429157e-01,9.911358329139429157e-01,9.999999939750823241e-01
1.437026770000000000e+08,9.029105487287738323e+08,-9.892857576539001441e-01,9.892857576539001441e-01,9.999999939076296140e-01
1.453112040000000000e+08,9.130172219413754940e+08,9.886470326456099356e-01,9.886470326456099356e-01,9.999999938395582877e-01
1.469377360000000000e+08,9.232370239054329395e+08,9.887952460600932802e-01,9.887952460600932802e-01,9.999999937705899011e-01
1.485824750000000000e+08,9.335712238243781328e+08,-9.883763505972364971e-01,9.883763505972364971e-01,9.999999937007352235e-01
1.502456240000000000e+08,9.440210971848286390e+08,9.886411697832235834e-01,9.886411697832235834e-01,9.999999936303544112e-01
1.519273890000000000e+08,9.545879383229575157e+08,-9.902674520375566170e-01,9.902674520375566170e-01,9.999999935589707345e-01
1.536279790000000000e+08,9.652730604244940281e+08,-9.889738126417557673e-01,9.889738126417557673e-01,9.999999934868361029e-01
1.553476050000000000e+08,9.760777892415380478e+08,-9.896559703800822394e-01,9.896559703800822394e-01,9.999999934139290891e-01
1.570864790000000000e+08,9.870034568093745708e+08,-9.896796189825889378e-01,9.896796189825889378e-01,9.999999933402072827e-01
1.588448170000000000e+08,9.980514202960301638e+08,-9.901215831009196888e-01,9.901215831009196888e-01,9.999999932656896684e-01
1.606228370000000000e+08,1.009223049435901642e+09,-9.877888331470657812e-01,9.877888331470657812e-01,9.999999931902797679e-01
1.624207590000000000e+08,1.020519726529756546e+09,-9.869066008443720950e-01,9.869066008443720950e-01,9.999999931140572951e-01
1.642388060000000000e+08,1.031942852727918506e+09,9.867900448857409579e-01,9.867900448857409579e-01,9.999999930371152868e-01
1.660772030000000000e+08,1.043493841747081518e+09,-9.884202620532551720e-01,9.884202620532551720e-01,9.999999929590878134e-01
1.679361780000000000e+08,1.055174126153495669e+09,9.869376592922300961e-01,9.869376592922300961e-01,9.999999928803585680e-01
1.698159620000000000e+08,1.066985157362966895e+09,9.882360904411471303e-01,9.882360904411471303e-01,9.999999928006312322e-01
1.717167870000000000e+08,1.078928393074486494e+09,-9.872522276293619337e-01,9.872522276293619337e-01,9.999999927199638705e-01
1.736388880000000000e+08,1.091005309836601734e+09,9.884193888801123817e-01,9.884193888801123817e-01,9.999999926385579885e-01
1.755825050000000000e+08,1.103217415613786221e+09,-9.879068245125689485e-01,9.879068245125689485e-01,9.999999925560951741e-01
1.775478770000000000e+08,1.115566212087328434e+09,-9.864739702012347289e-01,9.864739702012347289e-01,9.999999924727680511e-01
1.795352480000000000e+08,1.128053232354443312e+09,9.852713823460604869e-01,9.852713823460604869e-01,9.999999923886188080e-01
1.815448650000000000e+08,1.140680028361901522e+09,-9.845579786474729644e-01,9.845579786474729644e-01,9.999999923033032756e-01
1.835769770000000000e+08,1.153448164622844934e+09,-9.843030663158081062e-01,9.843030663158081062e-01,9.999999922171652900e-01
1.856318350000000000e+08,1.166359218216785192e+09,-9.831209350333734998e-01,9.831209350333734998e-01,9.999999921300223304e-01
1.877096930000000000e+08,1.179414785072790861e+09,-9.827397096943818466e-01,9.827397096943818466e-01,9.999999920419302413e-01
1.898108110000000000e+08,1.192616498819041491e+09,-9.837368948614623188e-01,9.837368948614623188e-01,9.999999919528798076e-01
1.919354470000000000e+08,1.205965980517346144e+09,-9.836164741348304430e-01,9.836164741348304430e-01,9.999999918628231788e-01
1.940838640000000000e+08,1.219464882645441055e+09,9.835518445917955654e-01,9.835518445917955654e-01,9.999999917718155329e-01
1.962563300000000000e+08,1.233114889096988201e+09,9.819916863218571823e-01,9.819916863218571823e-01,9.999999916797253086e-01
1.984531140000000000e+08,1.246917690048835516e+09,9.826732217265947700e-01,9.826732217265947700e-01,9.999999915865680489e-01
2.006744870000000000e+08,1.260874988244200945e+09,-9.805942554544975209e-01,9.805942554544975209e-01,9.999999914922880206e-01
2.029207250000000000e+08,1.274988517842229366e+09,-9.793043122952204138e-01,9.793043122952204138e-01,9.999999913970671894e-01
2.051921060000000000e+08,1.289260025568436146e+09,9.791630272627627196e-01,9.791630272627627196e-01,9.999999913008836838e-01
2.074889110000000000e+08,1.303691276997892857e+09,-9.791573378777664871e-01,9.791573378777664871e-01,9.999999912034042149e-01
2.098114260000000000e+08,1.318284069121597052e+09,9.782692377146103846e-01,9.782692377146103846e-01,9.999999911050475587e-01
2.121599370000000000e+08,1.333040198930546761e+09,-9.803696168494324681e-01,9.803696168494324681e-01,9.999999910053876118e-01
2.145347370000000000e+08,1.347961507398036718e+09,-9.779216331270990104e-01,9.779216331270990104e-01,9.999999909046939361e-01
2.169361190000000000e+08,1.363049835497362375e+09,-9.784749260024047102e-01,9.784749260024047102e-01,9.999999908029075790e-01
2.193643800000000000e+08,1.378307049334559441e+09,9.784361247382407090e-01,9.784361247382407090e-01,9.999999907000267640e-01
2.218198220000000000e+08,1.393735046431591034e+09,9.764681870396447749e-01,9.764681870396447749e-01,9.999999905959412461e-01
2.243027490000000000e+08,1.409335736876790524e+09,-9.756983418047939782e-01,9.756983418047939782e-01,9.999999904905850778e-01
2.268134680000000000e+08,1.425111049608047247e+09,9.753354681263881609e-01,9.753354681263881609e-01,9.999999903842303750e-01
2.293522910000000000e+08,1.441062944979176760e+09,-9.747580844794087040e-01,9.747580844794087040e-01,9.999999902765065452e-01
2.319195320000000000e+08,1.457193395910365820e+09,9.757935310658226724e-01,9.757935310658226724e-01,9.999999901677595338e-01
2.345155090000000000e+08,1.473504400454541922e+09,-9.745479050758133477e-01,9.745479050758133477e-01,9.999999900576203027e-01
2.371405450000000000e+08,1.489997988080559492e+09,-9.753902128249175574e-01,9.753902128249175574e-01,9.999999899463198894e-01
2.397949630000000000e+08,1.506676188257272482e+09,-9.742719744335494036e-01,9.742719744335494036e-01,9.999999898337865734e-01
2.424790940000000000e+08,1.523541080719017744e+09,9.730246779574852622e-01,9.730246779574852622e-01,9.999999897200830823e-01
2.451932690000000000e+08,1.540594745200131893e+09,-9.725233824725706411e-01,9.725233824725706411e-01,9.999999896049313053e-01
2.479378250000000000e+08,1.557839299134063482e+09,-9.718988960836005830e-01,9.718988960836005830e-01,9.999999894885697183e-01
2.507131020000000000e+08,1.575276878803817034e+09,9.721065587937142149e-01,9.721065587937142149e-01,9.999999893710095344e-01
2.535194440000000000e+08,1.592909645625137806e+09,9.732289851670403724e-01,9.732289851670403724e-01,9.999999892520323730e-01
2.563571990000000000e+08,1.610739786146513224e+09,-9.732262506608370112e-01,9.732262506608370112e-01,9.999999891316345701e-01
2.592267170000000000e+08,1.628769499482800722e+09,-9.713948158216769713e-01,9.713948158216769713e-01,9.999999890099878774e-01
2.621283560000000000e+08,1.647001035014339924e+09,9.712438537780845316e-01,9.712438537780845316e-01,9.999999888870426679e-01
2.650624740000000000e+08,1.665436642121471167e+09,9.708493600812826418e-01,9.708493600812826418e-01,9.999999887626486172e-01
2.680294350000000000e+08,1.684078607883646011e+09,-9.694605475063227118e-01,9.694605475063227118e-01,9.999999886367749724e-01
2.710296060000000000e+08,1.702929238229872227e+09,9.717206683061210271e-01,9.717206683061210271e-01,9.999999885096682029e-01
2.740633600000000000e+08,1.721990876788269520e+09,9.696297807042905115e-01,9.696297807042905115e-01,9.999999883810819501e-01
2.771310720000000000e+08,1.741265879753328085e+09,9.691045456588178730e-01,9.691045456588178730e-01,9.999999882510269833e-01
2.802331220000000000e+08,1.760756634735464573e+09,9.689087122827029219e-01,9.689087122827029219e-01,9.999999881195023033e-01
2.833698940000000000e+08,1.780465554477836847e+09,9.696985019162980279e-01,9.696985019162980279e-01,9.999999879864929220e-01
2.865417780000000000e+08,1.800395089422714710e+09,9.680919377821214367e-01,9.680919377821214367e-01,9.999999878520596797e-01
2.897491660000000000e+08,1.820547702578738928e+09,9.684836215470895571e-01,9.684836215470895571e-01,9.999999877160812289e-01
2.929924560000000000e+08,1.840925894653661489e+09,9.691042074731948119e-01,9.691042074731948119e-01,9.999999875785469117e-01
2.962720500000000000e+08,1.861532191487975836e+09,9.685020536752277920e-01,9.685020536752277920e-01,9.999999874395198995e-01
2.995883530000000000e+08,1.882369137771731377e+09,-9.676642539720768932e-01,9.676642539720768932e-01,9.999999872988506455e-01
3.029417770000000000e+08,1.903439322177274704e+09,-9.669144536699350034e-01,9.669144536699350034e-01,9.999999871566891407e-01
3.063327380000000000e+08,1.924745358509693623e+09,9.658017811987762435e-01,9.658017811987762435e-01,9.999999870130054092e-01
3.097616550000000000e+08,1.946289879423631907e+09,-9.655793957464120503e-01,9.655793957464120503e-01,9.999999868675192305e-01
3.132289530000000000e+08,1.968075555272845268e+09,-9.656965662172422027e-01,9.656965662172422027e-01,9.999999867205664472e-01
3.167350630000000000e+08,1.990105094110200644e+09,-9.638303303721006410e-01,9.638303303721006410e-01,9.999999865718824932e-01
3.202804180000000000e+08,2.012381216554936171e+09,9.638583550273591705e-01,9.638583550273591705e-01,9.999999864216611023e-01
3.238654570000000000e+08,2.034906680925402164e+09,-9.621008834737673210e-01,9.621008834737673210e-01,9.999999862696176134e-01
3.274906260000000000e+08,2.057684289522244930e+09,9.604776580293196142e-01,9.604776580293196142e-01,9.999999861160329129e-01
3.311563720000000000e+08,2.080716850929297447e+09,9.623028324460133343e-01,9.623028324460133343e-01,9.999999859605759323e-01
3.348631510000000000e+08,2.104007230279059172e+09,-9.597818431939075801e-01,9.597818431939075801e-01,9.999999858033652433e-01
3.386114220000000000e+08,2.127558311553586483e+09,9.590679526984662306e-01,9.590679526984662306e-01,9.999999856445258573e-01
3.424016480000000000e+08,2.151373003867676735e+09,9.557100119437911268e-01,9.557100119437911268e-01,9.999999854838728108e-01
3.462343010000000000e+08,2.175454272884794235e+09,-9.543583609702195325e-01,9.543583609702195325e-01,9.999999853212657719e-01
3.501098530000000000e+08,2.199805084268404961e+09,-9.537547575553063650e-01,9.537547575553063650e-01,9.999999851569584264e-01
3.540287870000000000e+08,2.224428472797011375e+09,-9.538692284956333811e-01,9.538692284956333811e-01,9.999999849908075555e-01
3.579915870000000000e+08,2.249327479532302380e+09,-9.510828281231848980e-01,9.510828281231848980e-01,9.999999848228126043e-01
3.619987440000000000e+08,2.274505189518264294e+09,9.495734558219226518e-01,9.495734558219226518e-01,9.999999846530458480e-01
3.660507550000000000e+08,2.299964725497994423e+09,-9.487345197311323197e-01,9.487345197311323197e-01,9.999999844811527927e-01
3.701481220000000000e+08,2.325709241630517006e+09,9.478892295162402171e-01,9.478892295162402171e-01,9.999999843075458861e-01
3.742913530000000000e+08,2.351741929773967743e+09,-9.484909793542771750e-01,9.484909793542771750e-01,9.999999841318049087e-01
3.784809610000000000e+08,2.378066013202410221e+09,-9.456665142758803322e-01,9.456665142758803322e-01,9.999999839541798830e-01
3.827174650000000000e+08,2.404684752889017582e+09,-9.443400709865376053e-01,9.443400709865376053e-01,9.999999837745725539e-01
3.870013900000000000e+08,2.431601447506076813e+09,9.429704014600022166e-01,9.429704014600022166e-01,9.999999835930474257e-01
3.913332660000000000e+08,2.458819427141800880e+09,9.435104761530299644e-01,9.435104761530299644e-01,9.999999834093888929e-01
3.957136320000000000e+08,2.486342078433069706e+09,9.417475052704837868e-01,9.417475052704837868e-01,9.999999832236792230e-01
4.001430290000000000e+08,2.514172800583135128e+09,-9.396824050701596542e-01,9.396824050701596542e-01,9.999999830358113906e-01
4.046220050000000000e+08,2.542315036777544975e+09,-9.389597186411615670e-01,9.389597186411615670e-01,9.999999828459237294e-01
4.091511180000000000e+08,2.570772293033700943e+09,9.393963755775930347e-01,9.393963755775930347e-01,9.999999826539920367e-01
4.137309260000000000e+08,2.599548075369004726e+09,9.381006921258038256e-01,9.381006921258038256e-01,9.999999824598378995e-01
4.183619980000000000e+08,2.628645958915895462e+09,9.364121860301009015e-01,9.364121860301009015e-01,9.999999822634956237e-01
4.230449080000000000e+08,2.658069550222739697e+09,9.346153221076995976e-01,9.346153221076995976e-01,9.999999820649780879e-01
4.277802360000000000e+08,2.687822493537015915e+09,9.351410022444831549e-01,9.351410022444831549e-01,9.999999818642244520e-01
4.325685680000000000e+08,2.717908470805313587e+09,9.347117676301371914e-01,9.347117676301371914e-01,9.999999816612102910e-01
4.374104980000000000e+08,2.748331214239705563e+09,9.328668081836157810e-01,9.328668081836157810e-01,9.999999814559306088e-01
4.423066260000000000e+08,2.779094493751376152e+09,9.318655204357009225e-01,9.318655204357009225e-01,9.999999812483509887e-01
4.472575590000000000e+08,2.810202123233807087e+09,-9.309600570490833560e-01,9.309600570490833560e-01,9.999999810383665144e-01
4.522639100000000000e+08,2.841657954279590607e+09,9.302824801219131690e-01,9.302824801219131690e-01,9.999999808262077794e-01
4.573262990000000000e+08,2.873465882463618279e+09,-9.281366517160306584e-01,9.281366517160306584e-01,9.999999806115253964e-01
4.624453530000000000e+08,2.905629847343077183e+09,-9.276445940126104572e-01,9.276445940126104572e-01,9.999999803945143206e-01
4.676217070000000000e+08,2.938153838740637302e+09,-9.265689340188697498e-01,9.265689340188697498e-01,9.999999801750502071e-01
4.728560030000000000e+08,2.971041890461266518e+09,-9.255546754949133259e-01,9.255546754949133259e-01,9.999999799531446021e-01
4.781488880000000000e+08,3.004298067725857735e+09,9.225178360974697345e-01,9.225178360974697345e-01,9.999999797288101622e-01
4.835010190000000000e+08,3.037926498587157726e+09,-9.216597168612429281e-01,9.216597168612429281e-01,9.999999795018565951e-01
4.889130580000000000e+08,3.071931342513840675e+09,9.185759494755535437e-01,9.185759494755535437e-01,9.999999792724961756e-01
4.943856770000000000e+08,3.106316821806432724e+09,-9.175107045052395272e-01,9.175107045052395272e-01,9.999999790403987232e-01
4.999195530000000000e+08,3.141087190181386471e+09,-9.126312275157865139e-01,9.126312275157865139e-01,9.999999788057579719e-01
5.055153730000000000e+08,3.176246764187007904e+09,-9.116689584814269276e-01,9.116689584814269276e-01,9.999999785685196318e-01
5.111738290000000000e+08,3.211799891787530422e+09,-9.101525864467305826e-01,9.101525864467305826e-01,9.999999783286626087e-01
5.168956220000000000e+08,3.247750977495853424e+09,9.057357566181502007e-01,9.057357566181502007e-01,9.999999780861666965e-01
5.226814620000000000e+08,3.284104482373545170e+09,9.037525178558882821e-01,9.037525178558882821e-01,9.999999778408574791e-01
5.285320660000000000e+08,3.320864911464471340e+09,9.017425559699170368e-01,9.017425559699170368e-01,9.999999775928283263e-01
5.344481580000000000e+08,3.358036813794794083e+09,9.002750026454391374e-01,9.002750026454391374e-01,9.999999773419966376e-01
5.404304710000000000e+08,3.395624794939343452e+09,-8.963204440223178082e-01,8.963204440223178082e-01,9.999999770882957995e-01
5.464797470000000000e+08,3.433633517021617413e+09,-8.963085007568676321e-01,8.963085007568676321e-01,9.999999768318483806e-01
5.525967350000000000e+08,3.472067686147411346e+09,-8.933624667764674676e-01,8.933624667764674676e-01,9.999999765725092749e-01
5.587821930000000000e+08,3.510932064971188068e+09,-8.903337852615829107e-01,8.903337852615829107e-01,9.999999763102770389e-01
5.650368880000000000e+08,3.550231472696077347e+09,8.902911514466437248e-01,8.902911514466437248e-01,9.999999760451933062e-01
5.713615950000000000e+08,3.589970778790693283e+09,-8.875051361925138105e-01,8.875051361925138105e-01,9.999999757769636455e-01
5.777570960000000000e+08,3.630154896705945492e+09,8.849912004463501569e-01,8.849912004463501569e-01,9.999999755059135742e-01
5.842241860000000000e+08,3.670788821574153900e+09,8.844495896361188603e-01,8.844495896361188603e-01,9.999999752317428880e-01
5.907636640000000000e+08,3.711877573660377979e+09,8.828406098849047590e-01,8.828406098849047590e-01,9.999999749544919991e-01
5.973763410000000000e+08,3.753426248627902031e+09,-8.793850546215153940e-01,8.793850546215153940e-01,9.999999746740877438e-01
6.040630380000000000e+08,3.795440004971864223e+09,8.779912778166938381e-01,8.779912778166938381e-01,9.999999743906815564e-01
6.108245810000000000e+08,3.837924032603327274e+09,-8.759047649118326673e-01,8.759047649118326673e-01,9.999999741039571344e-01
6.176618090000000000e+08,3.880883603114763737e+09,-8.729561321816039499e-01,8.729561321816039499e-01,9.999999738140854522e-01
6.245755690000000000e+08,3.924324038364130020e+09,-8.703185299946145648e-01,8.703185299946145648e-01,9.999999735209674778e-01
6.315667180000000000e+08,3.968250723041233063e+09,8.690001374802215350e-01,8.690001374802215350e-01,9.999999732246269701e-01
6.386361220000000000e+08,4.012669098384549618e+09,8.644515375326218276e-01,8.644515375326218276e-01,9.999999729249282598e-01
6.457846570000000000e+08,4.057584668464408875e+09,-8.623664685103036298e-01,8.623664685103036298e-01,9.999999726218257168e-01
6.530132090000000000e+08,4.103003000182992458e+09,-8.572312991528829862e-01,8.572312991528829862e-01,9.999999723153478737e-01
6.603226730000000000e+08,4.148929716991150379e+09,-8.547985057008005150e-01,8.547985057008005150e-01,9.999999720054599806e-01
6.677139550000000000e+08,4.195370511454771519e+09,-8.492604943718156107e-01,8.492604943718156107e-01,9.999999716920892068e-01
6.751879710000000000e+08,4.242331138971596718e+09,-8.464683063125119089e-01,8.464683063125119089e-01,9.999999713752598662e-01
6.827456470000000000e+08,4.289817417771220207e+09,-8.415252255744282150e-01,8.415252255744282150e-01,9.999999710548227450e-01
6.903879200000000000e+08,4.337835235198275566e+09,8.387477715291169478e-01,8.387477715291169478e-01,9.999999707309129571e-01
6.981157350000000000e+08,4.386390528862877846e+09,-8.338962481616477573e-01,8.338962481616477573e-01,9.999999704032082048e-01
7.059300520000000000e+08,4.435489330622920990e+09,8.330031001558046988e-01,8.330031001558046988e-01,9.999999700719980344e-01
7.138318370000000000e+08,4.485137710035413742e+09,-8.277142955679688274e-01,8.277142955679688274e-01,9.999999697369322815e-01
7.218220710000000000e+08,4.535341830905139923e+09,-8.261760988385685733e-01,8.261760988385685733e-01,9.999999693981779236e-01
7.299017430000000000e+08,4.586107907302370071e+09,-8.217143267357613912e-01,8.217143267357613912e-01,9.999999690556413690e-01
7.380718540000000000e+08,4.637442228695596695e+09,8.184483922169498715e-01,8.184483922169498715e-01,9.999999687093515943e-01
7.463334170000000000e+08,4.689351159951535225e+09,-8.157854350127234921e-01,8.157854350127234921e-01,9.999999683590176103e-01
7.546874550000000000e+08,4.741841128768754959e+09,-8.132133647029680112e-01,8.132133647029680112e-01,9.999999680048669015e-01
7.631350040000000000e+08,4.794918644527235031e+09,8.093417947024879044e-01,8.093417947024879044e-01,9.999999676468036558e-01
7.716771100000000000e+08,4.848590279438805580e+09,8.055853177698966139e-01,8.055853177698966139e-01,9.999999672846373588e-01
7.803148310000000000e+08,4.902862681113521576e+09,-8.010004619279396110e-01,8.010004619279396110e-01,9.999999669183763373e-01
7.890492380000000000e+08,4.957742578842848778e+09,7.980411424414483035e-01,7.980411424414483035e-01,9.999999665481333899e-01
7.978814130000000000e+08,5.013236771033287048e+09,-7.921697592026984980e-01,7.921697592026984980e-01,9.999999661736128642e-01
8.068124510000000000e+08,5.069352137772749901e+09,-7.868238775863122259e-01,7.868238775863122259e-01,9.999999657949798504e-01
8.158434570000000000e+08,5.126095621981000900e+09,-7.822263018857704697e-01,7.822263018857704697e-01,9.999999654121336512e-01
8.249755520000000000e+08,5.183474267108768463e+09,7.759427241992556956e-01,7.759427241992556956e-01,9.999999650250718242e-01
8.342098660000000000e+08,5.241495173155451775e+09,7.696296122384282956e-01,7.696296122384282956e-01,9.999999646335780978e-01
8.435475440000000000e+08,5.300165534368225098e+09,7.671691310773880446e-01,7.671691310773880446e-01,9.999999642376832254e-01
8.529897430000000000e+08,5.359492620392491341e+09,-7.598766215106064204e-01,7.598766215106064204e-01,9.999999638373080479e-01
8.625376320000000000e+08,5.419483776271872520e+09,7.569101899046806192e-01,7.569101899046806192e-01,9.999999634325955622e-01
8.721923950000000000e+08,5.480146441297774315e+09,-7.499182920784303041e-01,7.499182920784303041e-01,9.999999630232172532e-01
8.819552280000000000e+08,5.541488130159822464e+09,7.461468809072187014e-01,7.461468809072187014e-01,9.999999626093885041e-01
8.918273410000000000e+08,5.603516445512238503e+09,-7.403940293546098506e-01,7.403940293546098506e-01,9.999999621907846858e-01
9.018099570000000000e+08,5.666239071690654755e+09,-7.369172084228208242e-01,7.369172084228208242e-01,9.999999617675712216e-01
9.119043120000000000e+08,5.729663774712109566e+09,7.324584383490133632e-01,7.324584383490133632e-01,9.999999613396824971e-01
9.221116580000000000e+08,5.793798421124608040e+09,7.277030113556004487e-01,7.277030113556004487e-01,9.999999609069608608e-01
9.324332600000000000e+08,5.858650959157563210e+09,7.204501034439365625e-01,7.204501034439365625e-01,9.999999604693802224e-01
9.428703950000000000e+08,5.924229412438612938e+09,-7.158985960026598150e-01,7.158985960026598150e-01,9.999999600267879263e-01
9.534243580000000000e+08,5.990541917692729950e+09,7.082238464468204597e-01,7.082238464468204597e-01,9.999999595794633045e-01
9.640964570000000000e+08,6.057596693326295853e+09,-7.020596101306268988e-01,7.020596101306268988e-01,9.999999591269147503e-01
9.748880120000000000e+08,6.125402033143916130e+09,6.946479345285782037e-01,6.946479345285782037e-01,9.999999586695079712e-01
9.858003630000000000e+08,6.193966356613903046e+09,-6.879570607052369891e-01,6.879570607052369891e-01,9.999999582067885529e-01
9.968348600000000000e+08,6.263298146036419868e+09,6.803405932492321284e-01,6.803405932492321284e-01,9.999999577390621397e-01
1.007992871000000000e+09,6.333405996808967590e+09,-6.735286221433847142e-01,6.735286221433847142e-01,9.999999572659469260e-01
1.019275778000000000e+09,6.404298592293642044e+09,6.677218933579947002e-01,6.677218933579947002e-01,9.999999567876552975e-01
1.030684980000000000e+09,6.475984722666686058e+09,6.598823045680693999e-01,6.598823045680693999e-01,9.999999563039677630e-01
1.042221891000000000e+09,6.548473272352124214e+09,-6.544342518284426147e-01,6.544342518284426147e-01,9.999999558147852907e-01
1.053887939000000000e+09,6.621773213738575935e+09,-6.478572806713900345e-01,6.478572806713900345e-01,9.999999553202080227e-01
1.065684570000000000e+09,6.695893632311995506e+09,6.406416215621800747e-01,6.406416215621800747e-01,9.999999548201630173e-01
1.077613246000000000e+09,6.770843714089301109e+09,6.364438602688883284e-01,6.364438602688883284e-01,9.999999543144273417e-01
1.089675445000000000e+09,6.846632745618377686e+09,-6.278293874646536654e-01,6.278293874646536654e-01,9.999999538029867852e-01
1.101872662000000000e+09,6.923270120261258125e+09,6.193238781291725559e-01,6.193238781291725559e-01,9.999999532859665807e-01
1.114206407000000000e+09,7.000765325627758026e+09,-6.126263661139539352e-01,6.126263661139539352e-01,9.999999527630277774e-01
1.126678209000000000e+09,7.079127968708210945e+09,-6.029945295370847669e-01,6.029945295370847669e-01,9.999999522342705172e-01
1.139289614000000000e+09,7.158367763307102203e+09,5.931078323012067832e-01,5.931078323012067832e-01,9.999999516996631588e-01
1.152042184000000000e+09,7.238494523759881020e+09,5.836690601712779536e-01,5.836690601712779536e-01,9.999999511590217383e-01
1.164937499000000000e+09,7.319518177499334335e+09,-5.733428584198456690e-01,5.733428584198456690e-01,9.999999506122364545e-01
1.177977156000000000e+09,7.401448758772395134e+09,5.659040426777877109e-01,5.659040426777877109e-01,9.999999500594909385e-01
1.191162773000000000e+09,7.484296433772892952e+09,-5.574604872430310998e-01,5.574604872430310998e-01,9.999999495004242567e-01
1.204495982000000000e+09,7.568071456659247398e+09,5.488938662566139604e-01,5.488938662566139604e-01,9.999999489352128235e-01
1.217978435000000000e+09,7.652784207253586769e+09,-5.426465963752000743e-01,5.426465963752000743e-01,9.999999483635700903e-01
1.231611803000000000e+09,7.738445184758559227e+09,-5.340420715957868714e-01,5.340420715957868714e-01,9.999999477856006402e-01
1.245397776000000000e+09,7.825065007757333755e+09,5.255725245663728229e-01,5.255725245663728229e-01,9.999999472011616986e-01
1.259338061000000000e+09,7.912654401647229195e+09,-5.136869393151249907e-01,5.136869393151249907e-01,9.999999466101119339e-01
1.273434386000000000e+09,8.001224223772458076e+09,5.052463000741588273e-01,5.052463000741588273e-01,9.999999460125625905e-01
1.287688497000000000e+09,8.090785444574564934e+09,-4.938436068582671701e-01,4.938436068582671701e-01,9.999999454082280081e-01
1.302102161000000000e+09,8.181349166441987991e+09,-4.823453684415909826e-01,4.823453684415909826e-01,9.999999447971620326e-01
1.316677163000000000e+09,8.272926604860501289e+09,-4.698810740172226774e-01,4.698810740172226774e-01,9.999999441792126742e-01
1.331415309000000000e+09,8.365529107262768745e+09,-4.607827311216241561e-01,4.607827311216241561e-01,9.999999435544092430e-01
1.346318427000000000e+09,8.459168159311532021e+09,-4.493638656322392899e-01,4.493638656322392899e-01,9.999999429225798764e-01
1.361388361000000000e+09,8.553855347200498581e+09,-4.380940965687181166e-01,4.380940965687181166e-01,9.999999422836906016e-01
1.376626980000000000e+09,8.649602414203006744e+09,4.297586251382152778e-01,4.297586251382152778e-01,9.999999416376867956e-01
1.392036171000000000e+09,8.746421216689729691e+09,-4.201510575529179836e-01,4.201510575529179836e-01,9.999999409843924880e-01
1.407617844000000000e+09,8.844323755544607162e+09,4.071269587047241512e-01,4.071269587047241512e-01,9.999999403238476470e-01
1.423373930000000000e+09,8.943322163598464966e+09,3.957803470579008831e-01,3.957803470579008831e-01,9.999999396558448828e-01
1.439306380000000000e+09,9.043428699345838547e+09,3.815090085807610887e-01,3.815090085807610887e-01,9.999999389804120620e-01
1.455417169000000000e+09,9.144655772077709198e+09,-3.688584281877418936e-01,3.688584281877418936e-01,9.999999382973270290e-01
1.471708294000000000e+09,9.247015929315134048e+09,3.566020350773959624e-01,3.566020350773959624e-01,9.999999376066990298e-01
1.488181772000000000e+09,9.350521844242881775e+09,3.445259915089747271e-01,3.445259915089747271e-01,9.999999369082956946e-01
1.504839645000000000e+09,9.455186347125345230e+09,-3.314008584500569565e-01,3.314008584500569565e-01,9.999999362020559612e-01
1.521683977000000000e+09,9.561022406456998825e+09,-3.190373229942342626e-01,3.190373229942342626e-01,9.999999354879460789e-01
1.538716855000000000e+09,9.668043135245582581e+09,-3.065305575197851407e-01,3.065305575197851407e-01,9.999999347658339310e-01
1.555940390000000000e+09,9.776261797295274734e+09,2.959047655890041373e-01,2.959047655890041373e-01,9.999999340356512390e-01
1.573356715000000000e+09,9.885691794640338898e+09,-2.817036812689583392e-01,2.817036812689583392e-01,9.999999332972752120e-01
1.590967989000000000e+09,9.996346692677852631e+09,-2.659858000200715500e-01,2.659858000200715500e-01,9.999999325506168102e-01
1.608776393000000000e+09,1.010824019503497124e+10,-2.514770206964282440e-01,2.514770206964282440e-01,9.999999317956372868e-01
1.626784135000000000e+09,1.022138617498485184e+10,-2.356234202889798957e-01,2.356234202889798957e-01,9.999999310322003065e-01
1.644993445000000000e+09,1.033579864403073120e+10,-2.218439112806166735e-01,2.218439112806166735e-01,9.999999302602428086e-01
1.663406580000000000e+09,1.045149178332184410e+10,2.076949967425388843e-01,2.076949967425388843e-01,9.999999294796174665e-01
1.682025822000000000e+09,1.056847993108706665e+10,1.935585098849326724e-01,1.935585098849326724e-01,9.999999286902570006e-01
1.700853477000000000e+09,1.068677757635171318e+10,-1.817096144257639156e-01,1.817096144257639156e-01,9.999999278920428392e-01
1.719891878000000000e+09,1.080639937778710556e+10,1.656616423061728627e-01,1.656616423061728627e-01,9.999999270849295741e-01
1.739143384000000000e+09,1.092736015742738533e+10,1.494258375064749511e-01,1.494258375064749511e-01,9.999999262687561119e-01
1.758610381000000000e+09,1.104967490695269394e+10,-1.316814751208054135e-01,1.316814751208054135e-01,9.999999254434267515e-01
1.778295280000000000e+09,1.117335877512280846e+10,1.155726942322707340e-01,1.155726942322707340e-01,9.999999246088843163e-01
1.798200521000000000e+09,1.129842709290987778e+10,-9.827917239626954293e-02,9.827917239626954293e-02,9.999999237650146755e-01
1.818328571000000000e+09,1.142489536093205261e+10,-8.184627367717611790e-02,8.184627367717611790e-02,9.999999229116638411e-01
1.838681922000000000e+09,1.155277923688712120e+10,6.849888590210605199e-02,6.849888590210605199e-02,9.999999220487889584e-01
1.859263098000000000e+09,1.168209457953479958e+10,5.216775652906165128e-02,5.216775652906165128e-02,9.999999211762536921e-01
1.880074647000000000e+09,1.181285739843124771e+10,-3.549041937087805965e-02,3.549041937087805965e-02,9.999999202939237053e-01
1.901119150000000000e+09,1.194508391047774315e+10,1.820006190534964596e-02,1.820006190534964596e-02,9.999999194017572535e-01
1.922399212000000000e+09,1.207879048337201500e+10,-2.710005550536949827e-04,-2.710005550536949827e-04,9.999999184995688184e-01
1.943917472000000000e+09,1.221399369844008446e+10,-2.079186405782579294e-02,-2.079186405782579294e-02,9.999999175873270918e-01
1.965676596000000000e+09,1.235071030665398407e+10,-3.744008737272087189e-02,-3.744008737272087189e-02,9.999999166648220195e-01
1.987679278000000000e+09,1.248895723491492844e+10,-5.419294975495095312e-02,-5.419294975495095312e-02,9.999999157320224041e-01
2.009928247000000000e+09,1.262875163003562164e+10,6.978446600435597724e-02,-6.978446600435597724e-02,9.999999147887839168e-01
2.032426258000000000e+09,1.277011080219158745e+10,-8.827260146213374015e-02,-8.827260146213374015e-02,9.999999138349655592e-01
2.055176099000000000e+09,1.291305226890345955e+10,1.061201683712876265e-01,-1.061201683712876265e-01,9.999999128705013840e-01
2.078180589000000000e+09,1.305759374247061920e+10,1.256975542007285618e-01,-1.256975542007285618e-01,9.999999118952352939e-01
2.101442578000000000e+09,1.320375312997119141e+10,-1.480131926414876287e-01,-1.480131926414876287e-01,9.999999109090166316e-01
2.124964949000000000e+09,1.335154854582841873e+10,1.664862844418332488e-01,-1.664862844418332488e-01,9.999999099117986567e-01
2.148750616000000000e+09,1.350099829924428558e+10,-1.839092902554352038e-01,-1.839092902554352038e-01,9.999999089033767552e-01
2.172802527000000000e+09,1.365212091304907608e+10,2.010185494350631152e-01,-2.010185494350631152e-01,9.999999078837031874e-01
2.197123661000000000e+09,1.380493510485182190e+10,2.189872178746901099e-01,-2.189872178746901099e-01,9.999999068526220780e-01
2.221717033000000000e+09,1.395945981845622444e+10,2.423292988279649729e-01,-2.423292988279649729e-01,9.999999058099557914e-01
2.246585689000000000e+09,1.411571419244472694e+10,2.609908651672167568e-01,-2.609908651672167568e-01,9.999999047556846765e-01
2.271732710000000000e+09,1.427371758531126404e+10,-2.819038252720276749e-01,-2.819038252720276749e-01,9.999999036895204085e-01
2.297161214000000000e+09,1.443348958802762032e+10,-3.016544012883666248e-01,-3.016544012883666248e-01,9.999999026114898548e-01
2.322874350000000000e+09,1.459504998634433174e+10,-3.193210522020699105e-01,-3.193210522020699105e-01,9.999999015213698605e-01
2.348875304000000000e+09,1.475841879848978424e+10,-3.373273470966971499e-01,-3.373273470966971499e-01,9.999999004190606167e-01
2.375167298000000000e+09,1.492361626888703728e+10,-3.587261012986141528e-01,-3.587261012986141528e-01,9.999998993043810458e-01
2.401753591000000000e+09,1.509066287443700981e+10,3.823783265314787960e-01,-3.823783265314787960e-01,9.999998981773032813e-01
2.428637475000000000e+09,1.525957929938572884e+10,4.032388839230581223e-01,-4.032388839230581223e-01,9.999998970375459928e-01
2.455822282000000000e+09,1.543038647930664253e+10,-4.221857542204483504e-01,-4.221857542204483504e-01,9.999998958850088160e-01
2.483311381000000000e+09,1.560310558225104713e+10,4.394294922943469128e-01,-4.394294922943469128e-01,9.999998947196624410e-01
2.511108178000000000e+09,1.577775800874810028e+10,-4.594873266202157414e-01,-4.594873266202157414e-01,9.999998935411816836e-01
2.539216116000000000e+09,1.595436539180481529e+10,-4.815260224223023022e-01,-4.815260224223023022e-01,9.999998923495436731e-01
2.567638679000000000e+09,1.613294962203880119e+10,5.019595292232406081e-01,-5.019595292232406081e-01,9.999998911446130734e-01
2.596379388000000000e+09,1.631353282254552650e+10,-5.224212367810613378e-01,-5.224212367810613378e-01,9.999998899260650331e-01
2.625441804000000000e+09,1.649613736774786758e+10,-5.403044677728264800e-01,-5.403044677728264800e-01,9.999998886939743814e-01
2.654829529000000000e+09,1.668078588967930031e+10,5.594551378039601675e-01,-5.594551378039601675e-01,9.999998874481255129e-01
2.684546204000000000e+09,1.686750126541753197e+10,-5.797239817361145020e-01,-5.797239817361145020e-01,9.999998861882392065e-01
2.714595510000000000e+09,1.705630662336767578e+10,-6.021767573178475885e-01,-6.021767573178475885e-01,9.999998849142593960e-01
2.744981172000000000e+09,1.724722536839500046e+10,-6.211534351583694047e-01,-6.211534351583694047e-01,9.999998836260697299e-01
2.775706953000000000e+09,1.744028114412582016e+10,6.394831580759667844e-01,-6.394831580759667844e-01,9.999998823235207723e-01
2.806776662000000000e+09,1.763549788321296310e+10,-6.562540576439074291e-01,-6.562540576439074291e-01,9.999998810062482590e-01
2.838194148000000000e+09,1.783289976963668442e+10,-6.758883997015567857e-01,-6.758883997015567857e-01,9.999998796743027052e-01
2.869963303000000000e+09,1.803251125755419540e+10,6.978255357203831943e-01,-6.978255357203831943e-01,9.999998783275340086e-01
2.902088064000000000e+09,1.823435708386605072e+10,-7.155557706024513465e-01,-7.155557706024513465e-01,9.999998769654981912e-01
2.934572413000000000e+09,1.843846226821614456e+10,7.322104086371004072e-01,-7.322104086371004072e-01,9.999998755884089707e-01
2.967420372000000000e+09,1.864485208157578278e+10,-7.481628551498001878e-01,-7.481628551498001878e-01,9.999998741957327741e-01
3.000636014000000000e+09,1.885355211535871887e+10,-7.679379017382879091e-01,-7.679379017382879091e-01,9.999998727875760718e-01
3.034223452000000000e+09,1.906458821230612564e+10,-7.852451646527409679e-01,-7.852451646527409679e-01,9.999998713635854797e-01
3.068186850000000000e+09,1.927798653560161591e+10,-8.021630550371604551e-01,-8.021630550371604551e-01,9.999998699237134803e-01
3.102530415000000000e+09,1.949377351860578537e+10,8.168968626932259225e-01,-8.168968626932259225e-01,9.999998684678135241e-01
3.137258402000000000e+09,1.971197589627210617e+10,-8.307055586844453998e-01,-8.307055586844453998e-01,9.999998669954209829e-01
3.172375116000000000e+09,1.993262071771333694e+10,-8.493554663143744188e-01,-8.493554663143744188e-01,9.999998655066651976e-01
3.207884905000000000e+09,2.015573530221918106e+10,8.671495488400872143e-01,-8.671495488400872143e-01,9.999998640012714990e-01
3.243792172000000000e+09,2.038134731465455627e+10,-8.781980881937724304e-01,-8.781980881937724304e-01,9.999998624789295798e-01
3.280101365000000000e+09,2.060948470262770462e+10,8.892571201840633321e-01,-8.892571201840633321e-01,9.999998609396715255e-01
3.316816982000000000e+09,2.084017572790613937e+10,-9.046665332673184956e-01,-9.046665332673184956e-01,9.999998593830378146e-01
3.353943573000000000e+09,2.107344897898300552e+10,9.183127271991280427e-01,-9.183127271991280427e-01,9.999998578091313650e-01
3.391485739000000000e+09,2.130933336479389954e+10,9.287231009380452207e-01,-9.287231009380452207e-01,9.999998562175048678e-01
3.429448130000000000e+09,2.154785810215050888e+10,-9.360784309069831721e-01,-9.360784309069831721e-01,9.999998546080067774e-01
3.467835452000000000e+09,2.178905275972287750e+10,-9.476258078517516559e-01,-9.476258078517516559e-01,9.999998529805891323e-01
3.506652459000000000e+09,2.203294720777396774e+10,9.601267539872617718e-01,-9.601267539872617718e-01,9.999998513349873663e-01
3.545903962000000000e+09,2.227957167470828247e+10,-9.669474089049924226e-01,-9.669474089049924226e-01,9.999998496708581985e-01
3.585594825000000000e+09,2.252895672193915939e+10,9.703691030832743980e-01,-9.703691030832743980e-01,9.999998479882392655e-01
3.625729965000000000e+09,2.278113324388875580e+10,9.789957213773441413e-01,-9.789957213773441413e-01,9.999998462866920290e-01
3.666314355000000000e+09,2.303613248683760071e+10,9.870649433116343019e-01,-9.870649433116343019e-01,9.999998445661089086e-01
3.707353024000000000e+09,2.329398604892460632e+10,-9.889283364798709952e-01,-9.889283364798709952e-01,9.999998428261964722e-01
3.748851057000000000e+09,2.355472588014706039e+10,9.897252976706769623e-01,-9.897252976706769623e-01,9.999998410669785898e-01
3.790813596000000000e+09,2.381838428864381027e+10,-9.957311180871457612e-01,-9.957311180871457612e-01,9.999998392878851616e-01
3.833245840000000000e+09,2.408499394069527054e+10,-9.967548471649453345e-01,-9.967548471649453345e-01,9.999998374889301767e-01
3.876153046000000000e+09,2.435458786700659943e+10,-9.943043853897567397e-01,-9.943043853897567397e-01,9.999998356699063562e-01
3.919540532000000000e+09,2.462719948155725861e+10,-9.911385462933935964e-01,-9.911385462933935964e-01,9.999998338304807444e-01
3.963413673000000000e+09,2.490286255646827698e+10,9.919363765304893832e-01,-9.919363765304893832e-01,9.999998319705678540e-01
4.007777906000000000e+09,2.518161125341816711e+10,-9.869804808037727639e-01,-9.869804808037727639e-01,9.999998300896340009e-01
4.052638727000000000e+09,2.546348010479338074e+10,9.782446897664494045e-01,-9.782446897664494045e-01,9.999998281878533790e-01
4.098001694000000000e+09,2.574850403253785324e+10,-9.741575316260897566e-01,-9.741575316260897566e-01,9.999998262646102587e-01
4.143872430000000000e+09,2.603671836700256729e+10,-9.678888138751187142e-01,-9.678888138751187142e-01,9.999998243198839898e-01
4.190256616000000000e+09,2.632815880296325302e+10,-9.542420220335309233e-01,-9.542420220335309233e-01,9.999998223534495301e-01
4.237160002000000000e+09,2.662286146873542786e+10,-9.421853540633773338e-01,-9.421853540633773338e-01,9.999998203649761441e-01
4.284588397000000000e+09,2.692086286334253693e+10,9.324352938582880501e-01,-9.324352938582880501e-01,9.999998183543342689e-01
4.332547680000000000e+09,2.722219992563100433e+10,-9.166644801602331638e-01,-9.166644801602331638e-01,9.999998163209938840e-01
4.381043791000000000e+09,2.752690997772155380e+10,8.983007766976206510e-01,-8.983007766976206510e-01,9.999998142650912136e-01
4.430082741000000000e+09,2.783503078784106827e+10,8.825496375441382879e-01,-8.825496375441382879e-01,9.999998121860946831e-01
4.479670606000000000e+09,2.814660053262347412e+10,-8.655770407621464768e-01,-8.655770407621464768e-01,9.999998100837333981e-01
4.529813529000000000e+09,2.846165780967610931e+10,8.402947593921793468e-01,-8.402947593921793468e-01,9.999998079579720534e-01
4.580517724000000000e+09,2.878024166271247864e+10,-8.207793426010847604e-01,-8.207793426010847604e-01,9.999998058083077179e-01
4.631789474000000000e+09,2.910239156898586273e+10,-7.969407241431256672e-01,-7.969407241431256672e-01,9.999998036345962849e-01
4.683635131000000000e+09,2.942814743928933716e+10,7.671916454907029559e-01,-7.671916454907029559e-01,9.999998014367008636e-01
4.736061119000000000e+09,2.975754963680530930e+10,7.425841426944225221e-01,-7.425841426944225221e-01,9.999997992140711167e-01
4.789073934000000000e+09,3.009063897710554123e+10,-7.150457296962572373e-01,-7.150457296962572373e-01,9.999997969665233022e-01
4.842680145000000000e+09,3.042745673443430710e+10,6.779016725553851375e-01,-6.779016725553851375e-01,9.999997946939717108e-01
4.896886394000000000e+09,3.076804464170842743e+10,-6.490329751937109481e-01,-6.490329751937109481e-01,9.999997923958161561e-01
4.951699397000000000e+09,3.111244489680041504e+10,6.150057961919925820e-01,-6.150057961919925820e-01,9.999997900720719590e-01
5.007125946000000000e+09,3.146070017510488510e+10,-5.759196347834268925e-01,-5.759196347834268925e-01,9.999997877221966647e-01
5.063172909000000000e+09,3.181285362953852463e+10,5.424317471055285500e-01,-5.424317471055285500e-01,9.999997853461349839e-01
5.119847230000000000e+09,3.216894889054010391e+10,-5.010293882258120002e-01,-5.010293882258120002e-01,9.999997829433697749e-01
5.177155932000000000e+09,3.252903008492003632e+10,-4.585031387009850801e-01,-4.585031387009850801e-01,9.999997805137735840e-01
5.235106115000000000e+09,3.289314182329400635e+10,4.209147405730130354e-01,-4.209147405730130354e-01,9.999997780569929162e-01
5.293704961000000000e+09,3.326132923149888611e+10,3.731019087370314735e-01,-3.731019087370314735e-01,9.999997755726846016e-01
5.352959729000000000e+09,3.363363791917681885e+10,3.293700892922923895e-01,-3.293700892922923895e-01,9.999997730605933999e-01
5.412877761000000000e+09,3.401011401747433472e+10,2.846522583813753116e-01,-2.846522583813753116e-01,9.999997705203527154e-01
5.473466483000000000e+09,3.439080418532552338e+10,2.323430748762403963e-01,-2.323430748762403963e-01,9.999997679517060867e-01
5.534733400000000000e+09,3.477575557803611755e+10,-1.886584511406998454e-01,-1.886584511406998454e-01,9.999997653542660458e-01
5.596686106000000000e+09,3.516501591011533356e+10,-1.353488571391035789e-01,-1.353488571391035789e-01,9.999997627277565915e-01
5.659332275000000000e+09,3.555863339872721863e+10,8.479336157161426746e-02,-8.479336157161426746e-02,9.999997600718925073e-01
5.722679670000000000e+09,3.595665682023932648e+10,-3.464481712972142941e-02,-3.464481712972142941e-02,9.999997573862435818e-01
5.786736141000000000e+09,3.635913549765629578e+10,-1.836256463811109310e-02,1.836256463811109310e-02,9.999997546705743368e-01
5.851509623000000000e+09,3.676611928805355835e+10,-6.832469950863673258e-02,6.832469950863673258e-02,9.999997519245135136e-01
5.917008144000000000e+09,3.717765863284275055e+10,1.256429043745754814e-01,1.256429043745754814e-01,9.999997491476831923e-01
5.983239819000000000e+09,3.759380452007264709e+10,-1.756515598892555985e-01,1.756515598892555985e-01,9.999997463397878317e-01
6.050212854000000000e+09,3.801460850956187439e+10,2.301661586906359469e-01,2.301661586906359469e-01,9.999997435004648327e-01
6.117935547000000000e+09,3.844012273918210602e+10,-2.849561057004931230e-01,2.849561057004931230e-01,9.999997406293557045e-01
6.186416291000000000e+09,3.887039994370763397e+10,-3.336565988805222926e-01,3.336565988805222926e-01,9.999997377260764209e-01
6.255663569000000000e+09,3.930549342339941406e+10,-3.895598760639950031e-01,3.895598760639950031e-01,9.999997347903470946e-01
6.325685963000000000e+09,3.974545710055374908e+10,-4.381918729938396040e-01,4.381918729938396040e-01,9.999997318217528353e-01
6.396492148000000000e+09,4.019034548180319214e+10,4.931290120191674231e-01,4.931290120191674231e-01,9.999997288199287127e-01
6.468090898000000000e+09,4.064021369581561279e+10,5.396107548906727835e-01,5.396107548906727835e-01,9.999997257845228971e-01
6.540491084000000000e+09,4.109511748072788239e+10,5.905934172194803322e-01,5.905934172194803322e-01,9.999997227151087298e-01
6.613701678000000000e+09,4.155511320927857208e+10,6.354758285434589649e-01,6.354758285434589649e-01,9.999997196113367126e-01
6.687731749000000000e+09,4.202025786367523956e+10,-6.813137256363707150e-01,6.813137256363707150e-01,9.999997164727849608e-01
6.762590472000000000e+09,4.249060909214306641e+10,7.243304566530056610e-01,7.243304566530056610e-01,9.999997132992018978e-01
6.838287122000000000e+09,4.296622517122577667e+10,7.637629756281874016e-01,7.637629756281874016e-01,9.999997100900596125e-01
6.914831077000000000e+09,4.344716502463519287e+10,-8.040909369251973970e-01,8.040909369251973970e-01,9.999997068448691628e-01
6.992231823000000000e+09,4.393348825466712952e+10,-8.394286553024543629e-01,8.394286553024543629e-01,9.999997035634530240e-01
7.070498949000000000e+09,4.442525511078550720e+10,-8.724199070093701103e-01,8.724199070093701103e-01,9.999997002453030470e-01
7.149642153000000000e+09,4.492252652732142639e+10,-9.007359483591612648e-01,9.007359483591612648e-01,9.999996968900531913e-01
7.229671243000000000e+09,4.542536412975637817e+10,-9.275791485860758190e-01,9.275791485860758190e-01,9.999996934972127383e-01
7.310596133000000000e+09,4.593383020958950043e+10,-9.485184399205586203e-01,9.485184399205586203e-01,9.999996900663729038e-01
7.392426850000000000e+09,4.644798776831987000e+10,9.647532537827596677e-01,9.647532537827596677e-01,9.999996865972614613e-01
7.475173536000000000e+09,4.696790053001287079e+10,9.797178431400720422e-01,9.797178431400720422e-01,9.999996830892218247e-01
7.558846441000000000e+09,4.749363289731790924e+10,-9.878797916627821696e-01,9.878797916627821696e-01,9.999996795417865902e-01
7.643455933000000000e+09,4.802525001430023956e+10,-9.958226332505397682e-01,9.958226332505397682e-01,9.999996759547539193e-01
7.729012498000000000e+09,4.856281776644099426e+10,9.920515870949000448e-01,9.920515870949000448e-01,9.999996723276820543e-01
7.815526734000000000e+09,4.910640274293805695e+10,9.941959924126031467e-01,9.941959924126031467e-01,9.999996686598792150e-01
7.903009362000000000e+09,4.965607230582111359e+10,9.769412391551176578e-01,9.769412391551176578e-01,9.999996649510759505e-01
7.991471222000000000e+09,5.021189456481889343e+10,9.659390804364706984e-01,9.659390804364706984e-01,9.999996612007339136e-01
8.080923274000000000e+09,5.077393838364235687e+10,9.422348845157769714e-01,9.422348845157769714e-01,9.999996574084091261e-01
8.171376602000000000e+09,5.134227340511745453e+10,9.176142443214303501e-01,9.176142443214303501e-01,9.999996535736405123e-01
8.262842415000000000e+09,5.191697005746829224e+10,-8.902244007779526180e-01,8.902244007779526180e-01,9.999996496958544201e-01
8.355332044000000000e+09,5.249809953546758270e+10,8.470154524794001327e-01,8.470154524794001327e-01,9.999996457748309142e-01
8.448856950000000000e+09,5.308573385070213318e+10,8.106797240680189143e-01,8.106797240680189143e-01,9.999996418098133777e-01
8.543428722000000000e+09,5.367994581900646973e+10,7.598598438013928202e-01,7.598598438013928202e-01,9.999996378004500919e-01
8.639059078000000000e+09,5.428080906674602509e+10,7.091750676942354392e-01,7.091750676942354392e-01,9.999996337461964924e-01
8.735759866000000000e+09,5.488839803710031128e+10,6.536664436089623109e-01,6.536664436089623109e-01,9.999996296465607504e-01
8.833543068000000000e+09,5.550278801519568634e+10,5.869905615857596848e-01,5.869905615857596848e-01,9.999996255010358270e-01
8.932420801000000000e+09,5.612405513438851166e+10,-5.238963206692555108e-01,5.238963206692555108e-01,9.999996213090290853e-01
9.032405315000000000e+09,5.675227636369879913e+10,-4.521692868253055497e-01,4.521692868253055497e-01,9.999996170702180054e-01
9.133509001000000000e+09,5.738752955807569885e+10,-3.745351975706023850e-01,3.745351975706023850e-01,9.999996127839096971e-01
9.235744384000000000e+09,5.802989341441517639e+10,3.015095173789781313e-01,3.015095173789781313e-01,9.999996084496564075e-01
9.339124133000000000e+09,5.867944753439189148e+10,-2.181504254407165000e-01,2.181504254407165000e-01,9.999996040668558406e-01
9.443661057000000000e+09,5.933627239932643890e+10,-1.319384434045279553e-01,1.319384434045279553e-01,9.999995996349995142e-01
9.549368109000000000e+09,6.000044939531810760e+10,-4.908091090753670394e-02,4.908091090753670394e-02,9.999995951535530780e-01
9.656258386000000000e+09,6.067206081324486542e+10,-3.756125790044648194e-02,-3.756125790044648194e-02,9.999995906219459885e-01
9.764345133000000000e+09,6.135118987389610291e+10,1.286656714850397398e-01,-1.286656714850397398e-01,9.999995860396190261e-01
9.873641743000000000e+09,6.203792072797264099e+10,2.109740744788649869e-01,-2.109740744788649869e-01,9.999995814060008703e-01
9.984161758000000000e+09,6.273233846236991119e+10,-2.992964848155678648e-01,-2.992964848155678648e-01,9.999995767204640229e-01
1.009591887200000000e+10,6.343452911902750397e+10,-3.880011978784330129e-01,-3.880011978784330129e-01,9.999995719825093277e-01
1.020892693200000000e+10,6.414457970121237183e+10,-4.704536189241814714e-01,-4.704536189241814714e-01,9.999995671915491435e-01
1.032319994100000000e+10,6.486257819236837006e+10,5.457214166422325041e-01,-5.457214166422325041e-01,9.999995623469692951e-01
1.043875205800000000e+10,6.558861355611626434e+10,-6.228617046264657287e-01,-6.228617046264657287e-01,9.999995574480713412e-01
1.055559760100000000e+10,6.632277575510328674e+10,6.957206544889893429e-01,-6.957206544889893429e-01,9.999995524944913505e-01
1.067375104800000000e+10,6.706515575728630829e+10,-7.598006641585262066e-01,-7.598006641585262066e-01,9.999995474852709787e-01
1.079322703800000000e+10,6.781584554221504211e+10,-8.167309276070167101e-01,-8.167309276070167101e-01,9.999995424200840421e-01
1.091404037500000000e+10,6.857493812616477966e+10,8.710637058365892083e-01,-8.710637058365892083e-01,9.999995372982820596e-01
1.103620603000000000e+10,6.934252757470275879e+10,-9.168949164868545054e-01,-9.168949164868545054e-01,9.999995321189943942e-01
1.115973913800000000e+10,7.011870898383857727e+10,-9.507979493834985973e-01,-9.507979493834985973e-01,9.999995268818067107e-01
1.128465500600000000e+10,7.090357853028976440e+10,-9.732110041152044477e-01,-9.732110041152044477e-01,9.999995215859780462e-01
1.141096911300000000e+10,7.169723347148167419e+10,9.890747310946297333e-01,-9.890747310946297333e-01,9.999995162309902597e-01
1.153869710900000000e+10,7.249977213926437378e+10,9.938529393942222567e-01,-9.938529393942222567e-01,9.999995108159741575e-01
1.166785482100000000e+10,7.331129397761169434e+10,9.908440474286506205e-01,-9.908440474286506205e-01,9.999995053402982448e-01
1.179845825200000000e+10,7.413189953633815002e+10,-9.742127312160558938e-01,-9.742127312160558938e-01,9.999994998033173710e-01
1.193052358400000000e+10,7.496169048994833374e+10,-9.429645082819005930e-01,-9.429645082819005930e-01,9.999994942043888280e-01
1.206406718200000000e+10,7.580076966276983643e+10,-8.997492758097376253e-01,-8.997492758097376253e-01,9.999994885428007407e-01
1.219910559200000000e+10,7.664924101638673401e+10,-8.478242809806957325e-01,-8.478242809806957325e-01,9.999994828178544459e-01
1.233565554600000000e+10,7.750720968105557251e+10,-7.849385570999164452e-01,-7.849385570999164452e-01,9.999994770288167523e-01
1.247373396400000000e+10,7.837478196827177429e+10,-7.131131039548178618e-01,-7.131131039548178618e-01,9.999994711749928822e-01
1.261335795500000000e+10,7.925206537705274963e+10,6.293123815020763567e-01,-6.293123815020763567e-01,9.999994652557141483e-01
1.275454481800000000e+10,8.013916860022113037e+10,-5.413801757395741987e-01,-5.413801757395741987e-01,9.999994592700401919e-01
1.289731204800000000e+10,8.103620156210385132e+10,-4.393752189371531447e-01,-4.393752189371531447e-01,9.999994532174292239e-01
1.304167733400000000e+10,8.194327540596583557e+10,-3.293331054104066125e-01,-3.293331054104066125e-01,9.999994470970503535e-01
1.318765856500000000e+10,8.286050253170903015e+10,2.157270771325502656e-01,-2.157270771325502656e-01,9.999994409081973679e-01
1.333527382700000000e+10,8.378799657702288818e+10,9.555429335135075253e-02,-9.555429335135075253e-02,9.999994346500405973e-01
1.348454141200000000e+10,8.472587247393307495e+10,2.537069935930000991e-02,2.537069935930000991e-02,9.999994283218517355e-01
1.363547981500000000e+10,8.567424642995182800e+10,-1.490574114585000720e-01,1.490574114585000720e-01,9.999994219228045544e-01
1.378810773800000000e+10,8.663323595321075439e+10,2.709958443729485467e-01,2.709958443729485467e-01,9.999994154521685275e-01
1.394244409200000000e+10,8.760295986502722168e+10,3.888083662359658743e-01,3.888083662359658743e-01,9.999994089090961102e-01
1.409850800100000000e+10,8.858353832503703308e+10,-5.030859153695262931e-01,5.030859153695262931e-01,9.999994022927193305e-01
1.425631880200000000e+10,8.957509283119447327e+10,6.088602009392375392e-01,6.088602009392375392e-01,9.999993956023816022e-01
1.441589604900000000e+10,9.057774624490504456e+10,-7.058754600006187374e-01,7.058754600006187374e-01,9.999993888370635187e-01
1.457725951400000000e+10,9.159162279730863953e+10,7.903074168776348385e-01,7.903074168776348385e-01,9.999993819961253694e-01
1.474042919100000000e+10,9.261684811441227722e+10,-8.639065567434092152e-01,8.639065567434092152e-01,9.999993750784700319e-01
1.490542529800000000e+10,9.365354922965650940e+10,9.233812519580057998e-01,9.233812519580057998e-01,9.999993680835369547e-01
1.507226827900000000e+10,9.470185459648175049e+10,-9.623815069944010592e-01,9.623815069944010592e-01,9.999993610101575170e-01
1.524097880700000000e+10,9.576189410717785645e+10,-9.874680480684676631e-01,9.874680480684676631e-01,9.999993538576770202e-01
1.541157778600000000e+10,9.683379910545050049e+10,9.924041142531425663e-01,9.924041142531425663e-01,9.999993466252373731e-01
1.558408635500000000e+10,9.791770241155387878e+10,-9.783396704637703500e-01,9.783396704637703500e-01,9.999993393116380913e-01
1.575852588800000000e+10,9.901373832229074097e+10,9.470763193629267995e-01,9.470763193629267995e-01,9.999993319163698047e-01
1.593491799900000000e+10,1.001220426424283295e+11,-8.939440510650675797e-01,8.939440510650675797e-01,9.999993244381688573e-01
1.611328454500000000e+10,1.012427527035478973e+11,-8.206423605253596598e-01,8.206423605253596598e-01,9.999993168762942863e-01
1.629364762600000000e+10,1.023760073640447388e+11,7.291754763257106697e-01,7.291754763257106697e-01,9.999993092298928854e-01
1.647602959000000000e+10,1.035219470405440979e+11,6.160269025827900258e-01,6.160269025827900258e-01,9.999993014978352246e-01
1.666045303500000000e+10,1.046807137204675446e+11,-4.929508328116636307e-01,4.929508328116636307e-01,9.999992936791575193e-01
1.684694081400000000e+10,1.058524509934488983e+11,3.573843299176568400e-01,3.573843299176568400e-01,9.999992857730524154e-01
1.703551603200000000e+10,1.070373040324846802e+11,2.116282492567833351e-01,2.116282492567833351e-01,9.999992777784272313e-01
1.722620205600000000e+10,1.082354196567659760e+11,5.742284311561934168e-02,5.742284311561934168e-02,9.999992696942674453e-01
1.741902251200000000e+10,1.094469463128288422e+11,-1.032652305636227175e-01,-1.032652305636227175e-01,9.999992615196831025e-01
1.761400129200000000e+10,1.106720341185366516e+11,-2.567162900625164501e-01,-2.567162900625164501e-01,9.999992532535423306e-01
1.781116255600000000e+10,1.119108348756464081e+11,-4.059218355642907894e-01,-4.059218355642907894e-01,9.999992448948975543e-01
1.801053073200000000e+10,1.131635020698087921e+11,-5.468011300608920378e-01,-5.468011300608920378e-01,9.999992364426830704e-01
1.821213052400000000e+10,1.144301909208336639e+11,-6.790251399212430261e-01,-6.790251399212430261e-01,9.999992278958661496e-01
1.841598691100000000e+10,1.157110583764067688e+11,7.886916393249571167e-01,-7.886916393249571167e-01,9.999992192534749025e-01
1.862212515200000000e+10,1.170062631435058136e+11,-8.777023471753917505e-01,-8.777023471753917505e-01,9.999992105141767285e-01
1.883057079000000000e+10,1.183159657135330963e+11,-9.492706728945947692e-01,-9.492706728945947692e-01,9.999992016771328540e-01
1.904134965000000000e+10,1.196403283497491608e+11,-9.852558581756029055e-01,-9.852558581756029055e-01,9.999991927411909787e-01
1.925448785200000000e+10,1.209795151689542389e+11,-9.934721952831302438e-01,-9.934721952831302438e-01,9.999991837052146781e-01
1.947001180300000000e+10,1.223336920912227173e+11,9.747544429531718180e-01,-9.747544429531718180e-01,9.999991745682003108e-01
1.968794820900000000e+10,1.237030269153014526e+11,9.211117669883952530e-01,-9.211117669883952530e-01,9.999991653287871873e-01
1.990832407200000000e+10,1.250876892997600708e+11,-8.416353257941571187e-01,-8.416353257941571187e-01,9.999991559858708579e-01
2.013116670000000000e+10,1.264878508258229523e+11,-7.308499224958865392e-01,-7.308499224958865392e-01,9.999991465385176248e-01
2.035650370300000000e+10,1.279036849722364349e+11,5.937542064591097013e-01,-5.937542064591097013e-01,9.999991369854187573e-01
2.058436300200000000e+10,1.293353671718174744e+11,-4.382246714697712320e-01,-4.382246714697712320e-01,9.999991273253199253e-01
2.081477283000000000e+10,1.307830748177368622e+11,-2.598180714813725367e-01,-2.598180714813725367e-01,9.999991175571141255e-01
2.104776173800000000e+10,1.322469873012182770e+11,-7.682643135896656539e-02,-7.682643135896656539e-02,9.999991076795784473e-01
2.128335859200000000e+10,1.337272859926888123e+11,1.175882197870625340e-01,1.175882197870625340e-01,9.999990976914948648e-01
2.152159258600000000e+10,1.352241543234603119e+11,3.041612794742106218e-01,3.041612794742106218e-01,9.999990875915951705e-01
2.176249323700000000e+10,1.367377777543135071e+11,-4.858793693332498775e-01,4.858793693332498775e-01,9.999990773786026077e-01
2.200609039600000000e+10,1.382683438446130066e+11,6.468071804302465422e-01,6.468071804302465422e-01,9.999990670513762003e-01
2.225241424400000000e+10,1.398160422271745300e+11,7.838236653758502426e-01,7.838236653758502426e-01,9.999990566085141808e-01
2.250149530400000000e+10,1.413810646836632690e+11,8.935029075360072515e-01,8.935029075360072515e-01,9.999990460487815369e-01
2.275336443800000000e+10,1.429636051257441101e+11,9.612810476748064881e-01,9.612810476748064881e-01,9.999990353708068103e-01
2.300805285300000000e+10,1.445638596327809753e+11,-9.953829772006903553e-01,9.953829772006903553e-01,9.999990245732442995e-01
2.326559210800000000e+10,1.461820264958189392e+11,9.836806665216339951e-01,9.836806665216339951e-01,9.999990136549661290e-01
2.352601411400000000e+10,1.478183062175843811e+11,9.218837406572231163e-01,9.218837406572231163e-01,9.999990026144252031e-01
2.378935113700000000e+10,1.494729015313343811e+11,-8.265277656764111747e-01,8.265277656764111747e-01,9.999989914502181998e-01
2.405563580700000000e+10,1.511460174574055481e+11,-6.860120252676473740e-01,6.860120252676473740e-01,9.999989801611316453e-01
2.432490111900000000e+10,1.528378613094970703e+11,-5.079109884261004959e-01,5.079109884261004959e-01,9.999989687456583010e-01
2.459718043600000000e+10,1.545486427135203552e+11,3.076003540377303391e-01,3.076003540377303391e-01,9.999989572024789997e-01
2.487250749500000000e+10,1.562785736452981262e+11,-9.228848524622756955e-02,9.228848524622756955e-02,9.999989455299846952e-01
2.515091641100000000e+10,1.580278684556971436e+11,1.341953554505793123e-01,-1.341953554505793123e-01,9.999989337269076239e-01
2.543244168000000000e+10,1.597967438894777222e+11,-3.583846118293657068e-01,-3.583846118293657068e-01,9.999989217916700479e-01
2.571711818600000000e+10,1.615854191292761230e+11,-5.642575110089218526e-01,-5.642575110089218526e-01,9.999989097228535462e-01
2.600498120100000000e+10,1.633941157956045532e+11,7.397646722188233603e-01,-7.397646722188233603e-01,9.999988975189728624e-01
2.629606639300000000e+10,1.652230579971164856e+11,8.748612661626560261e-01,-8.748612661626560261e-01,9.999988851784774591e-01
2.659040983000000000e+10,1.670724723557396545e+11,-9.597379479838684668e-01,-9.597379479838684668e-01,9.999988726997668387e-01
2.688804798200000000e+10,1.689425880192421265e+11,-9.923252948714372801e-01,-9.923252948714372801e-01,9.999988600814578854e-01
2.718901772900000000e+10,1.708336367114980774e+11,9.663339625465685589e-01,-9.663339625465685589e-01,9.999988473220029483e-01
2.749335636300000000e+10,1.727458527450539856e+11,8.807637640301539950e-01,-8.807637640301539950e-01,9.999988344196100165e-01
2.780110159300000000e+10,1.746794730525445862e+11,7.401185762479595143e-01,-7.401185762479595143e-01,9.999988213727967201e-01
2.811229155100000000e+10,1.766347372243920288e+11,5.477747788454886413e-01,-5.477747788454886413e-01,9.999988081799650042e-01
2.842696479400000000e+10,1.786118875213721619e+11,-3.195875219936569200e-01,-3.195875219936569200e-01,9.999987948394190029e-01
2.874516031400000000e+10,1.806111689374465332e+11,-6.478196037535925711e-02,-6.478196037535925711e-02,9.999987813495815336e-01
2.906691753600000000e+10,1.826328291871958618e+11,1.958940375318004579e-01,1.958940375318004579e-01,9.999987677087821547e-01
2.939227632900000000e+10,1.846771187749351501e+11,-4.469613474740490311e-01,4.469613474740490311e-01,9.999987539152438432e-01
2.972127700500000000e+10,1.867442909884305115e+11,-6.651104490550571180e-01,6.651104490550571180e-01,9.999987399672850552e-01
3.005396033100000000e+10,1.888346019742973328e+11,-8.386678219779830634e-01,8.386678219779830634e-01,9.999987258632487830e-01
3.039036752700000000e+10,1.909483107254340210e+11,-9.513768162134589312e-01,9.513768162134589312e-01,9.999987116013472344e-01
3.073054027700000000e+10,1.930856791501369019e+11,-9.937628873340358382e-01,9.937628873340358382e-01,9.999986971797961699e-01
3.107452073100000000e+10,1.952469720846666565e+11,-9.599507639393318748e-01,9.599507639393318748e-01,9.999986825968474324e-01
3.142235150800000000e+10,1.974324573120979004e+11,8.498258515584536932e-01,8.498258515584536932e-01,9.999986678507023496e-01
3.177407570900000000e+10,1.996424056440005798e+11,-6.667068651991762129e-01,6.667068651991762129e-01,9.999986529394061519e-01
3.212973691400000000e+10,2.018770909015903931e+11,4.221552522907152660e-01,4.221552522907152660e-01,9.999986378612636395e-01
3.248937919000000000e+10,2.041367899659942017e+11,1.484309767394664525e-01,1.484309767394664525e-01,9.999986226143096069e-01
3.285304710100000000e+10,2.064217828410820923e+11,1.477323461508177616e-01,-1.477323461508177616e-01,9.999986071966856516e-01
3.322078570700000000e+10,2.087323526471839905e+11,4.342411639823332559e-01,-4.342411639823332559e-01,9.999985916065549096e-01
3.359264057300000000e+10,2.110687856776384277e+11,6.801509327006602934e-01,-6.801509327006602934e-01,9.999985758418533655e-01
3.396865777300000000e+10,2.134313714239252319e+11,8.697112220972933461e-01,-8.697112220972933461e-01,9.999985599007132908e-01
3.434888390000000000e+10,2.158204026384974365e+11,-9.758427577517032603e-01,-9.758427577517032603e-01,9.999985437810571254e-01
3.473336606500000000e+10,2.182361753284980469e+11,9.878593004196188909e-01,-9.878593004196188909e-01,9.999985274811407088e-01
3.512215190800000000e+10,2.206789888248750610e+11,-9.053494780342679071e-01,-9.053494780342679071e-01,9.999985109985655152e-01
3.551528960200000000e+10,2.231491458075143433e+11,-7.235612365069340468e-01,-7.235612365069340468e-01,9.999984943316345687e-01
3.591282785900000000e+10,2.256469523429385071e+11,4.692021718798393692e-01,-4.692021718798393692e-01,9.999984774781949248e-01
3.631481593600000000e+10,2.281727179220062866e+11,-1.622075575131821656e-01,-1.622075575131821656e-01,9.999984604359828388e-01
3.672130364300000000e+10,2.307267555101778259e+11,-1.699913710390936750e-01,1.699913710390936750e-01,9.999984432030694093e-01
3.713234134600000000e+10,2.333093815663642578e+11,4.797906444455217745e-01,4.797906444455217745e-01,9.999984257772646101e-01
3.754797997400000000e+10,2.359209160869101562e+11,7.463373864763622745e-01,7.463373864763622745e-01,9.999984081564098348e-01
3.796827102800000000e+10,2.385616826621419678e+11,9.232068257084075080e-01,9.232068257084075080e-01,9.999983903383451445e-01
3.839326658500000000e+10,2.412320085015009766e+11,-9.914839898902884086e-01,9.914839898902884086e-01,9.999983723206848918e-01
3.882301930500000000e+10,2.439322244775254211e+11,-9.446617445889015086e-01,9.446617445889015086e-01,9.999983541014653143e-01
3.925758243500000000e+10,2.466626651509833984e+11,-7.796855208688596717e-01,7.796855208688596717e-01,9.999983356782952137e-01
3.969700982200000000e+10,2.494236688525541077e+11,5.138393306730233423e-01,5.138393306730233423e-01,9.999983170489997741e-01
4.014135591200000000e+10,2.522155776765448303e+11,1.742830296293086390e-01,1.742830296293086390e-01,9.999982982110953156e-01
4.059067576400000000e+10,2.550387375688553162e+11,-1.895458347523448772e-01,-1.895458347523448772e-01,9.999982791623264200e-01
4.104502505100000000e+10,2.578934983332612610e+11,5.313173953375097680e-01,-5.313173953375097680e-01,9.999982599003948147e-01
4.150446006900000000e+10,2.607802136879626465e+11,8.046382975264672055e-01,-8.046382975264672055e-01,9.999982404228126009e-01
4.196903774500000000e+10,2.636992413158494873e+11,9.655011784116109830e-01,-9.655011784116109830e-01,9.999982207272085644e-01
4.243881564300000000e+10,2.666509429022007751e+11,9.890720301013420368e-01,-9.890720301013420368e-01,9.999982008111527598e-01
4.291385197200000000e+10,2.696356841849501038e+11,-8.656000116045602377e-01,-8.656000116045602377e-01,9.999981806720935618e-01
4.339420559200000000e+10,2.726538349923846436e+11,-6.116242399074055536e-01,-6.116242399074055536e-01,9.999981603077063852e-01
4.387993602100000000e+10,2.757057692871275024e+11,2.599050503572532533e-01,-2.599050503572532533e-01,9.999981397154301677e-01
4.437110344400000000e+10,2.787918652226863403e+11,1.386849225578319078e-01,1.386849225578319078e-01,9.999981188925378683e-01
4.486776872100000000e+10,2.819125051937189941e+11,-5.171914491049985907e-01,5.171914491049985907e-01,9.999980978365945461e-01
4.536999339000000000e+10,2.850680758548829346e+11,8.121574932452827467e-01,8.121574932452827467e-01,9.999980765450907638e-01
4.587783968100000000e+10,2.882589682087998047e+11,-9.725276313658502980e-01,9.725276313658502980e-01,9.999980550150640024e-01
4.639137051800000000e+10,2.914855776186218262e+11,9.705443177059733806e-01,9.705443177059733806e-01,9.999980332442424125e-01
4.691064953300000000e+10,2.947483038959965210e+11,-7.982782476459924226e-01,7.982782476459924226e-01,9.999980112295545620e-01
4.743574106500000000e+10,2.980475512947833252e+11,-4.733700979121909791e-01,4.733700979121909791e-01,9.999979889685176593e-01
4.796671017800000000e+10,3.013837286241511230e+11,6.416842910973900860e-02,6.416842910973900860e-02,9.999979664583575900e-01
4.850362266200000000e+10,3.047572492548612061e+11,-3.652932175881750121e-01,-3.652932175881750121e-01,9.999979436962023183e-01
4.904654504400000000e+10,3.081685311883825684e+11,-7.273082341612617796e-01,-7.273082341612617796e-01,9.999979206792131148e-01
4.959554459400000000e+10,3.116179970945907593e+11,-9.492589245567683021e-01,-9.492589245567683021e-01,9.999978974046394020e-01
5.015068933800000000e+10,3.151060743934495239e+11,-9.836475240189437308e-01,-9.836475240189437308e-01,9.999978738695320946e-01
5.071204806100000000e+10,3.186331952738602295e+11,8.181455109690589644e-01,-8.181455109690589644e-01,9.999978500710865470e-01
5.127969032000000000e+10,3.221997967753432617e+11,-4.735447030736822938e-01,-4.735447030736822938e-01,9.999978260061198609e-01
5.185368644700000000e+10,3.258063208068876343e+11,3.083799160290584540e-02,-3.083799160290584540e-02,9.999978016718577001e-01
5.243410756600000000e+10,3.294532142537651978e+11,4.272751717504638669e-01,4.272751717504638669e-01,9.999977770652409559e-01
5.302102559400000000e+10,3.331409289838135986e+11,7.963369464426330868e-01,7.963369464426330868e-01,9.999977521831532323e-01
5.361451325300000000e+10,3.368699219228347778e+11,-9.835144156908489643e-01,9.835144156908489643e-01,9.999977270224681414e-01
5.421464408100000000e+10,3.406406551237098999e+11,-9.407588962414075162e-01,9.407588962414075162e-01,9.999977015802646862e-01
5.482149243700000000e+10,3.444535957978151855e+11,-6.725197002402301116e-01,6.725197002402301116e-01,9.999976758532564958e-01
5.543513351400000000e+10,3.483092163967034912e+11,2.365887407052389146e-01,2.365887407052389146e-01,9.999976498383138512e-01
5.605564334500000000e+10,3.522079946498031616e+11,2.633240812226359528e-01,-2.633240812226359528e-01,9.999976235321409446e-01
5.668309881600000000e+10,3.561504136460997925e+11,-7.014235476285783921e-01,-7.014235476285783921e-01,9.999975969315098023e-01
5.731757767100000000e+10,3.601369618655519409e+11,9.604075111585260727e-01,-9.604075111585260727e-01,9.999975700331945605e-01
5.795915852800000000e+10,3.641681332796220093e+11,-9.651809495254470850e-01,-9.651809495254470850e-01,9.999975428336608241e-01
5.860792088100000000e+10,3.682444273638428955e+11,7.064166649544795229e-01,-7.064166649544795229e-01,9.999975153298533703e-01
5.926394511700000000e+10,3.723663492046317749e+11,2.481165583372084704e-01,-2.481165583372084704e-01,9.999974875180546174e-01
5.992731252000000000e+10,3.765344095244232788e+11,2.821905879848033982e-01,2.821905879848033982e-01,9.999974593950076152e-01
6.059810528600000000e+10,3.807491247759168091e+11,7.360633070074779072e-01,7.360633070074779072e-01,9.999974309571885156e-01
6.127640653100000000e+10,3.850110171923424683e+11,-9.804178798549865181e-01,9.804178798549865181e-01,9.999974022009218144e-01
6.196230030100000000e+10,3.893206148502924805e+11,-9.241380060050442546e-01,9.241380060050442546e-01,9.999973731229296892e-01
6.265587158000000000e+10,3.936784517199869995e+11,5.813172485032089831e-01,5.813172485032089831e-01,9.999973437194619175e-01
6.335720630800000000e+10,3.980850677783713989e+11,5.032746446888643199e-02,5.032746446888643199e-02,9.999973139868387761e-01
6.406639138500000000e+10,4.025410090342488403e+11,5.020265956406427810e-01,-5.020265956406427810e-01,9.999972839214065212e-01
6.478351468100000000e+10,4.070468275911122437e+11,8.930963611806627123e-01,-8.930963611806627123e-01,9.999972535194737722e-01
6.550866505400000000e+10,4.116030817602416382e+11,-9.827033200045088845e-01,-9.827033200045088845e-01,9.999972227771036781e-01
6.624193235500000000e+10,4.162103360921200562e+11,7.387775571424901599e-01,-7.387775571424901599e-01,9.999971916908401148e-01
6.698340743800000000e+10,4.208691614392653809e+11,-2.264325626536273506e-01,-2.264325626536273506e-01,9.999971602564499129e-01
6.773318217900000000e+10,4.255801350756109619e+11,-3.725865227012430392e-01,3.725865227012430392e-01,9.999971284702695584e-01
6.849134947700000000e+10,4.303438407027886353e+11,-8.400761954492648176e-01,8.400761954492648176e-01,9.999970963282828196e-01
6.925800327600000000e+10,4.351608685883588257e+11,9.937754107650413893e-01,9.937754107650413893e-01,9.999970638266705292e-01
7.003323856800000000e+10,4.400318155846603394e+11,7.677101056616872921e-01,7.677101056616872921e-01,9.999970309611198038e-01
7.081715141000000000e+10,4.449572852356241455e+11,2.347762972475501975e-01,2.347762972475501975e-01,9.999969977276971234e-01
7.160983893300000000e+10,4.499378878333223267e+11,3.950388815605575532e-01,-3.950388815605575532e-01,9.999969641223143135e-01
7.241139935500000000e+10,4.549742404996493530e+11,8.710666703831697610e-01,-8.710666703831697610e-01,9.999969301407710676e-01
7.322193199700000000e+10,4.600669672868532104e+11,9.835461910015954601e-01,-9.835461910015954601e-01,9.999968957788673007e-01
7.404153728600000000e+10,4.652166991963847046e+11,-6.768391357183003443e-01,-6.768391357183003443e-01,9.999968610322965690e-01
7.487031677800000000e+10,4.704240743234108887e+11,-6.452529622768117534e-02,-6.452529622768117534e-02,9.999968258968870982e-01
7.570837316400000000e+10,4.756897378945140991e+11,5.786701452578264515e-01,5.786701452578264515e-01,9.999967903681609149e-01
7.655581028300000000e+10,4.810143423493734741e+11,-9.613893882987382122e-01,9.613893882987382122e-01,9.999967544417047716e-01
7.741273313800000000e+10,4.863985474412958374e+11,9.004560951264575230e-01,9.004560951264575230e-01,9.999967181132504157e-01
7.827924790800000000e+10,4.918430203126139526e+11,4.062131149366848826e-01,4.062131149366848826e-01,9.999966813780459818e-01
7.915546195900000000e+10,4.973484355638014526e+11,2.890090808518960830e-01,-2.890090808518960830e-01,9.999966442317080872e-01
8.004148386000000000e+10,5.029154753540039673e+11,-8.451581275081377909e-01,-8.451581275081377909e-01,9.999966066695062938e-01
8.093742339200000000e+10,5.085448294575877686e+11,-9.795617747065208381e-01,-9.795617747065208381e-01,9.999965686869193293e-01
8.184339157100000000e+10,5.142371954086527710e+11,6.042785260060534736e-01,-6.042785260060534736e-01,9.999965302792632738e-01
8.275950064900000000e+10,5.199932785073162231e+11,-9.880778291492198218e-02,9.880778291492198218e-02,9.999964914416261674e-01
8.368586414000000000e+10,5.258137919830750122e+11,7.521102253298584950e-01,7.521102253298584950e-01,9.999964521693307518e-01
8.462259682400000000e+10,5.316994570199387207e+11,9.951490273973301326e-01,9.951490273973301326e-01,9.999964124574236557e-01
8.556981476900000000e+10,5.376510028946595459e+11,-6.727436310793760699e-01,6.727436310793760699e-01,9.999963723008973293e-01
8.652763534200000000e+10,5.436691670458474731e+11,-4.010161156537700444e-02,-4.010161156537700444e-02,9.999963316950559733e-01
8.749617722100000000e+10,5.497546951493684082e+11,7.342810232854631858e-01,-7.342810232854631858e-01,9.999962906347046321e-01
8.847556041500000000e+10,5.559083412440078125e+11,9.919222646384702191e-01,-9.919222646384702191e-01,9.999962491146969779e-01
8.946590627700000000e+10,5.621308678131523438e+11,6.413122950369380959e-01,-6.413122950369380959e-01,9.999962071299443034e-01
9.046733751500000000e+10,5.684230458539045410e+11,-1.123665577850255642e-01,1.123665577850255642e-01,9.999961646752028033e-01
9.147997821300000000e+10,5.747856550090302734e+11,-8.084525124317285538e-01,8.084525124317285538e-01,9.999961217453254836e-01
9.250395384500000000e+10,5.812194836549226074e+11,-9.711699763666683527e-01,9.711699763666683527e-01,9.999960783349043369e-01
9.353939128500000000e+10,5.877253289644342041e+11,-4.883599076908362591e-01,4.883599076908362591e-01,9.999960344385997457e-01
9.458641883300000000e+10,5.943039970702401123e+11,3.306443513022123692e-01,-3.306443513022123692e-01,9.999959900510213551e-01
9.564516622000000000e+10,6.009563030962532959e+11,-9.308309830287749831e-01,-9.308309830287749831e-01,9.999959451664980348e-01
9.671576463300000000e+10,6.076830713147047119e+11,8.719182958785934856e-01,-8.719182958785934856e-01,9.999958997796833948e-01
9.779834672400000000e+10,6.144851352026916504e+11,-1.749829922199600818e-01,-1.749829922199600818e-01,9.999958538847628642e-01
9.889304663300000000e+10,6.213633375866912842e+11,-6.540524534826662739e-01,6.540524534826662739e-01,9.999958074761597926e-01
1.000000000000000000e+11,6.283185307179586182e+11,9.923496522533152842e-01,9.923496522533152842e-01,9.999957605481694101e-01
