n,t,mx,z,norm
0.000000000000000000e+00,0.000000000000000000e+00,1.000000000000000000e+00,1.000000000000000000e+00,9.999999999999996669e-01
1.000000000000000000e+00,6.283185307179586232e+00,-9.617590447516262131e-01,9.617590447516262131e-01,1.000000000000054401e+00
2.000000000000000000e+00,1.256637061435917246e+01,8.711121549786544627e-01,8.711121549786544627e-01,1.000000000000115241e+00
3.000000000000000000e+00,1.884955592153875870e+01,-7.517572274935943044e-01,7.517572274935943044e-01,1.000000000000061284e+00
4.000000000000000000e+00,2.513274122871834493e+01,6.426236333354515828e-01,6.426236333354515828e-01,1.000000000000070388e+00
5.000000000000000000e+00,3.141592653589793116e+01,-5.505684120314918717e-01,5.505684120314918717e-01,9.999999999999913403e-01
6.000000000000000000e+00,3.769911184307751739e+01,4.791332876871791102e-01,4.791332876871791102e-01,1.000000000000028200e+00
7.000000000000000000e+00,4.398229715025710362e+01,-4.257756100796474263e-01,4.257756100796474263e-01,1.000000000000006217e+00
8.000000000000000000e+00,5.026548245743668986e+01,3.845511197498736045e-01,3.845511197498736045e-01,1.000000000000070388e+00
9.000000000000000000e+00,5.654866776461627609e+01,-3.518898190517043556e-01,3.518898190517043556e-01,1.000000000000061284e+00
1.000000000000000000e+01,6.283185307179586232e+01,3.219628825632968594e-01,3.219628825632968594e-01,1.000000000000089262e+00
1.100000000000000000e+01,6.911503837897544145e+01,-2.935832835090512183e-01,2.935832835090512183e-01,1.000000000000046629e+00
1.200000000000000000e+01,7.539822368615503478e+01,2.658847991089534624e-01,2.658847991089534624e-01,1.000000000000047518e+00
1.300000000000000000e+01,8.168140899333462812e+01,-2.463159073517360020e-01,2.463159073517360020e-01,1.000000000000012657e+00
1.400000000000000000e+01,8.796459430051420725e+01,2.377019022137036863e-01,2.377019022137036863e-01,1.000000000000015765e+00
1.500000000000000000e+01,9.424777960769378637e+01,-2.457280805254815625e-01,2.457280805254815625e-01,1.000000000000015765e+00
1.600000000000000000e+01,1.005309649148733797e+02,2.708607537042070912e-01,2.708607537042070912e-01,1.000000000000028644e+00
1.700000000000000000e+01,1.068141502220529730e+02,-3.092040704137484219e-01,3.092040704137484219e-01,1.000000000000041966e+00
1.800000000000000000e+01,1.130973355292325522e+02,3.563703144536423117e-01,3.563703144536423117e-01,1.000000000000033751e+00
1.900000000000000000e+01,1.193805208364121313e+02,-4.047080451121983780e-01,4.047080451121983780e-01,1.000000000000042855e+00
2.000000000000000000e+01,1.256637061435917246e+02,4.510218952462942688e-01,4.510218952462942688e-01,1.000000000000002442e+00
2.100000000000000000e+01,1.319468914507713180e+02,-4.904674345808045510e-01,4.904674345808045510e-01,1.000000000000006217e+00
2.200000000000000000e+01,1.382300767579508829e+02,5.263621427031055511e-01,5.263621427031055511e-01,9.999999999999814593e-01
2.300000000000000000e+01,1.445132620651304762e+02,-5.652693038832413697e-01,5.652693038832413697e-01,9.999999999999575895e-01
2.400000000000000000e+01,1.507964473723100696e+02,6.114834415201306772e-01,6.114834415201306772e-01,9.999999999999524825e-01
2.500000000000000000e+01,1.570796326794896629e+02,-6.588744492356456428e-01,6.588744492356456428e-01,9.999999999999581446e-01
2.600000000000000000e+01,1.633628179866692562e+02,6.828809776363130579e-01,6.828809776363130579e-01,1.000000000000004885e+00
2.700000000000000000e+01,1.696460032938488212e+02,-6.732459966819370756e-01,6.732459966819370756e-01,1.000000000000042188e+00
2.800000000000000000e+01,1.759291886010284145e+02,6.345276475680984296e-01,6.345276475680984296e-01,1.000000000000092815e+00
2.900000000000000000e+01,1.822123739082080078e+02,-5.792873718838266184e-01,5.792873718838266184e-01,1.000000000000111466e+00
3.000000000000000000e+01,1.884955592153875727e+02,5.325017356420674863e-01,5.325017356420674863e-01,1.000000000000085931e+00
3.100000000000000000e+01,1.947787445225671661e+02,-5.009063879002692010e-01,5.009063879002692010e-01,1.000000000000087930e+00
3.200000000000000000e+01,2.010619298297467594e+02,4.889851826872217977e-01,4.889851826872217977e-01,1.000000000000019984e+00
3.300000000000000000e+01,2.073451151369263528e+02,-4.939305697020511809e-01,4.939305697020511809e-01,1.000000000000017097e+00
3.400000000000000000e+01,2.136283004441059461e+02,5.045218993857868428e-01,5.045218993857868428e-01,9.999999999999668043e-01
3.500000000000000000e+01,2.199114857512855110e+02,-5.179677114278817829e-01,5.179677114278817829e-01,9.999999999999835687e-01
3.600000000000000000e+01,2.261946710584651044e+02,5.259052584770929073e-01,5.259052584770929073e-01,9.999999999999739098e-01
3.700000000000000000e+01,2.324778563656446977e+02,-5.295489076198208744e-01,5.295489076198208744e-01,1.000000000000001332e+00
3.800000000000000000e+01,2.387610416728242626e+02,5.248453674726599738e-01,5.248453674726599738e-01,1.000000000000009548e+00
3.900000000000000000e+01,2.450442269800038559e+02,-5.117125626336024302e-01,5.117125626336024302e-01,1.000000000000012212e+00
4.000000000000000000e+01,2.513274122871834493e+02,4.921025077110383616e-01,4.921025077110383616e-01,1.000000000000031530e+00
4.100000000000000000e+01,2.576105975943630142e+02,-4.669689074908972559e-01,4.669689074908972559e-01,1.000000000000021538e+00
4.200000000000000000e+01,2.638937829015426360e+02,4.442959351613013919e-01,4.442959351613013919e-01,1.000000000000062395e+00
4.300000000000000000e+01,2.701769682087222009e+02,-4.278375298553069861e-01,4.278375298553069861e-01,1.000000000000060396e+00
4.400000000000000000e+01,2.764601535159017658e+02,4.255180424276985285e-01,4.255180424276985285e-01,1.000000000000066613e+00
4.500000000000000000e+01,2.827433388230813875e+02,-4.335561239083585150e-01,4.335561239083585150e-01,1.000000000000058176e+00
4.600000000000000000e+01,2.890265241302609525e+02,4.450563591835372534e-01,4.450563591835372534e-01,1.000000000000039524e+00
4.700000000000000000e+01,2.953097094374405742e+02,-4.531877512284278042e-01,4.531877512284278042e-01,1.000000000000036859e+00
4.800000000000000000e+01,3.015928947446201391e+02,4.608213365357734514e-01,4.608213365357734514e-01,1.000000000000039968e+00
4.900000000000000000e+01,3.078760800517997041e+02,-4.776300927106431060e-01,4.776300927106431060e-01,1.000000000000020206e+00
5.000000000000000000e+01,3.141592653589793258e+02,5.117677223440360024e-01,5.117677223440360024e-01,9.999999999999799050e-01
5.100000000000000000e+01,3.204424506661588907e+02,-5.606617489200008686e-01,5.606617489200008686e-01,9.999999999999580336e-01
5.200000000000000000e+01,3.267256359733385125e+02,5.978388520014709107e-01,5.978388520014709107e-01,9.999999999999705791e-01
5.300000000000000000e+01,3.330088212805180774e+02,-6.098623071206170643e-01,6.098623071206170643e-01,9.999999999999943379e-01
5.400000000000000000e+01,3.392920065876976423e+02,5.919165290699919257e-01,5.919165290699919257e-01,1.000000000000035305e+00
5.500000000000000000e+01,3.455751918948772641e+02,-5.546502192079396654e-01,5.546502192079396654e-01,1.000000000000076605e+00
5.600000000000000000e+01,3.518583772020568290e+02,5.158294514473439341e-01,5.158294514473439341e-01,1.000000000000106581e+00
5.700000000000000000e+01,3.581415625092363939e+02,-4.800639895857263806e-01,4.800639895857263806e-01,1.000000000000114131e+00
5.800000000000000000e+01,3.644247478164160157e+02,4.561711928125631310e-01,4.561711928125631310e-01,1.000000000000107248e+00
5.900000000000000000e+01,3.707079331235955806e+02,-4.421067109818766494e-01,4.421067109818766494e-01,1.000000000000027534e+00
6.000000000000000000e+01,3.769911184307751455e+02,4.349962182874979044e-01,4.349962182874979044e-01,1.000000000000015099e+00
6.100000000000000000e+01,3.832743037379547673e+02,-4.319239918556573854e-01,4.319239918556573854e-01,9.999999999999241718e-01
6.200000000000000000e+01,3.895574890451343322e+02,4.242640471688499670e-01,4.242640471688499670e-01,9.999999999999590328e-01
6.300000000000000000e+01,3.958406743523139539e+02,-4.128355190893530646e-01,4.128355190893530646e-01,9.999999999999485967e-01
6.400000000000000000e+01,4.021238596594935188e+02,3.941266310618983804e-01,3.941266310618983804e-01,1.000000000000007327e+00
6.500000000000000000e+01,4.084070449666730838e+02,-3.699115041476698784e-01,3.699115041476698784e-01,1.000000000000024869e+00
6.600000000000000000e+01,4.146902302738527055e+02,3.448763383141495442e-01,3.448763383141495442e-01,1.000000000000046407e+00
6.700000000000000000e+01,4.209734155810322704e+02,-3.212531054663813612e-01,3.212531054663813612e-01,1.000000000000040190e+00
6.800000000000000000e+01,4.272566008882118922e+02,3.089949482186795660e-01,3.089949482186795660e-01,1.000000000000029532e+00
6.900000000000000000e+01,4.335397861953914571e+02,-3.116493612958011195e-01,3.116493612958011195e-01,1.000000000000036637e+00
7.000000000000000000e+01,4.398229715025710220e+02,3.359349305110050365e-01,3.359349305110050365e-01,9.999999999999941158e-01
7.100000000000000000e+01,4.461061568097506438e+02,-3.821115415804297588e-01,3.821115415804297588e-01,1.000000000000047962e+00
7.200000000000000000e+01,4.523893421169302087e+02,4.386762189510686749e-01,4.386762189510686749e-01,1.000000000000029310e+00
7.300000000000000000e+01,4.586725274241097736e+02,-4.939616224944954337e-01,4.939616224944954337e-01,1.000000000000112133e+00
7.400000000000000000e+01,4.649557127312893954e+02,5.392853128535954887e-01,5.392853128535954887e-01,1.000000000000054623e+00
7.500000000000000000e+01,4.712388980384689603e+02,-5.773865879376705035e-01,5.773865879376705035e-01,1.000000000000074829e+00
7.600000000000000000e+01,4.775220833456485252e+02,6.205438586512286303e-01,6.205438586512286303e-01,9.999999999999582556e-01
7.700000000000000000e+01,4.838052686528281470e+02,-6.718211141450241008e-01,6.718211141450241008e-01,9.999999999999505951e-01
7.800000000000000000e+01,4.900884539600077119e+02,7.122849438446681170e-01,7.122849438446681170e-01,9.999999999999324984e-01
7.900000000000000000e+01,4.963716392671873336e+02,-7.291620146423966053e-01,7.291620146423966053e-01,9.999999999999603650e-01
8.000000000000000000e+01,5.026548245743668986e+02,7.100034406564630363e-01,7.100034406564630363e-01,1.000000000000028866e+00
8.100000000000000000e+01,5.089380098815464635e+02,-6.578463827668770136e-01,6.578463827668770136e-01,1.000000000000040634e+00
8.200000000000000000e+01,5.152211951887260284e+02,5.896155076190661148e-01,5.896155076190661148e-01,1.000000000000070610e+00
8.300000000000000000e+01,5.215043804959057070e+02,-5.169859379937665755e-01,5.169859379937665755e-01,1.000000000000047073e+00
8.400000000000000000e+01,5.277875658030852719e+02,4.618466857128087355e-01,4.618466857128087355e-01,1.000000000000027311e+00
8.500000000000000000e+01,5.340707511102648368e+02,-4.269903290255089856e-01,4.269903290255089856e-01,9.999999999999661382e-01
8.600000000000000000e+01,5.403539364174444017e+02,4.120697772339261267e-01,4.120697772339261267e-01,9.999999999999633626e-01
8.700000000000000000e+01,5.466371217246239667e+02,-4.150249496780056280e-01,4.150249496780056280e-01,9.999999999999360512e-01
8.800000000000000000e+01,5.529203070318035316e+02,4.273180767680317960e-01,4.273180767680317960e-01,9.999999999999639178e-01
8.900000000000000000e+01,5.592034923389832102e+02,-4.427055217425202027e-01,4.427055217425202027e-01,9.999999999999708011e-01
9.000000000000000000e+01,5.654866776461627751e+02,4.493661965220312471e-01,4.493661965220312471e-01,9.999999999999951150e-01
9.100000000000000000e+01,5.717698629533423400e+02,-4.430746002598141553e-01,4.430746002598141553e-01,9.999999999999823475e-01
9.200000000000000000e+01,5.780530482605219049e+02,4.238614667114634083e-01,4.238614667114634083e-01,1.000000000000018874e+00
9.300000000000000000e+01,5.843362335677014698e+02,-3.980597288682889978e-01,3.980597288682889978e-01,1.000000000000031308e+00
9.400000000000000000e+01,5.906194188748811484e+02,3.729441724796127566e-01,3.729441724796127566e-01,1.000000000000042855e+00
9.500000000000000000e+01,5.969026041820607134e+02,-3.575842085811846149e-01,3.575842085811846149e-01,1.000000000000023093e+00
9.600000000000000000e+01,6.031857894892402783e+02,3.643658447957698332e-01,3.643658447957698332e-01,1.000000000000015321e+00
9.700000000000000000e+01,6.094689747964198432e+02,-3.941610087019102315e-01,3.941610087019102315e-01,9.999999999999640288e-01
9.800000000000000000e+01,6.157521601035994081e+02,4.313510476793038229e-01,4.313510476793038229e-01,9.999999999999752420e-01
9.900000000000000000e+01,6.220353454107790867e+02,-4.573576970947123010e-01,4.573576970947123010e-01,9.999999999999615863e-01
1.000000000000000000e+02,6.283185307179586516e+02,4.572995836057502372e-01,4.572995836057502372e-01,9.999999999999946709e-01
1.010000000000000000e+02,6.346017160251382165e+02,-4.331383222720391335e-01,4.331383222720391335e-01,9.999999999999660272e-01
1.020000000000000000e+02,6.408849013323177815e+02,4.043293562459386870e-01,4.043293562459386870e-01,9.999999999999815703e-01
1.030000000000000000e+02,6.471680866394973464e+02,-3.828305784406541568e-01,3.828305784406541568e-01,9.999999999999482636e-01
1.040000000000000000e+02,6.534512719466770250e+02,3.721931732877312160e-01,3.721931732877312160e-01,9.999999999999665823e-01
1.050000000000000000e+02,6.597344572538565899e+02,-3.669680096665708380e-01,3.669680096665708380e-01,9.999999999999678035e-01
1.060000000000000000e+02,6.660176425610361548e+02,3.594133113645576194e-01,3.594133113645576194e-01,1.000000000000000888e+00
1.070000000000000000e+02,6.723008278682157197e+02,-3.502866567365486294e-01,3.502866567365486294e-01,1.000000000000039746e+00
1.080000000000000000e+02,6.785840131753952846e+02,3.428980718670566752e-01,3.428980718670566752e-01,1.000000000000046185e+00
1.090000000000000000e+02,6.848671984825748495e+02,-3.388098748257722392e-01,3.388098748257722392e-01,1.000000000000091704e+00
1.100000000000000000e+02,6.911503837897545282e+02,3.465302470001305757e-01,3.465302470001305757e-01,1.000000000000028866e+00
1.110000000000000000e+02,6.974335690969340931e+02,-3.687229028381164841e-01,3.687229028381164841e-01,1.000000000000057065e+00
1.120000000000000000e+02,7.037167544041136580e+02,4.084955298664361134e-01,4.084955298664361134e-01,9.999999999999799050e-01
1.130000000000000000e+02,7.099999397112932229e+02,-4.670698766682065406e-01,4.670698766682065406e-01,1.000000000000013323e+00
1.140000000000000000e+02,7.162831250184727878e+02,5.324938588376060267e-01,5.324938588376060267e-01,9.999999999999450440e-01
1.150000000000000000e+02,7.225663103256524664e+02,-5.985295123254460448e-01,5.985295123254460448e-01,9.999999999999809042e-01
1.160000000000000000e+02,7.288494956328320313e+02,6.516918692660226275e-01,6.516918692660226275e-01,9.999999999999575895e-01
1.170000000000000000e+02,7.351326809400115962e+02,-6.856924789824913047e-01,6.856924789824913047e-01,9.999999999999764633e-01
1.180000000000000000e+02,7.414158662471911612e+02,6.957455974230464246e-01,6.957455974230464246e-01,9.999999999999891198e-01
1.190000000000000000e+02,7.476990515543707261e+02,-6.782865358953363843e-01,6.782865358953363843e-01,1.000000000000015543e+00
1.200000000000000000e+02,7.539822368615502910e+02,6.347011635038042332e-01,6.347011635038042332e-01,1.000000000000070610e+00
1.210000000000000000e+02,7.602654221687299696e+02,-5.709157874418737677e-01,5.709157874418737677e-01,1.000000000000045297e+00
1.220000000000000000e+02,7.665486074759095345e+02,5.122784825429433919e-01,5.122784825429433919e-01,1.000000000000077938e+00
1.230000000000000000e+02,7.728317927830890994e+02,-4.728197331451222118e-01,4.728197331451222118e-01,1.000000000000010436e+00
1.240000000000000000e+02,7.791149780902686643e+02,4.582233140543713334e-01,4.582233140543713334e-01,1.000000000000005773e+00
1.250000000000000000e+02,7.853981633974482293e+02,-4.549716436506663353e-01,4.549716436506663353e-01,9.999999999999594769e-01
1.260000000000000000e+02,7.916813487046279079e+02,4.416558178570954007e-01,4.416558178570954007e-01,9.999999999999817923e-01
1.270000000000000000e+02,7.979645340118074728e+02,-4.150268291205974625e-01,4.150268291205974625e-01,9.999999999999780176e-01
1.280000000000000000e+02,8.042477193189870377e+02,3.836173096232973756e-01,3.836173096232973756e-01,1.000000000000019540e+00
1.290000000000000000e+02,8.105309046261666026e+02,-3.564834091670949778e-01,3.564834091670949778e-01,1.000000000000011102e+00
1.300000000000000000e+02,8.168140899333461675e+02,3.341420240497344762e-01,3.341420240497344762e-01,1.000000000000025535e+00
1.310000000000000000e+02,8.230972752405258461e+02,-3.132313922013150176e-01,3.132313922013150176e-01,9.999999999999674705e-01
1.320000000000000000e+02,8.293804605477054110e+02,2.869348448965400311e-01,2.869348448965400311e-01,9.999999999999794609e-01
1.330000000000000000e+02,8.356636458548849760e+02,-2.586947407854452985e-01,2.586947407854452985e-01,9.999999999999421574e-01
1.340000000000000000e+02,8.419468311620645409e+02,2.290088833325007178e-01,2.290088833325007178e-01,9.999999999999835687e-01
1.350000000000000000e+02,8.482300164692441058e+02,-2.086968493112948131e-01,2.086968493112948131e-01,1.000000000000018874e+00
1.360000000000000000e+02,8.545132017764237844e+02,2.081563206328947424e-01,2.081563206328947424e-01,1.000000000000051070e+00
1.370000000000000000e+02,8.607963870836033493e+02,-2.251372720215155110e-01,2.251372720215155110e-01,1.000000000000066391e+00
1.380000000000000000e+02,8.670795723907829142e+02,2.617327792643326934e-01,2.617327792643326934e-01,1.000000000000028200e+00
1.390000000000000000e+02,8.733627576979624791e+02,-3.081421681844869198e-01,3.081421681844869198e-01,9.999999999999852340e-01
1.400000000000000000e+02,8.796459430051420441e+02,3.582288436609280535e-01,3.582288436609280535e-01,9.999999999999559241e-01
1.410000000000000000e+02,8.859291283123216090e+02,-4.054042358779484378e-01,4.054042358779484378e-01,9.999999999999109601e-01
1.420000000000000000e+02,8.922123136195012876e+02,4.402301468884478597e-01,4.402301468884478597e-01,9.999999999999514833e-01
1.430000000000000000e+02,8.984954989266808525e+02,-4.620479368780269214e-01,4.620479368780269214e-01,9.999999999999757971e-01
1.440000000000000000e+02,9.047786842338604174e+02,4.710388085439236594e-01,4.710388085439236594e-01,1.000000000000008882e+00
1.450000000000000000e+02,9.110618695410399823e+02,-4.664065051753081836e-01,4.664065051753081836e-01,1.000000000000037081e+00
1.460000000000000000e+02,9.173450548482195472e+02,4.489843131981148261e-01,4.489843131981148261e-01,1.000000000000018430e+00
1.470000000000000000e+02,9.236282401553992258e+02,-4.262999729325003262e-01,4.262999729325003262e-01,1.000000000000020428e+00
1.480000000000000000e+02,9.299114254625787908e+02,4.187840836724832094e-01,4.187840836724832094e-01,9.999999999999562572e-01
1.490000000000000000e+02,9.361946107697583557e+02,-4.391718118398683091e-01,4.391718118398683091e-01,9.999999999999542588e-01
1.500000000000000000e+02,9.424777960769379206e+02,4.839845639050989745e-01,4.839845639050989745e-01,9.999999999998891997e-01
1.510000000000000000e+02,9.487609813841174855e+02,-5.391401006457238188e-01,5.391401006457238188e-01,9.999999999999293898e-01
1.520000000000000000e+02,9.550441666912970504e+02,5.788316728618777551e-01,5.788316728618777551e-01,9.999999999999245048e-01
1.530000000000000000e+02,9.613273519984767290e+02,-5.920395857596214562e-01,5.920395857596214562e-01,9.999999999999523714e-01
1.540000000000000000e+02,9.676105373056562939e+02,5.775759295368384505e-01,5.775759295368384505e-01,9.999999999999527045e-01
1.550000000000000000e+02,9.738937226128358589e+02,-5.401115111100115440e-01,5.401115111100115440e-01,9.999999999999569233e-01
1.560000000000000000e+02,9.801769079200154238e+02,4.903164362428118483e-01,4.903164362428118483e-01,9.999999999999783507e-01
1.570000000000000000e+02,9.864600932271949887e+02,-4.356750623982787451e-01,4.356750623982787451e-01,9.999999999999723554e-01
1.580000000000000000e+02,9.927432785343746673e+02,3.826838375264039471e-01,3.826838375264039471e-01,1.000000000000012434e+00
1.590000000000000000e+02,9.990264638415542322e+02,-3.338723459484669864e-01,3.338723459484669864e-01,9.999999999999740208e-01
1.600000000000000000e+02,1.005309649148733797e+03,2.898225787790355557e-01,2.898225787790355557e-01,1.000000000000023537e+00
1.610000000000000000e+02,1.011592834455913362e+03,-2.537455243698897300e-01,2.537455243698897300e-01,9.999999999999936717e-01
1.620000000000000000e+02,1.017876019763092927e+03,2.326263383159362930e-01,2.326263383159362930e-01,9.999999999999864553e-01
1.630000000000000000e+02,1.024159205070272492e+03,-2.267736191379099431e-01,2.267736191379099431e-01,9.999999999999774625e-01
1.640000000000000000e+02,1.030442390377452057e+03,2.385828005281827036e-01,2.385828005281827036e-01,9.999999999999394928e-01
1.650000000000000000e+02,1.036725575684631622e+03,-2.620595780611245651e-01,2.620595780611245651e-01,9.999999999999099609e-01
1.660000000000000000e+02,1.043008760991811414e+03,2.898071866708040178e-01,2.898071866708040178e-01,9.999999999998994138e-01
1.670000000000000000e+02,1.049291946298990979e+03,-3.207062177143233939e-01,3.207062177143233939e-01,9.999999999998935296e-01
1.680000000000000000e+02,1.055575131606170544e+03,3.498641120773654523e-01,3.498641120773654523e-01,9.999999999998984146e-01
1.690000000000000000e+02,1.061858316913350109e+03,-3.812372300941528902e-01,3.812372300941528902e-01,9.999999999999140687e-01
1.700000000000000000e+02,1.068141502220529674e+03,4.128733662765913248e-01,4.128733662765913248e-01,9.999999999999356071e-01
1.710000000000000000e+02,1.074424687527709239e+03,-4.395563185745273715e-01,4.395563185745273715e-01,9.999999999999726885e-01
1.720000000000000000e+02,1.080707872834888803e+03,4.499813215682012535e-01,4.499813215682012535e-01,1.000000000000009104e+00
1.730000000000000000e+02,1.086991058142068368e+03,-4.411448319725577716e-01,4.411448319725577716e-01,1.000000000000047073e+00
1.740000000000000000e+02,1.093274243449247933e+03,4.284869584107715568e-01,4.284869584107715568e-01,1.000000000000038636e+00
1.750000000000000000e+02,1.099557428756427498e+03,-4.244109443136718784e-01,4.244109443136718784e-01,1.000000000000015543e+00
1.760000000000000000e+02,1.105840614063607063e+03,4.394671868937511938e-01,4.394671868937511938e-01,1.000000000000014211e+00
1.770000000000000000e+02,1.112123799370786855e+03,-4.649106552438778128e-01,4.649106552438778128e-01,9.999999999999672484e-01
1.780000000000000000e+02,1.118406984677966420e+03,4.780066676755005961e-01,4.780066676755005961e-01,1.000000000000009548e+00
1.790000000000000000e+02,1.124690169985145985e+03,-4.653965722276642847e-01,4.653965722276642847e-01,9.999999999999447109e-01
1.800000000000000000e+02,1.130973355292325550e+03,4.235163285914207432e-01,4.235163285914207432e-01,9.999999999999978906e-01
1.810000000000000000e+02,1.137256540599505115e+03,-3.601390903695849688e-01,3.601390903695849688e-01,9.999999999999319433e-01
1.820000000000000000e+02,1.143539725906684680e+03,2.883547942351851190e-01,2.883547942351851190e-01,9.999999999999739098e-01
1.830000000000000000e+02,1.149822911213864245e+03,-2.173297245861983140e-01,2.173297245861983140e-01,9.999999999999474865e-01
1.840000000000000000e+02,1.156106096521043810e+03,1.577665406561482020e-01,1.577665406561482020e-01,9.999999999999743538e-01
1.850000000000000000e+02,1.162389281828223375e+03,-1.170040373141758155e-01,1.170040373141758155e-01,9.999999999999609201e-01
1.860000000000000000e+02,1.168672467135402940e+03,9.791291018916602196e-02,9.791291018916602196e-02,9.999999999999641398e-01
1.870000000000000000e+02,1.174955652442582732e+03,-1.043662043821344532e-01,1.043662043821344532e-01,1.000000000000000444e+00
1.880000000000000000e+02,1.181238837749762297e+03,1.338828586793868736e-01,1.338828586793868736e-01,9.999999999999505951e-01
1.890000000000000000e+02,1.187522023056941862e+03,-1.757737296377923086e-01,1.757737296377923086e-01,9.999999999999866773e-01
1.900000000000000000e+02,1.193805208364121427e+03,2.231803656758446497e-01,2.231803656758446497e-01,9.999999999999380496e-01
1.910000000000000000e+02,1.200088393671300992e+03,-2.729560692402228095e-01,2.729560692402228095e-01,9.999999999999908962e-01
1.920000000000000000e+02,1.206371578978480557e+03,3.237918513128241749e-01,3.237918513128241749e-01,9.999999999999737987e-01
1.930000000000000000e+02,1.212654764285660121e+03,-3.757575268422748138e-01,3.757575268422748138e-01,1.000000000000039302e+00
1.940000000000000000e+02,1.218937949592839686e+03,4.229146433197993327e-01,4.229146433197993327e-01,1.000000000000000666e+00
1.950000000000000000e+02,1.225221134900019251e+03,-4.676634531506354553e-01,4.676634531506354553e-01,1.000000000000005551e+00
1.960000000000000000e+02,1.231504320207198816e+03,5.132675456058936048e-01,5.132675456058936048e-01,9.999999999999570344e-01
1.970000000000000000e+02,1.237787505514378381e+03,-5.542042491861860487e-01,5.542042491861860487e-01,9.999999999999708011e-01
1.980000000000000000e+02,1.244070690821558173e+03,5.726795794620449520e-01,5.726795794620449520e-01,9.999999999999836797e-01
1.990000000000000000e+02,1.250353876128737738e+03,-5.571836374220179300e-01,5.571836374220179300e-01,1.000000000000015321e+00
2.000000000000000000e+02,1.256637061435917303e+03,5.161183936220445911e-01,5.161183936220445911e-01,1.000000000000046851e+00
2.010000000000000000e+02,1.262920246743096868e+03,-4.652846757347057771e-01,4.652846757347057771e-01,1.000000000000002442e+00
2.020000000000000000e+02,1.269203432050276433e+03,4.323061929064515585e-01,4.323061929064515585e-01,9.999999999999967804e-01
2.030000000000000000e+02,1.275486617357455998e+03,-4.220759715959960245e-01,4.220759715959960245e-01,9.999999999999259481e-01
2.040000000000000000e+02,1.281769802664635563e+03,4.259873267671290265e-01,4.259873267671290265e-01,9.999999999999188427e-01
2.050000000000000000e+02,1.288052987971815128e+03,-4.319775509210778686e-01,4.319775509210778686e-01,9.999999999998672173e-01
2.060000000000000000e+02,1.294336173278994693e+03,4.206370378539790456e-01,4.206370378539790456e-01,9.999999999999170663e-01
2.070000000000000000e+02,1.300619358586174258e+03,-3.905951586177390800e-01,3.905951586177390800e-01,9.999999999999388267e-01
2.080000000000000000e+02,1.306902543893354050e+03,3.418363854856728001e-01,3.418363854856728001e-01,1.000000000000006661e+00
2.090000000000000000e+02,1.313185729200533615e+03,-2.792744961206573562e-01,2.792744961206573562e-01,9.999999999999993339e-01
2.100000000000000000e+02,1.319468914507713180e+03,2.149695087454793763e-01,2.149695087454793763e-01,1.000000000000030864e+00
2.110000000000000000e+02,1.325752099814892745e+03,-1.565072247975420605e-01,1.565072247975420605e-01,9.999999999999676925e-01
2.120000000000000000e+02,1.332035285122072310e+03,1.110655950436569700e-01,1.110655950436569700e-01,9.999999999999880096e-01
2.130000000000000000e+02,1.338318470429251875e+03,-8.648223271407834423e-02,8.648223271407834423e-02,9.999999999999505951e-01
2.140000000000000000e+02,1.344601655736431439e+03,8.144745828981789226e-02,8.144745828981789226e-02,9.999999999999884537e-01
2.150000000000000000e+02,1.350884841043611004e+03,-9.240942613079711210e-02,9.240942613079711210e-02,9.999999999999696909e-01
2.160000000000000000e+02,1.357168026350790569e+03,1.154882980155644279e-01,1.154882980155644279e-01,9.999999999999905631e-01
2.170000000000000000e+02,1.363451211657970134e+03,-1.397081527528772626e-01,1.397081527528772626e-01,9.999999999999571454e-01
2.180000000000000000e+02,1.369734396965149699e+03,1.589990592539615721e-01,1.589990592539615721e-01,9.999999999999509281e-01
2.190000000000000000e+02,1.376017582272329491e+03,-1.666444426388341560e-01,1.666444426388341560e-01,9.999999999999159561e-01
2.200000000000000000e+02,1.382300767579509056e+03,1.618516966471180152e-01,1.618516966471180152e-01,9.999999999999299449e-01
2.210000000000000000e+02,1.388583952886688621e+03,-1.585359904674672749e-01,1.585359904674672749e-01,9.999999999999064082e-01
2.220000000000000000e+02,1.394867138193868186e+03,1.710250231668850318e-01,1.710250231668850318e-01,9.999999999999290567e-01
2.230000000000000000e+02,1.401150323501047751e+03,-2.013539412271424800e-01,2.013539412271424800e-01,9.999999999999622524e-01
2.240000000000000000e+02,1.407433508808227316e+03,2.365033181762911940e-01,2.365033181762911940e-01,9.999999999999622524e-01
2.250000000000000000e+02,1.413716694115406881e+03,-2.624550165064261087e-01,2.624550165064261087e-01,9.999999999999984457e-01
2.260000000000000000e+02,1.419999879422586446e+03,2.815440984097706822e-01,2.815440984097706822e-01,9.999999999999389377e-01
2.270000000000000000e+02,1.426283064729766011e+03,-3.028934979974115538e-01,3.028934979974115538e-01,9.999999999999701350e-01
2.280000000000000000e+02,1.432566250036945576e+03,3.397073306764425427e-01,3.397073306764425427e-01,9.999999999998974154e-01
2.290000000000000000e+02,1.438849435344125141e+03,-3.937543176201726003e-01,3.937543176201726003e-01,9.999999999999299449e-01
2.300000000000000000e+02,1.445132620651304933e+03,4.541526059078235811e-01,4.541526059078235811e-01,9.999999999998770983e-01
2.310000000000000000e+02,1.451415805958484498e+03,-5.115826994986697462e-01,5.115826994986697462e-01,9.999999999999064082e-01
2.320000000000000000e+02,1.457698991265664063e+03,5.465638321805160738e-01,5.465638321805160738e-01,9.999999999998933076e-01
2.330000000000000000e+02,1.463982176572843628e+03,-5.537994859563211136e-01,5.537994859563211136e-01,9.999999999999117373e-01
2.340000000000000000e+02,1.470265361880023192e+03,5.277271891931850645e-01,5.277271891931850645e-01,9.999999999999564793e-01
2.350000000000000000e+02,1.476548547187202757e+03,-4.714848705889054248e-01,4.714848705889054248e-01,9.999999999999636957e-01
2.360000000000000000e+02,1.482831732494382322e+03,4.013033335571373761e-01,4.013033335571373761e-01,1.000000000000001998e+00
2.370000000000000000e+02,1.489114917801561887e+03,-3.261991323811253007e-01,3.261991323811253007e-01,9.999999999999906741e-01
2.380000000000000000e+02,1.495398103108741452e+03,2.621009972832072932e-01,2.621009972832072932e-01,1.000000000000026423e+00
2.390000000000000000e+02,1.501681288415921017e+03,-2.133301257905236281e-01,2.133301257905236281e-01,9.999999999999805711e-01
2.400000000000000000e+02,1.507964473723100582e+03,1.814712669789096955e-01,1.814712669789096955e-01,1.000000000000022649e+00
2.410000000000000000e+02,1.514247659030280374e+03,-1.635730729700570762e-01,1.635730729700570762e-01,9.999999999999646949e-01
2.420000000000000000e+02,1.520530844337459939e+03,1.584100380732544888e-01,1.584100380732544888e-01,9.999999999999625855e-01
2.430000000000000000e+02,1.526814029644639504e+03,-1.614389550836521081e-01,1.614389550836521081e-01,9.999999999999207301e-01
2.440000000000000000e+02,1.533097214951819069e+03,1.627522742836444436e-01,1.627522742836444436e-01,9.999999999999092948e-01
2.450000000000000000e+02,1.539380400258998634e+03,-1.544410535974641285e-01,1.544410535974641285e-01,9.999999999998795408e-01
2.460000000000000000e+02,1.545663585566178199e+03,1.304377309712674016e-01,1.304377309712674016e-01,9.999999999999025224e-01
2.470000000000000000e+02,1.551946770873357764e+03,-1.066685663352438668e-01,1.066685663352438668e-01,9.999999999999066302e-01
2.480000000000000000e+02,1.558229956180537329e+03,9.826390925235105323e-02,9.826390925235105323e-02,9.999999999999262812e-01
2.490000000000000000e+02,1.564513141487716894e+03,-1.145452665847086077e-01,1.145452665847086077e-01,9.999999999999436007e-01
2.500000000000000000e+02,1.570796326794896459e+03,1.448796564557639499e-01,1.448796564557639499e-01,9.999999999999759082e-01
2.510000000000000000e+02,1.577079512102076251e+03,-1.718831643438996082e-01,1.718831643438996082e-01,9.999999999999884537e-01
2.520000000000000000e+02,1.583362697409255816e+03,1.879881159028090609e-01,1.879881159028090609e-01,1.000000000000005995e+00
2.530000000000000000e+02,1.589645882716435381e+03,-1.911065571207235525e-01,1.911065571207235525e-01,9.999999999999957812e-01
2.540000000000000000e+02,1.595929068023614946e+03,1.955911717510006864e-01,1.955911717510006864e-01,9.999999999999947820e-01
2.550000000000000000e+02,1.602212253330794510e+03,-2.076973624211710112e-01,2.076973624211710112e-01,9.999999999999888978e-01
2.560000000000000000e+02,1.608495438637974075e+03,2.317047814333289824e-01,2.317047814333289824e-01,9.999999999999940048e-01
2.570000000000000000e+02,1.614778623945153640e+03,-2.618345928103392728e-01,2.618345928103392728e-01,9.999999999999693578e-01
2.580000000000000000e+02,1.621061809252333205e+03,2.835670419696579847e-01,2.835670419696579847e-01,9.999999999999935607e-01
2.590000000000000000e+02,1.627344994559512770e+03,-2.913130314778365482e-01,2.913130314778365482e-01,9.999999999999329425e-01
2.600000000000000000e+02,1.633628179866692335e+03,2.786199546060347809e-01,2.786199546060347809e-01,9.999999999999593658e-01
2.610000000000000000e+02,1.639911365173871900e+03,-2.489453081009364022e-01,2.489453081009364022e-01,9.999999999999302780e-01
2.620000000000000000e+02,1.646194550481051692e+03,2.111057392226397544e-01,2.111057392226397544e-01,9.999999999999433786e-01
2.630000000000000000e+02,1.652477735788231257e+03,-1.696700182619508002e-01,1.696700182619508002e-01,9.999999999999482636e-01
2.640000000000000000e+02,1.658760921095410822e+03,1.345395697919385680e-01,1.345395697919385680e-01,9.999999999999589217e-01
2.650000000000000000e+02,1.665044106402590387e+03,-1.149112165566823357e-01,1.149112165566823357e-01,9.999999999999749090e-01
2.660000000000000000e+02,1.671327291709769952e+03,1.172143039303148726e-01,1.172143039303148726e-01,9.999999999999347189e-01
2.670000000000000000e+02,1.677610477016949517e+03,-1.428102915589895827e-01,1.428102915589895827e-01,9.999999999999482636e-01
2.680000000000000000e+02,1.683893662324129082e+03,1.862926357394627808e-01,1.862926357394627808e-01,9.999999999998696598e-01
2.700000000000000000e+02,1.696460032938488212e+03,2.849947363384494059e-01,2.849947363384494059e-01,9.999999999998722133e-01
2.710000000000000000e+02,1.702743218245667777e+03,-3.103386594593364745e-01,3.103386594593364745e-01,9.999999999999292788e-01
2.720000000000000000e+02,1.709026403552847569e+03,3.030334290225789040e-01,3.030334290225789040e-01,9.999999999999725775e-01
2.730000000000000000e+02,1.715309588860027134e+03,-2.689236667116515767e-01,2.689236667116515767e-01,9.999999999999983347e-01
2.740000000000000000e+02,1.721592774167206699e+03,2.298400089235365373e-01,2.298400089235365373e-01,1.000000000000017542e+00
2.750000000000000000e+02,1.727875959474386264e+03,-2.003662329001082432e-01,2.003662329001082432e-01,9.999999999999902300e-01
2.760000000000000000e+02,1.734159144781565828e+03,1.870835492305135128e-01,1.870835492305135128e-01,9.999999999999978906e-01
2.770000000000000000e+02,1.740442330088745393e+03,-1.821984689134286406e-01,1.821984689134286406e-01,9.999999999999944489e-01
2.780000000000000000e+02,1.746725515395924958e+03,1.781629523245370217e-01,1.781629523245370217e-01,1.000000000000025979e+00
2.790000000000000000e+02,1.753008700703104523e+03,-1.696780241493490715e-01,1.696780241493490715e-01,1.000000000000008438e+00
2.800000000000000000e+02,1.759291886010284088e+03,1.616706157523964127e-01,1.616706157523964127e-01,9.999999999999935607e-01
2.810000000000000000e+02,1.765575071317463653e+03,-1.580477613582919882e-01,1.580477613582919882e-01,9.999999999999461542e-01
2.820000000000000000e+02,1.771858256624643218e+03,1.660496156863103534e-01,1.660496156863103534e-01,9.999999999998904210e-01
2.830000000000000000e+02,1.778141441931823010e+03,-1.844864879130560520e-01,1.844864879130560520e-01,9.999999999998253619e-01
2.850000000000000000e+02,1.790707812546182140e+03,-2.148486974197432176e-01,2.148486974197432176e-01,9.999999999998058220e-01
2.860000000000000000e+02,1.796990997853361705e+03,2.161436569003369612e-01,2.161436569003369612e-01,9.999999999998675504e-01
2.870000000000000000e+02,1.803274183160541270e+03,-2.048113530703324359e-01,2.048113530703324359e-01,9.999999999999167333e-01
2.880000000000000000e+02,1.809557368467720835e+03,1.838074097206123803e-01,1.838074097206123803e-01,9.999999999999574785e-01
2.890000000000000000e+02,1.815840553774900400e+03,-1.523679875862531952e-01,1.523679875862531952e-01,9.999999999999606981e-01
2.900000000000000000e+02,1.822123739082079965e+03,1.267795204596425251e-01,1.267795204596425251e-01,9.999999999999819034e-01
2.910000000000000000e+02,1.828406924389259530e+03,-1.114184154349542877e-01,1.114184154349542877e-01,9.999999999999793499e-01
2.920000000000000000e+02,1.834690109696439094e+03,1.088768524035894636e-01,1.088768524035894636e-01,1.000000000000008438e+00
2.940000000000000000e+02,1.847256480310798452e+03,1.319159710019226772e-01,1.319159710019226772e-01,1.000000000000021316e+00
2.950000000000000000e+02,1.853539665617978017e+03,-1.543809758559475387e-01,1.543809758559475387e-01,9.999999999999513722e-01
2.960000000000000000e+02,1.859822850925157582e+03,1.727366417498377715e-01,1.727366417498377715e-01,9.999999999999609201e-01
2.970000000000000000e+02,1.866106036232337146e+03,-1.686380847149285822e-01,1.686380847149285822e-01,9.999999999998840927e-01
2.980000000000000000e+02,1.872389221539516711e+03,1.248358358170743171e-01,1.248358358170743171e-01,9.999999999999245048e-01
2.990000000000000000e+02,1.878672406846696276e+03,-5.034629582757689514e-02,5.034629582757689514e-02,9.999999999998645528e-01
3.010000000000000000e+02,1.891238777461055406e+03,8.381953258753137292e-02,-8.381953258753137292e-02,9.999999999998916422e-01
3.020000000000000000e+02,1.897521962768234971e+03,-9.861687217080662704e-02,-9.861687217080662704e-02,9.999999999999203970e-01
3.030000000000000000e+02,1.903805148075414536e+03,7.754468910094565459e-02,-7.754468910094565459e-02,9.999999999999432676e-01
3.040000000000000000e+02,1.910088333382594101e+03,-3.323302424497853041e-02,-3.323302424497853041e-02,9.999999999999249489e-01
3.050000000000000000e+02,1.916371518689773893e+03,-1.765661074294012575e-02,1.765661074294012575e-02,9.999999999999614753e-01
3.060000000000000000e+02,1.922654703996953458e+03,6.817169929657003469e-02,6.817169929657003469e-02,9.999999999999057421e-01
3.080000000000000000e+02,1.935221074611312588e+03,1.566411438805974665e-01,1.566411438805974665e-01,9.999999999999011902e-01
3.090000000000000000e+02,1.941504259918492153e+03,-1.909210548913322092e-01,1.909210548913322092e-01,9.999999999999170663e-01
3.100000000000000000e+02,1.947787445225671718e+03,2.156074342752868356e-01,2.156074342752868356e-01,9.999999999998908651e-01
3.110000000000000000e+02,1.954070630532851283e+03,-2.380713050830759736e-01,2.380713050830759736e-01,9.999999999999282796e-01
3.120000000000000000e+02,1.960353815840030848e+03,2.515516389717742940e-01,2.515516389717742940e-01,9.999999999999509281e-01
3.140000000000000000e+02,1.972920186454389977e+03,2.532328462956808246e-01,2.532328462956808246e-01,1.000000000000021316e+00
3.150000000000000000e+02,1.979203371761569770e+03,-2.369366573345675353e-01,2.369366573345675353e-01,1.000000000000017986e+00
3.160000000000000000e+02,1.985486557068749335e+03,2.194415935297459042e-01,2.194415935297459042e-01,9.999999999999872324e-01
3.170000000000000000e+02,1.991769742375928899e+03,-1.988989122913943364e-01,1.988989122913943364e-01,9.999999999999710232e-01
3.190000000000000000e+02,2.004336112990288029e+03,-1.604845772549322591e-01,1.604845772549322591e-01,9.999999999999295008e-01
3.200000000000000000e+02,2.010619298297467594e+03,1.467757697840275377e-01,1.467757697840275377e-01,9.999999999999570344e-01
3.210000000000000000e+02,2.016902483604647159e+03,-1.457666182011140565e-01,1.457666182011140565e-01,9.999999999999032996e-01
3.220000000000000000e+02,2.023185668911826724e+03,1.534573109102229660e-01,1.534573109102229660e-01,9.999999999999137357e-01
3.240000000000000000e+02,2.035752039526185854e+03,1.398723658462715513e-01,1.398723658462715513e-01,9.999999999998711031e-01
3.250000000000000000e+02,2.042035224833365419e+03,-9.544896662666196852e-02,9.544896662666196852e-02,9.999999999998466782e-01
3.260000000000000000e+02,2.048318410140544984e+03,3.726630746046655923e-02,3.726630746046655923e-02,9.999999999998988587e-01
3.270000000000000000e+02,2.054601595447724776e+03,1.361964727121687049e-02,-1.361964727121687049e-02,9.999999999999376055e-01
3.290000000000000000e+02,2.067167966062083906e+03,5.443762228020121441e-02,-5.443762228020121441e-02,1.000000000000016875e+00
3.300000000000000000e+02,2.073451151369263243e+03,-4.548471822610766768e-02,-4.548471822610766768e-02,1.000000000000036193e+00
3.310000000000000000e+02,2.079734336676443036e+03,3.293966759476675554e-02,-3.293966759476675554e-02,9.999999999999693578e-01
3.330000000000000000e+02,2.092300707290802166e+03,3.319049436109067219e-02,-3.319049436109067219e-02,9.999999999999341638e-01
3.340000000000000000e+02,2.098583892597981958e+03,-4.609145269029715775e-02,-4.609145269029715775e-02,9.999999999999706901e-01
3.350000000000000000e+02,2.104867077905161295e+03,6.074004506847748008e-02,-6.074004506847748008e-02,9.999999999999299449e-01
3.360000000000000000e+02,2.111150263212341088e+03,-7.258693711278195460e-02,-7.258693711278195460e-02,9.999999999999396039e-01
3.380000000000000000e+02,2.123716633826700217e+03,-8.144045339527179739e-02,-8.144045339527179739e-02,9.999999999999454880e-01
3.390000000000000000e+02,2.129999819133879555e+03,7.962931837621202436e-02,-7.962931837621202436e-02,9.999999999999372724e-01
3.400000000000000000e+02,2.136283004441059347e+03,-7.435766364573129228e-02,-7.435766364573129228e-02,9.999999999999451550e-01
3.420000000000000000e+02,2.148849375055418477e+03,-3.885825513106065665e-02,-3.885825513106065665e-02,9.999999999999545919e-01
3.430000000000000000e+02,2.155132560362598269e+03,6.881712343776213124e-03,-6.881712343776213124e-03,9.999999999999916733e-01
3.440000000000000000e+02,2.161415745669777607e+03,2.791482573440264361e-02,2.791482573440264361e-02,9.999999999999439337e-01
3.460000000000000000e+02,2.173982116284136737e+03,9.980584319895949297e-02,9.980584319895949297e-02,9.999999999998989697e-01
3.470000000000000000e+02,2.180265301591316529e+03,-1.533951137686497268e-01,1.533951137686497268e-01,9.999999999999135136e-01
3.480000000000000000e+02,2.186548486898495867e+03,2.155101458921382385e-01,2.155101458921382385e-01,9.999999999998546718e-01
3.500000000000000000e+02,2.199114857512854996e+03,3.003708500607036314e-01,3.003708500607036314e-01,9.999999999999017453e-01
3.510000000000000000e+02,2.205398042820034789e+03,-2.879623325798350564e-01,2.879623325798350564e-01,9.999999999999291678e-01
3.520000000000000000e+02,2.211681228127214126e+03,2.423969705208005865e-01,2.423969705208005865e-01,9.999999999999755751e-01
3.540000000000000000e+02,2.224247598741573711e+03,1.137855450724523793e-01,1.137855450724523793e-01,1.000000000000017097e+00
3.550000000000000000e+02,2.230530784048753048e+03,-6.230527585264435120e-02,6.230527585264435120e-02,9.999999999999953371e-01
3.570000000000000000e+02,2.243097154663112178e+03,-9.716033134224403081e-03,9.716033134224403081e-03,9.999999999999786837e-01
3.580000000000000000e+02,2.249380339970291971e+03,-5.886872917460784019e-03,-5.886872917460784019e-03,1.000000000000026867e+00
3.590000000000000000e+02,2.255663525277471308e+03,1.993016272344140874e-02,-1.993016272344140874e-02,9.999999999999649170e-01
3.610000000000000000e+02,2.268229895891830438e+03,5.201048091570029119e-02,-5.201048091570029119e-02,9.999999999998681055e-01
3.620000000000000000e+02,2.274513081199010230e+03,-7.367013746573949917e-02,-7.367013746573949917e-02,9.999999999998235856e-01
3.640000000000000000e+02,2.287079451813369360e+03,-1.140075189642613812e-01,-1.140075189642613812e-01,9.999999999998097078e-01
3.650000000000000000e+02,2.293362637120549152e+03,1.294387105659649539e-01,-1.294387105659649539e-01,9.999999999998420153e-01
3.660000000000000000e+02,2.299645822427728490e+03,-1.437823890822630679e-01,-1.437823890822630679e-01,9.999999999999092948e-01
3.680000000000000000e+02,2.312212193042087620e+03,-1.450534108753489260e-01,-1.450534108753489260e-01,9.999999999999689138e-01
3.690000000000000000e+02,2.318495378349267412e+03,1.260046779591015575e-01,-1.260046779591015575e-01,9.999999999999772404e-01
3.710000000000000000e+02,2.331061748963626542e+03,6.807669733125884526e-02,-6.807669733125884526e-02,9.999999999999654721e-01
3.720000000000000000e+02,2.337344934270805879e+03,-4.587300038688467418e-02,-4.587300038688467418e-02,9.999999999999774625e-01
3.740000000000000000e+02,2.349911304885165464e+03,-1.438085474385853650e-04,-1.438085474385853650e-04,9.999999999999803491e-01
3.750000000000000000e+02,2.356194490192344801e+03,-2.685732490177634990e-02,2.685732490177634990e-02,9.999999999999384936e-01
3.770000000000000000e+02,2.368760860806703931e+03,-2.825034361844807815e-02,2.825034361844807815e-02,9.999999999999036326e-01
3.780000000000000000e+02,2.375044046113883724e+03,-1.027601611493851944e-02,-1.027601611493851944e-02,9.999999999999299449e-01
3.800000000000000000e+02,2.387610416728242853e+03,-9.808740056435526211e-02,-9.808740056435526211e-02,9.999999999998939737e-01
3.810000000000000000e+02,2.393893602035422191e+03,1.120043565408278818e-01,-1.120043565408278818e-01,9.999999999999070743e-01
3.820000000000000000e+02,2.400176787342601983e+03,-9.622294206187274879e-02,-9.622294206187274879e-02,9.999999999998934186e-01
3.840000000000000000e+02,2.412743157956961113e+03,-1.732462090143212577e-02,-1.732462090143212577e-02,9.999999999998930855e-01
3.850000000000000000e+02,2.419026343264140905e+03,-2.225900696718146124e-02,2.225900696718146124e-02,9.999999999999334976e-01
3.870000000000000000e+02,2.431592713878500035e+03,-5.837867989808284697e-02,5.837867989808284697e-02,9.999999999999082956e-01
3.880000000000000000e+02,2.437875899185679373e+03,4.625698515714953690e-02,4.625698515714953690e-02,9.999999999998772093e-01
3.900000000000000000e+02,2.450442269800038503e+03,-2.294987492052513386e-02,-2.294987492052513386e-02,9.999999999999077405e-01
3.910000000000000000e+02,2.456725455107218295e+03,6.144215451043855136e-02,-6.144215451043855136e-02,9.999999999999571454e-01
3.930000000000000000e+02,2.469291825721577425e+03,1.271011719264972528e-01,-1.271011719264972528e-01,1.000000000000050182e+00
3.950000000000000000e+02,2.481858196335936555e+03,1.308834901591492961e-01,-1.308834901591492961e-01,1.000000000000013767e+00
3.960000000000000000e+02,2.488141381643116347e+03,-1.177144816604089872e-01,-1.177144816604089872e-01,9.999999999999630296e-01
3.980000000000000000e+02,2.500707752257475477e+03,-1.181647793356926796e-01,-1.181647793356926796e-01,9.999999999998918643e-01
3.990000000000000000e+02,2.506990937564654814e+03,1.205644864101087094e-01,-1.205644864101087094e-01,9.999999999998743228e-01
4.010000000000000000e+02,2.519557308179013944e+03,8.089889091441100633e-02,-8.089889091441100633e-02,9.999999999998695488e-01
4.020000000000000000e+02,2.525840493486193736e+03,-4.429953002515758104e-02,-4.429953002515758104e-02,9.999999999998794298e-01
4.040000000000000000e+02,2.538406864100552866e+03,2.360142036614506101e-03,2.360142036614506101e-03,9.999999999998603339e-01
4.050000000000000000e+02,2.544690049407732204e+03,1.066374096436434066e-03,-1.066374096436434066e-03,9.999999999998832045e-01
4.070000000000000000e+02,2.557256420022091788e+03,3.740790951154034788e-02,-3.740790951154034788e-02,9.999999999999894529e-01
4.090000000000000000e+02,2.569822790636450918e+03,4.978065191013491403e-02,-4.978065191013491403e-02,1.000000000000016209e+00
4.100000000000000000e+02,2.576105975943630256e+03,-4.359717230256483778e-02,-4.359717230256483778e-02,1.000000000000032419e+00
4.120000000000000000e+02,2.588672346557989385e+03,-4.102909217764938443e-02,-4.102909217764938443e-02,1.000000000000018652e+00
4.130000000000000000e+02,2.594955531865169178e+03,6.683539326966177196e-02,-6.683539326966177196e-02,9.999999999999389377e-01
4.150000000000000000e+02,2.607521902479528308e+03,1.806270948665431864e-01,-1.806270948665431864e-01,9.999999999999102940e-01
4.170000000000000000e+02,2.620088273093887437e+03,3.291125072607298252e-01,-3.291125072607298252e-01,9.999999999998734346e-01
4.180000000000000000e+02,2.626371458401067230e+03,-4.003789754761348241e-01,-4.003789754761348241e-01,9.999999999998985256e-01
4.200000000000000000e+02,2.638937829015426360e+03,-4.528621034537172463e-01,-4.528621034537172463e-01,9.999999999999086286e-01
4.220000000000000000e+02,2.651504199629785489e+03,-3.393430753715351855e-01,-3.393430753715351855e-01,9.999999999999357181e-01
4.230000000000000000e+02,2.657787384936964827e+03,2.597674133188274115e-01,-2.597674133188274115e-01,9.999999999999753530e-01
4.250000000000000000e+02,2.670353755551323957e+03,1.336204518532198571e-01,-1.336204518532198571e-01,9.999999999999112932e-01
4.260000000000000000e+02,2.676636940858503749e+03,-8.577156296912469280e-02,-8.577156296912469280e-02,9.999999999998554490e-01
4.280000000000000000e+02,2.689203311472862879e+03,1.090693022515291759e-02,1.090693022515291759e-02,9.999999999999129585e-01
4.300000000000000000e+02,2.701769682087222009e+03,7.236879423320762006e-02,7.236879423320762006e-02,9.999999999999592548e-01
4.310000000000000000e+02,2.708052867394401801e+03,-7.632058404751056180e-02,7.632058404751056180e-02,9.999999999999618083e-01
4.330000000000000000e+02,2.720619238008760931e+03,-4.715461997955185114e-02,4.715461997955185114e-02,9.999999999999690248e-01
4.350000000000000000e+02,2.733185608623120061e+03,-1.891384906985606185e-02,1.891384906985606185e-02,9.999999999999188427e-01
4.370000000000000000e+02,2.745751979237479190e+03,4.798913941125455807e-05,-4.798913941125455807e-05,9.999999999998921973e-01
4.380000000000000000e+02,2.752035164544658983e+03,-1.684185751236368447e-02,-1.684185751236368447e-02,9.999999999999391598e-01
4.400000000000000000e+02,2.764601535159018113e+03,-9.140682350109913257e-02,-9.140682350109913257e-02,9.999999999999042988e-01
4.420000000000000000e+02,2.777167905773377242e+03,-2.098853517135174096e-01,-2.098853517135174096e-01,9.999999999998581135e-01
4.430000000000000000e+02,2.783451091080556580e+03,2.735188105487243448e-01,-2.735188105487243448e-01,9.999999999998285816e-01
4.450000000000000000e+02,2.796017461694915710e+03,3.884085200421704687e-01,-3.884085200421704687e-01,9.999999999998834266e-01
4.470000000000000000e+02,2.808583832309274840e+03,4.043838571265572224e-01,-4.043838571265572224e-01,9.999999999999653610e-01
4.490000000000000000e+02,2.821150202923634424e+03,3.331919520486830155e-01,-3.331919520486830155e-01,9.999999999999829026e-01
4.500000000000000000e+02,2.827433388230813762e+03,-3.071282475964005609e-01,-3.071282475964005609e-01,9.999999999999774625e-01
4.520000000000000000e+02,2.839999758845172892e+03,-3.133363624048302043e-01,-3.133363624048302043e-01,9.999999999999051870e-01
4.540000000000000000e+02,2.852566129459532021e+03,-3.275741748623861027e-01,-3.275741748623861027e-01,9.999999999999130695e-01
4.560000000000000000e+02,2.865132500073891151e+03,-2.972638595857989841e-01,-2.972638595857989841e-01,9.999999999999567013e-01
4.570000000000000000e+02,2.871415685381070944e+03,2.713066915793179157e-01,-2.713066915793179157e-01,9.999999999999641398e-01
4.590000000000000000e+02,2.883982055995430073e+03,2.100207772028007958e-01,-2.100207772028007958e-01,9.999999999999679146e-01
4.610000000000000000e+02,2.896548426609789203e+03,1.223717865466373705e-01,-1.223717865466373705e-01,9.999999999999004130e-01
4.630000000000000000e+02,2.909114797224148333e+03,2.937810638829060905e-02,-2.937810638829060905e-02,9.999999999999094058e-01
4.650000000000000000e+02,2.921681167838507463e+03,-1.970259134894963501e-02,1.970259134894963501e-02,9.999999999999449329e-01
4.660000000000000000e+02,2.927964353145687255e+03,1.462465595353255703e-02,1.462465595353255703e-02,9.999999999999197309e-01
4.680000000000000000e+02,2.940530723760046385e+03,-4.133459841945376356e-02,-4.133459841945376356e-02,9.999999999998960831e-01
4.700000000000000000e+02,2.953097094374405515e+03,-1.503978338350626665e-01,-1.503978338350626665e-01,9.999999999999489297e-01
4.720000000000000000e+02,2.965663464988764645e+03,-2.802674583589356283e-01,-2.802674583589356283e-01,1.000000000000044853e+00
4.740000000000000000e+02,2.978229835603123774e+03,-3.249893890258577223e-01,-3.249893890258577223e-01,1.000000000000067502e+00
4.760000000000000000e+02,2.990796206217482904e+03,-3.200110547433283048e-01,-3.200110547433283048e-01,9.999999999999877875e-01
4.770000000000000000e+02,2.997079391524662697e+03,3.311670937494933797e-01,-3.311670937494933797e-01,9.999999999999176215e-01
4.790000000000000000e+02,3.009645762139021826e+03,3.712262854359049680e-01,-3.712262854359049680e-01,9.999999999998915312e-01
4.810000000000000000e+02,3.022212132753380956e+03,3.623384896254492338e-01,-3.623384896254492338e-01,9.999999999998673283e-01
4.830000000000000000e+02,3.034778503367740086e+03,2.995274503156580836e-01,-2.995274503156580836e-01,9.999999999998718803e-01
4.850000000000000000e+02,3.047344873982099216e+03,2.275959397434427489e-01,-2.275959397434427489e-01,9.999999999999478195e-01
4.870000000000000000e+02,3.059911244596458346e+03,1.833264640898063236e-01,-1.833264640898063236e-01,9.999999999999799050e-01
4.890000000000000000e+02,3.072477615210817476e+03,1.693090577092440929e-01,-1.693090577092440929e-01,9.999999999999520384e-01
4.910000000000000000e+02,3.085043985825177060e+03,1.769234615168244207e-01,-1.769234615168244207e-01,9.999999999999347189e-01
4.920000000000000000e+02,3.091327171132356398e+03,-1.988694674649500449e-01,-1.988694674649500449e-01,1.000000000000000888e+00
4.940000000000000000e+02,3.103893541746715528e+03,-2.647300916618225974e-01,-2.647300916618225974e-01,9.999999999999955591e-01
4.960000000000000000e+02,3.116459912361074657e+03,-3.726528307833510967e-01,-3.726528307833510967e-01,9.999999999999129585e-01
4.980000000000000000e+02,3.129026282975433787e+03,-4.999550712602127134e-01,-4.999550712602127134e-01,9.999999999998370193e-01
5.000000000000000000e+02,3.141592653589792917e+03,-5.003176099091396489e-01,-5.003176099091396489e-01,9.999999999998758771e-01
5.020000000000000000e+02,3.154159024204152502e+03,-3.510721761309372746e-01,-3.510721761309372746e-01,9.999999999999015232e-01
5.040000000000000000e+02,3.166725394818511631e+03,-2.223425803683554691e-01,-2.223425803683554691e-01,9.999999999998600009e-01
5.060000000000000000e+02,3.179291765432870761e+03,-2.021671186271981613e-01,-2.021671186271981613e-01,9.999999999998631095e-01
5.080000000000000000e+02,3.191858136047229891e+03,-2.304870272467847703e-01,-2.304870272467847703e-01,9.999999999999272804e-01
5.100000000000000000e+02,3.204424506661589021e+03,-2.347027805134871137e-01,-2.347027805134871137e-01,9.999999999999963363e-01
5.120000000000000000e+02,3.216990877275948151e+03,-2.082634358153732657e-01,-2.082634358153732657e-01,1.000000000000005107e+00
5.140000000000000000e+02,3.229557247890307281e+03,-1.889933497266493012e-01,-1.889933497266493012e-01,9.999999999999222844e-01
5.160000000000000000e+02,3.242123618504666410e+03,-2.094958580480328347e-01,-2.094958580480328347e-01,9.999999999998449018e-01
5.180000000000000000e+02,3.254689989119025540e+03,-2.834470123822761534e-01,-2.834470123822761534e-01,9.999999999998473443e-01
5.200000000000000000e+02,3.267256359733384670e+03,-3.380668059498265765e-01,-3.380668059498265765e-01,9.999999999999021894e-01
5.220000000000000000e+02,3.279822730347743800e+03,-3.541034129078309833e-01,-3.541034129078309833e-01,9.999999999999070743e-01
5.240000000000000000e+02,3.292389100962103385e+03,-3.913133597522751583e-01,-3.913133597522751583e-01,9.999999999999045208e-01
5.260000000000000000e+02,3.304955471576462514e+03,-3.944954238733823781e-01,-3.944954238733823781e-01,9.999999999999804601e-01
5.280000000000000000e+02,3.317521842190821644e+03,-3.401761033935207235e-01,-3.401761033935207235e-01,1.000000000000041078e+00
5.300000000000000000e+02,3.330088212805180774e+03,-3.242285879379018243e-01,-3.242285879379018243e-01,9.999999999999806821e-01
5.320000000000000000e+02,3.342654583419539904e+03,-3.963068767791058100e-01,-3.963068767791058100e-01,9.999999999998907541e-01
5.340000000000000000e+02,3.355220954033899034e+03,-4.954291918234936531e-01,-4.954291918234936531e-01,9.999999999998797628e-01
5.360000000000000000e+02,3.367787324648258164e+03,-5.284024085740591792e-01,-5.284024085740591792e-01,9.999999999999539257e-01
5.380000000000000000e+02,3.380353695262617293e+03,-4.720356143282721795e-01,-4.720356143282721795e-01,9.999999999999585887e-01
5.410000000000000000e+02,3.399203251184156215e+03,3.309948645160066816e-01,-3.309948645160066816e-01,9.999999999999226175e-01
5.430000000000000000e+02,3.411769621798515345e+03,2.662220876765083455e-01,-2.662220876765083455e-01,9.999999999999177325e-01
5.450000000000000000e+02,3.424335992412874475e+03,2.662882435316552554e-01,-2.662882435316552554e-01,9.999999999999352740e-01
5.470000000000000000e+02,3.436902363027233605e+03,2.529187821697029270e-01,-2.529187821697029270e-01,9.999999999999539257e-01
5.490000000000000000e+02,3.449468733641592735e+03,2.465479302680668450e-01,-2.465479302680668450e-01,9.999999999999625855e-01
5.510000000000000000e+02,3.462035104255951865e+03,2.830390244025410285e-01,-2.830390244025410285e-01,9.999999999999683586e-01
5.530000000000000000e+02,3.474601474870310994e+03,2.863663207072666417e-01,-2.863663207072666417e-01,9.999999999999518163e-01
5.550000000000000000e+02,3.487167845484670579e+03,2.482490215903387920e-01,-2.482490215903387920e-01,9.999999999998974154e-01
5.580000000000000000e+02,3.506017401406209046e+03,-3.193700095489622193e-01,-3.193700095489622193e-01,9.999999999999207301e-01
5.600000000000000000e+02,3.518583772020568176e+03,-4.215222336214246579e-01,-4.215222336214246579e-01,9.999999999998743228e-01
5.620000000000000000e+02,3.531150142634927306e+03,-4.764434590725399321e-01,-4.764434590725399321e-01,9.999999999998981925e-01
5.640000000000000000e+02,3.543716513249286436e+03,-4.652461829023336048e-01,-4.652461829023336048e-01,9.999999999999862332e-01
5.660000000000000000e+02,3.556282883863646020e+03,-4.456594901042438828e-01,-4.456594901042438828e-01,9.999999999999937828e-01
5.690000000000000000e+02,3.575132439785184488e+03,4.908820733411358717e-01,-4.908820733411358717e-01,9.999999999998419042e-01
5.710000000000000000e+02,3.587698810399543618e+03,5.763134757988668255e-01,-5.763134757988668255e-01,9.999999999998501199e-01
5.730000000000000000e+02,3.600265181013902748e+03,5.997888735751283340e-01,-5.997888735751283340e-01,9.999999999999469313e-01
5.750000000000000000e+02,3.612831551628261877e+03,5.471256438158864643e-01,-5.471256438158864643e-01,9.999999999999792388e-01
5.780000000000000000e+02,3.631681107549800799e+03,-4.406128353886484827e-01,-4.406128353886484827e-01,9.999999999998746558e-01
5.800000000000000000e+02,3.644247478164159929e+03,-3.107942194920580992e-01,-3.107942194920580992e-01,9.999999999998631095e-01
5.820000000000000000e+02,3.656813848778519059e+03,-1.697996017262181079e-01,-1.697996017262181079e-01,9.999999999998686606e-01
5.840000000000000000e+02,3.669380219392878189e+03,-1.262693098148084114e-01,-1.262693098148084114e-01,9.999999999998900879e-01
5.870000000000000000e+02,3.688229775314417111e+03,2.619811862362703692e-01,-2.619811862362703692e-01,9.999999999998796518e-01
5.890000000000000000e+02,3.700796145928776241e+03,3.465749744815763145e-01,-3.465749744815763145e-01,9.999999999999469313e-01
5.910000000000000000e+02,3.713362516543135371e+03,3.944458942866706508e-01,-3.944458942866706508e-01,1.000000000000017542e+00
5.930000000000000000e+02,3.725928887157494501e+03,4.349431730962101117e-01,-4.349431730962101117e-01,9.999999999999829026e-01
5.960000000000000000e+02,3.744778443079033423e+03,-5.822737556938125669e-01,-5.822737556938125669e-01,9.999999999998163691e-01
5.980000000000000000e+02,3.757344813693392553e+03,-6.890463106979510810e-01,-6.890463106979510810e-01,9.999999999998384625e-01
6.000000000000000000e+02,3.769911184307751682e+03,-6.440196191138132242e-01,-6.440196191138132242e-01,9.999999999999410472e-01
6.030000000000000000e+02,3.788760740229290604e+03,4.402140202542604297e-01,-4.402140202542604297e-01,9.999999999999306111e-01
6.050000000000000000e+02,3.801327110843649734e+03,3.602178651899893280e-01,-3.602178651899893280e-01,9.999999999999271694e-01
6.070000000000000000e+02,3.813893481458008864e+03,3.129111767821445289e-01,-3.129111767821445289e-01,9.999999999999532596e-01
6.100000000000000000e+02,3.832743037379547786e+03,-3.185449148851214329e-01,-3.185449148851214329e-01,9.999999999999562572e-01
6.120000000000000000e+02,3.845309407993906916e+03,-3.884539185465076816e-01,-3.884539185465076816e-01,9.999999999999265032e-01
6.150000000000000000e+02,3.864158963915445383e+03,5.099881269873199896e-01,-5.099881269873199896e-01,9.999999999999452660e-01
6.170000000000000000e+02,3.876725334529804513e+03,5.488839744647183716e-01,-5.488839744647183716e-01,9.999999999999343858e-01
6.190000000000000000e+02,3.889291705144164098e+03,5.403206381393912405e-01,-5.403206381393912405e-01,9.999999999999343858e-01
6.220000000000000000e+02,3.908141261065702565e+03,-5.011874687600879064e-01,-5.011874687600879064e-01,9.999999999998663291e-01
6.240000000000000000e+02,3.920707631680061695e+03,-5.366593120470068978e-01,-5.366593120470068978e-01,9.999999999998766542e-01
6.270000000000000000e+02,3.939557187601600617e+03,4.913796828326164601e-01,-4.913796828326164601e-01,1.000000000000003775e+00
6.290000000000000000e+02,3.952123558215959747e+03,4.134385961141953114e-01,-4.134385961141953114e-01,1.000000000000007994e+00
6.320000000000000000e+02,3.970973114137498669e+03,-3.405788434702290979e-01,-3.405788434702290979e-01,9.999999999998915312e-01
6.340000000000000000e+02,3.983539484751857799e+03,-2.960784362781390677e-01,-2.960784362781390677e-01,9.999999999998350209e-01
6.360000000000000000e+02,3.996105855366216929e+03,-2.786743956326052651e-01,-2.786743956326052651e-01,9.999999999998820943e-01
6.390000000000000000e+02,4.014955411287755396e+03,3.712669410880084508e-01,-3.712669410880084508e-01,9.999999999999255040e-01
6.410000000000000000e+02,4.027521781902114981e+03,4.342201464961841784e-01,-4.342201464961841784e-01,9.999999999999177325e-01
6.440000000000000000e+02,4.046371337823653448e+03,-4.974414409196242781e-01,-4.974414409196242781e-01,1.000000000000000000e+00
6.460000000000000000e+02,4.058937708438012578e+03,-5.242728599062984607e-01,-5.242728599062984607e-01,9.999999999999884537e-01
6.490000000000000000e+02,4.077787264359551500e+03,6.816963647824179073e-01,-6.816963647824179073e-01,9.999999999998003819e-01
6.510000000000000000e+02,4.090353634973910630e+03,8.126596924493036944e-01,-8.126596924493036944e-01,9.999999999998311351e-01
6.540000000000000000e+02,4.109203190895449552e+03,-7.300105891645529699e-01,-7.300105891645529699e-01,9.999999999999615863e-01
6.570000000000000000e+02,4.128052746816988474e+03,4.884494775016434698e-01,-4.884494775016434698e-01,1.000000000000015543e+00
6.590000000000000000e+02,4.140619117431347149e+03,3.622950060826253260e-01,-3.622950060826253260e-01,9.999999999999206191e-01
6.620000000000000000e+02,4.159468673352886071e+03,-2.437899628048747491e-01,-2.437899628048747491e-01,9.999999999998666622e-01
6.640000000000000000e+02,4.172035043967245656e+03,-2.323090022289585610e-01,-2.323090022289585610e-01,9.999999999999166223e-01
6.670000000000000000e+02,4.190884599888783669e+03,2.897030901775512479e-01,-2.897030901775512479e-01,9.999999999998933076e-01
6.690000000000000000e+02,4.203450970503143253e+03,3.467139772593038627e-01,-3.467139772593038627e-01,9.999999999999000799e-01
6.720000000000000000e+02,4.222300526424682175e+03,-4.469096568734499120e-01,-4.469096568734499120e-01,1.000000000000017986e+00
6.750000000000000000e+02,4.241150082346221097e+03,5.833362395384075194e-01,-5.833362395384075194e-01,9.999999999998457900e-01
6.770000000000000000e+02,4.253716452960579772e+03,7.133023603527868239e-01,-7.133023603527868239e-01,9.999999999998713252e-01
6.800000000000000000e+02,4.272566008882118695e+03,-6.772515431616262793e-01,-6.772515431616262793e-01,9.999999999999635847e-01
6.830000000000000000e+02,4.291415564803657617e+03,4.926788641396741553e-01,-4.926788641396741553e-01,9.999999999999212852e-01
6.850000000000000000e+02,4.303981935418016292e+03,4.618744583950050719e-01,-4.618744583950050719e-01,9.999999999998862021e-01
6.880000000000000000e+02,4.322831491339555214e+03,-5.212626236432111870e-01,-5.212626236432111870e-01,9.999999999999037437e-01
6.910000000000000000e+02,4.341681047261094136e+03,5.476161024201674499e-01,-5.476161024201674499e-01,9.999999999999504841e-01
6.930000000000000000e+02,4.354247417875452811e+03,5.084498421786207700e-01,-5.084498421786207700e-01,1.000000000000022204e+00
6.960000000000000000e+02,4.373096973796991733e+03,-4.761645331427897254e-01,-4.761645331427897254e-01,9.999999999999193978e-01
6.990000000000000000e+02,4.391946529718530655e+03,4.425738732600599246e-01,-4.425738732600599246e-01,9.999999999999299449e-01
7.010000000000000000e+02,4.404512900332890240e+03,4.109525897778867898e-01,-4.109525897778867898e-01,9.999999999999036326e-01
7.040000000000000000e+02,4.423362456254428253e+03,-4.748669018343347203e-01,-4.748669018343347203e-01,9.999999999998603339e-01
7.070000000000000000e+02,4.442212012175967175e+03,4.779692868344372347e-01,-4.779692868344372347e-01,9.999999999999644729e-01
7.100000000000000000e+02,4.461061568097506097e+03,-4.299645906152161356e-01,-4.299645906152161356e-01,9.999999999999908962e-01
7.120000000000000000e+02,4.473627938711865681e+03,-4.679514888738820488e-01,-4.679514888738820488e-01,9.999999999999097389e-01
7.150000000000000000e+02,4.492477494633404604e+03,5.475468168235924082e-01,-5.475468168235924082e-01,9.999999999998456790e-01
7.180000000000000000e+02,4.511327050554942616e+03,-5.572490344229059644e-01,-5.572490344229059644e-01,9.999999999999197309e-01
7.210000000000000000e+02,4.530176606476481538e+03,4.447925954908966140e-01,-4.447925954908966140e-01,9.999999999999165112e-01
7.240000000000000000e+02,4.549026162398020460e+03,-4.702544788154370270e-01,-4.702544788154370270e-01,9.999999999999222844e-01
7.260000000000000000e+02,4.561592533012380045e+03,-5.027400143719712444e-01,-5.027400143719712444e-01,9.999999999999508171e-01
7.290000000000000000e+02,4.580442088933918058e+03,6.020276669122801572e-01,-6.020276669122801572e-01,9.999999999998711031e-01
7.320000000000000000e+02,4.599291644855456980e+03,-6.318396016680556393e-01,-6.318396016680556393e-01,9.999999999998737676e-01
7.350000000000000000e+02,4.618141200776995902e+03,5.106297766751197731e-01,-5.106297766751197731e-01,9.999999999999972244e-01
7.380000000000000000e+02,4.636990756698534824e+03,-4.521841497674790045e-01,-4.521841497674790045e-01,9.999999999998698819e-01
7.410000000000000000e+02,4.655840312620073746e+03,4.823953268569621256e-01,-4.823953268569621256e-01,9.999999999998698819e-01
7.430000000000000000e+02,4.668406683234432421e+03,4.928721210267481556e-01,-4.928721210267481556e-01,9.999999999999212852e-01
7.460000000000000000e+02,4.687256239155971343e+03,-4.123503715138802095e-01,-4.123503715138802095e-01,9.999999999999330536e-01
7.490000000000000000e+02,4.706105795077510265e+03,4.123042442499009197e-01,-4.123042442499009197e-01,9.999999999999150679e-01
7.520000000000000000e+02,4.724955350999049188e+03,-4.579106296173933721e-01,-4.579106296173933721e-01,9.999999999999179545e-01
7.550000000000000000e+02,4.743804906920587200e+03,4.368346289904594393e-01,-4.368346289904594393e-01,9.999999999998988587e-01
7.580000000000000000e+02,4.762654462842126122e+03,-4.599119217716476915e-01,-4.599119217716476915e-01,9.999999999999596989e-01
7.610000000000000000e+02,4.781504018763665044e+03,4.511386213978103021e-01,-4.511386213978103021e-01,9.999999999999342748e-01
7.640000000000000000e+02,4.800353574685203967e+03,-5.196455498751512136e-01,-5.196455498751512136e-01,9.999999999999266143e-01
7.670000000000000000e+02,4.819203130606742889e+03,6.708491009943703398e-01,-6.708491009943703398e-01,9.999999999998312461e-01
7.700000000000000000e+02,4.838052686528281811e+03,-7.652063921553444725e-01,-7.652063921553444725e-01,9.999999999998908651e-01
7.730000000000000000e+02,4.856902242449819823e+03,6.063246056825639663e-01,-6.063246056825639663e-01,1.000000000000052180e+00
7.760000000000000000e+02,4.875751798371358745e+03,-4.682060493845677240e-01,-4.682060493845677240e-01,9.999999999999085176e-01
7.790000000000000000e+02,4.894601354292897668e+03,3.688337087627254762e-01,-3.688337087627254762e-01,9.999999999999082956e-01
7.820000000000000000e+02,4.913450910214436590e+03,-2.825306581376362813e-01,-2.825306581376362813e-01,9.999999999998381295e-01
7.850000000000000000e+02,4.932300466135975512e+03,2.865240773577385491e-01,-2.865240773577385491e-01,9.999999999998614442e-01
7.880000000000000000e+02,4.951150022057513524e+03,-3.107659874726256821e-01,-3.107659874726256821e-01,9.999999999999379385e-01
7.910000000000000000e+02,4.969999577979052447e+03,4.293725054665259444e-01,-4.293725054665259444e-01,9.999999999999321654e-01
7.940000000000000000e+02,4.988849133900591369e+03,-6.090924823331159699e-01,-6.090924823331159699e-01,9.999999999998835376e-01
7.970000000000000000e+02,5.007698689822130291e+03,6.813413643090330263e-01,-6.813413643090330263e-01,9.999999999998934186e-01
8.000000000000000000e+02,5.026548245743669213e+03,-5.254269953201047283e-01,-5.254269953201047283e-01,9.999999999999127365e-01
8.040000000000000000e+02,5.051680986972387473e+03,-5.697356511837725623e-01,-5.697356511837725623e-01,9.999999999998325784e-01
8.070000000000000000e+02,5.070530542893926395e+03,5.717413613859072541e-01,-5.717413613859072541e-01,9.999999999999229505e-01
8.100000000000000000e+02,5.089380098815464407e+03,-4.498428845527826514e-01,-4.498428845527826514e-01,9.999999999998925304e-01
8.130000000000000000e+02,5.108229654737003330e+03,3.258119968654026311e-01,-3.258119968654026311e-01,1.000000000000001110e+00
8.160000000000000000e+02,5.127079210658542252e+03,-3.034801004716549677e-01,-3.034801004716549677e-01,9.999999999999039657e-01
8.190000000000000000e+02,5.145928766580081174e+03,3.665260781371045273e-01,-3.665260781371045273e-01,9.999999999998501199e-01
8.230000000000000000e+02,5.171061507808799433e+03,4.899494804198553100e-01,-4.899494804198553100e-01,9.999999999999192868e-01
8.260000000000000000e+02,5.189911063730338356e+03,-4.558695580112714918e-01,-4.558695580112714918e-01,9.999999999999595879e-01
8.290000000000000000e+02,5.208760619651877278e+03,5.231383369862485644e-01,-5.231383369862485644e-01,9.999999999999522604e-01
8.320000000000000000e+02,5.227610175573416200e+03,-5.545973572070294066e-01,-5.545973572070294066e-01,9.999999999998583355e-01
8.350000000000000000e+02,5.246459731494954212e+03,3.870516256186462001e-01,-3.870516256186462001e-01,9.999999999999337197e-01
8.390000000000000000e+02,5.271592472723672472e+03,2.712420159972809275e-01,-2.712420159972809275e-01,9.999999999999257261e-01
8.420000000000000000e+02,5.290442028645211394e+03,-3.520962014236794779e-01,-3.520962014236794779e-01,9.999999999998925304e-01
8.450000000000000000e+02,5.309291584566750316e+03,4.756115562713776335e-01,-4.756115562713776335e-01,9.999999999998440137e-01
8.490000000000000000e+02,5.334424325795468576e+03,6.303045966859051052e-01,-6.303045966859051052e-01,9.999999999999032996e-01
8.520000000000000000e+02,5.353273881717007498e+03,-5.415682610819830822e-01,-5.415682610819830822e-01,9.999999999999377165e-01
8.550000000000000000e+02,5.372123437638546420e+03,4.573727147501578938e-01,-4.573727147501578938e-01,9.999999999999313882e-01
8.580000000000000000e+02,5.390972993560085342e+03,-4.562712459088792416e-01,-4.562712459088792416e-01,9.999999999998091527e-01
8.620000000000000000e+02,5.416105734788803602e+03,-2.829197829638081529e-01,-2.829197829638081529e-01,9.999999999998627764e-01
8.650000000000000000e+02,5.434955290710342524e+03,2.092080817066052367e-01,-2.092080817066052367e-01,9.999999999998842037e-01
8.690000000000000000e+02,5.460088031939060784e+03,2.902491567949833651e-01,-2.902491567949833651e-01,9.999999999998805400e-01
8.720000000000000000e+02,5.478937587860598796e+03,-3.310628248482184732e-01,-3.310628248482184732e-01,9.999999999999181766e-01
8.750000000000000000e+02,5.497787143782137719e+03,3.960934827726971807e-01,-3.960934827726971807e-01,9.999999999999026334e-01
8.790000000000000000e+02,5.522919885010855978e+03,4.249182578930180698e-01,-4.249182578930180698e-01,9.999999999998872013e-01
8.820000000000000000e+02,5.541769440932394900e+03,-5.488450802812018248e-01,-5.488450802812018248e-01,9.999999999997909450e-01
8.860000000000000000e+02,5.566902182161113160e+03,-6.518339221254838556e-01,-6.518339221254838556e-01,9.999999999998965272e-01
8.890000000000000000e+02,5.585751738082652082e+03,4.612845679669974053e-01,-4.612845679669974053e-01,9.999999999999528155e-01
8.920000000000000000e+02,5.604601294004191004e+03,-2.828033338012515552e-01,-2.828033338012515552e-01,9.999999999999685807e-01
8.960000000000000000e+02,5.629734035232909264e+03,-2.087272374541579156e-01,-2.087272374541579156e-01,9.999999999998319122e-01
8.990000000000000000e+02,5.648583591154448186e+03,1.195323343881753292e-01,-1.195323343881753292e-01,9.999999999998352429e-01
9.030000000000000000e+02,5.673716332383166446e+03,2.462039204274717175e-01,-2.462039204274717175e-01,9.999999999998829825e-01
9.060000000000000000e+02,5.692565888304705368e+03,-3.367166733097747278e-01,-3.367166733097747278e-01,9.999999999999168443e-01
9.100000000000000000e+02,5.717698629533423627e+03,-4.924164978180816665e-01,-4.924164978180816665e-01,9.999999999999069633e-01
9.140000000000000000e+02,5.742831370762141887e+03,-4.304420257974980735e-01,-4.304420257974980735e-01,9.999999999999098499e-01
9.170000000000000000e+02,5.761680926683680809e+03,2.851917094860363378e-01,-2.851917094860363378e-01,9.999999999998741007e-01
9.210000000000000000e+02,5.786813667912399069e+03,3.169478525017909720e-01,-3.169478525017909720e-01,9.999999999997751798e-01
9.240000000000000000e+02,5.805663223833937991e+03,-3.864820693192296264e-01,-3.864820693192296264e-01,9.999999999998364641e-01
9.280000000000000000e+02,5.830795965062656251e+03,-3.370735408145054124e-01,-3.370735408145054124e-01,9.999999999999522604e-01
9.310000000000000000e+02,5.849645520984195173e+03,2.904415251967734091e-01,-2.904415251967734091e-01,9.999999999999246159e-01
9.350000000000000000e+02,5.874778262212913432e+03,2.649540139264481842e-01,-2.649540139264481842e-01,9.999999999998243627e-01
9.390000000000000000e+02,5.899911003441631692e+03,2.875947516791634295e-01,-2.875947516791634295e-01,9.999999999998380185e-01
9.420000000000000000e+02,5.918760559363170614e+03,-2.243883893598443147e-01,-2.243883893598443147e-01,9.999999999999127365e-01
9.460000000000000000e+02,5.943893300591888874e+03,-2.437271532947262731e-01,-2.437271532947262731e-01,9.999999999998487876e-01
9.500000000000000000e+02,5.969026041820607134e+03,-3.199447959323398205e-01,-3.199447959323398205e-01,9.999999999998601119e-01
9.530000000000000000e+02,5.987875597742146056e+03,1.754138959656953156e-01,-1.754138959656953156e-01,9.999999999998814282e-01
9.570000000000000000e+02,6.013008338970864315e+03,1.802264511292621663e-01,-1.802264511292621663e-01,9.999999999999209521e-01
9.610000000000000000e+02,6.038141080199582575e+03,3.429508273750223601e-01,-3.429508273750223601e-01,9.999999999997424283e-01
9.650000000000000000e+02,6.063273821428300835e+03,4.144037799281601320e-01,-4.144037799281601320e-01,9.999999999999127365e-01
9.680000000000000000e+02,6.082123377349839757e+03,-3.232039048711268237e-01,-3.232039048711268237e-01,9.999999999999136246e-01
9.720000000000000000e+02,6.107256118578558016e+03,-2.223999060150096685e-01,-2.223999060150096685e-01,9.999999999999096278e-01
9.760000000000000000e+02,6.132388859807276276e+03,-2.078482679540425981e-01,-2.078482679540425981e-01,9.999999999997990496e-01
9.800000000000000000e+02,6.157521601035994536e+03,-4.617628797998273721e-02,-4.617628797998273721e-02,9.999999999998405720e-01
9.840000000000000000e+02,6.182654342264712795e+03,-1.535271398317936686e-01,-1.535271398317936686e-01,9.999999999998845368e-01
9.870000000000000000e+02,6.201503898186251718e+03,1.781386189252418539e-01,-1.781386189252418539e-01,9.999999999998469002e-01
9.910000000000000000e+02,6.226636639414969977e+03,1.385739550049802093e-01,-1.385739550049802093e-01,9.999999999999457101e-01
9.950000000000000000e+02,6.251769380643688237e+03,1.452745658335025392e-01,-1.452745658335025392e-01,9.999999999998583355e-01
9.990000000000000000e+02,6.276902121872406497e+03,2.370422633995926120e-01,-2.370422633995926120e-01,9.999999999997729594e-01
1.003000000000000000e+03,6.302034863101124756e+03,4.406096902605730614e-01,-4.406096902605730614e-01,9.999999999998038236e-01
1.007000000000000000e+03,6.327167604329843016e+03,2.673418212420589635e-01,-2.673418212420589635e-01,9.999999999999654721e-01
1.011000000000000000e+03,6.352300345558561276e+03,1.298192822295570481e-01,-1.298192822295570481e-01,9.999999999999487077e-01
1.015000000000000000e+03,6.377433086787280445e+03,-2.946345110737538450e-02,2.946345110737538450e-02,9.999999999997716271e-01
1.019000000000000000e+03,6.402565828015998704e+03,-1.431473299245519248e-01,1.431473299245519248e-01,9.999999999998200328e-01
1.022000000000000000e+03,6.421415383937536717e+03,1.359877446160190177e-02,1.359877446160190177e-02,9.999999999999057421e-01
1.026000000000000000e+03,6.446548125166255886e+03,-2.023550670950950980e-01,-2.023550670950950980e-01,9.999999999998542277e-01
1.030000000000000000e+03,6.471680866394974146e+03,-2.898078864678905187e-01,-2.898078864678905187e-01,9.999999999998769873e-01
1.034000000000000000e+03,6.496813607623692405e+03,-1.532497121631001269e-01,-1.532497121631001269e-01,9.999999999998393507e-01
1.038000000000000000e+03,6.521946348852410665e+03,-1.623526301438289188e-01,-1.623526301438289188e-01,9.999999999998733236e-01
1.043000000000000000e+03,6.553362275388308262e+03,5.654981145601888776e-02,-5.654981145601888776e-02,9.999999999998635536e-01
1.047000000000000000e+03,6.578495016617026522e+03,-2.611986749757064241e-02,2.611986749757064241e-02,9.999999999999658051e-01
1.051000000000000000e+03,6.603627757845744782e+03,-4.145824123456185589e-03,4.145824123456185589e-03,9.999999999998459010e-01
1.055000000000000000e+03,6.628760499074463041e+03,1.175215786546864039e-01,-1.175215786546864039e-01,9.999999999998112621e-01
1.059000000000000000e+03,6.653893240303182210e+03,8.793055736133376099e-02,-8.793055736133376099e-02,9.999999999998557820e-01
1.063000000000000000e+03,6.679025981531900470e+03,1.150913966205015238e-01,-1.150913966205015238e-01,9.999999999999042988e-01
1.067000000000000000e+03,6.704158722760618730e+03,1.287089033245204274e-02,-1.287089033245204274e-02,9.999999999998092637e-01
1.071000000000000000e+03,6.729291463989336989e+03,-2.432775857571833900e-01,2.432775857571833900e-01,9.999999999998877565e-01
1.075000000000000000e+03,6.754424205218055249e+03,-1.195614641798417588e-01,1.195614641798417588e-01,9.999999999998303579e-01
1.080000000000000000e+03,6.785840131753952846e+03,-1.926803831824942526e-01,-1.926803831824942526e-01,9.999999999997469802e-01
1.084000000000000000e+03,6.810972872982671106e+03,-2.908341214381127693e-01,-2.908341214381127693e-01,9.999999999998716582e-01
1.088000000000000000e+03,6.836105614211390275e+03,-1.150627770496310820e-01,-1.150627770496310820e-01,9.999999999998262501e-01
1.092000000000000000e+03,6.861238355440108535e+03,2.779910908661079733e-02,2.779910908661079733e-02,9.999999999998587796e-01
1.097000000000000000e+03,6.892654281976006132e+03,-4.095068161949137475e-01,4.095068161949137475e-01,9.999999999997721822e-01
1.101000000000000000e+03,6.917787023204724392e+03,-2.183839393097916359e-01,2.183839393097916359e-01,9.999999999998813172e-01
1.105000000000000000e+03,6.942919764433442651e+03,-2.314198937291441979e-02,2.314198937291441979e-02,9.999999999998308020e-01
1.109000000000000000e+03,6.968052505662160911e+03,2.736355979363166643e-02,-2.736355979363166643e-02,9.999999999999317213e-01
1.114000000000000000e+03,6.999468432198059418e+03,-6.200401892506224311e-02,-6.200401892506224311e-02,9.999999999998326894e-01
1.118000000000000000e+03,7.024601173426777677e+03,-5.761784776409232395e-02,-5.761784776409232395e-02,9.999999999998061551e-01
1.122000000000000000e+03,7.049733914655495937e+03,6.894255305799792954e-02,6.894255305799792954e-02,9.999999999998104849e-01
1.127000000000000000e+03,7.081149841191393534e+03,-1.535569156853171524e-01,1.535569156853171524e-01,9.999999999999751310e-01
1.131000000000000000e+03,7.106282582420111794e+03,-1.938417684172965283e-01,1.938417684172965283e-01,9.999999999997843947e-01
1.136000000000000000e+03,7.137698508956010301e+03,1.761663756143567461e-01,1.761663756143567461e-01,9.999999999998374633e-01
1.140000000000000000e+03,7.162831250184728560e+03,1.131263371561809922e-01,1.131263371561809922e-01,9.999999999998472333e-01
1.144000000000000000e+03,7.187963991413446820e+03,7.536113261664843799e-02,7.536113261664843799e-02,9.999999999998122613e-01
1.149000000000000000e+03,7.219379917949344417e+03,-2.369097887735870656e-01,2.369097887735870656e-01,9.999999999998124833e-01
1.153000000000000000e+03,7.244512659178062677e+03,-1.926033169517098464e-01,1.926033169517098464e-01,9.999999999997973843e-01
1.158000000000000000e+03,7.275928585713961184e+03,4.733214071039196225e-02,4.733214071039196225e-02,9.999999999997981615e-01
1.162000000000000000e+03,7.301061326942679443e+03,8.074231863886781324e-02,8.074231863886781324e-02,9.999999999998442357e-01
1.167000000000000000e+03,7.332477253478577040e+03,-1.830987436497987786e-01,1.830987436497987786e-01,9.999999999998195888e-01
1.171000000000000000e+03,7.357609994707295300e+03,-2.710903946213067406e-01,2.710903946213067406e-01,9.999999999998688827e-01
1.176000000000000000e+03,7.389025921243193807e+03,3.308088640792057333e-01,3.308088640792057333e-01,9.999999999998222533e-01
1.181000000000000000e+03,7.420441847779091404e+03,-1.143272225547139476e-01,1.143272225547139476e-01,9.999999999998655520e-01
1.185000000000000000e+03,7.445574589007809664e+03,-1.900657302088454570e-01,1.900657302088454570e-01,9.999999999997946087e-01
1.190000000000000000e+03,7.476990515543707261e+03,3.487512513006221782e-01,3.487512513006221782e-01,9.999999999999131806e-01
1.194000000000000000e+03,7.502123256772425520e+03,2.459970125836704880e-01,2.459970125836704880e-01,9.999999999998165912e-01
1.199000000000000000e+03,7.533539183308324027e+03,-1.582667311924261799e-01,1.582667311924261799e-01,9.999999999998182565e-01
1.204000000000000000e+03,7.564955109844221624e+03,1.128823802270033094e-01,1.128823802270033094e-01,9.999999999998228084e-01
1.208000000000000000e+03,7.590087851072939884e+03,1.101131593474606457e-01,1.101131593474606457e-01,9.999999999998128164e-01
1.213000000000000000e+03,7.621503777608838391e+03,-4.147989042134863080e-01,4.147989042134863080e-01,9.999999999998211431e-01
1.218000000000000000e+03,7.652919704144735988e+03,4.932201762656129862e-01,4.932201762656129862e-01,9.999999999998371303e-01
1.223000000000000000e+03,7.684335630680633585e+03,-4.050997669718261474e-01,4.050997669718261474e-01,9.999999999997731814e-01
1.227000000000000000e+03,7.709468371909352754e+03,-3.196632140995212534e-01,3.196632140995212534e-01,9.999999999999080735e-01
1.232000000000000000e+03,7.740884298445250352e+03,8.998888726598665289e-02,8.998888726598665289e-02,9.999999999997792877e-01
1.237000000000000000e+03,7.772300224981147949e+03,-6.340365565825620275e-02,6.340365565825620275e-02,9.999999999998376854e-01
1.242000000000000000e+03,7.803716151517046455e+03,3.761157672459405910e-01,3.761157672459405910e-01,9.999999999998666622e-01
1.247000000000000000e+03,7.835132078052944053e+03,-5.062916027009806141e-01,5.062916027009806141e-01,9.999999999998115952e-01
1.251000000000000000e+03,7.860264819281662312e+03,-5.962527194625915072e-01,5.962527194625915072e-01,9.999999999998104849e-01
1.256000000000000000e+03,7.891680745817559909e+03,2.882073073407009356e-01,2.882073073407009356e-01,9.999999999998915312e-01
1.261000000000000000e+03,7.923096672353458416e+03,-1.309876881294906037e-01,1.309876881294906037e-01,9.999999999998451239e-01
1.266000000000000000e+03,7.954512598889356013e+03,3.955366438989218469e-01,3.955366438989218469e-01,9.999999999997907230e-01
1.271000000000000000e+03,7.985928525425254520e+03,-4.687369859837803299e-01,4.687369859837803299e-01,9.999999999998891997e-01
1.276000000000000000e+03,8.017344451961152117e+03,4.404130192671479316e-01,4.404130192671479316e-01,9.999999999998089306e-01
1.281000000000000000e+03,8.048760378497049714e+03,-2.626389183014605222e-01,2.626389183014605222e-01,9.999999999998382405e-01
1.286000000000000000e+03,8.080176305032948221e+03,2.511360781429032851e-01,2.511360781429032851e-01,9.999999999997444267e-01
1.291000000000000000e+03,8.111592231568845818e+03,-4.099069138707450155e-01,4.099069138707450155e-01,9.999999999998990807e-01
1.296000000000000000e+03,8.143008158104743416e+03,5.533727984529565047e-01,5.533727984529565047e-01,9.999999999997879474e-01
1.301000000000000000e+03,8.174424084640641922e+03,-5.143912335212065257e-01,5.143912335212065257e-01,9.999999999997657429e-01
1.306000000000000000e+03,8.205840011176540429e+03,5.360770034199959788e-01,5.360770034199959788e-01,9.999999999999104050e-01
1.311000000000000000e+03,8.237255937712438026e+03,-2.601791403040864537e-01,2.601791403040864537e-01,9.999999999997947198e-01
1.316000000000000000e+03,8.268671864248335623e+03,2.289078600651959783e-01,2.289078600651959783e-01,9.999999999998191447e-01
1.321000000000000000e+03,8.300087790784233221e+03,-3.766239819162807145e-01,3.766239819162807145e-01,9.999999999998467892e-01
1.326000000000000000e+03,8.331503717320130818e+03,4.950237682182000443e-01,4.950237682182000443e-01,9.999999999998154809e-01
1.332000000000000000e+03,8.369202829163208662e+03,6.378120213453130072e-01,6.378120213453130072e-01,9.999999999998773204e-01
1.337000000000000000e+03,8.400618755699106259e+03,-4.049723989941921842e-01,4.049723989941921842e-01,9.999999999998189226e-01
1.342000000000000000e+03,8.432034682235003856e+03,4.843279349804439082e-01,4.843279349804439082e-01,9.999999999998242517e-01
1.347000000000000000e+03,8.463450608770903273e+03,-4.648160887851203182e-01,4.648160887851203182e-01,9.999999999998626654e-01
1.352000000000000000e+03,8.494866535306800870e+03,3.106385348933606849e-01,3.106385348933606849e-01,9.999999999997963851e-01
1.358000000000000000e+03,8.532565647149878714e+03,4.287232409452308435e-01,4.287232409452308435e-01,9.999999999998295808e-01
1.363000000000000000e+03,8.563981573685776311e+03,-4.630535740052497129e-01,4.630535740052497129e-01,9.999999999998739897e-01
1.368000000000000000e+03,8.595397500221673909e+03,6.799052098762304874e-01,6.799052098762304874e-01,9.999999999997597477e-01
1.374000000000000000e+03,8.633096612064751753e+03,4.748913849700626688e-01,4.748913849700626688e-01,9.999999999998775424e-01
1.379000000000000000e+03,8.664512538600649350e+03,-3.930464239189089826e-01,3.930464239189089826e-01,9.999999999998182565e-01
1.384000000000000000e+03,8.695928465136546947e+03,5.434498445430432367e-01,5.434498445430432367e-01,9.999999999998161471e-01
1.390000000000000000e+03,8.733627576979624791e+03,4.337811064006098505e-01,4.337811064006098505e-01,9.999999999999260591e-01
1.395000000000000000e+03,8.765043503515522389e+03,-5.425869905589538744e-01,5.425869905589538744e-01,9.999999999998290257e-01
1.401000000000000000e+03,8.802742615358600233e+03,-4.030048598921479597e-01,4.030048598921479597e-01,9.999999999998230304e-01
1.406000000000000000e+03,8.834158541894497830e+03,4.830947921615107998e-01,4.830947921615107998e-01,9.999999999998613331e-01
1.412000000000000000e+03,8.871857653737575674e+03,4.971564255695611334e-01,4.971564255695611334e-01,9.999999999999358291e-01
1.417000000000000000e+03,8.903273580273473272e+03,-5.438479567549373561e-01,5.438479567549373561e-01,9.999999999997711830e-01
1.423000000000000000e+03,8.940972692116551116e+03,-6.946117417671411332e-01,6.946117417671411332e-01,9.999999999998298028e-01
1.428000000000000000e+03,8.972388618652448713e+03,4.586295039312617283e-01,4.586295039312617283e-01,9.999999999999434896e-01
1.434000000000000000e+03,9.010087730495526557e+03,2.282121997479289455e-01,2.282121997479289455e-01,9.999999999998078204e-01
1.439000000000000000e+03,9.041503657031424154e+03,-3.407901896541519204e-01,3.407901896541519204e-01,9.999999999998444578e-01
1.445000000000000000e+03,9.079202768874501999e+03,-6.698218125942998480e-01,6.698218125942998480e-01,9.999999999998516742e-01
1.450000000000000000e+03,9.110618695410399596e+03,7.414744089937744809e-01,7.414744089937744809e-01,9.999999999999311662e-01
1.456000000000000000e+03,9.148317807253477440e+03,5.092415705707500351e-01,5.092415705707500351e-01,9.999999999998185896e-01
1.462000000000000000e+03,9.186016919096555284e+03,4.501286594769893235e-01,4.501286594769893235e-01,9.999999999998696598e-01
1.467000000000000000e+03,9.217432845632452882e+03,-3.317029978048013916e-01,3.317029978048013916e-01,9.999999999999009681e-01
1.473000000000000000e+03,9.255131957475530726e+03,-4.964030518815928383e-01,4.964030518815928383e-01,9.999999999998486766e-01
1.479000000000000000e+03,9.292831069318608570e+03,-4.930158294878994041e-01,4.930158294878994041e-01,9.999999999998694378e-01
1.485000000000000000e+03,9.330530181161686414e+03,-6.347876240092350519e-01,6.347876240092350519e-01,9.999999999998605560e-01
1.490000000000000000e+03,9.361946107697584011e+03,4.001144433051011529e-01,4.001144433051011529e-01,9.999999999999723554e-01
1.496000000000000000e+03,9.399645219540661856e+03,4.217126891754261475e-01,4.217126891754261475e-01,9.999999999997554179e-01
1.502000000000000000e+03,9.437344331383737881e+03,6.441402505350359853e-01,6.441402505350359853e-01,9.999999999998352429e-01
1.508000000000000000e+03,9.475043443226815725e+03,4.996940285300366935e-01,4.996940285300366935e-01,9.999999999999426015e-01
1.514000000000000000e+03,9.512742555069893569e+03,3.322215149632949949e-01,3.322215149632949949e-01,9.999999999998517852e-01
1.520000000000000000e+03,9.550441666912971414e+03,3.462122877529710263e-01,3.462122877529710263e-01,9.999999999998053779e-01
1.526000000000000000e+03,9.588140778756049258e+03,5.794268990078662585e-01,5.794268990078662585e-01,9.999999999999413802e-01
1.532000000000000000e+03,9.625839890599125283e+03,5.112326011699915851e-01,5.112326011699915851e-01,9.999999999998561151e-01
1.537000000000000000e+03,9.657255817135024699e+03,-6.367322454008242927e-01,6.367322454008242927e-01,9.999999999998179234e-01
1.543000000000000000e+03,9.694954928978100725e+03,-3.859995436778260736e-01,3.859995436778260736e-01,9.999999999999271694e-01
1.549000000000000000e+03,9.732654040821178569e+03,-2.695256341810564060e-01,2.695256341810564060e-01,9.999999999998381295e-01
1.556000000000000000e+03,9.776636337971436660e+03,3.551134060288696492e-01,3.551134060288696492e-01,9.999999999998774314e-01
1.562000000000000000e+03,9.814335449814514504e+03,6.525963223617745612e-01,6.525963223617745612e-01,9.999999999998688827e-01
1.568000000000000000e+03,9.852034561657590530e+03,4.953144642489537564e-01,4.953144642489537564e-01,9.999999999999035216e-01
1.574000000000000000e+03,9.889733673500668374e+03,4.095283852017296278e-01,4.095283852017296278e-01,9.999999999998114841e-01
1.580000000000000000e+03,9.927432785343746218e+03,3.979614390178875527e-01,3.979614390178875527e-01,9.999999999998928635e-01
1.586000000000000000e+03,9.965131897186824062e+03,3.213485956657682330e-01,3.213485956657682330e-01,9.999999999999046318e-01
1.592000000000000000e+03,1.000283100902990191e+04,3.636576029139617638e-01,3.636576029139617638e-01,9.999999999999275024e-01
1.598000000000000000e+03,1.004053012087297793e+04,3.407147478880775959e-01,3.407147478880775959e-01,9.999999999998181455e-01
1.605000000000000000e+03,1.008451241802323602e+04,-4.458889418569309537e-01,4.458889418569309537e-01,9.999999999999590328e-01
1.611000000000000000e+03,1.012221152986631387e+04,-3.171502637997920537e-01,3.171502637997920537e-01,9.999999999999505951e-01
1.617000000000000000e+03,1.015991064170939171e+04,-4.039062887132157664e-01,4.039062887132157664e-01,9.999999999998548939e-01
1.623000000000000000e+03,1.019760975355246774e+04,-3.462924048309568015e-01,3.462924048309568015e-01,9.999999999998993028e-01
1.630000000000000000e+03,1.024159205070272583e+04,2.845137036847217304e-01,2.845137036847217304e-01,9.999999999998754330e-01
1.636000000000000000e+03,1.027929116254580367e+04,2.203968550451965991e-01,2.203968550451965991e-01,9.999999999998719913e-01
1.642000000000000000e+03,1.031699027438887970e+04,3.481336374374064402e-01,3.481336374374064402e-01,9.999999999999484857e-01
1.649000000000000000e+03,1.036097257153913779e+04,-3.348671304183378772e-01,3.348671304183378772e-01,9.999999999999065192e-01
1.655000000000000000e+03,1.039867168338221563e+04,-5.383471710834840662e-01,5.383471710834840662e-01,9.999999999998532285e-01
1.662000000000000000e+03,1.044265398053247191e+04,2.334763185575358113e-01,2.334763185575358113e-01,1.000000000000014877e+00
1.668000000000000000e+03,1.048035309237554975e+04,9.735625168276897112e-03,9.735625168276897112e-03,9.999999999998596678e-01
1.675000000000000000e+03,1.052433538952580784e+04,-2.009139402925365081e-01,2.009139402925365081e-01,9.999999999999655831e-01
1.681000000000000000e+03,1.056203450136888387e+04,-5.803218410279660233e-01,5.803218410279660233e-01,9.999999999999282796e-01
1.688000000000000000e+03,1.060601679851914196e+04,2.520835371272291403e-01,2.520835371272291403e-01,9.999999999999580336e-01
1.694000000000000000e+03,1.064371591036221980e+04,1.295957409573253727e-01,1.295957409573253727e-01,9.999999999998333555e-01
1.701000000000000000e+03,1.068769820751247607e+04,-1.618793337531722887e-01,1.618793337531722887e-01,9.999999999999222844e-01
1.708000000000000000e+03,1.073168050466273417e+04,2.818406133986807727e-01,2.818406133986807727e-01,9.999999999999575895e-01
1.714000000000000000e+03,1.076937961650581019e+04,1.772359378136580677e-01,1.772359378136580677e-01,9.999999999999028555e-01
1.721000000000000000e+03,1.081336191365606828e+04,-1.149639378972257958e-01,1.149639378972257958e-01,9.999999999998866462e-01
1.728000000000000000e+03,1.085734421080632455e+04,1.379603496873827440e-01,1.379603496873827440e-01,9.999999999999403810e-01
1.734000000000000000e+03,1.089504332264940240e+04,3.956296912390269149e-01,3.956296912390269149e-01,9.999999999998701039e-01
1.741000000000000000e+03,1.093902561979966049e+04,-1.244260464166509622e-01,1.244260464166509622e-01,9.999999999999502620e-01
1.748000000000000000e+03,1.098300791694991676e+04,-1.630601937446696792e-01,-1.630601937446696792e-01,9.999999999999107381e-01
1.755000000000000000e+03,1.102699021410017303e+04,-1.215881027793504904e-01,1.215881027793504904e-01,1.000000000000000666e+00
1.761000000000000000e+03,1.106468932594325088e+04,-2.621790256600984304e-01,2.621790256600984304e-01,9.999999999999852340e-01
1.768000000000000000e+03,1.110867162309350897e+04,1.401299029770524396e-01,1.401299029770524396e-01,9.999999999998745448e-01
1.775000000000000000e+03,1.115265392024376524e+04,-4.687248292308258089e-03,4.687248292308258089e-03,9.999999999998963052e-01
1.782000000000000000e+03,1.119663621739402333e+04,1.213834417332316932e-03,1.213834417332316932e-03,9.999999999999342748e-01
1.789000000000000000e+03,1.124061851454427961e+04,1.150765708389566849e-01,-1.150765708389566849e-01,9.999999999999750200e-01
1.796000000000000000e+03,1.128460081169453770e+04,1.111230394356530760e-01,1.111230394356530760e-01,9.999999999998904210e-01
1.803000000000000000e+03,1.132858310884479397e+04,-1.891979233608123354e-02,1.891979233608123354e-02,9.999999999999374944e-01
1.810000000000000000e+03,1.137256540599505024e+04,3.532529719546535080e-02,3.532529719546535080e-02,9.999999999999237277e-01
1.817000000000000000e+03,1.141654770314530833e+04,1.196071946196165386e-01,-1.196071946196165386e-01,9.999999999999945599e-01
1.824000000000000000e+03,1.146053000029556461e+04,-9.646554351535016614e-02,-9.646554351535016614e-02,9.999999999999780176e-01
1.831000000000000000e+03,1.150451229744582270e+04,4.134875038965823285e-02,-4.134875038965823285e-02,9.999999999999025224e-01
1.838000000000000000e+03,1.154849459459607897e+04,-7.059582467226457880e-02,-7.059582467226457880e-02,9.999999999998584466e-01
1.845000000000000000e+03,1.159247689174633706e+04,1.615821612856360723e-01,-1.615821612856360723e-01,9.999999999999402700e-01
1.853000000000000000e+03,1.164274237420377358e+04,-6.106944642318248850e-02,6.106944642318248850e-02,9.999999999999210631e-01
1.860000000000000000e+03,1.168672467135402985e+04,-3.002428804816596047e-02,-3.002428804816596047e-02,9.999999999999625855e-01
1.867000000000000000e+03,1.173070696850428794e+04,4.499829033987953197e-01,-4.499829033987953197e-01,9.999999999998995248e-01
1.874000000000000000e+03,1.177468926565454422e+04,-1.710698172495521696e-01,-1.710698172495521696e-01,9.999999999999177325e-01
1.882000000000000000e+03,1.182495474811198073e+04,-3.245036148526460329e-02,-3.245036148526460329e-02,9.999999999999436007e-01
1.889000000000000000e+03,1.186893704526223883e+04,1.831376489237585004e-02,-1.831376489237585004e-02,9.999999999999934497e-01
1.896000000000000000e+03,1.191291934241249510e+04,-3.726319304083658412e-01,-3.726319304083658412e-01,9.999999999999927836e-01
1.904000000000000000e+03,1.196318482486993162e+04,-4.105009493911074836e-01,-4.105009493911074836e-01,9.999999999999503730e-01
1.911000000000000000e+03,1.200716712202018971e+04,1.913161558922389649e-02,-1.913161558922389649e-02,9.999999999999428235e-01
1.919000000000000000e+03,1.205743260447762623e+04,2.818320432566616129e-01,-2.818320432566616129e-01,9.999999999998722133e-01
1.926000000000000000e+03,1.210141490162788250e+04,-3.034403794543746868e-01,-3.034403794543746868e-01,9.999999999999403810e-01
1.934000000000000000e+03,1.215168038408531902e+04,-1.616783752994480627e-01,-1.616783752994480627e-01,9.999999999999632516e-01
1.941000000000000000e+03,1.219566268123557711e+04,2.972829763821004390e-01,-2.972829763821004390e-01,9.999999999999051870e-01
1.949000000000000000e+03,1.224592816369301363e+04,3.864175752080712956e-01,-3.864175752080712956e-01,9.999999999999661382e-01
1.956000000000000000e+03,1.228991046084326990e+04,-3.775863627444203119e-01,-3.775863627444203119e-01,9.999999999998953060e-01
1.964000000000000000e+03,1.234017594330070824e+04,-2.151219740168092420e-01,-2.151219740168092420e-01,9.999999999998858691e-01
1.971000000000000000e+03,1.238415824045096451e+04,2.362666908518395170e-01,-2.362666908518395170e-01,9.999999999999880096e-01
1.979000000000000000e+03,1.243442372290840103e+04,4.370818467041601152e-01,-4.370818467041601152e-01,9.999999999998478994e-01
1.987000000000000000e+03,1.248468920536583755e+04,4.359510322319239406e-01,-4.359510322319239406e-01,1.000000000000012212e+00
1.995000000000000000e+03,1.253495468782327407e+04,2.852820074003505346e-01,-2.852820074003505346e-01,9.999999999998946398e-01
2.002000000000000000e+03,1.257893698497353216e+04,-2.992776880419584229e-01,-2.992776880419584229e-01,9.999999999999021894e-01
2.010000000000000000e+03,1.262920246743096868e+04,-4.195138712977948270e-01,-4.195138712977948270e-01,1.000000000000005773e+00
2.018000000000000000e+03,1.267946794988840520e+04,-5.354141604700773938e-01,-5.354141604700773938e-01,9.999999999998444578e-01
2.026000000000000000e+03,1.272973343234584172e+04,-4.429993851826534712e-01,-4.429993851826534712e-01,1.000000000000066169e+00
2.034000000000000000e+03,1.277999891480327824e+04,-3.393040980633539316e-01,-3.393040980633539316e-01,9.999999999998858691e-01
2.042000000000000000e+03,1.283026439726071476e+04,-4.021552607806901936e-01,-4.021552607806901936e-01,1.000000000000006217e+00
2.050000000000000000e+03,1.288052987971815128e+04,-4.190905820005290661e-01,-4.190905820005290661e-01,9.999999999999574785e-01
2.057000000000000000e+03,1.292451217686840937e+04,4.351639954314599490e-01,-4.351639954314599490e-01,9.999999999998580025e-01
2.065000000000000000e+03,1.297477765932584589e+04,4.809494998305163249e-01,-4.809494998305163249e-01,9.999999999999887867e-01
2.074000000000000000e+03,1.303132632709046266e+04,-5.748073092510708193e-01,-5.748073092510708193e-01,9.999999999998846478e-01
2.082000000000000000e+03,1.308159180954789917e+04,-4.147680714318632278e-01,-4.147680714318632278e-01,9.999999999999188427e-01
2.090000000000000000e+03,1.313185729200533569e+04,-3.204812983722947206e-01,-3.204812983722947206e-01,1.000000000000034639e+00
2.098000000000000000e+03,1.318212277446277221e+04,-7.123193701034189473e-01,-7.123193701034189473e-01,9.999999999999026334e-01
2.106000000000000000e+03,1.323238825692020873e+04,-5.365986026158298117e-01,-5.365986026158298117e-01,1.000000000000017097e+00
2.114000000000000000e+03,1.328265373937764525e+04,-3.324559386492640933e-01,-3.324559386492640933e-01,9.999999999998845368e-01
2.122000000000000000e+03,1.333291922183508177e+04,-3.943682288208788522e-01,-3.943682288208788522e-01,9.999999999999558131e-01
2.131000000000000000e+03,1.338946788959969854e+04,5.624681602885014398e-01,-5.624681602885014398e-01,9.999999999998571143e-01
2.139000000000000000e+03,1.343973337205713506e+04,5.866757230540559087e-01,-5.866757230540559087e-01,9.999999999999444888e-01
2.147000000000000000e+03,1.348999885451457158e+04,3.421622384847044507e-01,-3.421622384847044507e-01,9.999999999999348299e-01
2.156000000000000000e+03,1.354654752227918834e+04,-5.812984515499296512e-01,-5.812984515499296512e-01,9.999999999999740208e-01
2.164000000000000000e+03,1.359681300473662486e+04,-4.842502858096160434e-01,-4.842502858096160434e-01,9.999999999999362732e-01
2.172000000000000000e+03,1.364707848719406138e+04,-3.838844104852951467e-01,-3.838844104852951467e-01,9.999999999999303890e-01
2.181000000000000000e+03,1.370362715495867815e+04,7.150545788535269676e-01,-7.150545788535269676e-01,1.000000000000027978e+00
2.189000000000000000e+03,1.375389263741611467e+04,5.490270965794604718e-01,-5.490270965794604718e-01,9.999999999999277245e-01
2.198000000000000000e+03,1.381044130518073143e+04,-3.364320123272430685e-01,-3.364320123272430685e-01,9.999999999999394928e-01
2.206000000000000000e+03,1.386070678763816795e+04,-4.407417597525611908e-01,-4.407417597525611908e-01,1.000000000000003331e+00
2.215000000000000000e+03,1.391725545540278290e+04,6.835071594800981032e-01,-6.835071594800981032e-01,9.999999999998713252e-01
2.224000000000000000e+03,1.397380412316739967e+04,-4.658872735443226332e-01,-4.658872735443226332e-01,1.000000000000018208e+00
2.232000000000000000e+03,1.402406960562483619e+04,-4.244019767238080276e-01,-4.244019767238080276e-01,9.999999999999081846e-01
2.241000000000000000e+03,1.408061827338945295e+04,4.045798556190871587e-01,-4.045798556190871587e-01,1.000000000000029532e+00
2.250000000000000000e+03,1.413716694115406972e+04,-5.029631250884525340e-01,-5.029631250884525340e-01,9.999999999998804290e-01
2.259000000000000000e+03,1.419371560891868467e+04,5.095057327469019182e-01,-5.095057327469019182e-01,1.000000000000031086e+00
2.267000000000000000e+03,1.424398109137612119e+04,3.118134211061113215e-01,-3.118134211061113215e-01,9.999999999998373523e-01
2.276000000000000000e+03,1.430052975914073795e+04,-4.511626057689779312e-01,-4.511626057689779312e-01,9.999999999999746869e-01
2.285000000000000000e+03,1.435707842690535472e+04,3.003522163032980030e-01,-3.003522163032980030e-01,9.999999999999237277e-01
2.294000000000000000e+03,1.441362709466997148e+04,-4.322016101838168090e-01,-4.322016101838168090e-01,9.999999999999275024e-01
2.303000000000000000e+03,1.447017576243458643e+04,5.361439024945333642e-01,-5.361439024945333642e-01,9.999999999999445999e-01
2.312000000000000000e+03,1.452672443019920320e+04,-3.050483554957784671e-01,-3.050483554957784671e-01,9.999999999999862332e-01
2.321000000000000000e+03,1.458327309796381996e+04,1.646084213603919988e-01,-1.646084213603919988e-01,9.999999999999810152e-01
2.330000000000000000e+03,1.463982176572843673e+04,-6.350816496532354360e-01,-6.350816496532354360e-01,9.999999999998687716e-01
2.339000000000000000e+03,1.469637043349305168e+04,3.201958822749128020e-01,-3.201958822749128020e-01,1.000000000000028866e+00
2.348000000000000000e+03,1.475291910125766844e+04,-1.339465804496625390e-01,-1.339465804496625390e-01,9.999999999999067413e-01
2.357000000000000000e+03,1.480946776902228521e+04,4.291289535554043133e-01,-4.291289535554043133e-01,9.999999999999369393e-01
2.366000000000000000e+03,1.486601643678690016e+04,-2.378500507406830222e-01,-2.378500507406830222e-01,9.999999999999455991e-01
2.375000000000000000e+03,1.492256510455151692e+04,2.860761494841618791e-01,-2.860761494841618791e-01,1.000000000000082157e+00
2.385000000000000000e+03,1.498539695762331394e+04,3.811675732779232773e-01,-3.811675732779232773e-01,9.999999999999198419e-01
2.394000000000000000e+03,1.504194562538792889e+04,-1.761107647452270220e-01,-1.761107647452270220e-01,9.999999999999524825e-01
2.403000000000000000e+03,1.509849429315254565e+04,9.700032820785331467e-02,-9.700032820785331467e-02,9.999999999999715783e-01
2.413000000000000000e+03,1.516132614622434085e+04,4.128066833136569969e-01,-4.128066833136569969e-01,1.000000000000009770e+00
2.422000000000000000e+03,1.521787481398895761e+04,-2.496200244178093386e-01,-2.496200244178093386e-01,9.999999999999493738e-01
2.432000000000000000e+03,1.528070666706075281e+04,-1.889170559181697628e-01,-1.889170559181697628e-01,1.000000000000028200e+00
2.441000000000000000e+03,1.533725533482536957e+04,-1.052691807751007964e-02,1.052691807751007964e-02,1.000000000000095035e+00
2.450000000000000000e+03,1.539380400258998634e+04,-4.318173100653457386e-01,-4.318173100653457386e-01,9.999999999999606981e-01
2.460000000000000000e+03,1.545663585566178153e+04,-1.326162443094892340e-01,-1.326162443094892340e-01,1.000000000000042633e+00
2.470000000000000000e+03,1.551946770873357855e+04,3.514259319111336793e-03,3.514259319111336793e-03,1.000000000000096367e+00
2.479000000000000000e+03,1.557601637649819349e+04,1.310413885696790626e-01,-1.310413885696790626e-01,1.000000000000037081e+00
2.489000000000000000e+03,1.563884822956999051e+04,1.580281473193861919e-01,-1.580281473193861919e-01,1.000000000000021760e+00
2.499000000000000000e+03,1.570168008264178570e+04,8.308251612636069483e-03,-8.308251612636069483e-03,9.999999999999439337e-01
2.508000000000000000e+03,1.575822875040640247e+04,-1.244931464775799052e-01,-1.244931464775799052e-01,1.000000000000088374e+00
2.518000000000000000e+03,1.582106060347819766e+04,2.762238791710307506e-01,2.762238791710307506e-01,9.999999999999819034e-01
2.528000000000000000e+03,1.588389245654999468e+04,-1.391096296602705173e-01,-1.391096296602705173e-01,1.000000000000039746e+00
2.538000000000000000e+03,1.594672430962178987e+04,-8.230230392580872856e-02,-8.230230392580872856e-02,9.999999999999535927e-01
2.548000000000000000e+03,1.600955616269358507e+04,2.506439264850028326e-01,2.506439264850028326e-01,1.000000000000076161e+00
2.557000000000000000e+03,1.606610483045820183e+04,-1.445787350578468800e-01,1.445787350578468800e-01,1.000000000000029310e+00
2.567000000000000000e+03,1.612893668352999703e+04,1.418042803491521842e-01,-1.418042803491521842e-01,1.000000000000077049e+00
2.577000000000000000e+03,1.619176853660179404e+04,-1.414245772500191956e-01,1.414245772500191956e-01,1.000000000000054845e+00
2.587000000000000000e+03,1.625460038967358923e+04,-1.077309820831278131e-01,1.077309820831278131e-01,1.000000000000119460e+00
2.597000000000000000e+03,1.631743224274538625e+04,-2.732262087234418879e-01,2.732262087234418879e-01,1.000000000000071498e+00
2.608000000000000000e+03,1.638654728112435987e+04,1.540865764684780370e-01,1.540865764684780370e-01,1.000000000000106137e+00
2.618000000000000000e+03,1.644937913419615506e+04,1.534792442263030188e-01,1.534792442263030188e-01,9.999999999999623634e-01
2.628000000000000000e+03,1.651221098726795390e+04,2.005454668688028408e-01,2.005454668688028408e-01,1.000000000000035749e+00
2.638000000000000000e+03,1.657504284033974909e+04,3.903427323953314598e-01,3.903427323953314598e-01,1.000000000000147882e+00
2.648000000000000000e+03,1.663787469341154429e+04,1.056416642396986738e-01,1.056416642396986738e-01,1.000000000000085265e+00
2.659000000000000000e+03,1.670698973179051973e+04,-3.070005311017054983e-01,3.070005311017054983e-01,1.000000000000122791e+00
2.669000000000000000e+03,1.676982158486231492e+04,-3.911508150413161022e-01,3.911508150413161022e-01,1.000000000000050626e+00
2.679000000000000000e+03,1.683265343793411012e+04,-2.892775838253301424e-01,2.892775838253301424e-01,1.000000000000114575e+00
2.690000000000000000e+03,1.690176847631308556e+04,3.248145447711690004e-01,3.248145447711690004e-01,1.000000000000057065e+00
2.700000000000000000e+03,1.696460032938488439e+04,5.230514579650635820e-01,5.230514579650635820e-01,1.000000000000116351e+00
2.711000000000000000e+03,1.703371536776385983e+04,-3.493394440063847806e-01,3.493394440063847806e-01,1.000000000000038414e+00
2.721000000000000000e+03,1.709654722083565503e+04,-3.426997514749952067e-01,3.426997514749952067e-01,1.000000000000102807e+00
2.732000000000000000e+03,1.716566225921463047e+04,3.381336551465091156e-01,3.381336551465091156e-01,1.000000000000047073e+00
2.743000000000000000e+03,1.723477729759360591e+04,-3.639301007121489295e-01,3.639301007121489295e-01,1.000000000000254685e+00
2.753000000000000000e+03,1.729760915066540110e+04,-7.509678601324234481e-01,7.509678601324234481e-01,1.000000000000054845e+00
2.764000000000000000e+03,1.736672418904437654e+04,2.063368938460041491e-01,2.063368938460041491e-01,1.000000000000048850e+00
2.775000000000000000e+03,1.743583922742335199e+04,-4.721088855454486088e-01,4.721088855454486088e-01,1.000000000000111244e+00
2.786000000000000000e+03,1.750495426580232743e+04,5.188167229573407147e-01,5.188167229573407147e-01,1.000000000000005773e+00
2.796000000000000000e+03,1.756778611887412262e+04,3.339359750991830467e-01,3.339359750991830467e-01,1.000000000000217382e+00
2.807000000000000000e+03,1.763690115725309806e+04,-5.343881972263322400e-01,5.343881972263322400e-01,1.000000000000151879e+00
2.818000000000000000e+03,1.770601619563207350e+04,4.440314839956574500e-01,4.440314839956574500e-01,1.000000000000162537e+00
2.829000000000000000e+03,1.777513123401104895e+04,-6.134871806067562217e-01,6.134871806067562217e-01,1.000000000000004885e+00
2.840000000000000000e+03,1.784424627239002439e+04,4.271584696537565340e-01,4.271584696537565340e-01,1.000000000000139444e+00
2.851000000000000000e+03,1.791336131076899983e+04,-4.651263926515054603e-01,4.651263926515054603e-01,1.000000000000053735e+00
2.862000000000000000e+03,1.798247634914797527e+04,4.459161272671532394e-01,4.459161272671532394e-01,1.000000000000123235e+00
2.874000000000000000e+03,1.805787457283413096e+04,5.168041601522015416e-01,5.168041601522015416e-01,1.000000000000216493e+00
2.885000000000000000e+03,1.812698961121310640e+04,-3.494003156757964357e-01,3.494003156757964357e-01,1.000000000000079714e+00
2.896000000000000000e+03,1.819610464959208184e+04,5.823080839195651226e-01,5.823080839195651226e-01,1.000000000000159428e+00
2.907000000000000000e+03,1.826521968797105728e+04,-6.686917207267504271e-01,6.686917207267504271e-01,1.000000000000098144e+00
2.918000000000000000e+03,1.833433472635003272e+04,2.609470576112796758e-01,2.609470576112796758e-01,1.000000000000072387e+00
2.930000000000000000e+03,1.840973295003618841e+04,6.688798130868329750e-01,6.688798130868329750e-01,1.000000000000034639e+00
2.941000000000000000e+03,1.847884798841516385e+04,-3.185795549122896198e-01,3.185795549122896198e-01,1.000000000000191180e+00
2.953000000000000000e+03,1.855424621210131954e+04,-5.908326052936184736e-01,5.908326052936184736e-01,1.000000000000137668e+00
2.964000000000000000e+03,1.862336125048029498e+04,2.794869940357981863e-01,2.794869940357981863e-01,1.000000000000075273e+00
2.976000000000000000e+03,1.869875947416644703e+04,4.666452135460296136e-01,4.666452135460296136e-01,1.000000000000144773e+00
2.987000000000000000e+03,1.876787451254542248e+04,-7.079556598254731492e-01,7.079556598254731492e-01,1.000000000000124345e+00
2.999000000000000000e+03,1.884327273623157816e+04,-2.301412265783040478e-01,2.301412265783040478e-01,9.999999999999976685e-01
3.011000000000000000e+03,1.891867095991773385e+04,-6.115473538324077696e-01,6.115473538324077696e-01,1.000000000000126121e+00
3.022000000000000000e+03,1.898778599829670929e+04,4.743272821067306966e-01,4.743272821067306966e-01,1.000000000000076161e+00
3.034000000000000000e+03,1.906318422198286498e+04,3.379812631546068036e-01,3.379812631546068036e-01,1.000000000000050848e+00
3.046000000000000000e+03,1.913858244566902067e+04,3.448969068090084189e-01,3.448969068090084189e-01,1.000000000000098144e+00
3.058000000000000000e+03,1.921398066935517636e+04,3.247289999514871295e-01,3.247289999514871295e-01,1.000000000000126121e+00
3.070000000000000000e+03,1.928937889304132841e+04,3.511650914344689456e-01,3.511650914344689456e-01,1.000000000000129896e+00
3.082000000000000000e+03,1.936477711672748410e+04,1.929221100262803468e-01,1.929221100262803468e-01,1.000000000000132339e+00
3.094000000000000000e+03,1.944017534041363979e+04,2.261267111175966071e-01,2.261267111175966071e-01,1.000000000000148992e+00
3.106000000000000000e+03,1.951557356409979548e+04,4.258632317563939562e-01,4.258632317563939562e-01,1.000000000000190292e+00
3.118000000000000000e+03,1.959097178778595116e+04,1.757464988632529562e-02,1.757464988632529562e-02,1.000000000000049072e+00
3.130000000000000000e+03,1.966637001147210322e+04,4.231744502937299091e-01,4.231744502937299091e-01,1.000000000000083267e+00
3.142000000000000000e+03,1.974176823515825890e+04,2.207549401727399996e-01,2.207549401727399996e-01,1.000000000000119460e+00
3.154000000000000000e+03,1.981716645884441459e+04,1.930707245313566522e-01,1.930707245313566522e-01,1.000000000000021538e+00
3.167000000000000000e+03,1.989884786783775053e+04,-1.596481566628862314e-01,1.596481566628862314e-01,1.000000000000036637e+00
3.179000000000000000e+03,1.997424609152390622e+04,-1.998071286254432255e-01,1.998071286254432255e-01,1.000000000000106359e+00
3.191000000000000000e+03,2.004964431521005827e+04,-1.583016762841372715e-01,1.583016762841372715e-01,9.999999999999820144e-01
3.204000000000000000e+03,2.013132572420339420e+04,1.589505099884470571e-02,1.589505099884470571e-02,1.000000000000138112e+00
3.216000000000000000e+03,2.020672394788954989e+04,2.578119212794622306e-01,2.578119212794622306e-01,1.000000000000012434e+00
3.229000000000000000e+03,2.028840535688288219e+04,5.560077260429104051e-02,-5.560077260429104051e-02,1.000000000000018652e+00
3.241000000000000000e+03,2.036380358056903788e+04,-5.206318824120415023e-02,5.206318824120415023e-02,1.000000000000179856e+00
3.254000000000000000e+03,2.044548498956237381e+04,-1.082196232123513319e-02,-1.082196232123513319e-02,1.000000000000050626e+00
3.266000000000000000e+03,2.052088321324852950e+04,-1.496329189068100300e-02,-1.496329189068100300e-02,1.000000000000081712e+00
3.279000000000000000e+03,2.060256462224186180e+04,1.372776664076209296e-01,-1.372776664076209296e-01,1.000000000000154099e+00
3.292000000000000000e+03,2.068424603123519773e+04,-1.205006880810007425e-01,-1.205006880810007425e-01,1.000000000000102807e+00
3.305000000000000000e+03,2.076592744022853367e+04,7.553018166218136709e-02,-7.553018166218136709e-02,1.000000000000078604e+00
3.318000000000000000e+03,2.084760884922186597e+04,-2.386745752550567257e-01,-2.386745752550567257e-01,1.000000000000191402e+00
3.331000000000000000e+03,2.092929025821520190e+04,1.524633001099227059e-01,-1.524633001099227059e-01,1.000000000000095923e+00
3.343000000000000000e+03,2.100468848190135759e+04,2.318515295358352102e-01,-2.318515295358352102e-01,1.000000000000096589e+00
3.356000000000000000e+03,2.108636989089468989e+04,-2.878117907746382542e-01,-2.878117907746382542e-01,1.000000000000215827e+00
3.370000000000000000e+03,2.117433448519520607e+04,-2.841363314781346072e-01,-2.841363314781346072e-01,1.000000000000108580e+00
3.383000000000000000e+03,2.125601589418854201e+04,2.362665962580616508e-01,-2.362665962580616508e-01,1.000000000000031974e+00
3.396000000000000000e+03,2.133769730318187430e+04,-3.107809523688914166e-01,-3.107809523688914166e-01,1.000000000000233813e+00
3.409000000000000000e+03,2.141937871217521024e+04,3.550877713620108622e-01,-3.550877713620108622e-01,1.000000000000147438e+00
3.422000000000000000e+03,2.150106012116854254e+04,-2.719628340138883771e-01,-2.719628340138883771e-01,1.000000000000153877e+00
3.436000000000000000e+03,2.158902471546905872e+04,-3.588637359570157059e-01,-3.588637359570157059e-01,1.000000000000195399e+00
3.449000000000000000e+03,2.167070612446239465e+04,3.215844581945696001e-01,-3.215844581945696001e-01,1.000000000000113687e+00
3.462000000000000000e+03,2.175238753345572695e+04,-3.817349096918727924e-01,-3.817349096918727924e-01,1.000000000000085265e+00
3.476000000000000000e+03,2.184035212775624314e+04,-4.213340409939821396e-01,-4.213340409939821396e-01,1.000000000000198952e+00
3.489000000000000000e+03,2.192203353674957543e+04,3.362974373258610927e-01,-3.362974373258610927e-01,1.000000000000196732e+00
3.503000000000000000e+03,2.200999813105009162e+04,4.933376934702143335e-01,-4.933376934702143335e-01,1.000000000000058620e+00
3.517000000000000000e+03,2.209796272535060416e+04,4.100238572309765073e-01,-4.100238572309765073e-01,1.000000000000028644e+00
3.530000000000000000e+03,2.217964413434394010e+04,-4.411625960104977873e-01,-4.411625960104977873e-01,1.000000000000155431e+00
3.544000000000000000e+03,2.226760872864445264e+04,-5.358385557141381872e-01,-5.358385557141381872e-01,1.000000000000084155e+00
3.558000000000000000e+03,2.235557332294496882e+04,-5.463267936282633075e-01,-5.463267936282633075e-01,1.000000000000132339e+00
3.572000000000000000e+03,2.244353791724548137e+04,-4.136186294697625776e-01,-4.136186294697625776e-01,1.000000000000131228e+00
3.586000000000000000e+03,2.253150251154599755e+04,-6.144267173928665837e-01,-6.144267173928665837e-01,1.000000000000168310e+00
3.600000000000000000e+03,2.261946710584651009e+04,-6.286779126226526015e-01,-6.286779126226526015e-01,1.000000000000064615e+00
3.614000000000000000e+03,2.270743170014702628e+04,-3.142705450753373597e-01,-3.142705450753373597e-01,1.000000000000128786e+00
3.628000000000000000e+03,2.279539629444753882e+04,-6.685298657089371321e-01,-6.685298657089371321e-01,1.000000000000190736e+00
3.642000000000000000e+03,2.288336088874805137e+04,-4.510269020262284712e-01,-4.510269020262284712e-01,1.000000000000186073e+00
3.656000000000000000e+03,2.297132548304856755e+04,-4.078277880594507465e-01,-4.078277880594507465e-01,1.000000000000233147e+00
3.670000000000000000e+03,2.305929007734908009e+04,-4.640647698623741046e-01,-4.640647698623741046e-01,1.000000000000127676e+00
3.684000000000000000e+03,2.314725467164959628e+04,-3.819543726103564740e-01,-3.819543726103564740e-01,1.000000000000131006e+00
3.699000000000000000e+03,2.324150245125728907e+04,5.577614746173266136e-01,-5.577614746173266136e-01,1.000000000000027756e+00
3.713000000000000000e+03,2.332946704555780525e+04,3.687852029241315832e-01,-3.687852029241315832e-01,1.000000000000057288e+00
3.728000000000000000e+03,2.342371482516549804e+04,-4.787378996034927781e-01,-4.787378996034927781e-01,1.000000000000112355e+00
3.742000000000000000e+03,2.351167941946601059e+04,-4.124347891917835018e-01,-4.124347891917835018e-01,1.000000000000131894e+00
3.757000000000000000e+03,2.360592719907370702e+04,5.429781357750050885e-01,-5.429781357750050885e-01,1.000000000000226263e+00
3.771000000000000000e+03,2.369389179337421956e+04,1.557792450588746103e-01,-1.557792450588746103e-01,1.000000000000098366e+00
3.786000000000000000e+03,2.378813957298191235e+04,-3.965810216860325976e-01,-3.965810216860325976e-01,1.000000000000131894e+00
3.801000000000000000e+03,2.388238735258960878e+04,2.242901262990294464e-01,-2.242901262990294464e-01,1.000000000000220712e+00
3.815000000000000000e+03,2.397035194689012133e+04,3.796651020181205372e-01,-3.796651020181205372e-01,1.000000000000105915e+00
3.830000000000000000e+03,2.406459972649781412e+04,-2.818150450784279171e-01,-2.818150450784279171e-01,1.000000000000030864e+00
3.845000000000000000e+03,2.415884750610551055e+04,1.738716646963787138e-01,-1.738716646963787138e-01,1.000000000000069722e+00
3.860000000000000000e+03,2.425309528571320334e+04,-3.263140931066839112e-01,-3.263140931066839112e-01,1.000000000000154765e+00
3.875000000000000000e+03,2.434734306532089613e+04,1.801244495722708061e-01,-1.801244495722708061e-01,1.000000000000252687e+00
3.890000000000000000e+03,2.444159084492858892e+04,-7.233376845540384625e-02,-7.233376845540384625e-02,1.000000000000158984e+00
3.905000000000000000e+03,2.453583862453628535e+04,9.615964038889876497e-02,-9.615964038889876497e-02,1.000000000000048184e+00
3.921000000000000000e+03,2.463636958945115839e+04,2.452917316375939627e-02,-2.452917316375939627e-02,1.000000000000091704e+00
3.936000000000000000e+03,2.473061736905885118e+04,-2.160263558781581605e-01,-2.160263558781581605e-01,1.000000000000162315e+00
3.951000000000000000e+03,2.482486514866654397e+04,9.539292041431167435e-02,-9.539292041431167435e-02,1.000000000000110356e+00
3.967000000000000000e+03,2.492539611358141701e+04,-2.176019773679432889e-01,2.176019773679432889e-01,1.000000000000041522e+00
3.982000000000000000e+03,2.501964389318911344e+04,-3.549009456039550064e-02,-3.549009456039550064e-02,1.000000000000004441e+00
3.998000000000000000e+03,2.512017485810398648e+04,2.386140382646781133e-01,2.386140382646781133e-01,1.000000000000015765e+00
4.013000000000000000e+03,2.521442263771167927e+04,2.022682610662612235e-01,-2.022682610662612235e-01,1.000000000000103473e+00
4.029000000000000000e+03,2.531495360262655231e+04,-2.812668378183277862e-01,2.812668378183277862e-01,1.000000000000100586e+00
4.044000000000000000e+03,2.540920138223424510e+04,2.370311497750236807e-01,2.370311497750236807e-01,1.000000000000022427e+00
4.060000000000000000e+03,2.550973234714912178e+04,2.120227801148992508e-01,2.120227801148992508e-01,1.000000000000057065e+00
4.076000000000000000e+03,2.561026331206399482e+04,2.588915928668013011e-01,2.588915928668013011e-01,1.000000000000052403e+00
4.092000000000000000e+03,2.571079427697886786e+04,1.438110513845050620e-01,1.438110513845050620e-01,1.000000000000086375e+00
4.108000000000000000e+03,2.581132524189374089e+04,3.052245323911248476e-01,3.052245323911248476e-01,1.000000000000099254e+00
4.124000000000000000e+03,2.591185620680861393e+04,4.358590282605218080e-01,4.358590282605218080e-01,1.000000000000115685e+00
4.140000000000000000e+03,2.601238717172348697e+04,2.871288388809165593e-01,2.871288388809165593e-01,1.000000000000047296e+00
4.156000000000000000e+03,2.611291813663836001e+04,3.700728442859991252e-01,3.700728442859991252e-01,9.999999999999894529e-01
4.172000000000000000e+03,2.621344910155323305e+04,4.947297185445365675e-01,4.947297185445365675e-01,9.999999999999960032e-01
4.188000000000000000e+03,2.631398006646810609e+04,2.297619871877712439e-01,2.297619871877712439e-01,1.000000000000042411e+00
4.205000000000000000e+03,2.642079421669015937e+04,-5.370940420818121064e-01,5.370940420818121064e-01,1.000000000000055511e+00
4.221000000000000000e+03,2.652132518160503241e+04,-3.001766105365049064e-01,3.001766105365049064e-01,1.000000000000050404e+00
4.237000000000000000e+03,2.662185614651990545e+04,-6.322220447779298702e-01,6.322220447779298702e-01,1.000000000000004885e+00
4.254000000000000000e+03,2.672867029674195874e+04,5.817088986469827194e-01,5.817088986469827194e-01,1.000000000000003109e+00
4.270000000000000000e+03,2.682920126165683178e+04,3.635848433721610151e-01,3.635848433721610151e-01,9.999999999999542588e-01
4.287000000000000000e+03,2.693601541187888506e+04,-5.181526155326313665e-01,5.181526155326313665e-01,9.999999999999789058e-01
4.304000000000000000e+03,2.704282956210093835e+04,3.991403559690380742e-01,3.991403559690380742e-01,1.000000000000013101e+00
4.320000000000000000e+03,2.714336052701581139e+04,6.007524562123464085e-01,6.007524562123464085e-01,1.000000000000091704e+00
4.337000000000000000e+03,2.725017467723786467e+04,-3.784895053822132649e-01,3.784895053822132649e-01,1.000000000000040412e+00
4.354000000000000000e+03,2.735698882745991796e+04,7.170546350596543883e-01,7.170546350596543883e-01,1.000000000000001776e+00
4.371000000000000000e+03,2.746380297768197124e+04,-4.968211313796508377e-01,4.968211313796508377e-01,1.000000000000009770e+00
4.388000000000000000e+03,2.757061712790402453e+04,3.988058258996965422e-01,3.988058258996965422e-01,9.999999999999236167e-01
4.405000000000000000e+03,2.767743127812607781e+04,-6.003392371297574526e-01,6.003392371297574526e-01,9.999999999998783196e-01
4.422000000000000000e+03,2.778424542834813110e+04,2.253642547476073510e-01,2.253642547476073510e-01,1.000000000000040412e+00
4.439000000000000000e+03,2.789105957857018439e+04,-4.741919341938007348e-01,4.741919341938007348e-01,1.000000000000036193e+00
4.457000000000000000e+03,2.800415691409941428e+04,-4.558012818668648602e-01,4.558012818668648602e-01,1.000000000000000222e+00
4.474000000000000000e+03,2.811097106432146757e+04,3.706086802972007876e-01,3.706086802972007876e-01,1.000000000000122347e+00
4.492000000000000000e+03,2.822406839985070110e+04,3.999271702189357014e-01,3.999271702189357014e-01,1.000000000000147882e+00
4.509000000000000000e+03,2.833088255007275438e+04,-4.446830857137576420e-01,4.446830857137576420e-01,1.000000000000069722e+00
4.527000000000000000e+03,2.844397988560198792e+04,-1.918502234860226807e-01,1.918502234860226807e-01,9.999999999999951150e-01
4.544000000000000000e+03,2.855079403582404120e+04,2.536721612845238005e-01,2.536721612845238005e-01,9.999999999999219513e-01
4.562000000000000000e+03,2.866389137135327110e+04,2.320559829613902392e-01,2.320559829613902392e-01,9.999999999998604450e-01
4.580000000000000000e+03,2.877698870688250463e+04,1.746590536775808611e-01,1.746590536775808611e-01,9.999999999999196199e-01
4.597000000000000000e+03,2.888380285710455792e+04,-4.427608653915793280e-02,4.427608653915793280e-02,9.999999999999267253e-01
4.615000000000000000e+03,2.899690019263379145e+04,-1.603397579193800992e-01,1.603397579193800992e-01,9.999999999998875344e-01
4.633000000000000000e+03,2.910999752816302134e+04,-3.103428476593241281e-01,3.103428476593241281e-01,9.999999999999993339e-01
4.651000000000000000e+03,2.922309486369225488e+04,1.368975587758608226e-01,-1.368975587758608226e-01,9.999999999999913403e-01
4.669000000000000000e+03,2.933619219922148841e+04,-1.909130836378477025e-01,1.909130836378477025e-01,1.000000000000011324e+00
4.688000000000000000e+03,2.945557272005789855e+04,6.402989318753038450e-02,6.402989318753038450e-02,1.000000000000025091e+00
4.706000000000000000e+03,2.956867005558713208e+04,4.402204149083143239e-03,4.402204149083143239e-03,1.000000000000027756e+00
4.724000000000000000e+03,2.968176739111636562e+04,-1.522210894920670021e-01,-1.522210894920670021e-01,1.000000000000078826e+00
4.742000000000000000e+03,2.979486472664559915e+04,-4.259946909241077440e-02,-4.259946909241077440e-02,9.999999999999245048e-01
4.761000000000000000e+03,2.991424524748200929e+04,2.147913331445150953e-01,-2.147913331445150953e-01,9.999999999999263922e-01
4.779000000000000000e+03,3.002734258301124282e+04,1.501023495853889556e-01,-1.501023495853889556e-01,9.999999999999735767e-01
4.798000000000000000e+03,3.014672310384765296e+04,-4.359720795571335739e-01,-4.359720795571335739e-01,9.999999999998340217e-01
4.817000000000000000e+03,3.026610362468406674e+04,2.798486301650310870e-01,-2.798486301650310870e-01,9.999999999998910871e-01
4.835000000000000000e+03,3.037920096021330028e+04,1.938039373830332812e-01,-1.938039373830332812e-01,9.999999999998618883e-01
4.854000000000000000e+03,3.049858148104971042e+04,-6.127692402859484799e-01,-6.127692402859484799e-01,9.999999999999394928e-01
4.873000000000000000e+03,3.061796200188612420e+04,3.123835790141532565e-01,-3.123835790141532565e-01,9.999999999999139577e-01
4.892000000000000000e+03,3.073734252272253434e+04,-4.676346138244321660e-01,-4.676346138244321660e-01,9.999999999999625855e-01
4.911000000000000000e+03,3.085672304355894812e+04,4.304576933784903803e-01,-4.304576933784903803e-01,9.999999999998431255e-01
4.930000000000000000e+03,3.097610356439536190e+04,-5.524973483647203087e-01,-5.524973483647203087e-01,9.999999999998506750e-01
4.950000000000000000e+03,3.110176727053895229e+04,-3.981388861284920755e-01,-3.981388861284920755e-01,9.999999999997856159e-01
4.969000000000000000e+03,3.122114779137536243e+04,7.393241127241444444e-01,-7.393241127241444444e-01,9.999999999998069322e-01
4.988000000000000000e+03,3.134052831221177621e+04,-3.567460354321349003e-01,-3.567460354321349003e-01,9.999999999998927525e-01
5.008000000000000000e+03,3.146619201835536660e+04,-6.199722318406876154e-01,-6.199722318406876154e-01,9.999999999999076294e-01
5.027000000000000000e+03,3.158557253919178038e+04,4.811873590542319334e-01,-4.811873590542319334e-01,9.999999999998727684e-01
5.047000000000000000e+03,3.171123624533537077e+04,5.704089985992046863e-01,-5.704089985992046863e-01,9.999999999997889466e-01
5.066000000000000000e+03,3.183061676617178455e+04,-3.985605128942344977e-01,-3.985605128942344977e-01,9.999999999998059330e-01
5.086000000000000000e+03,3.195628047231537494e+04,-8.359558889169040885e-01,-8.359558889169040885e-01,9.999999999998022693e-01
5.106000000000000000e+03,3.208194417845896896e+04,-4.246070660890861603e-01,-4.246070660890861603e-01,9.999999999999046318e-01
5.126000000000000000e+03,3.220760788460255935e+04,-4.575054551270343883e-01,-4.575054551270343883e-01,9.999999999998856470e-01
5.146000000000000000e+03,3.233327159074614974e+04,-4.452139017880622496e-01,-4.452139017880622496e-01,9.999999999998417932e-01
5.166000000000000000e+03,3.245893529688974377e+04,-6.009868829883283636e-01,-6.009868829883283636e-01,9.999999999998248068e-01
5.186000000000000000e+03,3.258459900303333416e+04,-4.083110423642627440e-01,-4.083110423642627440e-01,9.999999999998598899e-01
5.206000000000000000e+03,3.271026270917692455e+04,-5.011504426812941615e-01,-5.011504426812941615e-01,9.999999999999409361e-01
5.226000000000000000e+03,3.283592641532051493e+04,-3.318088205462296769e-01,-3.318088205462296769e-01,9.999999999999065192e-01
5.246000000000000000e+03,3.296159012146411260e+04,-1.793533962024961015e-01,-1.793533962024961015e-01,9.999999999998648859e-01
5.267000000000000000e+03,3.309353701291487960e+04,3.109140468594295825e-01,-3.109140468594295825e-01,9.999999999998521183e-01
5.287000000000000000e+03,3.321920071905846999e+04,3.830673296762052704e-01,-3.830673296762052704e-01,9.999999999998767652e-01
5.308000000000000000e+03,3.335114761050924426e+04,-1.849612275435143782e-01,-1.849612275435143782e-01,9.999999999998739897e-01
5.329000000000000000e+03,3.348309450196001853e+04,4.576599548362192404e-02,-4.576599548362192404e-02,9.999999999997856159e-01
5.349000000000000000e+03,3.360875820810360892e+04,3.865430753088153204e-02,-3.865430753088153204e-02,9.999999999997376543e-01
5.370000000000000000e+03,3.374070509955437592e+04,-5.861629810436234760e-03,-5.861629810436234760e-03,9.999999999997039035e-01
5.391000000000000000e+03,3.387265199100515019e+04,-5.411674607781934848e-02,5.411674607781934848e-02,9.999999999998117062e-01
5.412000000000000000e+03,3.400459888245591719e+04,1.148326332439875697e-01,1.148326332439875697e-01,9.999999999997062350e-01
5.433000000000000000e+03,3.413654577390669147e+04,1.334892067291606199e-01,-1.334892067291606199e-01,9.999999999996826983e-01
5.454000000000000000e+03,3.426849266535746574e+04,2.523762575567561894e-01,2.523762575567561894e-01,9.999999999998478994e-01
5.475000000000000000e+03,3.440043955680823274e+04,-1.403252427608557840e-01,1.403252427608557840e-01,9.999999999997667421e-01
5.497000000000000000e+03,3.453866963356618362e+04,-1.560013451777418902e-01,1.560013451777418902e-01,9.999999999998776534e-01
5.518000000000000000e+03,3.467061652501695789e+04,1.036241138389832478e-02,1.036241138389832478e-02,9.999999999998333555e-01
5.540000000000000000e+03,3.480884660177490878e+04,2.784004979118340217e-01,2.784004979118340217e-01,9.999999999997388755e-01
5.561000000000000000e+03,3.494079349322567577e+04,-3.272871371575117316e-01,3.272871371575117316e-01,9.999999999998661071e-01
5.583000000000000000e+03,3.507902356998362666e+04,-4.571348531907719615e-01,4.571348531907719615e-01,9.999999999997039035e-01
5.604000000000000000e+03,3.521097046143440093e+04,4.161704008515313413e-01,4.161704008515313413e-01,9.999999999996900257e-01
5.626000000000000000e+03,3.534920053819235181e+04,4.116412187750340124e-01,4.116412187750340124e-01,9.999999999999187317e-01
5.648000000000000000e+03,3.548743061495030270e+04,6.271642674336508350e-01,6.271642674336508350e-01,9.999999999998552269e-01
5.670000000000000000e+03,3.562566069170825358e+04,1.963295446723201110e-01,1.963295446723201110e-01,9.999999999998663291e-01
5.692000000000000000e+03,3.576389076846620446e+04,3.305281933346873036e-01,3.305281933346873036e-01,9.999999999998823164e-01
5.714000000000000000e+03,3.590212084522415535e+04,4.292064964795068716e-01,4.292064964795068716e-01,9.999999999998001599e-01
5.737000000000000000e+03,3.604663410728928284e+04,-7.630878303007011532e-01,7.630878303007011532e-01,9.999999999996761479e-01
5.759000000000000000e+03,3.618486418404723372e+04,-5.654786194935861321e-01,5.654786194935861321e-01,9.999999999997695177e-01
5.781000000000000000e+03,3.632309426080518460e+04,-4.968718775231567020e-01,4.968718775231567020e-01,9.999999999997799538e-01
5.804000000000000000e+03,3.646760752287031937e+04,5.940266789595547436e-01,5.940266789595547436e-01,9.999999999999029665e-01
5.826000000000000000e+03,3.660583759962827025e+04,4.369905494887241781e-01,4.369905494887241781e-01,9.999999999999007461e-01
5.849000000000000000e+03,3.675035086169339775e+04,-4.073857357367230425e-01,4.073857357367230425e-01,9.999999999997947198e-01
5.872000000000000000e+03,3.689486412375853251e+04,1.827563131024883269e-01,1.827563131024883269e-01,9.999999999997536415e-01
5.895000000000000000e+03,3.703937738582366001e+04,-3.133656447309647319e-01,3.133656447309647319e-01,9.999999999996798117e-01
5.918000000000000000e+03,3.718389064788879477e+04,4.832970362030158396e-01,4.832970362030158396e-01,9.999999999998236966e-01
5.941000000000000000e+03,3.732840390995392227e+04,-3.751509664614154915e-01,3.751509664614154915e-01,9.999999999998534506e-01
5.964000000000000000e+03,3.747291717201904976e+04,3.770204563511246332e-01,3.770204563511246332e-01,9.999999999998012701e-01
5.987000000000000000e+03,3.761743043408418453e+04,-1.203301301576423787e-01,1.203301301576423787e-01,9.999999999997349898e-01
6.010000000000000000e+03,3.776194369614931202e+04,2.953104288991866833e-01,2.953104288991866833e-01,9.999999999996728173e-01
6.034000000000000000e+03,3.791274014352162339e+04,3.592140915173612226e-01,3.592140915173612226e-01,9.999999999997382094e-01
6.057000000000000000e+03,3.805725340558675089e+04,-2.127708942933100866e-01,2.127708942933100866e-01,9.999999999998017142e-01
6.081000000000000000e+03,3.820804985295906226e+04,-1.705791862577342999e-01,1.705791862577342999e-01,9.999999999997692957e-01
6.104000000000000000e+03,3.835256311502419703e+04,-2.010513702674821546e-01,-2.010513702674821546e-01,9.999999999997509770e-01
6.128000000000000000e+03,3.850335956239650113e+04,-5.222237236640839275e-02,-5.222237236640839275e-02,9.999999999997186695e-01
6.152000000000000000e+03,3.865415600976881251e+04,-2.265758320225408698e-02,-2.265758320225408698e-02,9.999999999997549738e-01
6.176000000000000000e+03,3.880495245714112389e+04,-8.976505842756021813e-02,-8.976505842756021813e-02,9.999999999998240297e-01
6.200000000000000000e+03,3.895574890451343526e+04,-6.473083997351568308e-02,-6.473083997351568308e-02,9.999999999996378452e-01
6.224000000000000000e+03,3.910654535188574664e+04,-2.727642399561429065e-01,-2.727642399561429065e-01,9.999999999998419042e-01
6.248000000000000000e+03,3.925734179925805802e+04,-2.475703809801635957e-01,-2.475703809801635957e-01,9.999999999998238076e-01
6.273000000000000000e+03,3.941442143193754600e+04,3.723212476474407895e-01,-3.723212476474407895e-01,9.999999999997398747e-01
6.297000000000000000e+03,3.956521787930985738e+04,4.526766140233623448e-01,-4.526766140233623448e-01,9.999999999996188604e-01
6.322000000000000000e+03,3.972229751198934537e+04,-1.572437345343427606e-01,-1.572437345343427606e-01,9.999999999998347988e-01
6.346000000000000000e+03,3.987309395936165674e+04,-1.410503617499126727e-01,-1.410503617499126727e-01,9.999999999998452349e-01
6.371000000000000000e+03,4.003017359204114473e+04,2.817628988553447789e-01,-2.817628988553447789e-01,9.999999999996996847e-01
6.396000000000000000e+03,4.018725322472063272e+04,-3.139321023815307421e-01,-3.139321023815307421e-01,9.999999999997580824e-01
6.421000000000000000e+03,4.034433285740012070e+04,4.666735684146853247e-01,-4.666735684146853247e-01,9.999999999999603650e-01
6.446000000000000000e+03,4.050141249007961596e+04,-4.156543452896021562e-01,-4.156543452896021562e-01,9.999999999998997469e-01
6.471000000000000000e+03,4.065849212275910395e+04,4.675343597187835987e-01,-4.675343597187835987e-01,9.999999999997881694e-01
6.496000000000000000e+03,4.081557175543859194e+04,-5.592098601370270039e-01,-5.592098601370270039e-01,9.999999999998778755e-01
6.521000000000000000e+03,4.097265138811807992e+04,2.298620669937386785e-01,-2.298620669937386785e-01,9.999999999998914202e-01
6.546000000000000000e+03,4.112973102079756791e+04,-2.883131259740485119e-01,-2.883131259740485119e-01,9.999999999997575273e-01
6.572000000000000000e+03,4.129309383878423978e+04,-5.320932445776193065e-01,-5.320932445776193065e-01,9.999999999998505640e-01
6.597000000000000000e+03,4.145017347146372776e+04,4.052089962742321250e-01,-4.052089962742321250e-01,9.999999999999518163e-01
6.623000000000000000e+03,4.161353628945039964e+04,4.638662943261865346e-01,-4.638662943261865346e-01,9.999999999998822053e-01
6.649000000000000000e+03,4.177689910743707151e+04,6.172780916646516403e-01,-6.172780916646516403e-01,9.999999999997829514e-01
6.675000000000000000e+03,4.194026192542373610e+04,3.143166702193961326e-01,-3.143166702193961326e-01,1.000000000000003109e+00
6.701000000000000000e+03,4.210362474341040797e+04,2.414170002395875092e-01,-2.414170002395875092e-01,9.999999999997611910e-01
6.727000000000000000e+03,4.226698756139707984e+04,3.071064492064299323e-01,-3.071064492064299323e-01,9.999999999998445688e-01
6.753000000000000000e+03,4.243035037938374444e+04,-2.475441935016037612e-02,2.475441935016037612e-02,9.999999999999229505e-01
6.779000000000000000e+03,4.259371319737041631e+04,1.997243700452326978e-02,-1.997243700452326978e-02,9.999999999998360201e-01
6.806000000000000000e+03,4.276335920066426479e+04,-9.406787029091756569e-02,-9.406787029091756569e-02,9.999999999999427125e-01
6.832000000000000000e+03,4.292672201865093666e+04,1.587812205693085177e-01,1.587812205693085177e-01,9.999999999998328004e-01
6.859000000000000000e+03,4.309636802194478514e+04,-4.401210276571232427e-02,4.401210276571232427e-02,9.999999999999443778e-01
6.885000000000000000e+03,4.325973083993144974e+04,1.007929832535407882e-01,-1.007929832535407882e-01,9.999999999999371614e-01
6.912000000000000000e+03,4.342937684322529822e+04,1.959114288178876728e-01,1.959114288178876728e-01,9.999999999998551159e-01
6.939000000000000000e+03,4.359902284651914670e+04,-8.951573087878957058e-02,8.951573087878957058e-02,1.000000000000033973e+00
6.966000000000000000e+03,4.376866884981299518e+04,-5.832846084491544875e-03,-5.832846084491544875e-03,9.999999999999152900e-01
6.993000000000000000e+03,4.393831485310684366e+04,-2.678777243921406925e-01,2.678777243921406925e-01,9.999999999998936406e-01
7.020000000000000000e+03,4.410796085640069214e+04,2.430976190095861245e-01,2.430976190095861245e-01,1.000000000000030864e+00
7.048000000000000000e+03,4.428389004500172450e+04,2.823535164991128887e-01,2.823535164991128887e-01,9.999999999998044897e-01
7.075000000000000000e+03,4.445353604829557298e+04,-3.977095301805051997e-01,3.977095301805051997e-01,1.000000000000003109e+00
7.103000000000000000e+03,4.462946523689659807e+04,-6.310710408323930709e-01,6.310710408323930709e-01,9.999999999998718803e-01
7.130000000000000000e+03,4.479911124019044655e+04,6.506587414725314433e-01,6.506587414725314433e-01,9.999999999998081535e-01
7.158000000000000000e+03,4.497504042879147892e+04,6.244955699954625183e-01,6.244955699954625183e-01,9.999999999999898970e-01
7.186000000000000000e+03,4.515096961739250401e+04,8.275848432082590911e-01,8.275848432082590911e-01,9.999999999999227285e-01
7.214000000000000000e+03,4.532689880599353637e+04,6.013890467815559138e-01,6.013890467815559138e-01,1.000000000000030864e+00
7.242000000000000000e+03,4.550282799459456146e+04,4.419900635733092220e-01,4.419900635733092220e-01,9.999999999999747979e-01
7.270000000000000000e+03,4.567875718319559383e+04,4.637673822755616904e-01,4.637673822755616904e-01,1.000000000000022204e+00
7.298000000000000000e+03,4.585468637179661891e+04,5.384717665196940839e-01,5.384717665196940839e-01,9.999999999997898348e-01
7.327000000000000000e+03,4.603689874570482789e+04,-5.039927638547098132e-01,5.039927638547098132e-01,9.999999999999695799e-01
7.355000000000000000e+03,4.621282793430586025e+04,-3.641727058174883402e-01,3.641727058174883402e-01,9.999999999999085176e-01
7.384000000000000000e+03,4.639504030821406195e+04,4.827561067680487539e-01,4.827561067680487539e-01,1.000000000000075273e+00
7.413000000000000000e+03,4.657725268212227093e+04,-3.429568081368734034e-01,3.429568081368734034e-01,9.999999999999781286e-01
7.442000000000000000e+03,4.675946505603047990e+04,3.687539618364810146e-01,3.687539618364810146e-01,1.000000000000012212e+00
7.471000000000000000e+03,4.694167742993868887e+04,-2.138859011663927778e-01,2.138859011663927778e-01,9.999999999999442668e-01
7.500000000000000000e+03,4.712388980384689785e+04,2.712147969837643280e-01,2.712147969837643280e-01,1.000000000000072831e+00
7.529000000000000000e+03,4.730610217775510682e+04,1.162086585038959313e-02,-1.162086585038959313e-02,1.000000000000030198e+00
7.558000000000000000e+03,4.748831455166331580e+04,-1.640902926847578533e-02,-1.640902926847578533e-02,1.000000000000180078e+00
7.587000000000000000e+03,4.767052692557151749e+04,2.961002844567553471e-02,-2.961002844567553471e-02,9.999999999999091838e-01
7.617000000000000000e+03,4.785902248478691035e+04,-1.582540224726222411e-01,1.582540224726222411e-01,1.000000000000152767e+00
7.647000000000000000e+03,4.804751804400229594e+04,7.025904761452558822e-02,-7.025904761452558822e-02,9.999999999999625855e-01
7.676000000000000000e+03,4.822973041791050491e+04,-1.887380432523671492e-01,-1.887380432523671492e-01,1.000000000000168532e+00
7.706000000000000000e+03,4.841822597712589049e+04,-3.597760106845127592e-01,-3.597760106845127592e-01,9.999999999999880096e-01
7.736000000000000000e+03,4.860672153634127608e+04,-2.199229618935451269e-01,-2.199229618935451269e-01,1.000000000000148326e+00
7.766000000000000000e+03,4.879521709555666894e+04,-1.754518766109806061e-01,-1.754518766109806061e-01,1.000000000000005107e+00
7.797000000000000000e+03,4.898999584007923113e+04,3.444238109021365846e-01,-3.444238109021365846e-01,9.999999999999833467e-01
7.827000000000000000e+03,4.917849139929462399e+04,4.770585556002331362e-01,-4.770585556002331362e-01,1.000000000000102585e+00
7.857000000000000000e+03,4.936698695851000957e+04,4.431753135389908116e-01,-4.431753135389908116e-01,1.000000000000045297e+00
7.888000000000000000e+03,4.956176570303257904e+04,-3.934150468728656036e-01,-3.934150468728656036e-01,1.000000000000089928e+00
7.919000000000000000e+03,4.975654444755514123e+04,5.591169993151182682e-01,-5.591169993151182682e-01,1.000000000000047962e+00
7.949000000000000000e+03,4.994504000677053409e+04,4.446472714040170526e-01,-4.446472714040170526e-01,1.000000000000057510e+00
7.980000000000000000e+03,5.013981875129309628e+04,-6.814732370123253169e-01,-6.814732370123253169e-01,1.000000000000002887e+00
8.011000000000000000e+03,5.033459749581566575e+04,4.783203068607603803e-01,-4.783203068607603803e-01,1.000000000000032641e+00
8.043000000000000000e+03,5.053565942564541183e+04,5.282389549451768085e-01,-5.282389549451768085e-01,1.000000000000092149e+00
8.074000000000000000e+03,5.073043817016798130e+04,-4.666579899155302025e-01,-4.666579899155302025e-01,1.000000000000077938e+00
8.105000000000000000e+03,5.092521691469054349e+04,2.925859763848130957e-01,-2.925859763848130957e-01,9.999999999999745759e-01
8.137000000000000000e+03,5.112627884452028957e+04,4.123629902335869679e-01,-4.123629902335869679e-01,1.000000000000113021e+00
8.169000000000000000e+03,5.132734077435004292e+04,1.523832317379345824e-01,-1.523832317379345824e-01,9.999999999999682476e-01
8.200000000000000000e+03,5.152211951887260511e+04,6.337230144904938689e-02,6.337230144904938689e-02,9.999999999998824274e-01
8.232000000000000000e+03,5.172318144870235119e+04,-2.362036374191774871e-03,-2.362036374191774871e-03,1.000000000000069056e+00
8.264000000000000000e+03,5.192424337853209727e+04,-1.813104875479733258e-01,-1.813104875479733258e-01,9.999999999998357980e-01
8.296000000000000000e+03,5.212530530836185062e+04,-4.084613264286805767e-02,-4.084613264286805767e-02,1.000000000000045963e+00
8.329000000000000000e+03,5.233265042349877331e+04,1.153510030605022288e-02,-1.153510030605022288e-02,1.000000000000063283e+00
8.361000000000000000e+03,5.253371235332851938e+04,-2.056356987023823801e-01,2.056356987023823801e-01,9.999999999998970823e-01
8.394000000000000000e+03,5.274105746846544935e+04,1.758836318216559225e-01,1.758836318216559225e-01,1.000000000000010658e+00
8.426000000000000000e+03,5.294211939829519542e+04,3.085891963522313097e-01,3.085891963522313097e-01,1.000000000000065281e+00
8.459000000000000000e+03,5.314946451343211811e+04,-3.364506300065091549e-01,3.364506300065091549e-01,9.999999999999608091e-01
8.492000000000000000e+03,5.335680962856904807e+04,4.791669251132927854e-01,4.791669251132927854e-01,1.000000000000119238e+00
8.525000000000000000e+03,5.356415474370597076e+04,-3.848358798075225962e-01,3.848358798075225962e-01,1.000000000000023315e+00
8.558000000000000000e+03,5.377149985884290072e+04,4.966924303365291005e-01,4.966924303365291005e-01,1.000000000000092371e+00
8.592000000000000000e+03,5.398512815928700729e+04,5.376745669318098164e-01,5.376745669318098164e-01,1.000000000000004663e+00
8.625000000000000000e+03,5.419247327442392998e+04,-3.318398449444358023e-01,3.318398449444358023e-01,1.000000000000073941e+00
8.659000000000000000e+03,5.440610157486803655e+04,-5.302273268347907909e-01,5.302273268347907909e-01,1.000000000000076161e+00
8.692000000000000000e+03,5.461344669000496651e+04,5.477837090349405580e-01,5.477837090349405580e-01,1.000000000000060174e+00
8.726000000000000000e+03,5.482707499044907308e+04,4.205192525977737295e-01,4.205192525977737295e-01,9.999999999999948930e-01
8.760000000000000000e+03,5.504070329089317238e+04,4.624101162655954167e-01,4.624101162655954167e-01,9.999999999999302780e-01
8.794000000000000000e+03,5.525433159133727895e+04,3.623864354949974387e-01,3.623864354949974387e-01,1.000000000000137446e+00
8.828000000000000000e+03,5.546795989178138552e+04,3.614202396768873560e-01,3.614202396768873560e-01,1.000000000000003775e+00
8.863000000000000000e+03,5.568787137753267598e+04,-4.984721932327438876e-01,4.984721932327438876e-01,9.999999999998555600e-01
8.897000000000000000e+03,5.590149967797677527e+04,-1.950022278752945315e-01,1.950022278752945315e-01,9.999999999998961941e-01
8.932000000000000000e+03,5.612141116372806573e+04,1.950761905425214132e-02,1.950761905425214132e-02,9.999999999998845368e-01
8.967000000000000000e+03,5.634132264947934891e+04,-4.272189403093489685e-02,4.272189403093489685e-02,9.999999999999195088e-01
9.001000000000000000e+03,5.655495094992345548e+04,1.147247719445168984e-01,-1.147247719445168984e-01,9.999999999999554801e-01
9.036000000000000000e+03,5.677486243567473866e+04,-2.094214863937941123e-02,-2.094214863937941123e-02,9.999999999998001599e-01
9.072000000000000000e+03,5.700105710673320573e+04,4.426108730329284674e-02,4.426108730329284674e-02,9.999999999998908651e-01
9.107000000000000000e+03,5.722096859248448891e+04,2.665392510472636145e-01,-2.665392510472636145e-01,9.999999999999469313e-01
9.142000000000000000e+03,5.744088007823577937e+04,-3.191674016980277639e-01,-3.191674016980277639e-01,9.999999999999460432e-01
9.178000000000000000e+03,5.766707474929423915e+04,-2.006815073095776780e-01,-2.006815073095776780e-01,9.999999999998262501e-01
9.214000000000000000e+03,5.789326942035270622e+04,-2.895170896337292410e-01,-2.895170896337292410e-01,9.999999999998104849e-01
9.249000000000000000e+03,5.811318090610399668e+04,4.199905731458258851e-01,-4.199905731458258851e-01,9.999999999998168132e-01
9.285000000000000000e+03,5.833937557716245647e+04,8.556391239034383256e-01,-8.556391239034383256e-01,9.999999999997645217e-01
9.322000000000000000e+03,5.857185343352810014e+04,-6.041321815426461406e-01,-6.041321815426461406e-01,9.999999999997571942e-01
9.358000000000000000e+03,5.879804810458656721e+04,-5.015382533519107122e-01,-5.015382533519107122e-01,9.999999999998523403e-01
9.394000000000000000e+03,5.902424277564503427e+04,-4.155996415769578345e-01,-4.155996415769578345e-01,9.999999999998798739e-01
9.431000000000000000e+03,5.925672063201067795e+04,5.448800145266593509e-01,-5.448800145266593509e-01,9.999999999998664402e-01
9.468000000000000000e+03,5.948919848837632162e+04,-4.599818380168930188e-01,-4.599818380168930188e-01,9.999999999998664402e-01
9.504000000000000000e+03,5.971539315943478869e+04,-3.046358815480144644e-01,-3.046358815480144644e-01,9.999999999998361311e-01
9.541000000000000000e+03,5.994787101580043236e+04,3.794865748050396115e-01,-3.794865748050396115e-01,9.999999999998240297e-01
9.578000000000000000e+03,6.018034887216607603e+04,-2.841606849836332827e-01,-2.841606849836332827e-01,9.999999999997581934e-01
9.616000000000000000e+03,6.041910991383890359e+04,-1.250786661605107486e-01,-1.250786661605107486e-01,9.999999999997325473e-01
9.653000000000000000e+03,6.065158777020454727e+04,-5.543908718979430328e-02,5.543908718979430328e-02,9.999999999998292477e-01
9.691000000000000000e+03,6.089034881187736755e+04,9.046463809308030735e-02,-9.046463809308030735e-02,9.999999999998122613e-01
9.728000000000000000e+03,6.112282666824301123e+04,6.131594492596134649e-02,6.131594492596134649e-02,9.999999999997170042e-01
9.766000000000000000e+03,6.136158770991583879e+04,2.788225876161501415e-01,2.788225876161501415e-01,9.999999999996678213e-01
9.804000000000000000e+03,6.160034875158866635e+04,1.797223622560505663e-01,1.797223622560505663e-01,9.999999999997633005e-01
9.842000000000000000e+03,6.183910979326148663e+04,1.935176154092391188e-01,1.935176154092391188e-01,9.999999999997110089e-01
9.881000000000000000e+03,6.208415402024149080e+04,-4.578935529730698284e-01,4.578935529730698284e-01,9.999999999996443956e-01
9.919000000000000000e+03,6.232291506191431836e+04,-3.253838158375934597e-01,3.253838158375934597e-01,9.999999999996829203e-01
9.958000000000000000e+03,6.256795928889432253e+04,4.345943120489078604e-01,4.345943120489078604e-01,9.999999999996643796e-01
9.997000000000000000e+03,6.281300351587432669e+04,-4.686521793871845087e-01,4.686521793871845087e-01,9.999999999996540545e-01
1.003500000000000000e+04,6.305176455754714698e+04,-4.803162761254824997e-01,4.803162761254824997e-01,9.999999999996398437e-01
1.007500000000000000e+04,6.330309196983432776e+04,-3.614681762468288095e-01,3.614681762468288095e-01,9.999999999996848077e-01
1.011400000000000000e+04,6.354813619681433192e+04,6.159131990047672645e-01,6.159131990047672645e-01,9.999999999995324851e-01
1.015300000000000000e+04,6.379318042379433609e+04,-3.145650181862150174e-01,3.145650181862150174e-01,9.999999999996479483e-01
1.019300000000000000e+04,6.404450783608152415e+04,-4.942744983637203937e-01,4.942744983637203937e-01,9.999999999995696776e-01
1.023200000000000000e+04,6.428955206306152832e+04,4.375040859632772783e-01,4.375040859632772783e-01,9.999999999995484723e-01
1.027200000000000000e+04,6.454087947534870909e+04,3.213589475458538125e-01,3.213589475458538125e-01,9.999999999996250777e-01
1.031200000000000000e+04,6.479220688763588987e+04,4.234574951673719667e-01,4.234574951673719667e-01,9.999999999995740074e-01
1.035200000000000000e+04,6.504353429992307792e+04,2.675460168486285539e-01,2.675460168486285539e-01,9.999999999996915800e-01
1.039200000000000000e+04,6.529486171221025870e+04,1.638073284320703538e-01,1.638073284320703538e-01,9.999999999996656008e-01
1.043300000000000000e+04,6.555247230980462336e+04,-8.484870099206096028e-02,8.484870099206096028e-02,9.999999999997382094e-01
1.047300000000000000e+04,6.580379972209180414e+04,1.045177739238574710e-01,-1.045177739238574710e-01,9.999999999997146727e-01
1.051400000000000000e+04,6.606141031968616880e+04,-1.170117204066911526e-01,-1.170117204066911526e-01,9.999999999997079003e-01
1.055500000000000000e+04,6.631902091728053347e+04,2.811486410989187390e-01,-2.811486410989187390e-01,9.999999999997393196e-01
1.059600000000000000e+04,6.657663151487489813e+04,-1.954539464766317514e-01,-1.954539464766317514e-01,9.999999999996351807e-01
1.063700000000000000e+04,6.683424211246926279e+04,2.540469125523238114e-01,-2.540469125523238114e-01,9.999999999997131184e-01
1.067900000000000000e+04,6.709813589537079679e+04,4.744294210549100388e-01,-4.744294210549100388e-01,9.999999999996992406e-01
1.072000000000000000e+04,6.735574649296516145e+04,-2.616217202775558692e-01,-2.616217202775558692e-01,9.999999999997984945e-01
1.076200000000000000e+04,6.761964027586671000e+04,-5.237206650812632480e-01,-5.237206650812632480e-01,9.999999999998436806e-01
1.080400000000000000e+04,6.788353405876824399e+04,-3.745826180991421173e-01,-3.745826180991421173e-01,9.999999999997475353e-01
1.084600000000000000e+04,6.814742784166979254e+04,-6.660666122603037254e-01,-6.660666122603037254e-01,9.999999999996251887e-01
1.088800000000000000e+04,6.841132162457134109e+04,-6.583953087316773978e-01,-6.583953087316773978e-01,9.999999999997282174e-01
1.093100000000000000e+04,6.868149859278005897e+04,4.415226470235200096e-01,-4.415226470235200096e-01,9.999999999997528644e-01
1.097300000000000000e+04,6.894539237568159297e+04,4.388711317133784928e-01,-4.388711317133784928e-01,9.999999999997603028e-01
1.101600000000000000e+04,6.921556934389032540e+04,-2.989217322600055127e-01,-2.989217322600055127e-01,9.999999999996851408e-01
1.105900000000000000e+04,6.948574631209904328e+04,1.876319867609248238e-01,-1.876319867609248238e-01,9.999999999997624123e-01
1.110200000000000000e+04,6.975592328030776116e+04,-1.525396380762161254e-02,-1.525396380762161254e-02,9.999999999997855049e-01
1.114500000000000000e+04,7.002610024851649359e+04,1.934436524203967389e-01,-1.934436524203967389e-01,9.999999999997488676e-01
1.118800000000000000e+04,7.029627721672521147e+04,2.988001886508665494e-01,2.988001886508665494e-01,9.999999999997175593e-01
1.123200000000000000e+04,7.057273737024111324e+04,2.506839202261643140e-01,2.506839202261643140e-01,9.999999999997226663e-01
1.127600000000000000e+04,7.084919752375701501e+04,1.603912336461439381e-01,1.603912336461439381e-01,9.999999999997776223e-01
1.131900000000000000e+04,7.111937449196573289e+04,-1.156179018133532965e-01,1.156179018133532965e-01,9.999999999997916111e-01
1.136300000000000000e+04,7.139583464548163465e+04,-4.107285378038007528e-01,4.107285378038007528e-01,9.999999999997217781e-01
1.140800000000000000e+04,7.167857798430472030e+04,3.845635501030063574e-01,3.845635501030063574e-01,9.999999999997416511e-01
1.145200000000000000e+04,7.195503813782062207e+04,4.166596365430108029e-01,4.166596365430108029e-01,9.999999999998741007e-01
1.149700000000000000e+04,7.223778147664370772e+04,-5.398772323392317940e-01,5.398772323392317940e-01,9.999999999998102629e-01
1.154100000000000000e+04,7.251424163015960949e+04,-7.337355271589742767e-01,7.337355271589742767e-01,9.999999999998813172e-01
1.158600000000000000e+04,7.279698496898268058e+04,5.078201769461003767e-01,5.078201769461003767e-01,9.999999999999017453e-01
1.163100000000000000e+04,7.307972830780576624e+04,-2.268049532350379094e-01,2.268049532350379094e-01,9.999999999998326894e-01
1.167700000000000000e+04,7.336875483193602122e+04,-3.324861310340003762e-01,3.324861310340003762e-01,9.999999999999137357e-01
1.172200000000000000e+04,7.365149817075910687e+04,2.489763067008116115e-01,2.489763067008116115e-01,9.999999999998997469e-01
1.176800000000000000e+04,7.394052469488937641e+04,3.160882446670709167e-01,3.160882446670709167e-01,9.999999999998416822e-01
1.181300000000000000e+04,7.422326803371244750e+04,-2.683507646560476245e-01,2.683507646560476245e-01,9.999999999998814282e-01
1.185900000000000000e+04,7.451229455784271704e+04,-1.319126744180399574e-02,1.319126744180399574e-02,9.999999999999689138e-01
1.190600000000000000e+04,7.480760426728015591e+04,-6.380032657101518401e-02,-6.380032657101518401e-02,9.999999999999132916e-01
1.195200000000000000e+04,7.509663079141041089e+04,-1.990191037044471423e-01,-1.990191037044471423e-01,9.999999999999578115e-01
1.199800000000000000e+04,7.538565731554068043e+04,-2.291865023950325764e-01,-2.291865023950325764e-01,9.999999999998406830e-01
1.204500000000000000e+04,7.568096702497811930e+04,2.867920593672291241e-01,-2.867920593672291241e-01,9.999999999998600009e-01
1.209200000000000000e+04,7.597627673441555817e+04,-4.433448729795572696e-01,-4.433448729795572696e-01,1.000000000000017319e+00
1.213900000000000000e+04,7.627158644385299704e+04,5.000339559387511068e-01,-5.000339559387511068e-01,9.999999999999327205e-01
1.218600000000000000e+04,7.656689615329043590e+04,-5.316887833502103033e-01,-5.316887833502103033e-01,9.999999999999840128e-01
1.223400000000000000e+04,7.686848904803505866e+04,-5.139708685218113970e-01,-5.139708685218113970e-01,9.999999999999353850e-01
1.228100000000000000e+04,7.716379875747249753e+04,2.592956096352244111e-01,-2.592956096352244111e-01,9.999999999998795408e-01
1.232900000000000000e+04,7.746539165221712028e+04,3.916053445191331472e-01,-3.916053445191331472e-01,9.999999999999868994e-01
1.237700000000000000e+04,7.776698454696174304e+04,3.400526390981933877e-01,-3.400526390981933877e-01,9.999999999999862332e-01
1.242500000000000000e+04,7.806857744170636579e+04,4.541940863109878990e-01,-4.541940863109878990e-01,9.999999999999328315e-01
1.247300000000000000e+04,7.837017033645097399e+04,3.413062056151582313e-01,-3.413062056151582313e-01,1.000000000000090372e+00
1.252200000000000000e+04,7.867804641650278063e+04,-4.827183003904327030e-02,-4.827183003904327030e-02,1.000000000000035305e+00
1.257100000000000000e+04,7.898592249655457272e+04,8.779185175388615203e-02,-8.779185175388615203e-02,1.000000000000045297e+00
1.262000000000000000e+04,7.929379857660637936e+04,-2.181193515471775424e-01,-2.181193515471775424e-01,9.999999999999574785e-01
1.266900000000000000e+04,7.960167465665817144e+04,-1.687711557916401206e-01,1.687711557916401206e-01,1.000000000000002887e+00
1.271800000000000000e+04,7.990955073670997808e+04,5.058775294781581167e-01,5.058775294781581167e-01,1.000000000000034639e+00
1.276800000000000000e+04,8.022371000206895405e+04,3.555290140139247268e-01,3.555290140139247268e-01,9.999999999999921174e-01
1.281700000000000000e+04,8.053158608212076069e+04,-3.353895805512185913e-01,3.353895805512185913e-01,9.999999999999540368e-01
1.286700000000000000e+04,8.084574534747973667e+04,-7.040660485509491195e-01,7.040660485509491195e-01,9.999999999998749889e-01
1.291700000000000000e+04,8.115990461283871264e+04,-5.317199662849144692e-01,5.317199662849144692e-01,9.999999999999564793e-01
1.296700000000000000e+04,8.147406387819768861e+04,-4.645902089158658876e-01,4.645902089158658876e-01,9.999999999999634737e-01
1.301800000000000000e+04,8.179450632886384847e+04,3.767546729401722860e-01,3.767546729401722860e-01,9.999999999998803180e-01
1.306900000000000000e+04,8.211494877953000832e+04,-6.880432645144570758e-01,6.880432645144570758e-01,9.999999999999932276e-01
1.311900000000000000e+04,8.242910804488899885e+04,-4.668062909123463777e-01,4.668062909123463777e-01,9.999999999998894218e-01
1.317000000000000000e+04,8.274955049555514415e+04,1.242800020845358511e-01,1.242800020845358511e-01,9.999999999999032996e-01
1.322200000000000000e+04,8.307627613152848789e+04,3.680448973127259382e-01,3.680448973127259382e-01,9.999999999999351630e-01
1.327300000000000000e+04,8.339671858219464775e+04,-3.480472011318574421e-01,3.480472011318574421e-01,9.999999999998181455e-01
1.332500000000000000e+04,8.372344421816799149e+04,-6.173626742433303838e-02,6.173626742433303838e-02,9.999999999998678835e-01
1.337700000000000000e+04,8.405016985414132068e+04,-7.174902180776468463e-02,7.174902180776468463e-02,9.999999999997881694e-01
1.342900000000000000e+04,8.437689549011466443e+04,1.933807346761636792e-01,-1.933807346761636792e-01,9.999999999998282485e-01
1.348100000000000000e+04,8.470362112608800817e+04,3.241521889147180313e-01,-3.241521889147180313e-01,9.999999999997696287e-01
1.353300000000000000e+04,8.503034676206133736e+04,1.524159658930794303e-01,-1.524159658930794303e-01,9.999999999998665512e-01
1.358600000000000000e+04,8.536335558334186499e+04,-4.320597214464982350e-01,-4.320597214464982350e-01,9.999999999998803180e-01
1.363900000000000000e+04,8.569636440462237806e+04,7.562198572232592397e-01,-7.562198572232592397e-01,9.999999999997873923e-01
1.369200000000000000e+04,8.602937322590289114e+04,-6.211656935924099177e-01,-6.211656935924099177e-01,9.999999999998098188e-01
1.374500000000000000e+04,8.636238204718341876e+04,5.975992487586426760e-01,-5.975992487586426760e-01,9.999999999998776534e-01
1.379900000000000000e+04,8.670167405377111572e+04,6.111841134101679840e-01,-6.111841134101679840e-01,9.999999999998651079e-01
1.385200000000000000e+04,8.703468287505162880e+04,-2.544082283588026683e-01,-2.544082283588026683e-01,9.999999999997746247e-01
1.390600000000000000e+04,8.737397488163932576e+04,-1.309044397153139305e-01,-1.309044397153139305e-01,9.999999999998305800e-01
1.396000000000000000e+04,8.771326688822702272e+04,-7.830050739053653897e-02,-7.830050739053653897e-02,9.999999999997446487e-01
1.401500000000000000e+04,8.805884208012190356e+04,7.515953250504409100e-02,-7.515953250504409100e-02,9.999999999996834754e-01
1.406900000000000000e+04,8.839813408670960052e+04,2.333439373202562117e-01,-2.333439373202562117e-01,9.999999999996760369e-01
1.412400000000000000e+04,8.874370927860448137e+04,8.847789421895645157e-02,8.847789421895645157e-02,9.999999999997527533e-01
1.417900000000000000e+04,8.908928447049934766e+04,-2.479559972932607603e-01,2.479559972932607603e-01,9.999999999996795896e-01
1.423400000000000000e+04,8.943485966239422851e+04,3.299060319614763315e-01,3.299060319614763315e-01,9.999999999995898836e-01
1.429000000000000000e+04,8.978671803959629324e+04,6.026682308813474664e-01,6.026682308813474664e-01,9.999999999995815569e-01
1.434500000000000000e+04,9.013229323149115953e+04,-5.471463861060724687e-01,5.471463861060724687e-01,9.999999999996902478e-01
1.440100000000000000e+04,9.048415160869322426e+04,-5.894989171122236860e-01,5.894989171122236860e-01,9.999999999997590816e-01
1.445700000000000000e+04,9.083600998589527444e+04,-4.039602006722530780e-01,4.039602006722530780e-01,9.999999999996742606e-01
1.451300000000000000e+04,9.118786836309733917e+04,-5.389638860768851680e-01,5.389638860768851680e-01,9.999999999996653788e-01
1.457000000000000000e+04,9.154600992560657323e+04,5.338463137308293582e-01,5.338463137308293582e-01,9.999999999997312150e-01
1.462600000000000000e+04,9.189786830280862341e+04,3.675467587400546576e-01,3.675467587400546576e-01,9.999999999996370681e-01
1.468300000000000000e+04,9.225600986531785748e+04,-2.364026319906908646e-01,2.364026319906908646e-01,9.999999999996291855e-01
1.474100000000000000e+04,9.262043461313427542e+04,5.278782991733589613e-02,-5.278782991733589613e-02,9.999999999997730704e-01
1.479800000000000000e+04,9.297857617564352404e+04,4.628561435088676679e-02,4.628561435088676679e-02,9.999999999996268540e-01
1.485500000000000000e+04,9.333671773815275810e+04,3.473597859103101371e-01,-3.473597859103101371e-01,9.999999999996632694e-01
1.491300000000000000e+04,9.370114248596917605e+04,2.598200588342864936e-01,-2.598200588342864936e-01,9.999999999995453637e-01
1.497100000000000000e+04,9.406556723378557945e+04,6.723118388663338330e-01,-6.723118388663338330e-01,9.999999999996237454e-01
1.503000000000000000e+04,9.443627516690918128e+04,-3.543789845233247804e-01,-3.543789845233247804e-01,9.999999999995845545e-01
1.508800000000000000e+04,9.480069991472559923e+04,-6.404141574600707987e-01,-6.404141574600707987e-01,9.999999999996180833e-01
1.514700000000000000e+04,9.517140784784918651e+04,5.004371476943745289e-01,-5.004371476943745289e-01,9.999999999996049826e-01
1.520600000000000000e+04,9.554211578097278834e+04,-5.042238163933505657e-01,-5.042238163933505657e-01,9.999999999996150857e-01
1.526500000000000000e+04,9.591282371409639018e+04,2.742963875206784752e-01,-2.742963875206784752e-01,9.999999999996056488e-01
1.532400000000000000e+04,9.628353164721997746e+04,-3.716001182674255054e-01,-3.716001182674255054e-01,9.999999999996757039e-01
1.538400000000000000e+04,9.666052276565074862e+04,-3.552265654298896597e-02,-3.552265654298896597e-02,9.999999999995479172e-01
1.544400000000000000e+04,9.703751388408153434e+04,8.361222042134817956e-03,8.361222042134817956e-03,9.999999999996799227e-01
1.550400000000000000e+04,9.741450500251230551e+04,2.338913405502481280e-01,2.338913405502481280e-01,9.999999999995475841e-01
1.556400000000000000e+04,9.779149612094307668e+04,1.738176678478423609e-01,1.738176678478423609e-01,9.999999999995786704e-01
1.562500000000000000e+04,9.817477042468103173e+04,-4.173272504847762021e-01,4.173272504847762021e-01,9.999999999996527222e-01
1.568600000000000000e+04,9.855804472841898678e+04,2.266395217726104583e-01,2.266395217726104583e-01,9.999999999996732614e-01
1.574700000000000000e+04,9.894131903215694183e+04,-4.120754699193208137e-01,4.120754699193208137e-01,9.999999999997203348e-01
1.580800000000000000e+04,9.932459333589489688e+04,2.671926883850801460e-01,2.671926883850801460e-01,9.999999999997323252e-01
1.586900000000000000e+04,9.970786763963285193e+04,-4.617146198037683225e-01,4.617146198037683225e-01,9.999999999995988764e-01
1.593100000000000000e+04,1.000974251286779909e+05,-5.097552662474770235e-01,5.097552662474770235e-01,9.999999999996626032e-01
1.599300000000000000e+04,1.004869826177231298e+05,-4.085519253341869939e-01,4.085519253341869939e-01,9.999999999998196998e-01
1.605500000000000000e+04,1.008765401067682542e+05,-5.140216744859179565e-01,5.140216744859179565e-01,9.999999999998244737e-01
1.611800000000000000e+04,1.012723807811205770e+05,1.084089762156393716e-01,1.084089762156393716e-01,9.999999999996714850e-01
1.618000000000000000e+04,1.016619382701657014e+05,2.810232837014709634e-02,2.810232837014709634e-02,9.999999999996054267e-01
1.624300000000000000e+04,1.020577789445180242e+05,1.079878100969830224e-01,-1.079878100969830224e-01,9.999999999996976863e-01
1.630700000000000000e+04,1.024599028041775164e+05,1.128150248638776082e-01,-1.128150248638776082e-01,9.999999999997861710e-01
1.637000000000000000e+04,1.028557434785298246e+05,-2.672836211615729485e-01,-2.672836211615729485e-01,9.999999999997809530e-01
1.643400000000000000e+04,1.032578673381893168e+05,-4.147764177332678992e-01,-4.147764177332678992e-01,9.999999999997897238e-01
1.649800000000000000e+04,1.036599911978488090e+05,-7.120354518252353104e-01,-7.120354518252353104e-01,9.999999999999047429e-01
1.656200000000000000e+04,1.040621150575083011e+05,-4.715961207610851469e-01,-4.715961207610851469e-01,9.999999999998020472e-01
1.662600000000000000e+04,1.044642389171678078e+05,-6.246050084762955201e-01,-6.246050084762955201e-01,9.999999999998124833e-01
1.669100000000000000e+04,1.048726459621344693e+05,3.145324268050251337e-01,-3.145324268050251337e-01,9.999999999999585887e-01
1.675600000000000000e+04,1.052810530071011453e+05,-3.402283292303695528e-01,-3.402283292303695528e-01,9.999999999997893907e-01
1.682100000000000000e+04,1.056894600520678214e+05,4.541393124637261858e-01,-4.541393124637261858e-01,9.999999999998363531e-01
1.688700000000000000e+04,1.061041502823416668e+05,5.290099697042482257e-02,-5.290099697042482257e-02,9.999999999998655520e-01
1.695200000000000000e+04,1.065125573273083428e+05,2.440105478464789646e-01,2.440105478464789646e-01,9.999999999997153388e-01
1.701800000000000000e+04,1.069272475575822027e+05,1.419507782762136627e-01,1.419507782762136627e-01,9.999999999999340528e-01
1.708500000000000000e+04,1.073482209731632320e+05,-2.692688607392426103e-01,2.692688607392426103e-01,9.999999999998174793e-01
1.715100000000000000e+04,1.077629112034370773e+05,-6.286453724914240482e-01,6.286453724914240482e-01,9.999999999999099609e-01
1.721800000000000000e+04,1.081838846190181212e+05,4.219829337260869173e-01,4.219829337260869173e-01,9.999999999998405720e-01
1.728500000000000000e+04,1.086048580345991504e+05,-2.974059161380762650e-01,2.974059161380762650e-01,9.999999999999034106e-01
1.735200000000000000e+04,1.090258314501801797e+05,5.693572030869494816e-01,5.693572030869494816e-01,9.999999999997978284e-01
1.742000000000000000e+04,1.094530880510683928e+05,6.169354748875772732e-01,6.169354748875772732e-01,9.999999999998865352e-01
1.748700000000000000e+04,1.098740614666494221e+05,-2.138317354826099748e-02,2.138317354826099748e-02,9.999999999998312461e-01
1.755500000000000000e+04,1.103013180675376352e+05,-3.321813640793204181e-01,3.321813640793204181e-01,9.999999999999705791e-01
1.762400000000000000e+04,1.107348578537330322e+05,1.544655017082675608e-01,1.544655017082675608e-01,9.999999999998850919e-01
1.769200000000000000e+04,1.111621144546212454e+05,-1.067385227551466836e-01,-1.067385227551466836e-01,9.999999999998673283e-01
1.776100000000000000e+04,1.115956542408166279e+05,2.784414457381022001e-01,-2.784414457381022001e-01,9.999999999998696598e-01
1.783000000000000000e+04,1.120291940270120249e+05,-4.124362099457810071e-01,-4.124362099457810071e-01,9.999999999999557021e-01
1.790000000000000000e+04,1.124690169985145913e+05,-4.791837302277584532e-01,-4.791837302277584532e-01,9.999999999997467581e-01
1.796900000000000000e+04,1.129025567847099883e+05,3.480705588533923867e-01,-3.480705588533923867e-01,9.999999999997534195e-01
1.803900000000000000e+04,1.133423797562125546e+05,5.199012568511276466e-01,-5.199012568511276466e-01,9.999999999999114042e-01
1.810900000000000000e+04,1.137822027277151210e+05,3.927269215279706738e-01,-3.927269215279706738e-01,9.999999999996510569e-01
1.818000000000000000e+04,1.142283088845248712e+05,-4.668059574261418376e-01,-4.668059574261418376e-01,9.999999999998395728e-01
1.825100000000000000e+04,1.146744150413346215e+05,2.405065408291430507e-01,-2.405065408291430507e-01,9.999999999997633005e-01
1.832200000000000000e+04,1.151205211981443717e+05,-9.866878144401186601e-02,-9.866878144401186601e-02,9.999999999996687094e-01
1.839300000000000000e+04,1.155666273549541365e+05,-9.711064197527397024e-02,9.711064197527397024e-02,9.999999999997104538e-01
1.846400000000000000e+04,1.160127335117638868e+05,6.017544571129358755e-02,6.017544571129358755e-02,9.999999999997429834e-01
1.853600000000000000e+04,1.164651228538808064e+05,2.377850150912840521e-01,2.377850150912840521e-01,9.999999999996794786e-01
1.860800000000000000e+04,1.169175121959977405e+05,5.290479481825053343e-01,5.290479481825053343e-01,9.999999999995928812e-01
1.868100000000000000e+04,1.173761847234218440e+05,-4.443656122689217947e-01,4.443656122689217947e-01,9.999999999997569722e-01
1.875400000000000000e+04,1.178348572508459620e+05,5.623932143565791852e-01,5.623932143565791852e-01,9.999999999997642997e-01
1.882600000000000000e+04,1.182872465929628961e+05,4.776557241498295969e-01,4.776557241498295969e-01,9.999999999995848876e-01
1.890000000000000000e+04,1.187522023056941835e+05,2.737239990009454060e-01,2.737239990009454060e-01,9.999999999995675681e-01
1.897300000000000000e+04,1.192108748331182869e+05,-1.272586239722201529e-01,1.272586239722201529e-01,9.999999999994791944e-01
1.904700000000000000e+04,1.196758305458495743e+05,1.899108603815724550e-02,-1.899108603815724550e-02,9.999999999994831912e-01
1.912100000000000000e+04,1.201407862585808616e+05,4.193692588021824541e-02,-4.193692588021824541e-02,9.999999999996365130e-01
1.919600000000000000e+04,1.206120251566193328e+05,-3.494688190438878794e-01,-3.494688190438878794e-01,9.999999999996638245e-01
1.927000000000000000e+04,1.210769808693506202e+05,-2.216101310845937089e-01,-2.216101310845937089e-01,9.999999999994703126e-01
1.934500000000000000e+04,1.215482197673890914e+05,4.851493429179590255e-01,-4.851493429179590255e-01,9.999999999995177191e-01
1.942100000000000000e+04,1.220257418507347465e+05,5.999371135539658395e-01,-5.999371135539658395e-01,9.999999999994843014e-01
1.949600000000000000e+04,1.224969807487732178e+05,-5.206704462495960195e-01,-5.206704462495960195e-01,9.999999999995503597e-01
1.957200000000000000e+04,1.229745028321188584e+05,-6.049051718897927588e-01,-6.049051718897927588e-01,9.999999999994053645e-01
1.964800000000000000e+04,1.234520249154645135e+05,-2.522031228137635028e-01,-2.522031228137635028e-01,9.999999999994999555e-01
1.972500000000000000e+04,1.239358301841173379e+05,2.124097733282727107e-01,-2.124097733282727107e-01,9.999999999994562128e-01
1.980100000000000000e+04,1.244133522674629930e+05,3.510864379341612634e-02,-3.510864379341612634e-02,9.999999999994733102e-01
1.987800000000000000e+04,1.248971575361158175e+05,2.331518363850761943e-01,2.331518363850761943e-01,9.999999999996272981e-01
1.995600000000000000e+04,1.253872459900758258e+05,2.140962700261413443e-01,2.140962700261413443e-01,9.999999999995343725e-01
2.003300000000000000e+04,1.258710512587286503e+05,-2.621024536182410825e-01,2.621024536182410825e-01,9.999999999995067279e-01
2.011100000000000000e+04,1.263611397126886586e+05,-4.825678118343277312e-01,4.825678118343277312e-01,9.999999999995956568e-01
2.019000000000000000e+04,1.268575113519558508e+05,4.097790994853229285e-01,4.097790994853229285e-01,9.999999999995492495e-01
2.026800000000000000e+04,1.273475998059158592e+05,2.179282160444273586e-01,2.179282160444273586e-01,9.999999999995373701e-01
2.034700000000000000e+04,1.278439714451830368e+05,-2.084014519140886534e-01,2.084014519140886534e-01,9.999999999995974331e-01
2.042600000000000000e+04,1.283403430844502291e+05,2.314821315764195586e-01,2.314821315764195586e-01,9.999999999996451727e-01
2.050600000000000000e+04,1.288429979090245906e+05,8.174761966176066763e-02,8.174761966176066763e-02,9.999999999997086775e-01
2.058500000000000000e+04,1.293393695482917828e+05,1.167275913490017358e-01,-1.167275913490017358e-01,9.999999999997157829e-01
2.066600000000000000e+04,1.298483075581733283e+05,-2.758615452594527784e-01,-2.758615452594527784e-01,9.999999999997621902e-01
2.074600000000000000e+04,1.303509623827476898e+05,-4.261074553178874069e-01,-4.261074553178874069e-01,9.999999999997430944e-01
2.082700000000000000e+04,1.308599003926292353e+05,6.425514849191072964e-01,-6.425514849191072964e-01,9.999999999997795097e-01
2.090800000000000000e+04,1.313688384025107953e+05,-6.217669058185510966e-01,-6.217669058185510966e-01,9.999999999997145617e-01
2.098900000000000000e+04,1.318777764123923262e+05,3.971712337046818808e-01,-3.971712337046818808e-01,9.999999999997214450e-01
2.107100000000000000e+04,1.323929976075810555e+05,1.469546725737565229e-01,-1.469546725737565229e-01,9.999999999996633804e-01
2.115300000000000000e+04,1.329082188027697848e+05,-1.981362286996796521e-02,1.981362286996796521e-02,9.999999999996560529e-01
2.123500000000000000e+04,1.334234399979585141e+05,-3.426020605916264145e-02,3.426020605916264145e-02,9.999999999997259970e-01
2.131800000000000000e+04,1.339449443784544128e+05,4.966243381960550041e-02,4.966243381960550041e-02,9.999999999997646327e-01
2.140100000000000000e+04,1.344664487589503115e+05,-3.546276922568364909e-01,3.546276922568364909e-01,9.999999999997349898e-01
2.148400000000000000e+04,1.349879531394462392e+05,3.213101772147671231e-01,3.213101772147671231e-01,9.999999999997878364e-01
2.156800000000000000e+04,1.355157407052493072e+05,2.470096326339239201e-01,2.470096326339239201e-01,9.999999999998583355e-01
2.165100000000000000e+04,1.360372450857452350e+05,-4.420563233168815498e-01,4.420563233168815498e-01,9.999999999997853939e-01
2.173600000000000000e+04,1.365713158368554723e+05,6.449136273822678733e-01,6.449136273822678733e-01,9.999999999997436495e-01
2.182000000000000000e+04,1.370991034026585694e+05,3.505869617415131034e-01,3.505869617415131034e-01,9.999999999998311351e-01
2.190500000000000000e+04,1.376331741537688358e+05,-3.498609981751448217e-01,3.498609981751448217e-01,9.999999999996797007e-01
2.199000000000000000e+04,1.381672449048791023e+05,8.224376355764212443e-02,8.224376355764212443e-02,9.999999999998546718e-01
2.207600000000000000e+04,1.387075988412965380e+05,-3.458725486098718216e-01,-3.458725486098718216e-01,9.999999999997999378e-01
2.216200000000000000e+04,1.392479527777140029e+05,-2.668426853525635578e-01,-2.668426853525635578e-01,9.999999999998192557e-01
2.224800000000000000e+04,1.397883067141314386e+05,-4.135087207396392350e-01,-4.135087207396392350e-01,9.999999999997244426e-01
2.233500000000000000e+04,1.403349438358560728e+05,4.394054021918807340e-01,-4.394054021918807340e-01,9.999999999997077893e-01
2.242200000000000000e+04,1.408815809575806779e+05,-3.148642463069794561e-01,-3.148642463069794561e-01,9.999999999997595257e-01
2.250900000000000000e+04,1.414282180793053121e+05,4.751019243396880087e-01,-4.751019243396880087e-01,9.999999999998409050e-01
2.259600000000000000e+04,1.419748552010299172e+05,-1.579342765058264486e-01,-1.579342765058264486e-01,9.999999999997408739e-01
2.268400000000000000e+04,1.425277755080617208e+05,-5.547257007013715879e-03,-5.547257007013715879e-03,9.999999999996630473e-01
2.277300000000000000e+04,1.430869790004007227e+05,-3.958055165059108371e-01,3.958055165059108371e-01,9.999999999996783684e-01
2.286100000000000000e+04,1.436398993074325263e+05,-3.322181909368437935e-01,3.322181909368437935e-01,9.999999999997699618e-01
2.295000000000000000e+04,1.441991027997714991e+05,6.881629295048714567e-01,6.881629295048714567e-01,9.999999999995202726e-01
2.303900000000000000e+04,1.447583062921105011e+05,-6.770903653395162758e-01,6.770903653395162758e-01,9.999999999995631272e-01
2.312900000000000000e+04,1.453237929697566433e+05,-4.314138205544777449e-01,4.314138205544777449e-01,9.999999999995817790e-01
2.321900000000000000e+04,1.458892796474028146e+05,-2.791953926325207447e-01,2.791953926325207447e-01,9.999999999994840794e-01
2.330900000000000000e+04,1.464547663250489859e+05,-1.945629537901265027e-01,1.945629537901265027e-01,9.999999999995901057e-01
2.340000000000000000e+04,1.470265361880023265e+05,-1.207311188454709971e-01,-1.207311188454709971e-01,9.999999999995955458e-01
2.349100000000000000e+04,1.475983060509556672e+05,1.791006784474712399e-01,-1.791006784474712399e-01,9.999999999995990985e-01
2.358300000000000000e+04,1.481763590992161771e+05,2.600031452825935507e-01,-2.600031452825935507e-01,9.999999999994785282e-01
2.367400000000000000e+04,1.487481289621695178e+05,-2.829097752041140890e-01,-2.829097752041140890e-01,9.999999999995422550e-01
2.376600000000000000e+04,1.493261820104300568e+05,-4.411744551600447206e-01,-4.411744551600447206e-01,9.999999999995278221e-01
2.385900000000000000e+04,1.499105182439977361e+05,5.386922194191837709e-01,-5.386922194191837709e-01,9.999999999994866329e-01
2.395200000000000000e+04,1.504948544775654445e+05,-5.195060850559578558e-01,-5.195060850559578558e-01,9.999999999993550714e-01
2.404500000000000000e+04,1.510791907111331529e+05,1.778887106671166451e-01,-1.778887106671166451e-01,9.999999999994169109e-01
2.413900000000000000e+04,1.516698101300080307e+05,-2.274037010322287056e-01,2.274037010322287056e-01,9.999999999994103606e-01
2.423200000000000000e+04,1.522541463635757391e+05,1.857867189376981032e-01,1.857867189376981032e-01,9.999999999994608757e-01
2.432700000000000000e+04,1.528510489677577862e+05,-2.969486821326385861e-01,2.969486821326385861e-01,9.999999999995244915e-01
2.442100000000000000e+04,1.534416683866326639e+05,-3.494216305091119579e-01,3.494216305091119579e-01,9.999999999994013677e-01
2.451600000000000000e+04,1.540385709908147401e+05,5.392187198156236372e-01,5.392187198156236372e-01,9.999999999994484412e-01
2.461200000000000000e+04,1.546417567803039856e+05,4.400348049470420020e-01,4.400348049470420020e-01,9.999999999996036504e-01
2.470800000000000000e+04,1.552449425697932311e+05,2.324157439113068713e-01,2.324157439113068713e-01,9.999999999995061728e-01
2.480400000000000000e+04,1.558481283592824475e+05,2.699222005655350087e-01,2.699222005655350087e-01,9.999999999994921840e-01
2.490000000000000000e+04,1.564513141487716930e+05,-1.728516408850489516e-01,-1.728516408850489516e-01,9.999999999995290434e-01
2.499700000000000000e+04,1.570607831235681078e+05,1.295588255861686855e-01,-1.295588255861686855e-01,9.999999999994486632e-01
2.509400000000000000e+04,1.576702520983645227e+05,-2.403409169982982374e-01,-2.403409169982982374e-01,9.999999999995701216e-01
2.519200000000000000e+04,1.582860042584681360e+05,-4.408399056393801363e-01,-4.408399056393801363e-01,9.999999999995288213e-01
2.529000000000000000e+04,1.589017564185717492e+05,-3.801067057084123735e-01,-3.801067057084123735e-01,9.999999999995848876e-01
2.538800000000000000e+04,1.595175085786753334e+05,-2.383857041565607404e-01,-2.383857041565607404e-01,9.999999999995295985e-01
2.548700000000000000e+04,1.601395439240861160e+05,2.541448450235746503e-01,-2.541448450235746503e-01,9.999999999995371480e-01
2.558600000000000000e+04,1.607615792694968986e+05,3.156334010004090418e-01,3.156334010004090418e-01,9.999999999996114219e-01
2.568600000000000000e+04,1.613898978002148506e+05,4.090799233920298233e-02,4.090799233920298233e-02,9.999999999996569411e-01
2.578600000000000000e+04,1.620182163309328025e+05,5.225691750682591730e-01,5.225691750682591730e-01,9.999999999996862510e-01
2.588600000000000000e+04,1.626465348616507836e+05,3.464129981459724839e-01,3.464129981459724839e-01,9.999999999996374012e-01
2.598700000000000000e+04,1.632811365776759048e+05,-6.457783021173582050e-01,6.457783021173582050e-01,9.999999999995451416e-01
2.608800000000000000e+04,1.639157382937010552e+05,4.181992777822227669e-01,4.181992777822227669e-01,9.999999999996613820e-01
2.619000000000000000e+04,1.645566231950333749e+05,3.426932527899703707e-01,3.426932527899703707e-01,9.999999999997827294e-01
2.629200000000000000e+04,1.651975080963656947e+05,-2.055187138976677808e-04,-2.055187138976677808e-04,9.999999999996778133e-01
2.639400000000000000e+04,1.658383929976979853e+05,-2.184030212485871258e-01,-2.184030212485871258e-01,9.999999999997595257e-01
2.649700000000000000e+04,1.664855610843375034e+05,4.145692691528914953e-01,-4.145692691528914953e-01,9.999999999998152589e-01
2.660000000000000000e+04,1.671327291709769925e+05,-3.171088785152508249e-01,-3.171088785152508249e-01,9.999999999997098987e-01
2.670300000000000000e+04,1.677798972576164815e+05,6.385891989498276855e-01,-6.385891989498276855e-01,9.999999999995955458e-01
2.680700000000000000e+04,1.684333485295631690e+05,2.246006676579325456e-01,-2.246006676579325456e-01,9.999999999997623013e-01
2.691100000000000000e+04,1.690867998015098565e+05,2.958814342927119090e-01,-2.958814342927119090e-01,9.999999999995724531e-01
2.701600000000000000e+04,1.697465342587637133e+05,-2.270559763251407959e-01,-2.270559763251407959e-01,9.999999999996911360e-01
2.712100000000000000e+04,1.704062687160175701e+05,-3.417536371514284799e-01,3.417536371514284799e-01,9.999999999995164979e-01
2.722700000000000000e+04,1.710722863585785963e+05,-3.013832619591497730e-01,3.013832619591497730e-01,9.999999999996518341e-01
2.733300000000000000e+04,1.717383040011396224e+05,-4.316843180917640521e-01,4.316843180917640521e-01,9.999999999995961009e-01
2.743900000000000000e+04,1.724043216437006777e+05,-8.211849582748366183e-01,8.211849582748366183e-01,9.999999999996832534e-01
2.754600000000000000e+04,1.730766224715688732e+05,2.598166280285850727e-01,2.598166280285850727e-01,9.999999999995422550e-01
2.765300000000000000e+04,1.737489232994370977e+05,-9.106111291183140166e-02,9.106111291183140166e-02,9.999999999996047606e-01
2.776100000000000000e+04,1.744275073126124917e+05,5.708643556179894031e-03,-5.708643556179894031e-03,9.999999999994066968e-01
2.786900000000000000e+04,1.751060913257878856e+05,1.149910478221860544e-01,-1.149910478221860544e-01,9.999999999995318190e-01
2.797700000000000000e+04,1.757846753389632795e+05,4.247310531804905920e-01,-4.247310531804905920e-01,9.999999999995528022e-01
2.808600000000000000e+04,1.764695425374458719e+05,-6.204613799775845484e-01,-6.204613799775845484e-01,9.999999999993074429e-01
2.819500000000000000e+04,1.771544097359284351e+05,4.180166962023945665e-01,-4.180166962023945665e-01,9.999999999994919619e-01
2.830500000000000000e+04,1.778455601197181968e+05,2.426915519138647948e-01,-2.426915519138647948e-01,9.999999999994096944e-01
2.841500000000000000e+04,1.785367105035079294e+05,2.053184590665087933e-02,-2.053184590665087933e-02,9.999999999993426369e-01
2.852600000000000000e+04,1.792341440726048895e+05,1.845852941672772654e-02,1.845852941672772654e-02,9.999999999994475530e-01
2.863700000000000000e+04,1.799315776417018205e+05,-3.363338905215154107e-01,3.363338905215154107e-01,9.999999999994690913e-01
2.874800000000000000e+04,1.806290112107987516e+05,4.077715121067504445e-01,4.077715121067504445e-01,9.999999999993937072e-01
2.886000000000000000e+04,1.813327279652028519e+05,6.366495806040393113e-01,6.366495806040393113e-01,9.999999999993283151e-01
2.897200000000000000e+04,1.820364447196069814e+05,4.856661860322261659e-01,4.856661860322261659e-01,9.999999999992250643e-01
2.908500000000000000e+04,1.827464446593182511e+05,-1.420440831145681482e-01,1.420440831145681482e-01,9.999999999994053645e-01
2.919800000000000000e+04,1.834564445990295499e+05,8.605495068479350473e-02,8.605495068479350473e-02,9.999999999994073629e-01
2.931200000000000000e+04,1.841727277240480180e+05,-3.170372359482127034e-01,-3.170372359482127034e-01,9.999999999993954836e-01
2.942600000000000000e+04,1.848890108490665152e+05,-4.200205040215891916e-01,-4.200205040215891916e-01,9.999999999995706768e-01
2.954000000000000000e+04,1.856052939740849833e+05,-6.922541731805147425e-01,-6.922541731805147425e-01,9.999999999995400346e-01
2.965500000000000000e+04,1.863278602844106208e+05,6.033114736429754377e-01,-6.033114736429754377e-01,9.999999999994851896e-01
2.977100000000000000e+04,1.870567097800434567e+05,6.294014952533451002e-01,-6.294014952533451002e-01,9.999999999994743094e-01
2.988600000000000000e+04,1.877792760903691233e+05,-2.282444954243048052e-01,-2.282444954243048052e-01,9.999999999994146904e-01
3.000300000000000000e+04,1.885144087713091285e+05,1.983435238891578800e-02,-1.983435238891578800e-02,9.999999999994565458e-01
3.011900000000000000e+04,1.892432582669419644e+05,-2.499424472955787957e-01,2.499424472955787957e-01,9.999999999995291544e-01
3.023700000000000000e+04,1.899846741331891390e+05,-2.979024371856068276e-01,2.979024371856068276e-01,9.999999999996054267e-01
3.035400000000000000e+04,1.907198068141291733e+05,2.060722649348955271e-01,2.060722649348955271e-01,9.999999999996395106e-01
3.047200000000000000e+04,1.914612226803763479e+05,2.208401696867631214e-01,2.208401696867631214e-01,9.999999999996334044e-01
3.059100000000000000e+04,1.922089217319307209e+05,6.635274133489448001e-02,-6.635274133489448001e-02,9.999999999995260458e-01
3.071000000000000000e+04,1.929566207834850939e+05,-3.180601649417156285e-01,-3.180601649417156285e-01,9.999999999995941025e-01
3.082900000000000000e+04,1.937043198350394669e+05,3.726324885329849734e-01,-3.726324885329849734e-01,9.999999999996110889e-01
3.094900000000000000e+04,1.944583020719010092e+05,4.565266205516129716e-01,-4.565266205516129716e-01,9.999999999996742606e-01
3.107000000000000000e+04,1.952185674940697500e+05,-4.905261567571769787e-01,-4.905261567571769787e-01,9.999999999995867750e-01
3.119100000000000000e+04,1.959788329162384616e+05,4.688379721561624081e-01,-4.688379721561624081e-01,9.999999999995216049e-01
3.131200000000000000e+04,1.967390983384072024e+05,-6.062087094130817061e-02,-6.062087094130817061e-02,9.999999999996621591e-01
3.143400000000000000e+04,1.975056469458831125e+05,2.298650777187104810e-01,2.298650777187104810e-01,9.999999999996973532e-01
3.155600000000000000e+04,1.982721955533590226e+05,5.638602060203983246e-01,5.638602060203983246e-01,9.999999999995334843e-01
3.167900000000000000e+04,1.990450273461421020e+05,-4.393306691289273203e-01,4.393306691289273203e-01,9.999999999996167510e-01
3.180200000000000000e+04,1.998178591389252106e+05,2.847285779608647593e-01,2.847285779608647593e-01,9.999999999994966249e-01
3.192600000000000000e+04,2.005969741170154593e+05,2.810359964093946950e-01,2.810359964093946950e-01,9.999999999994900746e-01
3.205000000000000000e+04,2.013760890951057372e+05,2.199347395498836011e-01,2.199347395498836011e-01,9.999999999995361488e-01
3.217500000000000000e+04,2.021614872585031844e+05,2.478763020508093773e-01,-2.478763020508093773e-01,9.999999999995237143e-01
3.230000000000000000e+04,2.029468854219006316e+05,-3.271925784436202078e-01,-3.271925784436202078e-01,9.999999999994563238e-01
3.242600000000000000e+04,2.037385667706052773e+05,-4.198995045182997154e-01,-4.198995045182997154e-01,9.999999999993974820e-01
3.255200000000000000e+04,2.045302481193098938e+05,-5.706050453279580825e-01,-5.706050453279580825e-01,9.999999999994760858e-01
3.267900000000000000e+04,2.053282126533217088e+05,3.068279570682967972e-01,-3.068279570682967972e-01,9.999999999992980060e-01
3.280600000000000000e+04,2.061261771873334947e+05,1.529139172912870048e-01,1.529139172912870048e-01,9.999999999992620348e-01
3.293400000000000000e+04,2.069304249066524790e+05,1.917800564086307169e-01,1.917800564086307169e-01,9.999999999992618127e-01
3.306200000000000000e+04,2.077346726259714924e+05,4.797518602461670056e-01,4.797518602461670056e-01,9.999999999992749133e-01
3.319000000000000000e+04,2.085389203452904767e+05,2.424700846199997484e-01,2.424700846199997484e-01,9.999999999993316457e-01
3.331900000000000000e+04,2.093494512499166303e+05,-6.126626837764971301e-01,6.126626837764971301e-01,9.999999999993508526e-01
3.344900000000000000e+04,2.101662653398499824e+05,-4.614760787699100780e-02,4.614760787699100780e-02,9.999999999992814637e-01
3.357900000000000000e+04,2.109830794297833345e+05,2.214237389905381326e-01,-2.214237389905381326e-01,9.999999999992842392e-01
3.371000000000000000e+04,2.118061767050238559e+05,-3.793152227731534931e-01,-3.793152227731534931e-01,9.999999999993425259e-01
3.384100000000000000e+04,2.126292739802643773e+05,4.109428794724597767e-01,-4.109428794724597767e-01,9.999999999993390842e-01
3.397300000000000000e+04,2.134586544408120972e+05,7.264251634727614260e-01,-7.264251634727614260e-01,9.999999999993746114e-01
3.410500000000000000e+04,2.142880349013597879e+05,8.082098130344528286e-02,-8.082098130344528286e-02,9.999999999993126609e-01
3.423800000000000000e+04,2.151236985472146771e+05,-7.872086656573674956e-02,-7.872086656573674956e-02,9.999999999993809396e-01
3.437100000000000000e+04,2.159593621930695663e+05,-4.971137600998942196e-01,4.971137600998942196e-01,9.999999999993328670e-01
3.450500000000000000e+04,2.168013090242316248e+05,-6.059087739009406670e-01,6.059087739009406670e-01,9.999999999993860467e-01
3.463900000000000000e+04,2.176432558553936833e+05,-2.526171770237612413e-01,2.526171770237612413e-01,9.999999999994496624e-01
3.477400000000000000e+04,2.184914858718629403e+05,4.949214155085159828e-01,4.949214155085159828e-01,9.999999999993681721e-01
3.490900000000000000e+04,2.193397158883321681e+05,-5.633710677332993402e-04,5.633710677332993402e-04,9.999999999994000355e-01
3.504500000000000000e+04,2.201942290901085944e+05,3.564321599782538375e-01,-3.564321599782538375e-01,9.999999999994596545e-01
3.518100000000000000e+04,2.210487422918850207e+05,4.289442320658960472e-01,-4.289442320658960472e-01,9.999999999994231281e-01
3.531800000000000000e+04,2.219095386789686163e+05,-3.855416948881353334e-01,-3.855416948881353334e-01,9.999999999995203837e-01
3.545500000000000000e+04,2.227703350660522410e+05,7.374997585651055232e-01,-7.374997585651055232e-01,9.999999999996131983e-01
3.559300000000000000e+04,2.236374146384430060e+05,7.403115399581489120e-02,-7.403115399581489120e-02,9.999999999996391775e-01
3.573200000000000000e+04,2.245107773961409694e+05,1.196314610534404271e-01,1.196314610534404271e-01,9.999999999996015410e-01
3.587100000000000000e+04,2.253841401538389327e+05,-6.141975231206840968e-01,6.141975231206840968e-01,9.999999999994586553e-01
3.601100000000000000e+04,2.262637860968440655e+05,-3.610755473973046303e-01,3.610755473973046303e-01,9.999999999995836664e-01
3.615100000000000000e+04,2.271434320398492273e+05,-5.162065737012329070e-01,5.162065737012329070e-01,9.999999999995492495e-01
3.629100000000000000e+04,2.280230779828543600e+05,7.653573646862593671e-02,-7.653573646862593671e-02,9.999999999994807487e-01
3.643300000000000000e+04,2.289152902964738605e+05,1.988271124905904574e-01,-1.988271124905904574e-01,9.999999999994747535e-01
3.657400000000000000e+04,2.298012194247861917e+05,-2.720232299648390750e-01,-2.720232299648390750e-01,9.999999999994234612e-01
3.671700000000000000e+04,2.306997149237128615e+05,4.358069827349590475e-01,-4.358069827349590475e-01,9.999999999992833510e-01
3.685900000000000000e+04,2.315919272373323620e+05,3.042093237694039054e-01,-3.042093237694039054e-01,9.999999999992923438e-01
3.700300000000000000e+04,2.324967059215662302e+05,1.233973680593987154e-01,-1.233973680593987154e-01,9.999999999993451905e-01
3.714700000000000000e+04,2.334014846058000985e+05,-1.335969636212789025e-01,1.335969636212789025e-01,9.999999999992970068e-01
3.729100000000000000e+04,2.343062632900339377e+05,-3.647150803387948503e-01,3.647150803387948503e-01,9.999999999992373878e-01
3.743700000000000000e+04,2.352236083448821737e+05,-6.693618729749980512e-01,6.693618729749980512e-01,9.999999999992548183e-01
3.758200000000000000e+04,2.361346702144232113e+05,4.814521281430101940e-01,4.814521281430101940e-01,9.999999999993320898e-01
3.772800000000000000e+04,2.370520152692714182e+05,3.024062703461828927e-01,3.024062703461828927e-01,9.999999999992702504e-01
3.787500000000000000e+04,2.379756435094268236e+05,1.078264216746489534e-01,-1.078264216746489534e-01,9.999999999991191491e-01
3.802300000000000000e+04,2.389055549348893983e+05,3.442063030383833988e-01,-3.442063030383833988e-01,9.999999999991504573e-01
3.817100000000000000e+04,2.398354663603519730e+05,7.072359529498452035e-01,-7.072359529498452035e-01,9.999999999992413846e-01
3.831900000000000000e+04,2.407653777858145768e+05,4.174410460516135846e-01,-4.174410460516135846e-01,9.999999999991538990e-01
3.846800000000000000e+04,2.417015723965843208e+05,-1.411266633975872820e-01,-1.411266633975872820e-01,9.999999999991815436e-01
3.861800000000000000e+04,2.426440501926612633e+05,2.415582233281045321e-01,2.415582233281045321e-01,9.999999999993253175e-01
3.876800000000000000e+04,2.435865279887382057e+05,5.955747465907025306e-01,5.955747465907025306e-01,9.999999999992047472e-01
3.891900000000000000e+04,2.445352889701223176e+05,-4.475258888564943027e-01,4.475258888564943027e-01,9.999999999991844302e-01
3.907000000000000000e+04,2.454840499515064294e+05,8.540252420158507551e-02,8.540252420158507551e-02,9.999999999992479349e-01
3.922200000000000000e+04,2.464390941181977396e+05,-1.420289142552516315e-01,-1.420289142552516315e-01,9.999999999992420507e-01
3.937500000000000000e+04,2.474004214701962192e+05,2.046687739606461998e-01,-2.046687739606461998e-01,9.999999999993599564e-01
3.952800000000000000e+04,2.483617488221946987e+05,-4.343566504810097983e-01,-4.343566504810097983e-01,9.999999999994648725e-01
3.968200000000000000e+04,2.493293593595003476e+05,-6.297427104514833340e-01,-6.297427104514833340e-01,9.999999999994156896e-01
3.983600000000000000e+04,2.502969698968059965e+05,-2.471536545897507209e-01,-2.471536545897507209e-01,9.999999999993645083e-01
3.999100000000000000e+04,2.512708636194188439e+05,-1.372671277436882387e-01,1.372671277436882387e-01,9.999999999993679500e-01
4.014700000000000000e+04,2.522510405273388606e+05,-2.947574754379138628e-01,2.947574754379138628e-01,9.999999999995069500e-01
4.030300000000000000e+04,2.532312174352588772e+05,-6.921667845814084563e-01,6.921667845814084563e-01,9.999999999993965938e-01
4.046000000000000000e+04,2.542176775284860632e+05,5.332413601875081177e-01,5.332413601875081177e-01,9.999999999993592903e-01
4.061800000000000000e+04,2.552104208070204477e+05,3.947254827828086121e-01,3.947254827828086121e-01,9.999999999993677280e-01
4.077600000000000000e+04,2.562031640855548030e+05,-8.517982518234212819e-02,-8.517982518234212819e-02,9.999999999994645394e-01
4.093400000000000000e+04,2.571959073640891875e+05,-3.973069148982389387e-01,-3.973069148982389387e-01,9.999999999994410027e-01
4.109400000000000000e+04,2.582012170132379106e+05,-3.374400219202666751e-01,-3.374400219202666751e-01,9.999999999993551825e-01
4.125300000000000000e+04,2.592002434770794644e+05,2.848516126771792889e-01,-2.848516126771792889e-01,9.999999999992923438e-01
4.141400000000000000e+04,2.602118363115353859e+05,-1.433178428875140353e-01,-1.433178428875140353e-01,9.999999999993145483e-01
4.157500000000000000e+04,2.612234291459913075e+05,-4.823760944285306329e-01,4.823760944285306329e-01,9.999999999991998623e-01
4.173700000000000000e+04,2.622413051657543983e+05,-3.660047691894740551e-01,3.660047691894740551e-01,9.999999999992136290e-01
4.189900000000000000e+04,2.632591811855174601e+05,-3.540037532463859993e-01,3.540037532463859993e-01,9.999999999992460475e-01
4.206200000000000000e+04,2.642833403905877494e+05,1.975941288939874196e-01,1.975941288939874196e-01,9.999999999991736610e-01
4.222600000000000000e+04,2.653137827809652081e+05,-2.636419942885305789e-01,-2.636419942885305789e-01,9.999999999991653343e-01
4.239000000000000000e+04,2.663442251713426667e+05,-2.731491034937607032e-01,-2.731491034937607032e-01,9.999999999990581978e-01
4.255500000000000000e+04,2.673809507470272947e+05,4.872345387606475953e-01,-4.872345387606475953e-01,9.999999999991029398e-01
4.272100000000000000e+04,2.684239595080190920e+05,4.628455843804164527e-01,-4.628455843804164527e-01,9.999999999991382449e-01
4.288700000000000000e+04,2.694669682690108893e+05,-1.623829511175784446e-01,1.623829511175784446e-01,9.999999999989506172e-01
4.305400000000000000e+04,2.705162602153099142e+05,4.538580403288688392e-01,4.538580403288688392e-01,9.999999999990818456e-01
4.322100000000000000e+04,2.715655521616088809e+05,-2.978091186270491741e-01,2.978091186270491741e-01,9.999999999991499022e-01
4.339000000000000000e+04,2.726274104785222444e+05,2.319972273482130698e-01,2.319972273482130698e-01,9.999999999991456834e-01
4.355800000000000000e+04,2.736829856101284386e+05,-8.125391749216252790e-02,-8.125391749216252790e-02,9.999999999992064126e-01
4.372800000000000000e+04,2.747511271123489714e+05,-2.294662409575876083e-01,-2.294662409575876083e-01,9.999999999993696154e-01
4.389800000000000000e+04,2.758192686145695043e+05,-3.623047228172917578e-01,-3.623047228172917578e-01,9.999999999993582911e-01
4.406900000000000000e+04,2.768936933020972065e+05,3.341242798102421196e-01,-3.341242798102421196e-01,9.999999999993713917e-01
4.424000000000000000e+04,2.779681179896249087e+05,-2.718369355181510238e-01,-2.718369355181510238e-01,9.999999999993338662e-01
4.441200000000000000e+04,2.790488258624597802e+05,8.678516911379199894e-02,8.678516911379199894e-02,9.999999999993935962e-01
4.458500000000000000e+04,2.801358169206018792e+05,-6.394814601262954756e-01,6.394814601262954756e-01,9.999999999993245403e-01
4.475900000000000000e+04,2.812290911640510894e+05,-3.950559359745750565e-01,3.950559359745750565e-01,9.999999999993539612e-01
4.493300000000000000e+04,2.823223654075003578e+05,-2.162330035448233323e-01,2.162330035448233323e-01,9.999999999993114397e-01
4.510800000000000000e+04,2.834219228362567956e+05,-2.983923038994835686e-01,-2.983923038994835686e-01,9.999999999994192423e-01
4.528300000000000000e+04,2.845214802650131751e+05,3.808592481657933071e-01,-3.808592481657933071e-01,9.999999999994493294e-01
4.545900000000000000e+04,2.856273208790767821e+05,4.583970690737342868e-01,-4.583970690737342868e-01,9.999999999994184652e-01
4.563600000000000000e+04,2.867394446784476168e+05,-1.652628318285222775e-01,-1.652628318285222775e-01,9.999999999992514876e-01
4.581400000000000000e+04,2.878578516631255625e+05,2.678001257380335232e-01,2.678001257380335232e-01,9.999999999993063327e-01
4.599200000000000000e+04,2.889762586478035082e+05,6.110947815164143870e-01,6.110947815164143870e-01,9.999999999991823207e-01
4.617100000000000000e+04,2.901009488177886815e+05,-2.962640775802733439e-01,2.962640775802733439e-01,9.999999999991248112e-01
4.635100000000000000e+04,2.912319221730810241e+05,-1.742698719014768027e-01,1.742698719014768027e-01,9.999999999991947552e-01
4.653100000000000000e+04,2.923628955283733085e+05,2.306393171413789467e-01,-2.306393171413789467e-01,9.999999999991995292e-01
4.671200000000000000e+04,2.935001520689728204e+05,-4.110059125998328233e-01,-4.110059125998328233e-01,9.999999999991113775e-01
4.689400000000000000e+04,2.946436917948795017e+05,-5.586627742578317291e-01,-5.586627742578317291e-01,9.999999999990630828e-01
4.707600000000000000e+04,2.957872315207861830e+05,-4.175037302886608903e-01,-4.175037302886608903e-01,9.999999999990897281e-01
4.726000000000000000e+04,2.969433376173072611e+05,5.334134333909705816e-01,5.334134333909705816e-01,9.999999999990620836e-01
4.744300000000000000e+04,2.980931605285211117e+05,-4.134892862668839708e-01,4.134892862668839708e-01,9.999999999990966115e-01
4.762800000000000000e+04,2.992555498103493592e+05,3.252750102503314533e-01,3.252750102503314533e-01,9.999999999991083799e-01
4.781300000000000000e+04,3.004179390921775484e+05,-2.270396682557137003e-01,2.270396682557137003e-01,9.999999999990628607e-01
4.799900000000000000e+04,3.015866115593129653e+05,1.267211932162693733e-01,-1.267211932162693733e-01,9.999999999990716315e-01
4.818600000000000000e+04,3.027615672117555514e+05,-4.363422914292132138e-01,-4.363422914292132138e-01,9.999999999991342481e-01
4.837400000000000000e+04,3.039428060495053069e+05,-5.745835828231108389e-01,-5.745835828231108389e-01,9.999999999990997201e-01
4.856200000000000000e+04,3.051240448872550623e+05,-2.941942439448945457e-02,-2.941942439448945457e-02,9.999999999992631450e-01
4.875100000000000000e+04,3.063115669103119872e+05,-8.475847161273847297e-02,8.475847161273847297e-02,9.999999999992112976e-01
4.894100000000000000e+04,3.075053721186761395e+05,-8.818260959402532961e-01,8.818260959402532961e-01,9.999999999992644772e-01
4.913100000000000000e+04,3.086991773270402336e+05,-3.240126754394494490e-01,3.240126754394494490e-01,9.999999999993013367e-01
4.932200000000000000e+04,3.098992657207115553e+05,-3.496079075518678664e-02,-3.496079075518678664e-02,9.999999999993084421e-01
4.951400000000000000e+04,3.111056372996900463e+05,-5.270677374546519633e-01,-5.270677374546519633e-01,9.999999999992356114e-01
4.970700000000000000e+04,3.123182920639757067e+05,6.870183386608863518e-01,-6.870183386608863518e-01,9.999999999991423527e-01
4.990000000000000000e+04,3.135309468282613670e+05,-3.451277796038279000e-01,-3.451277796038279000e-01,9.999999999992844613e-01
5.009400000000000000e+04,3.147498847778541967e+05,7.472704262535577457e-02,7.472704262535577457e-02,9.999999999992660316e-01
5.028900000000000000e+04,3.159751059127541957e+05,-3.770767763021078967e-01,3.770767763021078967e-01,9.999999999992040811e-01
5.048500000000000000e+04,3.172066102329614223e+05,-3.421763435741652648e-01,3.421763435741652648e-01,9.999999999991339150e-01
5.068100000000000000e+04,3.184381145531685906e+05,-2.961908858786081455e-01,2.961908858786081455e-01,9.999999999991733279e-01
5.087900000000000000e+04,3.196821852439901559e+05,7.236002834586043042e-02,-7.236002834586043042e-02,9.999999999990034638e-01
5.107700000000000000e+04,3.209262559348117211e+05,6.380843574357112358e-01,-6.380843574357112358e-01,9.999999999990191180e-01
5.127500000000000000e+04,3.221703266256332863e+05,7.809813712582218681e-01,-7.809813712582218681e-01,9.999999999991249222e-01
5.147500000000000000e+04,3.234269636870691902e+05,2.592297960576473992e-01,-2.592297960576473992e-01,9.999999999989738209e-01
5.167500000000000000e+04,3.246836007485050941e+05,-2.338794700554780448e-01,2.338794700554780448e-01,9.999999999988939958e-01
5.187600000000000000e+04,3.259465209952482255e+05,5.133467706584459167e-01,5.133467706584459167e-01,9.999999999990596411e-01
5.207800000000000000e+04,3.272157244272984681e+05,4.222456450745811773e-01,4.222456450745811773e-01,9.999999999988630206e-01
5.228100000000000000e+04,3.284912110446559382e+05,4.032410509631433743e-02,-4.032410509631433743e-02,9.999999999990634159e-01
5.248400000000000000e+04,3.297666976620134083e+05,-4.290624547739471106e-01,-4.290624547739471106e-01,9.999999999989576116e-01
5.268800000000000000e+04,3.310484674646780477e+05,-4.137325068391633498e-01,-4.137325068391633498e-01,9.999999999991280308e-01
5.289300000000000000e+04,3.323365204526498565e+05,2.501491383051345219e-01,-2.501491383051345219e-01,9.999999999990970556e-01
5.309900000000000000e+04,3.336308566259288345e+05,-3.738425013329622626e-01,3.738425013329622626e-01,9.999999999989976907e-01
5.330600000000000000e+04,3.349314759845150402e+05,3.568929911087490581e-01,3.568929911087490581e-01,9.999999999990776267e-01
5.351300000000000000e+04,3.362320953431011876e+05,-2.436133879567342619e-01,2.436133879567342619e-01,9.999999999991487920e-01
5.372100000000000000e+04,3.375389978869945626e+05,-2.074693736726998181e-02,2.074693736726998181e-02,9.999999999992381650e-01
5.393000000000000000e+04,3.388521836161951069e+05,-3.245118208629512169e-01,-3.245118208629512169e-01,9.999999999991544541e-01
5.414000000000000000e+04,3.401716525307028205e+05,-6.006419566699101598e-01,-6.006419566699101598e-01,9.999999999991412425e-01
5.435100000000000000e+04,3.414974046305177035e+05,8.813266244284906348e-02,-8.813266244284906348e-02,9.999999999992107425e-01
5.456200000000000000e+04,3.428231567303325864e+05,5.349247586495377016e-01,5.349247586495377016e-01,9.999999999991479038e-01
5.477500000000000000e+04,3.441614752007618081e+05,-4.785785772449380193e-01,4.785785772449380193e-01,9.999999999990835109e-01
5.498800000000000000e+04,3.454997936711910879e+05,2.897551121831054011e-01,2.897551121831054011e-01,9.999999999989751531e-01
5.520200000000000000e+04,3.468443953269275371e+05,-3.060618875457279953e-01,-3.060618875457279953e-01,9.999999999990145660e-01
5.541700000000000000e+04,3.481952801679711556e+05,4.493566345406425078e-01,-4.493566345406425078e-01,9.999999999990126787e-01
5.563200000000000000e+04,3.495461650090147159e+05,-3.671392331951397470e-01,-3.671392331951397470e-01,9.999999999990283328e-01
5.584900000000000000e+04,3.509096162206727313e+05,-8.511384914141673086e-02,8.511384914141673086e-02,9.999999999989703792e-01
5.606600000000000000e+04,3.522730674323306885e+05,3.921482628838928175e-01,3.921482628838928175e-01,9.999999999988994359e-01
5.628400000000000000e+04,3.536428018292958150e+05,4.919913605609917973e-01,4.919913605609917973e-01,9.999999999989643840e-01
5.650300000000000000e+04,3.550188194115681690e+05,-1.451808105261909732e-01,1.451808105261909732e-01,9.999999999989419575e-01
5.672300000000000000e+04,3.564011201791476924e+05,6.147007615580367679e-01,-6.147007615580367679e-01,9.999999999987708721e-01
5.694400000000000000e+04,3.577897041320343851e+05,-3.260893516350433785e-01,-3.260893516350433785e-01,9.999999999988617994e-01
5.716500000000000000e+04,3.591782880849210196e+05,2.933261246164430847e-01,-2.933261246164430847e-01,9.999999999989885868e-01
5.738800000000000000e+04,3.605794384084221092e+05,5.907912953681249135e-02,5.907912953681249135e-02,9.999999999989622745e-01
5.761100000000000000e+04,3.619805887319231406e+05,-6.942804981239412143e-01,6.942804981239412143e-01,9.999999999989568344e-01
5.783500000000000000e+04,3.633880222407313413e+05,-3.573299290584956434e-01,3.573299290584956434e-01,9.999999999990736299e-01
5.806000000000000000e+04,3.648017389348467696e+05,-1.293628496221235213e-01,-1.293628496221235213e-01,9.999999999991245891e-01
5.828600000000000000e+04,3.662217388142693671e+05,-5.683127847841336067e-01,-5.683127847841336067e-01,9.999999999991120436e-01
5.851300000000000000e+04,3.676480218789991341e+05,4.066079334620889552e-01,-4.066079334620889552e-01,9.999999999991577848e-01
5.874100000000000000e+04,3.690805881290360703e+05,-8.232325105192981468e-03,8.232325105192981468e-03,9.999999999990011323e-01
5.896900000000000000e+04,3.705131543790730066e+05,-3.685628434905118822e-01,3.685628434905118822e-01,9.999999999991573407e-01
5.919900000000000000e+04,3.719582869997243397e+05,-4.276583436134560046e-01,4.276583436134560046e-01,9.999999999991067146e-01
5.942900000000000000e+04,3.734034196203756146e+05,-4.318796054911450133e-02,4.318796054911450133e-02,9.999999999990744071e-01
5.966000000000000000e+04,3.748548354263341171e+05,-2.140869566679307612e-01,-2.140869566679307612e-01,9.999999999989506172e-01
5.989200000000000000e+04,3.763125344175997889e+05,-2.669959781036196911e-01,-2.669959781036196911e-01,9.999999999988469224e-01
6.012500000000000000e+04,3.777765165941726300e+05,-1.963971605423290856e-01,1.963971605423290856e-01,9.999999999988959942e-01
6.035900000000000000e+04,3.792467819560526405e+05,-5.203821850582295294e-01,5.203821850582295294e-01,9.999999999987517763e-01
6.059400000000000000e+04,3.807233305032398202e+05,5.912939101858375457e-01,5.912939101858375457e-01,9.999999999986978194e-01
6.083000000000000000e+04,3.822061622357342276e+05,1.889582235355211359e-01,1.889582235355211359e-01,9.999999999987841948e-01
6.106700000000000000e+04,3.836952771535358042e+05,3.595017197271470621e-01,-3.595017197271470621e-01,9.999999999988762323e-01
6.130400000000000000e+04,3.851843920713373809e+05,-4.260199371980980532e-01,-4.260199371980980532e-01,9.999999999987935206e-01
6.154300000000000000e+04,3.866860733597532962e+05,3.784949433598567420e-02,-3.784949433598567420e-02,9.999999999989098720e-01
6.178200000000000000e+04,3.881877546481692116e+05,5.102519944761808590e-01,5.102519944761808590e-01,9.999999999988401500e-01
6.202300000000000000e+04,3.897020023071994656e+05,-3.280415534561691437e-01,3.280415534561691437e-01,9.999999999988870014e-01
6.226400000000000000e+04,3.912162499662297778e+05,1.286247241450037271e-01,1.286247241450037271e-01,9.999999999989507282e-01
6.250600000000000000e+04,3.927367808105672011e+05,-5.114883828749631212e-01,-5.114883828749631212e-01,9.999999999989870325e-01
6.274900000000000000e+04,3.942635948402118520e+05,5.282379445756805181e-01,-5.282379445756805181e-01,9.999999999989586108e-01
6.299400000000000000e+04,3.958029752404708415e+05,-4.602218050922623344e-02,-4.602218050922623344e-02,9.999999999990283328e-01
6.323900000000000000e+04,3.973423556407298311e+05,-2.604130056369674540e-01,2.604130056369674540e-01,9.999999999990658583e-01
6.348500000000000000e+04,3.988880192262960481e+05,-4.458976435230022628e-01,4.458976435230022628e-01,9.999999999990415445e-01
6.373200000000000000e+04,4.004399659971693764e+05,-1.709360365683806338e-01,-1.709360365683806338e-01,9.999999999990942801e-01
6.398000000000000000e+04,4.019981959533499321e+05,-2.564362709965710141e-01,-2.564362709965710141e-01,9.999999999990248911e-01
6.422900000000000000e+04,4.035627090948376572e+05,3.689771039283895604e-01,-3.689771039283895604e-01,9.999999999990216715e-01
6.447900000000000000e+04,4.051335054216325516e+05,-6.682059549180838220e-02,6.682059549180838220e-02,9.999999999988770094e-01
6.473000000000000000e+04,4.067105849337346153e+05,4.452729152506064714e-01,4.452729152506064714e-01,9.999999999988276045e-01
6.498100000000000000e+04,4.082876644458366791e+05,-1.946658738513978304e-01,1.946658738513978304e-01,9.999999999988774535e-01
6.523400000000000000e+04,4.098773103285531397e+05,-1.509252106400874593e-01,-1.509252106400874593e-01,9.999999999987198018e-01
6.548800000000000000e+04,4.114732393965767696e+05,-5.982700533505265206e-01,-5.982700533505265206e-01,9.999999999985678123e-01
6.574300000000000000e+04,4.130754516499075107e+05,3.239134904844964691e-01,-3.239134904844964691e-01,9.999999999986501908e-01
6.599900000000000000e+04,4.146839470885455376e+05,-3.755360098214013953e-02,3.755360098214013953e-02,9.999999999988794519e-01
6.625500000000000000e+04,4.162924425271835062e+05,-4.004901687047782710e-01,4.004901687047782710e-01,9.999999999987679855e-01
6.651300000000000000e+04,4.179135043364358135e+05,-1.909656642908167667e-01,1.909656642908167667e-01,9.999999999987768673e-01
6.677200000000000000e+04,4.195408493309953483e+05,-2.776322786235305706e-01,-2.776322786235305706e-01,9.999999999989319655e-01
6.703200000000000000e+04,4.211744775108620524e+05,-3.950466554658479956e-01,-3.950466554658479956e-01,9.999999999989612753e-01
6.729300000000000000e+04,4.228143888760358677e+05,2.341353030595707541e-01,-2.341353030595707541e-01,9.999999999989929167e-01
6.755500000000000000e+04,4.244605834265169688e+05,-1.671637115375298466e-01,1.671637115375298466e-01,9.999999999989102051e-01
6.781700000000000000e+04,4.261067779769980116e+05,-4.538991999496224117e-01,4.538991999496224117e-01,9.999999999989901411e-01
6.808100000000000000e+04,4.277655388980933931e+05,8.201588067311202379e-02,-8.201588067311202379e-02,9.999999999989402921e-01
6.834600000000000000e+04,4.294305830044960021e+05,-6.039293903155945609e-01,-6.039293903155945609e-01,9.999999999990222266e-01
6.861200000000000000e+04,4.311019102962057805e+05,-2.548439588100067099e-01,-2.548439588100067099e-01,9.999999999988626875e-01
6.887900000000000000e+04,4.327795207732227282e+05,-3.224469460130779397e-01,3.224469460130779397e-01,9.999999999988284927e-01
6.914700000000000000e+04,4.344634144355468452e+05,-5.270191582224982296e-01,5.270191582224982296e-01,9.999999999988402610e-01
6.941600000000000000e+04,4.361535912831781316e+05,-1.449110248609748741e-02,-1.449110248609748741e-02,9.999999999987392307e-01
6.968600000000000000e+04,4.378500513161166455e+05,-3.528495231819159805e-01,-3.528495231819159805e-01,9.999999999986123322e-01
6.995700000000000000e+04,4.395527945343623287e+05,5.596294858177043308e-01,-5.596294858177043308e-01,9.999999999985901278e-01
7.023000000000000000e+04,4.412681041232223506e+05,-1.887746176920648278e-01,-1.887746176920648278e-01,9.999999999986679544e-01
7.050300000000000000e+04,4.429834137120823725e+05,-4.087739400876874152e-01,4.087739400876874152e-01,9.999999999985619281e-01
7.077700000000000000e+04,4.447050064862495637e+05,-2.576413498752414544e-01,2.576413498752414544e-01,9.999999999986226573e-01
7.105300000000000000e+04,4.464391656310311519e+05,1.574371745278188017e-01,-1.574371745278188017e-01,9.999999999986561861e-01
7.132900000000000000e+04,4.481733247758126818e+05,7.393952067543394513e-01,-7.393952067543394513e-01,9.999999999987767563e-01
7.160700000000000000e+04,4.499200502912086085e+05,2.530401937455561967e-01,-2.530401937455561967e-01,9.999999999988536947e-01
7.188500000000000000e+04,4.516667758066045353e+05,-3.190269050891773039e-01,3.190269050891773039e-01,9.999999999988401500e-01
7.216500000000000000e+04,4.534260676926148590e+05,-2.400260245038270124e-01,2.400260245038270124e-01,9.999999999989316324e-01
7.244600000000000000e+04,4.551916427639322937e+05,-5.227582065607692258e-02,-5.227582065607692258e-02,9.999999999988969934e-01
7.272800000000000000e+04,4.569635010205569561e+05,-3.188558033885851573e-01,-3.188558033885851573e-01,9.999999999987785326e-01
7.301100000000000000e+04,4.587416424624887877e+05,3.366013428503557003e-01,-3.366013428503557003e-01,9.999999999989150901e-01
7.329500000000000000e+04,4.605260670897277887e+05,-1.691576948064837660e-01,1.691576948064837660e-01,9.999999999987959631e-01
7.358000000000000000e+04,4.623167749022739590e+05,5.002589718753169823e-01,5.002589718753169823e-01,9.999999999986216581e-01
7.386600000000000000e+04,4.641137659001272987e+05,-3.288955323795410973e-02,-3.288955323795410973e-02,9.999999999986047827e-01
7.415400000000000000e+04,4.659233232685950352e+05,-4.700989749224653291e-01,-4.700989749224653291e-01,9.999999999986604049e-01
7.444200000000000000e+04,4.677328806370627717e+05,-1.199840204451858572e-01,-1.199840204451858572e-01,9.999999999984835464e-01
7.473200000000000000e+04,4.695550043761448469e+05,4.684542444949489348e-01,4.684542444949489348e-01,9.999999999984724441e-01
7.502300000000000000e+04,4.713834113005340914e+05,-3.659229328144016358e-01,3.659229328144016358e-01,9.999999999985129673e-01
7.531400000000000000e+04,4.732118182249233359e+05,5.231557231851901441e-02,5.231557231851901441e-02,9.999999999985184074e-01
7.560800000000000000e+04,4.750590747052341467e+05,-7.795377526886735353e-01,-7.795377526886735353e-01,9.999999999985847987e-01
7.590200000000000000e+04,4.769063311855449574e+05,-2.200226958292471890e-01,-2.200226958292471890e-01,9.999999999986994847e-01
7.619700000000000000e+04,4.787598708511629375e+05,-3.060376756988458791e-01,3.060376756988458791e-01,9.999999999986960431e-01
7.649400000000000000e+04,4.806259768873952562e+05,6.224505780865506877e-01,6.224505780865506877e-01,9.999999999986938226e-01
7.679100000000000000e+04,4.824920829236276331e+05,2.044611251166098681e-02,-2.044611251166098681e-02,9.999999999987508881e-01
7.709000000000000000e+04,4.843707553304742905e+05,-5.553248303390116991e-01,-5.553248303390116991e-01,9.999999999986897148e-01
7.739000000000000000e+04,4.862557109226281755e+05,-7.948438443648662977e-02,-7.948438443648662977e-02,9.999999999987507771e-01
7.769100000000000000e+04,4.881469497000892297e+05,-2.995943342140070520e-01,2.995943342140070520e-01,9.999999999986898258e-01
7.799300000000000000e+04,4.900444716628574533e+05,-3.748395103405662288e-01,3.748395103405662288e-01,9.999999999986243227e-01
7.829700000000000000e+04,4.919545599962400738e+05,1.901026216044591488e-01,-1.901026216044591488e-01,9.999999999986640686e-01
7.860100000000000000e+04,4.938646483296226361e+05,4.401422234787272791e-01,-4.401422234787272791e-01,9.999999999985872412e-01
7.890700000000000000e+04,4.957873030336195952e+05,-1.996845822935258263e-03,1.996845822935258263e-03,9.999999999985513810e-01
7.921400000000000000e+04,4.977162409229237237e+05,4.319136320120328110e-01,4.319136320120328110e-01,9.999999999984846566e-01
7.952300000000000000e+04,4.996577451828422491e+05,-2.400134559203896678e-02,2.400134559203896678e-02,9.999999999984588994e-01
7.983200000000000000e+04,5.015992494427607162e+05,-2.866503556520790252e-01,-2.866503556520790252e-01,9.999999999985069721e-01
8.014300000000000000e+04,5.035533200732935802e+05,2.463820846441671097e-01,-2.463820846441671097e-01,9.999999999985388355e-01
8.045400000000000000e+04,5.055073907038264442e+05,2.817184870259327734e-01,2.817184870259327734e-01,9.999999999984912069e-01
8.076800000000000000e+04,5.074803108902808162e+05,5.068544562628163330e-01,5.068544562628163330e-01,9.999999999986041166e-01
8.108200000000000000e+04,5.094532310767351883e+05,3.139576063382217702e-02,3.139576063382217702e-02,9.999999999987237986e-01
8.139700000000000000e+04,5.114324344484967878e+05,3.213123282594207430e-01,-3.213123282594207430e-01,9.999999999986568522e-01
8.171400000000000000e+04,5.134242041908727260e+05,1.897577713417536449e-02,1.897577713417536449e-02,9.999999999987881916e-01
8.203200000000000000e+04,5.154222571185558336e+05,5.406864760661583835e-01,5.406864760661583835e-01,9.999999999986547428e-01
8.235100000000000000e+04,5.174265932315461105e+05,-3.270826450283607079e-01,3.270826450283607079e-01,9.999999999987726484e-01
8.267200000000000000e+04,5.194434957151507260e+05,-3.194263915901787709e-01,-3.194263915901787709e-01,9.999999999985638155e-01
8.299300000000000000e+04,5.214603981987553998e+05,4.288091061534314297e-01,-4.288091061534314297e-01,9.999999999985931254e-01
8.331600000000000000e+04,5.234898670529744122e+05,2.805574465327084765e-01,2.805574465327084765e-01,9.999999999985567101e-01
8.364000000000000000e+04,5.255256190925005358e+05,5.517219536392020673e-01,5.517219536392020673e-01,9.999999999983497645e-01
8.396600000000000000e+04,5.275739375026411144e+05,-2.181104153214560581e-01,-2.181104153214560581e-01,9.999999999984062748e-01
8.429300000000000000e+04,5.296285390980888624e+05,4.839152949370357226e-01,-4.839152949370357226e-01,9.999999999982654986e-01
8.462000000000000000e+04,5.316831406935366103e+05,-3.437798585856611383e-02,-3.437798585856611383e-02,9.999999999984318100e-01
8.495000000000000000e+04,5.337565918449058663e+05,3.903743559207206726e-01,3.903743559207206726e-01,9.999999999984866550e-01
8.528000000000000000e+04,5.358300429962751223e+05,3.714404151529400178e-01,3.714404151529400178e-01,9.999999999985543786e-01
8.561200000000000000e+04,5.379160605182587169e+05,-5.225967691137396454e-01,-5.225967691137396454e-01,9.999999999986964871e-01
8.594500000000000000e+04,5.400083612255494809e+05,1.975063831049338192e-01,-1.975063831049338192e-01,9.999999999985665911e-01
8.628000000000000000e+04,5.421132283034546999e+05,1.868032911130153295e-01,1.868032911130153295e-01,9.999999999985847987e-01
8.661500000000000000e+04,5.442180953813599190e+05,-4.567552258118591779e-01,4.567552258118591779e-01,9.999999999986936006e-01
8.695200000000000000e+04,5.463355288298793603e+05,-3.202789226959848468e-01,-3.202789226959848468e-01,9.999999999985829113e-01
8.729100000000000000e+04,5.484655286490132567e+05,4.781009178835542994e-01,-4.781009178835542994e-01,9.999999999985853538e-01
8.763000000000000000e+04,5.505955284681471530e+05,2.146307735118771487e-01,2.146307735118771487e-01,9.999999999984064969e-01
8.797100000000000000e+04,5.527380946578953881e+05,-5.657432217984315059e-01,5.657432217984315059e-01,9.999999999983794075e-01
8.831400000000000000e+04,5.548932272182579618e+05,-1.132531221957168155e-01,-1.132531221957168155e-01,9.999999999983568699e-01
8.865700000000000000e+04,5.570483597786205355e+05,4.130104927456759722e-01,-4.130104927456759722e-01,9.999999999983600896e-01
8.900200000000000000e+04,5.592160587095975643e+05,-2.607135753734168837e-02,-2.607135753734168837e-02,9.999999999984384713e-01
8.934900000000000000e+04,5.613963240111888153e+05,-4.077468271798199151e-01,4.077468271798199151e-01,9.999999999983282262e-01
8.969600000000000000e+04,5.635765893127801828e+05,-1.759209160559387364e-01,-1.759209160559387364e-01,9.999999999984827692e-01
9.004500000000000000e+04,5.657694209849858889e+05,6.263994851051771784e-01,-6.263994851051771784e-01,9.999999999985623722e-01
9.039600000000000000e+04,5.679748190278059337e+05,1.211991849230529134e-01,1.211991849230529134e-01,9.999999999985148547e-01
9.074700000000000000e+04,5.701802170706258621e+05,-6.826277165569849537e-01,6.826277165569849537e-01,9.999999999985027532e-01
9.110000000000000000e+04,5.723981814840603620e+05,2.987145755458032181e-01,2.987145755458032181e-01,9.999999999985492716e-01
9.145500000000000000e+04,5.746287122681090841e+05,4.982500385030912970e-01,-4.982500385030912970e-01,9.999999999985256238e-01
9.181100000000000000e+04,5.768655262374649756e+05,2.834326702765869177e-01,-2.834326702765869177e-01,9.999999999984274801e-01
9.216800000000000000e+04,5.791086233921281528e+05,4.574246159048460658e-01,4.574246159048460658e-01,9.999999999983870680e-01
9.252700000000000000e+04,5.813642869174055522e+05,-7.393887491832908110e-02,7.393887491832908110e-02,9.999999999982791543e-01
9.288700000000000000e+04,5.836262336279902374e+05,5.886132487985286099e-01,-5.886132487985286099e-01,9.999999999983451016e-01
9.324800000000000000e+04,5.858944635238820920e+05,1.607065990141445244e-01,1.607065990141445244e-01,9.999999999980671017e-01
9.361100000000000000e+04,5.881752597903882852e+05,-3.591291199377207310e-01,3.591291199377207310e-01,9.999999999982118748e-01
9.397500000000000000e+04,5.904623392422016477e+05,-9.474879932696786411e-06,9.474879932696786411e-06,9.999999999983265608e-01
9.434100000000000000e+04,5.927619850646293489e+05,3.240716897022238863e-01,-3.240716897022238863e-01,9.999999999983155696e-01
9.470800000000000000e+04,5.950679140723642195e+05,-2.120962068291857572e-01,-2.120962068291857572e-01,9.999999999984078292e-01
9.507600000000000000e+04,5.973801262654063758e+05,4.736086105457408824e-01,4.736086105457408824e-01,9.999999999984724441e-01
9.544600000000000000e+04,5.997049048290627543e+05,5.900729255592608580e-02,5.900729255592608580e-02,9.999999999983651966e-01
9.581800000000000000e+04,6.020422497633335879e+05,-5.648712733031320266e-01,-5.648712733031320266e-01,9.999999999984504617e-01
9.619000000000000000e+04,6.043795946976044215e+05,-9.095599223372881348e-02,-9.095599223372881348e-02,9.999999999984785504e-01
9.656500000000000000e+04,6.067357891877967631e+05,-3.441814896290669168e-01,3.441814896290669168e-01,9.999999999982637222e-01
9.694100000000000000e+04,6.090982668632962741e+05,2.122929321385758072e-02,-2.122929321385758072e-02,9.999999999983992804e-01
9.731800000000000000e+04,6.114670277241029544e+05,-7.215493906332972607e-01,-7.215493906332972607e-01,9.999999999980898613e-01
9.769600000000000000e+04,6.138420717702168040e+05,3.244885357838509649e-02,3.244885357838509649e-02,9.999999999981451504e-01
9.807700000000000000e+04,6.162359653722522780e+05,-5.248450367998013233e-01,5.248450367998013233e-01,9.999999999982520649e-01
9.845800000000000000e+04,6.186298589742877521e+05,-3.125207511833554275e-01,-3.125207511833554275e-01,9.999999999981029619e-01
9.884100000000000000e+04,6.210363189469374483e+05,4.577010030142433239e-01,-4.577010030142433239e-01,9.999999999981068477e-01
9.922600000000000000e+04,6.234553452902015997e+05,3.470278024314690790e-01,3.470278024314690790e-01,9.999999999983263388e-01
9.961200000000000000e+04,6.258806548187729204e+05,4.493060976127363770e-01,4.493060976127363770e-01,9.999999999981521448e-01
1.000000000000000000e+05,6.283185307179585798e+05,-2.240947815479313321e-01,-2.240947815479313321e-01,9.999999999983781862e-01
