omega_tilde_over_omega,normalized_amplitude
0.000000000000000000e+00,1.403567692122953663e-03
2.499479275151010593e-02,7.023964323449702514e-04
4.998958550302021187e-02,1.456864675748064296e-07
7.498437825453031780e-02,1.581550511144970719e-07
9.997917100604042373e-02,1.199703442682309412e-07
1.249739637575505297e-01,4.083979602416874999e-08
1.499687565090606356e-01,1.256498062331093975e-07
1.749635492605707277e-01,3.532749675234607015e-07
1.999583420120808475e-01,6.290211477315761978e-07
2.249531347635909395e-01,1.087525252628530085e-06
2.499479275151010593e-01,1.774952488073810419e-06
2.749427202666111514e-01,2.837968469973909218e-06
2.999375130181212712e-01,4.634500826962345134e-06
3.249323057696313910e-01,7.714838259061994552e-06
3.499270985211414553e-01,1.355045055588064534e-05
3.749218912726515751e-01,2.566645124293726374e-05
3.999166840241616949e-01,5.507696102177959014e-05
4.249114767756718147e-01,1.466730226519282897e-04
4.499062695271818790e-01,6.202826720863014289e-04
4.749010622786919988e-01,4.970378195375104724e-01
4.998958550302021187e-01,1.000000000000000000e+00
5.248906477817121274e-01,5.032867415283652779e-01
5.498854405332223028e-01,7.704575366851163778e-04
5.748802332847323671e-01,2.009125753015205914e-04
5.998750260362425424e-01,8.392109054663994061e-05
6.248698187877526067e-01,4.379890290944988071e-05
6.498646115392627820e-01,2.612944346243457658e-05
6.748594042907728463e-01,1.703586413778300959e-05
6.998541970422829106e-01,1.185641103483058494e-05
7.248489897937929749e-01,8.672715643101669455e-06
7.498437825453031502e-01,6.576670049663781763e-06
7.748385752968132145e-01,5.173713976557866905e-06
7.998333680483233898e-01,4.167427469623924170e-06
8.248281607998333431e-01,3.446667115056636648e-06
8.498229535513436295e-01,2.965708781525196662e-06
8.748177463028535827e-01,2.647100125633698339e-06
8.998125390543637581e-01,2.690536699402076104e-06
9.248073318058738224e-01,3.885261553556337665e-06
9.498021245573839977e-01,1.229182304231553601e-05
9.747969173088940620e-01,4.433721166393725030e-03
9.997917100604042373e-01,8.975114497752305701e-03
1.024786502811914302e+00,4.545725461010844543e-03
1.049781295563424255e+00,1.313293341709174517e-05
1.074776088314934430e+00,3.386972896927904553e-06
1.099770881066444606e+00,1.593651078865884803e-06
1.124765673817954781e+00,1.095936807095017790e-06
1.149760466569464734e+00,9.790606580044453197e-07
1.174755259320974909e+00,9.103494543512744368e-07
1.199750052072485085e+00,9.512382498758326374e-07
1.224744844823995038e+00,1.014636415607869016e-06
1.249739637575505213e+00,1.140469102705285444e-06
1.274734430327015389e+00,1.400160991284892127e-06
1.299729223078525564e+00,1.791224694219182800e-06
1.324724015830035517e+00,2.530478127966836143e-06
1.349718808581545693e+00,3.843160528793020059e-06
1.374713601333055646e+00,6.585170631789262704e-06
1.399708394084565821e+00,1.301821115227349841e-05
1.424703186836075997e+00,3.247553270083959918e-05
1.449697979587585950e+00,1.300200366376278057e-04
1.474692772339096125e+00,3.233063847256716083e-02
1.499687565090606300e+00,6.586688721067916752e-02
1.524682357842116476e+00,3.356545730944854311e-02
1.549677150593626429e+00,1.448514014344365135e-04
1.574671943345136382e+00,3.624854842013768117e-05
1.599666736096646780e+00,1.448473639637461291e-05
1.624661528848156955e+00,7.213316670818078554e-06
1.649656321599666686e+00,4.045619921318991354e-06
1.674651114351176862e+00,2.469548082611548430e-06
1.699645907102687259e+00,1.571301520050991069e-06
1.724640699854197434e+00,1.016301395923982919e-06
1.749635492605707165e+00,6.775617544564774342e-07
1.774630285357217341e+00,4.142488713805190441e-07
1.799625078108727516e+00,2.273125077678798131e-07
1.824619870860237469e+00,8.298214183530024736e-08
1.849614663611747645e+00,1.507064627925943330e-07
1.874609456363257820e+00,4.158787114154628034e-07
1.899604249114767995e+00,9.832659569788439106e-07
1.924599041866277949e+00,2.589800771619673747e-06
1.949593834617788124e+00,1.053183172596024091e-05
1.974588627369298299e+00,1.958469235412447357e-03
1.999583420120808475e+00,4.015244753433384536e-03
2.024578212872318428e+00,2.058853350086843007e-03
2.049573005623828603e+00,1.177679693089453131e-05
2.074567798375338779e+00,2.951944697134579023e-06
2.099562591126848510e+00,1.222450626448334736e-06
2.124557383878358685e+00,7.085746238069834686e-07
2.149552176629868860e+00,6.064072722347734379e-07
2.174546969381379480e+00,6.075407483814070905e-07
2.199541762132889211e+00,7.380293625499873471e-07
2.224536554884399386e+00,9.153786510948709841e-07
2.249531347635909562e+00,1.156949007271388395e-06
2.274526140387419293e+00,1.570934043239709689e-06
2.299520933138929468e+00,2.175640231077328506e-06
2.324515725890439644e+00,3.235316560525746260e-06
2.349510518641949819e+00,5.091042920137458085e-06
2.374505311393459994e+00,8.891658594684136093e-06
2.399500104144970170e+00,1.773426459334592102e-05
2.424494896896480345e+00,4.425615630310692297e-05
2.449489689647990076e+00,1.756380146787849493e-04
2.474484482399500251e+00,2.595726721071109355e-02
2.499479275151010427e+00,5.355329138907152092e-02
2.524474067902520602e+00,2.763067937280884803e-02
2.549468860654030777e+00,1.969528327256671427e-04
2.574463653405540953e+00,4.883242620715634206e-05
2.599458446157051128e+00,1.948159908314852566e-05
2.624453238908560859e+00,9.733517655269662521e-06
2.649448031660071035e+00,5.512359331231139102e-06
2.674442824411581210e+00,3.427814308813922691e-06
2.699437617163091385e+00,2.237847411274799640e-06
2.724432409914601116e+00,1.516320510071537079e-06
2.749427202666111292e+00,1.075625169889566762e-06
2.774421995417621467e+00,7.350744307153676642e-07
2.799416788169131642e+00,5.059625588253238374e-07
2.824411580920641818e+00,3.158585717469895436e-07
2.849406373672151993e+00,1.731606364982767937e-07
2.874401166423662168e+00,4.257661044207976922e-07
2.899395959175171900e+00,1.141030122909136516e-06
2.924390751926682075e+00,3.318483123970839465e-06
2.949385544678192250e+00,1.393002029352388931e-05
2.974380337429702426e+00,1.745011947652682326e-03
2.999375130181212601e+00,3.623822370678602463e-03
3.024369922932722776e+00,1.880876728977722880e-03
3.049364715684232952e+00,1.633386954709395393e-05
3.074359508435742683e+00,4.276290008184656784e-06
3.099354301187252858e+00,1.919137863582628855e-06
3.124349093938763033e+00,1.183647499179993252e-06
3.149343886690272765e+00,9.647182776520848954e-07
3.174338679441783384e+00,8.954326160971982799e-07
3.199333472193293559e+00,9.940806611602450619e-07
3.224328264944803291e+00,1.173299637242831122e-06
3.249323057696313910e+00,1.448509788712517038e-06
3.274317850447823641e+00,1.933271646880231598e-06
3.299312643199333372e+00,2.665116599132114564e-06
3.324307435950843992e+00,3.944718689758883960e-06
3.349302228702353723e+00,6.199614054114261628e-06
3.374297021453864343e+00,1.080248566234419204e-05
3.399291814205374518e+00,2.148530715659347285e-05
3.424286606956884249e+00,5.339156333397552742e-05
3.449281399708394868e+00,2.101091711497919472e-04
3.474276192459904600e+00,2.211691832949653699e-02
3.499270985211414331e+00,4.621128282678121924e-02
3.524265777962924950e+00,2.413871485741737530e-02
3.549260570714434682e+00,2.402695563509333265e-04
3.574255363465944857e+00,5.906526312823641472e-05
3.599250156217455032e+00,2.348197562008346736e-05
3.624244948968965208e+00,1.171370586859140081e-05
3.649239741720474939e+00,6.641317748344377184e-06
3.674234534471985558e+00,4.140462449095367488e-06
3.699229327223495289e+00,2.722272680699625674e-06
3.724224119975005909e+00,1.869242934142301671e-06
3.749218912726515640e+00,1.347258945597811336e-06
3.774213705478025815e+00,9.591427231677490806e-07
3.799208498229535991e+00,7.090971712666135976e-07
3.824203290981046166e+00,5.316249755288581359e-07
3.849198083732555897e+00,4.421320523713795656e-07
3.874192876484066517e+00,6.968460676898299552e-07
3.899187669235576248e+00,1.520268663790314153e-06
3.924182461987085979e+00,4.211360308768146696e-06
3.949177254738596599e+00,1.728197352653606744e-05
3.974172047490106330e+00,1.619130028289744987e-03
3.999166840241616949e+00,3.405528673754197946e-03
4.024161632993126680e+00,1.789354609752587559e-03
4.049156425744636856e+00,2.071737311612680628e-05
4.074151218496147031e+00,5.405198630012808668e-06
4.099146011247657206e+00,2.433136399441312691e-06
4.124140803999167382e+00,1.500247290597671603e-06
4.149135596750677557e+00,1.202805769790227331e-06
4.174130389502187732e+00,1.100006660501374758e-06
4.199125182253697020e+00,1.195173175286004914e-06
4.224119975005208083e+00,1.397619265941648934e-06
4.249114767756717370e+00,1.714375432167409791e-06
4.274109560508227545e+00,2.293298205326263831e-06
4.299104353259737721e+00,3.164101938779005567e-06
4.324099146011247896e+00,4.691251482364593744e-06
4.349093938762758960e+00,7.385453878905530353e-06
4.374088731514268247e+00,1.287551600537879413e-05
4.399083524265778422e+00,2.558173945842504197e-05
4.424078317017288597e+00,6.340709792539381165e-05
4.449073109768798773e+00,2.477849038834400172e-04
4.474067902520308060e+00,2.028204892917872745e-02
4.499062695271819123e+00,4.291973625971927386e-02
4.524057488023329299e+00,2.269667764420208594e-02
4.549052280774838586e+00,2.904394483502525698e-04
4.574047073526349649e+00,7.086813910235719609e-05
4.599041866277858936e+00,2.810882122590873034e-05
4.624036659029369112e+00,1.401433285233415870e-05
4.649031451780879287e+00,7.959825196342946624e-06
4.674026244532389462e+00,4.979885063298783339e-06
4.699021037283899638e+00,3.296573518650416471e-06
4.724015830035409813e+00,2.290229927868131202e-06
4.749010622786919988e+00,1.676115729158336420e-06
4.774005415538430164e+00,1.232963887574456543e-06
4.799000208289940339e+00,9.608876640555557463e-07
4.823995001041449626e+00,8.032885338027300676e-07
4.848989793792960690e+00,7.847642634187364018e-07
4.873984586544469977e+00,1.145741936997603611e-06
4.898979379295980152e+00,2.232482432385691395e-06
4.923974172047490327e+00,5.778331411410989628e-06
4.948968964799000503e+00,2.296387939687399217e-05
4.973963757550511566e+00,1.709711887136875505e-03
4.998958550302020853e+00,3.641937798399857984e-03
5.023953343053531029e+00,1.937305781323996230e-03
5.048948135805041204e+00,2.789867964101783466e-05
5.073942928556551379e+00,7.095626789180825404e-06
5.098937721308061555e+00,3.088913708050153186e-06
5.123932514059571730e+00,1.816009823960923528e-06
5.148927306811081905e+00,1.377648679784778597e-06
5.173922099562591193e+00,1.197179328472849077e-06
5.198916892314102256e+00,1.259004397497154871e-06
5.223911685065611543e+00,1.438059840584058495e-06
5.248906477817121718e+00,1.750518546173363028e-06
5.273901270568631894e+00,2.336436244871301245e-06
5.298896063320142069e+00,3.227088732900446613e-06
5.323890856071652244e+00,4.793744502727123803e-06
5.348885648823162420e+00,7.566972974600385572e-06
5.373880441574672595e+00,1.319793677915989356e-05
5.398875234326182770e+00,2.621104585246335344e-05
5.423870027077692946e+00,6.483374985237175833e-05
5.448864819829202233e+00,2.517725797782542022e-04
5.473859612580713296e+00,1.687686626706995721e-02
5.498854405332222584e+00,3.617304030074857540e-02
5.523849198083732759e+00,1.936459812502929270e-02
5.548843990835242934e+00,3.031844156410739839e-04
5.573838783586753109e+00,7.345981952324043697e-05
5.598833576338263285e+00,2.908261634522820880e-05
5.623828369089773460e+00,1.449864414595405040e-05
5.648823161841283635e+00,8.252283006656561642e-06
5.673817954592793811e+00,5.181797225444432765e-06
5.698812747344303986e+00,3.453966332422004665e-06
5.723807540095814161e+00,2.423721606204440722e-06
5.748802332847324337e+00,1.805095360223034350e-06
5.773797125598834512e+00,1.367704023591038554e-06
5.798791918350343799e+00,1.115636949388488749e-06
5.823786711101854863e+00,1.017606545278329870e-06
5.848781503853364150e+00,1.116301845336990820e-06
5.873776296604874325e+00,1.665197271207926163e-06
5.898771089356384500e+00,3.147026079696003109e-06
5.923765882107894676e+00,7.840173659572749463e-06
5.948760674859404851e+00,3.046282778658651754e-05
5.973755467610915026e+00,1.881365220898235328e-03
5.998750260362425202e+00,4.058832787475132042e-03
6.023745053113935377e+00,2.185826098431774538e-03
6.048739845865445552e+00,3.761787172580945951e-05
6.073734638616954840e+00,9.319424902307640667e-06
6.098729431368465903e+00,3.911600060256928558e-06
6.123724224119975190e+00,2.180592517364447564e-06
6.148719016871485366e+00,1.537788084605661267e-06
6.173713809622996429e+00,1.251865924788183517e-06
6.198708602374505716e+00,1.238054739008867466e-06
6.223703395126015891e+00,1.363271873863545083e-06
6.248698187877526067e+00,1.622172289491947278e-06
6.273692980629036242e+00,2.142396745782525848e-06
6.298687773380545529e+00,2.943522991134249567e-06
6.323682566132055705e+00,4.370258022650207779e-06
6.348677358883566768e+00,6.907213577731294505e-06
6.373672151635076943e+00,1.203214558064562813e-05
6.398666944386587119e+00,2.388100761135558052e-05
6.423661737138096406e+00,5.893714385119904782e-05
6.448656529889606581e+00,2.274961625733522600e-04
6.473651322641117645e+00,1.292244008147399974e-02
6.498646115392627820e+00,2.805510126931537451e-02
6.523640908144137107e+00,1.520315808723152716e-02
6.548635700895647282e+00,2.817643571557483843e-04
6.573630493647157458e+00,6.779328675689299047e-05
6.598625286398666745e+00,2.678893256429896815e-05
6.623620079150177808e+00,1.334841671199089400e-05
6.648614871901687984e+00,7.614006085359058342e-06
6.673609664653198159e+00,4.788506963620425307e-06
6.698604457404707446e+00,3.214069665665208255e-06
6.723599250156217622e+00,2.271397248614848240e-06
6.748594042907728685e+00,1.724422140795442089e-06
6.773588835659238860e+00,1.341740247176380415e-06
6.798583628410749036e+00,1.154752066226564919e-06
6.823578421162258323e+00,1.152317739360548086e-06
6.848573213913768498e+00,1.397489636049881193e-06
6.873568006665277785e+00,2.176020170973994829e-06
6.898562799416789737e+00,4.110555295369692839e-06
6.923557592168299024e+00,1.009301086028510682e-05
6.948552384919809199e+00,3.869482007739841038e-05
6.973547177671319375e+00,2.045506618648693792e-03
6.998541970422828662e+00,4.469762843170051528e-03
7.023536763174338837e+00,2.436794387875315139e-03
7.048531555925849901e+00,4.884893431693962249e-05
7.073526348677360076e+00,1.186867246584356597e-05
7.098521141428869363e+00,4.851412446246563120e-06
7.123515934180379539e+00,2.603002197292813074e-06
7.148510726931889714e+00,1.718854153337080354e-06
7.173505519683400777e+00,1.328356339532577655e-06
7.198500312434910064e+00,1.227378304938874147e-06
7.223495105186420240e+00,1.301882880013881732e-06
7.248489897937930415e+00,1.514085991413306276e-06
7.273484690689439702e+00,1.970284622697717472e-06
7.298479483440949878e+00,2.690729015588993076e-06
7.323474276192460941e+00,3.978992447890495650e-06
7.348469068943971116e+00,6.298407839594194326e-06
7.373463861695480404e+00,1.094246534790726676e-05
7.398458654446990579e+00,2.170482021191242120e-05
7.423453447198500754e+00,5.343212531372201112e-05
7.448448239950011818e+00,2.050218435263402225e-04
7.473443032701521993e+00,1.011090210026197554e-02
7.498437825453031280e+00,2.223604683645513322e-02
7.523432618204541455e+00,1.219717810150156012e-02
7.548427410956051631e+00,2.613334245993253037e-04
7.573422203707560918e+00,6.242978034603329635e-05
7.598416996459071981e+00,2.461413729185060257e-05
7.623411789210582157e+00,1.224502581310874125e-05
7.648406581962092332e+00,6.994295746790438993e-06
7.673401374713601619e+00,4.393774715296956245e-06
7.698396167465111795e+00,2.958697410706177581e-06
7.723390960216622858e+00,2.097101448421040136e-06
7.748385752968133033e+00,1.620421297404480937e-06
7.773380545719642321e+00,1.289201925109578083e-06
7.798375338471152496e+00,1.171406155770199337e-06
7.823370131222662671e+00,1.279212788470237520e-06
7.848364923974171958e+00,1.683653385591907115e-06
7.873359716725683910e+00,2.721141691499778892e-06
7.898354509477193197e+00,5.203363734260609135e-06
7.923349302228703372e+00,1.270728663020221415e-05
7.948344094980212660e+00,4.837893575338485008e-05
7.973338887731722835e+00,2.239032668854154529e-03
7.998333680483233898e+00,4.956109522295018208e-03
8.023328473234743186e+00,2.735045596461861423e-03
8.048323265986253361e+00,6.267759144354303601e-05
8.073318058737763536e+00,1.501429556310946087e-05
8.098312851489273712e+00,6.029171899823964470e-06
8.123307644240783887e+00,3.148906038122963057e-06
8.148302436992294062e+00,1.975388034671768461e-06
8.173297229743804238e+00,1.459806386299642841e-06
8.198292022495314413e+00,1.266282040990992889e-06
8.223286815246824588e+00,1.296150971993378533e-06
8.248281607998334763e+00,1.474033227172985229e-06
8.273276400749843162e+00,1.888620962227844480e-06
8.298271193501355114e+00,2.557004971151068505e-06
8.323265986252865289e+00,3.761278380447822317e-06
8.348260779004375465e+00,5.958482956554614521e-06
8.373255571755885640e+00,1.029545000643278985e-05
8.398250364507394039e+00,2.040223142303841913e-05
8.423245157258905991e+00,5.005202591331692398e-05
8.448239950010416166e+00,1.908841082504960480e-04
8.473234742761926341e+00,8.321433140347302831e-03
8.498229535513434740e+00,1.853921346692573302e-02
8.523224328264944916e+00,1.029334681277797696e-02
8.548219121016455091e+00,2.504589479846791524e-04
8.573213913767967043e+00,5.937243338819811136e-05
8.598208706519475442e+00,2.332956806228144171e-05
8.623203499270985617e+00,1.156650153649204715e-05
8.648198292022495792e+00,6.593440637506433561e-06
8.673193084774005968e+00,4.108494446893249711e-06
8.698187877525517919e+00,2.762626065197551829e-06
8.723182670277026318e+00,1.934606782015771658e-06
8.748177463028536494e+00,1.500888112268994340e-06
8.773172255780046669e+00,1.207385381686125368e-06
8.798167048531556844e+00,1.154029832203208806e-06
8.823161841283067020e+00,1.367509633743818740e-06
8.848156634034577195e+00,1.940983589201048143e-06
8.873151426786087370e+00,3.253851747149193281e-06
8.898146219537597545e+00,6.323691365616363036e-06
8.923141012289107721e+00,1.544939397164692913e-05
8.948135805040616120e+00,5.860104022868316764e-05
8.973130597792128071e+00,2.415431742936698708e-03
8.998125390543638247e+00,5.416433222462962126e-03
9.023120183295148422e+00,3.025489970025313675e-03
9.048114976046658597e+00,7.811586427416253894e-05
9.073109768798166996e+00,1.852372882620892359e-05
9.098104561549677172e+00,7.361418147441258656e-06
9.123099354301189123e+00,3.783511739486683728e-06
9.148094147052699299e+00,2.298415983434038261e-06
9.173088939804207698e+00,1.645219356479814364e-06
9.198083732555717873e+00,1.362189474763087318e-06
9.223078525307228048e+00,1.347207894969510565e-06
9.248073318058738224e+00,1.514240112909423351e-06
9.273068110810248399e+00,1.898823694488954757e-06
9.298062903561758574e+00,2.552405241074769470e-06
9.323057696313268750e+00,3.724517696563714729e-06
9.348052489064778925e+00,5.884962911384980089e-06
9.373047281816289100e+00,1.009744565060622093e-05
9.398042074567799276e+00,1.995556436547855266e-05
9.423036867319309451e+00,4.874014007779420337e-05
9.448031660070819626e+00,1.846731451426552445e-04
9.473026452822329802e+00,7.216096351657166896e-03
9.498021245573839977e+00,1.628715134558809258e-02
9.523016038325348376e+00,9.152908643144701956e-03
9.548010831076860327e+00,2.494126399371074452e-04
9.573005623828370503e+00,5.864964842172066178e-05
9.598000416579880678e+00,2.293268710478894561e-05
9.622995209331390853e+00,1.130445233800416448e-05
9.647990002082899252e+00,6.408990250782156958e-06
9.672984794834411204e+00,3.937856095600426611e-06
9.697979587585921379e+00,2.617136327616771764e-06
9.722974380337431555e+00,1.785874464450131768e-06
9.747969173088939954e+00,1.354706166253034842e-06
9.772963965840450129e+00,1.077084351014103854e-06
9.797958758591960304e+00,1.075198720282969046e-06
9.822953551343472256e+00,1.384347240232394367e-06
9.847948344094980655e+00,2.104198266746659932e-06
9.872943136846490830e+00,3.652921450390883565e-06
9.897937929598001006e+00,7.212351780711753069e-06
9.922932722349511181e+00,1.766966105270765299e-05
9.947927515101023133e+00,6.684669134187193708e-05
9.972922307852531532e+00,2.486355073395916937e-03
9.997917100604041707e+00,5.648830714525109736e-03
1.002291189335555188e+01,3.193538887983939523e-03
1.004790668610706206e+01,9.183093019980079197e-05
1.007290147885857223e+01,2.161157550560622432e-05
1.009789627161008241e+01,8.550770817920471401e-06
1.012289106436159258e+01,4.369758393293960477e-06
1.014788585711310276e+01,2.625329050811712321e-06
1.017288064986461293e+01,1.856321199664207288e-06
1.019787544261612311e+01,1.507903577554004601e-06
1.022287023536763151e+01,1.468189652438036658e-06
1.024786502811914346e+01,1.644612835778804412e-06
1.027285982087065364e+01,2.032296930427247324e-06
1.029785461362216381e+01,2.722559473489140182e-06
1.032284940637367221e+01,3.944337791758690006e-06
1.034784419912518239e+01,6.202133892453858888e-06
1.037283899187669434e+01,1.059235694134617811e-05
1.039783378462820451e+01,2.085142765055811095e-05
1.042282857737971291e+01,5.072221734850040350e-05
1.044782337013122309e+01,1.908996979768493756e-04
1.047281816288273326e+01,6.761892314252047377e-03
1.049781295563424344e+01,1.546278564969590444e-02
1.052280774838575539e+01,8.794954976380952444e-03
1.054780254113726379e+01,2.654470489484547541e-04
1.057279733388877396e+01,6.192766364795025235e-05
1.059779212664028414e+01,2.409503900763917557e-05
1.062278691939179431e+01,1.181054580564410151e-05
1.064778171214330449e+01,6.659295947323172440e-06
1.067277650489481466e+01,4.041662094177614042e-06
1.069777129764632484e+01,2.640942560074526834e-06
1.072276609039783501e+01,1.758874329935539797e-06
1.074776088314934519e+01,1.277491615255020254e-06
1.077275567590085359e+01,9.830938580593453678e-07
1.079775046865236554e+01,1.000185733609953710e-06
1.082274526140387572e+01,1.386196635466124277e-06
1.084774005415538589e+01,2.226765289700675591e-06
1.087273484690689607e+01,3.958869357159765690e-06
1.089772963965840447e+01,7.917738336100822925e-06
1.092272443240991642e+01,1.943800175049358205e-05
1.094771922516142659e+01,7.331131919564321398e-05
1.097271401791293677e+01,2.485899804958766057e-03
1.099770881066444517e+01,5.722522486309674673e-03
1.102270360341595534e+01,3.274246817794270424e-03
1.104769839616746552e+01,1.038395874025348632e-04
1.107269318891897747e+01,2.427138655715447221e-05
1.109768798167048587e+01,9.585856251967492681e-06
1.112268277442199604e+01,4.889332586542851741e-06
1.114767756717350622e+01,2.928601243803998765e-06
1.117267235992501639e+01,2.074157754615946945e-06
1.119766715267652657e+01,1.680680703669735870e-06
1.122266194542803674e+01,1.631330284660108772e-06
1.124765673817954692e+01,1.838022262922054116e-06
1.127265153093105710e+01,2.260624698614438148e-06
1.129764632368256727e+01,3.027560323168475482e-06
1.132264111643407745e+01,4.374230942886504038e-06
1.134763590918558762e+01,6.853517075434830193e-06
1.137263070193709780e+01,1.167802479532286110e-05
1.139762549468860797e+01,2.292478878480346777e-05
1.142262028744011815e+01,5.557789489746799827e-05
1.144761508019162832e+01,2.078512797425286743e-04
1.147260987294313672e+01,6.736478105981258228e-03
1.149760466569464867e+01,1.560844430788128727e-02
1.152259945844615885e+01,8.985008052848927548e-03
1.154759425119766902e+01,2.976969742053646169e-04
1.157258904394917742e+01,6.893043653916116199e-05
1.159758383670068760e+01,2.671110727698986523e-05
1.162257862945219955e+01,1.304752415975209504e-05
1.164757342220370973e+01,7.322921085839028435e-06
1.167256821495521812e+01,4.419261453640385725e-06
1.169756300770672830e+01,2.857247671205456061e-06
1.172255780045823848e+01,1.868585305405730841e-06
1.174755259320974865e+01,1.302799227800789284e-06
1.177254738596126060e+01,9.539389799332616752e-07
1.179754217871276900e+01,9.590887691181332255e-07
1.182253697146427918e+01,1.389741879351704586e-06
1.184753176421578935e+01,2.328184980760744582e-06
1.187252655696729953e+01,4.214328650121755049e-06
1.189752134971880970e+01,8.502698041198866307e-06
1.192251614247031988e+01,2.090920129015953090e-05
1.194751093522183005e+01,7.858505270257992422e-05
1.197250572797334023e+01,2.449478623866956951e-03
1.199750052072485040e+01,5.713690831721356285e-03
1.202249531347636058e+01,3.308516074489438116e-03
1.204749010622787075e+01,1.147693495768119541e-04
1.207248489897938093e+01,2.664955624573304283e-05
1.209747969173089110e+01,1.050668471592554725e-05
1.212247448448240128e+01,5.346352400743065884e-06
1.214746927723390968e+01,3.202376534488592996e-06
1.217246406998542163e+01,2.265375304392525800e-06
1.219745886273693181e+01,1.833405976138989178e-06
1.222245365548844198e+01,1.774402393176567835e-06
1.224744844823995038e+01,2.002438693019702568e-06
1.227244324099146056e+01,2.457761703014255660e-06
1.229743803374297073e+01,3.291146020785454282e-06
1.232243282649448268e+01,4.748299159492995140e-06
1.234742761924599286e+01,7.420556665824463306e-06
1.237242241199750126e+01,1.263068326813534815e-05
1.239741720474901143e+01,2.473703643448119549e-05
1.242241199750052161e+01,5.980735223580532062e-05
1.244740679025203178e+01,2.223188913952298682e-04
1.247240158300354196e+01,6.644073202626720430e-03
1.249739637575505213e+01,1.559910947369432151e-02
1.252239116850656231e+01,9.087689652290703579e-03
1.254738596125807248e+01,3.280906967553986141e-04
1.257238075400958266e+01,7.540994262713198555e-05
1.259737554676109106e+01,2.912278370054801658e-05
1.262237033951260301e+01,1.419478452230948169e-05
1.264736513226411141e+01,7.941777360679276338e-06
1.267235992501562336e+01,4.783966918637220259e-06
1.269735471776713354e+01,3.072676090534241587e-06
1.272234951051864194e+01,1.993608645263575243e-06
1.274734430327015389e+01,1.342842509387787798e-06
1.277233909602166229e+01,9.372042559703077709e-07
1.279733388877317424e+01,9.066714074937997474e-07
1.282232868152468441e+01,1.359535047099090827e-06
1.284732347427619281e+01,2.354471790844009484e-06
1.287231826702770476e+01,4.336405526390288675e-06
1.289731305977921316e+01,8.809918541591615614e-06
1.292230785253072334e+01,2.169222560995324374e-05
1.294730264528223529e+01,8.122863008415976273e-05
1.297229743803374369e+01,2.343875260308132726e-03
1.299729223078525564e+01,5.540484843372088346e-03
1.302228702353676404e+01,3.246676552598755806e-03
1.304728181628827421e+01,1.223467978989886175e-04
1.307227660903978261e+01,2.822455306309040767e-05
1.309727140179129456e+01,1.110876534835297761e-05
1.312226619454280652e+01,5.651795583232383069e-06
1.314726098729431492e+01,3.387151258270017113e-06
1.317225578004582509e+01,2.396333551279963535e-06
1.319725057279733349e+01,1.936887789714541008e-06
1.322224536554884544e+01,1.868099903706355940e-06
1.324724015830035562e+01,2.099766470607646528e-06
1.327223495105186579e+01,2.569345791509763373e-06
1.329722974380337597e+01,3.434050266695335786e-06
1.332222453655488437e+01,4.942500304733666002e-06
1.334721932930639632e+01,7.703134833445336499e-06
1.337221412205790649e+01,1.310611014209636897e-05
1.339720891480941489e+01,2.560646208630038782e-05
1.342220370756092684e+01,6.174632302317914294e-05
1.344719850031243524e+01,2.281873308792569657e-04
1.347219329306394719e+01,6.329235708315308212e-03
1.349718808581545737e+01,1.505866553122540627e-02
1.352218287856696577e+01,8.878055958244701618e-03
1.354717767131847772e+01,3.470513595026785704e-04
1.357217246406998612e+01,7.918431017521752088e-05
1.359716725682149807e+01,3.048560062918199734e-05
1.362216204957300647e+01,1.483471609481586104e-05
1.364715684232451665e+01,8.281246045004056933e-06
1.367215163507602860e+01,4.987272732017222152e-06
1.369714642782753700e+01,3.188729821286268475e-06
1.372214122057904717e+01,2.063927105424263782e-06
1.374713601333055557e+01,1.363359479248409369e-06
1.377213080608206752e+01,9.168655084759635771e-07
1.379712559883357947e+01,8.555623182026047857e-07
1.382212039158508787e+01,1.307317658642648408e-06
1.384711518433659805e+01,2.334978621440735319e-06
1.387210997708810645e+01,4.342069025901339703e-06
1.389710476983961840e+01,8.871645214832088545e-06
1.392209956259113035e+01,2.184914059413126409e-05
1.394709435534263875e+01,8.147938657449021625e-05
1.397208914809414892e+01,2.189286349182000511e-03
1.399708394084565732e+01,5.244657399011758321e-03
1.402207873359716928e+01,3.110052098748395614e-03
1.404707352634867767e+01,1.265646413200032503e-04
1.407206831910018785e+01,2.900457312838125633e-05
1.409706311185169980e+01,1.139480322204167887e-05
1.412205790460320820e+01,5.798256730453707677e-06
1.414705269735472015e+01,3.477760021726195761e-06
1.417204749010622855e+01,2.465294868827405869e-06
1.419704228285773873e+01,1.994162775830955063e-06
1.422203707560925068e+01,1.918938090477971649e-06
1.424703186836075908e+01,2.152169433210012808e-06
1.427202666111227103e+01,2.627522027754993295e-06
1.429702145386377943e+01,3.506396622015744470e-06
1.432201624661528960e+01,5.043084176451199448e-06
1.434701103936680155e+01,7.842382493247463635e-06
1.437200583211830995e+01,1.333243323008993042e-05
1.439700062486982013e+01,2.600241912187577835e-05
1.442199541762132853e+01,6.254760045633737128e-05
1.444699021037284048e+01,2.298470033529949211e-04
1.447198500312435243e+01,5.949935433452931480e-03
1.449697979587586083e+01,1.434662200181041625e-02
1.452197458862737101e+01,8.559380080631161583e-03
1.454696938137887940e+01,3.603279768866525382e-04
1.457196417413039136e+01,8.161322346459932943e-05
1.459695896688189976e+01,3.133157208529656346e-05
1.462195375963341171e+01,1.522346775449159308e-05
1.464694855238492188e+01,8.490575826991083444e-06
1.467194334513643028e+01,5.113156126243272842e-06
1.469693813788794223e+01,3.265132390821434609e-06
1.472193293063945063e+01,2.112052521842160922e-06
1.474692772339096081e+01,1.384490170975452207e-06
1.477192251614247276e+01,9.115454967790094783e-07
1.479691730889398116e+01,8.190830747768603242e-07
1.482191210164549311e+01,1.261704986831889914e-06
1.484690689439700151e+01,2.286444324177018550e-06
1.487190168714851168e+01,4.286887157540703784e-06
1.489689647990002364e+01,8.787246369272617850e-06
1.492189127265153203e+01,2.163308228611818390e-05
1.494688606540304399e+01,8.031808673920290973e-05
1.497188085815455239e+01,2.019739182935715183e-03
1.499687565090606256e+01,4.903897444535686850e-03
1.502187044365757096e+01,2.942636825913527016e-03
1.504686523640908291e+01,1.286613378853489523e-04
1.507186002916059309e+01,2.928021631111114769e-05
1.509685482191210326e+01,1.147725845861621739e-05
1.512184961466361344e+01,5.836672020583201766e-06
1.514684440741512184e+01,3.498871631059943016e-06
1.517183920016663379e+01,2.482230947780147262e-06
1.519683399291814396e+01,2.000410778970926624e-06
1.522182878566965236e+01,1.919064010904028598e-06
1.524682357842116431e+01,2.146474641730460809e-06
1.527181837117267271e+01,2.614378583325370167e-06
1.529681316392418466e+01,3.481039785895572179e-06
1.532180795667569484e+01,5.005775462839759188e-06
1.534680274942720324e+01,7.770750620712606505e-06
1.537179754217871519e+01,1.320158993717329804e-05
1.539679233493022359e+01,2.570761952478327702e-05
1.542178712768173554e+01,6.169725087256991273e-05
1.544678192043324572e+01,2.254657384876193604e-04
1.547177671318475412e+01,5.473377638852471548e-03
1.549677150593626607e+01,1.337604690048827677e-02
1.552176629868777447e+01,8.075432076728797370e-03
1.554676109143928464e+01,3.643787886055819322e-04
1.557175588419079304e+01,8.192305727807763424e-05
1.559675067694230499e+01,3.136476441724865663e-05
1.562174546969381694e+01,1.522009460782982526e-05
1.564674026244532534e+01,8.483254653965242631e-06
1.567173505519683552e+01,5.106219405295552141e-06
1.569672984794834392e+01,3.263300776130021689e-06
1.572172464069985587e+01,2.111342000212664887e-06
1.574671943345136782e+01,1.373888918139902442e-06
1.577171422620287622e+01,8.906935199826470485e-07
1.579670901895438639e+01,7.693368049717288820e-07
1.582170381170589479e+01,1.187966561038851530e-06
1.584669860445740674e+01,2.182146243629372551e-06
1.587169339720891692e+01,4.127132358448431639e-06
1.589668818996042532e+01,8.480418061868674135e-06
1.592168298271193727e+01,2.087978182855960345e-05
1.594667777546344567e+01,7.717075004175416358e-05
1.597167256821495762e+01,1.824362829386536608e-03
1.599666736096646780e+01,4.489758802836476929e-03
1.602166215371797620e+01,2.726133275247258521e-03
1.604665694646948637e+01,1.274973722609120807e-04
1.607165173922099655e+01,2.881288328920254393e-05
1.609664653197250672e+01,1.127157816135804049e-05
1.612164132472401690e+01,5.728202982892134565e-06
1.614663611747552707e+01,3.434421311924214175e-06
1.617163091022703725e+01,2.433605206862050754e-06
1.619662570297854742e+01,1.956009137919333982e-06
1.622162049573005760e+01,1.869192520183280361e-06
1.624661528848156777e+01,2.078186180745674566e-06
1.627161008123307795e+01,2.521745491286648113e-06
1.629660487398458812e+01,3.348924873481532879e-06
1.632159966673609830e+01,4.804895706057518440e-06
1.634659445948760848e+01,7.447055379236452054e-06
1.637158925223911865e+01,1.264168560666078068e-05
1.639658404499062883e+01,2.457001936364717072e-05
1.642157883774213900e+01,5.883406103616919421e-05
1.644657363049364918e+01,2.138103777118412294e-04
1.647156842324515935e+01,4.887894936291302568e-03
1.649656321599666953e+01,1.210770648482023017e-02
1.652155800874817970e+01,7.396570298906317981e-03
1.654655280149968632e+01,3.562461567230569537e-04
1.657154759425120005e+01,7.949537729549532611e-05
1.659654238700271023e+01,3.035050814027408597e-05
1.662153717975422040e+01,1.470690682793186589e-05
1.664653197250573058e+01,8.188742966574920492e-06
1.667152676525723720e+01,4.930411382583202770e-06
1.669652155800875093e+01,3.143062941759465579e-06
1.672151635076026110e+01,2.038771464214939376e-06
1.674651114351177128e+01,1.316344642158579971e-06
1.677150593626328146e+01,8.420613163520796408e-07
1.679650072901478808e+01,7.019258643679351423e-07
1.682149552176630181e+01,1.095602459427457787e-06
1.684649031451781198e+01,2.044768118357442465e-06
1.687148510726931860e+01,3.892747985222183429e-06
1.689647990002083233e+01,8.015182399044185616e-06
1.692147469277233895e+01,1.972128961588758009e-05
1.694646948552385268e+01,7.256214986969723323e-05
1.697146427827536286e+01,1.618930719764124365e-03
1.699645907102686948e+01,4.038676199446037535e-03
1.702145386377838321e+01,2.481290734523000294e-03
1.704644865652988983e+01,1.236452846390117416e-04
1.707144344928140356e+01,2.774463133634772020e-05
1.709643824203291018e+01,1.083029405142040787e-05
1.712143303478442036e+01,5.500716800647336960e-06
1.714642782753593409e+01,3.297013285428668722e-06
1.717142262028744071e+01,2.337096405986151775e-06
1.719641741303895088e+01,1.876640985861279487e-06
1.722141220579046106e+01,1.785168739467143404e-06
1.724640699854197123e+01,1.978906251858025035e-06
1.727140179129348496e+01,2.391138482698197726e-06
1.729639658404499158e+01,3.169271599993403503e-06
1.732139137679650176e+01,4.538825659031835384e-06
1.734638616954801194e+01,7.024622243271335096e-06
1.737138096229952211e+01,1.190445145930911145e-05
1.739637575505103584e+01,2.310867458022815684e-05
1.742137054780254246e+01,5.518823024514327131e-05
1.744636534055405264e+01,1.994844149890744522e-04
1.747136013330556281e+01,4.310342528556673249e-03
1.749635492605707299e+01,1.082314174014007736e-02
1.752134971880858316e+01,6.690183987321749251e-03
1.754634451156009334e+01,3.426918133631679983e-04
1.757133930431160351e+01,7.589234712726956704e-05
1.759633409706311369e+01,2.889173140702815196e-05
1.762132888981462386e+01,1.397923146557380386e-05
1.764632368256613404e+01,7.774319176517437542e-06
1.767131847531764421e+01,4.679013800567693010e-06
1.769631326806915439e+01,2.980548907151804977e-06
1.772130806082066456e+01,1.931521932779427430e-06
1.774630285357217474e+01,1.241611574618644228e-06
1.777129764632368492e+01,7.836789583415152329e-07
1.779629243907519509e+01,6.428722776273834735e-07
1.782128723182670527e+01,1.005908895653198087e-06
1.784628202457821544e+01,1.904887310295972041e-06
1.787127681732972562e+01,3.637698768715187717e-06
1.789627161008123224e+01,7.504610573764607567e-06
1.792126640283274597e+01,1.844224595049436341e-05
1.794626119558425614e+01,6.753114910085574070e-05
1.797125598833576632e+01,1.426804959621620281e-03
1.799625078108727649e+01,3.608335736675078852e-03
1.802124557383878312e+01,2.243093819542350039e-03
1.804624036659029684e+01,1.186813398208388649e-04
1.807123515934180347e+01,2.643387233169383431e-05
1.809622995209331719e+01,1.029057556485630041e-05
1.812122474484482737e+01,5.220988400703399797e-06
1.814621953759633399e+01,3.124808787757184703e-06
1.817121433034784772e+01,2.214790139607181456e-06
1.819620912309935434e+01,1.771492272180673212e-06
1.822120391585086452e+01,1.678674273343439327e-06
1.824619870860237825e+01,1.855327588679445324e-06
1.827119350135388487e+01,2.231021491399652628e-06
1.829618829410539860e+01,2.950510017569636199e-06
1.832118308685690522e+01,4.222588697224540810e-06
1.834617787960841540e+01,6.520395219639393821e-06
1.837117267235992912e+01,1.103723465377795507e-05
1.839616746511143575e+01,2.139192465021054736e-05
1.842116225786294947e+01,5.096379265004464718e-05
1.844615705061445610e+01,1.832155479650222614e-04
1.847115184336596627e+01,3.754133592290377977e-03
1.849614663611747645e+01,9.556241040502240491e-03
1.852114142886898662e+01,5.976874635617092889e-03
1.854613622162049680e+01,3.245483770022269867e-04
1.857113101437200697e+01,7.132025745734340985e-05
1.859612580712351715e+01,2.707277583822541159e-05
1.862112059987502732e+01,1.307967085669456834e-05
1.864611539262653750e+01,7.264843940001278206e-06
1.867111018537804767e+01,4.366866843220434994e-06
1.869610497812955785e+01,2.779494756134972857e-06
1.872109977088106803e+01,1.799499088269806001e-06
1.874609456363257820e+01,1.148045564716556166e-06
1.877108935638408838e+01,7.138855980601778942e-07
1.879608414913559855e+01,5.744585395670721645e-07
1.882107894188710873e+01,9.160479472609280406e-07
1.884607373463861890e+01,1.753318556098867362e-06
1.887106852739012908e+01,3.364416191665181644e-06
1.889606332014163925e+01,6.951271273253030896e-06
1.892105811289314943e+01,1.704762178483097774e-05
1.894605290564465960e+01,6.213824066379815552e-05
1.897104769839616978e+01,1.247026457473572516e-03
1.899604249114767995e+01,3.197303909128024462e-03
1.902103728389919013e+01,2.011004403502385848e-03
1.904603207665069675e+01,1.126282441865967849e-04
1.907102686940221048e+01,2.489158490899778166e-05
1.909602166215372065e+01,9.665065485638734902e-06
1.912101645490523083e+01,4.895433514347411395e-06
1.914601124765674101e+01,2.927037415516541421e-06
1.917100604040824763e+01,2.072240454968589201e-06
1.919600083315976136e+01,1.650564916455820110e-06
1.922099562591127153e+01,1.560787139087948265e-06
1.924599041866278171e+01,1.715229043769087397e-06
1.927098521141429188e+01,2.053869048742912582e-06
1.929598000416579850e+01,2.713363033213677808e-06
1.932097479691731223e+01,3.871737473382666203e-06
1.934596958966882241e+01,5.968850611164948895e-06
1.937096438242032903e+01,1.009631205567450124e-05
1.939595917517184276e+01,1.952189609039240434e-05
1.942095396792334938e+01,4.641020482053866727e-05
1.944594876067486311e+01,1.659376140045866563e-04
1.947094355342636973e+01,3.233713151672903442e-03
1.949593834617787991e+01,8.345451583383121583e-03
1.952093313892939364e+01,5.281113138420170765e-03
1.954592793168090026e+01,3.031117445577364883e-04
1.957092272443241399e+01,6.608948126019175632e-05
1.959591751718392061e+01,2.501248862246613095e-05
1.962091230993543078e+01,1.206466260888298756e-05
1.964590710268694451e+01,6.685758134900361687e-06
1.967090189543845113e+01,4.021586950085646944e-06
1.969589668818996131e+01,2.548534666952890469e-06
1.972089148094147149e+01,1.645009891801921573e-06
1.974588627369298166e+01,1.042872113213697687e-06
1.977088106644449539e+01,6.373708232128403910e-07
1.979587585919600201e+01,5.089166826377319148e-07
1.982087065194751219e+01,8.370360776039173322e-07
1.984586544469902236e+01,1.625004863470192295e-06
1.987086023745053254e+01,3.120564996488795506e-06
1.989585503020204627e+01,6.446836583825814860e-06
1.992084982295355289e+01,1.578055019424123552e-05
1.994584461570506306e+01,5.722475635348210328e-05
1.997083940845657324e+01,1.093834427933998259e-03
1.999583420120808341e+01,2.843529525368843937e-03
2.002082899395959359e+01,1.809521782957271632e-03
2.004582378671110376e+01,1.069717988160887051e-04
2.007081857946261394e+01,2.345362150060373529e-05
2.009581337221412412e+01,9.079667434996233457e-06
2.012080816496563429e+01,4.588021902928182081e-06
2.014580295771714447e+01,2.740963139926093632e-06
2.017079775046865464e+01,1.930838664349708002e-06
2.019579254322016482e+01,1.538917616143681299e-06
2.022078733597167499e+01,1.444768216828704875e-06
2.024578212872318517e+01,1.585592560034219305e-06
2.027077692147469534e+01,1.897149992404181559e-06
2.029577171422620552e+01,2.497291836316219667e-06
2.032076650697771569e+01,3.558519338294814428e-06
2.034576129972922587e+01,5.485521708800776276e-06
2.037075609248073604e+01,9.257185678931751486e-06
2.039575088523224622e+01,1.788180264928869193e-05
2.042074567798375639e+01,4.240221464481345711e-05
2.044574047073526302e+01,1.508094283372963086e-04
2.047073526348677674e+01,2.802491201579541957e-03
2.049573005623828692e+01,7.333312631025580564e-03
2.052072484898979354e+01,4.695167383789160265e-03
2.054571964174130727e+01,2.840996147157576852e-04
2.057071443449281389e+01,6.145237197131078884e-05
2.059570922724432762e+01,2.318932656030428456e-05
2.062070401999583780e+01,1.116393894879038021e-05
2.064569881274734442e+01,6.180886565559144925e-06
2.067069360549885815e+01,3.706415163627565700e-06
2.069568839825036477e+01,2.349291829794176403e-06
2.072068319100187850e+01,1.507374383969145553e-06
2.074567798375338867e+01,9.482471424968680377e-07
2.077067277650489530e+01,5.712959368846042735e-07
2.079566756925640902e+01,4.639396036280755654e-07
2.082066236200791565e+01,7.873149025460419282e-07
2.084565715475942582e+01,1.534326391184305038e-06
2.087065194751093955e+01,2.947278397886874009e-06
2.089564674026244617e+01,6.076891346301025293e-06
2.092064153301395990e+01,1.483967374194163289e-05
2.094563632576546652e+01,5.351927042778133767e-05
2.097063111851697670e+01,9.766979276984767439e-04
2.099562591126848687e+01,2.574539271984899267e-03
2.102062070401999705e+01,1.657572394522318412e-03
2.104561549677151078e+01,1.031702417847664465e-04
2.107061028952301740e+01,2.243378847000447333e-05
2.109560508227452758e+01,8.654979523050468425e-06
2.112059987502603775e+01,4.357821986872837746e-06
2.114559466777754793e+01,2.597875428662498725e-06
2.117058946052905810e+01,1.822323753064961905e-06
2.119558425328056828e+01,1.442493309105761732e-06
2.122057904603207845e+01,1.348594361894439977e-06
2.124557383878358863e+01,1.476913575464600119e-06
2.127056863153509880e+01,1.759546056612777135e-06
2.129556342428660898e+01,2.312540307280348512e-06
2.132055821703811915e+01,3.292276064962844169e-06
2.134555300978962933e+01,5.072754169558519159e-06
2.137054780254113950e+01,8.545863106934773270e-06
2.139554259529264968e+01,1.648673719468624416e-05
2.142053738804415985e+01,3.900455307487532119e-05
2.144553218079567003e+01,1.379978861847668990e-04
2.147052697354718021e+01,2.451247790438013802e-03
2.149552176629869038e+01,6.504116705073103959e-03
2.152051655905020056e+01,4.213095521336650967e-03
2.154551135180170718e+01,2.681252244653269394e-04
2.157050614455322091e+01,5.753038109323471423e-05
2.159550093730473108e+01,2.164567673414607063e-05
2.162049573005624126e+01,1.040317364497842500e-05
2.164549052280775143e+01,5.750959451403337662e-06
2.167048531555925805e+01,3.440987170063234829e-06
2.169548010831077178e+01,2.174974430854851196e-06
2.172047490106228196e+01,1.390979301251874231e-06
2.174546969381379213e+01,8.679742957022461367e-07
2.177046448656530231e+01,5.118635786375830220e-07
2.179545927931680893e+01,4.339875058228723242e-07
2.182045407206832266e+01,7.619593526095994546e-07
2.184544886481983283e+01,1.481620938336860837e-06
2.187044365757133946e+01,2.837581668623021682e-06
2.189543845032285319e+01,5.835035576305289649e-06
2.192043324307435981e+01,1.420879778431905341e-05
2.194542803582587354e+01,5.095652108592038269e-05
2.197042282857738016e+01,8.898129182702830793e-04
2.199541762132889033e+01,2.378517441651519307e-03
2.202041241408040406e+01,1.549297886271963631e-03
2.204540720683191068e+01,1.012974435037113113e-04
2.207040199958342441e+01,2.184223295216947516e-05
2.209539679233493104e+01,8.395700681603472190e-06
2.212039158508644121e+01,4.211005234972156795e-06
2.214538637783795494e+01,2.503997855878174990e-06
2.217038117058946156e+01,1.743806967975492169e-06
2.219537596334097174e+01,1.374886596722584364e-06
2.222037075609248191e+01,1.278814513639508565e-06
2.224536554884399209e+01,1.389746487415189057e-06
2.227036034159550582e+01,1.652700945546333084e-06
2.229535513434701244e+01,2.170522766726240131e-06
2.232034992709852261e+01,3.083652756197516171e-06
2.234534471985003279e+01,4.748223711283118915e-06
2.237033951260154296e+01,7.990548075052447425e-06
2.239533430535305314e+01,1.539442560330943655e-05
2.242032909810456331e+01,3.633215705802549729e-05
2.244532389085607349e+01,1.278929024296279878e-04
2.247031868360758367e+01,2.176166649379058550e-03
2.249531347635909384e+01,5.855674842769427110e-03
2.252030826911060402e+01,3.837419608471756387e-03
2.254530306186211419e+01,2.563034472046636972e-04
2.257029785461362437e+01,5.455110246791456514e-05
2.259529264736513454e+01,2.046254790340002654e-05
2.262028744011664472e+01,9.815618131616880867e-06
2.264528223286815489e+01,5.419435096048070377e-06
2.267027702561966507e+01,3.236352901846270810e-06
2.269527181837117524e+01,2.039251245796698189e-06
2.272026661112268542e+01,1.299888750950669646e-06
2.274526140387419559e+01,8.019395526447204074e-07
2.277025619662570577e+01,4.729594024678389244e-07
2.279525098937721594e+01,4.247828393810036760e-07
2.282024578212872612e+01,7.655854970281787073e-07
2.284524057488023630e+01,1.475091471075094710e-06
2.287023536763174647e+01,2.804959335616916345e-06
2.289523016038325665e+01,5.747677583163303441e-06
2.292022495313476682e+01,1.394632366756687614e-05
2.294521974588627344e+01,4.972416054855595635e-05
2.297021453863778717e+01,8.324797333312774399e-04
2.299520933138929735e+01,2.256756048685833096e-03
2.302020412414080397e+01,1.487162461716627811e-03
2.304519891689231770e+01,1.019309115936820726e-04
2.307019370964382432e+01,2.178879358057127425e-05
2.309518850239533805e+01,8.340151000481952769e-06
2.312018329514684822e+01,4.169127100324294266e-06
2.314517808789835485e+01,2.466108904359425825e-06
2.317017288064986857e+01,1.705892504256403400e-06
2.319516767340137520e+01,1.337470315956977297e-06
2.322016246615288892e+01,1.232727127100596924e-06
2.324515725890439910e+01,1.330328186035751314e-06
2.327015205165590572e+01,1.581972522907526042e-06
2.329514684440741945e+01,2.070714783424260040e-06
2.332014163715892607e+01,2.941891093500424877e-06
2.334513642991043625e+01,4.525378269075679597e-06
2.337013122266194998e+01,7.607918313655493681e-06
2.339512601541345660e+01,1.464352297397999072e-05
2.342012080816497033e+01,3.447781447744002975e-05
2.344511560091647695e+01,1.207650234762293426e-04
2.347011039366798713e+01,1.972352431305291528e-03
2.349510518641949730e+01,5.382613984298110534e-03
2.352009997917100748e+01,3.568555514204082690e-03
2.354509477192252120e+01,2.496585970738467858e-04
2.357008956467402783e+01,5.270314810537297717e-05
2.359508435742553800e+01,1.971353402198507886e-05
2.362007915017704818e+01,9.438967483085163721e-06
2.364507394292855835e+01,5.204548347670933143e-06
2.367006873568006853e+01,3.106171473376737567e-06
2.369506352843157870e+01,1.952117374952954883e-06
2.372005832118308888e+01,1.240186626367685759e-06
2.374505311393459905e+01,7.660658096830233548e-07
2.377004790668610923e+01,4.534234534854496949e-07
2.379504269943761940e+01,4.390569182391684404e-07
2.382003749218912958e+01,7.888755638768106608e-07
2.384503228494063976e+01,1.495965253579218712e-06
2.387002707769214993e+01,2.825845137524721933e-06
2.389502187044366011e+01,5.761981560053082791e-06
2.392001666319517028e+01,1.393542031833191391e-05
2.394501145594668046e+01,4.938782968273902260e-05
2.397000624869819063e+01,7.942750187935561151e-04
2.399500104144970081e+01,2.183854670846292409e-03
2.401999583420121098e+01,1.455898581312034708e-03
2.404499062695272116e+01,1.044113926923447472e-04
2.406998541970423133e+01,2.212268437836653471e-05
2.409498021245574151e+01,8.435262656260408847e-06
2.411997500520725168e+01,4.200087065208204734e-06
2.414496979795876186e+01,2.471925921016802494e-06
2.416996459071026848e+01,1.698443252467287217e-06
2.419495938346178221e+01,1.319556545316658879e-06
2.421995417621329239e+01,1.205592926002083818e-06
2.424494896896480256e+01,1.289998537639584014e-06
2.426994376171631274e+01,1.528104223941605868e-06
2.429493855446781936e+01,1.994470249419717208e-06
2.431993334721933309e+01,2.834011679374205186e-06
2.434492813997084326e+01,4.354112910403242725e-06
2.436992293272235344e+01,7.313260216106958693e-06
2.439491772547386361e+01,1.406370365416350493e-05
2.441991251822537023e+01,3.304629949525154448e-05
2.444490731097688396e+01,1.151597897341438974e-04
2.446990210372839059e+01,1.808695972574104940e-03
2.449489689647990076e+01,5.006554080144399663e-03
2.451989168923141449e+01,3.357861262531885733e-03
2.454488648198292111e+01,2.456307513076684134e-04
2.456988127473443484e+01,5.142681661827413993e-05
2.459487606748594146e+01,1.918077583355077737e-05
2.461987086023745164e+01,9.172228380958267078e-06
2.464486565298896537e+01,5.053708506675283188e-06
2.466986044574047199e+01,3.011250436621515575e-06
2.469485523849198572e+01,1.893298098031176135e-06
2.471985003124349234e+01,1.200576409096859347e-06
2.474484482399500251e+01,7.456546398136049009e-07
2.476983961674651624e+01,4.470290807429756358e-07
2.479483440949802286e+01,4.573742373310186652e-07
2.481982920224953304e+01,8.196568971862277000e-07
2.484482399500104322e+01,1.521765643830396980e-06
2.486981878775255339e+01,2.860976739344879009e-06
2.489481358050406357e+01,5.804368547322042990e-06
2.491980837325557374e+01,1.399553304258202544e-05
2.494480316600708392e+01,4.932376474173283870e-05
2.496979795875859409e+01,7.632983231873438938e-04
2.499479275151010427e+01,2.128782320730026809e-03
2.501978754426161444e+01,1.435685122345251030e-03
2.504478233701312462e+01,1.075474219890076128e-04
2.506977712976463479e+01,2.259123932091910457e-05
2.509477192251614497e+01,8.580984464988774654e-06
2.511976671526765514e+01,4.255083291512856198e-06
2.514476150801916532e+01,2.497301243263970788e-06
2.516975630077067549e+01,1.702626684064152828e-06
2.519475109352218212e+01,1.312741090685854354e-06
2.521974588627369940e+01,1.186963405621542982e-06
2.524474067902520602e+01,1.260309745791840613e-06
2.526973547177671620e+01,1.484989495038717326e-06
2.529473026452822282e+01,1.933519030438063411e-06
2.531972505727973655e+01,2.738409323725070315e-06
2.534471985003124672e+01,4.212760252256516251e-06
2.536971464278275334e+01,7.069857642511662258e-06
2.539470943553426707e+01,1.357909847694501615e-05
2.541970422828577725e+01,3.183816957360480101e-05
2.544469902103728387e+01,1.104273728601039490e-04
2.546969381378879760e+01,1.670542250038116851e-03
2.549468860654030777e+01,4.690706728040100644e-03
2.551968339929181440e+01,3.182541342639098620e-03
2.554467819204332457e+01,2.430156982970038963e-04
2.556967298479483830e+01,5.046294098622512307e-05
2.559466777754634847e+01,1.876988328513028541e-05
2.561966257029785510e+01,8.963208178798964487e-06
2.564465736304936883e+01,4.934610526015261425e-06
2.566965215580087900e+01,2.941987342805876028e-06
2.569464694855238562e+01,1.850318249060516390e-06
2.571964174130389580e+01,1.173667887906540782e-06
2.574463653405540953e+01,7.342592949803436959e-07
2.576963132680691615e+01,4.541762289810001909e-07
2.579462611955842632e+01,4.800374630671591358e-07
2.581962091230994005e+01,8.416643181722224188e-07
2.584461570506144668e+01,1.547839695279491995e-06
2.586961049781295685e+01,2.888616064877759071e-06
2.589460529056447058e+01,5.838931258530772661e-06
2.591960008331598075e+01,1.403779586620688750e-05
2.594459487606748738e+01,4.920363012958903399e-05
2.596958966881899755e+01,7.339168094802160777e-04
2.599458446157051128e+01,2.076401448031575236e-03
2.601957925432201790e+01,1.416601631024212672e-03
2.604457404707352808e+01,1.106736782948790067e-04
2.606956883982504181e+01,2.304750757428833312e-05
2.609456363257654843e+01,8.719803754805207090e-06
2.611955842532805860e+01,4.312979332159550544e-06
2.614455321807956523e+01,2.523996810562036395e-06
2.616954801083107895e+01,1.705267191093795661e-06
2.619454280358258913e+01,1.310225891976332286e-06
2.621953759633409931e+01,1.170610843871417450e-06
2.624453238908561303e+01,1.228403996227259844e-06
2.626952718183711966e+01,1.442720820080328265e-06
2.629452197458862983e+01,1.872039105580366338e-06
2.631951676734014356e+01,2.647691735120759218e-06
2.634451156009165018e+01,4.068900756486268812e-06
2.636950635284316036e+01,6.824137964173997176e-06
2.639450114559466698e+01,1.309359748070417031e-05
2.641949593834618071e+01,3.063785448757288729e-05
2.644449073109769088e+01,1.057544813219847552e-04
2.646948552384919751e+01,1.543434490786720721e-03
2.649448031660071123e+01,4.396616174233694205e-03
2.651947510935222141e+01,3.017554371627465329e-03
2.654446990210373158e+01,2.401627496361855734e-04
2.656946469485524531e+01,4.945461107118150052e-05
2.659445948760675194e+01,1.834636619377072786e-05
2.661945428035826211e+01,8.749275273518894723e-06
2.664444907310976873e+01,4.816610083686716734e-06
2.666944386586128246e+01,2.871888268434148630e-06
2.669443865861279264e+01,1.807686129412119059e-06
2.671943345136429926e+01,1.151822360424809613e-06
2.674442824411581299e+01,7.250813968974066451e-07
2.676942303686732316e+01,4.621728980016345545e-07
2.679441782961882978e+01,4.961295695327251805e-07
2.681941262237033996e+01,8.541337686056773635e-07
2.684440741512185369e+01,1.551827392567068609e-06
2.686940220787336386e+01,2.880955479586544900e-06
2.689439700062487049e+01,5.807826487725005730e-06
2.691939179337638421e+01,1.392460392750900074e-05
2.694438658612789439e+01,4.855718193476134687e-05
2.696938137887940101e+01,6.991535952277262581e-04
2.699437617163091474e+01,2.006828721313576574e-03
2.701937096438242492e+01,1.384977608475298919e-03
2.704436575713393154e+01,1.126854072866380324e-04
2.706936054988544171e+01,2.326480239432229732e-05
2.709435534263695544e+01,8.772009634865262837e-06
2.711935013538846206e+01,4.326368433134527402e-06
2.714434492813997224e+01,2.525181217108708981e-06
2.716933972089148597e+01,1.698018768889483471e-06
2.719433451364299614e+01,1.297340814500874176e-06
2.721932930639450277e+01,1.146630959582441165e-06
2.724432409914601294e+01,1.190026667495583839e-06
2.726931889189752667e+01,1.392241657436882025e-06
2.729431368464903329e+01,1.795949969588477124e-06
2.731930847740054347e+01,2.536443528928346317e-06
2.734430327015205719e+01,3.895813370539549020e-06
2.736929806290356382e+01,6.526459279488609568e-06
2.739429285565507399e+01,1.250727618408720934e-05
2.741928764840658772e+01,2.921194848179810218e-05
2.744428244115809434e+01,1.003423263539547069e-04
2.746927723390960452e+01,1.414827956762107703e-03
2.749427202666111114e+01,4.089097026895547292e-03
2.751926681941262842e+01,2.838925984429286741e-03
2.754426161216413504e+01,2.351687315162710962e-04
2.756925640491564522e+01,4.801823044327994358e-05
2.759425119766715895e+01,1.776486484975012880e-05
2.761924599041866557e+01,8.464464623928649774e-06
2.764424078317017575e+01,4.657198471152418628e-06
2.766923557592168237e+01,2.779192245528513974e-06
2.769423036867319610e+01,1.748435243195502729e-06
2.771922516142470627e+01,1.122108221001613902e-06
2.774421995417621289e+01,7.101026999468061585e-07
2.776921474692772662e+01,4.626805840419748885e-07
2.779420953967923680e+01,5.026218746048015408e-07
2.781920433243074342e+01,8.501045648102472141e-07
2.784419912518226070e+01,1.529113747644846711e-06
2.786919391793376732e+01,2.828198127131804642e-06
2.789418871068527750e+01,5.686972577314221992e-06
2.791918350343678412e+01,1.359854060128739120e-05
2.794417829618829785e+01,4.719032907169583714e-05
2.796917308893980803e+01,6.568078765112550987e-04
2.799416788169131465e+01,1.912915066692848784e-03
2.801916267444282838e+01,1.335405528536762112e-03
2.804415746719433855e+01,1.130014618641909740e-04
2.806915225994584517e+01,2.312915871744036613e-05
2.809414705269735535e+01,8.691658561505710080e-06
2.811914184544886908e+01,4.274439829867865359e-06
2.814413663820037570e+01,2.492548689468736781e-06
2.816913143095188587e+01,1.670436519615942183e-06
2.819412622370339960e+01,1.263832355154285597e-06
2.821912101645490978e+01,1.111939357457225036e-06
2.824411580920641640e+01,1.142613795701593619e-06
2.826911060195793013e+01,1.326747454682018562e-06
2.829410539470944030e+01,1.706576267417799091e-06
2.831910018746094693e+01,2.404025238398975439e-06
2.834409498021245710e+01,3.687528816057803837e-06
2.836908977296397083e+01,6.174267342288300181e-06
2.839408456571547745e+01,1.181858245342716337e-05
2.841907935846698763e+01,2.754270438112055086e-05
2.844407415121850136e+01,9.417299347799605591e-05
2.846906894397000798e+01,1.284491455869234957e-03
2.849406373672151815e+01,3.766983315298605590e-03
2.851905852947303188e+01,2.645450519222789041e-03
2.854405332222454206e+01,2.277873194285836742e-04
2.856904811497604868e+01,4.611590634913473595e-05
2.859404290772755886e+01,1.701444513513056847e-05
2.861903770047907258e+01,8.097594216614671870e-06
2.864403249323057921e+01,4.454352900439627786e-06
2.866902728598208938e+01,2.661455769346735281e-06
2.869402207873360311e+01,1.678251780621704483e-06
2.871901687148510973e+01,1.078780976368883877e-06
2.874401166423661991e+01,6.894342874384061351e-07
2.876900645698812653e+01,4.595746649280366234e-07
2.879400124973964026e+01,4.991849692553848007e-07
2.881899604249115043e+01,8.279683250278390420e-07
2.884399083524265706e+01,1.480313984125738175e-06
2.886898562799417434e+01,2.724561296882286382e-06
2.889398042074568096e+01,5.476036128950791454e-06
2.891897521349719113e+01,1.305620455000686628e-05
2.894397000624870486e+01,4.508458953605113160e-05
2.896896479900021149e+01,6.074029227501568252e-04
2.899395959175172166e+01,1.795142588066402436e-03
2.901895438450322828e+01,1.267624903111538642e-03
2.904394917725474201e+01,1.114229823192460514e-04
2.906894397000625219e+01,2.260359590376871284e-05
2.909393876275775881e+01,8.469481485960701845e-06
2.911893355550927254e+01,4.155401917874972460e-06
2.914392834826078271e+01,2.418861578597552100e-06
2.916892314101228934e+01,1.615151472065741774e-06
2.919391793376379951e+01,1.215192916221283924e-06
2.921891272651531324e+01,1.062560612259740380e-06
2.924390751926682341e+01,1.081357894254277253e-06
2.926890231201833004e+01,1.247370866828069465e-06
2.929389710476984376e+01,1.598138959559648828e-06
2.931889189752135394e+01,2.247550890550242163e-06
2.934388669027286056e+01,3.438088790138324241e-06
2.936888148302437429e+01,5.758034359838139512e-06
2.939387627577588447e+01,1.100492993127708536e-05
2.941887106852739109e+01,2.560333048074899372e-05
2.944386586127890126e+01,8.712047407392770342e-05
2.946886065403041499e+01,1.150969949022368453e-03
2.949385544678192161e+01,3.425404030994826012e-03
2.951885023953343179e+01,2.433252316454107174e-03
2.954384503228494552e+01,2.175181746518196316e-04
2.956883982503645569e+01,4.365925533959867742e-05
2.959383461778796232e+01,1.606154261450252864e-05
2.961882941053947249e+01,7.640171634249479519e-06
2.964382420329098622e+01,4.198783835784494231e-06
2.966881899604249284e+01,2.514345229694772703e-06
2.969381378879400302e+01,1.586773168237190895e-06
2.971880858154551674e+01,1.025740249353840578e-06
2.974380337429702337e+01,6.603780780588323186e-07
2.976879816704853354e+01,4.437734065682159886e-07
2.979379295980004727e+01,4.888045646239205731e-07
2.981878775255155389e+01,7.841133687166943097e-07
2.984378254530306407e+01,1.401687437527986044e-06
2.986877733805457424e+01,2.572066961369596702e-06
2.989377213080608797e+01,5.160306110749532567e-06
2.991876692355759459e+01,1.227792048392600573e-05
2.994376171630910477e+01,4.219821562014168721e-05
2.996875650906061850e+01,5.509725606888413261e-04
2.999375130181212512e+01,1.652590130707937317e-03
3.001874609456363530e+01,1.180377763904565287e-03
3.004374088731514192e+01,1.076508515514794780e-04
3.006873568006665565e+01,2.164621152077338579e-05
3.009373047281816582e+01,8.084544381054212868e-06
3.011872526556967244e+01,3.959529309896075594e-06
3.014372005832118617e+01,2.302932014666417454e-06
3.016871485107269635e+01,1.531419494167695214e-06
3.019370964382420652e+01,1.150781600822650064e-06
3.021870443657572025e+01,9.980932209102728439e-07
3.024369922932722687e+01,1.006869028332979594e-06
3.026869402207873705e+01,1.153567022847989323e-06
3.029368881483024367e+01,1.472482321959240265e-06
3.031868360758175740e+01,2.065502130368399891e-06
3.034367840033326758e+01,3.158989738197351049e-06
3.036867319308477420e+01,5.281412113145946481e-06
3.039366798583628793e+01,1.008289486987246382e-05
3.041866277858779810e+01,2.341658295331498177e-05
3.044365757133930472e+01,7.931058377392348653e-05
3.046865236409081845e+01,1.016034139870931104e-03
3.049364715684232863e+01,3.068937699787738053e-03
3.051864194959383880e+01,2.205072102036239462e-03
3.054363674234534543e+01,2.044182313090617958e-04
3.056863153509685915e+01,4.067139268450201193e-05
3.059362632784836933e+01,1.492316742785179265e-05
3.061862112059987595e+01,7.091162275612639897e-06
3.064361591335138968e+01,3.897987715833793189e-06
3.066861070610289985e+01,2.336170836959707655e-06
3.069360549885440648e+01,1.477069476625974536e-06
3.071860029160591665e+01,9.589919650837942373e-07
3.074359508435743038e+01,6.239623592006316296e-07
3.076858987710893700e+01,4.244596947552320777e-07
3.079358466986044718e+01,4.571277034045340386e-07
3.081857946261196091e+01,7.305176875318649379e-07
3.084357425536347108e+01,1.296626916233323081e-06
3.086856904811497770e+01,2.374837501537608943e-06
3.089356384086649143e+01,4.760634054494701832e-06
3.091855863361800161e+01,1.130418990655094467e-05
3.094355342636950823e+01,3.868143028671677737e-05
3.096854821912101841e+01,4.900129525215873860e-04
3.099354301187253213e+01,1.491786715798116897e-03
3.101853780462403876e+01,1.077743086949966471e-03
3.104353259737554893e+01,1.018692120541546685e-04
3.106852739012706266e+01,2.030532110810046332e-05
3.109352218287856928e+01,7.557713854606939064e-06
3.111851697563007946e+01,3.699691534225509727e-06
3.114351176838158608e+01,2.147157143120214334e-06
3.116850656113310336e+01,1.426030051021320287e-06
3.119350135388460998e+01,1.070618177931146646e-06
3.121849614663612016e+01,9.191298193965140996e-07
3.124349093938763389e+01,9.238888146697143643e-07
3.126848573213914051e+01,1.049946929294902546e-06
3.129348052489065068e+01,1.335858766281071706e-06
3.131847531764216441e+01,1.871395275767599787e-06
3.134347011039367104e+01,2.856004672969003850e-06
3.136846490314518121e+01,4.770920009976761530e-06
3.139345969589668783e+01,9.099867117548398717e-06
3.141845448864820156e+01,2.108986135006613301e-05
3.144344928139971174e+01,7.110878363360297852e-05
3.146844407415121836e+01,8.842920622717080365e-04
3.149343886690273564e+01,2.711168903051227458e-03
3.151843365965424226e+01,1.970340016597093170e-03
3.154342845240575244e+01,1.892182217557642268e-04
3.156842324515725906e+01,3.731632056720803238e-05
3.159341803790877279e+01,1.365447472569687687e-05
3.161841283066028296e+01,6.481153596178391602e-06
3.164340762341178959e+01,3.564995359118937785e-06
3.166840241616330331e+01,2.138177539078415841e-06
3.169339720891481349e+01,1.355442642922176490e-06
3.171839200166632011e+01,8.847489846193937941e-07
3.174338679441783384e+01,5.777605020645600848e-07
3.176838158716934402e+01,3.977397894184731756e-07
3.179337637992085064e+01,4.196834062915306124e-07
3.181837117267236081e+01,6.619294320315193694e-07
3.184336596542387454e+01,1.170518123829984340e-06
3.186836075817538472e+01,2.143606305176960011e-06
3.189335555092689134e+01,4.292501676975281069e-06
3.191835034367840507e+01,1.018429176431811872e-05
3.194334513642991524e+01,3.468996058612302717e-05
3.196833992918142187e+01,4.268643625338094483e-04
3.199333472193293559e+01,1.319176740021421124e-03
3.201832951468444577e+01,9.639465045071752159e-04
3.204332430743595239e+01,9.433655078510864251e-05
3.206831910018745901e+01,1.863517697795824893e-05
3.209331389293897274e+01,6.917802012046645428e-06
3.211830868569048647e+01,3.383392907072477513e-06
3.214330347844199309e+01,1.961318789304878118e-06
3.216829827119350682e+01,1.303371793904474642e-06
3.219329306394501344e+01,9.741960510800555159e-07
3.221828785669652717e+01,8.338429102974865228e-07
3.224328264944803379e+01,8.330489859884072285e-07
3.226827744219954752e+01,9.405185172590335553e-07
3.229327223495105414e+01,1.194802522025602016e-06
3.231826702770256077e+01,1.666725259694592537e-06
3.234326182045407450e+01,2.539098502797071382e-06
3.236825661320558822e+01,4.240363105971998664e-06
3.239325140595709485e+01,8.081902131984668888e-06
3.241824619870860857e+01,1.868813829067338150e-05
3.244324099146011520e+01,6.272524909287710961e-05
3.246823578421162182e+01,7.579902854369487608e-04
3.249323057696313555e+01,2.359146991404474040e-03
3.251822536971464928e+01,1.734125565390307912e-03
3.254322016246615590e+01,1.723446321241636704e-04
3.256821495521766252e+01,3.368155010367712693e-05
3.259320974796917625e+01,1.229442380656859600e-05
3.261820454072068998e+01,5.829105547625985005e-06
3.264319933347219660e+01,3.206978360124533981e-06
3.266819412622370322e+01,1.925817481342429629e-06
3.269318891897521695e+01,1.223775289115920774e-06
3.271818371172672357e+01,8.042183496873339153e-07
3.274317850447823730e+01,5.254337927779587389e-07
3.276817329722975103e+01,3.613130137205464387e-07
3.279316808998125765e+01,3.753435697473812688e-07
3.281816288273276427e+01,5.821611648816705136e-07
3.284315767548427800e+01,1.027515580924730948e-06
3.286815246823579173e+01,1.886267842975374396e-06
3.289314726098729835e+01,3.780187251007196237e-06
3.291814205373880498e+01,8.952268463328146792e-06
3.294313684649031870e+01,3.037910392906613673e-05
3.296813163924182533e+01,3.634579351593551994e-04
3.299312643199333905e+01,1.140348332834522325e-03
3.301812122474485278e+01,8.427893083453574232e-04
3.304311601749635940e+01,8.531704703942732211e-05
3.306811081024786603e+01,1.670362258318844610e-05
3.309310560299937265e+01,6.185824998625516438e-06
3.311810039575088638e+01,3.020431853146042615e-06
3.314309518850240011e+01,1.753925560650232912e-06
3.316808998125390673e+01,1.163393081758045092e-06
3.319308477400542046e+01,8.713510831413196535e-07
3.321807956675692708e+01,7.436285847519624930e-07
3.324307435950844081e+01,7.373020599244633747e-07
3.326806915225995454e+01,8.315714900473917377e-07
3.329306394501146116e+01,1.048852456531184460e-06
3.331805873776296778e+01,1.463131714363771293e-06
3.334305353051447440e+01,2.225350035111885455e-06
3.336804832326598813e+01,3.713631802334804450e-06
3.339304311601750186e+01,7.066563517441038126e-06
3.341803790876900848e+01,1.631168812939276543e-05
3.344303270152052221e+01,5.450905484961624572e-05
3.346802749427202883e+01,6.406518055770367209e-04
3.349302228702354256e+01,2.024397001094099032e-03
3.351801707977504918e+01,1.505057150104375293e-03
3.354301187252656291e+01,1.546510395330168684e-04
3.356800666527806953e+01,2.995120873724062881e-05
3.359300145802957616e+01,1.090036162004591339e-05
3.361799625078108988e+01,5.167193411323893727e-06
3.364299104353260361e+01,2.840739551952187612e-06
3.366798583628411023e+01,1.710284880854482979e-06
3.369298062903562396e+01,1.087875447609439543e-06
3.371797542178713059e+01,7.161408190506803755e-07
3.374297021453863721e+01,4.738506216138818353e-07
3.376796500729015094e+01,3.234290090011425251e-07
3.379295980004166466e+01,3.238124923196534254e-07
3.381795459279317129e+01,4.959617750093093508e-07
3.384294938554467791e+01,8.783851261466271942e-07
3.386794417829619164e+01,1.616988221475380388e-06
3.389293897104770537e+01,3.249235961466092647e-06
3.391793376379921199e+01,7.682774583709247972e-06
3.394292855655072572e+01,2.597969972114701421e-05
3.396792334930223234e+01,3.025374773000966025e-04
3.399291814205373896e+01,9.638023746760688562e-04
3.401791293480525269e+01,7.204269491050015444e-04
3.404290772755676642e+01,7.537333868354819159e-05
3.406790252030827304e+01,1.462572432476567812e-05
3.409289731305977966e+01,5.405410457380568599e-06
3.411789210581129339e+01,2.635501689309085387e-06
3.414288689856280712e+01,1.534401289081093868e-06
3.416788169131431374e+01,1.018188457052068387e-06
3.419287648406582036e+01,7.632361265045091550e-07
3.421787127681733409e+01,6.504952181411100501e-07
3.424286606956884071e+01,6.444190561158479678e-07
3.426786086232035444e+01,7.222984626647128991e-07
3.429285565507186817e+01,9.108209952149735297e-07
3.431785044782337479e+01,1.266388288266973704e-06
3.434284524057488142e+01,1.924794412519940834e-06
3.436784003332639514e+01,3.209401146959498442e-06
3.439283482607790177e+01,6.101208645141403726e-06
3.441782961882941549e+01,1.405746131279100249e-05
3.444282441158092212e+01,4.676393710696969281e-05
3.446781920433243585e+01,5.350698604700259570e-04
3.449281399708394247e+01,1.716794908933751401e-03
3.451780878983545620e+01,1.290921484737112858e-03
3.454280358258696992e+01,1.370266555428483021e-04
3.456779837533847655e+01,2.629559506980404525e-05
3.459279316808998317e+01,9.543771711628734326e-06
3.461778796084148979e+01,4.518738268127152291e-06
3.464278275359300352e+01,2.486452805163658668e-06
3.466777754634451725e+01,1.497421645826703213e-06
3.469277233909602387e+01,9.557634831638786524e-07
3.471776713184753760e+01,6.319878130785720377e-07
3.474276192459904422e+01,4.165315282400896052e-07
3.476775671735055084e+01,2.809596694578440319e-07
3.479275151010207168e+01,2.720832790945730498e-07
3.481774630285357830e+01,4.087172671447243757e-07
3.484274109560508492e+01,7.268859352760212407e-07
3.486773588835659154e+01,1.350250311066196975e-06
3.489273068110810527e+01,2.716485181564925325e-06
3.491772547385961900e+01,6.435372541368929077e-06
3.494272026661112562e+01,2.168429753221226138e-05
3.496771505936263935e+01,2.460274288553502739e-04
3.499270985211414597e+01,7.959448056369429350e-04
3.501770464486565260e+01,6.017188488575739682e-04
3.504269943761716632e+01,6.501416755103990770e-05
3.506769423036868005e+01,1.250045475816335073e-05
3.509268902312018668e+01,4.613163958922140267e-06
3.511768381587169330e+01,2.250875834995257914e-06
3.514267860862320703e+01,1.312287871068245511e-06
3.516767340137472075e+01,8.743932846058418355e-07
3.519266819412622738e+01,6.550908956623080737e-07
3.521766298687774110e+01,5.609001435730680707e-07
3.524265777962924773e+01,5.552340624935542339e-07
3.526765257238075435e+01,6.214179517055298405e-07
3.529264736513226808e+01,7.815484172506611188e-07
3.531764215788378181e+01,1.083453721712191048e-06
3.534263695063528843e+01,1.648234130443954620e-06
3.536763174338679505e+01,2.742245077593216259e-06
3.539262653613830878e+01,5.215139170344219630e-06
3.541762132888981540e+01,1.198366379039228158e-05
3.544261612164132913e+01,3.969628684758772310e-05
3.546761091439283575e+01,4.425232557767316680e-04
3.549260570714434948e+01,1.441889888420159723e-03
3.551760049989585610e+01,1.096552217559561499e-03
3.554259529264736983e+01,1.201381044806010311e-04
3.556759008539888356e+01,2.283661247273701983e-05
3.559258487815039018e+01,8.267909513327228478e-06
3.561757967090189680e+01,3.908245692903447310e-06
3.564257446365341053e+01,2.152953803239497927e-06
3.566756925640491716e+01,1.299310171169867737e-06
3.569256404915643088e+01,8.264861988906778652e-07
3.571755884190793751e+01,5.515238560518199566e-07
3.574255363465945123e+01,3.629901431823128693e-07
3.576754842741095786e+01,2.363052325480276883e-07
3.579254322016246448e+01,2.134394208248527521e-07
3.581753801291398531e+01,3.210846084947983199e-07
3.584253280566549194e+01,5.847612112854223649e-07
3.586752759841699856e+01,1.094805453780610600e-06
3.589252239116851229e+01,2.218258732485123528e-06
3.591751718392001891e+01,5.268657454056839391e-06
3.594251197667153264e+01,1.770272399677147099e-05
3.596750676942303926e+01,1.959157356095167783e-04
3.599250156217455299e+01,6.437616562211715505e-04
3.601749635492605961e+01,4.921837350318427782e-04
3.604249114767756623e+01,5.487673377931313022e-05
3.606748594042907996e+01,1.045926089991796317e-05
3.609248073318059369e+01,3.856211224374176465e-06
3.611747552593210031e+01,1.882885815638778575e-06
3.614247031868360693e+01,1.102054120381436315e-06
3.616746511143512066e+01,7.400462666007436325e-07
3.619245990418663439e+01,5.553077845185427400e-07
3.621745469693814101e+01,4.777556569087104747e-07
3.624244948968965474e+01,4.758032292841991142e-07
3.626744428244116136e+01,5.304325141322159467e-07
3.629243907519266799e+01,6.646823790950435495e-07
3.631743386794418171e+01,9.258624981177694650e-07
3.634242866069569544e+01,1.405923492616536694e-06
3.636742345344720206e+01,2.334225602701914967e-06
3.639241824619870869e+01,4.434666967953866884e-06
3.641741303895022241e+01,1.017230081487814085e-05
3.644240783170172904e+01,3.353802022532232204e-05
3.646740262445324277e+01,3.645802804877136582e-04
3.649239741720475649e+01,1.206498710857006147e-03
3.651739220995626312e+01,9.279692546370015395e-04
3.654238700270776974e+01,1.048529451177889269e-04
3.656738179545928347e+01,1.974199935161441389e-05
3.659237658821079719e+01,7.124364461398884405e-06
3.661737138096230382e+01,3.362805568929025410e-06
3.664236617371381044e+01,1.855769437199390573e-06
3.666736096646532417e+01,1.114969223286188052e-06
3.669235575921683079e+01,7.137580673151610373e-07
3.671735055196834452e+01,4.735676410584670751e-07
3.674234534471985825e+01,3.097847652963297505e-07
3.676734013747136487e+01,1.949820375257512001e-07
3.679233493022287149e+01,1.609671952139696353e-07
3.681732972297438522e+01,2.382635739748692059e-07
3.684232451572589895e+01,4.550760267024090659e-07
3.686731930847740557e+01,8.717181756851992795e-07
3.689231410122891219e+01,1.791280994376686976e-06
3.691730889398042592e+01,4.258937020154722461e-06
3.694230368673193254e+01,1.429653908652043224e-05
3.696729847948344627e+01,1.544816304248310861e-04
3.699229327223495289e+01,5.156569529825272800e-04
3.701728806498646662e+01,3.986934343186314465e-04
3.704228285773797325e+01,4.583924039907866769e-05
3.706727765048947987e+01,8.664346296773226317e-06
3.709227244324099360e+01,3.189916917737868617e-06
3.711726723599250732e+01,1.563699146185435873e-06
3.714226202874401395e+01,9.213783040832768362e-07
3.716725682149552767e+01,6.168017129418123679e-07
3.719225161424703430e+01,4.716093656709583012e-07
3.721724640699854803e+01,4.053071908755325274e-07
3.724224119975005465e+01,4.058766176767433151e-07
3.726723599250156838e+01,4.556619433685992505e-07
3.729223078525307500e+01,5.704423264100787045e-07
3.731722557800458162e+01,7.929182542717526292e-07
3.734222037075609535e+01,1.201900334392722832e-06
3.736721516350760908e+01,1.995473624508295820e-06
3.739220995625911570e+01,3.781722178271498541e-06
3.741720474901062232e+01,8.660415975617705712e-06
3.744219954176213605e+01,2.841815968150793669e-05
3.746719433451364978e+01,3.014099396957321841e-04
3.749218912726515640e+01,1.013179447077848603e-03
3.751718392001667013e+01,7.881315135323402072e-04
3.754217871276817675e+01,9.177198680190398381e-05
3.756717350551968337e+01,1.710812608048059918e-05
3.759216829827119710e+01,6.155029377183518677e-06
3.761716309102271083e+01,2.900208289588859517e-06
3.764215788377421745e+01,1.594742016181522872e-06
3.766715267652572408e+01,9.600702314973489849e-07
3.769214746927723780e+01,6.108073210622355584e-07
3.771714226202874443e+01,4.067216834523552411e-07
3.774213705478025815e+01,2.578867972453342686e-07
3.776713184753177188e+01,1.542056901773402028e-07
3.779212664028327850e+01,1.076780375703177869e-07
3.781712143303478513e+01,1.735827101194422932e-07
3.784211622578629886e+01,3.551362905544191466e-07
3.786711101853781258e+01,7.020158360022221563e-07
3.789210581128931921e+01,1.460707332278512233e-06
3.791710060404082583e+01,3.494532823312490692e-06
3.794209539679233956e+01,1.171488964585009146e-05
3.796709018954384618e+01,1.236830386946808974e-04
3.799208498229535991e+01,4.194631412509924212e-04
3.801707977504687364e+01,3.279755442804746296e-04
3.804207456779838026e+01,3.885763867287973702e-05
3.806706936054988688e+01,7.283637722812193066e-06
3.809206415330139350e+01,2.675984447416117954e-06
3.811705894605291434e+01,1.317082762996684398e-06
3.814205373880442096e+01,7.777520762691518124e-07
3.816704853155592758e+01,5.253279087464780542e-07
3.819204332430744131e+01,4.032736008162273318e-07
3.821703811705894793e+01,3.489260275056664694e-07
3.824203290981046166e+01,3.517347036497491807e-07
3.826702770256197539e+01,3.956835720317735762e-07
3.829202249531348201e+01,4.967133362690685226e-07
3.831701728806498863e+01,6.894018748453375456e-07
3.834201208081649526e+01,1.040304892324080922e-06
3.836700687356800898e+01,1.731337336495608680e-06
3.839200166631952271e+01,3.266975484228565725e-06
3.841699645907102934e+01,7.466638438502595153e-06
3.844199125182254306e+01,2.438564760337448843e-05
3.846698604457404969e+01,2.524930479349865023e-04
3.849198083732556341e+01,8.622308198133322001e-04
3.851697563007707004e+01,6.783231035976080214e-04
3.854197042282858376e+01,8.133530253783174794e-05
3.856696521558009039e+01,1.500863594561384649e-05
3.859196000833159701e+01,5.378116404693790305e-06
3.861695480108311074e+01,2.529788195919553751e-06
3.864194959383462447e+01,1.383912212641616273e-06
3.866694438658613109e+01,8.315906234735767368e-07
3.869193917933764482e+01,5.274642845266750963e-07
3.871693397208915144e+01,3.406784151697655444e-07
3.874192876484065806e+01,2.169096369397877182e-07
3.876692355759217179e+01,1.136396017588828230e-07
3.879191835034368552e+01,6.008256806906114127e-08
3.881691314309519214e+01,1.315173225150558296e-07
3.884190793584669876e+01,2.992916722506410251e-07
3.886690272859821249e+01,6.116079415714349001e-07
3.889189752134972622e+01,1.274381275633411423e-06
3.891689231410123284e+01,3.052851560735535530e-06
3.894188710685273946e+01,1.021446196416976391e-05
3.896688189960425319e+01,1.053842905587510157e-04
3.899187669235575981e+01,3.631478753540628057e-04
3.901687148510727354e+01,2.871515110008630725e-04
3.904186627785878727e+01,3.502737686179353696e-05
3.906686107061029389e+01,6.499535776377567009e-06
3.909185586336180052e+01,2.386511424980738240e-06
3.911685065611331424e+01,1.169571652311836947e-06
3.914184544886482797e+01,6.908053416939002069e-07
3.916684024161633459e+01,4.676572111126516112e-07
3.919183503436784122e+01,3.561568939631054056e-07
3.921682982711935495e+01,3.127879609152303709e-07
3.924182461987086157e+01,3.118869122226194133e-07
3.926681941262237530e+01,3.531245169301683825e-07
3.929181420537388902e+01,4.444670496312111207e-07
3.931680899812539565e+01,6.120945483372101203e-07
3.934180379087690227e+01,9.300710640748869881e-07
3.936679858362841600e+01,1.530962031073319650e-06
3.939179337637992262e+01,2.897821150111753166e-06
3.941678816913143635e+01,6.587912424440322692e-06
3.944178296188294297e+01,2.142116066341127274e-05
3.946677775463445670e+01,2.166496625008363004e-04
3.949177254738596332e+01,7.516723424805626767e-04
3.951676734013747705e+01,5.980554406040581271e-04
3.954176213288899078e+01,7.379318281886275335e-05
3.956675692564049740e+01,1.347246890985744632e-05
3.959175171839200402e+01,4.809304350544770678e-06
3.961674651114351065e+01,2.250888195495279617e-06
3.964174130389502437e+01,1.228003864013250956e-06
3.966673609664653810e+01,7.310348414588878681e-07
3.969173088939804472e+01,4.598918854993918117e-07
3.971672568214955845e+01,2.895767804834206510e-07
3.974172047490106507e+01,1.753717750332114949e-07
3.976671526765257170e+01,7.893844896468222279e-08
3.979171006040409253e+01,2.524802593456123933e-08
3.981670485315559915e+01,1.318783669730049468e-07
3.984169964590710578e+01,2.980888197536837707e-07
3.986669443865861240e+01,5.972291759691599907e-07
3.989168923141012613e+01,1.240077625435118110e-06
3.991668402416163985e+01,2.959104440868844238e-06
3.994167881691314648e+01,9.825968728072876688e-06
3.996667360966466020e+01,9.904883201514893382e-05
3.999166840241616683e+01,3.467935469082390450e-04
4.001666319516767345e+01,2.773350981719709053e-04
4.004165798791918718e+01,3.479647207519608314e-05
4.006665278067070091e+01,6.383607677115426836e-06
4.009164757342220753e+01,2.326408232282656248e-06
4.011664236617371415e+01,1.138225886422953039e-06
4.014163715892522788e+01,6.644320384720068954e-07
4.016663195167674161e+01,4.441118105500315106e-07
4.019162674442824823e+01,3.374005702934413761e-07
4.021662153717976196e+01,2.901464227455103626e-07
4.024161632993126858e+01,2.919145504122673591e-07
4.026661112268277520e+01,3.246660971562206536e-07
4.029160591543428893e+01,4.090630790888261584e-07
4.031660070818580266e+01,5.642335006205502152e-07
4.034159550093730928e+01,8.510597916900881530e-07
4.036659029368881590e+01,1.401237045797795604e-06
4.039158508644032963e+01,2.642092002973965995e-06
4.041657987919183626e+01,5.985015320092363825e-06
4.044157467194334998e+01,1.936083184660519646e-05
4.046656946469485661e+01,1.913899859930167052e-04
4.049156425744637033e+01,6.747427085659917813e-04
4.051655905019787696e+01,5.429330196101986653e-04
4.054155384294939068e+01,6.888932155599039576e-05
4.056654863570090441e+01,1.244325749147977386e-05
4.059154342845241104e+01,4.418073627952421041e-06
4.061653822120391766e+01,2.059314775295779503e-06
4.064153301395543139e+01,1.118149458121212939e-06
4.066652780670693801e+01,6.570436663728315274e-07
4.069152259945845174e+01,4.052214339138670050e-07
4.071651739220995836e+01,2.533506612732575845e-07
4.074151218496147209e+01,1.384296937369428054e-07
4.076650697771297871e+01,4.660858388225071116e-08
4.079150177046449244e+01,3.810877698286932017e-08
4.081649656321600617e+01,1.621998032651602065e-07
4.084149135596751279e+01,3.307945430108349030e-07
4.086648614871901941e+01,6.470681199082420784e-07
4.089148094147052603e+01,1.318267662746041157e-06
4.091647573422203976e+01,3.113865253100475904e-06
4.094147052697355349e+01,1.025734450613207394e-05
4.096646531972506011e+01,1.009949815328493172e-04
4.099146011247657384e+01,3.592972204519653432e-04
4.101645490522808046e+01,2.906067727402065690e-04
4.104144969797958709e+01,3.747180536562400407e-05
4.106644449073110081e+01,6.787361534957964647e-06
4.109143928348261454e+01,2.457784996218345394e-06
4.111643407623412116e+01,1.190601892507708546e-06
4.114142886898562779e+01,6.864606290002852641e-07
4.116642366173714152e+01,4.528377478259048257e-07
4.119141845448865524e+01,3.368457987725557284e-07
4.121641324724016187e+01,2.856056162015951186e-07
4.124140803999167559e+01,2.791150858388666353e-07
4.126640283274318222e+01,3.125088081088452171e-07
4.129139762549468884e+01,3.893352808663263942e-07
4.131639241824620257e+01,5.338609143491360464e-07
4.134138721099771629e+01,8.041378601373051713e-07
4.136638200374922292e+01,1.318668837204723104e-06
4.139137679650072954e+01,2.475011064828660300e-06
4.141637158925224327e+01,5.593620701836462537e-06
4.144136638200375700e+01,1.799566732891878806e-05
4.146636117475526362e+01,1.739682085129288321e-04
4.149135596750677735e+01,6.233066467427005302e-04
4.151635076025828397e+01,5.072267688841301369e-04
4.154134555300979059e+01,6.614203523801460516e-05
4.156634034576130432e+01,1.181565177106813096e-05
4.159133513851281805e+01,4.175666956347605895e-06
4.161632993126432467e+01,1.934433575466452987e-06
4.164132472401583129e+01,1.045745829498001495e-06
4.166631951676734502e+01,6.048736455138159329e-07
4.169131430951885164e+01,3.688532535959638770e-07
4.171630910227036537e+01,2.187446406485325317e-07
4.174130389502187910e+01,1.104182232298042256e-07
4.176629868777338572e+01,1.857940143420856977e-08
4.179129348052489235e+01,7.043238375515060292e-08
4.181628827327640607e+01,1.990398721545092649e-07
4.184128306602791980e+01,3.846718048155164350e-07
4.186627785877942642e+01,7.225324648552712856e-07
4.189127265153093305e+01,1.446523945224424320e-06
4.191626744428244677e+01,3.394281975573253047e-06
4.194126223703395340e+01,1.108703677925315487e-05
4.196625702978546713e+01,1.066812426297447907e-04
4.199125182253697375e+01,3.856978582805606673e-04
4.201624661528848748e+01,3.155078950455765812e-04
4.204124140803999410e+01,4.178385036044884128e-05
4.206623620079150072e+01,7.478840934246879524e-06
4.209123099354302155e+01,2.688948917027132255e-06
4.211622578629452818e+01,1.291021062726901828e-06
4.214122057904603480e+01,7.374588246593669311e-07
4.216621537179754853e+01,4.771436547789435848e-07
4.219121016454905515e+01,3.487102633754703345e-07
4.221620495730056888e+01,2.892537294904981452e-07
4.224119975005207550e+01,2.776372481680656431e-07
4.226619454280358923e+01,3.071105785890888435e-07
4.229118933555509585e+01,3.776844248891549810e-07
4.231618412830660247e+01,5.148389246688472691e-07
4.234117892105811620e+01,7.772403322921321643e-07
4.236617371380962993e+01,1.264523764719520970e-06
4.239116850656113655e+01,2.368036005554965063e-06
4.241616329931264318e+01,5.332853027803111086e-06
4.244115809206415690e+01,1.707479088390743619e-05
4.246615288481567063e+01,1.615011709461727828e-04
4.249114767756717725e+01,5.881482812461135638e-04
4.251614247031869098e+01,4.840305701423071576e-04
4.254113726307019760e+01,6.483264724734104248e-05
4.256613205582170423e+01,1.145250312303104846e-05
4.259112684857321796e+01,4.026317480396481493e-06
4.261612164132473168e+01,1.860069983898503590e-06
4.264111643407623831e+01,9.942858251950226533e-07
4.266611122682774493e+01,5.728544104254172757e-07
4.269110601957925866e+01,3.400187716640299821e-07
4.271610081233076528e+01,1.952911997231951741e-07
4.274109560508227901e+01,8.641259549275127339e-08
4.276609039783379274e+01,9.055287968354929997e-09
4.279108519058529936e+01,9.974096302216177436e-08
4.281607998333680598e+01,2.351167616981846483e-07
4.284107477608831971e+01,4.358560824801177182e-07
4.286606956883983344e+01,8.008431521541491590e-07
4.289106436159134006e+01,1.587795979138317505e-06
4.291605915434284668e+01,3.690598121772227378e-06
4.294105394709436041e+01,1.197822587759190207e-05
4.296604873984586703e+01,1.127520670159168847e-04
4.299104353259738076e+01,4.143467455020351112e-04
4.301603832534889449e+01,3.427848015160579547e-04
4.304103311810040111e+01,4.660569496014882067e-05
4.306602791085190773e+01,8.244811671554877640e-06
4.309102270360341436e+01,2.947001993164934509e-06
4.311601749635493519e+01,1.406161122927788625e-06
4.314101228910644181e+01,7.935449727812837955e-07
4.316600708185794844e+01,5.091372231086462194e-07
4.319100187460946216e+01,3.674405222526888286e-07
4.321599666736096879e+01,2.947197162234981765e-07
4.324099146011248251e+01,2.830418361320334460e-07
4.326598625286399624e+01,3.022999821671036008e-07
4.329098104561550286e+01,3.713380984983114659e-07
4.331597583836700949e+01,5.038282747532809234e-07
4.334097063111851611e+01,7.533103188299279664e-07
4.336596542387002984e+01,1.227084092680426405e-06
4.339096021662154357e+01,2.288892902769140746e-06
4.341595500937305019e+01,5.139891294394480699e-06
4.344094980212456392e+01,1.637417885332993894e-05
4.346594459487607054e+01,1.516430427641805953e-04
4.349093938762758427e+01,5.614142625205025038e-04
4.351593418037909089e+01,4.672466187285169805e-04
4.354092897313060462e+01,6.425051190743487448e-05
4.356592376588211124e+01,1.122328538826610187e-05
4.359091855863361786e+01,3.929674160320978171e-06
4.361591335138513159e+01,1.805294874790739918e-06
4.364090814413664532e+01,9.615677684621729433e-07
4.366590293688815194e+01,5.481770335116575704e-07
4.369089772963966567e+01,3.196170264957850708e-07
4.371589252239117229e+01,1.760904338656235135e-07
4.374088731514267891e+01,6.903346867117140801e-08
4.376588210789419264e+01,2.797316617820837521e-08
4.379087690064570637e+01,1.268811220728510826e-07
4.381587169339721299e+01,2.646743049311106510e-07
4.384086648614871962e+01,4.809709398623977706e-07
4.386586127890023334e+01,8.686689708980431026e-07
4.389085607165174707e+01,1.714566414631928925e-06
4.391585086440325369e+01,3.954859248800809946e-06
4.394084565715476032e+01,1.276105499505904413e-05
4.396584044990627405e+01,1.176129052690266905e-04
4.399083524265778067e+01,4.394017084936345454e-04
4.401583003540929440e+01,3.676230573267449953e-04
4.404082482816080812e+01,5.129504403903055622e-05
4.406581962091231475e+01,8.968884756460633438e-06
4.409081441366382137e+01,3.190988581964291109e-06
4.411580920641533510e+01,1.513324125103975765e-06
4.414080399916684883e+01,8.496856264081694500e-07
4.416579879191835545e+01,5.402624342292909024e-07
4.419079358466986207e+01,3.829922063899996169e-07
4.421578837742137580e+01,3.069951476087422580e-07
4.424078317017288242e+01,2.828603578256225527e-07
4.426577796292439615e+01,3.000181885451797340e-07
4.429077275567590988e+01,3.657445542845928998e-07
4.431576754842741650e+01,4.934275365324134122e-07
4.434076234117892312e+01,7.320506793579037881e-07
4.436575713393042975e+01,1.193347181927761136e-06
4.439075192668194347e+01,2.219033053119331480e-06
4.441574671943345720e+01,4.967854398118427353e-06
4.444074151218496382e+01,1.575155220095049159e-05
4.446573630493647755e+01,1.429298417773466391e-04
4.449073109768798417e+01,5.380209888944150875e-04
4.451572589043949790e+01,4.528259386442501778e-04
4.454072068319101163e+01,6.389594026543441178e-05
4.456571547594251825e+01,1.103518765480189978e-05
4.459071026869402488e+01,3.850077982444323581e-06
4.461570506144553150e+01,1.761087071564790947e-06
4.464069985419704523e+01,9.332660044343385389e-07
4.466569464694855895e+01,5.281675103662034362e-07
4.469068943970006558e+01,3.055831662883312964e-07
4.471568423245157931e+01,1.590754834460051638e-07
4.474067902520308593e+01,5.754827548360607470e-08
4.476567381795459966e+01,4.572396258345638544e-08
4.479066861070610628e+01,1.459994754120566325e-07
4.481566340345762001e+01,2.904989840398358348e-07
4.484065819620912663e+01,5.156298832997704306e-07
4.486565298896063325e+01,9.253319121061348054e-07
4.489064778171214698e+01,1.808448450472353548e-06
4.491564257446366071e+01,4.164178354787256053e-06
4.494063736721516733e+01,1.335653431811544733e-05
4.496563215996668106e+01,1.206035267382567824e-04
4.499062695271818768e+01,4.581584990892542046e-04
4.501562174546969430e+01,3.876381740045537578e-04
4.504061653822120803e+01,5.548385211074518159e-05
4.506561133097272176e+01,9.589449649893832405e-06
4.509060612372422838e+01,3.394683198573564669e-06
4.511560091647573500e+01,1.604395650446525637e-06
4.514059570922724873e+01,8.976068426915115915e-07
4.516559050197876246e+01,5.677059477417446950e-07
4.519058529473026908e+01,3.959492224527524299e-07
4.521558008748178281e+01,3.130034848628041672e-07
4.524057488023328943e+01,2.843128234222540829e-07
4.526556967298479606e+01,2.985481788032035895e-07
4.529056446573630978e+01,3.589918701783719776e-07
4.531555925848782351e+01,4.781251699451819958e-07
4.534055405123933014e+01,7.121505788151184531e-07
4.536554884399083676e+01,1.155965224196175670e-06
4.539054363674235049e+01,2.143708607408941471e-06
4.541553842949386421e+01,4.788240914657246885e-06
4.544053322224537084e+01,1.511349173573716896e-05
4.546552801499687746e+01,1.344251835659933533e-04
4.549052280774839119e+01,5.145800187374222545e-04
4.551551760049989781e+01,4.379739774816546216e-04
4.554051239325141154e+01,6.338622126071740911e-05
4.556550718600292527e+01,1.082471604066348561e-05
4.559050197875443189e+01,3.759409885117140552e-06
4.561549677150593851e+01,1.714662192038529133e-06
4.564049156425745224e+01,9.079116817253584030e-07
4.566548635700895886e+01,5.071551105704241667e-07
4.569048114976047259e+01,2.929729933319976475e-07
4.571547594251197921e+01,1.461202577787974487e-07
4.574047073526349294e+01,4.786351644870851947e-08
4.576546552801499956e+01,6.045475522619038686e-08
4.579046032076651329e+01,1.595580294973446109e-07
4.581545511351802702e+01,3.120848796284132567e-07
4.584044990626953364e+01,5.378488379581649191e-07
4.586544469902104026e+01,9.668210469053129503e-07
4.589043949177254689e+01,1.876522854355930286e-06
4.591543428452406062e+01,4.305614632575447549e-06
4.594042907727557434e+01,1.374101072616114756e-05
4.596542387002708097e+01,1.216327669465176503e-04
4.599041866277859469e+01,4.699346673816294831e-04
4.601541345553010132e+01,4.020807333998528102e-04
4.604040824828160794e+01,5.900864303504386088e-05
4.606540304103312877e+01,1.008467056420453107e-05
4.609039783378463540e+01,3.551933087919498830e-06
4.611539262653614202e+01,1.674510818723504925e-06
4.614038741928764864e+01,9.324378641798697601e-07
4.616538221203916237e+01,5.857614871743206707e-07
4.619037700479067610e+01,4.064689260788154971e-07
4.621537179754218272e+01,3.178717489312616536e-07
4.624036659029369645e+01,2.836299788265918508e-07
4.626536138304520307e+01,2.932309976360909353e-07
4.629035617579670969e+01,3.474594577378435759e-07
4.631535096854822342e+01,4.651468765022162664e-07
4.634034576129973715e+01,6.863236146922497476e-07
4.636534055405124377e+01,1.111639625758001456e-06
4.639033534680275039e+01,2.061441235747798850e-06
4.641533013955426412e+01,4.588126297491127654e-06
4.644032493230577785e+01,1.441942969254810580e-05
4.646531972505728447e+01,1.257888814496586471e-04
4.649031451780879820e+01,4.897607510538458516e-04
4.651530931056030482e+01,4.215389931391673689e-04
4.654030410331181145e+01,6.254499132604222640e-05
4.656529889606332517e+01,1.055819022046624640e-05
4.659029368881483890e+01,3.652691718842353949e-06
4.661528848156634552e+01,1.664231688984634352e-06
4.664028327431785215e+01,8.751447268562477437e-07
4.666527806706936587e+01,4.885613895716251456e-07
4.669027285982087250e+01,2.759291131930627059e-07
4.671526765257238623e+01,1.376796457919311333e-07
4.674026244532389995e+01,3.938894399406722065e-08
4.676525723807540658e+01,6.937414696114528869e-08
4.679025203082691320e+01,1.737976606935727487e-07
4.681524682357842693e+01,3.227405787872405961e-07
4.684024161632994065e+01,5.569950843610686314e-07
4.686523640908144728e+01,9.900017691967803739e-07
4.689023120183295390e+01,1.918759949473206005e-06
4.691522599458446763e+01,4.382639245614985025e-06
4.694022078733597425e+01,1.392719991995070518e-05
4.696521558008748798e+01,1.209142764300816258e-04
4.699021037283899460e+01,4.751927425660020009e-04
4.701520516559050833e+01,4.111530379112319188e-04
4.704019995834201495e+01,6.184326783499534972e-05
4.706519475109352157e+01,1.044455980115013754e-05
4.709018954384504241e+01,3.665671885392207472e-06
4.711518433659654903e+01,1.722144253370565172e-06
4.714017912934805565e+01,9.552213052512001892e-07
4.716517392209956938e+01,5.973963770975026796e-07
4.719016871485107600e+01,4.132018577210408004e-07
4.721516350760258973e+01,3.172523762145514355e-07
4.724015830035409635e+01,2.807061788878085140e-07
4.726515309310561008e+01,2.829198832645335716e-07
4.729014788585711671e+01,3.371085189616622897e-07
4.731514267860862333e+01,4.465815743184566592e-07
4.734013747136013706e+01,6.584282416341518348e-07
4.736513226411165078e+01,1.060498605203863435e-06
4.739012705686315741e+01,1.964797242372964878e-06
4.741512184961466403e+01,4.366171298850799362e-06
4.744011664236617776e+01,1.366275622427087044e-05
4.746511143511769149e+01,1.169448634899752660e-04
4.749010622786919811e+01,4.631963607041841608e-04
4.751510102062071184e+01,4.031528615526316917e-04
4.754009581337221846e+01,6.129582705152560105e-05
4.756509060612372508e+01,1.022841603446668436e-05
4.759008539887523881e+01,3.527473838586841651e-06
4.761508019162675254e+01,1.599306717010580071e-06
4.764007498437825916e+01,8.420636976145322251e-07
4.766506977712976578e+01,4.641133374410791986e-07
4.769006456988127951e+01,2.631304612500253647e-07
4.771505936263278613e+01,1.261568898437869089e-07
4.774005415538429986e+01,3.640949392969266280e-08
4.776504894813581359e+01,7.775238294591393538e-08
4.779004374088732021e+01,1.813010974543815580e-07
4.781503853363882683e+01,3.297821986927342077e-07
4.784003332639034056e+01,5.664947112925756374e-07
4.786502811914185429e+01,1.001417899569489346e-06
4.789002291189336091e+01,1.934200423609169996e-06
4.791501770464486754e+01,4.403727303185525962e-06
4.794001249739638126e+01,1.393290220419245774e-05
4.796500729014788789e+01,1.187044071810988092e-04
4.799000208289940161e+01,4.746156557303546808e-04
4.801499687565091534e+01,4.152666047944330858e-04
4.803999166840242196e+01,6.398801106816413755e-05
4.806498646115392859e+01,1.068255885345499194e-05
4.808998125390544232e+01,3.732490386541861704e-06
4.811497604665695604e+01,1.748628024690249995e-06
4.813997083940846267e+01,9.669909165486534083e-07
4.816496563215996929e+01,6.030152744300112227e-07
4.818996042491148302e+01,4.124538788664684386e-07
4.821495521766298964e+01,3.156947916874731738e-07
4.823995001041450337e+01,2.722352439605967293e-07
4.826494480316600999e+01,2.752575995528915085e-07
4.828993959591752372e+01,3.216254282969176990e-07
4.831493438866903034e+01,4.248074618688363742e-07
4.833992918142053696e+01,6.232426727966135417e-07
4.836492397417205069e+01,1.007257362947537847e-06
4.838991876692356442e+01,1.857749442730407955e-06
4.841491355967507104e+01,4.122388473270002469e-06
4.843990835242658477e+01,1.284714128721210610e-05
4.846490314517809139e+01,1.079376769780275981e-04
4.848989793792960512e+01,4.349992362462422823e-04
4.851489273068111174e+01,3.828605968775397475e-04
4.853988752343262547e+01,5.962315687338049826e-05
4.856488231618413209e+01,9.836250199749087600e-06
4.858987710893563872e+01,3.377659616247700718e-06
4.861487190168715244e+01,1.527858005695973978e-06
4.863986669443866617e+01,8.017186876442134591e-07
4.866486148719017280e+01,4.413275484251341952e-07
4.868985627994168652e+01,2.474033874087526988e-07
4.871485107269319315e+01,1.139111531592736989e-07
4.873984586544470687e+01,3.319937039210373120e-08
4.876484065819621350e+01,8.380586623179550904e-08
4.878983545094772722e+01,1.854972273016116899e-07
4.881483024369923385e+01,3.337230432583798571e-07
4.883982503645074047e+01,5.688750701700699810e-07
4.886481982920225420e+01,9.994624657309720949e-07
4.888981462195376793e+01,1.928888514609248689e-06
4.891480941470527455e+01,4.379251675008978420e-06
4.893980420745678117e+01,1.378990896657963355e-05
4.896479900020829490e+01,1.153475790362437631e-04
4.898979379295980152e+01,4.693012895527623398e-04
4.901478858571131525e+01,4.152261706230562502e-04
4.903978337846282898e+01,6.551896037211347751e-05
4.906477817121433560e+01,1.080942980147686537e-05
4.908977296396584222e+01,3.762236144697612934e-06
4.911476775671735595e+01,1.756018002002850559e-06
4.913976254946886968e+01,9.706860155778472156e-07
4.916475734222037630e+01,6.002829767961893395e-07
4.918975213497188292e+01,4.100122038768313025e-07
4.921474692772339665e+01,3.074513016654188905e-07
4.923974172047490327e+01,2.662588018799447779e-07
4.926473651322641700e+01,2.619628722958123736e-07
4.928973130597793073e+01,3.055861950758839216e-07
4.931472609872943735e+01,3.986647150406210550e-07
4.933972089148094398e+01,5.875908858379726232e-07
4.936471568423245060e+01,9.474150637882921990e-07
4.938971047698397143e+01,1.746631568486918042e-06
4.941470526973547805e+01,3.862362122181978351e-06
4.943970006248698468e+01,1.198897764593794078e-05
4.946469485523849841e+01,9.894879107953515952e-05
4.948968964799000503e+01,4.058099435281019253e-04
4.951468444074151876e+01,3.611746629280795321e-04
4.953967923349303248e+01,5.759043628216829291e-05
4.956467402624453911e+01,9.386072250717596719e-06
4.958966881899604573e+01,3.211862493370671259e-06
4.961466361174755235e+01,1.451293242899391470e-06
4.963965840449906608e+01,7.580506390142111783e-07
4.966465319725057981e+01,4.152744331308695276e-07
4.968964799000208643e+01,2.296857489146842464e-07
4.971464278275360016e+01,1.045263028093039584e-07
4.973963757550510678e+01,2.747945460551690434e-08
4.976463236825662051e+01,8.723757919864383564e-08
4.978962716100812713e+01,1.867664816469664294e-07
4.981462195375964086e+01,3.341830575398596952e-07
4.983961674651114748e+01,5.653769788168539513e-07
4.986461153926265411e+01,9.907343144533020268e-07
4.988960633201416783e+01,1.905377081037702474e-06
4.991460112476568156e+01,4.316404286036705711e-06
4.993959591751718818e+01,1.352688268771769993e-05
4.996459071026870191e+01,1.111647995845394974e-04
4.998958550302020853e+01,4.603105016223348316e-04
5.001458029577171516e+01,4.118397589248255970e-04
5.003957508852322889e+01,6.652058166589034640e-05
5.006456988127474261e+01,1.084194608698850778e-05
5.008956467402624924e+01,3.759483965265789544e-06
5.011455946677775586e+01,1.750019965386842146e-06
5.013955425952926959e+01,9.630743050053886183e-07
5.016454905228078331e+01,5.950259227541867332e-07
5.018954384503228994e+01,4.028389161271968313e-07
5.021453863778379656e+01,3.008922481886494227e-07
5.023953343053531029e+01,2.537363699646020781e-07
5.026452822328681691e+01,2.501368320188851136e-07
5.028952301603833064e+01,2.857756078704654334e-07
5.031451780878983726e+01,3.736594206419791740e-07
5.033951260154135099e+01,5.476497284100604318e-07
5.036450739429286472e+01,8.833086795994361233e-07
5.038950218704436423e+01,1.629138522670021458e-06
5.041449697979588507e+01,3.594630545932113608e-06
5.043949177254739880e+01,1.111268464444051401e-05
5.046448656529889831e+01,9.011522951343622424e-05
5.048948135805041204e+01,3.761830109028317919e-04
5.051447615080192577e+01,3.385581467169252096e-04
5.053947094355343239e+01,5.524801418934084771e-05
5.056446573630494612e+01,8.901764302677545406e-06
5.058946052905644564e+01,3.031919500121492629e-06
5.061445532180795936e+01,1.366594379941679998e-06
5.063945011455947309e+01,7.100823113067489404e-07
5.066444490731097972e+01,3.903493908309345654e-07
5.068943970006249344e+01,2.113591301553480679e-07
5.071443449281400717e+01,9.421322327618434323e-08
5.073942928556550669e+01,2.443114737820034270e-08
5.076442407831702042e+01,8.863085416399504927e-08
5.078941887106853414e+01,1.895197183218340347e-07
5.081441366382004077e+01,3.281230669379678177e-07
5.083940845657155450e+01,5.586475236218445307e-07
5.086440324932306822e+01,9.755006982304090661e-07
5.088939804207456774e+01,1.868659346036517405e-06
5.091439283482608147e+01,4.223298334772424555e-06
5.093938762757759520e+01,1.318026588566727102e-05
5.096438242032910182e+01,1.064262611565665876e-04
5.098937721308061555e+01,4.486111441389939989e-04
5.101437200583211506e+01,4.058727985344202211e-04
5.103936679858362879e+01,6.708078665556497632e-05
5.106436159133514963e+01,1.079961469753460078e-05
5.108935638408664914e+01,3.728045955281197229e-06
5.111435117683816287e+01,1.732722695917759777e-06
5.113934596958967660e+01,9.512994485813022056e-07
5.116434076234118322e+01,5.832599739448912503e-07
5.118933555509269695e+01,3.948722196594325574e-07
5.121433034784421068e+01,2.899737869128229667e-07
5.123932514059571020e+01,2.408011988033877122e-07
5.126431993334722392e+01,2.348430549646130495e-07
5.128931472609873765e+01,2.659996381649420211e-07
5.131430951885024427e+01,3.466259354781643913e-07
5.133930431160175800e+01,5.068561286525781744e-07
5.136429910435327173e+01,8.203991551987273955e-07
5.138929389710477125e+01,1.506861738580736416e-06
5.141428868985628498e+01,3.325264573412107658e-06
5.143928348260779160e+01,1.023751697629858460e-05
5.146427827535930533e+01,8.159103573409611421e-05
5.148927306811081905e+01,3.467606172522611245e-04
5.151426786086231857e+01,3.155743294615893013e-04
5.153926265361383230e+01,5.268579065792662348e-05
5.156425744636534603e+01,8.386482926191717635e-06
5.158925223911685265e+01,2.845644486930879180e-06
5.161424703186836638e+01,1.277927046504502710e-06
5.163924182461988011e+01,6.634164347271222803e-07
5.166423661737137962e+01,3.634776573446883522e-07
5.168923141012289335e+01,1.917387755462478932e-07
5.171422620287441418e+01,8.416454687874709872e-08
5.173922099562591370e+01,2.000120078513625199e-08
5.176421578837742743e+01,9.154146143393747066e-08
5.178921058112894116e+01,1.861875267086701158e-07
5.181420537388044778e+01,3.268412272514825314e-07
5.183920016663196151e+01,5.453887604396925700e-07
5.186419495938346103e+01,9.551771690586001298e-07
5.188918975213497475e+01,1.822067959183364016e-06
5.191418454488648848e+01,4.112509801464705452e-06
5.193917933763799510e+01,1.277759170171604749e-05
5.196417413038950883e+01,1.014133513043269505e-04
5.198916892314102256e+01,4.352476246293562564e-04
5.201416371589252208e+01,3.981936713315402995e-04
5.203915850864403581e+01,6.731406646797256433e-05
5.206415330139554953e+01,1.070525222185290206e-05
5.208914809414705616e+01,3.679974664378217067e-06
5.211414288689856988e+01,1.705598838990550444e-06
5.213913767965008361e+01,9.325294930792144289e-07
5.216413247240158313e+01,5.700401382162520232e-07
5.218912726515309686e+01,3.842975307069096171e-07
5.221412205790461059e+01,2.760175329399929604e-07
5.223911685065611721e+01,2.294872892189218707e-07
5.226411164340763094e+01,2.175155164050496647e-07
5.228910643615913045e+01,2.442326185580597474e-07
5.231410122891064418e+01,3.199435336861265413e-07
5.233909602166215791e+01,4.674073123478043985e-07
5.236409081441366453e+01,7.541284491804465809e-07
5.238908560716517826e+01,1.387847578303103837e-06
5.241408039991669199e+01,3.060879477662504045e-06
5.243907519266819861e+01,9.378323756121459282e-06
5.246406998541971234e+01,7.352763908475320586e-05
5.248906477817122607e+01,3.181943005899261559e-04
5.251405957092272558e+01,2.928184196567930678e-04
5.253905436367423931e+01,5.000056589846436217e-05
5.256404915642575304e+01,7.855988279228710101e-06
5.258904394917725966e+01,2.658693798801997694e-06
5.261403874192877339e+01,1.191656383118656001e-06
5.263903353468028712e+01,6.152685462226099956e-07
5.266402832743178664e+01,3.325290429204314684e-07
5.268902312018330036e+01,1.786282178975960988e-07
5.271401791293480699e+01,7.120560778915545028e-08
5.273901270568632071e+01,1.678524903768618101e-08
5.276400749843783444e+01,9.131535927810022568e-08
5.278900229118933396e+01,1.862712708869032786e-07
5.281399708394084769e+01,3.200817642353487244e-07
5.283899187669236142e+01,5.335269762142227611e-07
5.286398666944386804e+01,9.291317601958026120e-07
5.288898146219538177e+01,1.773050403942827918e-06
5.291397625494689549e+01,3.989552427662595126e-06
5.293897104769839501e+01,1.233897209507307188e-05
5.296396584044990874e+01,9.633090344377002524e-05
5.298896063320142247e+01,4.210147299150782401e-04
5.301395542595292909e+01,3.894828278317826928e-04
5.303895021870444282e+01,6.732296503207115760e-05
5.306394501145595655e+01,1.056862450362351320e-05
5.308893980420746317e+01,3.622188966611826528e-06
5.311393459695897690e+01,1.670461902713148387e-06
5.313892938971049063e+01,9.128060578145350687e-07
5.316392418246199014e+01,5.557672535802524502e-07
5.318891897521350387e+01,3.695892082089798646e-07
5.321391376796501049e+01,2.633161884166310426e-07
5.323890856071652422e+01,2.169249960183395907e-07
5.326390335346803795e+01,1.991919439203900301e-07
5.328889814621953747e+01,2.256911869113225284e-07
5.331389293897105119e+01,2.891631609976860731e-07
5.333888773172256492e+01,4.286723549436620447e-07
5.336388252447407154e+01,6.890178356184645936e-07
5.338887731722558527e+01,1.275358225596686086e-06
5.341387210997709900e+01,2.799885771111543041e-06
5.343886690272859852e+01,8.563351400693349755e-06
5.346386169548011225e+01,6.602260969975181216e-05
5.348885648823162597e+01,2.910078255432678343e-04
5.351385128098313260e+01,2.707944055554917869e-04
5.353884607373464632e+01,4.727338344248360866e-05
5.356384086648616005e+01,7.335621820943415631e-06
5.358883565923765957e+01,2.473269326240321466e-06
5.361383045198917330e+01,1.103468319628462300e-06
5.363882524474067992e+01,5.702439418260310881e-07
5.366382003749219365e+01,3.075889394764790940e-07
5.368881483024370738e+01,1.609417601204555387e-07
5.371380962299520689e+01,6.018302986721846001e-08
5.373880441574672773e+01,1.658067281746381061e-08
5.376379920849824146e+01,9.387791159055119550e-08
5.378879400124974097e+01,1.836980684862521178e-07
5.381378879400125470e+01,3.101158823622320165e-07
5.383878358675276843e+01,5.235534703882602499e-07
5.386377837950427505e+01,9.029042395229516729e-07
5.388877317225578878e+01,1.719989792381784932e-06
5.391376796500730251e+01,3.863450650244322277e-06
5.393876275775880202e+01,1.189562881192120390e-05
5.396375755051031575e+01,9.136168659276580443e-05
5.398875234326182948e+01,4.067172429145103000e-04
5.401374713601333610e+01,3.804662366887101208e-04
5.403874192876484983e+01,6.721987316373407358e-05
5.406373672151634935e+01,1.041615874611629378e-05
5.408873151426786308e+01,3.556494189766548883e-06
5.411372630701937680e+01,1.636179241540697847e-06
5.413872109977088343e+01,8.887017341325299519e-07
5.416371589252239716e+01,5.425723627839167231e-07
5.418871068527391088e+01,3.530162168928773404e-07
5.421370547802541040e+01,2.542460928770803842e-07
5.423870027077692413e+01,2.005957357852875243e-07
5.426369506352843786e+01,1.812241600966941645e-07
5.428868985627994448e+01,2.035442881907900671e-07
5.431368464903145821e+01,2.633260393919788371e-07
5.433867944178297194e+01,3.864794910740374661e-07
5.436367423453447145e+01,6.325830554062287777e-07
5.438866902728599229e+01,1.163494269207176026e-06
5.441366382003750601e+01,2.560120510563793099e-06
5.443865861278900553e+01,7.799509018449927731e-06
5.446365340554051926e+01,5.919426229680080495e-05
5.448864819829202588e+01,2.657947514428558259e-04
5.451364299104353961e+01,2.500961635353595694e-04
5.453863778379505334e+01,4.462377816138284053e-05
5.456363257654655285e+01,6.834919477055989529e-06
5.458862736929806658e+01,2.295613337953556322e-06
5.461362216204958031e+01,1.024334250223256311e-06
5.463861695480108693e+01,5.258106703036916624e-07
5.466361174755260066e+01,2.834291569706806462e-07
5.468860654030411439e+01,1.437406177329115929e-07
5.471360133305561391e+01,5.484656497019069872e-08
5.473859612580712763e+01,2.219541733241470043e-08
5.476359091855864136e+01,9.700586257477207768e-08
5.478858571131014799e+01,1.784660983784738452e-07
5.481358050406166171e+01,3.073602944436697980e-07
5.483857529681317544e+01,5.077351416077373735e-07
5.486357008956467496e+01,8.781926049249255417e-07
5.488856488231618869e+01,1.670689110989190104e-06
5.491355967506769531e+01,3.737363219852253721e-06
5.493855446781920904e+01,1.146911951721311051e-05
5.496354926057072277e+01,8.666450768491873132e-05
5.498854405332222228e+01,3.930672108430503580e-04
5.501353884607373601e+01,3.718113434290764587e-04
5.503853363882525684e+01,6.712150716255615643e-05
5.506352843157675636e+01,1.026782109710611116e-05
5.508852322432827009e+01,3.489494927123378951e-06
5.511351801707978382e+01,1.602828961626269324e-06
5.513851280983129044e+01,8.660245943085408670e-07
5.516350760258280417e+01,5.245493157770940443e-07
5.518850239533431790e+01,3.441273231600704620e-07
5.521349718808581741e+01,2.393901129757833424e-07
5.523849198083733114e+01,1.848820855394666200e-07
5.526348677358884487e+01,1.638927677551650764e-07
5.528848156634035149e+01,1.829028737961278248e-07
5.531347635909186522e+01,2.349964741774326445e-07
5.533847115184336474e+01,3.534781095829370034e-07
5.536346594459487847e+01,5.736621601291459124e-07
5.538846073734639219e+01,1.061125734083252602e-06
5.541345553009789882e+01,2.344663069451741671e-06
5.543845032284941254e+01,7.107726170209109145e-06
5.546344511560092627e+01,5.314004022669491630e-05
5.548843990835242579e+01,2.431316101202781388e-04
5.551343470110393952e+01,2.313247079505502705e-04
5.553842949385545325e+01,4.217050986740765748e-05
5.556342428660695987e+01,6.376935841719706723e-06
5.558841907935847360e+01,2.134427425893660535e-06
5.561341387210998732e+01,9.505037900822796473e-07
5.563840866486148684e+01,4.862040880288710176e-07
5.566340345761300057e+01,2.608533762744260495e-07
5.568839825036452140e+01,1.342503906459820933e-07
5.571339304311602092e+01,5.090222379934669606e-08
5.573838783586753465e+01,3.082575285772924746e-08
5.576338262861904127e+01,9.834295714001490228e-08
5.578837742137055500e+01,1.778896316518178445e-07
5.581337221412206873e+01,3.007610260794040621e-07
5.583836700687356824e+01,4.965735846712034491e-07
5.586336179962508197e+01,8.555980308531194737e-07
5.588835659237659570e+01,1.624242525645737095e-06
5.591335138512810232e+01,3.621568244703284871e-06
5.593834617787961605e+01,1.107165062590527510e-05
5.596334097063112978e+01,8.235468856747306366e-05
5.598833576338262930e+01,3.806286461043910602e-04
5.601333055613414302e+01,3.640729467079611634e-04
5.603832534888565675e+01,6.713564417362184733e-05
5.606332014163716337e+01,1.013559627887296935e-05
5.608831493438867710e+01,3.428602899368145206e-06
5.611330972714019083e+01,1.569488519593361120e-06
5.613830451989169035e+01,8.484386365332688300e-07
5.616329931264320408e+01,5.087682326827169873e-07
5.618829410539471070e+01,3.311831056134200614e-07
5.621328889814622443e+01,2.252388619480028428e-07
5.623828369089773815e+01,1.718928651045454412e-07
5.626327848364923767e+01,1.462195075153380811e-07
5.628827327640075140e+01,1.625799461812607427e-07
5.631326806915226513e+01,2.077191141962473417e-07
5.633826286190377175e+01,3.195015578065992527e-07
5.636325765465528548e+01,5.240614661395007873e-07
5.638825244740679921e+01,9.738486443936472924e-07
5.641324724015830583e+01,2.150209559769137491e-06
5.643824203290981956e+01,6.512884513742232078e-06
5.646323682566133328e+01,4.794967097552436637e-05
5.648823161841283280e+01,2.236108336488181175e-04
5.651322641116434653e+01,2.151231381878952970e-04
5.653822120391586026e+01,4.005416110461743247e-05
5.656321599666736688e+01,5.981982856666419402e-06
5.658821078941888061e+01,1.996045345580342174e-06
5.661320558217038013e+01,8.855349665389552362e-07
5.663820037492189385e+01,4.539616455309010424e-07
5.666319516767340758e+01,2.435455947445674631e-07
5.668818996042491420e+01,1.266190751767284592e-07
5.671318475317642793e+01,5.079314463134597627e-08
5.673817954592794166e+01,3.865009102341163784e-08
5.676317433867944118e+01,1.024462626334358685e-07
5.678816913143095491e+01,1.801095628651611882e-07
5.681316392418246863e+01,2.952072744609954240e-07
5.683815871693397526e+01,4.877806867284443555e-07
5.686315350968548898e+01,8.351440673006338391e-07
5.688814830243700271e+01,1.583363177053644815e-06
5.691314309518850223e+01,3.521696614578612748e-06
5.693813788794001596e+01,1.072473049101369457e-05
5.696313268069152969e+01,7.853765483419826974e-05
5.698812747344303631e+01,3.699830903066241559e-04
5.701312226619455004e+01,3.578466568443752121e-04
5.703811705894606376e+01,6.738519599648585233e-05
5.706311185169757039e+01,1.003330522629975590e-05
5.708810664444908411e+01,3.381981914170280107e-06
5.711310143720058363e+01,1.543031058813805427e-06
5.713809622995209736e+01,8.307142028425050281e-07
5.716309102270361109e+01,4.960196670331528434e-07
5.718808581545511771e+01,3.196371503852101566e-07
5.721308060820663144e+01,2.132308974261688603e-07
5.723807540095814517e+01,1.579480899538132669e-07
5.726307019370964468e+01,1.305883118302877091e-07
5.728806498646115841e+01,1.419959381756019041e-07
5.731305977921267214e+01,1.849181036681823027e-07
5.733805457196417876e+01,2.885996065081212250e-07
5.736304936471569249e+01,4.811791560476155671e-07
5.738804415746720622e+01,9.027065224314858868e-07
5.741303895021870574e+01,1.989302732711084070e-06
5.743803374297021946e+01,6.028537534210073446e-06
5.746302853572173319e+01,4.372563498376589122e-05
5.748802332847323981e+01,2.079041778776773435e-04
5.751301812122475354e+01,2.022417999970679706e-04
5.753801291397625306e+01,3.845568651619793796e-05
5.756300770672776679e+01,5.665821645602470487e-06
5.758800249947928052e+01,1.885284451867197418e-06
5.761299729223078714e+01,8.390451191832574988e-07
5.763799208498230087e+01,4.297232339248394226e-07
5.766298687773381459e+01,2.328352634713360177e-07
5.768798167048531411e+01,1.214938120273339870e-07
5.771297646323683495e+01,5.759827990040700484e-08
5.773797125598834867e+01,5.474086694311377109e-08
5.776296604873984819e+01,1.085559299281192822e-07
5.778796084149136192e+01,1.768172567293709288e-07
5.781295563424287565e+01,2.977079538057744716e-07
5.783795042699438227e+01,4.770751393987630773e-07
5.786294521974589600e+01,8.223091189266485249e-07
5.788794001249740973e+01,1.550588140595441285e-06
5.791293480524890924e+01,3.441736814264419483e-06
5.793792959800042297e+01,1.043284755954046602e-05
5.796292439075192959e+01,7.527031377888300620e-05
5.798791918350344332e+01,3.615039078614776160e-04
5.801291397625495705e+01,3.535562562109537533e-04
5.803790876900645657e+01,6.796728407093650059e-05
5.806290356175797029e+01,9.981727213987639578e-06
5.808789835450948402e+01,3.348668846553725003e-06
5.811289314726099065e+01,1.524895621849262444e-06
5.813788794001250437e+01,8.177811858955266077e-07
5.816288273276401810e+01,4.853325090071496079e-07
5.818787752551551762e+01,3.093154720975355847e-07
5.821287231826703135e+01,2.049756723912951781e-07
5.823786711101854507e+01,1.438163047135498322e-07
5.826286190377005170e+01,1.156007373208270327e-07
5.828785669652156542e+01,1.212559543663245998e-07
5.831285148927307915e+01,1.636877915021264641e-07
5.833784628202457867e+01,2.645444279273802461e-07
5.836284107477609950e+01,4.432986727452282220e-07
5.838783586752759902e+01,8.494965765954979875e-07
5.841283066027911275e+01,1.874021663654620830e-06
5.843782545303062648e+01,5.667787198725357205e-06
5.846282024578213310e+01,4.055638569164448455e-05
5.848781503853364683e+01,1.966466047121803143e-04
5.851280983128516056e+01,1.934167566792629415e-04
5.853780462403666007e+01,3.754853622557982216e-05
5.856279941678817380e+01,5.457277945410660391e-06
5.858779420953968753e+01,1.814187485732240240e-06
5.861278900229119415e+01,8.090283884260080885e-07
5.863778379504270788e+01,4.161913303781939412e-07
5.866277858779422161e+01,2.255926752087478944e-07
5.868777338054572112e+01,1.286437622472855322e-07
5.871276817329723485e+01,6.797778017673367358e-08
5.873776296604874858e+01,6.849382531382269426e-08
5.876275775880025520e+01,1.127563838083028359e-07
5.878775255155176893e+01,1.853197751699324899e-07
5.881274734430326845e+01,2.914300759388850053e-07
5.883774213705478218e+01,4.774177535752692003e-07
5.886273692980629590e+01,8.103471851741343630e-07
5.888773172255780253e+01,1.528702693574544776e-06
5.891272651530931626e+01,3.383279515600327176e-06
5.893772130806082998e+01,1.021181470258439976e-05
5.896271610081232950e+01,7.258817811715274459e-05
5.898771089356384323e+01,3.555140319889934565e-04
5.901270568631536406e+01,3.515841699029863742e-04
5.903770047906686358e+01,6.897665778195141012e-05
5.906269527181837731e+01,9.989445634361869168e-06
5.908769006456989104e+01,3.337900095055565651e-06
5.911268485732139766e+01,1.513497560509561928e-06
5.913767965007291139e+01,8.104069652951952875e-07
5.916267444282442511e+01,4.799184597488564227e-07
5.918766923557592463e+01,3.006867817862159791e-07
5.921266402832743836e+01,1.968775360311283107e-07
5.923765882107894498e+01,1.315467890271512529e-07
5.926265361383045871e+01,9.796095017437430877e-08
5.928764840658197244e+01,1.028276304671803145e-07
5.931264319933347196e+01,1.459252279123519800e-07
5.933763799208498568e+01,2.439472220681686742e-07
5.936263278483649941e+01,4.234605487679921578e-07
5.938762757758800603e+01,8.125956801324007356e-07
5.941262237033951976e+01,1.805639962629738962e-06
5.943761716309103349e+01,5.450637003766921878e-06
5.946261195584253301e+01,3.848389880256475478e-05
5.948760674859404673e+01,1.903509297918151743e-04
5.951260154134556046e+01,1.893032965074226050e-04
5.953759633409706709e+01,3.750851143127988146e-05
5.956259112684858081e+01,5.381946517936526378e-06
5.958758591960009454e+01,1.785983646063403275e-06
5.961258071235159406e+01,7.962336156971058535e-07
5.963757550510310779e+01,4.165466271993333764e-07
5.966257029785461441e+01,2.307773594207017114e-07
5.968756509060612814e+01,1.332306141026421420e-07
5.971255988335764187e+01,8.576197119106228173e-08
5.973755467610914849e+01,8.169848661996841230e-08
5.976254946886066222e+01,1.225814812250720086e-07
5.978754426161217594e+01,1.886392328839670716e-07
5.981253905436367546e+01,2.965291667002522634e-07
5.983753384711518919e+01,4.761126209911097785e-07
5.986252863986670292e+01,8.065741279972769953e-07
5.988752343261820954e+01,1.515760400312621951e-06
5.991251822536972327e+01,3.349927411516435047e-06
5.993751301812123700e+01,1.006320801552667536e-05
5.996250781087273651e+01,7.050265686201092046e-05
5.998750260362425024e+01,3.522090194923631020e-04
