omega_tilde_over_omega,normalized_amplitude
0.000000000000000000e+00,1.351426963458105153e-03
2.499479275151010593e-02,6.762796203653977318e-04
4.998958550302021187e-02,1.149735923271308310e-07
7.498437825453031780e-02,1.318916515454959202e-07
9.997917100604042373e-02,7.736988647285223257e-08
1.249739637575505297e-01,3.799413726704584739e-08
1.499687565090606356e-01,1.724383076867856168e-07
1.749635492605707277e-01,3.539794961280863854e-07
1.999583420120808475e-01,6.694578803838904722e-07
2.249531347635909395e-01,1.114507752616915738e-06
2.499479275151010593e-01,1.795696197057713531e-06
2.749427202666111514e-01,2.873096599450493748e-06
2.999375130181212712e-01,4.661548072050453587e-06
3.249323057696313910e-01,7.738392326503935268e-06
3.499270985211414553e-01,1.356862475582844915e-05
3.749218912726515751e-01,2.570302689038119208e-05
3.999166840241616949e-01,5.510144287270424133e-05
4.249114767756718147e-01,1.466850939614997365e-04
4.499062695271818790e-01,6.203054457786028649e-04
4.749010622786919988e-01,4.970378634002472484e-01
4.998958550302021187e-01,1.000000000000000000e+00
5.248906477817121274e-01,5.032867757977487200e-01
5.498854405332223028e-01,7.704356929838943133e-04
5.748802332847323671e-01,2.009001617512252112e-04
5.998750260362425424e-01,8.389844160074449932e-05
6.248698187877526067e-01,4.378212019161261884e-05
6.498646115392627820e-01,2.610605829117866743e-05
6.748594042907728463e-01,1.703300272239880825e-05
6.998541970422829106e-01,1.182879441858183372e-05
7.248489897937929749e-01,8.653056486154210944e-06
7.498437825453031502e-01,6.565555444983226554e-06
7.748385752968132145e-01,5.152600909605401795e-06
7.998333680483233898e-01,4.156425368716457143e-06
8.248281607998333431e-01,3.437168715463567166e-06
8.498229535513436295e-01,2.936843888696457542e-06
8.748177463028535827e-01,2.638676057051075350e-06
8.998125390543637581e-01,2.656413128990798439e-06
9.248073318058738224e-01,3.863841918371916051e-06
9.498021245573839977e-01,1.223864172300517777e-05
9.747969173088940620e-01,4.418086313511197794e-03
9.997917100604042373e-01,8.943498333255955196e-03
1.024786502811914302e+00,4.529713524522105753e-03
1.049781295563424255e+00,1.308910793317433849e-05
1.074776088314934430e+00,3.364670498835856849e-06
1.099770881066444606e+00,1.565420081485483896e-06
1.124765673817954781e+00,1.097761170727311259e-06
1.149760466569464734e+00,9.346799009763118376e-07
1.174755259320974909e+00,9.128493045372726689e-07
1.199750052072485085e+00,9.148459797736869234e-07
1.224744844823995038e+00,9.798335601938277170e-07
1.249739637575505213e+00,1.117963765382349917e-06
1.274734430327015389e+00,1.343448928075011919e-06
1.299729223078525564e+00,1.726049149258277456e-06
1.324724015830035517e+00,2.446995105984035404e-06
1.349718808581545693e+00,3.719218573293522578e-06
1.374713601333055646e+00,6.348653078646456528e-06
1.399708394084565821e+00,1.258239574351020471e-05
1.424703186836075997e+00,3.139047126395169999e-05
1.449697979587585950e+00,1.256831617817611064e-04
1.474692772339096125e+00,3.125353312441947473e-02
1.499687565090606300e+00,6.367254816367261261e-02
1.524682357842116476e+00,3.244721909941898630e-02
1.549677150593626429e+00,1.400353458819327110e-04
1.574671943345136382e+00,3.503781289373244660e-05
1.599666736096646780e+00,1.401471346949880107e-05
1.624661528848156955e+00,6.978111880936612662e-06
1.649656321599666686e+00,3.923206044804598594e-06
1.674651114351176862e+00,2.380216005370817077e-06
1.699645907102687259e+00,1.537355628100192000e-06
1.724640699854197434e+00,9.894789235732825935e-07
1.749635492605707165e+00,6.611035160813048460e-07
1.774630285357217341e+00,4.054568473895219476e-07
1.799625078108727516e+00,2.340967115783764557e-07
1.824619870860237469e+00,7.625523196903608666e-08
1.849614663611747645e+00,1.562753202310850513e-07
1.874609456363257820e+00,4.183249105086050888e-07
1.899604249114767995e+00,9.555840659972727823e-07
1.924599041866277949e+00,2.542782384056303208e-06
1.949593834617788124e+00,1.026421220582566912e-05
1.974588627369298299e+00,1.908723286669496057e-03
1.999583420120808475e+00,3.913228622625686617e-03
2.024578212872318428e+00,2.006559665105630934e-03
2.049573005623828603e+00,1.147883687774516532e-05
2.074567798375338779e+00,2.867155125203133328e-06
2.099562591126848510e+00,1.177914327603863093e-06
2.124557383878358685e+00,6.829329468812807467e-07
2.149552176629868860e+00,5.597279913216754937e-07
2.174546969381379480e+00,5.940993836771699572e-07
2.199541762132889211e+00,6.992800515569593927e-07
2.224536554884399386e+00,8.740992025823419166e-07
2.249531347635909562e+00,1.130634247947771695e-06
2.274526140387419293e+00,1.517345842610954405e-06
2.299520933138929468e+00,2.116292274740315369e-06
2.324515725890439644e+00,3.156776985179892695e-06
2.349510518641949819e+00,4.991998373524604503e-06
2.374505311393459994e+00,8.693071623955182873e-06
2.399500104144970170e+00,1.738212368135724019e-05
2.424494896896480345e+00,4.338958928480485928e-05
2.449489689647990076e+00,1.722213835137746825e-04
2.474484482399500251e+00,2.545397710504786540e-02
2.499479275151010427e+00,5.251498070228487886e-02
2.524474067902520602e+00,2.709495358894337125e-02
2.549468860654030777e+00,1.931521284783754638e-04
2.574463653405540953e+00,4.788042900485841414e-05
2.599458446157051128e+00,1.911759321564416198e-05
2.624453238908560859e+00,9.544930532304605843e-06
2.649448031660071035e+00,5.421936224508309373e-06
2.674442824411581210e+00,3.350781178778434161e-06
2.699437617163091385e+00,2.208752414964589577e-06
2.724432409914601116e+00,1.489967656564073665e-06
2.749427202666111292e+00,1.052038318213167199e-06
2.774421995417621467e+00,7.198362090702080513e-07
2.799416788169131642e+00,4.931368402046672004e-07
2.824411580920641818e+00,2.987645873037629816e-07
2.849406373672151993e+00,2.173553663223102844e-07
2.874401166423662168e+00,4.563561554219912519e-07
2.899395959175171900e+00,1.201684763093825380e-06
2.924390751926682075e+00,3.435077641763894167e-06
2.949385544678192250e+00,1.428784097719224822e-05
2.974380337429702426e+00,1.786507563374187691e-03
2.999375130181212601e+00,3.709904785224643533e-03
3.024369922932722776e+00,1.925612386086208300e-03
3.049364715684232952e+00,1.670024788701848434e-05
3.074359508435742683e+00,4.334068812407966308e-06
3.099354301187252858e+00,1.921583376844904985e-06
3.124349093938763033e+00,1.180993533298934597e-06
3.149343886690272765e+00,9.267808793227222563e-07
3.174338679441783384e+00,8.840623226169564009e-07
3.199333472193293559e+00,9.607304352516578732e-07
3.224328264944803291e+00,1.133919106517177689e-06
3.249323057696313910e+00,1.429217106895923920e-06
3.274317850447823641e+00,1.887168140821441706e-06
3.299312643199333372e+00,2.617006184710489629e-06
3.324307435950843992e+00,3.881164671788574608e-06
3.349302228702353723e+00,6.128686602734206225e-06
3.374297021453864343e+00,1.064211717993558250e-05
3.399291814205374518e+00,2.121657937915809205e-05
3.424286606956884249e+00,5.272503537526427610e-05
3.449281399708394868e+00,2.075112688500376770e-04
3.474276192459904600e+00,2.184387725057188034e-02
3.499270985211414331e+00,4.564082810383157662e-02
3.524265777962924950e+00,2.384073386601371844e-02
3.549260570714434682e+00,2.373204071702751281e-04
3.574255363465944857e+00,5.832614076846147301e-05
3.599250156217455032e+00,2.320351638289889866e-05
3.624244948968965208e+00,1.155757673910048574e-05
3.649239741720474939e+00,6.574863619873437286e-06
3.674234534471985558e+00,4.070390834500196271e-06
3.699229327223495289e+00,2.698724457117347716e-06
3.724224119975005909e+00,1.839953824593120378e-06
3.749218912726515640e+00,1.319281200885657865e-06
3.774213705478025815e+00,9.388703667528176775e-07
3.799208498229535991e+00,6.879077697654395643e-07
3.824203290981046166e+00,5.010607297647114154e-07
3.849198083732555897e+00,4.603859440623497372e-07
3.874192876484066517e+00,7.193833967905116671e-07
3.899187669235576248e+00,1.625609947532438481e-06
3.924182461987085979e+00,4.432125665661539211e-06
3.949177254738596599e+00,1.813682765384832973e-05
3.974172047490106330e+00,1.695978238966504683e-03
3.999166840241616949e+00,3.567081321985487476e-03
4.024161632993126680e+00,1.874301674436956678e-03
4.049156425744636856e+00,2.167142836958420586e-05
4.074151218496147031e+00,5.604241334722099687e-06
4.099146011247657206e+00,2.499818440200732574e-06
4.124140803999167382e+00,1.540144147493371950e-06
4.149135596750677557e+00,1.191286359712971662e-06
4.174130389502187732e+00,1.117609125275850112e-06
4.199125182253697020e+00,1.185158662425727517e-06
4.224119975005208083e+00,1.386095374186742500e-06
4.249114767756717370e+00,1.738676208079054496e-06
4.274109560508227545e+00,2.289119197503277224e-06
4.299104353259737721e+00,3.176862227534024957e-06
4.324099146011247896e+00,4.711339071901139782e-06
4.349093938762758960e+00,7.446108728339013140e-06
4.374088731514268247e+00,1.293151831365663140e-05
4.399083524265778422e+00,2.573653740762353806e-05
4.424078317017288597e+00,6.376848284736710024e-05
4.449073109768798773e+00,2.492175233009819566e-04
4.474067902520308060e+00,2.039855352219070717e-02
4.499062695271819123e+00,4.316628487625862737e-02
4.524057488023329299e+00,2.282707723406042846e-02
4.549052280774838586e+00,2.921162925432504000e-04
4.574047073526349649e+00,7.125606437754831936e-05
4.599041866277858936e+00,2.827038822629703905e-05
4.624036659029369112e+00,1.407150159206994685e-05
4.649031451780879287e+00,8.005389613843907348e-06
4.674026244532389462e+00,4.978910330163046092e-06
4.699021037283899638e+00,3.313908019199965123e-06
4.724015830035409813e+00,2.280968184845818355e-06
4.749010622786919988e+00,1.654520901793667232e-06
4.774005415538430164e+00,1.215704902935669288e-06
4.799000208289940339e+00,9.363414912604377374e-07
4.823995001041449626e+00,7.592999081012818075e-07
4.848989793792960690e+00,7.727278286974453082e-07
4.873984586544469977e+00,1.135010856461147956e-06
4.898979379295980152e+00,2.314887279875257542e-06
4.923974172047490327e+00,5.968046212664223542e-06
4.948968964799000503e+00,2.384397494565016382e-05
4.973963757550511566e+00,1.774697268316655779e-03
4.998958550302020853e+00,3.780381994472636377e-03
5.023953343053531029e+00,2.010958844118523100e-03
5.048948135805041204e+00,2.894994224956579329e-05
5.073942928556551379e+00,7.343825205314559820e-06
5.098937721308061555e+00,3.187955613825918151e-06
5.123932514059571730e+00,1.891051697906150339e-06
5.148927306811081905e+00,1.394979392526651609e-06
5.173922099562591193e+00,1.251835136327622606e-06
5.198916892314102256e+00,1.290987549124471966e-06
5.223911685065611543e+00,1.482418017135404585e-06
5.248906477817121718e+00,1.843924368671008410e-06
5.273901270568631894e+00,2.424679745107584148e-06
5.298896063320142069e+00,3.368991637353251176e-06
5.323890856071652244e+00,4.994967200521974796e-06
5.348885648823162420e+00,7.913404280896969538e-06
5.373880441574672595e+00,1.374687075624480676e-05
5.398875234326182770e+00,2.733090612996162637e-05
5.423870027077692946e+00,6.756555392781712942e-05
5.448864819829202233e+00,2.623622255471328704e-04
5.473859612580713296e+00,1.758559352706756326e-02
5.498854405332222584e+00,3.769205164263774582e-02
5.523849198083732759e+00,2.017781722644577946e-02
5.548843990835242934e+00,3.159107217861060113e-04
5.573838783586753109e+00,7.651893830695570813e-05
5.598833576338263285e+00,3.028746717848080668e-05
5.623828369089773460e+00,1.507236865408234759e-05
5.648823161841283635e+00,8.579750781062518307e-06
5.673817954592793811e+00,5.359199340183382647e-06
5.698812747344303986e+00,3.577662269151876708e-06
5.723807540095814161e+00,2.489654070206192492e-06
5.748802332847324337e+00,1.827280277522731971e-06
5.773797125598834512e+00,1.374305610654822470e-06
5.798791918350343799e+00,1.107375130588193413e-06
5.823786711101854863e+00,9.682649408535436553e-07
5.848781503853364150e+00,1.081504976614531497e-06
5.873776296604874325e+00,1.604009254730297958e-06
5.898771089356384500e+00,3.151857266952365349e-06
5.923765882107894676e+00,7.853377334959071054e-06
5.948760674859404851e+00,3.078431494308235772e-05
5.973755467610915026e+00,1.902635597692881042e-03
5.998750260362425202e+00,4.104861111032796252e-03
6.023745053113935377e+00,2.210554855494354168e-03
6.048739845865445552e+00,3.806670279901926216e-05
6.073734638616954840e+00,9.460491087090823801e-06
6.098729431368465903e+00,3.981440026953574277e-06
6.123724224119975190e+00,2.261497948819949111e-06
6.148719016871485366e+00,1.575133498872329725e-06
6.173713809622996429e+00,1.329180372959233546e-06
6.198708602374505716e+00,1.308089635888284307e-06
6.223703395126015891e+00,1.453237959424141441e-06
6.248698187877526067e+00,1.769019991879499417e-06
6.273692980629036242e+00,2.307483407719305869e-06
6.298687773380545529e+00,3.194093947485300970e-06
6.323682566132055705e+00,4.722302788043925470e-06
6.348677358883566768e+00,7.484338641655052456e-06
6.373672151635076943e+00,1.299482654346858785e-05
6.398666944386587119e+00,2.579807252573696497e-05
6.423661737138096406e+00,6.362673510349168584e-05
6.448656529889606581e+00,2.455358717583461334e-04
6.473651322641117645e+00,1.394585100239595539e-02
6.498646115392627820e+00,3.027688645636047310e-02
6.523640908144137107e+00,1.640720831275406869e-02
6.548635700895647282e+00,3.040569563960879534e-04
6.573630493647157458e+00,7.313809584372110597e-05
6.598625286398666745e+00,2.887996625486956596e-05
6.623620079150177808e+00,1.436427812549845687e-05
6.648614871901687984e+00,8.180889390533718577e-06
6.673609664653198159e+00,5.122959386566897730e-06
6.698604457404707446e+00,3.432777846117911942e-06
6.723599250156217622e+00,2.406456413010026251e-06
6.748594042907728685e+00,1.788712878888548406e-06
6.773588835659238860e+00,1.375494697142470659e-06
6.798583628410749036e+00,1.162443616714164937e-06
6.823578421162258323e+00,1.102074137719966457e-06
6.848573213913768498e+00,1.333750839605601149e-06
6.873568006665277785e+00,2.052419114015693952e-06
6.898562799416789737e+00,3.984559920447924807e-06
6.923557592168299024e+00,9.775991496305090831e-06
6.948552384919809199e+00,3.777533613372127008e-05
6.973547177671319375e+00,1.998629376169718669e-03
6.998541970422828662e+00,4.367524367727566512e-03
7.023536763174338837e+00,2.380963143017445372e-03
7.048531555925849901e+00,4.776975363549489431e-05
7.073526348677360076e+00,1.167088384856605708e-05
7.098521141428869363e+00,4.795652030501245660e-06
7.123515934180379539e+00,2.631133040024731343e-06
7.148510726931889714e+00,1.743602067051951392e-06
7.173505519683400777e+00,1.400401430494895588e-06
7.198500312434910064e+00,1.308562023074867170e-06
7.223495105186420240e+00,1.411204576522112604e-06
7.248489897937930415e+00,1.670646480481279870e-06
7.273484690689439702e+00,2.166900381315546838e-06
7.298479483440949878e+00,2.978909873613325652e-06
7.323474276192460941e+00,4.388314643904088927e-06
7.348469068943971116e+00,6.948707805821319887e-06
7.373463861695480404e+00,1.205819311437532308e-05
7.398458654446990579e+00,2.389724416686299613e-05
7.423453447198500754e+00,5.879862914121496376e-05
7.448448239950011818e+00,2.255375971962540564e-04
7.473443032701521993e+00,1.112149687090220780e-02
7.498437825453031280e+00,2.445847524081173549e-02
7.523432618204541455e+00,1.341630451646206972e-02
7.548427410956051631e+00,2.874284322358389176e-04
7.573422203707560918e+00,6.865398630335052370e-05
7.598416996459071981e+00,2.704060647279649102e-05
7.623411789210582157e+00,1.343889890258156671e-05
7.648406581962092332e+00,7.652090918653714889e-06
7.673401374713601619e+00,4.796617089030750262e-06
7.698396167465111795e+00,3.225606339242960281e-06
7.723390960216622858e+00,2.268964315617249471e-06
7.748385752968133033e+00,1.704265166654146804e-06
7.773380545719642321e+00,1.345663579357634893e-06
7.798375338471152496e+00,1.189930647415886751e-06
7.823370131222662671e+00,1.221605761523483428e-06
7.848364923974171958e+00,1.585463028596921942e-06
7.873359716725683910e+00,2.523668522136209281e-06
7.898354509477193197e+00,4.897963143377227154e-06
7.923349302228703372e+00,1.193143199247633303e-05
7.948344094980212660e+00,4.566934374015290451e-05
7.973338887731722835e+00,2.114592373659338054e-03
7.998333680483233898e+00,4.680838041046210367e-03
8.023328473234743186e+00,2.583044972089673999e-03
8.048323265986253361e+00,5.922926522184224858e-05
8.073318058737763536e+00,1.426188118956947977e-05
8.098312851489273712e+00,5.757318990264084103e-06
8.123307644240783887e+00,3.060408622844126457e-06
8.148302436992294062e+00,1.947546877984290076e-06
8.173297229743804238e+00,1.483593459377175896e-06
8.198292022495314413e+00,1.324748981174079786e-06
8.223286815246824588e+00,1.375965323617986484e-06
8.248281607998334763e+00,1.590544310990635172e-06
8.273276400749843162e+00,2.041470287137409666e-06
8.298271193501355114e+00,2.790630205157088822e-06
8.323265986252865289e+00,4.093326064914205144e-06
8.348260779004375465e+00,6.473019681476574866e-06
8.373255571755885640e+00,1.121456942227592055e-05
8.398250364507394039e+00,2.218988777897378239e-05
8.423245157258905991e+00,5.444934069375371945e-05
8.448239950010416166e+00,2.076052789115889763e-04
8.473234742761926341e+00,9.050256317234703363e-03
8.498229535513434740e+00,2.016292463546083893e-02
8.523224328264944916e+00,1.119487431097376286e-02
8.548219121016455091e+00,2.723826374300615289e-04
8.573213913767967043e+00,6.459196652402966667e-05
8.598208706519475442e+00,2.536298728169276200e-05
8.623203499270985617e+00,1.258779102488946723e-05
8.648198292022495792e+00,7.153700865550273123e-06
8.673193084774005968e+00,4.476057687917728588e-06
8.698187877525517919e+00,3.007054156862430853e-06
8.723182670277026318e+00,2.120075412413204267e-06
8.748177463028536494e+00,1.589684371935324226e-06
8.773172255780046669e+00,1.284241834474909615e-06
8.798167048531556844e+00,1.190603847030190543e-06
8.823161841283067020e+00,1.308785145326387920e-06
8.848156634034577195e+00,1.818990971405658517e-06
8.873151426786087370e+00,2.988867421283757060e-06
8.898146219537597545e+00,5.836588726624343034e-06
8.923141012289107721e+00,1.421514318077424741e-05
8.948135805040616120e+00,5.405951660665225773e-05
8.973130597792128071e+00,2.228262413828146181e-03
8.998125390543638247e+00,4.996828877149444258e-03
9.023120183295148422e+00,2.791045857922655905e-03
9.048114976046658597e+00,7.207929170566206576e-05
9.073109768798166996e+00,1.715773845175718975e-05
9.098104561549677172e+00,6.838374622761621625e-06
9.123099354301189123e+00,3.552709579371945305e-06
9.148094147052699299e+00,2.187074402802580118e-06
9.173088939804207698e+00,1.591691326990333796e-06
9.198083732555717873e+00,1.357081889491943127e-06
9.223078525307228048e+00,1.356206579434476945e-06
9.248073318058738224e+00,1.520119664032185592e-06
9.273068110810248399e+00,1.929650570071402310e-06
9.298062903561758574e+00,2.608748896477403045e-06
9.323057696313268750e+00,3.802695564143126578e-06
9.348052489064778925e+00,5.993267180450494287e-06
9.373047281816289100e+00,1.035206659543104872e-05
9.398042074567799276e+00,2.042139467165636550e-05
9.423036867319309451e+00,4.995287420108769145e-05
9.448031660070819626e+00,1.892609241171896322e-04
9.473026452822329802e+00,7.396516852703997370e-03
9.498021245573839977e+00,1.669444529401584165e-02
9.523016038325348376e+00,9.381743511281308637e-03
9.548010831076860327e+00,2.556623432877099780e-04
9.573005623828370503e+00,6.016856204934998393e-05
9.598000416579880678e+00,2.353883903515706710e-05
9.622995209331390853e+00,1.164064580246955092e-05
9.647990002082899252e+00,6.590285856177841101e-06
9.672984794834411204e+00,4.098797307740127345e-06
9.697979587585921379e+00,2.728504538708143636e-06
9.722974380337431555e+00,1.914680696766555420e-06
9.747969173088939954e+00,1.416152242052826975e-06
9.772963965840450129e+00,1.153642380786868677e-06
9.797958758591960304e+00,1.122254691567695779e-06
9.822953551343472256e+00,1.326271381179432241e-06
9.847948344094980655e+00,1.963563694352032764e-06
9.872943136846490830e+00,3.331281211544816999e-06
9.897937929598001006e+00,6.571410249165850430e-06
9.922932722349511181e+00,1.605031415911943810e-05
9.947927515101023133e+00,6.073899328948739756e-05
9.972922307852531532e+00,2.258766423207699079e-03
9.997917100604041707e+00,5.131784993519602871e-03
1.002291189335555188e+01,2.901196326577629506e-03
1.004790668610706206e+01,8.341694495105506915e-05
1.007290147885857223e+01,1.968051756325232111e-05
1.009789627161008241e+01,7.790921983496379980e-06
1.012289106436159258e+01,4.003295397626521888e-06
1.014788585711310276e+01,2.418837021374252156e-06
1.017288064986461293e+01,1.719867988276026824e-06
1.019787544261612311e+01,1.420344121285085924e-06
1.022287023536763151e+01,1.384275202834780898e-06
1.024786502811914346e+01,1.518521749368168336e-06
1.027285982087065364e+01,1.906392743673117718e-06
1.029785461362216381e+01,2.551492753629382240e-06
1.032284940637367221e+01,3.693138439947061235e-06
1.034784419912518239e+01,5.792481692865045204e-06
1.037283899187669434e+01,9.964510289241871533e-06
1.039783378462820451e+01,1.958550681746197049e-05
1.042282857737971291e+01,4.772869787553691483e-05
1.044782337013122309e+01,1.796643956661245450e-04
1.047281816288273326e+01,6.365223740614032490e-03
1.049781295563424344e+01,1.455581649339272518e-02
1.052280774838575539e+01,8.279005639763976909e-03
1.054780254113726379e+01,2.498944675695187099e-04
1.057279733388877396e+01,5.835513128331740759e-05
1.059779212664028414e+01,2.272576342331532426e-05
1.062278691939179431e+01,1.118930350994446258e-05
1.064778171214330449e+01,6.302649113618276644e-06
1.067277650489481466e+01,3.881131869234794439e-06
1.069777129764632484e+01,2.549569741304622634e-06
1.072276609039783501e+01,1.762152476501783186e-06
1.074776088314934519e+01,1.271798162653118461e-06
1.077275567590085359e+01,1.030057131670735026e-06
1.079775046865236554e+01,1.040950704874395473e-06
1.082274526140387572e+01,1.317283665668249075e-06
1.084774005415538589e+01,2.056937521019266825e-06
1.087273484690689607e+01,3.584178506118061236e-06
1.089772963965840447e+01,7.130804994079528444e-06
1.092272443240991642e+01,1.745360863439742854e-05
1.094771922516142659e+01,6.577966291903980674e-05
1.097271401791293677e+01,2.229693444958260815e-03
1.099770881066444517e+01,5.132702301334863583e-03
1.102270360341595534e+01,2.936762573553863571e-03
1.104769839616746552e+01,9.310857375985182136e-05
1.107269318891897747e+01,2.180123945457442124e-05
1.109768798167048587e+01,8.599974405299438897e-06
1.112268277442199604e+01,4.391509222357148058e-06
1.114767756717350622e+01,2.639812263259913994e-06
1.117267235992501639e+01,1.856722258333659411e-06
1.119766715267652657e+01,1.519252282759259497e-06
1.122266194542803674e+01,1.465587912637495822e-06
1.124765673817954692e+01,1.601478583629530728e-06
1.127265153093105710e+01,1.999395572153260766e-06
1.129764632368256727e+01,2.667821075026831467e-06
1.132264111643407745e+01,3.844021226841324455e-06
1.134763590918558762e+01,6.011649508485552092e-06
1.137263070193709780e+01,1.030119118003597468e-05
1.139762549468860797e+01,2.019301271299992832e-05
1.142262028744011815e+01,4.903461945821023678e-05
1.144761508019162832e+01,1.833918754176092319e-04
1.147260987294313672e+01,5.944775008712072963e-03
1.149760466569464867e+01,1.377416119253249520e-02
1.152259945844615885e+01,7.929029720090227662e-03
1.154759425119766902e+01,2.627228906059787860e-04
1.157258904394917742e+01,6.087720767411683567e-05
1.159758383670068760e+01,2.360337369702883789e-05
1.162257862945219955e+01,1.157623761860732357e-05
1.164757342220370973e+01,6.487899696723665057e-06
1.167256821495521812e+01,3.961887327146553224e-06
1.169756300770672830e+01,2.567592305177935498e-06
1.172255780045823848e+01,1.746184737035225891e-06
1.174755259320974865e+01,1.216919463791288152e-06
1.177254738596126060e+01,9.593870466048623049e-07
1.179754217871276900e+01,9.862291566933299977e-07
1.182253697146427918e+01,1.314378360622041225e-06
1.184753176421578935e+01,2.140372604454432346e-06
1.187252655696729953e+01,3.802159733536251197e-06
1.189752134971880970e+01,7.611031002674064659e-06
1.192251614247031988e+01,1.867237254178601816e-05
1.194751093522183005e+01,7.006483663095136507e-05
1.197250572797334023e+01,2.182970283494652455e-03
1.199750052072485040e+01,5.091945104855700142e-03
1.202249531347636058e+01,2.948506669307664890e-03
1.204749010622787075e+01,1.022393937673925208e-04
1.207248489897938093e+01,2.376831554104349967e-05
1.209747969173089110e+01,9.343097324675825134e-06
1.212247448448240128e+01,4.752647318935282712e-06
1.214746927723390968e+01,2.846080770389848680e-06
1.217246406998542163e+01,1.989485987289794387e-06
1.219745886273693181e+01,1.618188034714109577e-06
1.222245365548844198e+01,1.551402360787994082e-06
1.224744844823995038e+01,1.698509335445941463e-06
1.227244324099146056e+01,2.111638385447643829e-06
1.229743803374297073e+01,2.814251579792431617e-06
1.232243282649448268e+01,4.056681077762872940e-06
1.234742761924599286e+01,6.320531826701878524e-06
1.237242241199750126e+01,1.080899754256359789e-05
1.239741720474901143e+01,2.114125945295272340e-05
1.242241199750052161e+01,5.117653711634372418e-05
1.244740679025203178e+01,1.902329271154250441e-04
1.247240158300354196e+01,5.685791966984309401e-03
1.249739637575505213e+01,1.334929766844398374e-02
1.252239116850656231e+01,7.776941931243674076e-03
1.254738596125807248e+01,2.807659360840161680e-04
1.257238075400958266e+01,6.456815420170070692e-05
1.259737554676109106e+01,2.494057757313505218e-05
1.262237033951260301e+01,1.218749695691106966e-05
1.264736513226411141e+01,6.812314877155369191e-06
1.267235992501562336e+01,4.132003890148246778e-06
1.269735471776713354e+01,2.651536095541924170e-06
1.272234951051864194e+01,1.776515736571665467e-06
1.274734430327015389e+01,1.200290964262863347e-06
1.277233909602166229e+01,9.023345062441994343e-07
1.279733388877317424e+01,9.195853395520083252e-07
1.282232868152468441e+01,1.281807217991435525e-06
1.284732347427619281e+01,2.163477164965912198e-06
1.287231826702770476e+01,3.913493038561544133e-06
1.289731305977921316e+01,7.881400952671473197e-06
1.292230785253072334e+01,1.937092129781563425e-05
1.294730264528223529e+01,7.238113066907089744e-05
1.297229743803374369e+01,2.087573551113971419e-03
1.299729223078525564e+01,4.934525572795647221e-03
1.302228702353676404e+01,2.891620636104973077e-03
1.304728181628827421e+01,1.089209321184649677e-04
1.307227660903978261e+01,2.513967570890395485e-05
1.309727140179129456e+01,9.861057435910778303e-06
1.312226619454280652e+01,5.006197490541046135e-06
1.314726098729431492e+01,2.990897450088344996e-06
1.317225578004582509e+01,2.084025872611210202e-06
1.319725057279733349e+01,1.687953556044118193e-06
1.322224536554884544e+01,1.609609530712137935e-06
1.324724015830035562e+01,1.757777851980856683e-06
1.327223495105186579e+01,2.178487389732319142e-06
1.329722974380337597e+01,2.893025104961689537e-06
1.332222453655488437e+01,4.169459202975993374e-06
1.334721932930639632e+01,6.472265102780092456e-06
1.337221412205790649e+01,1.105571856797865847e-05
1.339720891480941489e+01,2.157366997511739521e-05
1.342220370756092684e+01,5.207427223340965988e-05
1.344719850031243524e+01,1.924233699875042001e-04
1.347219329306394719e+01,5.337543041626069060e-03
1.349718808581545737e+01,1.269924586932431702e-02
1.352218287856696577e+01,7.486983649156058775e-03
1.354717767131847772e+01,2.926576903950575161e-04
1.357217246406998612e+01,6.680060531518545140e-05
1.359716725682149807e+01,2.571760306160892525e-05
1.362216204957300647e+01,1.253054649383548928e-05
1.364715684232451665e+01,6.991288167006601185e-06
1.367215163507602860e+01,4.222840789336928620e-06
1.369714642782753700e+01,2.694205620911289319e-06
1.372214122057904717e+01,1.782309567802359312e-06
1.374713601333055557e+01,1.178990091050332190e-06
1.377213080608206752e+01,8.454708250131486393e-07
1.379712559883357947e+01,8.482069919301709649e-07
1.382212039158508787e+01,1.226068755490618903e-06
1.384711518433659805e+01,2.133901246331220465e-06
1.387210997708810645e+01,3.911730304053004767e-06
1.389710476983961840e+01,7.920698082373848854e-06
1.392209956259113035e+01,1.948716728999517201e-05
1.394709435534263875e+01,7.249208690409147699e-05
1.397208914809414892e+01,1.946966898003163427e-03
1.399708394084565732e+01,4.664032820514671211e-03
1.402207873359716928e+01,2.765783662835447944e-03
1.404707352634867767e+01,1.125077244667152548e-04
1.407206831910018785e+01,2.578488806387362791e-05
1.409706311185169980e+01,1.009927113471725026e-05
1.412205790460320820e+01,5.118718213944764147e-06
1.414705269735472015e+01,3.060850075038337184e-06
1.417204749010622855e+01,2.131913349170417850e-06
1.419704228285773873e+01,1.726196141068705347e-06
1.422203707560925068e+01,1.644654201670431546e-06
1.424703186836075908e+01,1.795052360359514407e-06
1.427202666111227103e+01,2.214843299159309535e-06
1.429702145386377943e+01,2.944440583294758219e-06
1.432201624661528960e+01,4.228147940439258645e-06
1.434701103936680155e+01,6.561828137383001518e-06
1.437200583211830995e+01,1.118397987712644311e-05
1.439700062486982013e+01,2.179612626354801049e-05
1.442199541762132853e+01,5.246268964141508767e-05
1.444699021037284048e+01,1.927525232750928531e-04
1.447198500312435243e+01,4.989836009396406494e-03
1.449697979587586083e+01,1.203162319525686273e-02
1.452197458862737101e+01,7.178190856772592200e-03
1.454696938137887940e+01,3.021614273898893307e-04
1.457196417413039136e+01,6.845671370160453942e-05
1.459695896688189976e+01,2.627596414814062657e-05
1.462195375963341171e+01,1.277682690562835602e-05
1.464694855238492188e+01,7.120069226854432404e-06
1.467194334513643028e+01,4.289390061822317598e-06
1.469693813788794223e+01,2.731591491412619368e-06
1.472193293063945063e+01,1.797072962899166854e-06
1.474692772339096081e+01,1.170186809481405184e-06
1.477192251614247276e+01,8.134964024061499654e-07
1.479691730889398116e+01,7.940143564965496922e-07
1.482191210164549311e+01,1.173955649527735888e-06
1.484690689439700151e+01,2.089962366190695877e-06
1.487190168714851168e+01,3.862188156757228685e-06
1.489689647990002364e+01,7.846011558694184718e-06
1.492189127265153203e+01,1.930535108850450667e-05
1.494688606540304399e+01,7.149209444346618972e-05
1.497188085815455239e+01,1.797010467943315317e-03
1.499687565090606256e+01,4.362988465325125589e-03
1.502187044365757096e+01,2.618100822512849004e-03
1.504686523640908291e+01,1.144207630078854221e-04
1.507186002916059309e+01,2.603957588705814287e-05
1.509685482191210326e+01,1.017355748583241753e-05
1.512184961466361344e+01,5.150270108805919703e-06
1.514684440741512184e+01,3.078054939384033231e-06
1.517183920016663379e+01,2.146462911096557458e-06
1.519683399291814396e+01,1.731107003156456014e-06
1.522182878566965236e+01,1.643778387949357166e-06
1.524682357842116431e+01,1.799062085239523617e-06
1.527181837117267271e+01,2.213026236309854091e-06
1.529681316392418466e+01,2.938723082201548952e-06
1.532180795667569484e+01,4.219076021566393273e-06
1.534680274942720324e+01,6.541957687751865974e-06
1.537179754217871519e+01,1.113558386312328074e-05
1.539679233493022359e+01,2.167262134078252773e-05
1.542178712768173554e+01,5.204104496281137935e-05
1.544678192043324572e+01,1.901364397731420937e-04
1.547177671318475412e+01,4.615825627031473234e-03
1.549677150593626607e+01,1.128033264031444612e-02
1.552176629868777447e+01,6.810177541185624683e-03
1.554676109143928464e+01,3.072648780701107800e-04
1.557175588419079304e+01,6.909333721450628871e-05
1.559675067694230499e+01,2.644783201612426688e-05
1.562174546969381694e+01,1.283922914670391772e-05
1.564674026244532534e+01,7.147196521825920150e-06
1.567173505519683552e+01,4.304787536740545187e-06
1.569672984794834392e+01,2.736342821593826178e-06
1.572172464069985587e+01,1.793676010225386239e-06
1.574671943345136782e+01,1.160656904360399507e-06
1.577171422620287622e+01,7.819685723796870863e-07
1.579670901895438639e+01,7.375227191289518384e-07
1.582170381170589479e+01,1.102340197457429379e-06
1.584669860445740674e+01,2.002821906424183686e-06
1.587169339720891692e+01,3.731146069830571586e-06
1.589668818996042532e+01,7.604797742236643302e-06
1.592168298271193727e+01,1.870878566677608443e-05
1.594667777546344567e+01,6.897505079034067928e-05
1.597167256821495762e+01,1.629888478514925727e-03
1.599666736096646780e+01,4.011027681333846455e-03
1.602166215371797620e+01,2.435498574193306967e-03
1.604665694646948637e+01,1.138566899772945937e-04
1.607165173922099655e+01,2.572481228130188565e-05
1.609664653197250672e+01,1.002953908715709272e-05
1.612164132472401690e+01,5.070426800313317911e-06
1.614663611747552707e+01,3.031941394820686574e-06
1.617163091022703725e+01,2.109093604170027828e-06
1.619662570297854742e+01,1.695895670411275049e-06
1.622162049573005760e+01,1.606584209735436567e-06
1.624661528848156777e+01,1.747534380961333253e-06
1.627161008123307795e+01,2.146297462475598836e-06
1.629660487398458812e+01,2.837957936114058982e-06
1.632159966673609830e+01,4.076274064003218074e-06
1.634659445948760848e+01,6.304862518028656991e-06
1.637158925223911865e+01,1.072424346797998999e-05
1.639658404499062883e+01,2.083962395375331414e-05
1.642157883774213900e+01,4.991078893997656857e-05
1.644657363049364918e+01,1.813596746881450839e-04
1.647156842324515935e+01,4.146084663164189762e-03
1.649656321599666953e+01,1.027017861596775730e-02
1.652155800874817970e+01,6.274009078237459576e-03
1.654655280149968632e+01,3.021528803249450782e-04
1.657154759425120005e+01,6.743694895860684031e-05
1.659654238700271023e+01,2.573925219670997286e-05
1.662153717975422040e+01,1.247305504474555335e-05
1.664653197250573058e+01,6.939526180801277818e-06
1.667152676525723720e+01,4.173741693298770435e-06
1.669652155800875093e+01,2.651980336410600924e-06
1.672151635076026110e+01,1.732047864146628480e-06
1.674651114351177128e+01,1.114881560670204585e-06
1.677150593626328146e+01,7.290659941231503616e-07
1.679650072901478808e+01,6.635082420801702050e-07
1.682149552176630181e+01,1.013081133090281798e-06
1.684649031451781198e+01,1.873077703749474254e-06
1.687148510726931860e+01,3.519811047247359564e-06
1.689647990002083233e+01,7.190477839907048401e-06
1.692147469277233895e+01,1.769158458365262092e-05
1.694646948552385268e+01,6.492741592773508075e-05
1.697146427827536286e+01,1.448013290508922638e-03
1.699645907102686948e+01,3.612176073261211696e-03
1.702145386377838321e+01,2.219299196848112127e-03
1.704644865652988983e+01,1.105480034733161165e-04
1.707144344928140356e+01,2.479590968290274508e-05
1.709643824203291018e+01,9.651985510782546884e-06
1.712143303478442036e+01,4.870949074541441414e-06
1.714642782753593409e+01,2.916062415836230365e-06
1.717142262028744071e+01,2.029415013046002927e-06
1.719641741303895088e+01,1.627195906965504942e-06
1.722141220579046106e+01,1.540750624074486135e-06
1.724640699854197123e+01,1.670107532697509515e-06
1.727140179129348496e+01,2.038103955242037196e-06
1.729639658404499158e+01,2.695787240700909144e-06
1.732139137679650176e+01,3.861289861306843774e-06
1.734638616954801194e+01,5.964440511818085714e-06
1.737138096229952211e+01,1.013172324570558210e-05
1.739637575505103584e+01,1.965505166797312670e-05
1.742137054780254246e+01,4.695540603774549319e-05
1.744636534055405264e+01,1.696942252871734298e-04
1.747136013330556281e+01,3.666686479063321728e-03
1.749635492605707299e+01,9.206927612770265251e-03
1.752134971880858316e+01,5.691124947822851117e-03
1.754634451156009334e+01,2.914894674003816097e-04
1.757133930431160351e+01,6.456190663604800990e-05
1.759633409706311369e+01,2.457133576754871933e-05
1.762132888981462386e+01,1.188730778900401565e-05
1.764632368256613404e+01,6.605559731287563081e-06
1.767131847531764421e+01,3.969554340988671295e-06
1.769631326806915439e+01,2.519724523357864971e-06
1.772130806082066456e+01,1.640447999864970507e-06
1.774630285357217474e+01,1.048978304811994267e-06
1.777129764632368492e+01,6.734226487116575754e-07
1.779629243907519509e+01,5.991510437171411726e-07
1.782128723182670527e+01,9.239329025064155691e-07
1.784628202457821544e+01,1.742058377950722392e-06
1.787127681732972562e+01,3.288076290818346993e-06
1.789627161008123224e+01,6.730283423506431120e-06
1.792126640283274597e+01,1.654438091170820112e-05
1.794626119558425614e+01,6.043281102673922950e-05
1.797125598833576632e+01,1.276344624597628829e-03
1.799625078108727649e+01,3.227718871948906387e-03
1.802124557383878312e+01,2.006526217047985283e-03
1.804624036659029684e+01,1.061295057186634791e-04
1.807123515934180347e+01,2.362562428622207405e-05
1.809622995209331719e+01,9.172519665660488689e-06
1.812122474484482737e+01,4.627749227406554347e-06
1.814621953759633399e+01,2.763990515167323449e-06
1.817121433034784772e+01,1.927874714967134773e-06
1.819620912309935434e+01,1.538527221028290190e-06
1.822120391585086452e+01,1.453347297006876282e-06
1.824619870860237825e+01,1.570460462837902333e-06
1.827119350135388487e+01,1.914313525642293512e-06
1.829618829410539860e+01,2.525442569780620207e-06
1.832118308685690522e+01,3.610479986587173850e-06
1.834617787960841540e+01,5.570775475826830538e-06
1.837117267235992912e+01,9.448586121887515613e-06
1.839616746511143575e+01,1.830335809649203508e-05
1.842116225786294947e+01,4.362014564179528096e-05
1.844615705061445610e+01,1.567844073626988119e-04
1.847115184336596627e+01,3.212524778810438904e-03
1.849614663611747645e+01,8.177553294901973233e-03
1.852114142886898662e+01,5.114570105949928225e-03
1.854613622162049680e+01,2.776970002178836346e-04
1.857113101437200697e+01,6.103357995007294043e-05
1.859612580712351715e+01,2.315815056756321294e-05
1.862112059987502732e+01,1.118664009241192475e-05
1.864611539262653750e+01,6.210351884902732377e-06
1.867111018537804767e+01,3.727750755285596532e-06
1.869610497812955785e+01,2.358882460745669243e-06
1.872109977088106803e+01,1.536388383140058505e-06
1.874609456363257820e+01,9.746728700911189475e-07
1.877108935638408838e+01,6.115428218620564510e-07
1.879608414913559855e+01,5.347621241785773962e-07
1.882107894188710873e+01,8.381333955656823595e-07
1.884607373463861890e+01,1.600381595230291745e-06
1.887106852739012908e+01,3.042960235907976740e-06
1.889606332014163925e+01,6.230602623203846942e-06
1.892105811289314943e+01,1.529945885475270041e-05
1.894605290564465960e+01,5.562065407256231928e-05
1.897104769839616978e+01,1.115866223477446914e-03
1.899604249114767995e+01,2.860915204203540695e-03
1.902103728389919013e+01,1.799461194017306590e-03
1.904603207665069675e+01,1.007454064272865453e-04
1.907102686940221048e+01,2.225890489305456363e-05
1.909602166215372065e+01,8.616394299502582726e-06
1.912101645490523083e+01,4.340521930189897930e-06
1.914601124765674101e+01,2.593278231242671690e-06
1.917100604040824763e+01,1.799818347889122297e-06
1.919600083315976136e+01,1.437630814798335942e-06
1.922099562591127153e+01,1.350601565648992300e-06
1.924599041866278171e+01,1.455693153824114495e-06
1.927098521141429188e+01,1.763235319793199151e-06
1.929598000416579850e+01,2.326047831089744643e-06
1.932097479691731223e+01,3.317604319255503576e-06
1.934596958966882241e+01,5.109792277750065905e-06
1.937096438242032903e+01,8.650765286023840488e-06
1.939595917517184276e+01,1.673537472481314157e-05
1.942095396792334938e+01,3.978056522076544373e-05
1.944594876067486311e+01,1.422147253182461557e-04
1.947094355342636973e+01,2.771373314349061256e-03
1.949593834617787991e+01,7.152249057979562404e-03
1.952093313892939364e+01,4.526026013702714144e-03
1.954592793168090026e+01,2.597478206827111931e-04
1.957092272443241399e+01,5.663883266524016597e-05
1.959591751718392061e+01,2.142892246280336363e-05
1.962091230993543078e+01,1.033137709941099640e-05
1.964590710268694451e+01,5.725697074887293541e-06
1.967090189543845113e+01,3.435027625004407836e-06
1.969589668818996131e+01,2.166210965609222491e-06
1.972089148094147149e+01,1.406063125988503052e-06
1.974588627369298166e+01,8.842045537851406091e-07
1.977088106644449539e+01,5.403373170646162143e-07
1.979587585919600201e+01,4.655862700422308898e-07
1.982087065194751219e+01,7.609795169216229003e-07
1.984586544469902236e+01,1.468865796700599420e-06
1.987086023745053254e+01,2.798089485010123548e-06
1.989585503020204627e+01,5.740181446000606837e-06
1.992084982295355289e+01,1.407151860294687294e-05
1.994584461570506306e+01,5.089753118612601351e-05
1.997083940845657324e+01,9.726125970212502313e-04
1.999583420120808341e+01,2.528319597720058570e-03
2.002082899395959359e+01,1.608963477944447620e-03
2.004582378671110376e+01,9.508576039560328295e-05
2.007081857946261394e+01,2.084376202588705950e-05
2.009581337221412412e+01,8.045312364937992673e-06
2.012080816496563429e+01,4.045145989686195251e-06
2.014580295771714447e+01,2.413211403970050508e-06
2.017079775046865464e+01,1.673058166655046992e-06
2.019579254322016482e+01,1.332785101365992165e-06
2.022078733597167499e+01,1.247203055219327603e-06
2.024578212872318517e+01,1.343014328913590662e-06
2.027077692147469534e+01,1.622810987293125166e-06
2.029577171422620552e+01,2.133599106292461558e-06
2.032076650697771569e+01,3.039926286200891821e-06
2.034576129972922587e+01,4.675976903843868818e-06
2.037075609248073604e+01,7.906072006653115644e-06
2.039575088523224622e+01,1.526948961562292942e-05
2.042074567798375639e+01,3.619942795891966200e-05
2.044574047073526302e+01,1.287405071883159402e-04
2.047073526348677674e+01,2.392265783673158674e-03
2.049573005623828692e+01,6.259853579587980159e-03
2.052072484898979354e+01,4.007874335657139048e-03
2.054571964174130727e+01,2.424833997742190615e-04
2.057071443449281389e+01,5.245842428424791755e-05
2.059570922724432762e+01,1.978633109406371563e-05
2.062070401999583780e+01,9.519952821497520233e-06
2.064569881274734442e+01,5.268741717566627431e-06
2.067069360549885815e+01,3.152613902363603641e-06
2.069568839825036477e+01,1.984735760694356047e-06
2.072068319100187850e+01,1.281713195395018741e-06
2.074567798375338867e+01,7.992825176817392514e-07
2.077067277650489530e+01,4.782057078388852149e-07
2.079566756925640902e+01,4.150590790957934506e-07
2.082066236200791565e+01,7.059172352670316228e-07
2.084565715475942582e+01,1.374897253752844416e-06
2.087065194751093955e+01,2.617476739230194266e-06
2.089564674026244617e+01,5.366873328546550593e-06
2.092064153301395990e+01,1.311691271198379720e-05
2.094563632576546652e+01,4.720759090342894750e-05
2.097063111851697670e+01,8.612292525045812941e-04
2.099562591126848687e+01,2.270097433977499770e-03
2.102062070401999705e+01,1.461587747796293506e-03
2.104561549677151078e+01,9.094246745908456803e-05
2.107061028952301740e+01,1.977272281701618478e-05
2.109560508227452758e+01,7.606214575286695401e-06
2.112059987502603775e+01,3.813063717342076753e-06
2.114559466777754793e+01,2.268250181258463177e-06
2.117058946052905810e+01,1.569081180964478364e-06
2.119558425328056828e+01,1.241706727003303275e-06
2.122057904603207845e+01,1.160327270030828358e-06
2.124557383878358863e+01,1.244119652713946926e-06
2.127056863153509880e+01,1.499890735417920324e-06
2.129556342428660898e+01,1.972893155892603362e-06
2.132055821703811915e+01,2.804361201761533404e-06
2.134555300978962933e+01,4.310592442312272433e-06
2.137054780254113950e+01,7.282499687426617010e-06
2.139554259529264968e+01,1.403658325517261635e-05
2.142053738804415985e+01,3.321000392359743821e-05
2.144553218079567003e+01,1.174787866987573421e-04
2.147052697354718021e+01,2.086652327007142323e-03
2.149552176629869038e+01,5.536683302448346458e-03
2.152051655905020056e+01,3.586425375989714913e-03
2.154551135180170718e+01,2.282131556183161986e-04
2.157050614455322091e+01,4.897610602515918582e-05
2.159550093730473108e+01,1.841738237348694861e-05
2.162049573005624126e+01,8.842712541188427265e-06
2.164549052280775143e+01,4.888902043827528110e-06
2.167048531555925805e+01,2.918514229796890226e-06
2.169548010831077178e+01,1.830444452090356155e-06
2.172047490106228196e+01,1.177128240934747736e-06
2.174546969381379213e+01,7.271483864960188590e-07
2.177046448656530231e+01,4.269985140712893714e-07
2.179545927931680893e+01,3.826535761098721412e-07
2.182045407206832266e+01,6.761296176571220662e-07
2.184544886481983283e+01,1.313072968979739463e-06
2.187044365757133946e+01,2.500021404506482848e-06
2.189543845032285319e+01,5.112709404966611979e-06
2.192043324307435981e+01,1.246202144626854030e-05
2.194542803582587354e+01,4.459873037320871269e-05
2.197042282857738016e+01,7.785737335333782049e-04
2.199541762132889033e+01,2.081100517562815312e-03
2.202041241408040406e+01,1.355590143387178917e-03
2.204540720683191068e+01,8.860349432220631521e-05
2.207040199958342441e+01,1.910239451890537919e-05
2.209539679233493104e+01,7.323958577743240572e-06
2.212039158508644121e+01,3.656737885708917201e-06
2.214538637783795494e+01,2.169842853167631082e-06
2.217038117058946156e+01,1.494026720148337021e-06
2.219537596334097174e+01,1.172522221358833044e-06
2.222037075609248191e+01,1.093357174966940477e-06
2.224536554884399209e+01,1.163963145958941274e-06
2.227036034159550582e+01,1.403853820685107566e-06
2.229535513434701244e+01,1.839353801561720209e-06
2.232034992709852261e+01,2.612361576012373167e-06
2.234534471985003279e+01,4.011608545096349816e-06
2.237033951260154296e+01,6.773352881157093154e-06
2.239533430535305314e+01,1.303080652876701946e-05
2.242032909810456331e+01,3.076104316178224603e-05
2.244532389085607349e+01,1.082541297438305040e-04
2.247031868360758367e+01,1.841893663087963056e-03
2.249531347635909384e+01,4.956186055274576160e-03
2.252030826911060402e+01,3.247951865720131656e-03
2.254530306186211419e+01,2.169038313323261194e-04
2.257029785461362437e+01,4.617444428035570483e-05
2.259529264736513454e+01,1.730576448952469520e-05
2.262028744011664472e+01,8.297838759789374652e-06
2.264528223286815489e+01,4.576552275450936766e-06
2.267027702561966507e+01,2.726339716860511487e-06
2.269527181837117524e+01,1.705596218916641127e-06
2.272026661112268542e+01,1.090998082103527377e-06
2.274526140387419559e+01,6.634700130625756628e-07
2.277025619662570577e+01,3.899695932466874899e-07
2.279525098937721594e+01,3.691691598732869812e-07
2.282024578212872612e+01,6.715028739865988740e-07
2.284524057488023630e+01,1.294799450920494411e-06
2.287023536763174647e+01,2.454611306661352215e-06
2.289523016038325665e+01,4.995492107597642016e-06
2.292022495313476682e+01,1.214102899590447081e-05
2.294521974588627344e+01,4.320262179751762662e-05
2.297021453863778717e+01,7.230945664626915043e-04
2.299520933138929735e+01,1.960159622125097478e-03
2.302020412414080397e+01,1.291729732247492383e-03
2.304519891689231770e+01,8.850762633712570349e-05
2.307019370964382432e+01,1.891909835482269219e-05
2.309518850239533805e+01,7.221384016707660080e-06
2.312018329514684822e+01,3.595257958167294379e-06
2.314517808789835485e+01,2.125075273759785351e-06
2.317017288064986857e+01,1.452140673223483169e-06
2.319516767340137520e+01,1.133193457615141682e-06
2.322016246615288892e+01,1.050686179306827842e-06
2.324515725890439910e+01,1.111518828507766156e-06
2.327015205165590572e+01,1.338353356015973944e-06
2.329514684440741945e+01,1.751359871140946589e-06
2.332014163715892607e+01,2.485411779045793156e-06
2.334513642991043625e+01,3.814110307561523817e-06
2.337013122266194998e+01,6.431189469220239748e-06
2.339512601541345660e+01,1.236116142567371524e-05
2.342012080816497033e+01,2.910645576965547801e-05
2.344511560091647695e+01,1.019256656169380292e-04
2.347011039366798713e+01,1.664545957409203697e-03
2.349510518641949730e+01,4.542573725908605198e-03
2.352009997917100748e+01,3.011626743345721668e-03
2.354509477192252120e+01,2.106655217883312821e-04
2.357008956467402783e+01,4.447831736202044223e-05
2.359508435742553800e+01,1.662161035997799887e-05
2.362007915017704818e+01,7.955665239871565267e-06
2.364507394292855835e+01,4.380430986625018816e-06
2.367006873568006853e+01,2.606084986514583403e-06
2.369506352843157870e+01,1.622960192089326590e-06
2.372005832118308888e+01,1.036230897014058927e-06
2.374505311393459905e+01,6.268710328006317801e-07
2.377004790668610923e+01,3.721510751121343400e-07
2.379504269943761940e+01,3.810613676307778468e-07
2.382003749218912958e+01,6.911350983847305034e-07
2.384503228494063976e+01,1.318006820064161356e-06
2.387002707769214993e+01,2.474797612145933849e-06
2.389502187044366011e+01,5.017207192915211314e-06
2.392001666319517028e+01,1.214488663008845095e-05
2.394501145594668046e+01,4.296486377392173686e-05
2.397000624869819063e+01,6.907381743040495866e-04
2.399500104144970081e+01,1.899115835258781458e-03
2.401999583420121098e+01,1.266094717711922172e-03
2.404499062695272116e+01,9.076906984225108026e-05
2.406998541970423133e+01,1.923276453223402461e-05
2.409498021245574151e+01,7.311508732306891176e-06
2.411997500520725168e+01,3.625786943235493204e-06
2.414496979795876186e+01,2.132148635264008115e-06
2.416996459071026848e+01,1.445544182078790305e-06
2.419495938346178221e+01,1.122653960417844876e-06
2.421995417621329239e+01,1.028057951299249528e-06
2.424494896896480256e+01,1.081140286829902907e-06
2.426994376171631274e+01,1.297415484482644571e-06
2.429493855446781936e+01,1.695050288826893853e-06
2.431993334721933309e+01,2.401140974282275800e-06
2.434492813997084326e+01,3.687764257551753787e-06
2.436992293272235344e+01,6.211505061983123391e-06
2.439491772547386361e+01,1.192348838437608989e-05
2.441991251822537023e+01,2.802016218260886430e-05
2.444490731097688396e+01,9.763292102573074241e-05
2.446990210372839059e+01,1.533219023386488003e-03
2.449489689647990076e+01,4.243999302794886422e-03
2.451989168923141449e+01,2.846423323572206190e-03
2.454488648198292111e+01,2.081897659366977826e-04
2.456988127473443484e+01,4.359120603721815344e-05
2.459487606748594146e+01,1.624590065656126141e-05
2.461987086023745164e+01,7.761907355097245165e-06
2.464486565298896537e+01,4.269462627557224446e-06
2.466986044574047199e+01,2.536996477514081076e-06
2.469485523849198572e+01,1.581958195890010687e-06
2.471985003124349234e+01,1.003055039032555751e-06
2.474484482399500251e+01,6.093645340254657621e-07
2.476983961674651624e+01,3.731975764405501224e-07
2.479483440949802286e+01,4.024833272412222116e-07
2.481982920224953304e+01,7.222064224022850079e-07
2.484482399500104322e+01,1.353973863771265669e-06
2.486981878775255339e+01,2.524312530907281179e-06
2.489481358050406357e+01,5.095274071749733229e-06
2.491980837325557374e+01,1.228802044334344270e-05
2.494480316600708392e+01,4.323696352424126612e-05
2.496979795875859409e+01,6.688165158421358536e-04
2.499479275151010427e+01,1.865211978233313446e-03
2.501978754426161444e+01,1.257953510885517290e-03
2.504478233701312462e+01,9.420393899273459297e-05
2.506977712976463479e+01,1.978532527318386692e-05
2.509477192251614497e+01,7.492648766588193369e-06
2.511976671526765514e+01,3.702763442374895184e-06
2.514476150801916532e+01,2.168140054576471005e-06
2.516975630077067549e+01,1.461290524712839449e-06
2.519475109352218212e+01,1.122187609683753027e-06
2.521974588627369940e+01,1.020475166493561788e-06
2.524474067902520602e+01,1.062724222141804107e-06
2.526973547177671620e+01,1.269542422548666884e-06
2.529473026452822282e+01,1.655067212364980470e-06
2.531972505727973655e+01,2.341624385668946386e-06
2.534471985003124672e+01,3.594401065628697709e-06
2.536971464278275334e+01,6.050185609050733781e-06
2.539470943553426707e+01,1.160135120668889341e-05
2.541970422828577725e+01,2.721028199646099142e-05
2.544469902103728387e+01,9.434226043960960181e-05
2.546969381378879760e+01,1.427100442889256459e-03
2.549468860654030777e+01,4.007118303803258209e-03
2.551968339929181440e+01,2.718748726859132776e-03
2.554467819204332457e+01,2.075771164770127356e-04
2.556967298479483830e+01,4.310378366576744156e-05
2.559466777754634847e+01,1.601808478205275158e-05
2.561966257029785510e+01,7.645371295574595230e-06
2.564465736304936883e+01,4.198650193415862034e-06
2.566965215580087900e+01,2.497907079944494885e-06
2.569464694855238562e+01,1.556549246099030608e-06
2.571964174130389580e+01,9.860147701307926517e-07
2.574463653405540953e+01,6.049345215231876806e-07
2.576963132680691615e+01,3.820374242895940245e-07
2.579462611955842632e+01,4.292151643453077593e-07
2.581962091230994005e+01,7.545020304823125162e-07
2.584461570506144668e+01,1.394601061482358891e-06
2.586961049781295685e+01,2.579978128719618159e-06
2.589460529056447058e+01,5.193371231669076031e-06
2.591960008331598075e+01,1.247444864512523436e-05
2.594459487606748738e+01,4.366032054897140514e-05
2.596958966881899755e+01,6.509325714493970332e-04
2.599458446157051128e+01,1.841550895752316246e-03
2.601957925432201790e+01,1.256405877358776711e-03
2.604457404707352808e+01,9.812881325057292901e-05
2.606956883982504181e+01,2.042834575798263403e-05
2.609456363257654843e+01,7.709265666249939729e-06
2.611955842532805860e+01,3.797752138204454804e-06
2.614455321807956523e+01,2.215116810635175999e-06
2.616954801083107895e+01,1.484710859328238877e-06
2.619454280358258913e+01,1.132423328216142771e-06
2.621953759633409931e+01,1.018590329533690942e-06
2.624453238908561303e+01,1.048112608046464168e-06
2.626952718183711966e+01,1.250883286910392173e-06
2.629452197458862983e+01,1.622612065689558904e-06
2.631951676734014356e+01,2.294171207320334566e-06
2.634451156009165018e+01,3.518430291869527533e-06
2.636950635284316036e+01,5.921330363642443664e-06
2.639450114559466698e+01,1.134108551261059863e-05
2.641949593834618071e+01,2.654889001160273712e-05
2.644449073109769088e+01,9.160113192482495221e-05
2.646948552384919751e+01,1.336799930906987623e-03
2.649448031660071123e+01,3.807969645304889409e-03
2.651947510935222141e+01,2.613551963323246241e-03
2.654446990210373158e+01,2.079844044808958048e-04
2.656946469485524531e+01,4.282784173803411398e-05
2.659445948760675194e+01,1.587395711994228769e-05
2.661945428035826211e+01,7.567260531301442542e-06
2.664444907310976873e+01,4.155077723667281557e-06
2.666944386586128246e+01,2.470803127976427960e-06
2.669443865861279264e+01,1.542115709266140233e-06
2.671943345136429926e+01,9.819439920861167732e-07
2.674442824411581299e+01,6.077309685170064851e-07
2.676942303686732316e+01,3.959072262615977071e-07
2.679441782961882978e+01,4.548529166850971517e-07
2.681941262237033996e+01,7.818289948060494803e-07
2.684440741512185369e+01,1.422471883450004365e-06
2.686940220787336386e+01,2.625198590733977815e-06
2.689439700062487049e+01,5.258427643514102337e-06
2.691939179337638421e+01,1.260277840991826650e-05
2.694438658612789439e+01,4.386714579985582970e-05
2.696938137887940101e+01,6.313448132046123101e-04
2.699437617163091474e+01,1.812114234989394565e-03
2.701937096438242492e+01,1.250629583496205626e-03
2.704436575713393154e+01,1.017250899763964161e-04
2.706936054988544171e+01,2.099229626992036533e-05
2.709435534263695544e+01,7.895711503144714274e-06
2.711935013538846206e+01,3.876931492905227910e-06
2.714434492813997224e+01,2.258258064333199010e-06
2.716933972089148597e+01,1.504008482050619303e-06
2.719433451364299614e+01,1.140078052887710755e-06
2.721932930639450277e+01,1.011926964260953680e-06
2.724432409914601294e+01,1.036186151441318330e-06
2.726931889189752667e+01,1.224374481003442077e-06
2.729431368464903329e+01,1.583598770852905378e-06
2.731930847740054347e+01,2.237830123318417993e-06
2.734430327015205719e+01,3.426835931241494132e-06
2.736929806290356382e+01,5.763720912375992020e-06
2.739429285565507399e+01,1.102512656275636920e-05
2.741928764840658772e+01,2.575929406015507994e-05
2.744428244115809434e+01,8.845843569214722221e-05
2.746927723390960452e+01,1.247167224823291041e-03
2.749427202666111114e+01,3.604500971292012596e-03
2.751926681941262842e+01,2.502491935852191231e-03
2.754426161216413504e+01,2.072745808264169593e-04
2.756925640491564522e+01,4.232422338707740085e-05
2.759425119766715895e+01,1.564389019943808880e-05
2.761924599041866557e+01,7.448656874255601072e-06
2.764424078317017575e+01,4.091255262766504500e-06
2.766923557592168237e+01,2.431036827291322550e-06
2.769423036867319610e+01,1.523073586722954456e-06
2.771922516142470627e+01,9.699625369782926395e-07
2.774421995417621289e+01,6.100014920609593684e-07
2.776921474692772662e+01,4.097662057550359516e-07
2.779420953967923680e+01,4.683728015475913957e-07
2.781920433243074342e+01,7.967352251686540166e-07
2.784419912518226070e+01,1.433057856562976531e-06
2.786919391793376732e+01,2.628174880265252631e-06
2.789418871068527750e+01,5.256364773377016260e-06
2.791918350343678412e+01,1.255905343005182191e-05
2.794417829618829785e+01,4.349597563347260031e-05
2.796917308893980803e+01,6.051718487996509506e-04
2.799416788169131465e+01,1.762431801717133937e-03
2.801916267444282838e+01,1.230383750032486897e-03
2.804415746719433855e+01,1.040845909779343698e-04
2.806915225994584517e+01,2.129310042457803408e-05
2.809414705269735535e+01,7.982431117290562919e-06
2.811914184544886908e+01,3.910593915495866151e-06
2.814413663820037570e+01,2.273265051698725810e-06
2.816913143095188587e+01,1.507485663333558555e-06
2.819412622370339960e+01,1.134774713583446445e-06
2.821912101645490978e+01,9.996106717524151197e-07
2.824411580920641640e+01,1.016022574460072756e-06
2.826911060195793013e+01,1.187306633454093169e-06
2.829410539470944030e+01,1.531738878749540815e-06
2.831910018746094693e+01,2.162515306881604475e-06
2.834409498021245710e+01,3.302755674185513655e-06
2.836908977296397083e+01,5.555607532813095318e-06
2.839408456571547745e+01,1.061361348291115578e-05
2.841907935846698763e+01,2.474327078272677715e-05
2.844407415121850136e+01,8.457379356507466021e-05
2.846906894397000798e+01,1.153484079447454885e-03
2.849406373672151815e+01,3.382756931505368717e-03
2.851905852947303188e+01,2.375626527698133494e-03
2.854405332222454206e+01,2.045302348478067239e-04
2.856904811497604868e+01,4.140908859954235807e-05
2.859404290772755886e+01,1.526365165646983312e-05
2.861903770047907258e+01,7.259476894191003337e-06
2.864403249323057921e+01,3.985622117935130389e-06
2.866902728598208938e+01,2.372154438510056163e-06
2.869402207873360311e+01,1.486683321695180320e-06
2.871901687148510973e+01,9.527002257601310428e-07
2.874401166423661991e+01,6.020889548052195671e-07
2.876900645698812653e+01,4.188744580122590711e-07
2.879400124973964026e+01,4.787812267509561740e-07
2.881899604249115043e+01,7.938470942045011478e-07
2.884399083524265706e+01,1.421947203235152138e-06
2.886898562799417434e+01,2.593690184992976525e-06
2.889398042074568096e+01,5.177116010346548500e-06
2.891897521349719113e+01,1.233729933632431509e-05
2.894397000624870486e+01,4.251168564497321114e-05
2.896896479900021149e+01,5.724935415595506583e-04
2.899395959175172166e+01,1.691876222081832885e-03
2.901895438450322828e+01,1.194737889266898802e-03
2.904394917725474201e+01,1.049855939584256139e-04
2.906894397000625219e+01,2.128833346340660028e-05
2.909393876275775881e+01,7.953004688084933671e-06
2.911893355550927254e+01,3.890494643423175549e-06
2.914392834826078271e+01,2.255642235294694252e-06
2.916892314101228934e+01,1.489579978761619734e-06
2.919391793376379951e+01,1.118383597006412951e-06
2.921891272651531324e+01,9.749984641253266994e-07
2.924390751926682341e+01,9.815537409492075264e-07
2.926890231201833004e+01,1.139835950613799931e-06
2.929389710476984376e+01,1.466304836981902417e-06
2.931889189752135394e+01,2.063085118280845002e-06
2.934388669027286056e+01,3.149759476836460561e-06
2.936888148302437429e+01,5.290009883520734388e-06
2.939387627577588447e+01,1.009878015475854467e-05
2.941887106852739109e+01,2.348815752798646690e-05
2.944386586127890126e+01,7.992520219778523967e-05
2.946886065403041499e+01,1.055767042686844718e-03
2.949385544678192161e+01,3.142046316505111517e-03
2.951885023953343179e+01,2.231976723737372215e-03
2.954384503228494552e+01,1.995042675077562683e-04
2.956883982503645569e+01,4.004078324635300520e-05
2.959383461778796232e+01,1.472055158153693815e-05
2.961882941053947249e+01,6.993128497634915933e-06
2.964382420329098622e+01,3.839807894848050347e-06
2.966881899604249284e+01,2.287043055411251319e-06
2.969381378879400302e+01,1.437001917190396948e-06
2.971880858154551674e+01,9.256720200246793888e-07
2.974380337429702337e+01,5.904347842440340732e-07
2.976879816704853354e+01,4.196164064499559525e-07
2.979379295980004727e+01,4.777295637634228345e-07
2.981878775255155389e+01,7.797326643088436016e-07
2.984378254530306407e+01,1.384320781688432723e-06
2.986877733805457424e+01,2.515054636212911943e-06
2.989377213080608797e+01,5.014318602839568822e-06
2.991876692355759459e+01,1.191003084275220694e-05
2.994376171630910477e+01,4.085197563208157865e-05
2.996875650906061850e+01,5.331108843746384593e-04
2.999375130181212512e+01,1.598916922138128799e-03
3.001874609456363530e+01,1.142075942420736710e-03
3.004374088731514192e+01,1.041246525488135358e-04
3.006873568006665565e+01,2.092449265847178930e-05
3.009373047281816582e+01,7.794641625858721572e-06
3.011872526556967244e+01,3.803297464806992200e-06
3.014372005832118617e+01,2.201692607688585268e-06
3.016871485107269635e+01,1.452374968417803974e-06
3.019370964382420652e+01,1.081824103888054584e-06
3.021870443657572025e+01,9.366367604942165148e-07
3.024369922932722687e+01,9.358131664277907178e-07
3.026869402207873705e+01,1.078254789155205147e-06
3.029368881483024367e+01,1.382907900034257181e-06
3.031868360758175740e+01,1.937064174570294481e-06
3.034367840033326758e+01,2.958816210360690436e-06
3.036867319308477420e+01,4.956372049718329923e-06
3.039366798583628793e+01,9.461067944900905627e-06
3.041866277858779810e+01,2.195618658199437632e-05
3.044365757133930472e+01,7.436492337029552979e-05
3.046865236409081845e+01,9.525576652026312941e-04
3.049364715684232863e+01,2.877180065731564304e-03
3.051864194959383880e+01,2.067300555844885090e-03
3.054363674234534543e+01,1.916252289146635741e-04
3.056863153509685915e+01,3.812332126569099855e-05
3.059362632784836933e+01,1.397914412485336123e-05
3.061862112059987595e+01,6.631583600562572150e-06
3.064361591335138968e+01,3.643642993348488134e-06
3.066861070610289985e+01,2.171337286257120042e-06
3.069360549885440648e+01,1.368117954234683171e-06
3.071860029160591665e+01,8.851196592599912123e-07
3.074359508435743038e+01,5.718742892007122842e-07
3.076858987710893700e+01,4.123389601965312689e-07
3.079358466986044718e+01,4.662470226056805238e-07
3.081857946261196091e+01,7.510629626537468062e-07
3.084357425536347108e+01,1.318519851488676885e-06
3.086856904811497770e+01,2.396200154254726477e-06
3.089356384086649143e+01,4.757600811541674674e-06
3.091855863361800161e+01,1.128732372189959842e-05
3.094355342636950823e+01,3.851808985320813217e-05
3.096854821912101841e+01,4.877025605790754150e-04
3.099354301187253213e+01,1.484636902651271986e-03
3.101853780462403876e+01,1.072616494593083480e-03
3.104353259737554893e+01,1.013518902914502208e-04
3.106852739012706266e+01,2.018646623200005176e-05
3.109352218287856928e+01,7.494608800128001020e-06
3.111851697563007946e+01,3.650892528907862257e-06
3.114351176838158608e+01,2.110542242368301021e-06
3.116850656113310336e+01,1.389978486643622985e-06
3.119350135388460998e+01,1.029244395715690356e-06
3.121849614663612016e+01,8.880386526238751659e-07
3.124349093938763389e+01,8.780211703337406484e-07
3.126848573213914051e+01,1.005288333179478300e-06
3.129348052489065068e+01,1.281378721236287592e-06
3.131847531764216441e+01,1.793808582268473748e-06
3.134347011039367104e+01,2.732810543040944867e-06
3.136846490314518121e+01,4.577764752161401774e-06
3.139345969589668783e+01,8.726033104359395010e-06
3.141845448864820156e+01,2.021372559590308186e-05
3.144344928139971174e+01,6.813544368626976917e-05
3.146844407415121836e+01,8.472685929645897354e-04
3.149343886690273564e+01,2.597627187338047341e-03
3.151843365965424226e+01,1.887832470939324958e-03
3.154342845240575244e+01,1.812745291928455360e-04
3.156842324515725906e+01,3.574712018669198068e-05
3.159341803790877279e+01,1.306813917524766374e-05
3.161841283066028296e+01,6.199636240511496163e-06
3.164340762341178959e+01,3.401713034930162487e-06
3.166840241616330331e+01,2.031224177868118626e-06
3.169339720891481349e+01,1.283753415640663313e-06
3.171839200166632011e+01,8.335106206020108031e-07
3.174338679441783384e+01,5.448243452584210333e-07
3.176838158716934402e+01,3.976192488950778817e-07
3.179337637992085064e+01,4.457393026933515532e-07
3.181837117267236081e+01,7.095107916388675224e-07
3.184336596542387454e+01,1.235839291493347143e-06
3.186836075817538472e+01,2.236553011324675156e-06
3.189335555092689134e+01,4.435732558426698238e-06
3.191835034367840507e+01,1.050200057651944207e-05
3.194334513642991524e+01,3.566952297067716018e-05
3.196833992918142187e+01,4.386217273024291523e-04
3.199333472193293559e+01,1.355392579696055016e-03
3.201832951468444577e+01,9.904549801700527484e-04
3.204332430743595239e+01,9.689785386915828554e-05
3.206831910018745901e+01,1.912139461249631381e-05
3.209331389293897274e+01,7.080807414253246795e-06
3.211830868569048647e+01,3.442375867482535275e-06
3.214330347844199309e+01,1.988124919389984074e-06
3.216829827119350682e+01,1.308171558830156008e-06
3.219329306394501344e+01,9.620362820354499865e-07
3.221828785669652717e+01,8.280696405695675528e-07
3.224328264944803379e+01,8.121282381947940407e-07
3.226827744219954752e+01,9.223560953438350565e-07
3.229327223495105414e+01,1.172053630151308356e-06
3.231826702770256077e+01,1.633019147802008881e-06
3.234326182045407450e+01,2.489035196956013897e-06
3.236825661320558822e+01,4.162121477835238239e-06
3.239325140595709485e+01,7.922658477499145094e-06
3.241824619870860857e+01,1.832418301501907660e-05
3.244324099146011520e+01,6.147812642662202971e-05
3.246823578421162182e+01,7.428748645549649752e-04
3.249323057696313555e+01,2.312069779544038192e-03
3.251822536971464928e+01,1.699528870017444652e-03
3.254322016246615590e+01,1.688878317237904234e-04
3.256821495521766252e+01,3.300507702941842724e-05
3.259320974796917625e+01,1.203395447796377297e-05
3.261820454072068998e+01,5.703206060312812068e-06
3.264319933347219660e+01,3.130365749772610386e-06
3.266819412622370322e+01,1.872516458601801719e-06
3.269318891897521695e+01,1.184020547042286118e-06
3.271818371172672357e+01,7.749852427728140463e-07
3.274317850447823730e+01,5.110677550669619700e-07
3.276817329722975103e+01,3.774481189621661494e-07
3.279316808998125765e+01,4.169781992076662708e-07
3.281816288273276427e+01,6.542044093978926955e-07
3.284315767548427800e+01,1.134663408910828661e-06
3.286815246823579173e+01,2.048017077801278056e-06
3.289314726098729835e+01,4.055469981148499085e-06
3.291814205373880498e+01,9.580762433681317113e-06
3.294313684649031870e+01,3.239291078031204698e-05
3.296813163924182533e+01,3.872508237097007158e-04
3.299312643199333905e+01,1.214863680117586435e-03
3.301812122474485278e+01,8.979099982659629600e-04
3.304311601749635940e+01,9.085907602320633094e-05
3.306811081024786603e+01,1.776959377206326822e-05
3.309310560299937265e+01,6.559576573702290569e-06
3.311810039575088638e+01,3.183074921435635442e-06
3.314309518850240011e+01,1.838354132883333498e-06
3.316808998125390673e+01,1.207022595903806768e-06
3.319308477400542046e+01,8.855555363268609118e-07
3.321807956675692708e+01,7.596793198523315107e-07
3.324307435950844081e+01,7.380369083872572334e-07
3.326806915225995454e+01,8.321006359990467941e-07
3.329306394501146116e+01,1.054911279438970797e-06
3.331805873776296778e+01,1.465195554323522047e-06
3.334305353051447440e+01,2.226381432852190916e-06
3.336804832326598813e+01,3.722978940902932062e-06
3.339304311601750186e+01,7.077924900776146176e-06
3.341803790876900848e+01,1.633222930610925570e-05
3.344303270152052221e+01,5.456129077269857063e-05
3.346802749427202883e+01,6.412277471894823428e-04
3.349302228702354256e+01,2.026185555031117646e-03
3.351801707977504918e+01,1.506395164402069648e-03
3.354301187252656291e+01,1.547733556787079254e-04
3.356800666527806953e+01,2.997165101078989090e-05
3.359300145802957616e+01,1.089930587241551551e-05
3.361799625078108988e+01,5.159770662752071037e-06
3.364299104353260361e+01,2.834875660496214735e-06
3.366798583628411023e+01,1.695031498430583679e-06
3.369298062903562396e+01,1.078854976759473987e-06
3.371797542178713059e+01,7.080332381867497092e-07
3.374297021453863721e+01,4.706547915484905843e-07
3.376796500729015094e+01,3.508947028381575217e-07
3.379295980004166466e+01,3.842934404056975409e-07
3.381795459279317129e+01,5.892414952717725041e-07
3.384294938554467791e+01,1.021280334451839235e-06
3.386794417829619164e+01,1.836244437836845720e-06
3.389293897104770537e+01,3.631359381612531040e-06
3.391793376379921199e+01,8.563997022437668780e-06
3.394292855655072572e+01,2.882314302362124457e-05
3.396792334930223234e+01,3.353257010362264436e-04
3.399291814205373896e+01,1.068099729535892288e-03
3.401791293480525269e+01,7.984434630940427397e-04
3.404290772755676642e+01,8.349783198313363560e-05
3.406790252030827304e+01,1.617547372510822693e-05
3.409289731305977966e+01,5.956554034207715117e-06
3.411789210581129339e+01,2.885621915007165832e-06
3.414288689856280712e+01,1.665113957166886951e-06
3.416788169131431374e+01,1.093145536425688449e-06
3.419287648406582036e+01,8.018190383912446444e-07
3.421787127681733409e+01,6.824507187805692203e-07
3.424286606956884071e+01,6.608536262663836193e-07
3.426786086232035444e+01,7.418542388243039397e-07
3.429285565507186817e+01,9.323214091701394870e-07
3.431785044782337479e+01,1.292951675803193362e-06
3.434284524057488142e+01,1.963325317035832615e-06
3.436784003332639514e+01,3.278331940989787907e-06
3.439283482607790177e+01,6.226048311904686877e-06
3.441782961882941549e+01,1.433921309348637291e-05
3.444282441158092212e+01,4.768850637505533919e-05
3.446781920433243585e+01,5.456082644434573099e-04
3.449281399708394247e+01,1.750582321520333454e-03
3.451780878983545620e+01,1.316331579964931126e-03
3.454280358258696992e+01,1.397084571769334341e-04
3.456779837533847655e+01,2.680958276991898543e-05
3.459279316808998317e+01,9.717836185555266330e-06
3.461778796084148979e+01,4.601148015024697029e-06
3.464278275359300352e+01,2.527923255535322436e-06
3.466777754634451725e+01,1.513056369668640590e-06
3.469277233909602387e+01,9.682475708206210613e-07
3.471776713184753760e+01,6.366902172091094179e-07
3.474276192459904422e+01,4.300148353572821366e-07
3.476775671735055084e+01,3.215603333953451826e-07
3.479275151010207168e+01,3.437935057480256936e-07
3.481774630285357830e+01,5.237666687374918615e-07
3.484274109560508492e+01,8.973779828991952921e-07
3.486773588835659154e+01,1.613118326108394009e-06
3.489273068110810527e+01,3.187034827381061870e-06
3.491772547385961900e+01,7.499890879681294459e-06
3.494272026661112562e+01,2.513494817078421755e-05
3.496771505936263935e+01,2.848012175421958995e-04
3.499270985211414597e+01,9.211988848704917923e-04
3.501770464486565260e+01,6.964711775168310349e-04
3.504269943761716632e+01,7.520605354533096813e-05
3.506769423036868005e+01,1.443127150150123775e-05
3.509268902312018668e+01,5.300970742629890656e-06
3.511768381587169330e+01,2.564604127883116356e-06
3.514267860862320703e+01,1.479976657570181438e-06
3.516767340137472075e+01,9.705536163612531529e-07
3.519266819412622738e+01,7.125194889381477777e-07
3.521766298687774110e+01,6.044328259304161913e-07
3.524265777962924773e+01,5.818207373578475226e-07
3.526765257238075435e+01,6.481181047498679058e-07
3.529264736513226808e+01,8.128565713325372898e-07
3.531764215788378181e+01,1.126618560369525671e-06
3.534263695063528843e+01,1.702395769243386873e-06
3.536763174338679505e+01,2.844023792552844551e-06
3.539262653613830878e+01,5.393874693878696450e-06
3.541762132888981540e+01,1.240121005222794630e-05
3.544261612164132913e+01,4.106226298807771343e-05
3.546761091439283575e+01,4.577406124050084233e-04
3.549260570714434948e+01,1.491455979975142955e-03
3.551760049989585610e+01,1.134249877520740468e-03
3.554259529264736983e+01,1.242566241286275209e-04
3.556759008539888356e+01,2.362188618291258737e-05
3.559258487815039018e+01,8.541495502423410881e-06
3.561757967090189680e+01,4.038979188861111580e-06
3.564257446365341053e+01,2.223207087348917575e-06
3.566756925640491716e+01,1.334834489412451233e-06
3.569256404915643088e+01,8.506835689373089418e-07
3.571755884190793751e+01,5.690222421285018621e-07
3.574255363465945123e+01,3.868978919185572328e-07
3.576754842741095786e+01,2.870907166614303088e-07
3.579254322016246448e+01,3.053932686999774990e-07
3.581753801291398531e+01,4.500293684787507484e-07
3.584253280566549194e+01,7.725137965164478258e-07
3.586752759841699856e+01,1.384010642029042499e-06
3.589252239116851229e+01,2.731174275251706601e-06
3.591751718392001891e+01,6.424586520764359661e-06
3.594251197667153264e+01,2.143434118555384744e-05
3.596750676942303926e+01,2.367435520378316591e-04
3.599250156217455299e+01,7.777141669346865479e-04
3.601749635492605961e+01,5.946746090651588816e-04
3.604249114767756623e+01,6.625051931420358937e-05
3.606748594042907996e+01,1.259812039273116137e-05
3.609248073318059369e+01,4.614237200315670609e-06
3.611747552593210031e+01,2.228591473896123188e-06
3.614247031868360693e+01,1.288175961307099575e-06
3.616746511143512066e+01,8.455181236405282047e-07
3.619245990418663439e+01,6.221779871018316048e-07
3.621745469693814101e+01,5.235512608510621417e-07
3.624244948968965474e+01,5.045889619326842673e-07
3.626744428244116136e+01,5.600432373950302994e-07
3.629243907519266799e+01,6.988515371982493894e-07
3.631743386794418171e+01,9.629012786319076521e-07
3.634242866069569544e+01,1.459243105966430840e-06
3.636742345344720206e+01,2.428141001056163010e-06
3.639241824619870869e+01,4.607084491984520024e-06
3.641741303895022241e+01,1.057037308046001789e-05
3.644240783170172904e+01,3.484706792282526246e-05
3.646740262445324277e+01,3.788021126470119673e-04
3.649239741720475649e+01,1.253568361685548091e-03
3.651739220995626312e+01,9.641700004756096568e-04
3.654238700270776974e+01,1.089372761687311847e-04
3.656738179545928347e+01,2.051503121483225564e-05
3.659237658821079719e+01,7.401461571875021277e-06
3.661737138096230382e+01,3.495571066617221377e-06
3.664236617371381044e+01,1.923413654946056455e-06
3.666736096646532417e+01,1.160433171834039975e-06
3.669235575921683079e+01,7.429007983239293787e-07
3.671735055196834452e+01,4.988380421319111176e-07
3.674234534471985825e+01,3.417214543996804361e-07
3.676734013747136487e+01,2.556479330772767306e-07
3.679233493022287149e+01,2.607146503401341167e-07
3.681732972297438522e+01,3.788451038199664379e-07
3.684232451572589895e+01,6.456888511575828775e-07
3.686731930847740557e+01,1.158529989951814150e-06
3.689231410122891219e+01,2.285549866839257415e-06
3.691730889398042592e+01,5.372149873035569198e-06
3.694230368673193254e+01,1.785211515266987817e-05
3.696729847948344627e+01,1.923914365171659551e-04
3.699229327223495289e+01,6.419679593038844995e-04
3.701728806498646662e+01,4.964451503790776607e-04
3.704228285773797325e+01,5.702199069204137781e-05
3.706727765048947987e+01,1.074245884106121522e-05
3.709227244324099360e+01,3.924663025638352730e-06
3.711726723599250732e+01,1.896135344245348210e-06
3.714226202874401395e+01,1.097584421474458949e-06
3.716725682149552767e+01,7.223357011862115819e-07
3.719225161424703430e+01,5.310613609398977242e-07
3.721724640699854803e+01,4.480950361333592907e-07
3.724224119975005465e+01,4.337832477220022914e-07
3.726723599250156838e+01,4.769993610098700063e-07
3.729223078525307500e+01,5.910370893868932098e-07
3.731722557800458162e+01,8.167016577235386435e-07
3.734222037075609535e+01,1.231949415329201697e-06
3.736721516350760908e+01,2.055003606752966097e-06
3.739220995625911570e+01,3.885897221764965102e-06
3.741720474901062232e+01,8.908811971451457187e-06
3.744219954176213605e+01,2.923461613491453373e-05
3.746719433451364978e+01,3.101300400085129825e-04
3.749218912726515640e+01,1.042510141323021175e-03
3.751718392001667013e+01,8.109325932109041121e-04
3.754217871276817675e+01,9.442621432053761529e-05
3.756717350551968337e+01,1.761332626015961442e-05
3.759216829827119710e+01,6.338497508920576821e-06
3.761716309102271083e+01,2.990458001334234549e-06
3.764215788377421745e+01,1.649002881833342332e-06
3.766715267652572408e+01,9.941327784930697777e-07
3.769214746927723780e+01,6.435043829542161513e-07
3.771714226202874443e+01,4.312715474120488353e-07
3.774213705478025815e+01,2.988543061502846706e-07
3.776713184753177188e+01,2.220538768916189463e-07
3.779212664028327850e+01,2.187875517438892416e-07
3.781712143303478513e+01,3.081370267098596308e-07
3.784211622578629886e+01,5.267629599417112992e-07
3.786711101853781258e+01,9.410528903393625599e-07
3.789210581128931921e+01,1.866144352280597416e-06
3.791710060404082583e+01,4.380994902071820345e-06
3.794209539679233956e+01,1.451203764275382046e-05
3.796709018954384618e+01,1.527263500457728593e-04
3.799208498229535991e+01,5.177159319196540481e-04
3.801707977504687364e+01,4.048869781894239104e-04
3.804207456779838026e+01,4.791598931832563037e-05
3.806706936054988688e+01,8.942370877320001690e-06
3.809206415330139350e+01,3.260601881206298800e-06
3.811705894605291434e+01,1.577493924415478891e-06
3.814205373880442096e+01,9.150414875422475841e-07
3.816704853155592758e+01,6.057331011845661342e-07
3.819204332430744131e+01,4.456127231379075607e-07
3.821703811705894793e+01,3.803379645288913982e-07
3.824203290981046166e+01,3.640577264025596099e-07
3.826702770256197539e+01,4.014991734010313551e-07
3.829202249531348201e+01,5.009478998060489911e-07
3.831701728806498863e+01,6.836340485425056051e-07
3.834201208081649526e+01,1.034029953835994510e-06
3.836700687356800898e+01,1.720526284233562276e-06
3.839200166631952271e+01,3.253098153003268492e-06
3.841699645907102934e+01,7.439191580970323905e-06
3.844199125182254306e+01,2.431467748822592484e-05
3.846698604457404969e+01,2.518573576612788195e-04
3.849198083732556341e+01,8.601087034566467192e-04
3.851697563007707004e+01,6.766290930901882163e-04
3.854197042282858376e+01,8.114147836041635654e-05
3.856696521558009039e+01,1.498632691814782801e-05
3.859196000833159701e+01,5.379442259044136123e-06
3.861695480108311074e+01,2.536584499115532099e-06
3.864194959383462447e+01,1.402426659590420871e-06
3.866694438658613109e+01,8.433174889533785197e-07
3.869193917933764482e+01,5.491749373704528263e-07
3.871693397208915144e+01,3.714999731805684912e-07
3.874192876484065806e+01,2.553771179570937336e-07
3.876692355759217179e+01,1.904968420619790660e-07
3.879191835034368552e+01,1.767750762234221757e-07
3.881691314309519214e+01,2.436266811602565120e-07
3.884190793584669876e+01,4.117306115148724589e-07
3.886690272859821249e+01,7.458640235750838793e-07
3.889189752134972622e+01,1.480534620580054158e-06
3.891689231410123284e+01,3.477972027686836414e-06
3.894188710685273946e+01,1.149925399029851762e-05
3.896688189960425319e+01,1.182504986898787267e-04
3.899187669235575981e+01,4.073066041363489860e-04
3.901687148510727354e+01,3.221346698309021867e-04
3.904186627785878727e+01,3.925439481347752532e-05
3.906686107061029389e+01,7.260076352932095317e-06
3.909185586336180052e+01,2.645053539583108080e-06
3.911685065611331424e+01,1.281672488288202842e-06
3.914184544886482797e+01,7.450310502333018238e-07
3.916684024161633459e+01,4.992393265180581148e-07
3.919183503436784122e+01,3.689094463942405150e-07
3.921682982711935495e+01,3.178169917249906536e-07
3.924182461987086157e+01,3.049467649103170040e-07
3.926681941262237530e+01,3.384661858471325969e-07
3.929181420537388902e+01,4.179591080382132151e-07
3.931680899812539565e+01,5.769917035137974975e-07
3.934180379087690227e+01,8.631954028996094440e-07
3.936679858362841600e+01,1.435986387119184688e-06
3.939179337637992262e+01,2.717174143733805307e-06
3.941678816913143635e+01,6.195127877304241948e-06
3.944178296188294297e+01,2.016363237452318204e-05
3.946677775463445670e+01,2.040855439855658300e-04
3.949177254738596332e+01,7.081527896300161915e-04
3.951676734013747705e+01,5.633953083380491668e-04
3.954176213288899078e+01,6.953459004540019615e-05
3.956675692564049740e+01,1.271484391953429015e-05
3.959175171839200402e+01,4.551370823432479662e-06
3.961674651114351065e+01,2.144196605373276001e-06
3.964174130389502437e+01,1.185289667153904620e-06
3.966673609664653810e+01,7.131437187936402049e-07
3.969173088939804472e+01,4.682028921626227877e-07
3.971672568214955845e+01,3.149328307028333408e-07
3.974172047490106507e+01,2.183630366751688566e-07
3.976671526765257170e+01,1.576521081834883625e-07
3.979171006040409253e+01,1.381826922155771461e-07
3.981670485315559915e+01,1.818079636641757730e-07
3.984169964590710578e+01,3.149958241291999940e-07
3.986669443865861240e+01,5.713212482224590529e-07
3.989168923141012613e+01,1.144149059211932897e-06
3.991668402416163985e+01,2.704366628518321443e-06
3.994167881691314648e+01,8.913537266626100236e-06
3.996667360966466020e+01,8.972595496409908932e-05
3.999166840241616683e+01,3.140794097400821270e-04
4.001666319516767345e+01,2.511926653981391114e-04
4.004165798791918718e+01,3.150246399314877082e-05
4.006665278067070091e+01,5.774768748556183742e-06
4.009164757342220753e+01,2.103567488860372316e-06
4.011664236617371415e+01,1.023936836765903344e-06
4.014163715892522788e+01,6.001985696751641239e-07
4.016663195167674161e+01,4.060881672822614213e-07
4.019162674442824823e+01,3.024838622793568919e-07
4.021662153717976196e+01,2.643797370200994975e-07
4.024161632993126858e+01,2.588065894349202244e-07
4.026661112268277520e+01,2.854580643753733259e-07
4.029160591543428893e+01,3.511683195588407113e-07
4.031660070818580266e+01,4.869120953771878874e-07
4.034159550093730928e+01,7.294316025012242576e-07
4.036659029368881590e+01,1.208955964351197560e-06
4.039158508644032963e+01,2.283430477681339263e-06
4.041657987919183626e+01,5.196744205676270992e-06
4.044157467194334998e+01,1.683441751195995664e-05
4.046656946469485661e+01,1.665952968758899601e-04
4.049156425744637033e+01,5.874200906597283785e-04
4.051655905019787696e+01,4.726284597573116508e-04
4.054155384294939068e+01,5.999344179417963574e-05
4.056654863570090441e+01,1.086252671615937487e-05
4.059154342845241104e+01,3.870163795780115521e-06
4.061653822120391766e+01,1.824457859697308210e-06
4.064153301395543139e+01,1.005047608981787017e-06
4.066652780670693801e+01,6.071802719598113526e-07
4.069152259945845174e+01,3.960619970215139541e-07
4.071651739220995836e+01,2.692672812460442895e-07
4.074151218496147209e+01,1.843403113156084845e-07
4.076650697771297871e+01,1.273979406696354831e-07
4.079150177046449244e+01,1.017616908928208306e-07
4.081649656321600617e+01,1.304125604856481236e-07
4.084149135596751279e+01,2.300810985684047337e-07
4.086648614871901941e+01,4.303015138982676055e-07
4.089148094147052603e+01,8.777222487596891358e-07
4.091647573422203976e+01,2.084216095759596628e-06
4.094147052697355349e+01,6.871831333296987595e-06
4.096646531972506011e+01,6.776563882960001759e-05
4.099146011247657384e+01,2.411280421855950095e-04
4.101645490522808046e+01,1.950051333300759505e-04
4.104144969797958709e+01,2.515729665177222842e-05
4.106644449073110081e+01,4.574768997406956023e-06
4.109143928348261454e+01,1.667256066818090452e-06
4.111643407623412116e+01,8.163385229104509409e-07
4.114142886898562779e+01,4.854123805891851675e-07
4.116642366173714152e+01,3.306289970709017444e-07
4.119141845448865524e+01,2.533394058536653505e-07
4.121641324724016187e+01,2.225204829254039674e-07
4.124140803999167559e+01,2.191598294686594388e-07
4.126640283274318222e+01,2.454767121339656549e-07
4.129139762549468884e+01,3.045810470454161377e-07
4.131639241824620257e+01,4.196734232697947914e-07
4.134138721099771629e+01,6.258200115559751303e-07
4.136638200374922292e+01,1.038791520296836193e-06
4.139137679650072954e+01,1.954045733088255364e-06
4.141637158925224327e+01,4.436734390332642373e-06
4.144136638200375700e+01,1.430113601478568971e-05
4.146636117475526362e+01,1.384422576825197044e-04
4.149135596750677735e+01,4.961124500756617945e-04
4.151635076025828397e+01,4.036754713682911742e-04
4.154134555300979059e+01,5.266272857521122778e-05
4.156634034576130432e+01,9.436060233006000609e-06
4.159133513851281805e+01,3.349828343759829315e-06
4.161632993126432467e+01,1.572761800517949134e-06
4.164132472401583129e+01,8.676488958727103066e-07
4.166631951676734502e+01,5.199415960466758581e-07
4.169131430951885164e+01,3.396211800578317687e-07
4.171630910227036537e+01,2.282085081511376415e-07
4.174130389502187910e+01,1.531605511252705778e-07
4.176629868777338572e+01,1.009777547112597865e-07
4.179129348052489235e+01,7.298567912733825091e-08
4.181628827327640607e+01,8.414745961400509417e-08
4.184128306602791980e+01,1.700804639931003217e-07
4.186627785877942642e+01,3.317796556112420460e-07
4.189127265153093305e+01,6.938386787240030461e-07
4.191626744428244677e+01,1.662768838272924629e-06
4.194126223703395340e+01,5.484866401610668595e-06
4.196625702978546713e+01,5.303394509784811137e-05
4.199125182253697375e+01,1.918695572107520151e-04
4.201624661528848748e+01,1.569013369442378452e-04
4.204124140803999410e+01,2.081155780932015186e-05
4.206623620079150072e+01,3.754690290049326494e-06
4.209123099354302155e+01,1.369737274832651486e-06
4.211622578629452818e+01,6.739293827556650733e-07
4.214122057904603480e+01,4.069315202295125898e-07
4.216621537179754853e+01,2.799556794835314802e-07
4.219121016454905515e+01,2.174210760008506159e-07
4.221620495730056888e+01,1.944174183052290313e-07
4.224119975005207550e+01,1.938981560836916896e-07
4.226619454280358923e+01,2.182446911824086219e-07
4.229118933555509585e+01,2.715126236368371286e-07
4.231618412830660247e+01,3.737907254897592115e-07
4.234117892105811620e+01,5.575206288985429601e-07
4.236617371380962993e+01,9.175909699268054192e-07
4.239116850656113655e+01,1.724893866108856417e-06
4.241616329931264318e+01,3.900723865199741641e-06
4.244115809206415690e+01,1.251697314360914402e-05
4.246615288481567063e+01,1.185348027528936591e-04
4.249114767756717725e+01,4.317611233145531914e-04
4.251614247031869098e+01,3.552874994631512596e-04
4.254113726307019760e+01,4.761165324437320823e-05
4.256613205582170423e+01,8.431980792131709074e-06
4.259112684857321796e+01,2.983448437105595301e-06
4.261612164132473168e+01,1.395047985585110969e-06
4.264111643407623831e+01,7.642436576354039862e-07
4.266611122682774493e+01,4.566633226696605897e-07
4.269110601957925866e+01,2.966266989323536392e-07
4.271610081233076528e+01,1.926461833234466699e-07
4.274109560508227901e+01,1.281596590391478623e-07
4.276609039783379274e+01,7.490549529863549820e-08
4.279108519058529936e+01,4.540737147799867176e-08
4.281607998333680598e+01,6.149381827733790606e-08
4.284107477608831971e+01,1.390616356942043055e-07
4.286606956883983344e+01,2.893819820232179715e-07
4.289106436159134006e+01,6.081546498065354343e-07
4.291605915434284668e+01,1.466933417547491049e-06
4.294105394709436041e+01,4.833294820273189524e-06
4.296604873984586703e+01,4.578556589048838878e-05
4.299104353259738076e+01,1.684203789404008038e-04
4.301603832534889449e+01,1.392700241754745967e-04
4.304103311810040111e+01,1.897488987257037071e-05
4.306602791085190773e+01,3.388311336115435622e-06
4.309102270360341436e+01,1.235816522442707164e-06
4.311601749635493519e+01,6.096563044011299826e-07
4.314101228910644181e+01,3.654966906108474392e-07
4.316600708185794844e+01,2.553620423150924190e-07
4.319100187460946216e+01,1.980069841289153200e-07
4.321599666736096879e+01,1.788351403539963549e-07
4.324099146011248251e+01,1.771531925197560724e-07
4.326598625286399624e+01,2.033444403688453199e-07
4.329098104561550286e+01,2.521335941741272457e-07
4.331597583836700949e+01,3.453072565619083811e-07
4.334097063111851611e+01,5.129482109331764784e-07
4.336596542387002984e+01,8.425677153939853877e-07
4.339096021662154357e+01,1.577325931380943817e-06
4.341595500937305019e+01,3.554324671046022506e-06
4.344094980212456392e+01,1.133655085277484544e-05
4.346594459487607054e+01,1.051201860399424539e-04
4.349093938762758427e+01,3.892406302045173217e-04
4.351593418037909089e+01,3.239207435093614481e-04
4.354092897313060462e+01,4.456185941834501786e-05
4.356592376588211124e+01,7.800949484819493012e-06
4.359091855863361786e+01,2.747452195659310405e-06
4.361591335138513159e+01,1.278299870492836019e-06
4.364090814413664532e+01,6.957169517644034436e-07
4.366590293688815194e+01,4.113799126337870759e-07
4.369089772963966567e+01,2.622405161412660010e-07
4.371589252239117229e+01,1.682012532282093667e-07
4.374088731514267891e+01,1.073022773602794580e-07
4.376588210789419264e+01,5.384836824265787798e-08
4.379087690064570637e+01,2.437788260662207441e-08
4.381587169339721299e+01,5.648655824081175764e-08
4.384086648614871962e+01,1.437250905159222431e-07
4.386586127890023334e+01,2.930539668552507887e-07
4.389085607165174707e+01,6.117548474192253139e-07
4.391585086440325369e+01,1.460626415937816498e-06
4.394084565715476032e+01,4.786547413993780322e-06
4.396584044990627405e+01,4.438389163601056092e-05
4.399083524265778067e+01,1.659729384790605933e-04
4.401583003540929440e+01,1.387997724855008291e-04
4.404082482816080812e+01,1.940423720209956504e-05
4.406581962091231475e+01,3.421539935227365984e-06
4.409081441366382137e+01,1.240086560413348847e-06
4.411580920641533510e+01,6.094620369754025703e-07
4.414080399916684883e+01,3.597816062805936518e-07
4.416579879191835545e+01,2.487491262892416411e-07
4.419079358466986207e+01,1.939340033084012342e-07
4.421578837742137580e+01,1.715870567450274473e-07
4.424078317017288242e+01,1.721383056437116323e-07
4.426577796292439615e+01,1.950231418470527936e-07
4.429077275567590988e+01,2.413344546134961845e-07
4.431576754842741650e+01,3.302000628515677420e-07
4.434076234117892312e+01,4.868422497800694765e-07
4.436575713393042975e+01,7.978694120356457088e-07
4.439075192668194347e+01,1.489441480594543646e-06
4.441574671943345720e+01,3.337491428944299066e-06
4.444074151218496382e+01,1.059528361044595402e-05
4.446573630493647755e+01,9.622607483603222444e-05
4.449073109768798417e+01,3.622621034605088457e-04
4.451572589043949790e+01,3.048743990376526474e-04
4.454072068319101163e+01,4.303289271525956143e-05
4.456571547594251825e+01,7.447437502887659116e-06
4.459071026869402488e+01,2.607713467518447981e-06
4.461570506144553150e+01,1.208396604373505647e-06
4.464069985419704523e+01,6.527222269394187902e-07
4.466569464694855895e+01,3.820906957784785296e-07
4.469068943970006558e+01,2.392382065752655701e-07
4.471568423245157931e+01,1.497225517530125639e-07
4.474067902520308593e+01,8.887988470495734678e-08
4.476567381795459966e+01,4.004661113657962867e-08
4.479066861070610628e+01,2.251125551048797114e-08
4.481566340345762001e+01,7.293830209936984031e-08
4.484065819620912663e+01,1.631641307804525705e-07
4.486565298896063325e+01,3.227260284523825853e-07
4.489064778171214698e+01,6.604087097829574436e-07
4.491564257446366071e+01,1.562740820626220285e-06
4.494063736721516733e+01,5.072653376171375102e-06
4.496563215996668106e+01,4.603569091572710551e-05
4.499062695271818768e+01,1.750170884363973060e-04
4.501562174546969430e+01,1.480267631888515479e-04
4.504061653822120803e+01,2.122018897099793117e-05
4.506561133097272176e+01,3.692895726844780046e-06
4.509060612372422838e+01,1.327209462974510974e-06
4.511560091647573500e+01,6.433028959486547354e-07
4.514059570922724873e+01,3.816365419064566171e-07
4.516559050197876246e+01,2.529577244762096115e-07
4.519058529473026908e+01,1.972929054011086849e-07
4.521558008748178281e+01,1.741072340654252355e-07
4.524057488023328943e+01,1.693055992775163116e-07
4.526556967298479606e+01,1.919642361292825263e-07
4.529056446573630978e+01,2.364549291913324237e-07
4.531555925848782351e+01,3.215779162367156481e-07
4.534055405123933014e+01,4.743000783807180400e-07
4.536554884399083676e+01,7.723288176290753074e-07
4.539054363674235049e+01,1.434606302653863258e-06
4.541553842949386421e+01,3.207304014514570963e-06
4.544053322224537084e+01,1.012670733960821921e-05
4.546552801499687746e+01,9.013391331450040257e-05
4.549052280774839119e+01,3.450587328033049911e-04
4.551551760049989781e+01,2.936711734961894890e-04
4.554051239325141154e+01,4.251103817114120859e-05
4.556550718600292527e+01,7.271325107596551614e-06
4.559050197875443189e+01,2.534570497101090279e-06
4.561549677150593851e+01,1.167225106425163356e-06
4.564049156425745224e+01,6.287304723465786817e-07
4.566548635700895886e+01,3.628642702851491809e-07
4.569048114976047259e+01,2.247485684835322430e-07
4.571547594251197921e+01,1.371330693961745942e-07
4.574047073526349294e+01,7.626061836764796821e-08
4.576546552801499956e+01,2.912436210712417695e-08
4.579046032076651329e+01,3.399354690815125218e-08
4.581545511351802702e+01,8.959699191409159142e-08
4.584044990626953364e+01,1.902044471417653440e-07
4.586544469902104026e+01,3.574529353263839966e-07
4.589043949177254689e+01,7.216093954423596646e-07
4.591543428452406062e+01,1.690367996591190138e-06
4.594042907727557434e+01,5.445080355329090685e-06
4.596542387002708097e+01,4.838959880395489411e-05
4.599041866277859469e+01,1.870727481749696376e-04
4.601541345553010132e+01,1.600182831704610091e-04
4.604040824828160794e+01,2.351219415597359411e-05
4.606540304103312877e+01,4.041746309912483126e-06
4.609039783378463540e+01,1.438253717327128559e-06
4.611539262653614202e+01,6.966072208908860294e-07
4.614038741928764864e+01,4.032742316484037536e-07
4.616538221203916237e+01,2.682876761438234045e-07
4.619037700479067610e+01,2.046009539382014940e-07
4.621537179754218272e+01,1.754350545759916616e-07
4.624036659029369645e+01,1.711222203481720386e-07
4.626536138304520307e+01,1.923074739595517432e-07
4.629035617579670969e+01,2.345034780145803279e-07
4.631535096854822342e+01,3.162931152651039539e-07
4.634034576129973715e+01,4.659319535617867484e-07
4.636534055405124377e+01,7.539496284569694297e-07
4.639033534680275039e+01,1.399423852059099200e-06
4.641533013955426412e+01,3.115811631961915430e-06
4.644032493230577785e+01,9.786728062814818781e-06
4.646531972505728447e+01,8.541617797040219244e-05
4.649031451780879820e+01,3.325898984624887033e-04
4.651530931056030482e+01,2.862496226725275562e-04
4.654030410331181145e+01,4.247709203188268441e-05
4.656529889606332517e+01,7.181777692129803958e-06
4.659029368881483890e+01,2.491995913201470093e-06
4.661528848156634552e+01,1.143785203198522887e-06
4.664028327431785215e+01,6.113540592545447150e-07
4.666527806706936587e+01,3.525462503119773415e-07
4.669027285982087250e+01,2.140238980236079317e-07
4.671526765257238623e+01,1.292771716677614267e-07
4.674026244532389995e+01,6.662776934821330101e-08
4.676525723807540658e+01,2.806987696726523357e-08
4.679025203082691320e+01,4.625280010850462913e-08
4.681524682357842693e+01,1.074827383159814451e-07
4.684024161632994065e+01,2.095315062488075186e-07
4.686523640908144728e+01,3.907154043727652221e-07
4.689023120183295390e+01,7.742672978996495745e-07
4.691522599458446763e+01,1.803112351834630435e-06
4.694022078733597425e+01,5.767035633855476163e-06
4.696521558008748798e+01,5.023598790516774839e-05
4.699021037283899460e+01,1.975255492102493717e-04
4.701520516559050833e+01,1.708657834659696700e-04
4.704019995834201495e+01,2.572403975538692296e-05
4.706519475109352157e+01,4.366855090378566128e-06
4.709018954384504241e+01,1.546428824396872503e-06
4.711518433659654903e+01,7.426648615744773444e-07
4.714017912934805565e+01,4.262765326666908406e-07
4.716517392209956938e+01,2.826694173352304202e-07
4.719016871485107600e+01,2.113303845978293066e-07
4.721516350760258973e+01,1.802117838837221062e-07
4.724015830035409635e+01,1.747622309440556222e-07
4.726515309310561008e+01,1.891264759957002508e-07
4.729014788585711671e+01,2.346111044584757623e-07
4.731514267860862333e+01,3.125569457944572647e-07
4.734013747136013706e+01,4.588221343992502374e-07
4.736513226411165078e+01,7.402949352471843063e-07
4.739012705686315741e+01,1.364833267399759018e-06
4.741512184961466403e+01,3.035377448014267549e-06
4.744011664236617776e+01,9.494944987217519925e-06
4.746511143511769149e+01,8.127377685893100428e-05
4.749010622786919811e+01,3.219238141838785209e-04
4.751510102062071184e+01,2.801846044827872840e-04
4.754009581337221846e+01,4.260220733362177084e-05
4.756509060612372508e+01,7.119927826427149549e-06
4.759008539887523881e+01,2.461862768083735697e-06
4.761508019162675254e+01,1.125130408175357222e-06
4.764007498437825916e+01,5.974743811562325002e-07
4.766506977712976578e+01,3.458343204246878353e-07
4.769006456988127951e+01,2.067725479929813754e-07
4.771505936263278613e+01,1.235269882718180619e-07
4.774005415538429986e+01,6.587327219360877351e-08
4.776504894813581359e+01,3.156557750025540910e-08
4.779004374088732021e+01,5.647911670710201542e-08
4.781503853363882683e+01,1.217824850710362434e-07
4.784003332639034056e+01,2.248565935522878145e-07
4.786502811914185429e+01,4.124374056473016412e-07
4.789002291189336091e+01,8.166649036665253621e-07
4.791501770464486754e+01,1.880755694439451769e-06
4.794001249739638126e+01,5.990651579299039783e-06
4.796500729014788789e+01,5.116641914485257870e-05
4.799000208289940161e+01,2.046684230590012691e-04
4.801499687565091534e+01,1.790385972969034140e-04
4.803999166840242196e+01,2.760897046499176448e-05
4.806498646115392859e+01,4.628995642721732348e-06
4.808998125390544232e+01,1.632444753037576984e-06
4.811497604665695604e+01,7.791813082853857814e-07
4.813997083940846267e+01,4.456511787282110680e-07
4.816496563215996929e+01,2.928258124493360602e-07
4.818996042491148302e+01,2.182261035565755173e-07
4.821495521766298964e+01,1.804092801790340926e-07
4.823995001041450337e+01,1.773059841344195307e-07
4.826494480316600999e+01,1.922108396355327624e-07
4.828993959591752372e+01,2.282504413898958639e-07
4.831493438866903034e+01,3.092283444666623187e-07
4.833992918142053696e+01,4.504948931677428784e-07
4.836492397417205069e+01,7.231541126632907495e-07
4.838991876692356442e+01,1.333337322819129009e-06
4.841491355967507104e+01,2.952138956953768351e-06
4.843990835242658477e+01,9.192400124827069537e-06
4.846490314517809139e+01,7.724730409570354809e-05
4.848989793792960512e+01,3.113142489560040676e-04
4.851489273068111174e+01,2.739930376318718930e-04
4.853988752343262547e+01,4.267230534491957668e-05
4.856488231618413209e+01,7.047062113964773851e-06
4.858987710893563872e+01,2.427597221373028900e-06
4.861487190168715244e+01,1.107411117424683437e-06
4.863986669443866617e+01,5.870564988508380501e-07
4.866486148719017280e+01,3.367298535841035652e-07
4.868985627994168652e+01,2.030961272817370996e-07
4.871485107269319315e+01,1.198072981238725113e-07
4.873984586544470687e+01,6.481734622699158349e-08
4.876484065819621350e+01,4.146245899599832026e-08
4.878983545094772722e+01,6.775403241038183417e-08
4.881483024369923385e+01,1.308935518941812295e-07
4.883982503645074047e+01,2.341020759936769770e-07
4.886481982920225420e+01,4.288261542283579459e-07
4.888981462195376793e+01,8.392960691833186678e-07
4.891480941470527455e+01,1.925999122246668547e-06
4.893980420745678117e+01,6.093944306954866808e-06
4.896479900020829490e+01,5.109301237903098736e-05
4.898979379295980152e+01,2.079638321908895509e-04
4.901478858571131525e+01,1.839696954270277041e-04
4.903978337846282898e+01,2.905054644378049847e-05
4.906477817121433560e+01,4.810195445204884155e-06
4.908977296396584222e+01,1.688696898198820442e-06
4.911476775671735595e+01,8.029647578380769859e-07
4.913976254946886968e+01,4.584365001079113393e-07
4.916475734222037630e+01,3.000491799313967701e-07
4.918975213497188292e+01,2.184941013401225264e-07
4.921474692772339665e+01,1.861967144486992970e-07
4.923974172047490327e+01,1.757359446462002855e-07
4.926473651322641700e+01,1.896704941817882745e-07
4.928973130597793073e+01,2.270122993578184219e-07
4.931472609872943735e+01,3.021135343865233204e-07
4.933972089148094398e+01,4.397452579133761184e-07
4.936471568423245060e+01,7.014059975504175898e-07
4.938971047698397143e+01,1.298172152975528806e-06
4.941470526973547805e+01,2.857460498816470118e-06
4.943970006248698468e+01,8.862071337662830311e-06
4.946469485523849841e+01,7.313319018301409145e-05
4.948968964799000503e+01,2.999401737815371796e-04
4.951468444074151876e+01,2.669442628939792343e-04
4.953967923349303248e+01,4.256940941788792343e-05
4.956467402624453911e+01,6.943911613370627956e-06
4.958966881899604573e+01,2.384563872844586957e-06
4.961466361174755235e+01,1.086019802887142819e-06
4.963965840449906608e+01,5.757037975968362059e-07
4.966465319725057981e+01,3.292737013622419133e-07
4.968964799000208643e+01,1.986767715724089204e-07
4.971464278275360016e+01,1.191707325256563745e-07
4.973963757550510678e+01,6.742028692576609838e-08
4.976463236825662051e+01,4.776015544467107380e-08
4.978962716100812713e+01,7.696233252535529566e-08
4.981462195375964086e+01,1.367580915629795736e-07
4.983961674651114748e+01,2.433016715165168149e-07
4.986461153926265411e+01,4.340701753985980560e-07
4.988960633201416783e+01,8.451657924623633888e-07
4.991460112476568156e+01,1.935698766818794059e-06
4.993959591751718818e+01,6.088140742970390569e-06
4.996459071026870191e+01,5.014334678886333635e-05
4.998958550302020853e+01,2.077092873213777762e-04
5.001458029577171516e+01,1.858069418467946771e-04
5.003957508852322889e+01,3.003150072162941655e-05
5.006456988127474261e+01,4.914285449166661941e-06
5.008956467402624924e+01,1.715660379878510277e-06
5.011455946677775586e+01,8.151773442228992858e-07
5.013955425952926959e+01,4.630802938077337872e-07
5.016454905228078331e+01,3.018243373349926846e-07
5.018954384503228994e+01,2.217247695163301264e-07
5.021453863778379656e+01,1.847027551940071999e-07
5.023953343053531029e+01,1.757064522476882597e-07
5.026452822328681691e+01,1.857530513959321927e-07
5.028952301603833064e+01,2.228871135936139663e-07
5.031451780878983726e+01,2.939638278455183784e-07
5.033951260154135099e+01,4.271116971816720295e-07
5.036450739429286472e+01,6.804123492140871411e-07
5.038950218704436423e+01,1.251704348017317709e-06
5.041449697979588507e+01,2.755704371548941314e-06
5.043949177254739880e+01,8.502272957843865837e-06
5.046448656529889831e+01,6.894197164477252368e-05
5.048948135805041204e+01,2.878013992882351435e-04
5.051447615080192577e+01,2.590124452840547793e-04
5.053947094355343239e+01,4.227336171197619417e-05
5.056446573630494612e+01,6.817325249274592350e-06
5.058946052905644564e+01,2.329647227602878670e-06
5.061445532180795936e+01,1.062030988608930846e-06
5.063945011455947309e+01,5.589686611990159978e-07
5.066444490731097972e+01,3.251175880076605934e-07
5.068943970006249344e+01,1.945873677788352560e-07
5.071443449281400717e+01,1.169371316006781615e-07
5.073942928556550669e+01,7.195723410489353159e-08
5.076442407831702042e+01,5.537397585769926130e-08
5.078941887106853414e+01,8.360309959751612509e-08
5.081441366382004077e+01,1.406801880516788898e-07
5.083940845657155450e+01,2.453338505648248397e-07
5.086440324932306822e+01,4.334750459627096559e-07
5.088939804207456774e+01,8.396442286930183271e-07
5.091439283482608147e+01,1.914287824754258188e-06
5.093938762757759520e+01,5.992703735088640221e-06
5.096438242032910182e+01,4.849028086615586548e-05
5.098937721308061555e+01,2.044627514333449724e-04
5.101437200583211506e+01,1.849525730603922714e-04
5.103936679858362879e+01,3.058633666417363893e-05
5.106436159133514963e+01,4.942829402972821640e-06
5.108935638408664914e+01,1.721131749657273002e-06
5.111435117683816287e+01,8.130675245186658342e-07
5.113934596958967660e+01,4.627102118707090698e-07
5.116434076234118322e+01,3.014249245013271202e-07
5.118933555509269695e+01,2.204474578026794752e-07
5.121433034784421068e+01,1.842281914216970518e-07
5.123932514059571020e+01,1.697096120745541966e-07
5.126431993334722392e+01,1.842733698452274306e-07
5.128931472609873765e+01,2.166911743330016466e-07
5.131430951885024427e+01,2.862739631324954987e-07
5.133930431160175800e+01,4.092965017700506278e-07
5.136429910435327173e+01,6.583376123215183252e-07
5.138929389710477125e+01,1.202045409802146517e-06
5.141428868985628498e+01,2.640989471419321781e-06
5.143928348260779160e+01,8.121901107053199599e-06
5.146427827535930533e+01,6.469831009156243632e-05
5.148927306811081905e+01,2.749745949346128456e-04
5.151426786086231857e+01,2.502395378064629656e-04
5.153926265361383230e+01,4.178549863215462343e-05
5.156425744636534603e+01,6.657363012799616114e-06
5.158925223911685265e+01,2.267713169327303407e-06
5.161424703186836638e+01,1.031379801727425841e-06
5.163924182461988011e+01,5.461901357965827741e-07
5.166423661737137962e+01,3.137188455662889311e-07
5.168923141012289335e+01,1.938433480715461889e-07
5.171422620287441418e+01,1.174272404615680064e-07
5.173922099562591370e+01,7.542027558647063212e-08
5.176421578837742743e+01,6.293093216971103261e-08
5.178921058112894116e+01,8.777315755812268958e-08
5.181420537388044778e+01,1.431502264253284167e-07
5.183920016663196151e+01,2.441844618171562847e-07
5.186419495938346103e+01,4.294604324717662903e-07
5.188918975213497475e+01,8.206517014755102769e-07
5.191418454488648848e+01,1.870435605961937417e-06
5.193917933763799510e+01,5.822223269167396949e-06
5.196417413038950883e+01,4.630781264421872465e-05
5.198916892314102256e+01,1.988024100323231838e-04
5.201416371589252208e+01,1.818484593569461960e-04
5.203915850864403581e+01,3.076234797380038988e-05
5.206415330139554953e+01,4.906659995081774049e-06
5.208914809414705616e+01,1.703130813919064115e-06
5.211414288689856988e+01,8.044541546405692100e-07
5.213913767965008361e+01,4.547399752333451059e-07
5.216413247240158313e+01,2.973772478991094321e-07
5.218912726515309686e+01,2.173300206469292164e-07
5.221412205790461059e+01,1.800263819283568775e-07
5.223911685065611721e+01,1.668622347611468809e-07
5.226411164340763094e+01,1.796523008010772302e-07
5.228910643615913045e+01,2.107051976374975430e-07
5.231410122891064418e+01,2.743716332127867289e-07
5.233909602166215791e+01,3.942138844121644205e-07
5.236409081441366453e+01,6.316755661050981658e-07
5.238908560716517826e+01,1.150267205496545922e-06
5.241408039991669199e+01,2.522806285588110692e-06
5.243907519266819861e+01,7.720802109391773673e-06
5.246406998541971234e+01,6.050829545753416824e-05
5.248906477817122607e+01,2.618472364627709155e-04
5.251405957092272558e+01,2.409566500863916344e-04
5.253905436367423931e+01,4.115101682440395721e-05
5.256404915642575304e+01,6.475288664422635593e-06
5.258904394917725966e+01,2.199290532026879128e-06
5.261403874192877339e+01,9.995447399831423547e-07
5.263903353468028712e+01,5.312729026000974956e-07
5.266402832743178664e+01,3.062371739467187031e-07
5.268902312018330036e+01,1.864578348306966408e-07
5.271401791293480699e+01,1.215217090633037727e-07
5.273901270568632071e+01,8.131346139705286113e-08
5.276400749843783444e+01,6.981185265799017120e-08
5.278900229118933396e+01,9.457137882907841799e-08
5.281399708394084769e+01,1.427995431104895102e-07
5.283899187669236142e+01,2.416152568866348201e-07
5.286398666944386804e+01,4.178180027188869972e-07
5.288898146219538177e+01,7.979602915593975817e-07
5.291397625494689549e+01,1.806780317407739712e-06
5.293897104769839501e+01,5.601537087412431385e-06
5.296396584044990874e+01,4.379148217391107663e-05
5.298896063320142247e+01,1.914570723096511258e-04
5.301395542595292909e+01,1.770923170578666737e-04
5.303895021870444282e+01,3.062862458089905002e-05
5.306394501145595655e+01,4.828208809014920354e-06
5.308893980420746317e+01,1.666519624246855135e-06
5.311393459695897690e+01,7.860804783831830895e-07
5.313892938971049063e+01,4.452970663134420489e-07
5.316392418246199014e+01,2.881407711167257217e-07
5.318891897521350387e+01,2.139675296245527153e-07
5.321391376796501049e+01,1.750260664470901645e-07
5.323890856071652422e+01,1.636775030228257003e-07
5.326390335346803795e+01,1.707693877107904105e-07
5.328889814621953747e+01,2.048774918211193736e-07
5.331389293897105119e+01,2.630439009508773509e-07
5.333888773172256492e+01,3.796851678694872862e-07
5.336388252447407154e+01,6.022331845092845112e-07
5.338887731722558527e+01,1.096866588407576331e-06
5.341387210997709900e+01,2.402793196866439303e-06
5.343886690272859852e+01,7.326252758900745424e-06
5.346386169548011225e+01,5.646394791439155695e-05
5.348885648823162597e+01,2.488743614959571947e-04
5.351385128098313260e+01,2.315812280020612863e-04
5.353884607373464632e+01,4.043625189820883857e-05
5.356384086648616005e+01,6.285345392622774308e-06
5.358883565923765957e+01,2.129738807947196682e-06
5.361383045198917330e+01,9.653384618357792306e-07
5.363882524474067992e+01,5.161748834390308090e-07
5.366382003749219365e+01,2.956841114642998344e-07
5.368881483024370738e+01,1.877744222977398829e-07
5.371380962299520689e+01,1.211510974534255033e-07
5.373880441574672773e+01,8.447172792126439280e-08
5.376379920849824146e+01,7.868860641307353432e-08
5.378879400124974097e+01,9.862081267730273804e-08
5.381378879400125470e+01,1.429689664467660163e-07
5.383878358675276843e+01,2.393474480107066979e-07
5.386377837950427505e+01,4.033195629593438916e-07
5.388877317225578878e+01,7.698018891250485272e-07
5.391376796500730251e+01,1.733303744830414391e-06
5.393876275775880202e+01,5.347208554609720287e-06
5.396375755051031575e+01,4.111476701966367795e-05
5.398875234326182948e+01,1.830898033506267930e-04
5.401374713601333610e+01,1.712487254186444358e-04
5.403874192876484983e+01,3.027315566324508380e-05
5.406373672151634935e+01,4.709673725273315792e-06
5.408873151426786308e+01,1.621549583030809799e-06
5.411372630701937680e+01,7.613985918680493165e-07
5.413872109977088343e+01,4.326927328036604690e-07
5.416371589252239716e+01,2.799961233365226273e-07
5.418871068527391088e+01,2.053177171725590790e-07
5.421370547802541040e+01,1.703109751641970299e-07
5.423870027077692413e+01,1.579308110022627054e-07
5.426369506352843786e+01,1.652720236088102280e-07
5.428868985627994448e+01,1.955461937386946621e-07
5.431368464903145821e+01,2.528535417844123025e-07
5.433867944178297194e+01,3.624388212213965913e-07
5.436367423453447145e+01,5.744126714144798704e-07
5.438866902728599229e+01,1.044678999120817262e-06
5.441366382003750601e+01,2.284125656824975545e-06
5.443865861278900553e+01,6.944105784961013037e-06
5.446365340554051926e+01,5.265433393778622421e-05
5.448864819829202588e+01,2.364307917765930589e-04
5.451364299104353961e+01,2.224586565405928642e-04
5.453863778379505334e+01,3.970026821311692763e-05
5.456363257654655285e+01,6.094883569695059020e-06
5.458862736929806658e+01,2.059679187574652503e-06
5.461362216204958031e+01,9.330340075158376794e-07
5.463861695480108693e+01,5.002984245575900371e-07
5.466361174755260066e+01,2.900143375148251401e-07
5.468860654030411439e+01,1.862421112178688781e-07
5.471360133305561391e+01,1.233164312293064755e-07
5.473859612580712763e+01,9.098799568745686562e-08
5.476359091855864136e+01,8.481146022813018455e-08
5.478858571131014799e+01,1.008192717937348166e-07
5.481358050406166171e+01,1.466879574359056002e-07
5.483857529681317544e+01,2.317693239485736384e-07
5.486357008956467496e+01,3.898973965242789781e-07
5.488856488231618869e+01,7.396471249668428250e-07
5.491355967506769531e+01,1.653629652255020577e-06
5.493855446781920904e+01,5.082173610914236547e-06
5.496354926057072277e+01,3.842628414156786020e-05
5.498854405332222228e+01,1.743327938038301468e-04
5.501353884607373601e+01,1.648831545212709685e-04
5.503853363882525684e+01,2.978191859879964162e-05
5.506352843157675636e+01,4.573243609556247182e-06
5.508852322432827009e+01,1.568585850886519955e-06
5.511351801707978382e+01,7.349519072810157625e-07
5.513851280983129044e+01,4.164849831570032260e-07
5.516350760258280417e+01,2.710307581959068712e-07
5.518850239533431790e+01,1.978313452970992156e-07
5.521349718808581741e+01,1.616581342582951406e-07
5.523849198083733114e+01,1.524095606332847041e-07
5.526348677358884487e+01,1.616368211336214253e-07
5.528848156634035149e+01,1.848744956666962849e-07
5.531347635909186522e+01,2.414964741251432479e-07
5.533847115184336474e+01,3.456803498607639381e-07
5.536346594459487847e+01,5.487581531432262522e-07
5.538846073734639219e+01,9.961265085424967553e-07
5.541345553009789882e+01,2.174875140983174597e-06
5.543845032284941254e+01,6.586828892510330116e-06
5.546344511560092627e+01,4.918182413123956567e-05
5.548843990835242579e+01,2.250259477063844325e-04
5.551343470110393952e+01,2.140901018235290515e-04
5.553842949385545325e+01,3.903867621140383532e-05
5.556342428660695987e+01,5.916532463474795572e-06
5.558841907935847360e+01,1.995846268558794130e-06
5.561341387210998732e+01,9.059667174062638497e-07
5.563840866486148684e+01,4.847849650455851841e-07
5.566340345761300057e+01,2.861653445097758463e-07
5.568839825036452140e+01,1.823305327007173657e-07
5.571339304311602092e+01,1.275451720384382594e-07
5.573838783586753465e+01,9.958731545178669601e-08
5.576338262861904127e+01,8.994474952194096603e-08
5.578837742137055500e+01,1.061420828639873752e-07
5.581337221412206873e+01,1.469583063013566240e-07
5.583836700687356824e+01,2.260085986072276165e-07
5.586336179962508197e+01,3.805407779900844286e-07
5.588835659237659570e+01,7.056281292646241459e-07
5.591335138512810232e+01,1.579835769125716572e-06
5.593834617787961605e+01,4.819707670095568896e-06
5.596334097063112978e+01,3.588090211165299924e-05
5.598833576338262930e+01,1.658678632537840104e-04
5.601333055613414302e+01,1.586355890956022839e-04
5.603832534888565675e+01,2.927017816426156856e-05
5.606332014163716337e+01,4.432910078879582596e-06
5.608831493438867710e+01,1.514329627117339532e-06
5.611330972714019083e+01,7.086990100675446260e-07
5.613830451989169035e+01,4.011779261803790976e-07
5.616329931264320408e+01,2.600267064315941986e-07
5.618829410539471070e+01,1.872915654102377937e-07
5.621328889814622443e+01,1.597194613193132169e-07
5.623828369089773815e+01,1.450278337518828475e-07
5.626327848364923767e+01,1.514935666077334148e-07
5.628827327640075140e+01,1.770122687664367464e-07
5.631326806915226513e+01,2.323000481045925789e-07
5.633826286190377175e+01,3.290458047334525234e-07
5.636325765465528548e+01,5.250012574416413472e-07
5.638825244740679921e+01,9.524279843607168737e-07
5.641324724015830583e+01,2.076683565491565777e-06
5.643824203290981956e+01,6.271235901555079205e-06
5.646323682566133328e+01,4.611610859137005091e-05
5.648823161841283280e+01,2.150587795379120721e-04
5.651322641116434653e+01,2.068881170512694358e-04
5.653822120391586026e+01,3.853354297893752685e-05
5.656321599666736688e+01,5.768079380285871971e-06
5.658821078941888061e+01,1.938528102343077386e-06
5.661320558217038013e+01,8.847207133015978759e-07
5.663820037492189385e+01,4.717221423545568009e-07
5.666319516767340758e+01,2.838849435421469408e-07
5.668818996042491420e+01,1.833997008799237244e-07
5.671318475317642793e+01,1.307883310975327494e-07
5.673817954592794166e+01,1.041847765369736890e-07
5.676317433867944118e+01,9.697001205751675779e-08
5.678816913143095491e+01,1.131572153994861732e-07
5.681316392418246863e+01,1.469411723282237126e-07
5.683815871693397526e+01,2.231205660177139112e-07
5.686315350968548898e+01,3.690382242242697513e-07
5.688814830243700271e+01,6.796917528692592733e-07
5.691314309518850223e+01,1.510134693726749306e-06
5.693813788794001596e+01,4.587907059856555323e-06
5.696313268069152969e+01,3.359464169865905732e-05
5.698812747344303631e+01,1.582888647053308842e-04
5.701312226619455004e+01,1.530824509311168508e-04
5.703811705894606376e+01,2.884096916816381834e-05
5.706311185169757039e+01,4.308803381674004047e-06
5.708810664444908411e+01,1.465343681048558840e-06
5.711310143720058363e+01,6.837064282283001934e-07
5.713809622995209736e+01,3.850947873440387534e-07
5.716309102270361109e+01,2.500653467446205964e-07
5.718808581545511771e+01,1.799763155350174564e-07
5.721308060820663144e+01,1.522780479021074734e-07
5.723807540095814517e+01,1.384109577893309558e-07
5.726307019370964468e+01,1.437310189802278633e-07
5.728806498646115841e+01,1.710042965625187647e-07
5.731305977921267214e+01,2.184548872895650886e-07
5.733805457196417876e+01,3.179621855351321306e-07
5.736304936471569249e+01,5.002074690998839062e-07
5.738804415746720622e+01,9.175462285836135184e-07
5.741303895021870574e+01,1.996140792713179712e-06
5.743803374297021946e+01,6.003495855079740625e-06
5.746302853572173319e+01,4.352150155718062681e-05
5.748802332847323981e+01,2.069092074177655740e-04
5.751301812122475354e+01,2.012642463754168564e-04
5.753801291397625306e+01,3.828090416321830122e-05
5.756300770672776679e+01,5.653772531888012790e-06
5.758800249947928052e+01,1.901113227605277794e-06
5.761299729223078714e+01,8.623268964098541859e-07
5.763799208498230087e+01,4.676616686378922101e-07
5.766298687773381459e+01,2.811390685407879690e-07
5.768798167048531411e+01,1.872419557815284473e-07
5.771297646323683495e+01,1.352049349786620765e-07
5.773797125598834867e+01,1.095314710648603745e-07
5.776296604873984819e+01,1.046729877292135556e-07
5.778796084149136192e+01,1.166132397411830715e-07
5.781295563424287565e+01,1.518428796092853338e-07
5.783795042699438227e+01,2.221038564250786359e-07
5.786294521974589600e+01,3.585756967284368764e-07
5.788794001249740973e+01,6.614267064345999292e-07
5.791293480524890924e+01,1.454082492654787380e-06
5.793792959800042297e+01,4.393594752369218462e-06
5.796292439075192959e+01,3.168197437036513733e-05
5.798791918350344332e+01,1.521659455572780422e-04
5.801291397625495705e+01,1.488091901325677214e-04
5.803790876900645657e+01,2.861999663140321707e-05
5.806290356175797029e+01,4.211989501074683320e-06
5.808789835450948402e+01,1.427788553733168208e-06
5.811289314726099065e+01,6.640334380594238893e-07
5.813788794001250437e+01,3.737489897521563173e-07
5.816288273276401810e+01,2.368848412814855115e-07
5.818787752551551762e+01,1.749760409273481389e-07
5.821287231826703135e+01,1.436039423804057471e-07
5.823786711101854507e+01,1.315475108291714084e-07
5.826286190377005170e+01,1.385126324123761171e-07
5.828785669652156542e+01,1.608678566962465130e-07
5.831285148927307915e+01,2.104919452905025907e-07
5.833784628202457867e+01,3.039431320809114852e-07
5.836284107477609950e+01,4.862850800700311907e-07
5.838783586752759902e+01,8.862038692961323934e-07
5.841283066027911275e+01,1.931880328587249091e-06
5.843782545303062648e+01,5.801103046290466726e-06
5.846282024578213310e+01,4.144851712271861569e-05
5.848781503853364683e+01,2.009450187069481081e-04
5.851280983128516056e+01,1.976381952567710727e-04
5.853780462403666007e+01,3.837783339415173938e-05
5.856279941678817380e+01,5.595046946276899778e-06
5.858779420953968753e+01,1.874431216758053566e-06
5.861278900229119415e+01,8.562543490164079357e-07
5.863778379504270788e+01,4.636730780558920685e-07
5.866277858779422161e+01,2.820824899058789976e-07
5.868777338054572112e+01,1.905358157764088987e-07
5.871276817329723485e+01,1.415586787983729166e-07
5.873776296604874858e+01,1.171351542613680028e-07
5.876275775880025520e+01,1.091148861509499977e-07
5.878775255155176893e+01,1.247330678850824489e-07
5.881274734430326845e+01,1.549810925446049879e-07
5.883774213705478218e+01,2.218069200878025054e-07
5.886273692980629590e+01,3.570815315259538989e-07
5.888773172255780253e+01,6.480864622935745312e-07
5.891272651530931626e+01,1.415924060335800812e-06
5.893772130806082998e+01,4.257293503169146261e-06
5.896271610081232950e+01,3.021243601523530118e-05
5.898771089356384323e+01,1.479694940797214911e-04
5.901270568631536406e+01,1.463277856971902482e-04
5.903770047906686358e+01,2.871703623386045854e-05
5.906269527181837731e+01,4.164926703270557270e-06
5.908769006456989104e+01,1.406528023209238854e-06
5.911268485732139766e+01,6.497083206691296706e-07
5.913767965007291139e+01,3.624869469094259744e-07
5.916267444282442511e+01,2.315211892940787449e-07
5.918766923557592463e+01,1.671401309203594197e-07
5.921266402832743836e+01,1.353668708355351123e-07
5.923765882107894498e+01,1.252630754612484385e-07
5.926265361383045871e+01,1.323106084409220016e-07
5.928764840658197244e+01,1.513037319583113909e-07
5.931264319933347196e+01,2.040901478608915713e-07
5.933763799208498568e+01,2.925086539499311458e-07
5.936263278483649941e+01,4.757681707748224987e-07
5.938762757758800603e+01,8.632119345601299041e-07
5.941262237033951976e+01,1.893246309518578234e-06
5.943761716309103349e+01,5.662788436458719372e-06
5.946261195584253301e+01,3.990723490765554527e-05
5.948760674859404673e+01,1.973523992958495352e-04
5.951260154134556046e+01,1.962639914667460930e-04
5.953759633409706709e+01,3.889700683683427096e-05
5.956259112684858081e+01,5.594500606862306059e-06
5.958758591960009454e+01,1.871956007494850845e-06
5.961258071235159406e+01,8.558025862037739825e-07
5.963757550510310779e+01,4.668047341701353998e-07
5.966257029785461441e+01,2.860657202122491508e-07
5.968756509060612814e+01,1.972150310548335143e-07
5.971255988335764187e+01,1.456611022772288503e-07
5.973755467610914849e+01,1.250180281609182445e-07
5.976254946886066222e+01,1.172488116064225804e-07
5.978754426161217594e+01,1.282005028134489820e-07
5.981253905436367546e+01,1.611615666712893715e-07
5.983753384711518919e+01,2.261688821312130671e-07
5.986252863986670292e+01,3.588254512203708217e-07
5.988752343261820954e+01,6.401172557519080097e-07
5.991251822536972327e+01,1.403458459649260883e-06
5.993751301812123700e+01,4.179167825647004646e-06
5.996250781087273651e+01,2.922866473049522538e-05
5.998750260362425024e+01,1.459958461590027835e-04
