n,t,mx,z,norm
0.000000000000000000e+00,0.000000000000000000e+00,1.000000000000000000e+00,1.000000000000000000e+00,9.999999999999996669e-01
1.000000000000000000e+00,6.283185307179586232e+00,-9.985973219615742469e-01,9.985973219615742469e-01,9.999999999999942268e-01
2.000000000000000000e+00,1.256637061435917246e+01,9.992828609046768840e-01,9.992828609046768840e-01,9.999999999999998890e-01
3.000000000000000000e+00,1.884955592153875870e+01,-9.993454591757506833e-01,9.993454591757506833e-01,9.999999999999947820e-01
4.000000000000000000e+00,2.513274122871834493e+01,9.983905743539620570e-01,9.983905743539620570e-01,1.000000000000000888e+00
5.000000000000000000e+00,3.141592653589793116e+01,-9.994828106981518134e-01,9.994828106981518134e-01,9.999999999999956701e-01
6.000000000000000000e+00,3.769911184307751739e+01,9.982811738041176275e-01,9.982811738041176275e-01,1.000000000000001554e+00
7.000000000000000000e+00,4.398229715025710362e+01,-9.990370689458731857e-01,9.990370689458731857e-01,9.999999999999954481e-01
8.000000000000000000e+00,5.026548245743668986e+01,9.987654569871442511e-01,9.987654569871442511e-01,1.000000000000001554e+00
9.000000000000000000e+00,5.654866776461627609e+01,-9.986361357875669365e-01,9.986361357875669365e-01,9.999999999999954481e-01
1.000000000000000000e+01,6.283185307179586232e+01,9.991227177398300796e-01,9.991227177398300796e-01,1.000000000000000666e+00
1.100000000000000000e+01,6.911503837897544145e+01,-9.987689595836214407e-01,9.987689595836214407e-01,9.999999999999942268e-01
1.200000000000000000e+01,7.539822368615503478e+01,9.989132672888954012e-01,9.989132672888954012e-01,9.999999999999998890e-01
1.300000000000000000e+01,8.168140899333462812e+01,-9.988688505269187612e-01,9.988688505269187612e-01,9.999999999999937828e-01
1.400000000000000000e+01,8.796459430051420725e+01,9.988346442899822542e-01,9.988346442899822542e-01,9.999999999999995559e-01
1.500000000000000000e+01,9.424777960769378637e+01,-9.983862203319578965e-01,9.983862203319578965e-01,9.999999999999940048e-01
1.600000000000000000e+01,1.005309649148733797e+02,9.991203460961046723e-01,9.991203460961046723e-01,9.999999999999997780e-01
1.700000000000000000e+01,1.068141502220529730e+02,-9.983376744582853624e-01,9.983376744582853624e-01,9.999999999999948930e-01
1.800000000000000000e+01,1.130973355292325522e+02,9.989353121145405634e-01,9.989353121145405634e-01,1.000000000000000888e+00
1.900000000000000000e+01,1.193805208364121313e+02,-9.989573591343048342e-01,9.989573591343048342e-01,9.999999999999956701e-01
2.000000000000000000e+01,1.256637061435917246e+02,9.983349587310743622e-01,9.983349587310743622e-01,1.000000000000001776e+00
2.100000000000000000e+01,1.319468914507713180e+02,-9.994980671918677340e-01,9.994980671918677340e-01,9.999999999999958922e-01
2.200000000000000000e+01,1.382300767579508829e+02,9.979807643842428799e-01,9.979807643842428799e-01,1.000000000000001998e+00
2.300000000000000000e+01,1.445132620651304762e+02,-9.991771314083331967e-01,9.991771314083331967e-01,9.999999999999951150e-01
2.400000000000000000e+01,1.507964473723100696e+02,9.984937915964622324e-01,9.984937915964622324e-01,1.000000000000001332e+00
2.500000000000000000e+01,1.570796326794896629e+02,-9.981987739313826768e-01,9.981987739313826768e-01,9.999999999999945599e-01
2.600000000000000000e+01,1.633628179866692562e+02,9.994939673703738814e-01,9.994939673703738814e-01,9.999999999999998890e-01
2.700000000000000000e+01,1.696460032938488212e+02,-9.979723214338792614e-01,9.979723214338792614e-01,9.999999999999942268e-01
2.800000000000000000e+01,1.759291886010284145e+02,9.994517154362079214e-01,9.994517154362079214e-01,9.999999999999993339e-01
2.900000000000000000e+01,1.822123739082080078e+02,-9.986483444528363451e-01,9.986483444528363451e-01,9.999999999999940048e-01
3.000000000000000000e+01,1.884955592153875727e+02,9.986554271080722023e-01,9.986554271080722023e-01,1.000000000000000000e+00
3.100000000000000000e+01,1.947787445225671661e+02,-9.991614639771924100e-01,9.991614639771924100e-01,9.999999999999952260e-01
3.200000000000000000e+01,2.010619298297467594e+02,9.982841678206937353e-01,9.982841678206937353e-01,1.000000000000001110e+00
3.300000000000000000e+01,2.073451151369263528e+02,-9.991662861616921187e-01,9.991662861616921187e-01,9.999999999999954481e-01
3.400000000000000000e+01,2.136283004441059461e+02,9.985932587453548726e-01,9.985932587453548726e-01,1.000000000000001776e+00
3.500000000000000000e+01,2.199114857512855110e+02,-9.989317397636835461e-01,9.989317397636835461e-01,9.999999999999956701e-01
3.600000000000000000e+01,2.261946710584651044e+02,9.989908013637215367e-01,9.989908013637215367e-01,1.000000000000001110e+00
3.700000000000000000e+01,2.324778563656446977e+02,-9.989306214056308253e-01,9.989306214056308253e-01,9.999999999999950040e-01
3.800000000000000000e+01,2.387610416728242626e+02,9.989268927836191247e-01,9.989268927836191247e-01,1.000000000000000666e+00
3.900000000000000000e+01,2.450442269800038559e+02,-9.991263326724855176e-01,9.991263326724855176e-01,9.999999999999942268e-01
4.000000000000000000e+01,2.513274122871834493e+02,9.987691748729470298e-01,9.987691748729470298e-01,1.000000000000000000e+00
4.100000000000000000e+01,2.576105975943630142e+02,-9.986490608292085680e-01,9.986490608292085680e-01,9.999999999999937828e-01
4.200000000000000000e+01,2.638937829015426360e+02,9.992512714248805716e-01,9.992512714248805716e-01,9.999999999999997780e-01
4.300000000000000000e+01,2.701769682087222009e+02,-9.982898479663502300e-01,9.982898479663502300e-01,9.999999999999942268e-01
4.400000000000000000e+01,2.764601535159017658e+02,9.995273794266801293e-01,9.995273794266801293e-01,9.999999999999995559e-01
4.500000000000000000e+01,2.827433388230813875e+02,-9.987639442094216058e-01,9.987639442094216058e-01,9.999999999999947820e-01
4.600000000000000000e+01,2.890265241302609525e+02,9.990433215665898148e-01,9.990433215665898148e-01,1.000000000000000666e+00
4.700000000000000000e+01,2.953097094374405742e+02,-9.995793151397914800e-01,9.995793151397914800e-01,9.999999999999953371e-01
4.800000000000000000e+01,3.015928947446201391e+02,9.983028185882123484e-01,9.983028185882123484e-01,1.000000000000001332e+00
4.900000000000000000e+01,3.078760800517997041e+02,-9.997815976177049091e-01,9.997815976177049091e-01,9.999999999999950040e-01
5.000000000000000000e+01,3.141592653589793258e+02,9.981448358256312936e-01,9.981448358256312936e-01,1.000000000000001110e+00
5.100000000000000000e+01,3.204424506661588907e+02,-9.988749849351443721e-01,9.988749849351443721e-01,9.999999999999944489e-01
5.200000000000000000e+01,3.267256359733385125e+02,9.990112204604580937e-01,9.990112204604580937e-01,1.000000000000000000e+00
5.300000000000000000e+01,3.330088212805180774e+02,-9.980604794708081151e-01,9.980604794708081151e-01,9.999999999999936717e-01
5.400000000000000000e+01,3.392920065876976423e+02,9.995785733731534783e-01,9.995785733731534783e-01,9.999999999999990008e-01
5.500000000000000000e+01,3.455751918948772641e+02,-9.983439755624692324e-01,9.983439755624692324e-01,9.999999999999932276e-01
5.600000000000000000e+01,3.518583772020568290e+02,9.991284873579999726e-01,9.991284873579999726e-01,9.999999999999988898e-01
5.700000000000000000e+01,3.581415625092363939e+02,-9.988893865497767699e-01,9.988893865497767699e-01,9.999999999999935607e-01
5.800000000000000000e+01,3.644247478164160157e+02,9.985927209885182565e-01,9.985927209885182565e-01,9.999999999999996669e-01
5.900000000000000000e+01,3.707079331235955806e+02,-9.990858732121102870e-01,9.990858732121102870e-01,9.999999999999945599e-01
6.000000000000000000e+01,3.769911184307751455e+02,9.985120889120896459e-01,9.985120889120896459e-01,1.000000000000000444e+00
6.100000000000000000e+01,3.832743037379547673e+02,-9.988978895297346838e-01,9.988978895297346838e-01,9.999999999999950040e-01
6.200000000000000000e+01,3.895574890451343322e+02,9.986782112873406891e-01,9.986782112873406891e-01,1.000000000000000888e+00
6.300000000000000000e+01,3.958406743523139539e+02,-9.987716286627821294e-01,9.987716286627821294e-01,9.999999999999953371e-01
6.400000000000000000e+01,4.021238596594935188e+02,9.986282200911896778e-01,9.986282200911896778e-01,1.000000000000000888e+00
6.500000000000000000e+01,4.084070449666730838e+02,-9.990437360433699343e-01,9.990437360433699343e-01,9.999999999999945599e-01
6.600000000000000000e+01,4.146902302738527055e+02,9.983160307798153443e-01,9.983160307798153443e-01,1.000000000000000222e+00
6.700000000000000000e+01,4.209734155810322704e+02,-9.987559679432641557e-01,9.987559679432641557e-01,9.999999999999938938e-01
6.800000000000000000e+01,4.272566008882118922e+02,9.987723748009016411e-01,9.987723748009016411e-01,9.999999999999995559e-01
6.900000000000000000e+01,4.335397861953914571e+02,-9.981444958929170941e-01,9.981444958929170941e-01,9.999999999999936717e-01
7.000000000000000000e+01,4.398229715025710220e+02,9.994379122967558260e-01,9.994379122967558260e-01,9.999999999999988898e-01
7.100000000000000000e+01,4.461061568097506438e+02,-9.981620534172104264e-01,9.981620534172104264e-01,9.999999999999936717e-01
7.200000000000000000e+01,4.523893421169302087e+02,9.993544963815104154e-01,9.993544963815104154e-01,9.999999999999993339e-01
7.300000000000000000e+01,4.586725274241097736e+02,-9.989334277466203060e-01,9.989334277466203060e-01,9.999999999999946709e-01
7.400000000000000000e+01,4.649557127312893954e+02,9.985488390224528388e-01,9.985488390224528388e-01,1.000000000000000666e+00
7.500000000000000000e+01,4.712388980384689603e+02,-9.996329661345078055e-01,9.996329661345078055e-01,9.999999999999950040e-01
7.600000000000000000e+01,4.775220833456485252e+02,9.978983377866015303e-01,9.978983377866015303e-01,1.000000000000001332e+00
7.700000000000000000e+01,4.838052686528281470e+02,-9.993621625119137875e-01,9.993621625119137875e-01,9.999999999999947820e-01
7.800000000000000000e+01,4.900884539600077119e+02,9.984178379984407492e-01,9.984178379984407492e-01,1.000000000000000888e+00
7.900000000000000000e+01,4.963716392671873336e+02,-9.984851889823641580e-01,9.984851889823641580e-01,9.999999999999942268e-01
8.000000000000000000e+01,5.026548245743668986e+02,9.994041973485461305e-01,9.994041973485461305e-01,9.999999999999995559e-01
8.100000000000000000e+01,5.089380098815464635e+02,-9.983829997304689563e-01,9.983829997304689563e-01,9.999999999999933387e-01
8.200000000000000000e+01,5.152211951887260284e+02,9.995138167328349033e-01,9.995138167328349033e-01,9.999999999999986677e-01
8.300000000000000000e+01,5.215043804959057070e+02,-9.988291951189945950e-01,9.988291951189945950e-01,9.999999999999928946e-01
8.400000000000000000e+01,5.277875658030852719e+02,9.990838579637753014e-01,9.990838579637753014e-01,9.999999999999985567e-01
8.500000000000000000e+01,5.340707511102648368e+02,-9.990921877156124786e-01,9.990921877156124786e-01,9.999999999999934497e-01
8.600000000000000000e+01,5.403539364174444017e+02,9.988314354049386834e-01,9.988314354049386834e-01,9.999999999999992228e-01
8.700000000000000000e+01,5.466371217246239667e+02,-9.989995673440120738e-01,9.989995673440120738e-01,9.999999999999937828e-01
8.800000000000000000e+01,5.529203070318035316e+02,9.988713553364068076e-01,9.988713553364068076e-01,1.000000000000000222e+00
8.900000000000000000e+01,5.592034923389832102e+02,-9.988831959244119929e-01,9.988831959244119929e-01,9.999999999999947820e-01
9.000000000000000000e+01,5.654866776461627751e+02,9.988907680028616953e-01,9.988907680028616953e-01,1.000000000000000888e+00
9.100000000000000000e+01,5.717698629533423400e+02,-9.992934388397618495e-01,9.992934388397618495e-01,9.999999999999945599e-01
9.200000000000000000e+01,5.780530482605219049e+02,9.984647789378187088e-01,9.984647789378187088e-01,1.000000000000000444e+00
9.300000000000000000e+01,5.843362335677014698e+02,-9.993910794996301306e-01,9.993910794996301306e-01,9.999999999999936717e-01
9.400000000000000000e+01,5.906194188748811484e+02,9.985530273432990933e-01,9.985530273432990933e-01,9.999999999999995559e-01
9.500000000000000000e+01,5.969026041820607134e+02,-9.986478987415436936e-01,9.986478987415436936e-01,9.999999999999930056e-01
9.600000000000000000e+01,6.031857894892402783e+02,9.992783465107255569e-01,9.992783465107255569e-01,9.999999999999983347e-01
9.700000000000000000e+01,6.094689747964198432e+02,-9.980566217185155020e-01,9.980566217185155020e-01,9.999999999999923395e-01
9.800000000000000000e+01,6.157521601035994081e+02,9.996294871720081687e-01,9.996294871720081687e-01,9.999999999999978906e-01
9.900000000000000000e+01,6.220353454107790867e+02,-9.983715789183928990e-01,9.983715789183928990e-01,9.999999999999930056e-01
1.000000000000000000e+02,6.283185307179586516e+02,9.990430880546192771e-01,9.990430880546192771e-01,9.999999999999985567e-01
1.010000000000000000e+02,6.346017160251382165e+02,-9.991773070301470661e-01,9.991773070301470661e-01,9.999999999999938938e-01
1.020000000000000000e+02,6.408849013323177815e+02,9.981049184079628933e-01,9.981049184079628933e-01,1.000000000000000000e+00
1.030000000000000000e+02,6.471680866394973464e+02,-9.995327705183327804e-01,9.995327705183327804e-01,9.999999999999944489e-01
1.040000000000000000e+02,6.534512719466770250e+02,9.979571801911257811e-01,9.979571801911257811e-01,1.000000000000000666e+00
1.050000000000000000e+02,6.597344572538565899e+02,-9.988534098758206081e-01,9.988534098758206081e-01,9.999999999999945599e-01
1.060000000000000000e+02,6.660176425610361548e+02,9.988092152516612199e-01,9.988092152516612199e-01,1.000000000000000222e+00
1.070000000000000000e+02,6.723008278682157197e+02,-9.983803659224046445e-01,9.983803659224046445e-01,9.999999999999938938e-01
1.080000000000000000e+02,6.785840131753952846e+02,9.991931013881467649e-01,9.991931013881467649e-01,9.999999999999990008e-01
1.090000000000000000e+02,6.848671984825748495e+02,-9.984691130647477264e-01,9.984691130647477264e-01,9.999999999999930056e-01
1.100000000000000000e+02,6.911503837897545282e+02,9.989166022692730351e-01,9.989166022692730351e-01,9.999999999999985567e-01
1.110000000000000000e+02,6.974335690969340931e+02,-9.986298462862504000e-01,9.986298462862504000e-01,9.999999999999928946e-01
1.120000000000000000e+02,7.037167544041136580e+02,9.987046878817189555e-01,9.987046878817189555e-01,9.999999999999985567e-01
1.130000000000000000e+02,7.099999397112932229e+02,-9.986130396300872958e-01,9.986130396300872958e-01,9.999999999999932276e-01
1.140000000000000000e+02,7.162831250184727878e+02,9.987662432545740820e-01,9.987662432545740820e-01,9.999999999999993339e-01
1.150000000000000000e+02,7.225663103256524664e+02,-9.985193281883480987e-01,9.985193281883480987e-01,9.999999999999942268e-01
1.160000000000000000e+02,7.288494956328320313e+02,9.989243431394123629e-01,9.989243431394123629e-01,1.000000000000000000e+00
1.170000000000000000e+02,7.351326809400115962e+02,-9.989832341845045205e-01,9.989832341845045205e-01,9.999999999999947820e-01
1.180000000000000000e+02,7.414158662471911612e+02,9.985306768323412019e-01,9.985306768323412019e-01,1.000000000000000666e+00
1.190000000000000000e+02,7.476990515543707261e+02,-9.995778358849315426e-01,9.995778358849315426e-01,9.999999999999943379e-01
1.200000000000000000e+02,7.539822368615502910e+02,9.981931119080715842e-01,9.981931119080715842e-01,1.000000000000000444e+00
1.210000000000000000e+02,7.602654221687299696e+02,-9.991472570594219782e-01,9.991472570594219782e-01,9.999999999999937828e-01
1.220000000000000000e+02,7.665486074759095345e+02,9.987473111508232693e-01,9.987473111508232693e-01,9.999999999999993339e-01
1.230000000000000000e+02,7.728317927830890994e+02,-9.982685671228082036e-01,9.982685671228082036e-01,9.999999999999930056e-01
1.240000000000000000e+02,7.791149780902686643e+02,9.995518709199311402e-01,9.995518709199311402e-01,9.999999999999982236e-01
1.250000000000000000e+02,7.853981633974482293e+02,-9.980959223398082614e-01,9.980959223398082614e-01,9.999999999999926725e-01
1.260000000000000000e+02,7.916813487046279079e+02,9.996411380762948440e-01,9.996411380762948440e-01,9.999999999999982236e-01
1.270000000000000000e+02,7.979645340118074728e+02,-9.988160202413991495e-01,9.988160202413991495e-01,9.999999999999931166e-01
1.280000000000000000e+02,8.042477193189870377e+02,9.988968474933551667e-01,9.988968474933551667e-01,9.999999999999987788e-01
1.290000000000000000e+02,8.105309046261666026e+02,-9.996504868374731512e-01,9.996504868374731512e-01,9.999999999999936717e-01
1.300000000000000000e+02,8.168140899333461675e+02,9.982038490153517518e-01,9.982038490153517518e-01,9.999999999999998890e-01
1.310000000000000000e+02,8.230972752405258461e+02,-9.994349391183307008e-01,9.994349391183307008e-01,9.999999999999940048e-01
1.320000000000000000e+02,8.293804605477054110e+02,9.986162306787893517e-01,9.986162306787893517e-01,9.999999999999998890e-01
1.330000000000000000e+02,8.356636458548849760e+02,-9.988624622018462684e-01,9.988624622018462684e-01,9.999999999999937828e-01
1.340000000000000000e+02,8.419468311620645409e+02,9.991124091447451949e-01,9.991124091447451949e-01,9.999999999999993339e-01
1.350000000000000000e+02,8.482300164692441058e+02,-9.987106006989007190e-01,9.987106006989007190e-01,9.999999999999928946e-01
1.360000000000000000e+02,8.545132017764237844e+02,9.990284598049263831e-01,9.990284598049263831e-01,9.999999999999985567e-01
1.370000000000000000e+02,8.607963870836033493e+02,-9.987699715396031186e-01,9.987699715396031186e-01,9.999999999999924505e-01
1.380000000000000000e+02,8.670795723907829142e+02,9.988905262783085437e-01,9.988905262783085437e-01,9.999999999999982236e-01
1.390000000000000000e+02,8.733627576979624791e+02,-9.987136729359044063e-01,9.987136729359044063e-01,9.999999999999922284e-01
1.400000000000000000e+02,8.796459430051420441e+02,9.989964781863148735e-01,9.989964781863148735e-01,9.999999999999980016e-01
1.410000000000000000e+02,8.859291283123216090e+02,-9.984891868132679260e-01,9.984891868132679260e-01,9.999999999999926725e-01
1.420000000000000000e+02,8.922123136195012876e+02,9.992224832393596934e-01,9.992224832393596934e-01,9.999999999999985567e-01
1.430000000000000000e+02,8.984954989266808525e+02,-9.986505483890584234e-01,9.986505483890584234e-01,9.999999999999936717e-01
1.440000000000000000e+02,9.047786842338604174e+02,9.988454407373718036e-01,9.988454407373718036e-01,9.999999999999994449e-01
1.450000000000000000e+02,9.110618695410399823e+02,-9.994012276803343475e-01,9.994012276803343475e-01,9.999999999999940048e-01
1.460000000000000000e+02,9.173450548482195472e+02,9.980537434893275162e-01,9.980537434893275162e-01,1.000000000000000000e+00
1.470000000000000000e+02,9.236282401553992258e+02,-9.994533770350699786e-01,9.994533770350699786e-01,9.999999999999936717e-01
1.480000000000000000e+02,9.299114254625787908e+02,9.980834645229681445e-01,9.980834645229681445e-01,9.999999999999997780e-01
1.490000000000000000e+02,9.361946107697583557e+02,-9.985902287400034716e-01,9.985902287400034716e-01,9.999999999999931166e-01
1.500000000000000000e+02,9.424777960769379206e+02,9.989336533966308718e-01,9.989336533966308718e-01,9.999999999999987788e-01
1.510000000000000000e+02,9.487609813841174855e+02,-9.979243560086314968e-01,9.979243560086314968e-01,9.999999999999921174e-01
1.520000000000000000e+02,9.550441666912970504e+02,9.995360443528948924e-01,9.995360443528948924e-01,9.999999999999977796e-01
1.530000000000000000e+02,9.613273519984767290e+02,-9.981477865574015507e-01,9.981477865574015507e-01,9.999999999999924505e-01
1.540000000000000000e+02,9.676105373056562939e+02,9.992424363658378716e-01,9.992424363658378716e-01,9.999999999999978906e-01
1.550000000000000000e+02,9.738937226128358589e+02,-9.990289551226145814e-01,9.990289551226145814e-01,9.999999999999927836e-01
1.560000000000000000e+02,9.801769079200154238e+02,9.983171137946615925e-01,9.983171137946615925e-01,9.999999999999985567e-01
1.570000000000000000e+02,9.864600932271949887e+02,-9.992708842644625333e-01,9.992708842644625333e-01,9.999999999999934497e-01
1.580000000000000000e+02,9.927432785343746673e+02,9.982064855560974781e-01,9.982064855560974781e-01,9.999999999999997780e-01
1.590000000000000000e+02,9.990264638415542322e+02,-9.988661790840032140e-01,9.988661790840032140e-01,9.999999999999940048e-01
1.600000000000000000e+02,1.005309649148733797e+03,9.987002945392127184e-01,9.987002945392127184e-01,9.999999999999998890e-01
1.610000000000000000e+02,1.011592834455913362e+03,-9.987380761508841687e-01,9.987380761508841687e-01,9.999999999999935607e-01
1.620000000000000000e+02,1.017876019763092927e+03,9.988543110899008592e-01,9.988543110899008592e-01,9.999999999999993339e-01
1.630000000000000000e+02,1.024159205070272492e+03,-9.988822259394760650e-01,9.988822259394760650e-01,9.999999999999928946e-01
1.640000000000000000e+02,1.030442390377452057e+03,9.988045508064609113e-01,9.988045508064609113e-01,9.999999999999985567e-01
1.650000000000000000e+02,1.036725575684631622e+03,-9.988610905739077062e-01,9.988610905739077062e-01,9.999999999999921174e-01
1.660000000000000000e+02,1.043008760991811414e+03,9.989964192805345089e-01,9.989964192805345089e-01,9.999999999999978906e-01
1.670000000000000000e+02,1.049291946298990979e+03,-9.985791340775161951e-01,9.985791340775161951e-01,9.999999999999920064e-01
1.680000000000000000e+02,1.055575131606170544e+03,9.993906365624845023e-01,9.993906365624845023e-01,9.999999999999977796e-01
1.690000000000000000e+02,1.061858316913350109e+03,-9.983779060418462858e-01,9.983779060418462858e-01,9.999999999999927836e-01
1.700000000000000000e+02,1.068141502220529674e+03,9.993912896953853764e-01,9.993912896953853764e-01,9.999999999999984457e-01
1.710000000000000000e+02,1.074424687527709239e+03,-9.991056728084171112e-01,9.991056728084171112e-01,9.999999999999935607e-01
1.720000000000000000e+02,1.080707872834888803e+03,9.985438575567898711e-01,9.985438575567898711e-01,9.999999999999992228e-01
1.730000000000000000e+02,1.086991058142068368e+03,-9.997635018986856803e-01,9.997635018986856803e-01,9.999999999999935607e-01
1.740000000000000000e+02,1.093274243449247933e+03,9.980692517318410228e-01,9.980692517318410228e-01,1.000000000000000000e+00
1.750000000000000000e+02,1.099557428756427498e+03,-9.993930745270682703e-01,9.993930745270682703e-01,9.999999999999932276e-01
1.760000000000000000e+02,1.105840614063607063e+03,9.986272285522193037e-01,9.986272285522193037e-01,9.999999999999988898e-01
1.770000000000000000e+02,1.112123799370786855e+03,-9.985388836587432149e-01,9.985388836587432149e-01,9.999999999999921174e-01
1.780000000000000000e+02,1.118406984677966420e+03,9.994537169375878882e-01,9.994537169375878882e-01,9.999999999999975575e-01
1.790000000000000000e+02,1.124690169985145985e+03,-9.981635879943956402e-01,9.981635879943956402e-01,9.999999999999915623e-01
1.800000000000000000e+02,1.130973355292325550e+03,9.996697817655552099e-01,9.996697817655552099e-01,9.999999999999968914e-01
1.810000000000000000e+02,1.137256540599505115e+03,-9.986896929101825027e-01,9.986896929101825027e-01,9.999999999999915623e-01
1.820000000000000000e+02,1.143539725906684680e+03,9.988913308764195698e-01,9.988913308764195698e-01,9.999999999999973355e-01
1.830000000000000000e+02,1.149822911213864245e+03,-9.991807578829507985e-01,9.991807578829507985e-01,9.999999999999918954e-01
1.840000000000000000e+02,1.156106096521043810e+03,9.983603929095481444e-01,9.983603929095481444e-01,9.999999999999982236e-01
1.850000000000000000e+02,1.162389281828223375e+03,-9.989657456121634471e-01,9.989657456121634471e-01,9.999999999999931166e-01
1.860000000000000000e+02,1.168672467135402940e+03,9.986156254034816993e-01,9.986156254034816993e-01,9.999999999999992228e-01
1.870000000000000000e+02,1.174955652442582732e+03,-9.988128890587153474e-01,9.988128890587153474e-01,9.999999999999933387e-01
1.880000000000000000e+02,1.181238837749762297e+03,9.987659296878376169e-01,9.987659296878376169e-01,9.999999999999993339e-01
1.890000000000000000e+02,1.187522023056941862e+03,-9.989763201431020034e-01,9.989763201431020034e-01,9.999999999999928946e-01
1.900000000000000000e+02,1.193805208364121427e+03,9.985585150621869577e-01,9.985585150621869577e-01,9.999999999999987788e-01
1.910000000000000000e+02,1.200088393671300992e+03,-9.989431804277679738e-01,9.989431804277679738e-01,9.999999999999920064e-01
1.920000000000000000e+02,1.206371578978480557e+03,9.985581048538019200e-01,9.985581048538019200e-01,9.999999999999978906e-01
1.930000000000000000e+02,1.212654764285660121e+03,-9.985501958999115635e-01,9.985501958999115635e-01,9.999999999999915623e-01
1.940000000000000000e+02,1.218937949592839686e+03,9.989508425605453379e-01,9.989508425605453379e-01,9.999999999999972244e-01
1.950000000000000000e+02,1.225221134900019251e+03,-9.979374982159514573e-01,9.979374982159514573e-01,9.999999999999917843e-01
1.960000000000000000e+02,1.231504320207198816e+03,9.994008522037246545e-01,9.994008522037246545e-01,9.999999999999973355e-01
1.970000000000000000e+02,1.237787505514378381e+03,-9.982834626255772115e-01,9.982834626255772115e-01,9.999999999999925615e-01
1.980000000000000000e+02,1.244070690821558173e+03,9.988670056811248532e-01,9.988670056811248532e-01,9.999999999999981126e-01
1.990000000000000000e+02,1.250353876128737738e+03,-9.992679989258625994e-01,9.992679989258625994e-01,9.999999999999931166e-01
2.000000000000000000e+02,1.256637061435917303e+03,9.980208225130690058e-01,9.980208225130690058e-01,9.999999999999994449e-01
2.010000000000000000e+02,1.262920246743096868e+03,-9.995455836207658429e-01,9.995455836207658429e-01,9.999999999999936717e-01
2.030000000000000000e+02,1.275486617357455998e+03,-9.989205565483185723e-01,9.989205565483185723e-01,9.999999999999930056e-01
2.050000000000000000e+02,1.288052987971815128e+03,-9.982316781644355874e-01,9.982316781644355874e-01,9.999999999999922284e-01
2.070000000000000000e+02,1.300619358586174258e+03,-9.983101934024269930e-01,9.983101934024269930e-01,9.999999999999915623e-01
2.090000000000000000e+02,1.313185729200533615e+03,-9.989384491779242925e-01,9.989384491779242925e-01,9.999999999999915623e-01
2.110000000000000000e+02,1.325752099814892745e+03,-9.990133318722219657e-01,9.990133318722219657e-01,9.999999999999921174e-01
2.130000000000000000e+02,1.338318470429251875e+03,-9.989038584438931778e-01,9.989038584438931778e-01,9.999999999999928946e-01
2.150000000000000000e+02,1.350884841043611004e+03,-9.991540459931257390e-01,9.991540459931257390e-01,9.999999999999930056e-01
2.180000000000000000e+02,1.369734396965149699e+03,9.985038495318256935e-01,9.985038495318256935e-01,9.999999999999985567e-01
2.200000000000000000e+02,1.382300767579509056e+03,9.987733501873510278e-01,9.987733501873510278e-01,9.999999999999974465e-01
2.220000000000000000e+02,1.394867138193868186e+03,9.995652647974286875e-01,9.995652647974286875e-01,9.999999999999967804e-01
2.240000000000000000e+02,1.407433508808227316e+03,9.995960117045225024e-01,9.995960117045225024e-01,9.999999999999967804e-01
2.270000000000000000e+02,1.426283064729766011e+03,-9.996114836755822797e-01,9.996114836755822797e-01,9.999999999999922284e-01
2.290000000000000000e+02,1.438849435344125141e+03,-9.993586635347162517e-01,9.993586635347162517e-01,9.999999999999926725e-01
2.310000000000000000e+02,1.451415805958484498e+03,-9.986102309334451421e-01,9.986102309334451421e-01,9.999999999999922284e-01
2.340000000000000000e+02,1.470265361880023192e+03,9.992336706265279034e-01,9.992336706265279034e-01,9.999999999999971134e-01
2.360000000000000000e+02,1.482831732494382322e+03,9.987691642809124470e-01,9.987691642809124470e-01,9.999999999999964473e-01
2.380000000000000000e+02,1.495398103108741452e+03,9.986899176284612656e-01,9.986899176284612656e-01,9.999999999999970024e-01
2.410000000000000000e+02,1.514247659030280374e+03,-9.986966826965968380e-01,9.986966826965968380e-01,9.999999999999925615e-01
2.430000000000000000e+02,1.526814029644639504e+03,-9.991117585769739851e-01,9.991117585769739851e-01,9.999999999999930056e-01
2.460000000000000000e+02,1.545663585566178199e+03,9.982406275198385526e-01,9.982406275198385526e-01,9.999999999999982236e-01
2.480000000000000000e+02,1.558229956180537329e+03,9.990809814710153169e-01,9.990809814710153169e-01,9.999999999999972244e-01
2.510000000000000000e+02,1.577079512102076251e+03,-9.983263886885931360e-01,9.983263886885931360e-01,9.999999999999911182e-01
2.530000000000000000e+02,1.589645882716435381e+03,-9.992738627764907733e-01,9.992738627764907733e-01,9.999999999999916733e-01
2.560000000000000000e+02,1.608495438637974075e+03,9.982227898921880449e-01,9.982227898921880449e-01,9.999999999999985567e-01
2.590000000000000000e+02,1.627344994559512770e+03,-9.986266322530281681e-01,9.986266322530281681e-01,9.999999999999915623e-01
2.610000000000000000e+02,1.639911365173871900e+03,-9.987634902056643504e-01,9.987634902056643504e-01,9.999999999999908962e-01
2.640000000000000000e+02,1.658760921095410822e+03,9.988937510105373452e-01,9.988937510105373452e-01,9.999999999999961142e-01
2.670000000000000000e+02,1.677610477016949517e+03,-9.985633702122594935e-01,9.985633702122594935e-01,9.999999999999913403e-01
2.690000000000000000e+02,1.690176847631308647e+03,-9.990183139851461780e-01,9.990183139851461780e-01,9.999999999999921174e-01
2.720000000000000000e+02,1.709026403552847569e+03,9.980847972673217994e-01,9.980847972673217994e-01,9.999999999999982236e-01
2.750000000000000000e+02,1.727875959474386264e+03,-9.982370585459255929e-01,9.982370585459255929e-01,9.999999999999905631e-01
2.780000000000000000e+02,1.746725515395924958e+03,9.994546974676350448e-01,9.994546974676350448e-01,9.999999999999957812e-01
2.810000000000000000e+02,1.765575071317463653e+03,-9.991327316106721756e-01,9.991327316106721756e-01,9.999999999999915623e-01
2.830000000000000000e+02,1.778141441931823010e+03,-9.991326133882609817e-01,9.991326133882609817e-01,9.999999999999918954e-01
2.860000000000000000e+02,1.796990997853361705e+03,9.988212668409850448e-01,9.988212668409850448e-01,9.999999999999978906e-01
2.890000000000000000e+02,1.815840553774900400e+03,-9.988328528115608673e-01,9.988328528115608673e-01,9.999999999999907851e-01
2.920000000000000000e+02,1.834690109696439094e+03,9.990407783939665443e-01,9.990407783939665443e-01,9.999999999999961142e-01
2.950000000000000000e+02,1.853539665617978017e+03,-9.986315362623745528e-01,9.986315362623745528e-01,9.999999999999916733e-01
2.980000000000000000e+02,1.872389221539516711e+03,9.982712238544577676e-01,9.982712238544577676e-01,9.999999999999983347e-01
3.010000000000000000e+02,1.891238777461055406e+03,-9.989884242403082037e-01,9.989884242403082037e-01,9.999999999999912292e-01
3.040000000000000000e+02,1.910088333382594101e+03,9.996897773497359641e-01,9.996897773497359641e-01,9.999999999999957812e-01
3.070000000000000000e+02,1.928937889304133023e+03,-9.990163604645385664e-01,9.990163604645385664e-01,9.999999999999900080e-01
3.110000000000000000e+02,1.954070630532851283e+03,-9.990099921360929836e-01,9.990099921360929836e-01,9.999999999999913403e-01
3.140000000000000000e+02,1.972920186454389977e+03,9.988265653372077058e-01,9.988265653372077058e-01,9.999999999999974465e-01
3.170000000000000000e+02,1.991769742375928899e+03,-9.988412263553092529e-01,9.988412263553092529e-01,9.999999999999901190e-01
3.200000000000000000e+02,2.010619298297467594e+03,9.993143241918855946e-01,9.993143241918855946e-01,9.999999999999952260e-01
3.230000000000000000e+02,2.029468854219006289e+03,-9.987015868053152889e-01,9.987015868053152889e-01,9.999999999999911182e-01
3.270000000000000000e+02,2.054601595447724776e+03,-9.992968549411964663e-01,9.992968549411964663e-01,9.999999999999913403e-01
3.300000000000000000e+02,2.073451151369263243e+03,9.991735034386783898e-01,9.991735034386783898e-01,9.999999999999963363e-01
3.330000000000000000e+02,2.092300707290802166e+03,-9.985203684282129011e-01,9.985203684282129011e-01,9.999999999999896749e-01
3.370000000000000000e+02,2.117433448519520425e+03,-9.989706826472716239e-01,9.989706826472716239e-01,9.999999999999907851e-01
3.400000000000000000e+02,2.136283004441059347e+03,9.988699866830051954e-01,9.988699866830051954e-01,9.999999999999972244e-01
3.440000000000000000e+02,2.161415745669777607e+03,9.985407966810084801e-01,9.985407966810084801e-01,9.999999999999963363e-01
3.470000000000000000e+02,2.180265301591316529e+03,-9.982021215298023664e-01,9.982021215298023664e-01,9.999999999999892308e-01
3.510000000000000000e+02,2.205398042820034789e+03,-9.993110085423968503e-01,9.993110085423968503e-01,9.999999999999904521e-01
3.540000000000000000e+02,2.224247598741573711e+03,9.980456796815012632e-01,9.980456796815012632e-01,9.999999999999971134e-01
3.580000000000000000e+02,2.249380339970291971e+03,9.992891070948658472e-01,9.992891070948658472e-01,9.999999999999951150e-01
3.620000000000000000e+02,2.274513081199010230e+03,9.987083351189620650e-01,9.987083351189620650e-01,9.999999999999950040e-01
3.650000000000000000e+02,2.293362637120549152e+03,-9.985191511953706023e-01,9.985191511953706023e-01,9.999999999999904521e-01
3.690000000000000000e+02,2.318495378349267412e+03,-9.992886947325274605e-01,9.992886947325274605e-01,9.999999999999907851e-01
3.730000000000000000e+02,2.343628119577985672e+03,-9.981932202097441031e-01,9.981932202097441031e-01,9.999999999999895639e-01
3.770000000000000000e+02,2.368760860806703931e+03,-9.985666331878861879e-01,9.985666331878861879e-01,9.999999999999901190e-01
3.810000000000000000e+02,2.393893602035422191e+03,-9.994013018653331581e-01,9.994013018653331581e-01,9.999999999999906741e-01
3.840000000000000000e+02,2.412743157956961113e+03,9.990514122232951877e-01,9.990514122232951877e-01,9.999999999999963363e-01
3.880000000000000000e+02,2.437875899185679373e+03,9.990041059538443680e-01,9.990041059538443680e-01,9.999999999999947820e-01
3.920000000000000000e+02,2.463008640414397632e+03,9.991890506400420424e-01,9.991890506400420424e-01,9.999999999999954481e-01
3.960000000000000000e+02,2.488141381643116347e+03,9.982470523901916248e-01,9.982470523901916248e-01,9.999999999999965583e-01
4.000000000000000000e+02,2.513274122871834606e+03,9.989957011556309663e-01,9.989957011556309663e-01,9.999999999999948930e-01
4.050000000000000000e+02,2.544690049407732204e+03,-9.989729922830690168e-01,9.989729922830690168e-01,9.999999999999890088e-01
4.090000000000000000e+02,2.569822790636450918e+03,-9.988506179021447995e-01,9.988506179021447995e-01,9.999999999999905631e-01
4.130000000000000000e+02,2.594955531865169178e+03,-9.985923363859667834e-01,9.985923363859667834e-01,9.999999999999894529e-01
4.170000000000000000e+02,2.620088273093887437e+03,-9.984010677794561417e-01,9.984010677794561417e-01,9.999999999999885647e-01
4.210000000000000000e+02,2.645221014322605697e+03,-9.988957645890019776e-01,9.988957645890019776e-01,9.999999999999903411e-01
4.260000000000000000e+02,2.676636940858503749e+03,9.984699279028563801e-01,9.984699279028563801e-01,9.999999999999958922e-01
4.300000000000000000e+02,2.701769682087222009e+03,9.996717321090008435e-01,9.996717321090008435e-01,9.999999999999936717e-01
4.340000000000000000e+02,2.726902423315940268e+03,9.984247705834257136e-01,9.984247705834257136e-01,9.999999999999948930e-01
4.390000000000000000e+02,2.758318349851838320e+03,-9.989384170312465283e-01,9.989384170312465283e-01,9.999999999999891198e-01
4.430000000000000000e+02,2.783451091080556580e+03,-9.987073301610939202e-01,9.987073301610939202e-01,9.999999999999880096e-01
4.480000000000000000e+02,2.814867017616454632e+03,9.989598575418116022e-01,9.989598575418116022e-01,9.999999999999945599e-01
4.520000000000000000e+02,2.839999758845172892e+03,9.979180818629286298e-01,9.979180818629286298e-01,9.999999999999955591e-01
4.570000000000000000e+02,2.871415685381070944e+03,-9.980509624779578814e-01,9.980509624779578814e-01,9.999999999999882316e-01
4.620000000000000000e+02,2.902831611916968996e+03,9.984988555026850232e-01,9.984988555026850232e-01,9.999999999999950040e-01
4.660000000000000000e+02,2.927964353145687255e+03,9.986611794326896163e-01,9.986611794326896163e-01,9.999999999999957812e-01
4.710000000000000000e+02,2.959380279681585307e+03,-9.983504095601869466e-01,9.983504095601869466e-01,9.999999999999877875e-01
4.760000000000000000e+02,2.990796206217482904e+03,9.987287258393255929e-01,9.987287258393255929e-01,9.999999999999943379e-01
4.810000000000000000e+02,3.022212132753380956e+03,-9.987653904408108074e-01,9.987653904408108074e-01,9.999999999999885647e-01
4.860000000000000000e+02,3.053628059289279008e+03,9.989308097704145961e-01,9.989308097704145961e-01,9.999999999999927836e-01
4.910000000000000000e+02,3.085043985825177060e+03,-9.987136708546789921e-01,9.987136708546789921e-01,9.999999999999890088e-01
4.960000000000000000e+02,3.116459912361074657e+03,9.981837214998088292e-01,9.981837214998088292e-01,9.999999999999943379e-01
5.010000000000000000e+02,3.147875838896972709e+03,-9.981208928900585642e-01,9.981208928900585642e-01,9.999999999999876765e-01
5.060000000000000000e+02,3.179291765432870761e+03,9.979750077362224969e-01,9.979750077362224969e-01,9.999999999999954481e-01
5.110000000000000000e+02,3.210707691968768358e+03,-9.984857264773693286e-01,9.984857264773693286e-01,9.999999999999876765e-01
5.160000000000000000e+02,3.242123618504666410e+03,9.990374926302844072e-01,9.990374926302844072e-01,9.999999999999932276e-01
5.220000000000000000e+02,3.279822730347743800e+03,9.982385109199087836e-01,9.982385109199087836e-01,9.999999999999946709e-01
5.270000000000000000e+02,3.311238656883641852e+03,-9.980173460123900053e-01,9.980173460123900053e-01,9.999999999999865663e-01
5.320000000000000000e+02,3.342654583419539904e+03,9.981601375473774240e-01,9.981601375473774240e-01,9.999999999999936717e-01
5.380000000000000000e+02,3.380353695262617293e+03,9.988955384411142280e-01,9.988955384411142280e-01,9.999999999999935607e-01
5.430000000000000000e+02,3.411769621798515345e+03,-9.982395788932385550e-01,9.982395788932385550e-01,9.999999999999873435e-01
5.490000000000000000e+02,3.449468733641592735e+03,-9.995608834128162368e-01,9.995608834128162368e-01,9.999999999999884537e-01
5.540000000000000000e+02,3.480884660177490787e+03,9.995901217117704185e-01,9.995901217117704185e-01,9.999999999999923395e-01
5.600000000000000000e+02,3.518583772020568176e+03,9.983663236723636647e-01,9.983663236723636647e-01,9.999999999999936717e-01
5.660000000000000000e+02,3.556282883863646020e+03,9.987571937664978527e-01,9.987571937664978527e-01,9.999999999999930056e-01
5.710000000000000000e+02,3.587698810399543618e+03,-9.982543490878673653e-01,9.982543490878673653e-01,9.999999999999866773e-01
5.770000000000000000e+02,3.625397922242621462e+03,-9.993903354328851352e-01,9.993903354328851352e-01,9.999999999999875655e-01
5.830000000000000000e+02,3.663097034085698851e+03,-9.983407593418633930e-01,9.983407593418633930e-01,9.999999999999860112e-01
5.890000000000000000e+02,3.700796145928776241e+03,-9.986452030954019454e-01,9.986452030954019454e-01,9.999999999999878986e-01
5.950000000000000000e+02,3.738495257771853630e+03,-9.986398346953246907e-01,9.986398346953246907e-01,9.999999999999866773e-01
6.010000000000000000e+02,3.776194369614931475e+03,-9.992270339432406390e-01,9.992270339432406390e-01,9.999999999999872324e-01
6.070000000000000000e+02,3.813893481458008864e+03,-9.984636802984199200e-01,9.984636802984199200e-01,9.999999999999864553e-01
6.140000000000000000e+02,3.857875778608266046e+03,9.986767461704708637e-01,9.986767461704708637e-01,9.999999999999921174e-01
6.200000000000000000e+02,3.895574890451343435e+03,9.982479480721050402e-01,9.982479480721050402e-01,9.999999999999930056e-01
6.260000000000000000e+02,3.933274002294420825e+03,9.994429706303972205e-01,9.994429706303972205e-01,9.999999999999911182e-01
6.330000000000000000e+02,3.977256299444678007e+03,-9.986330389354722836e-01,9.986330389354722836e-01,9.999999999999873435e-01
6.390000000000000000e+02,4.014955411287755396e+03,-9.987692499368983068e-01,9.987692499368983068e-01,9.999999999999855671e-01
6.460000000000000000e+02,4.058937708438012578e+03,9.983822514987303887e-01,9.983822514987303887e-01,9.999999999999932276e-01
6.520000000000000000e+02,4.096636820281089967e+03,9.996973486538389686e-01,9.996973486538389686e-01,9.999999999999906741e-01
6.590000000000000000e+02,4.140619117431347149e+03,-9.990927441344292781e-01,9.990927441344292781e-01,9.999999999999865663e-01
6.660000000000000000e+02,4.184601414581604331e+03,9.987384525067809493e-01,9.987384525067809493e-01,9.999999999999907851e-01
6.720000000000000000e+02,4.222300526424682175e+03,9.984524943303467737e-01,9.984524943303467737e-01,9.999999999999924505e-01
6.790000000000000000e+02,4.266282823574939357e+03,-9.978288040604659237e-01,9.978288040604659237e-01,9.999999999999851230e-01
6.860000000000000000e+02,4.310265120725196539e+03,9.984464387893503545e-01,9.984464387893503545e-01,9.999999999999923395e-01
6.930000000000000000e+02,4.354247417875452811e+03,-9.989017247635817442e-01,9.989017247635817442e-01,9.999999999999845679e-01
7.000000000000000000e+02,4.398229715025709993e+03,9.983203603684565053e-01,9.983203603684565053e-01,9.999999999999923395e-01
7.070000000000000000e+02,4.442212012175967175e+03,-9.980822052078019979e-01,9.980822052078019979e-01,9.999999999999841238e-01
7.150000000000000000e+02,4.492477494633404604e+03,-9.987570087483125247e-01,9.987570087483125247e-01,9.999999999999862332e-01
7.220000000000000000e+02,4.536459791783660876e+03,9.992058021612058027e-01,9.992058021612058027e-01,9.999999999999898970e-01
7.290000000000000000e+02,4.580442088933918058e+03,-9.995435677981364675e-01,9.995435677981364675e-01,9.999999999999860112e-01
7.370000000000000000e+02,4.630707571391355486e+03,-9.990414758013016483e-01,9.990414758013016483e-01,9.999999999999842348e-01
7.440000000000000000e+02,4.674689868541611759e+03,9.985852486059221267e-01,9.985852486059221267e-01,9.999999999999913403e-01
7.520000000000000000e+02,4.724955350999049188e+03,9.992012271543951885e-01,9.992012271543951885e-01,9.999999999999896749e-01
7.600000000000000000e+02,4.775220833456485707e+03,9.991848361715948146e-01,9.991848361715948146e-01,9.999999999999903411e-01
7.670000000000000000e+02,4.819203130606742889e+03,-9.985635839674359415e-01,9.985635839674359415e-01,9.999999999999847899e-01
7.750000000000000000e+02,4.869468613064179408e+03,-9.984910438278123967e-01,9.984910438278123967e-01,9.999999999999837907e-01
7.830000000000000000e+02,4.919734095521615927e+03,-9.995928926546842064e-01,9.995928926546842064e-01,9.999999999999847899e-01
7.910000000000000000e+02,4.969999577979052447e+03,-9.987064490894985713e-01,9.987064490894985713e-01,9.999999999999830136e-01
7.990000000000000000e+02,5.020265060436488966e+03,-9.995507334302303759e-01,9.995507334302303759e-01,9.999999999999849010e-01
8.070000000000000000e+02,5.070530542893926395e+03,-9.987389651010548652e-01,9.987389651010548652e-01,9.999999999999835687e-01
8.160000000000000000e+02,5.127079210658542252e+03,9.988199918373537045e-01,9.988199918373537045e-01,9.999999999999893419e-01
8.240000000000000000e+02,5.177344693115978771e+03,9.988747006933067496e-01,9.988747006933067496e-01,9.999999999999902300e-01
8.320000000000000000e+02,5.227610175573416200e+03,9.996321215398480398e-01,9.996321215398480398e-01,9.999999999999877875e-01
8.410000000000000000e+02,5.284158843338032057e+03,-9.988094566641145811e-01,9.988094566641145811e-01,9.999999999999840128e-01
8.490000000000000000e+02,5.334424325795468576e+03,-9.980988399732563243e-01,9.980988399732563243e-01,9.999999999999833467e-01
8.580000000000000000e+02,5.390972993560085342e+03,9.994091299635213810e-01,9.994091299635213810e-01,9.999999999999886757e-01
8.670000000000000000e+02,5.447521661324701199e+03,-9.990160958644107581e-01,9.990160958644107581e-01,9.999999999999839018e-01
8.760000000000000000e+02,5.504070329089317966e+03,9.996355477461951189e-01,9.996355477461951189e-01,9.999999999999873435e-01
8.850000000000000000e+02,5.560618996853933822e+03,-9.982238234961114953e-01,9.982238234961114953e-01,9.999999999999823475e-01
8.940000000000000000e+02,5.617167664618549679e+03,9.988324056537533080e-01,9.988324056537533080e-01,9.999999999999894529e-01
9.030000000000000000e+02,5.673716332383166446e+03,-9.981349486112740532e-01,9.981349486112740532e-01,9.999999999999817923e-01
9.120000000000000000e+02,5.730265000147782303e+03,9.991517119813607684e-01,9.991517119813607684e-01,9.999999999999882316e-01
9.210000000000000000e+02,5.786813667912399069e+03,-9.988611039326424912e-01,9.988611039326424912e-01,9.999999999999829026e-01
9.310000000000000000e+02,5.849645520984195173e+03,-9.982837748522779275e-01,9.982837748522779275e-01,9.999999999999816813e-01
9.400000000000000000e+02,5.906194188748811030e+03,9.990083262842162082e-01,9.990083262842162082e-01,9.999999999999883427e-01
9.500000000000000000e+02,5.969026041820607134e+03,9.984660178853834722e-01,9.984660178853834722e-01,9.999999999999890088e-01
9.600000000000000000e+02,6.031857894892402328e+03,9.987748318379812140e-01,9.987748318379812140e-01,9.999999999999868994e-01
9.690000000000000000e+02,6.088406562657019094e+03,-9.989257172440085819e-01,9.989257172440085819e-01,9.999999999999810152e-01
9.790000000000000000e+02,6.151238415728815198e+03,-9.994704278143700105e-01,9.994704278143700105e-01,9.999999999999823475e-01
9.890000000000000000e+02,6.214070268800610393e+03,-9.990637189953044395e-01,9.990637189953044395e-01,9.999999999999815703e-01
9.990000000000000000e+02,6.276902121872406497e+03,-9.982665247218704963e-01,9.982665247218704963e-01,9.999999999999804601e-01
1.010000000000000000e+03,6.346017160251381938e+03,9.993462169648912319e-01,9.993462169648912319e-01,9.999999999999866773e-01
1.020000000000000000e+03,6.408849013323178042e+03,9.986669477373077974e-01,9.986669477373077974e-01,9.999999999999878986e-01
1.030000000000000000e+03,6.471680866394974146e+03,9.990160590392662687e-01,9.990160590392662687e-01,9.999999999999863443e-01
1.041000000000000000e+03,6.540795904773949587e+03,-9.988383329707537506e-01,9.988383329707537506e-01,9.999999999999796829e-01
1.051000000000000000e+03,6.603627757845744782e+03,-9.990068261965705521e-01,9.990068261965705521e-01,9.999999999999806821e-01
1.062000000000000000e+03,6.672742796224720223e+03,9.983739200056653829e-01,9.983739200056653829e-01,9.999999999999871214e-01
1.073000000000000000e+03,6.741857834603695665e+03,-9.987012442601904683e-01,9.987012442601904683e-01,9.999999999999810152e-01
1.084000000000000000e+03,6.810972872982671106e+03,9.993240665882547891e-01,9.993240665882547891e-01,9.999999999999845679e-01
1.095000000000000000e+03,6.880087911361646547e+03,-9.988429395264175614e-01,9.988429395264175614e-01,9.999999999999789058e-01
1.106000000000000000e+03,6.949202949740621989e+03,9.985386783784230280e-01,9.985386783784230280e-01,9.999999999999862332e-01
1.117000000000000000e+03,7.018317988119597430e+03,-9.989075767580855025e-01,9.989075767580855025e-01,9.999999999999806821e-01
1.129000000000000000e+03,7.093716211805753119e+03,-9.996829678790453144e-01,9.996829678790453144e-01,9.999999999999799050e-01
1.140000000000000000e+03,7.162831250184728560e+03,9.987068899491471363e-01,9.987068899491471363e-01,9.999999999999839018e-01
1.152000000000000000e+03,7.238229473870883339e+03,9.994997871469983863e-01,9.994997871469983863e-01,9.999999999999836797e-01
1.164000000000000000e+03,7.313627697557038118e+03,9.993361556079195518e-01,9.993361556079195518e-01,9.999999999999840128e-01
1.176000000000000000e+03,7.389025921243193807e+03,9.984881956046258722e-01,9.984881956046258722e-01,9.999999999999849010e-01
1.188000000000000000e+03,7.464424144929348586e+03,9.987215646042710837e-01,9.987215646042710837e-01,9.999999999999851230e-01
1.200000000000000000e+03,7.539822368615503365e+03,9.984254962358445340e-01,9.984254962358445340e-01,9.999999999999853451e-01
1.212000000000000000e+03,7.615220592301658144e+03,9.984654783169577552e-01,9.984654783169577552e-01,9.999999999999844569e-01
1.224000000000000000e+03,7.690618815987813832e+03,9.994593397582466343e-01,9.994593397582466343e-01,9.999999999999831246e-01
1.237000000000000000e+03,7.772300224981147949e+03,-9.988777973494451512e-01,9.988777973494451512e-01,9.999999999999773515e-01
1.250000000000000000e+03,7.853981633974482975e+03,9.995220305831445939e-01,9.995220305831445939e-01,9.999999999999825695e-01
1.262000000000000000e+03,7.929379857660637754e+03,9.994714899139338637e-01,9.994714899139338637e-01,9.999999999999820144e-01
1.275000000000000000e+03,8.011061266653972780e+03,-9.984427061454266283e-01,9.984427061454266283e-01,9.999999999999766853e-01
1.288000000000000000e+03,8.092742675647306896e+03,9.992017987377594945e-01,9.992017987377594945e-01,9.999999999999829026e-01
1.301000000000000000e+03,8.174424084640641922e+03,-9.991718757352034963e-01,9.991718757352034963e-01,9.999999999999771294e-01
1.315000000000000000e+03,8.262388678941155376e+03,-9.985626722869382910e-01,9.985626722869382910e-01,9.999999999999764633e-01
1.328000000000000000e+03,8.344070087934491312e+03,9.981484874103074834e-01,9.981484874103074834e-01,9.999999999999834577e-01
1.342000000000000000e+03,8.432034682235003856e+03,9.990401331493969916e-01,9.990401331493969916e-01,9.999999999999826805e-01
1.355000000000000000e+03,8.513716091228339792e+03,-9.992880650685718180e-01,9.992880650685718180e-01,9.999999999999766853e-01
1.369000000000000000e+03,8.601680685528854156e+03,-9.988937820244752075e-01,9.988937820244752075e-01,9.999999999999767963e-01
1.383000000000000000e+03,8.689645279829368519e+03,-9.990184034324679496e-01,9.990184034324679496e-01,9.999999999999763522e-01
1.397000000000000000e+03,8.777609874129881064e+03,-9.992253471781046281e-01,9.992253471781046281e-01,9.999999999999761302e-01
1.412000000000000000e+03,8.871857653737575674e+03,9.989797060590567268e-01,9.989797060590567268e-01,9.999999999999814593e-01
1.426000000000000000e+03,8.959822248038090038e+03,9.984326620651279294e-01,9.984326620651279294e-01,9.999999999999816813e-01
1.441000000000000000e+03,9.054070027645784648e+03,-9.986483769205318772e-01,9.986483769205318772e-01,9.999999999999742428e-01
1.455000000000000000e+03,9.142034621946297193e+03,-9.981456335948720726e-01,9.981456335948720726e-01,9.999999999999745759e-01
1.470000000000000000e+03,9.236282401553991804e+03,9.988045679592922887e-01,9.988045679592922887e-01,9.999999999999801270e-01
1.485000000000000000e+03,9.330530181161686414e+03,-9.982622390050115424e-01,9.982622390050115424e-01,9.999999999999731326e-01
1.500000000000000000e+03,9.424777960769379206e+03,9.992725188171267536e-01,9.992725188171267536e-01,9.999999999999792388e-01
1.516000000000000000e+03,9.525308925684252245e+03,9.986452432527648249e-01,9.986452432527648249e-01,9.999999999999796829e-01
1.531000000000000000e+03,9.619556705291946855e+03,-9.991802728168448500e-01,9.991802728168448500e-01,9.999999999999742428e-01
1.547000000000000000e+03,9.720087670206819894e+03,-9.988713012887266984e-01,9.988713012887266984e-01,9.999999999999750200e-01
1.562000000000000000e+03,9.814335449814514504e+03,9.984433745571700269e-01,9.984433745571700269e-01,9.999999999999803491e-01
1.578000000000000000e+03,9.914866414729387543e+03,9.981034007597997526e-01,9.981034007597997526e-01,9.999999999999797939e-01
1.595000000000000000e+03,1.002168056495144083e+04,-9.988362114242150813e-01,9.988362114242150813e-01,9.999999999999724665e-01
1.611000000000000000e+03,1.012221152986631387e+04,-9.985834581845610680e-01,9.985834581845610680e-01,9.999999999999718003e-01
1.627000000000000000e+03,1.022274249478118691e+04,-9.982528294942181191e-01,9.982528294942181191e-01,9.999999999999725775e-01
1.644000000000000000e+03,1.032955664500324019e+04,9.988152653002644321e-01,9.988152653002644321e-01,9.999999999999790168e-01
1.661000000000000000e+03,1.043637079522529348e+04,-9.985853220960956289e-01,9.985853220960956289e-01,9.999999999999718003e-01
1.678000000000000000e+03,1.054318494544734494e+04,9.989549365054726238e-01,9.989549365054726238e-01,9.999999999999771294e-01
1.695000000000000000e+03,1.064999909566939823e+04,-9.987254968603722638e-01,9.987254968603722638e-01,9.999999999999706901e-01
1.712000000000000000e+03,1.075681324589145152e+04,9.980587097513200501e-01,9.980587097513200501e-01,9.999999999999777955e-01
1.729000000000000000e+03,1.086362739611350480e+04,-9.996839061376108226e-01,9.996839061376108226e-01,9.999999999999715783e-01
1.747000000000000000e+03,1.097672473164273651e+04,-9.988589991091557652e-01,9.988589991091557652e-01,9.999999999999699130e-01
1.765000000000000000e+03,1.108982206717197005e+04,-9.989772428476361155e-01,9.989772428476361155e-01,9.999999999999703570e-01
1.783000000000000000e+03,1.120291940270120176e+04,-9.998313612964577768e-01,9.998313612964577768e-01,9.999999999999710232e-01
1.801000000000000000e+03,1.131601673823043529e+04,-9.989445439925181969e-01,9.989445439925181969e-01,9.999999999999701350e-01
1.820000000000000000e+03,1.143539725906684725e+04,9.988800371344701556e-01,9.988800371344701556e-01,9.999999999999747979e-01
1.838000000000000000e+03,1.154849459459607897e+04,9.979694621209154182e-01,9.979694621209154182e-01,9.999999999999763522e-01
1.857000000000000000e+03,1.166787511543249093e+04,-9.985090364910371719e-01,9.985090364910371719e-01,9.999999999999691358e-01
1.876000000000000000e+03,1.178725563626890289e+04,9.993561312200660574e-01,9.993561312200660574e-01,9.999999999999740208e-01
1.895000000000000000e+03,1.190663615710531667e+04,-9.987960721046373891e-01,9.987960721046373891e-01,9.999999999999696909e-01
1.914000000000000000e+03,1.202601667794172863e+04,9.996515125344771491e-01,9.996515125344771491e-01,9.999999999999733546e-01
1.934000000000000000e+03,1.215168038408531902e+04,9.982634627027251462e-01,9.982634627027251462e-01,9.999999999999747979e-01
1.954000000000000000e+03,1.227734409022891123e+04,9.985526522456376064e-01,9.985526522456376064e-01,9.999999999999739098e-01
1.974000000000000000e+03,1.240300779637250344e+04,9.989982717650509603e-01,9.989982717650509603e-01,9.999999999999731326e-01
1.994000000000000000e+03,1.252867150251609564e+04,9.991028134485866463e-01,9.991028134485866463e-01,9.999999999999739098e-01
2.014000000000000000e+03,1.265433520865968603e+04,9.989734631589741731e-01,9.989734631589741731e-01,9.999999999999719114e-01
2.035000000000000000e+03,1.278628210011045849e+04,-9.992521427812950385e-01,9.992521427812950385e-01,9.999999999999674705e-01
2.055000000000000000e+03,1.291194580625404888e+04,-9.979804427885546891e-01,9.979804427885546891e-01,9.999999999999658051e-01
2.076000000000000000e+03,1.304389269770482133e+04,9.984755935695147633e-01,9.984755935695147633e-01,9.999999999999732436e-01
2.098000000000000000e+03,1.318212277446277221e+04,9.988001668106372133e-01,9.988001668106372133e-01,9.999999999999710232e-01
2.119000000000000000e+03,1.331406966591354285e+04,-9.987288404500129779e-01,9.987288404500129779e-01,9.999999999999662492e-01
2.141000000000000000e+03,1.345229974267149373e+04,-9.992070537504730288e-01,9.992070537504730288e-01,9.999999999999652500e-01
2.162000000000000000e+03,1.358424663412226619e+04,9.991894479503728999e-01,9.991894479503728999e-01,9.999999999999711342e-01
2.185000000000000000e+03,1.372875989618739550e+04,-9.995793261289511733e-01,9.995793261289511733e-01,9.999999999999656941e-01
2.207000000000000000e+03,1.386698997294534638e+04,-9.980553616991811872e-01,9.980553616991811872e-01,9.999999999999636957e-01
2.229000000000000000e+03,1.400522004970329726e+04,-9.994376530634602185e-01,9.994376530634602185e-01,9.999999999999646949e-01
2.252000000000000000e+03,1.414973331176842839e+04,9.992514550024509390e-01,9.992514550024509390e-01,9.999999999999693578e-01
2.275000000000000000e+03,1.429424657383355952e+04,-9.985958976808639864e-01,9.985958976808639864e-01,9.999999999999626965e-01
2.298000000000000000e+03,1.443875983589868883e+04,9.988512819715534841e-01,9.988512819715534841e-01,9.999999999999700240e-01
2.322000000000000000e+03,1.458955628327099839e+04,9.985945720932463132e-01,9.985945720932463132e-01,9.999999999999685807e-01
2.346000000000000000e+03,1.474035273064330977e+04,9.989074979878560523e-01,9.989074979878560523e-01,9.999999999999673594e-01
2.369000000000000000e+03,1.488486599270843908e+04,-9.984858855136740097e-01,9.984858855136740097e-01,9.999999999999628075e-01
2.394000000000000000e+03,1.504194562538792889e+04,9.985353410712323186e-01,9.985353410712323186e-01,9.999999999999684697e-01
2.418000000000000000e+03,1.519274207276024026e+04,9.985191451456818523e-01,9.985191451456818523e-01,9.999999999999672484e-01
2.443000000000000000e+03,1.534982170543973007e+04,-9.985784371986543562e-01,9.985784371986543562e-01,9.999999999999602540e-01
2.468000000000000000e+03,1.550690133811921805e+04,9.993816357150711038e-01,9.993816357150711038e-01,9.999999999999661382e-01
2.493000000000000000e+03,1.566398097079870786e+04,-9.985138732302429876e-01,9.985138732302429876e-01,9.999999999999609201e-01
2.518000000000000000e+03,1.582106060347819766e+04,9.983433453223842236e-01,9.983433453223842236e-01,9.999999999999666933e-01
2.544000000000000000e+03,1.598442342146486772e+04,9.982741127214914689e-01,9.982741127214914689e-01,9.999999999999656941e-01
2.570000000000000000e+03,1.614778623945153595e+04,9.986115313510812719e-01,9.986115313510812719e-01,9.999999999999642508e-01
2.596000000000000000e+03,1.631114905743820600e+04,9.989125794741119391e-01,9.989125794741119391e-01,9.999999999999638067e-01
2.623000000000000000e+03,1.648079506073205630e+04,-9.986855325845499509e-01,9.986855325845499509e-01,9.999999999999577005e-01
2.649000000000000000e+03,1.664415787871872453e+04,-9.989978331123876565e-01,9.989978331123876565e-01,9.999999999999575895e-01
2.677000000000000000e+03,1.682008706731975326e+04,-9.988612291493862427e-01,9.988612291493862427e-01,9.999999999999575895e-01
2.704000000000000000e+03,1.698973307061360174e+04,9.984171723717920610e-01,9.984171723717920610e-01,9.999999999999632516e-01
2.731000000000000000e+03,1.715937907390745022e+04,-9.991402524344015212e-01,9.991402524344015212e-01,9.999999999999570344e-01
2.759000000000000000e+03,1.733530826250847895e+04,-9.986254179353812876e-01,9.986254179353812876e-01,9.999999999999568123e-01
2.788000000000000000e+03,1.751752063641668792e+04,9.992851519374339464e-01,9.992851519374339464e-01,9.999999999999611422e-01
2.816000000000000000e+03,1.769344982501771301e+04,9.996350044495443399e-01,9.996350044495443399e-01,9.999999999999609201e-01
2.845000000000000000e+03,1.787566219892592198e+04,-9.984771071551353794e-01,9.984771071551353794e-01,9.999999999999547029e-01
2.874000000000000000e+03,1.805787457283413096e+04,9.987489932635231771e-01,9.987489932635231771e-01,9.999999999999599209e-01
2.903000000000000000e+03,1.824008694674233993e+04,-9.985197415745120653e-01,9.985197415745120653e-01,9.999999999999542588e-01
2.933000000000000000e+03,1.842858250595772552e+04,-9.986744055012630739e-01,9.986744055012630739e-01,9.999999999999552580e-01
2.963000000000000000e+03,1.861707806517311474e+04,-9.997023053926875624e-01,9.997023053926875624e-01,9.999999999999545919e-01
2.993000000000000000e+03,1.880557362438850032e+04,-9.987639448670001530e-01,9.987639448670001530e-01,9.999999999999540368e-01
3.023000000000000000e+03,1.899406918360388954e+04,-9.985488788688328121e-01,9.985488788688328121e-01,9.999999999999529265e-01
3.054000000000000000e+03,1.918884792812645537e+04,9.988162989487261445e-01,9.988162989487261445e-01,9.999999999999575895e-01
3.085000000000000000e+03,1.938362667264902484e+04,-9.988305562265917814e-01,9.988305562265917814e-01,9.999999999999522604e-01
3.117000000000000000e+03,1.958468860247877092e+04,-9.992520977665542148e-01,9.992520977665542148e-01,9.999999999999524825e-01
3.149000000000000000e+03,1.978575053230851699e+04,-9.986620855202263947e-01,9.986620855202263947e-01,9.999999999999508171e-01
3.181000000000000000e+03,1.998681246213826307e+04,-9.982434477262405181e-01,9.982434477262405181e-01,9.999999999999504841e-01
3.213000000000000000e+03,2.018787439196800915e+04,-9.998059049551674127e-01,9.998059049551674127e-01,9.999999999999510392e-01
3.246000000000000000e+03,2.039521950710493547e+04,9.993941140074100726e-01,9.993941140074100726e-01,9.999999999999551470e-01
3.279000000000000000e+03,2.060256462224186180e+04,-9.983752033185847585e-01,9.983752033185847585e-01,9.999999999999499289e-01
3.313000000000000000e+03,2.081619292268596837e+04,-9.990228762194863776e-01,9.990228762194863776e-01,9.999999999999491518e-01
3.347000000000000000e+03,2.102982122313007494e+04,-9.990149796476633925e-01,9.990149796476633925e-01,9.999999999999478195e-01
3.381000000000000000e+03,2.124344952357418151e+04,-9.993288614659513458e-01,9.993288614659513458e-01,9.999999999999489297e-01
3.415000000000000000e+03,2.145707782401828808e+04,-9.980431429275842259e-01,9.980431429275842259e-01,9.999999999999469313e-01
3.450000000000000000e+03,2.167698930976957126e+04,9.986603709864420031e-01,9.986603709864420031e-01,9.999999999999542588e-01
3.485000000000000000e+03,2.189690079552085808e+04,-9.979947317929879214e-01,9.979947317929879214e-01,9.999999999999458211e-01
3.521000000000000000e+03,2.212309546657932151e+04,-9.986662971667814581e-01,9.986662971667814581e-01,9.999999999999462652e-01
3.557000000000000000e+03,2.234929013763778858e+04,-9.986095067089476585e-01,9.986095067089476585e-01,9.999999999999459321e-01
3.593000000000000000e+03,2.257548480869625200e+04,-9.980421786961128916e-01,9.980421786961128916e-01,9.999999999999449329e-01
3.630000000000000000e+03,2.280796266506189932e+04,9.987176820470178296e-01,9.987176820470178296e-01,9.999999999999518163e-01
3.667000000000000000e+03,2.304044052142754299e+04,-9.986146812372562742e-01,9.986146812372562742e-01,9.999999999999441558e-01
3.704000000000000000e+03,2.327291837779318666e+04,9.986848852665428655e-01,9.986848852665428655e-01,9.999999999999489297e-01
3.742000000000000000e+03,2.351167941946601059e+04,9.980668471561116029e-01,9.980668471561116029e-01,9.999999999999499289e-01
3.780000000000000000e+03,2.375044046113883451e+04,9.990219571968521617e-01,9.990219571968521617e-01,9.999999999999484857e-01
3.819000000000000000e+03,2.399548468811883868e+04,-9.988637353010410003e-01,9.988637353010410003e-01,9.999999999999413802e-01
3.858000000000000000e+03,2.424052891509884284e+04,9.989076473948224066e-01,9.989076473948224066e-01,9.999999999999467093e-01
3.897000000000000000e+03,2.448557314207884701e+04,-9.983156207674228622e-01,9.983156207674228622e-01,9.999999999999409361e-01
3.937000000000000000e+03,2.473690055436603143e+04,-9.995107500306055215e-01,9.995107500306055215e-01,9.999999999999410472e-01
3.977000000000000000e+03,2.498822796665321584e+04,-9.987064881816024586e-01,9.987064881816024586e-01,9.999999999999408251e-01
4.018000000000000000e+03,2.524583856424757687e+04,9.979072125680449323e-01,9.979072125680449323e-01,9.999999999999464873e-01
4.059000000000000000e+03,2.550344916184194153e+04,-9.988089934275435899e-01,9.988089934275435899e-01,9.999999999999397149e-01
4.100000000000000000e+03,2.576105975943630256e+04,9.980912386047592344e-01,9.980912386047592344e-01,9.999999999999444888e-01
4.142000000000000000e+03,2.602495354233784747e+04,9.980918276269427070e-01,9.980918276269427070e-01,9.999999999999441558e-01
4.184000000000000000e+03,2.628884732523938874e+04,9.987660966499734005e-01,9.987660966499734005e-01,9.999999999999437117e-01
4.227000000000000000e+03,2.655902429344811026e+04,-9.986911129554496558e-01,9.986911129554496558e-01,9.999999999999371614e-01
4.270000000000000000e+03,2.682920126165683178e+04,9.980972798460976403e-01,9.980972798460976403e-01,9.999999999999423794e-01
4.314000000000000000e+03,2.710566141517273354e+04,9.983323913284012363e-01,9.983323913284012363e-01,9.999999999999412692e-01
4.358000000000000000e+03,2.738212156868863531e+04,9.986597530089900143e-01,9.986597530089900143e-01,9.999999999999397149e-01
4.402000000000000000e+03,2.765858172220453707e+04,9.986122415580147571e-01,9.986122415580147571e-01,9.999999999999387157e-01
4.447000000000000000e+03,2.794132506102761909e+04,-9.994325085012176757e-01,9.994325085012176757e-01,9.999999999999339417e-01
4.493000000000000000e+03,2.823035158515788135e+04,-9.989541319514489981e-01,9.989541319514489981e-01,9.999999999999331646e-01
4.538000000000000000e+03,2.851309492398096336e+04,9.988065995750118331e-01,9.988065995750118331e-01,9.999999999999373834e-01
4.585000000000000000e+03,2.880840463341840223e+04,-9.985814100670871163e-01,9.985814100670871163e-01,9.999999999999321654e-01
4.632000000000000000e+03,2.910371434285584473e+04,9.988555865560749814e-01,9.988555865560749814e-01,9.999999999999371614e-01
4.679000000000000000e+03,2.939902405229328360e+04,-9.989702533306314969e-01,9.989702533306314969e-01,9.999999999999292788e-01
4.727000000000000000e+03,2.970061694703790272e+04,-9.990282333843307772e-01,9.990282333843307772e-01,9.999999999999297229e-01
4.775000000000000000e+03,3.000220984178252547e+04,-9.984315293766720112e-01,9.984315293766720112e-01,9.999999999999275024e-01
4.824000000000000000e+03,3.031008592183432484e+04,9.980858519356257119e-01,9.980858519356257119e-01,9.999999999999348299e-01
4.873000000000000000e+03,3.061796200188612420e+04,-9.982320037459355699e-01,9.982320037459355699e-01,9.999999999999267253e-01
4.923000000000000000e+03,3.093212126724510381e+04,-9.987876465912975954e-01,9.987876465912975954e-01,9.999999999999271694e-01
4.973000000000000000e+03,3.124628053260408342e+04,-9.992035086693247248e-01,9.992035086693247248e-01,9.999999999999260591e-01
5.024000000000000000e+03,3.156672298327023964e+04,9.996581939843200981e-01,9.996581939843200981e-01,9.999999999999300559e-01
5.075000000000000000e+03,3.188716543393639949e+04,-9.990807800853459542e-01,9.990807800853459542e-01,9.999999999999248379e-01
5.127000000000000000e+03,3.221389106990973960e+04,-9.995689493002662962e-01,9.995689493002662962e-01,9.999999999999239497e-01
5.179000000000000000e+03,3.254061670588307607e+04,-9.988182172519439739e-01,9.988182172519439739e-01,9.999999999999225064e-01
5.232000000000000000e+03,3.287362552716359642e+04,9.990320084824639846e-01,9.990320084824639846e-01,9.999999999999270583e-01
5.285000000000000000e+03,3.320663434844411677e+04,-9.988687170210654998e-01,9.988687170210654998e-01,9.999999999999217293e-01
5.339000000000000000e+03,3.354592635503181373e+04,-9.993648772358331156e-01,9.993648772358331156e-01,9.999999999999212852e-01
5.394000000000000000e+03,3.389150154692668730e+04,9.979728085803700743e-01,9.979728085803700743e-01,9.999999999999271694e-01
5.449000000000000000e+03,3.423707673882156814e+04,-9.993141743536184674e-01,9.993141743536184674e-01,9.999999999999205080e-01
5.504000000000000000e+03,3.458265193071644171e+04,9.982428978622739368e-01,9.982428978622739368e-01,9.999999999999255040e-01
5.560000000000000000e+03,3.493451030791849917e+04,9.988911817212943189e-01,9.988911817212943189e-01,9.999999999999246159e-01
5.617000000000000000e+03,3.529265187042773323e+04,-9.991628118019012517e-01,9.991628118019012517e-01,9.999999999999175104e-01
5.675000000000000000e+03,3.565707661824415118e+04,-9.981532456589574664e-01,9.981532456589574664e-01,9.999999999999159561e-01
5.732000000000000000e+03,3.601521818075338524e+04,9.993476208889956469e-01,9.993476208889956469e-01,9.999999999999197309e-01
5.791000000000000000e+03,3.638592611387698707e+04,-9.983576721126320441e-01,9.983576721126320441e-01,9.999999999999145128e-01
5.850000000000000000e+03,3.675663404700058163e+04,9.980820730319053258e-01,9.980820730319053258e-01,9.999999999999209521e-01
5.910000000000000000e+03,3.713362516543135280e+04,9.991795090613722063e-01,9.991795090613722063e-01,9.999999999999185096e-01
5.970000000000000000e+03,3.751061628386213124e+04,9.993729049203141646e-01,9.993729049203141646e-01,9.999999999999171774e-01
6.031000000000000000e+03,3.789389058760008629e+04,-9.994282125947445694e-01,9.994282125947445694e-01,9.999999999999116262e-01
6.093000000000000000e+03,3.828344807664521795e+04,-9.984190994692769827e-01,9.984190994692769827e-01,9.999999999999098499e-01
6.155000000000000000e+03,3.867300556569035689e+04,-9.996032688077853834e-01,9.996032688077853834e-01,9.999999999999105160e-01
6.218000000000000000e+03,3.906884624004266516e+04,9.988244310173408635e-01,9.988244310173408635e-01,9.999999999999135136e-01
6.281000000000000000e+03,3.946468691439498070e+04,-9.993828075569877178e-01,9.993828075569877178e-01,9.999999999999088507e-01
6.345000000000000000e+03,3.986681077405447286e+04,-9.981992968281390155e-01,9.981992968281390155e-01,9.999999999999062972e-01
6.410000000000000000e+03,4.027521781902114890e+04,9.992959074568832367e-01,9.992959074568832367e-01,9.999999999999116262e-01
6.475000000000000000e+03,4.068362486398781766e+04,-9.995413507124170094e-01,9.995413507124170094e-01,9.999999999999060751e-01
6.541000000000000000e+03,4.109831509426167031e+04,-9.987286112299549323e-01,9.987286112299549323e-01,9.999999999999041878e-01
6.608000000000000000e+03,4.151928850984270684e+04,9.993141861066979770e-01,9.993141861066979770e-01,9.999999999999078515e-01
6.676000000000000000e+03,4.194654511073091999e+04,9.994473017773446433e-01,9.994473017773446433e-01,9.999999999999070743e-01
6.744000000000000000e+03,4.237380171161913313e+04,9.984738720020251979e-01,9.984738720020251979e-01,9.999999999999068523e-01
6.813000000000000000e+03,4.280734149781452288e+04,-9.985197851028770888e-01,9.985197851028770888e-01,9.999999999998996358e-01
6.882000000000000000e+03,4.324088128400991263e+04,9.990030042915019060e-01,9.990030042915019060e-01,9.999999999999054090e-01
6.952000000000000000e+03,4.368070425551248627e+04,9.988158460399874095e-01,9.988158460399874095e-01,9.999999999999040767e-01
7.023000000000000000e+03,4.412681041232223652e+04,-9.985607091277644010e-01,9.985607091277644010e-01,9.999999999998965272e-01
7.095000000000000000e+03,4.457919975443916337e+04,-9.984577897674242752e-01,9.984577897674242752e-01,9.999999999998963052e-01
7.167000000000000000e+03,4.503158909655609750e+04,-9.990272574181972010e-01,9.990272574181972010e-01,9.999999999998955280e-01
7.241000000000000000e+03,4.549654480928738485e+04,-9.987772890682118376e-01,9.987772890682118376e-01,9.999999999998950839e-01
7.314000000000000000e+03,4.595521733671149559e+04,9.992565515316821356e-01,9.992565515316821356e-01,9.999999999998984146e-01
7.389000000000000000e+03,4.642645623474995955e+04,-9.992006926869378969e-01,9.992006926869378969e-01,9.999999999998926414e-01
7.464000000000000000e+03,4.689769513278843078e+04,9.992556859940162628e-01,9.992556859940162628e-01,9.999999999998971933e-01
7.541000000000000000e+03,4.738150040144126251e+04,-9.991955589259797765e-01,9.991955589259797765e-01,9.999999999998906430e-01
7.618000000000000000e+03,4.786530567009408696e+04,9.990424664550703326e-01,9.990424664550703326e-01,9.999999999998947509e-01
7.695000000000000000e+03,4.834911093874691869e+04,-9.987419949881412018e-01,9.987419949881412018e-01,9.999999999998885336e-01
7.774000000000000000e+03,4.884548257801410364e+04,9.989079091038786107e-01,9.989079091038786107e-01,9.999999999998915312e-01
7.853000000000000000e+03,4.934185421728128858e+04,-9.992353131998009674e-01,9.992353131998009674e-01,9.999999999998855360e-01
7.933000000000000000e+03,4.984450904185565741e+04,-9.997686880108120899e-01,9.997686880108120899e-01,9.999999999998857581e-01
8.014000000000000000e+03,5.035344705173720286e+04,9.981017296906611325e-01,9.981017296906611325e-01,9.999999999998903100e-01
8.096000000000000000e+03,5.086866824692593218e+04,9.985682313375372487e-01,9.985682313375372487e-01,9.999999999998884226e-01
8.179000000000000000e+03,5.139017262742183811e+04,-9.983236300201565605e-01,9.983236300201565605e-01,9.999999999998815392e-01
8.262000000000000000e+03,5.191167700791774405e+04,9.989483249554371724e-01,9.989483249554371724e-01,9.999999999998855360e-01
8.347000000000000000e+03,5.244574775902800320e+04,-9.988759967598432876e-01,9.988759967598432876e-01,9.999999999998796518e-01
8.432000000000000000e+03,5.297981851013826963e+04,9.983172135707704120e-01,9.983172135707704120e-01,9.999999999998845368e-01
8.518000000000000000e+03,5.352017244655571267e+04,9.986613756390126939e-01,9.986613756390126939e-01,9.999999999998829825e-01
8.605000000000000000e+03,5.406680956828033959e+04,-9.984664204077493554e-01,9.984664204077493554e-01,9.999999999998745448e-01
8.693000000000000000e+03,5.461972987531214312e+04,-9.992705374748500624e-01,9.992705374748500624e-01,9.999999999998743228e-01
8.781000000000000000e+03,5.517265018234394665e+04,-9.991931704386797231e-01,9.991931704386797231e-01,9.999999999998738787e-01
8.871000000000000000e+03,5.573813685999011068e+04,-9.986964409621144068e-01,9.986964409621144068e-01,9.999999999998712141e-01
8.961000000000000000e+03,5.630362353763627470e+04,-9.994281366546382550e-01,9.994281366546382550e-01,9.999999999998717692e-01
9.053000000000000000e+03,5.688167658589679195e+04,-9.984758674867518780e-01,9.984758674867518780e-01,9.999999999998693268e-01
9.145000000000000000e+03,5.745972963415731647e+04,-9.982648234330739889e-01,9.982648234330739889e-01,9.999999999998675504e-01
9.239000000000000000e+03,5.805034905303219421e+04,-9.995643267268445875e-01,9.995643267268445875e-01,9.999999999998672173e-01
9.333000000000000000e+03,5.864096847190707922e+04,-9.988947251076520928e-01,9.988947251076520928e-01,9.999999999998661071e-01
9.428000000000000000e+03,5.923787107608914084e+04,9.986156131535933733e-01,9.986156131535933733e-01,9.999999999998691047e-01
9.524000000000000000e+03,5.984105686557837907e+04,9.986262154424561110e-01,9.986262154424561110e-01,9.999999999998674394e-01
9.622000000000000000e+03,6.045680902568197780e+04,9.987672310659110320e-01,9.987672310659110320e-01,9.999999999998667732e-01
9.720000000000000000e+03,6.107256118578557653e+04,9.986970450071888106e-01,9.986970450071888106e-01,9.999999999998653299e-01
9.819000000000000000e+03,6.169459653119635914e+04,-9.995330609917016940e-01,9.995330609917016940e-01,9.999999999998593347e-01
9.919000000000000000e+03,6.232291506191431836e+04,-9.992483783840917511e-01,9.992483783840917511e-01,9.999999999998582245e-01
1.002000000000000000e+04,6.295751677793945419e+04,9.995239192860632116e-01,9.995239192860632116e-01,9.999999999998606670e-01
1.012300000000000000e+04,6.360468486457895051e+04,-9.992966631879300898e-01,9.992966631879300898e-01,9.999999999998542277e-01
1.022600000000000000e+04,6.425185295121844683e+04,9.989739546586713370e-01,9.989739546586713370e-01,9.999999999998592237e-01
1.033000000000000000e+04,6.490530422316512704e+04,9.987039079711821365e-01,9.987039079711821365e-01,9.999999999998566702e-01
1.043600000000000000e+04,6.557132186572616047e+04,9.985294474154543520e-01,9.985294474154543520e-01,9.999999999998556710e-01
1.054200000000000000e+04,6.623733950828720117e+04,9.984778986108369114e-01,9.984778986108369114e-01,9.999999999998554490e-01
1.065000000000000000e+04,6.691592352146259509e+04,9.984335471911144344e-01,9.984335471911144344e-01,9.999999999998525624e-01
1.075900000000000000e+04,6.760079071994517290e+04,-9.988269344657144666e-01,9.988269344657144666e-01,9.999999999998446798e-01
1.086800000000000000e+04,6.828565791842773615e+04,9.990269507310423069e-01,9.990269507310423069e-01,9.999999999998487876e-01
1.097900000000000000e+04,6.898309148752468172e+04,-9.984710279676221045e-01,9.984710279676221045e-01,9.999999999998411271e-01
1.109100000000000000e+04,6.968680824192879663e+04,-9.983367638230695729e-01,9.983367638230695729e-01,9.999999999998400169e-01
1.120500000000000000e+04,7.040309136694726476e+04,-9.991276564909447044e-01,9.991276564909447044e-01,9.999999999998391287e-01
1.131900000000000000e+04,7.111937449196573289e+04,-9.994459596182407868e-01,9.994459596182407868e-01,9.999999999998385736e-01
1.143400000000000000e+04,7.184194080229138490e+04,9.990102433522780601e-01,9.990102433522780601e-01,9.999999999998424594e-01
1.155100000000000000e+04,7.257707348323140468e+04,-9.984619630403699375e-01,9.984619630403699375e-01,9.999999999998340217e-01
1.166900000000000000e+04,7.331848934947859379e+04,-9.994711016931314695e-01,9.994711016931314695e-01,9.999999999998333555e-01
1.178800000000000000e+04,7.406618840103296679e+04,9.985808515404521746e-01,9.985808515404521746e-01,9.999999999998367972e-01
1.190800000000000000e+04,7.482017063789450913e+04,9.993258106222369097e-01,9.993258106222369097e-01,9.999999999998343547e-01
1.203000000000000000e+04,7.558671924537041923e+04,9.985096862304374543e-01,9.985096862304374543e-01,9.999999999998344657e-01
1.215300000000000000e+04,7.635955103815351322e+04,-9.997075510295770906e-01,9.997075510295770906e-01,9.999999999998266942e-01
1.227700000000000000e+04,7.713866601624377654e+04,-9.998011726354520956e-01,9.998011726354520956e-01,9.999999999998251399e-01
1.240200000000000000e+04,7.792406417964122375e+04,9.982770211535363369e-01,9.982770211535363369e-01,9.999999999998295808e-01
1.252900000000000000e+04,7.872202871365303872e+04,-9.994016568124142186e-01,9.994016568124142186e-01,9.999999999998215872e-01
1.265600000000000000e+04,7.951999324766483915e+04,9.987645956073776254e-01,9.987645956073776254e-01,9.999999999998253619e-01
1.278600000000000000e+04,8.033680733759819122e+04,9.989664192826110956e-01,9.989664192826110956e-01,9.999999999998221423e-01
1.291600000000000000e+04,8.115362142753152875e+04,9.985188907303350625e-01,9.985188907303350625e-01,9.999999999998221423e-01
1.304800000000000000e+04,8.198300188807923405e+04,9.988381265668391240e-01,9.988381265668391240e-01,9.999999999998189226e-01
1.318100000000000000e+04,8.281866553393412323e+04,-9.996063478971746186e-01,9.996063478971746186e-01,9.999999999998127054e-01
1.331600000000000000e+04,8.366689555040336563e+04,9.985206802305024443e-01,9.985206802305024443e-01,9.999999999998158140e-01
1.345200000000000000e+04,8.452140875217979192e+04,9.993851862081597481e-01,9.993851862081597481e-01,9.999999999998128164e-01
1.358900000000000000e+04,8.538220513926340209e+04,-9.983029389493611738e-01,9.983029389493611738e-01,9.999999999998048228e-01
1.372800000000000000e+04,8.625556789696136548e+04,9.988573672079984478e-01,9.988573672079984478e-01,9.999999999998090416e-01
1.386800000000000000e+04,8.713521383996649820e+04,9.989090069455398568e-01,9.989090069455398568e-01,9.999999999998070432e-01
1.400900000000000000e+04,8.802114296827882936e+04,-9.987525489907467247e-01,9.987525489907467247e-01,9.999999999998002709e-01
1.415200000000000000e+04,8.891963846720549918e+04,9.986929377741968761e-01,9.986929377741968761e-01,9.999999999998049338e-01
1.429700000000000000e+04,8.983070033674655133e+04,-9.985910240090967172e-01,9.985910240090967172e-01,9.999999999997956079e-01
1.444200000000000000e+04,9.074176220628758892e+04,9.981438907382385040e-01,9.981438907382385040e-01,9.999999999998012701e-01
1.459000000000000000e+04,9.167167363175016362e+04,9.993998770545599042e-01,9.993998770545599042e-01,9.999999999997966071e-01
1.473900000000000000e+04,9.260786824251992221e+04,-9.983134969274400916e-01,9.983134969274400916e-01,9.999999999997896127e-01
1.488900000000000000e+04,9.355034603859686467e+04,-9.993102552755253054e-01,9.993102552755253054e-01,9.999999999997886135e-01
1.504100000000000000e+04,9.450539020528816036e+04,-9.994615029674556173e-01,9.994615029674556173e-01,9.999999999997867262e-01
1.519500000000000000e+04,9.547300074259380926e+04,-9.987079822481157443e-01,9.987079822481157443e-01,9.999999999997839506e-01
1.535000000000000000e+04,9.644689446520664205e+04,9.992980752036279002e-01,9.992980752036279002e-01,9.999999999997868372e-01
1.550600000000000000e+04,9.742707137312665873e+04,9.987122999421614855e-01,9.987122999421614855e-01,9.999999999997842837e-01
1.566500000000000000e+04,9.842609783696821250e+04,-9.996596642289684587e-01,9.996596642289684587e-01,9.999999999997780664e-01
1.582400000000000000e+04,9.942512430080976628e+04,9.994769767376231462e-01,9.994769767376231462e-01,9.999999999997797318e-01
1.598600000000000000e+04,1.004430003205728717e+05,9.983371672248845252e-01,9.983371672248845252e-01,9.999999999997793987e-01
1.614900000000000000e+04,1.014671595256431319e+05,-9.994684555592032726e-01,9.994684555592032726e-01,9.999999999997710720e-01
1.631400000000000000e+04,1.025038851013277745e+05,9.992880239358106209e-01,9.992880239358106209e-01,9.999999999997738476e-01
1.648000000000000000e+04,1.035468938623195863e+05,9.985096724774281673e-01,9.985096724774281673e-01,9.999999999997712941e-01
1.664900000000000000e+04,1.046087521792329353e+05,-9.995461526170434929e-01,9.995461526170434929e-01,9.999999999997647437e-01
1.681900000000000000e+04,1.056768936814534536e+05,-9.992816406812978780e-01,9.992816406812978780e-01,9.999999999997618572e-01
1.699000000000000000e+04,1.067513183689811704e+05,9.987745230318469947e-01,9.987745230318469947e-01,9.999999999997638556e-01
1.716400000000000000e+04,1.078445926124304242e+05,9.986986298330197132e-01,9.986986298330197132e-01,9.999999999997634115e-01
1.733900000000000000e+04,1.089441500411868474e+05,-9.984955120026874908e-01,9.984955120026874908e-01,9.999999999997535305e-01
1.751600000000000000e+04,1.100562738405576383e+05,9.986987615118769757e-01,9.986987615118769757e-01,9.999999999997569722e-01
1.769400000000000000e+04,1.111746808252355986e+05,9.983591933637672167e-01,9.983591933637672167e-01,9.999999999997556399e-01
1.787500000000000000e+04,1.123119373658351105e+05,-9.991149789634556910e-01,9.991149789634556910e-01,9.999999999997462030e-01
1.805700000000000000e+04,1.134554770917417918e+05,-9.979879791644885589e-01,9.979879791644885589e-01,9.999999999997432054e-01
1.824200000000000000e+04,1.146178663735700102e+05,9.985387557486817833e-01,9.985387557486817833e-01,9.999999999997466471e-01
1.842800000000000000e+04,1.157865388407054124e+05,9.979839168201696253e-01,9.979839168201696253e-01,9.999999999997460920e-01
1.861600000000000000e+04,1.169677776784551825e+05,9.988767183900333357e-01,9.988767183900333357e-01,9.999999999997408739e-01
1.880600000000000000e+04,1.181615828868193057e+05,9.986657883178722273e-01,9.986657883178722273e-01,9.999999999997393196e-01
1.899800000000000000e+04,1.193679544657977822e+05,9.986544910474097758e-01,9.986544910474097758e-01,9.999999999997377653e-01
1.919200000000000000e+04,1.205868924153906119e+05,9.986185092217609860e-01,9.986185092217609860e-01,9.999999999997346567e-01
1.938800000000000000e+04,1.218183967355978239e+05,9.990547275698560270e-01,9.990547275698560270e-01,9.999999999997316591e-01
1.958500000000000000e+04,1.230561842411121906e+05,-9.978364010570913711e-01,9.978364010570913711e-01,9.999999999997221112e-01
1.978500000000000000e+04,1.243128213025481091e+05,-9.992695463031447956e-01,9.992695463031447956e-01,9.999999999997204458e-01
1.998700000000000000e+04,1.255820247345983953e+05,-9.979393823709994393e-01,9.979393823709994393e-01,9.999999999997165601e-01
2.019100000000000000e+04,1.268637945372630202e+05,-9.990579449880000462e-01,9.990579449880000462e-01,9.999999999997146727e-01
2.039700000000000000e+04,1.281581307105420274e+05,-9.991615769683857007e-01,9.991615769683857007e-01,9.999999999997122302e-01
2.060500000000000000e+04,1.294650332544353732e+05,-9.988389006816389415e-01,9.988389006816389415e-01,9.999999999997093436e-01
2.081600000000000000e+04,1.307907853542502708e+05,9.981061459680926617e-01,9.981061459680926617e-01,9.999999999997126743e-01
2.102800000000000000e+04,1.321228206393723376e+05,9.989191820936850208e-01,9.989191820936850208e-01,9.999999999997077893e-01
2.124300000000000000e+04,1.334737054804159561e+05,-9.994241086537359875e-01,9.994241086537359875e-01,9.999999999997005729e-01
2.146000000000000000e+04,1.348371566920739133e+05,9.988936100194791834e-01,9.988936100194791834e-01,9.999999999997015721e-01
2.167900000000000000e+04,1.362131742743462382e+05,-9.984711097671341573e-01,9.984711097671341573e-01,9.999999999996934674e-01
2.190000000000000000e+04,1.376017582272329309e+05,9.988124571564105381e-01,9.988124571564105381e-01,9.999999999996969091e-01
2.212300000000000000e+04,1.390029085507339914e+05,-9.984974735551870317e-01,9.984974735551870317e-01,9.999999999996872502e-01
2.234900000000000000e+04,1.404229084301565599e+05,-9.982062872286199262e-01,9.982062872286199262e-01,9.999999999996830313e-01
2.257700000000000000e+04,1.418554746801935253e+05,-9.994030646799503259e-01,9.994030646799503259e-01,9.999999999996819211e-01
2.280800000000000000e+04,1.433068904861519986e+05,9.987509772821354659e-01,9.987509772821354659e-01,9.999999999996830313e-01
2.304000000000000000e+04,1.447645894774176704e+05,9.987303630156039169e-01,9.987303630156039169e-01,9.999999999996801447e-01
2.327600000000000000e+04,1.462474212099120487e+05,9.988103743964049652e-01,9.988103743964049652e-01,9.999999999996770361e-01
2.351300000000000000e+04,1.477365361277136253e+05,-9.988075339149293796e-01,9.988075339149293796e-01,9.999999999996673772e-01
2.375300000000000000e+04,1.492445006014367100e+05,-9.984503635583745762e-01,9.984503635583745762e-01,9.999999999996646016e-01
2.399500000000000000e+04,1.507650314457741624e+05,-9.991328591365333800e-01,9.991328591365333800e-01,9.999999999996621591e-01
2.424000000000000000e+04,1.523044118460331811e+05,9.984255426858503757e-01,9.984255426858503757e-01,9.999999999996639355e-01
2.448800000000000000e+04,1.538626418022137077e+05,9.987535257487533125e-01,9.987535257487533125e-01,9.999999999996594946e-01
2.473800000000000000e+04,1.554334381290086021e+05,9.989587292142030339e-01,9.989587292142030339e-01,9.999999999996558309e-01
2.499000000000000000e+04,1.570168008264178643e+05,9.983920851991976431e-01,9.983920851991976431e-01,9.999999999996533884e-01
2.524500000000000000e+04,1.586190130797486636e+05,-9.985787951936829776e-01,9.985787951936829776e-01,9.999999999996443956e-01
2.550300000000000000e+04,1.602400748890010000e+05,-9.984990557004951306e-01,9.984990557004951306e-01,9.999999999996403988e-01
2.576300000000000000e+04,1.618737030688676750e+05,-9.980441636195718225e-01,9.980441636195718225e-01,9.999999999996358468e-01
2.602600000000000000e+04,1.635261808046559163e+05,9.988950378625458537e-01,9.988950378625458537e-01,9.999999999996382893e-01
2.629200000000000000e+04,1.651975080963656947e+05,9.995208716606623911e-01,9.995208716606623911e-01,9.999999999996338484e-01
2.656000000000000000e+04,1.668814017586898117e+05,9.987056522619387477e-01,9.987056522619387477e-01,9.999999999996320721e-01
2.683100000000000000e+04,1.685841449769354658e+05,-9.987113580383368827e-01,9.987113580383368827e-01,9.999999999996210809e-01
2.710500000000000000e+04,1.703057377511026862e+05,-9.986866421003186556e-01,9.986866421003186556e-01,9.999999999996187494e-01
2.738100000000000000e+04,1.720398968958842452e+05,-9.987531643080449495e-01,9.987531643080449495e-01,9.999999999996151967e-01
2.766100000000000000e+04,1.737991887818945397e+05,-9.990132505826951892e-01,9.990132505826951892e-01,9.999999999996107558e-01
2.794300000000000000e+04,1.755710470385191729e+05,-9.981063615948686518e-01,9.981063615948686518e-01,9.999999999996054267e-01
2.822800000000000000e+04,1.773617548510653723e+05,9.981599999410354362e-01,9.981599999410354362e-01,9.999999999996094235e-01
2.851600000000000000e+04,1.791713122195330798e+05,9.989405890349640771e-01,9.989405890349640771e-01,9.999999999996042055e-01
2.880700000000000000e+04,1.809997191439223534e+05,-9.993574462643057821e-01,9.993574462643057821e-01,9.999999999995943245e-01
2.910100000000000000e+04,1.828469756242331350e+05,-9.996571368234792310e-01,9.996571368234792310e-01,9.999999999995912159e-01
2.939800000000000000e+04,1.847130816604654829e+05,9.985698971439229688e-01,9.985698971439229688e-01,9.999999999995919930e-01
2.969800000000000000e+04,1.865980372526193387e+05,9.984751946534214939e-01,9.984751946534214939e-01,9.999999999995891065e-01
3.000100000000000000e+04,1.885018424006947607e+05,-9.984842863152689763e-01,9.984842863152689763e-01,9.999999999995786704e-01
3.030800000000000000e+04,1.904307802899988892e+05,9.978978731768830546e-01,9.978978731768830546e-01,9.999999999995801137e-01
3.061700000000000000e+04,1.923722845499173854e+05,-9.984454963291012897e-01,9.984454963291012897e-01,9.999999999995697886e-01
3.092900000000000000e+04,1.943326383657574188e+05,-9.982650000166686244e-01,9.982650000166686244e-01,9.999999999995642375e-01
3.124500000000000000e+04,1.963181249228261586e+05,-9.984038427786892100e-01,9.984038427786892100e-01,9.999999999995594635e-01
3.156400000000000000e+04,1.983224610358164646e+05,9.992324249690540672e-01,9.992324249690540672e-01,9.999999999995612399e-01
3.188600000000000000e+04,2.003456467047282786e+05,9.995588245347704071e-01,9.995588245347704071e-01,9.999999999995561328e-01
3.221100000000000000e+04,2.023876819295616588e+05,-9.993036772466021844e-01,9.993036772466021844e-01,9.999999999995482503e-01
3.254000000000000000e+04,2.044548498956237454e+05,9.993573299688127687e-01,9.993573299688127687e-01,9.999999999995474731e-01
3.287200000000000000e+04,2.065408674176073691e+05,9.991436609395903945e-01,9.991436609395903945e-01,9.999999999995428102e-01
3.320800000000000000e+04,2.086520176808196993e+05,9.985968762712229552e-01,9.985968762712229552e-01,9.999999999995395905e-01
3.354700000000000000e+04,2.107820174999535666e+05,-9.984919932043574420e-01,9.984919932043574420e-01,9.999999999995283773e-01
3.388900000000000000e+04,2.129308668750090001e+05,-9.987288136837643160e-01,9.987288136837643160e-01,9.999999999995242694e-01
3.423500000000000000e+04,2.151048489912931400e+05,-9.990076195330988007e-01,9.990076195330988007e-01,9.999999999995190514e-01
3.458400000000000000e+04,2.172976806634988170e+05,9.983217859135835592e-01,9.983217859135835592e-01,9.999999999995209388e-01
3.493700000000000000e+04,2.195156450769332005e+05,-9.984527588179979984e-01,9.984527588179979984e-01,9.999999999995082822e-01
3.529400000000000000e+04,2.217587422315963195e+05,9.984573743174722793e-01,9.984573743174722793e-01,9.999999999995110578e-01
3.565400000000000000e+04,2.240206889421809756e+05,9.980037440177063068e-01,9.980037440177063068e-01,9.999999999995063948e-01
3.601800000000000000e+04,2.263077683939943381e+05,9.989516499515633807e-01,9.989516499515633807e-01,9.999999999994998445e-01
3.638500000000000000e+04,2.286136974017292378e+05,-9.986369368667803448e-01,9.986369368667803448e-01,9.999999999994888533e-01
3.675700000000000000e+04,2.309510423360000423e+05,-9.979905737727601256e-01,9.979905737727601256e-01,9.999999999994827471e-01
3.713200000000000000e+04,2.333072368261923839e+05,9.992432843305943946e-01,9.992432843305943946e-01,9.999999999994834132e-01
3.751100000000000000e+04,2.356885640576134610e+05,-9.988425104121604337e-01,9.988425104121604337e-01,9.999999999994738653e-01
3.789400000000000000e+04,2.380950240302632446e+05,9.993180452690242355e-01,9.993180452690242355e-01,9.999999999994728661e-01
3.828000000000000000e+04,2.405203335588345653e+05,9.987086888266784035e-01,9.987086888266784035e-01,9.999999999994690913e-01
3.867100000000000000e+04,2.429770590139417909e+05,-9.978096792276789362e-01,9.978096792276789362e-01,9.999999999994566569e-01
3.906600000000000000e+04,2.454589172102777229e+05,9.987831690447908084e-01,9.987831690447908084e-01,9.999999999994579891e-01
3.946400000000000000e+04,2.479596249625351920e+05,9.988071009934733624e-01,9.988071009934733624e-01,9.999999999994514388e-01
3.986700000000000000e+04,2.504917486413285660e+05,-9.982915786604793507e-01,9.982915786604793507e-01,9.999999999994397815e-01
4.027400000000000000e+04,2.530490050613506464e+05,9.984728387386134774e-01,9.984728387386134774e-01,9.999999999994411137e-01
4.068500000000000000e+04,2.556313942226014624e+05,-9.984003681734845426e-01,9.984003681734845426e-01,9.999999999994283462e-01
4.110000000000000000e+04,2.582389161250809848e+05,9.985100055299671595e-01,9.985100055299671595e-01,9.999999999994289013e-01
4.152000000000000000e+04,2.608778539540964121e+05,9.987919743473719913e-01,9.987919743473719913e-01,9.999999999994223510e-01
4.194300000000000000e+04,2.635356413390333764e+05,-9.986626664282293175e-01,9.986626664282293175e-01,9.999999999994123590e-01
4.237100000000000000e+04,2.662248446505062748e+05,-9.986637509027079807e-01,9.986637509027079807e-01,9.999999999994066968e-01
4.280400000000000000e+04,2.689454638885150198e+05,9.983230823142266175e-01,9.983230823142266175e-01,9.999999999994064748e-01
4.324100000000000000e+04,2.716912158677525003e+05,-9.982968654383621576e-01,9.982968654383621576e-01,9.999999999993933741e-01
4.368200000000000000e+04,2.744621005882186582e+05,9.985852004111681612e-01,9.985852004111681612e-01,9.999999999993930411e-01
4.412800000000000000e+04,2.772644012352207792e+05,9.989260380108594406e-01,9.989260380108594406e-01,9.999999999993858246e-01
4.457800000000000000e+04,2.800918346234515775e+05,9.980818457440389091e-01,9.980818457440389091e-01,9.999999999993818278e-01
4.503300000000000000e+04,2.829506839382182807e+05,-9.989118720215606206e-01,9.989118720215606206e-01,9.999999999993683941e-01
4.549300000000000000e+04,2.858409491795208887e+05,-9.985674553487904337e-01,9.985674553487904337e-01,9.999999999993632871e-01
4.595700000000000000e+04,2.887563471620522323e+05,-9.981131918107106760e-01,9.981131918107106760e-01,9.999999999993556266e-01
4.642600000000000000e+04,2.917031610711194808e+05,9.978291407529544799e-01,9.978291407529544799e-01,9.999999999993564037e-01
4.690000000000000000e+04,2.946813909067225759e+05,9.981339790833723136e-01,9.981339790833723136e-01,9.999999999993494093e-01
4.737800000000000000e+04,2.976847534835544648e+05,9.993561059237988653e-01,9.993561059237988653e-01,9.999999999993408606e-01
4.786200000000000000e+04,3.007258151722293696e+05,9.994221650584794725e-01,9.994221650584794725e-01,9.999999999993338662e-01
4.835000000000000000e+04,3.037920096021330100e+05,9.984644938039726192e-01,9.984644938039726192e-01,9.999999999993275379e-01
4.884400000000000000e+04,3.068959031438797247e+05,9.989968028540859857e-01,9.989968028540859857e-01,9.999999999993214317e-01
4.934200000000000000e+04,3.100249294268551166e+05,9.979654126522217172e-01,9.979654126522217172e-01,9.999999999993156585e-01
4.984600000000000000e+04,3.131916548216736410e+05,9.994906031626118459e-01,9.994906031626118459e-01,9.999999999993065547e-01
5.035400000000000000e+04,3.163835129577209009e+05,9.983918479308800942e-01,9.983918479308800942e-01,9.999999999993015587e-01
5.086800000000000000e+04,3.196130702056111768e+05,9.979307547219867791e-01,9.979307547219867791e-01,9.999999999992947863e-01
5.138700000000000000e+04,3.228740433800374158e+05,-9.985305202986672901e-01,9.985305202986672901e-01,9.999999999992797983e-01
5.191200000000000000e+04,3.261727156663066708e+05,9.988311828099478706e-01,9.988311828099478706e-01,9.999999999992790212e-01
5.244200000000000000e+04,3.295028038791118888e+05,9.986927980738057320e-01,9.986927980738057320e-01,9.999999999992706945e-01
5.297700000000000000e+04,3.328643080184529535e+05,-9.992336411063653667e-01,9.992336411063653667e-01,9.999999999992590372e-01
5.351700000000000000e+04,3.362572280843299231e+05,-9.989983188318957152e-01,9.989983188318957152e-01,9.999999999992513766e-01
5.406400000000000000e+04,3.396941304473571363e+05,9.989283153019197226e-01,9.989283153019197226e-01,9.999999999992487121e-01
5.461500000000000000e+04,3.431561655516130850e+05,-9.994263421073298348e-01,9.994263421073298348e-01,9.999999999992362776e-01
5.517300000000000000e+04,3.466621829530193354e+05,-9.982970564655782031e-01,9.982970564655782031e-01,9.999999999992281730e-01
5.573600000000000000e+04,3.501996162809614325e+05,9.989733591002645241e-01,9.989733591002645241e-01,9.999999999992258415e-01
5.630500000000000000e+04,3.537747487207466038e+05,-9.989282187343946351e-01,9.989282187343946351e-01,9.999999999992118527e-01
5.687900000000000000e+04,3.573812970870676800e+05,-9.987419359842490962e-01,9.987419359842490962e-01,9.999999999992043032e-01
5.746000000000000000e+04,3.610318277505389997e+05,9.981000529262404886e-01,9.981000529262404886e-01,9.999999999992025268e-01
5.804600000000000000e+04,3.647137743405462825e+05,9.982378580525183009e-01,9.982378580525183009e-01,9.999999999991943112e-01
5.863800000000000000e+04,3.684334200423965813e+05,9.980388874869010607e-01,9.980388874869010607e-01,9.999999999991856514e-01
5.923700000000000000e+04,3.721970480413971236e+05,-9.993254279305059384e-01,9.993254279305059384e-01,9.999999999991721067e-01
5.984100000000000000e+04,3.759920919669336290e+05,-9.978565265841470300e-01,9.978565265841470300e-01,9.999999999991617816e-01
6.045200000000000000e+04,3.798311181896203198e+05,9.985027514983281227e-01,9.985027514983281227e-01,9.999999999991590061e-01
6.106900000000000000e+04,3.837078435241501429e+05,-9.992750414123622305e-01,9.992750414123622305e-01,9.999999999991467936e-01
6.169200000000000000e+04,3.876222679705230403e+05,9.987403002239501060e-01,9.987403002239501060e-01,9.999999999991426858e-01
6.232200000000000000e+04,3.915806747140461812e+05,9.979741382879279143e-01,9.979741382879279143e-01,9.999999999991348032e-01
6.295800000000000000e+04,3.955767805694123963e+05,9.981043444140836884e-01,9.981043444140836884e-01,9.999999999991261435e-01
6.360000000000000000e+04,3.996105855366216856e+05,9.982849875764592262e-01,9.982849875764592262e-01,9.999999999991167066e-01
6.424900000000000000e+04,4.036883728009812185e+05,-9.990389681570370772e-01,9.990389681570370772e-01,9.999999999991021626e-01
6.490500000000000000e+04,4.078101423624910531e+05,-9.987193132022518238e-01,9.987193132022518238e-01,9.999999999990921706e-01
6.556800000000000000e+04,4.119758942211511312e+05,9.979328623598316961e-01,9.979328623598316961e-01,9.999999999990898392e-01
6.623700000000000000e+04,4.161793451916542253e+05,-9.988637397648056915e-01,9.988637397648056915e-01,9.999999999990740740e-01
6.691300000000000000e+04,4.204267784593076794e+05,-9.989426322147966220e-01,9.989426322147966220e-01,9.999999999990651922e-01
6.759600000000000000e+04,4.247181940241113189e+05,9.979496672850147743e-01,9.979496672850147743e-01,9.999999999990617505e-01
6.828500000000000000e+04,4.290473087007580325e+05,-9.987066855826252088e-01,9.987066855826252088e-01,9.999999999990450972e-01
6.898200000000000000e+04,4.334266888598622172e+05,9.978795158864596226e-01,9.978795158864596226e-01,9.999999999990420996e-01
6.968600000000000000e+04,4.378500513161166455e+05,9.983417535241778662e-01,9.983417535241778662e-01,9.999999999990311084e-01
7.039700000000000000e+04,4.423173960695213173e+05,-9.983354299797487785e-01,9.983354299797487785e-01,9.999999999990168975e-01
7.111600000000000000e+04,4.468350063053834601e+05,9.983147835652761426e-01,9.983147835652761426e-01,9.999999999990113464e-01
7.184200000000000000e+04,4.513965988383958465e+05,9.976774110874671031e-01,9.976774110874671031e-01,9.999999999990025756e-01
7.257500000000000000e+04,4.560021736685584765e+05,-9.990867819445892195e-01,9.990867819445892195e-01,9.999999999989855892e-01
7.331500000000000000e+04,4.606517307958713500e+05,-9.990483981511717460e-01,9.990483981511717460e-01,9.999999999989758193e-01
7.406400000000000000e+04,4.653578365909488639e+05,9.983285051891883644e-01,9.983285051891883644e-01,9.999999999989717114e-01
7.481900000000000000e+04,4.701016414978694520e+05,-9.982566599493166715e-01,9.982566599493166715e-01,9.999999999989539479e-01
7.558300000000000000e+04,4.749019950725546805e+05,-9.977933681715576153e-01,9.977933681715576153e-01,9.999999999989428456e-01
7.635400000000000000e+04,4.797463309443901526e+05,9.979449707064498298e-01,9.979449707064498298e-01,9.999999999989398480e-01
7.713400000000000000e+04,4.846472154839902068e+05,9.981257651775428119e-01,9.981257651775428119e-01,9.999999999989284127e-01
7.792100000000000000e+04,4.895920823207405629e+05,-9.991083865247318840e-01,9.991083865247318840e-01,9.999999999989119814e-01
7.871600000000000000e+04,4.945872146399483318e+05,9.978032463063009061e-01,9.978032463063009061e-01,9.999999999989067634e-01
7.951900000000000000e+04,4.996326124416135135e+05,-9.991306316620864880e-01,9.991306316620864880e-01,9.999999999988899990e-01
8.033100000000000000e+04,5.047345589110433357e+05,-9.980778809222047299e-01,9.980778809222047299e-01,9.999999999988772315e-01
8.115100000000000000e+04,5.098867708629306289e+05,-9.976629915215082800e-01,9.976629915215082800e-01,9.999999999988662402e-01
8.197900000000000000e+04,5.150892482972752769e+05,-9.985217633020044836e-01,9.985217633020044836e-01,9.999999999988548050e-01
8.281500000000000000e+04,5.203419912140774541e+05,-9.977032955935924985e-01,9.977032955935924985e-01,9.999999999988422594e-01
8.366100000000000000e+04,5.256575659839513246e+05,-9.978122355622993656e-01,9.978122355622993656e-01,9.999999999988308241e-01
8.451400000000000000e+04,5.310171230509754969e+05,9.983627393547930273e-01,9.983627393547930273e-01,9.999999999988260502e-01
8.537700000000000000e+04,5.364395119710714789e+05,-9.987307603059978334e-01,9.987307603059978334e-01,9.999999999988079535e-01
8.624800000000000000e+04,5.419121663736249320e+05,9.985711050708104830e-01,9.985711050708104830e-01,9.999999999988011812e-01
8.712800000000000000e+04,5.474413694439430255e+05,9.977779341181709505e-01,9.977779341181709505e-01,9.999999999987897459e-01
8.801800000000000000e+04,5.530334043673328124e+05,9.988725205508051097e-01,9.988725205508051097e-01,9.999999999987762012e-01
8.891600000000000000e+04,5.586757047731800703e+05,9.974104614782614009e-01,9.974104614782614009e-01,9.999999999987653210e-01
8.982300000000000000e+04,5.643745538467919687e+05,-9.975990732779438375e-01,9.975990732779438375e-01,9.999999999987452259e-01
9.074000000000000000e+04,5.701362347734756768e+05,9.981774511724621490e-01,9.981774511724621490e-01,9.999999999987383426e-01
9.166600000000000000e+04,5.759544643679239089e+05,9.983048548234502162e-01,9.983048548234502162e-01,9.999999999987267962e-01
9.260100000000000000e+04,5.818292426301368978e+05,-9.975950219203215674e-01,9.975950219203215674e-01,9.999999999987065902e-01
9.354600000000000000e+04,5.877668527454215800e+05,9.981291991071750136e-01,9.981291991071750136e-01,9.999999999986993737e-01
9.450100000000000000e+04,5.937672947137780720e+05,-9.982988443101519227e-01,9.982988443101519227e-01,9.999999999986801669e-01
9.546600000000000000e+04,5.998305685352063738e+05,9.980055762720985157e-01,9.980055762720985157e-01,9.999999999986738386e-01
9.644000000000000000e+04,6.059503910243993159e+05,9.981404936797687588e-01,9.981404936797687588e-01,9.999999999986605159e-01
9.742400000000000000e+04,6.121330453666639514e+05,9.978162645734691694e-01,9.978162645734691694e-01,9.999999999986466381e-01
9.841800000000000000e+04,6.183785315620005131e+05,9.982414474918137604e-01,9.982414474918137604e-01,9.999999999986312060e-01
9.942300000000000000e+04,6.246931327957160538e+05,-9.981846880253920640e-01,9.981846880253920640e-01,9.999999999986127763e-01
1.004370000000000000e+05,6.310642826971961185e+05,-9.989824751153142390e-01,9.989824751153142390e-01,9.999999999985991206e-01
1.014620000000000000e+05,6.375045476370551623e+05,9.984393855766473536e-01,9.984393855766473536e-01,9.999999999985896837e-01
1.024980000000000000e+05,6.440139276152931852e+05,9.987829575036124563e-01,9.987829575036124563e-01,9.999999999985743626e-01
1.035440000000000000e+05,6.505861394466031343e+05,9.983310469094808237e-01,9.983310469094808237e-01,9.999999999985605958e-01
1.046010000000000000e+05,6.572274663162919460e+05,-9.984861657407662072e-01,9.984861657407662072e-01,9.999999999985410559e-01
1.056680000000000000e+05,6.639316250390525674e+05,9.976689373105644965e-01,9.976689373105644965e-01,9.999999999985313970e-01
1.067460000000000000e+05,6.707048988001921680e+05,9.988728310380996511e-01,9.988728310380996511e-01,9.999999999985152987e-01
1.078360000000000000e+05,6.775535707850179169e+05,9.981904924747888597e-01,9.981904924747888597e-01,9.999999999985017540e-01
1.089360000000000000e+05,6.844650746229153592e+05,9.986009956251139519e-01,9.986009956251139519e-01,9.999999999984857668e-01
1.100480000000000000e+05,6.914519766844990663e+05,9.979540241213575857e-01,9.979540241213575857e-01,9.999999999984700016e-01
1.111710000000000000e+05,6.985079937844617525e+05,-9.977576644321369814e-01,9.977576644321369814e-01,9.999999999984487964e-01
1.123060000000000000e+05,7.056394091081105871e+05,9.981436623940375119e-01,9.981436623940375119e-01,9.999999999984396926e-01
1.134520000000000000e+05,7.128399394701384008e+05,9.984279327411755833e-01,9.984279327411755833e-01,9.999999999984218180e-01
1.146100000000000000e+05,7.201158680558523629e+05,9.979061918813136867e-01,9.979061918813136867e-01,9.999999999984076071e-01
1.157790000000000000e+05,7.274609116799453041e+05,-9.982369369942323267e-01,9.982369369942323267e-01,9.999999999983848475e-01
1.169610000000000000e+05,7.348876367130315630e+05,-9.976130662602822330e-01,9.976130662602822330e-01,9.999999999983676391e-01
1.181540000000000000e+05,7.423834767844968010e+05,9.982008450564812119e-01,9.982008450564812119e-01,9.999999999983574250e-01
1.193600000000000000e+05,7.499609982649553567e+05,9.982106905781843453e-01,9.982106905781843453e-01,9.999999999983409937e-01
1.205780000000000000e+05,7.576139179691001773e+05,9.973379518065257354e-01,9.973379518065257354e-01,9.999999999983248955e-01
1.218090000000000000e+05,7.653485190822381992e+05,-9.977355828013645400e-01,9.977355828013645400e-01,9.999999999983003596e-01
1.230520000000000000e+05,7.731585184190624859e+05,9.981319524246956565e-01,9.981319524246956565e-01,9.999999999982899235e-01
1.243080000000000000e+05,7.810501991648799740e+05,9.979284747533584410e-01,9.979284747533584410e-01,9.999999999982710497e-01
1.255760000000000000e+05,7.890172781343837269e+05,9.973132371370632132e-01,9.973132371370632132e-01,9.999999999982553955e-01
1.268580000000000000e+05,7.970723216981879668e+05,9.985690975540640890e-01,9.985690975540640890e-01,9.999999999982360777e-01
1.281520000000000000e+05,8.052027634856783552e+05,9.979413933565252082e-01,9.979413933565252082e-01,9.999999999982176480e-01
1.294600000000000000e+05,8.134211698674692307e+05,9.982159725772823400e-01,9.982159725772823400e-01,9.999999999981998844e-01
1.307820000000000000e+05,8.217275408435605932e+05,9.979183478818969277e-01,9.979183478818969277e-01,9.999999999981824539e-01
1.321160000000000000e+05,8.301093100433382206e+05,9.981419463464518138e-01,9.981419463464518138e-01,9.999999999981636911e-01
1.334640000000000000e+05,8.385790438374163350e+05,9.982749357998397244e-01,9.982749357998397244e-01,9.999999999981444843e-01
1.348270000000000000e+05,8.471430254111021059e+05,-9.980399122558867298e-01,9.980399122558867298e-01,9.999999999981189491e-01
1.362020000000000000e+05,8.557824052084740251e+05,9.984842316324873401e-01,9.984842316324873401e-01,9.999999999981055154e-01
1.375920000000000000e+05,8.645160327854536008e+05,9.978625566166124949e-01,9.978625566166124949e-01,9.999999999980866416e-01
1.389970000000000000e+05,8.733439081420409493e+05,-9.977675422918185211e-01,9.977675422918185211e-01,9.999999999980618837e-01
1.404150000000000000e+05,8.822534649076216156e+05,-9.986648726669791198e-01,9.986648726669791198e-01,9.999999999980423437e-01
1.418480000000000000e+05,8.912572694528099382e+05,9.979131132436493967e-01,9.979131132436493967e-01,9.999999999980284660e-01
1.432960000000000000e+05,9.003553217776060337e+05,9.980205010639567886e-01,9.980205010639567886e-01,9.999999999980069276e-01
1.447580000000000000e+05,9.095413386967024999e+05,9.975354046418085652e-01,9.975354046418085652e-01,9.999999999979874987e-01
1.462350000000000000e+05,9.188216033954067389e+05,-9.981065162758817610e-01,9.981065162758817610e-01,9.999999999979608534e-01
1.477280000000000000e+05,9.282023990590259200e+05,9.973287134923961572e-01,9.973287134923961572e-01,9.999999999979463094e-01
1.492350000000000000e+05,9.376711593169455882e+05,-9.973186031785867822e-01,9.973186031785867822e-01,9.999999999979186649e-01
1.507580000000000000e+05,9.472404505397800822e+05,9.972590150356621663e-01,9.972590150356621663e-01,9.999999999979048981e-01
1.522970000000000000e+05,9.569102727275294019e+05,-9.982489692064542286e-01,9.982489692064542286e-01,9.999999999978773646e-01
1.538510000000000000e+05,9.666743426948864944e+05,-9.984380621956840951e-01,9.984380621956840951e-01,9.999999999978557153e-01
1.554210000000000000e+05,9.765389436271585291e+05,-9.978454682390461850e-01,9.978454682390461850e-01,9.999999999978339549e-01
1.570070000000000000e+05,9.865040755243452732e+05,-9.980296813240479015e-01,9.980296813240479015e-01,9.999999999978111953e-01
1.586100000000000000e+05,9.965760215717541287e+05,9.978827224286155317e-01,9.978827224286155317e-01,9.999999999977945420e-01
1.602280000000000000e+05,1.006742215398770757e+06,9.980754296704976714e-01,9.980754296704976714e-01,9.999999999977718934e-01
1.618640000000000000e+05,1.017021506561316550e+06,9.978034854615429605e-01,9.978034854615429605e-01,9.999999999977500220e-01
1.635150000000000000e+05,1.027395045503469999e+06,-9.981250512009389730e-01,9.981250512009389730e-01,9.999999999977214893e-01
1.651840000000000000e+05,1.037881681781152729e+06,9.980359890478369689e-01,9.980359890478369689e-01,9.999999999977031706e-01
1.668700000000000000e+05,1.048475132209057570e+06,9.978810796780266390e-01,9.978810796780266390e-01,9.999999999976798559e-01
1.685730000000000000e+05,1.059175396787184291e+06,-9.979362530863969960e-01,9.979362530863969960e-01,9.999999999976496579e-01
1.702930000000000000e+05,1.069982475515533239e+06,-9.972972079548392266e-01,9.972972079548392266e-01,9.999999999976263432e-01
1.720310000000000000e+05,1.080902651579411468e+06,-9.975403239295188573e-01,9.975403239295188573e-01,9.999999999976020293e-01
1.737870000000000000e+05,1.091935924978818744e+06,-9.979100856473037684e-01,9.979100856473037684e-01,9.999999999975780485e-01
1.755600000000000000e+05,1.103076012528448133e+06,9.978951085849467884e-01,9.978951085849467884e-01,9.999999999975590637e-01
1.773520000000000000e+05,1.114335480598913971e+06,9.970868649713604537e-01,9.970868649713604537e-01,9.999999999975348608e-01
1.791620000000000000e+05,1.125708046004909091e+06,9.980242976821338541e-01,9.980242976821338541e-01,9.999999999975087706e-01
1.809900000000000000e+05,1.137193708746433258e+06,9.971168114591186793e-01,9.971168114591186793e-01,9.999999999974841236e-01
1.828370000000000000e+05,1.148798752008794108e+06,-9.974596534851658536e-01,9.974596534851658536e-01,9.999999999974522602e-01
1.847030000000000000e+05,1.160523175791991176e+06,-9.973859238256450599e-01,9.973859238256450599e-01,9.999999999974252818e-01
1.865880000000000000e+05,1.172366980096024694e+06,9.971769631367982667e-01,9.971769631367982667e-01,9.999999999974057419e-01
1.884920000000000000e+05,1.184330164920894662e+06,9.972657617811496733e-01,9.972657617811496733e-01,9.999999999973786524e-01
1.904160000000000000e+05,1.196419013451908017e+06,9.974804823771727946e-01,9.974804823771727946e-01,9.999999999973530063e-01
1.923590000000000000e+05,1.208627242503758054e+06,-9.975384004497439561e-01,9.975384004497439561e-01,9.999999999973200326e-01
1.943220000000000000e+05,1.220961135261751479e+06,9.977534937002519033e-01,9.977534937002519033e-01,9.999999999972978282e-01
1.963060000000000000e+05,1.233426974911195925e+06,9.973970845128423690e-01,9.973970845128423690e-01,9.999999999972701836e-01
1.983090000000000000e+05,1.246012195081476588e+06,-9.973550293579194204e-01,9.973550293579194204e-01,9.999999999972365439e-01
2.003330000000000000e+05,1.258729362143208040e+06,-9.972192779269947183e-01,9.972192779269947183e-01,9.999999999972082332e-01
2.023770000000000000e+05,1.271572192911083112e+06,-9.972357222932779486e-01,9.972357222932779486e-01,9.999999999971801445e-01
2.044430000000000000e+05,1.284553253755716141e+06,-9.970694347799058388e-01,9.970694347799058388e-01,9.999999999971509457e-01
2.065290000000000000e+05,1.297659978306492791e+06,-9.980088689757904419e-01,9.980088689757904419e-01,9.999999999971223019e-01
2.086370000000000000e+05,1.310904932934027398e+06,-9.972494075776339173e-01,9.972494075776339173e-01,9.999999999970931031e-01
2.107660000000000000e+05,1.324281834453012561e+06,9.974652281631790629e-01,9.974652281631790629e-01,9.999999999970698994e-01
2.129170000000000000e+05,1.337796966048755916e+06,-9.971235334734622757e-01,9.971235334734622757e-01,9.999999999970337061e-01
2.150900000000000000e+05,1.351450327721257228e+06,9.979175297800569888e-01,9.979175297800569888e-01,9.999999999970087261e-01
2.172850000000000000e+05,1.365241919470516499e+06,-9.979511978556427909e-01,9.979511978556427909e-01,9.999999999969725328e-01
2.195020000000000000e+05,1.379171741296533495e+06,9.972480526969581538e-01,9.972480526969581538e-01,9.999999999969474418e-01
2.217420000000000000e+05,1.393246076384615852e+06,9.979051286746440930e-01,9.979051286746440930e-01,9.999999999969163555e-01
2.240050000000000000e+05,1.407464924734763103e+06,-9.977149827191233999e-01,9.977149827191233999e-01,9.999999999968793851e-01
2.262910000000000000e+05,1.421828286346975714e+06,-9.968958059513897130e-01,9.968958059513897130e-01,9.999999999968475217e-01
2.286010000000000000e+05,1.436342444406560622e+06,-9.980061848058697782e-01,9.980061848058697782e-01,9.999999999968154363e-01
2.309340000000000000e+05,1.451001115728210658e+06,9.972719211414043938e-01,9.972719211414043938e-01,9.999999999967892350e-01
2.332900000000000000e+05,1.465804300311925588e+06,9.978484404831546861e-01,9.978484404831546861e-01,9.999999999967558173e-01
2.356710000000000000e+05,1.480764564528320218e+06,-9.976429103843134083e-01,9.976429103843134083e-01,9.999999999967171815e-01
2.380760000000000000e+05,1.495875625192087144e+06,9.974926073482529576e-01,9.974926073482529576e-01,9.999999999966889819e-01
2.405060000000000000e+05,1.511143765488533536e+06,9.978188120600863797e-01,9.978188120600863797e-01,9.999999999966551201e-01
2.429600000000000000e+05,1.526562702232352225e+06,9.971870913460526564e-01,9.971870913460526564e-01,9.999999999966217024e-01
2.454400000000000000e+05,1.542145001794157550e+06,9.979416727325308711e-01,9.979416727325308711e-01,9.999999999965867303e-01
2.479450000000000000e+05,1.557884380988642573e+06,-9.977012100938780215e-01,9.977012100938780215e-01,9.999999999965464292e-01
2.504750000000000000e+05,1.573780839815806830e+06,-9.977497429747754776e-01,9.977497429747754776e-01,9.999999999965106801e-01
2.530310000000000000e+05,1.589840661460957956e+06,-9.975961779284987507e-01,9.975961779284987507e-01,9.999999999964750419e-01
2.556130000000000000e+05,1.606063845924095483e+06,-9.970058175451770310e-01,9.970058175451770310e-01,9.999999999964397368e-01
2.582220000000000000e+05,1.622456676390527049e+06,9.977066048523117736e-01,9.977066048523117736e-01,9.999999999964092057e-01
2.608570000000000000e+05,1.639012869674945250e+06,-9.975187317326361658e-01,9.975187317326361658e-01,9.999999999963664621e-01
2.635190000000000000e+05,1.655738708962657489e+06,-9.979504221500669070e-01,9.979504221500669070e-01,9.999999999963298247e-01
2.662090000000000000e+05,1.672640477438970469e+06,-9.978302746107821086e-01,9.978302746107821086e-01,9.999999999962926323e-01
2.689250000000000000e+05,1.689705608733270317e+06,-9.972987125330479152e-01,9.972987125330479152e-01,9.999999999962543296e-01
2.716700000000000000e+05,1.706952952401478076e+06,9.974161225616409165e-01,9.974161225616409165e-01,9.999999999962220221e-01
2.744420000000000000e+05,1.724369942072980106e+06,9.972463806959372956e-01,9.972463806959372956e-01,9.999999999961841635e-01
2.772430000000000000e+05,1.741969144118390046e+06,-9.974759222519831159e-01,9.974759222519831159e-01,9.999999999961387553e-01
2.800720000000000000e+05,1.759744275352400960e+06,9.977606751463896639e-01,9.977606751463896639e-01,9.999999999961050046e-01
2.829310000000000000e+05,1.777707902145627420e+06,-9.968473299534944543e-01,9.968473299534944543e-01,9.999999999960593744e-01
2.858180000000000000e+05,1.795847458127455087e+06,9.979231748168128080e-01,9.979231748168128080e-01,9.999999999960250685e-01
2.887350000000000000e+05,1.814175509668497834e+06,-9.974836823607944325e-01,9.974836823607944325e-01,9.999999999959786612e-01
2.916820000000000000e+05,1.832692056768756127e+06,9.978133294458152447e-01,9.978133294458152447e-01,9.999999999959436892e-01
2.946580000000000000e+05,1.851390816242922563e+06,9.973735638074887611e-01,9.973735638074887611e-01,9.999999999959022778e-01
2.976650000000000000e+05,1.870284354461611481e+06,-9.974633660645885191e-01,9.974633660645885191e-01,9.999999999958548713e-01
3.007030000000000000e+05,1.889372671424823115e+06,-9.971930643477745493e-01,9.971930643477745493e-01,9.999999999958126828e-01
3.037720000000000000e+05,1.908655767132557230e+06,9.973531082689466309e-01,9.973531082689466309e-01,9.999999999957758234e-01
3.068720000000000000e+05,1.928133641584814060e+06,9.978086763027527173e-01,9.978086763027527173e-01,9.999999999957326358e-01
3.100040000000000000e+05,1.947812577966900542e+06,9.970711711928986754e-01,9.970711711928986754e-01,9.999999999956891150e-01
3.131670000000000000e+05,1.967686293093509506e+06,-9.975360183119672541e-01,9.975360183119672541e-01,9.999999999956388219e-01
3.163630000000000000e+05,1.987767353335255524e+06,-9.974152669611617839e-01,9.974152669611617839e-01,9.999999999955950791e-01
3.195920000000000000e+05,2.008055758692138363e+06,9.980349318220367305e-01,9.980349318220367305e-01,9.999999999955547780e-01
3.228540000000000000e+05,2.028551509164158022e+06,9.979380681087495208e-01,9.979380681087495208e-01,9.999999999955098140e-01
3.261480000000000000e+05,2.049248321566007799e+06,9.971937599050000323e-01,9.971937599050000323e-01,9.999999999954642949e-01
3.294770000000000000e+05,2.070165045453608502e+06,-9.971231969853266985e-01,9.971231969853266985e-01,9.999999999954120034e-01
3.328390000000000000e+05,2.091289114456346259e+06,-9.972483211500831057e-01,9.972483211500831057e-01,9.999999999953655960e-01
3.362360000000000000e+05,2.112633094944835175e+06,9.980509774937834644e-01,9.980509774937834644e-01,9.999999999953232965e-01
3.396670000000000000e+05,2.134190703733768314e+06,-9.975067638581009977e-01,9.975067638581009977e-01,9.999999999952703389e-01
3.431340000000000000e+05,2.155974507193760015e+06,9.974579538029666459e-01,9.974579538029666459e-01,9.999999999952277063e-01
3.466360000000000000e+05,2.177978222139502876e+06,9.978167567196507548e-01,9.978167567196507548e-01,9.999999999951791896e-01
3.501730000000000000e+05,2.200201848570997361e+06,-9.970429513863683368e-01,9.970429513863683368e-01,9.999999999951239005e-01
3.537470000000000000e+05,2.222657952858856879e+06,-9.978273145391223231e-01,9.978273145391223231e-01,9.999999999950750507e-01
3.573570000000000000e+05,2.245340251817775425e+06,-9.983659545562355575e-01,9.983659545562355575e-01,9.999999999950247576e-01
3.610040000000000000e+05,2.268255028633059468e+06,9.973605577156299251e-01,9.973605577156299251e-01,9.999999999949796825e-01
3.646880000000000000e+05,2.291402283304709010e+06,9.973642401700661964e-01,9.973642401700661964e-01,9.999999999949286122e-01
3.684100000000000000e+05,2.314788299018031452e+06,9.983619752209197395e-01,9.983619752209197395e-01,9.999999999948763207e-01
3.721690000000000000e+05,2.338406792587719392e+06,-9.984502918503704860e-01,9.984502918503704860e-01,9.999999999948190332e-01
3.759670000000000000e+05,2.362270330384387635e+06,-9.982034900842586822e-01,9.982034900842586822e-01,9.999999999947655205e-01
3.798040000000000000e+05,2.386378912408035714e+06,9.972956298419797250e-01,9.972956298419797250e-01,9.999999999947188911e-01
3.836800000000000000e+05,2.410732538658663630e+06,9.983000448131065241e-01,9.983000448131065241e-01,9.999999999946633800e-01
3.875960000000000000e+05,2.435337492321578786e+06,9.983546239900769059e-01,9.983546239900769059e-01,9.999999999946083129e-01
3.915510000000000000e+05,2.460187490211474244e+06,-9.977919294038790632e-01,9.977919294038790632e-01,9.999999999945482498e-01
3.955470000000000000e+05,2.485295098698963877e+06,-9.979923015806486664e-01,9.979923015806486664e-01,9.999999999944931828e-01
3.995840000000000000e+05,2.510660317784047686e+06,9.977923410670374027e-01,9.977923410670374027e-01,9.999999999944436668e-01
4.036620000000000000e+05,2.536283147466726135e+06,9.974611944302269606e-01,9.974611944302269606e-01,9.999999999943867124e-01
4.077810000000000000e+05,2.562163587746998761e+06,-9.980432221949240290e-01,9.980432221949240290e-01,9.999999999943225415e-01
4.119430000000000000e+05,2.588314204995480366e+06,-9.976388340436492808e-01,9.976388340436492808e-01,9.999999999942643658e-01
4.161470000000000000e+05,2.614728716026863083e+06,-9.977292977861427214e-01,9.977292977861427214e-01,9.999999999942063011e-01
4.203940000000000000e+05,2.641413404026454780e+06,9.984256520318195438e-01,9.984256520318195438e-01,9.999999999941534545e-01
4.246840000000000000e+05,2.668368268994255457e+06,9.987619731849105564e-01,9.987619731849105564e-01,9.999999999940931694e-01
4.290180000000000000e+05,2.695599594115571585e+06,9.989759791189642968e-01,9.989759791189642968e-01,9.999999999940323292e-01
4.333960000000000000e+05,2.723107379390404094e+06,9.977986269013778831e-01,9.977986269013778831e-01,9.999999999939730433e-01
4.378190000000000000e+05,2.750897908004059456e+06,-9.984583019033788087e-01,9.984583019033788087e-01,9.999999999939043205e-01
4.422870000000000000e+05,2.778971179956537671e+06,-9.982450692728412900e-01,9.982450692728412900e-01,9.999999999938419259e-01
4.468010000000000000e+05,2.807333478433146141e+06,-9.981748924155695590e-01,9.981748924155695590e-01,9.999999999937795314e-01
4.513610000000000000e+05,2.835984803433885332e+06,-9.990161035779041576e-01,9.990161035779041576e-01,9.999999999937173589e-01
4.559670000000000000e+05,2.864925154958754312e+06,-9.991653705530314511e-01,9.991653705530314511e-01,9.999999999936536321e-01
4.606200000000000000e+05,2.894160816193060949e+06,9.986462792870214322e-01,9.986462792870214322e-01,9.999999999935946793e-01
4.653210000000000000e+05,2.923698070322112180e+06,-9.984642737077225050e-01,9.984642737077225050e-01,9.999999999935230699e-01
4.700700000000000000e+05,2.953536917345908005e+06,9.985371850922936110e-01,9.985371850922936110e-01,9.999999999934632289e-01
4.748670000000000000e+05,2.983677357264448423e+06,-9.981446350708206294e-01,9.981446350708206294e-01,9.999999999933889550e-01
4.797130000000000000e+05,3.014125673263040837e+06,-9.979938442641334007e-01,9.979938442641334007e-01,9.999999999933221195e-01
4.846090000000000000e+05,3.044888148526992183e+06,-9.987471747114222698e-01,9.987471747114222698e-01,9.999999999932545069e-01
4.895550000000000000e+05,3.075964783056302462e+06,-9.980662716506757404e-01,9.980662716506757404e-01,9.999999999931851180e-01
4.945510000000000000e+05,3.107355576850971673e+06,-9.983231220318026233e-01,9.983231220318026233e-01,9.999999999931153960e-01
4.995980000000000000e+05,3.139066813096306752e+06,9.983298643443383469e-01,9.983298643443383469e-01,9.999999999930526684e-01
5.046960000000000000e+05,3.171098491792308632e+06,9.984728008640733066e-01,9.984728008640733066e-01,9.999999999929806149e-01
5.098470000000000000e+05,3.203463179309590720e+06,-9.980056035078987975e-01,9.980056035078987975e-01,9.999999999929023442e-01
5.150500000000000000e+05,3.236154592462846078e+06,9.986699522450170896e-01,9.986699522450170896e-01,9.999999999928367300e-01
5.203060000000000000e+05,3.269179014437381644e+06,9.982983077696208074e-01,9.982983077696208074e-01,9.999999999927644545e-01
5.256160000000000000e+05,3.302542728418505285e+06,9.992014315016937154e-01,9.992014315016937154e-01,9.999999999926889593e-01
5.309800000000000000e+05,3.336245734406216536e+06,9.984831408086445315e-01,9.984831408086445315e-01,9.999999999926156846e-01
5.363990000000000000e+05,3.370294315585822798e+06,-9.982019581914026718e-01,9.982019581914026718e-01,9.999999999925338612e-01
5.418730000000000000e+05,3.404688471957324073e+06,-9.986388571663247227e-01,9.986388571663247227e-01,9.999999999924573668e-01
5.474030000000000000e+05,3.439434486706026830e+06,-9.987902004526587607e-01,9.987902004526587607e-01,9.999999999923815386e-01
5.529890000000000000e+05,3.474532359831932001e+06,-9.980268348556374791e-01,9.980268348556374791e-01,9.999999999923023797e-01
5.586330000000000000e+05,3.509994657705653924e+06,-9.991414642929432599e-01,9.991414642929432599e-01,9.999999999922259963e-01
5.643340000000000000e+05,3.545815097141884733e+06,9.989740811978878865e-01,9.989740811978878865e-01,9.999999999921503901e-01
5.700930000000000000e+05,3.581999961325931828e+06,-9.981303848422404812e-01,9.981303848422404812e-01,9.999999999920642368e-01
5.759110000000000000e+05,3.618555533443102613e+06,-9.980011783032648465e-01,9.980011783032648465e-01,9.999999999919841898e-01
5.817880000000000000e+05,3.655481813493397087e+06,9.976951588580105224e-01,9.976951588580105224e-01,9.999999999919098048e-01
5.877260000000000000e+05,3.692791367847429588e+06,9.978729162938910768e-01,9.978729162938910768e-01,9.999999999918263160e-01
5.937240000000000000e+05,3.730477913319892716e+06,9.977434146216925814e-01,9.977434146216925814e-01,9.999999999917434934e-01
5.997830000000000000e+05,3.768547733096093871e+06,-9.982081259770850812e-01,9.982081259770850812e-01,9.999999999916519000e-01
6.059040000000000000e+05,3.807007110361339990e+06,9.987303104473667092e-01,9.987303104473667092e-01,9.999999999915724080e-01
6.120870000000000000e+05,3.845856045115631539e+06,-9.981499969513959458e-01,9.981499969513959458e-01,9.999999999914812587e-01
6.183340000000000000e+05,3.885107103729582392e+06,9.976100360460389282e-01,9.976100360460389282e-01,9.999999999914004345e-01
6.246440000000000000e+05,3.924754003017885610e+06,9.979236037051535391e-01,9.979236037051535391e-01,9.999999999913118387e-01
6.310190000000000000e+05,3.964809309351155534e+06,-9.980646147068499285e-01,9.980646147068499285e-01,9.999999999912178028e-01
6.374580000000000000e+05,4.005266739544084761e+06,9.986526111033078301e-01,9.986526111033078301e-01,9.999999999911330928e-01
6.439640000000000000e+05,4.046145143152595032e+06,9.976852725284919288e-01,9.976852725284919288e-01,9.999999999910440529e-01
6.505360000000000000e+05,4.087438236991379410e+06,9.981961389021724029e-01,9.981961389021724029e-01,9.999999999909515713e-01
6.571750000000000000e+05,4.129152304245744366e+06,-9.985180684395649209e-01,9.985180684395649209e-01,9.999999999908546489e-01
6.638810000000000000e+05,4.171287344915690832e+06,-9.978748249993651953e-01,9.978748249993651953e-01,9.999999999907613901e-01
6.706560000000000000e+05,4.213855925371832214e+06,9.971614461098861071e-01,9.971614461098861071e-01,9.999999999906732384e-01
6.775010000000000000e+05,4.256864328799476847e+06,-9.977746495763892831e-01,9.977746495763892831e-01,9.999999999905715420e-01
6.844150000000000000e+05,4.300306272013316862e+06,-9.974622602557894346e-01,9.974622602557894346e-01,9.999999999904752856e-01
6.913990000000000000e+05,4.344188038198659196e+06,-9.970989841222428485e-01,9.970989841222428485e-01,9.999999999903775860e-01
6.984550000000000000e+05,4.388522193726117723e+06,-9.977396246340100028e-01,9.977396246340100028e-01,9.999999999902797754e-01
7.055830000000000000e+05,4.433308738595694304e+06,-9.975606425392200549e-01,9.975606425392200549e-01,9.999999999901809655e-01
7.127840000000000000e+05,4.478553955992694013e+06,9.975195190143328894e-01,9.975195190143328894e-01,9.999999999900870407e-01
7.200580000000000000e+05,4.524257845917118713e+06,9.974732763281705106e-01,9.974732763281705106e-01,9.999999999899855663e-01
7.274070000000000000e+05,4.570432974739581347e+06,-9.970056478658990695e-01,9.970056478658990695e-01,9.999999999898769865e-01
7.348300000000000000e+05,4.617073059274774976e+06,9.972051195923512523e-01,9.972051195923512523e-01,9.999999999897800640e-01
7.423290000000000000e+05,4.664190665893315338e+06,-9.975321882739329737e-01,9.975321882739329737e-01,9.999999999896697078e-01
7.499050000000000000e+05,4.711792077780507505e+06,-9.971529093967272939e-01,9.971529093967272939e-01,9.999999999895644587e-01
7.575580000000000000e+05,4.759877294936353341e+06,9.976335049164574142e-01,9.976335049164574142e-01,9.999999999894634284e-01
7.652890000000000000e+05,4.808452600546157919e+06,-9.975217817618610150e-01,9.975217817618610150e-01,9.999999999893497415e-01
7.730990000000000000e+05,4.857524277795230970e+06,-9.976654910246195440e-01,9.976654910246195440e-01,9.999999999892416058e-01
7.809890000000000000e+05,4.907098609868877567e+06,-9.969828760682881708e-01,9.969828760682881708e-01,9.999999999891318048e-01
7.889590000000000000e+05,4.957175596767099574e+06,-9.976509625493314992e-01,9.976509625493314992e-01,9.999999999890208935e-01
7.970110000000000000e+05,5.007767804860509001e+06,-9.973434091099649956e-01,9.973434091099649956e-01,9.999999999889087610e-01
8.051440000000000000e+05,5.058868950963800773e+06,9.976619969408393462e-01,9.976619969408393462e-01,9.999999999888014024e-01
8.133610000000000000e+05,5.110497884632895701e+06,-9.975107082931259361e-01,9.975107082931259361e-01,9.999999999886812763e-01
8.216620000000000000e+05,5.162654605867792852e+06,9.973215455999059342e-01,9.973215455999059342e-01,9.999999999885721413e-01
8.300470000000000000e+05,5.215339114668494090e+06,-9.972764904447206646e-01,9.972764904447206646e-01,9.999999999884491286e-01
8.385180000000000000e+05,5.268563977405612357e+06,9.974049301061072015e-01,9.974049301061072015e-01,9.999999999883368851e-01
8.470750000000000000e+05,5.322329194079147652e+06,-9.977593000196244288e-01,9.977593000196244288e-01,9.999999999882128732e-01
8.557200000000000000e+05,5.376647331059715711e+06,9.973907457407211741e-01,9.973907457407211741e-01,9.999999999880985202e-01
8.644530000000000000e+05,5.431518388347314671e+06,-9.978711261420400991e-01,9.978711261420400991e-01,9.999999999879709556e-01
8.732750000000000000e+05,5.486948649127253331e+06,-9.979254678260642830e-01,9.979254678260642830e-01,9.999999999878478318e-01
8.821870000000000000e+05,5.542944396584837697e+06,-9.978281443246181937e-01,9.978281443246181937e-01,9.999999999877238199e-01
8.911900000000000000e+05,5.599511913905375637e+06,9.970644549891058972e-01,9.970644549891058972e-01,9.999999999876054702e-01
9.002850000000000000e+05,5.656657484274174087e+06,-9.976742105935560989e-01,9.976742105935560989e-01,9.999999999874724654e-01
9.094720000000000000e+05,5.714381107691233046e+06,9.971902880372647271e-01,9.971902880372647271e-01,9.999999999873512291e-01
9.187540000000000000e+05,5.772701633712473325e+06,9.985264852025531601e-01,9.985264852025531601e-01,9.999999999872206669e-01
9.281300000000000000e+05,5.831612779152588919e+06,9.976686160841592432e-01,9.976686160841592432e-01,9.999999999870915479e-01
9.376020000000000000e+05,5.891127110382194631e+06,9.982706184351893830e-01,9.982706184351893830e-01,9.999999999869585432e-01
9.471700000000000000e+05,5.951244627401288599e+06,9.982440615155492303e-01,9.982440615155492303e-01,9.999999999868256495e-01
9.568360000000000000e+05,6.011977896580486558e+06,9.983306200586882229e-01,9.983306200586882229e-01,9.999999999866925338e-01
9.666010000000000000e+05,6.073333201105095446e+06,-9.983911654544482817e-01,9.983911654544482817e-01,9.999999999865492040e-01
9.764660000000000000e+05,6.135316824160422198e+06,9.983404954884891325e-01,9.983404954884891325e-01,9.999999999864186417e-01
9.864310000000000000e+05,6.197928765746466815e+06,-9.991205638340621142e-01,9.991205638340621142e-01,9.999999999862746458e-01
9.964980000000000000e+05,6.261181592233843170e+06,9.985278108391681950e-01,9.985278108391681950e-01,9.999999999861396427e-01
1.006667000000000000e+06,6.325075303622552194e+06,-9.989945675361554533e-01,9.989945675361554533e-01,9.999999999859937594e-01
1.016941000000000000e+06,6.389628749468515627e+06,-9.991894139532687680e-01,9.991894139532687680e-01,9.999999999858504296e-01
1.027319000000000000e+06,6.454835646586425602e+06,-9.986461185156485509e-01,9.986461185156485509e-01,9.999999999857052124e-01
1.037803000000000000e+06,6.520708561346895993e+06,-9.991514274097997861e-01,9.991514274097997861e-01,9.999999999855604393e-01
1.048394000000000000e+06,6.587253776935234666e+06,9.985304052888841486e-01,9.985304052888841486e-01,9.999999999854187749e-01
1.059093000000000000e+06,6.654477576536749490e+06,-9.980482206345638874e-01,9.980482206345638874e-01,9.999999999852631216e-01
1.069902000000000000e+06,6.722392526522053406e+06,9.990984837415246567e-01,9.990984837415246567e-01,9.999999999851182375e-01
1.080820000000000000e+06,6.790992343705840409e+06,9.979965322701391806e-01,9.979965322701391806e-01,9.999999999849676913e-01
1.091850000000000000e+06,6.860295877644031309e+06,9.989361053143018809e-01,9.989361053143018809e-01,9.999999999848123711e-01
1.102993000000000000e+06,6.930309411521933042e+06,-9.981891145281631683e-01,9.981891145281631683e-01,9.999999999846529430e-01
1.114249000000000000e+06,7.001032945339546539e+06,-9.981123113508372224e-01,9.981123113508372224e-01,9.999999999844970677e-01
1.125621000000000000e+06,7.072485328652792610e+06,-9.974069615085919827e-01,9.974069615085919827e-01,9.999999999843377507e-01
1.137108000000000000e+06,7.144660278276365250e+06,9.980115247538798862e-01,9.980115247538798862e-01,9.999999999841844289e-01
1.148712000000000000e+06,7.217570360580876470e+06,9.980410861523314470e-01,9.980410861523314470e-01,9.999999999840226694e-01
1.160435000000000000e+06,7.291228141936942935e+06,-9.978366328590888568e-01,9.978366328590888568e-01,9.999999999838534714e-01
1.172278000000000000e+06,7.365639905529870652e+06,9.978764688308596753e-01,9.978764688308596753e-01,9.999999999836940434e-01
1.184241000000000000e+06,7.440805651359660551e+06,-9.977555393051078525e-01,9.977555393051078525e-01,9.999999999835225140e-01
1.196327000000000000e+06,7.516744228982232511e+06,-9.982094145210899105e-01,9.982094145210899105e-01,9.999999999833552033e-01
1.208536000000000000e+06,7.593455638397588395e+06,9.977066657552611240e-01,9.977066657552611240e-01,9.999999999831898911e-01
1.220869000000000000e+06,7.670946162791034207e+06,-9.971358445882246846e-01,9.971358445882246846e-01,9.999999999830134767e-01
1.233329000000000000e+06,7.749234651718491688e+06,-9.972854086731969270e-01,9.972854086731969270e-01,9.999999999828396158e-01
1.245915000000000000e+06,7.828314821994653903e+06,-9.973838387531206440e-01,9.973838387531206440e-01,9.999999999826649777e-01
1.258630000000000000e+06,7.908205523175442591e+06,9.977114744215294095e-01,9.977114744215294095e-01,9.999999999824937813e-01
1.271475000000000000e+06,7.988913038446164690e+06,-9.968801691406733445e-01,9.968801691406733445e-01,9.999999999823088181e-01
1.284451000000000000e+06,8.070443650992127135e+06,-9.975230874816407578e-01,9.975230874816407578e-01,9.999999999821286290e-01
1.297559000000000000e+06,8.152803643998636864e+06,-9.968653042530067898e-01,9.968653042530067898e-01,9.999999999819463303e-01
1.310801000000000000e+06,8.236005583836308680e+06,-9.966950158167975360e-01,9.966950158167975360e-01,9.999999999817622554e-01
1.324178000000000000e+06,8.320055753690450452e+06,9.967419042237994908e-01,9.967419042237994908e-01,9.999999999815822882e-01
1.337692000000000000e+06,8.404966719931675121e+06,9.973597865943818475e-01,9.973597865943818475e-01,9.999999999813934393e-01
1.351343000000000000e+06,8.490738482559982687e+06,-9.974691947225382549e-01,9.974691947225382549e-01,9.999999999811988172e-01
1.365134000000000000e+06,8.577389891131296754e+06,9.977832203150029944e-01,9.977832203150029944e-01,9.999999999810117446e-01
1.379066000000000000e+06,8.664927228830922395e+06,9.967445506466461325e-01,9.967445506466461325e-01,9.999999999808192319e-01
1.393139000000000000e+06,8.753350495658861473e+06,-9.974809617332035527e-01,9.974809617332035527e-01,9.999999999806172823e-01
1.407357000000000000e+06,8.842684824356341735e+06,-9.977234295069388192e-01,9.977234295069388192e-01,9.999999999804197737e-01
1.421719000000000000e+06,8.932923931738054380e+06,-9.974380609996140734e-01,9.974380609996140734e-01,9.999999999802198225e-01
1.436228000000000000e+06,9.024086667359922081e+06,9.976725170352968020e-01,9.976725170352968020e-01,9.999999999800238681e-01
1.450885000000000000e+06,9.116179314407253638e+06,-9.986637137380013352e-01,9.986637137380013352e-01,9.999999999798143691e-01
1.465692000000000000e+06,9.209214439250662923e+06,9.984200513547314415e-01,9.984200513547314415e-01,9.999999999796126415e-01
1.480650000000000000e+06,9.303198325075455010e+06,9.981609460962306279e-01,9.981609460962306279e-01,9.999999999794059180e-01
1.495761000000000000e+06,9.398143538252245635e+06,-9.984925451607260527e-01,9.984925451607260527e-01,9.999999999791899796e-01
1.511025000000000000e+06,9.494050078781034797e+06,-9.975257900549165946e-01,9.975257900549165946e-01,9.999999999789763727e-01
1.526446000000000000e+06,9.590943079403050244e+06,9.988415744106686756e-01,9.988415744106686756e-01,9.999999999787680949e-01
1.542024000000000000e+06,9.688822540118293837e+06,9.987161555536463453e-01,9.987161555536463453e-01,9.999999999785509353e-01
1.557760000000000000e+06,9.787694744112072513e+06,9.984033468022298630e-01,9.984033468022298630e-01,9.999999999783335536e-01
1.573658000000000000e+06,9.887584824125614017e+06,9.984404948377659794e-01,9.984404948377659794e-01,9.999999999781109539e-01
1.589717000000000000e+06,9.988486496973609552e+06,-9.975501807496980344e-01,9.975501807496980344e-01,9.999999999778819149e-01
1.605941000000000000e+06,1.009042489539729245e+07,-9.981999331403641484e-01,9.981999331403641484e-01,9.999999999776574278e-01
1.622330000000000000e+06,1.019340001939665899e+07,9.981919230096972795e-01,9.981919230096972795e-01,9.999999999774346060e-01
1.638886000000000000e+06,1.029742443534232304e+07,9.984765751390354271e-01,9.984765751390354271e-01,9.999999999772033465e-01
1.655612000000000000e+06,1.040251699279020913e+07,9.981848787330741546e-01,9.981848787330741546e-01,9.999999999769711989e-01
1.672508000000000000e+06,1.050867769174031541e+07,9.979887209770671452e-01,9.979887209770671452e-01,9.999999999767358316e-01
1.689576000000000000e+06,1.061591909856325574e+07,9.969453807499703002e-01,9.969453807499703002e-01,9.999999999765004643e-01
1.706819000000000000e+06,1.072426006281495467e+07,-9.974697571055209933e-01,9.974697571055209933e-01,9.999999999762532177e-01
1.724237000000000000e+06,1.083370058449540846e+07,-9.968854662272841338e-01,9.968854662272841338e-01,9.999999999760119662e-01
1.741834000000000000e+06,1.094426579634584673e+07,9.968905238641754263e-01,9.968905238641754263e-01,9.999999999757726021e-01
1.759610000000000000e+06,1.105595569836627133e+07,9.972512149581637120e-01,9.972512149581637120e-01,9.999999999755249114e-01
1.777567000000000000e+06,1.116878285692729615e+07,-9.973490780529241650e-01,9.973490780529241650e-01,9.999999999752698931e-01
1.795708000000000000e+06,1.128276612158484012e+07,9.972109679980800667e-01,9.972109679980800667e-01,9.999999999750228685e-01
1.814033000000000000e+06,1.139790549233890697e+07,-9.965189997520846887e-01,9.965189997520846887e-01,9.999999999747627433e-01
1.832546000000000000e+06,1.151422610193072259e+07,9.968151589983043070e-01,9.968151589983043070e-01,9.999999999745103896e-01
1.851248000000000000e+06,1.163173423354559392e+07,9.971628339717537592e-01,9.971628339717537592e-01,9.999999999742503753e-01
1.870140000000000000e+06,1.175043617036883160e+07,9.972801533916280103e-01,9.972801533916280103e-01,9.999999999739872525e-01
1.889226000000000000e+06,1.187035704514166154e+07,9.973302523107927531e-01,9.973302523107927531e-01,9.999999999737217982e-01
1.908506000000000000e+06,1.199149685786408372e+07,9.977589136033038208e-01,9.977589136033038208e-01,9.999999999734534573e-01
1.927983000000000000e+06,1.211387445809202082e+07,-9.968245070773157357e-01,9.968245070773157357e-01,9.999999999731770117e-01
1.947658000000000000e+06,1.223749612901077792e+07,9.970665687242896702e-01,9.970665687242896702e-01,9.999999999729103362e-01
1.967535000000000000e+06,1.236238700336158648e+07,-9.979834361502846196e-01,9.979834361502846196e-01,9.999999999726278954e-01
1.987614000000000000e+06,1.248854708114444651e+07,9.978860089300144454e-01,9.978860089300144454e-01,9.999999999723531152e-01
2.007898000000000000e+06,1.261599521191527694e+07,9.980007901290255390e-01,9.980007901290255390e-01,9.999999999720710075e-01
2.028390000000000000e+06,1.274475024523000047e+07,9.977561655601501212e-01,9.977561655601501212e-01,9.999999999717871235e-01
2.049090000000000000e+06,1.287481218108861893e+07,9.975630708932785584e-01,9.975630708932785584e-01,9.999999999714997978e-01
2.070002000000000000e+06,1.300620615223235823e+07,9.981277401812109762e-01,9.981277401812109762e-01,9.999999999712069210e-01
2.091127000000000000e+06,1.313893844184652716e+07,-9.973113072679231639e-01,9.973113072679231639e-01,9.999999999709072718e-01
2.112467000000000000e+06,1.327302161630173959e+07,-9.977988616340613959e-01,9.977988616340613959e-01,9.999999999706115084e-01
2.134025000000000000e+06,1.340847452515391633e+07,-9.981900977471038772e-01,9.981900977471038772e-01,9.999999999703118592e-01
2.155804000000000000e+06,1.354531601795898005e+07,9.976023468335116773e-01,9.976023468335116773e-01,9.999999999700142084e-01
2.177804000000000000e+06,1.368354609471693076e+07,9.976372939862254707e-01,9.976372939862254707e-01,9.999999999697077868e-01
2.200030000000000000e+06,1.382319617135430500e+07,9.972451154860941802e-01,9.972451154860941802e-01,9.999999999693992558e-01
2.222482000000000000e+06,1.396426624787110090e+07,9.969189106148652613e-01,9.969189106148652613e-01,9.999999999690871721e-01
2.245163000000000000e+06,1.410677517382324114e+07,-9.964182807870223257e-01,9.964182807870223257e-01,9.999999999687659846e-01
2.268075000000000000e+06,1.425073551558133960e+07,-9.963900318400790157e-01,9.963900318400790157e-01,9.999999999684471286e-01
2.291222000000000000e+06,1.439617240588662587e+07,9.967683364081030284e-01,9.967683364081030284e-01,9.999999999681306040e-01
2.314604000000000000e+06,1.454308584473909810e+07,9.969058939362507310e-01,9.969058939362507310e-01,9.999999999678050866e-01
2.338225000000000000e+06,1.469150096487998776e+07,-9.966735689596523118e-01,9.966735689596523118e-01,9.999999999674715756e-01
2.362088000000000000e+06,1.484143661586521380e+07,9.962955501175507766e-01,9.962955501175507766e-01,9.999999999671455031e-01
2.386194000000000000e+06,1.499289908088008501e+07,9.968012168633043624e-01,9.968012168633043624e-01,9.999999999668095496e-01
2.410545000000000000e+06,1.514590092629521526e+07,-9.970675387870292505e-01,9.970675387870292505e-01,9.999999999664656025e-01
2.435146000000000000e+06,1.530047356803714111e+07,9.966778172140364767e-01,9.966778172140364767e-01,9.999999999661293160e-01
2.459997000000000000e+06,1.545661700610586070e+07,-9.969927396795313923e-01,9.969927396795313923e-01,9.999999999657767091e-01
2.485102000000000000e+06,1.561435637324260361e+07,9.968796311196965743e-01,9.968796311196965743e-01,9.999999999654349825e-01
2.510463000000000000e+06,1.577370423581798561e+07,-9.980444670763443105e-01,9.980444670763443105e-01,9.999999999650761584e-01
2.536083000000000000e+06,1.593467944338792749e+07,-9.977594034102859055e-01,9.977594034102859055e-01,9.999999999647182225e-01
2.561965000000000000e+06,1.609730084550834820e+07,-9.976961560643339277e-01,9.976961560643339277e-01,9.999999999643590654e-01
2.588111000000000000e+06,1.626158100854986534e+07,-9.978116638986779252e-01,9.978116638986779252e-01,9.999999999639950232e-01
2.614523000000000000e+06,1.642753249888309278e+07,-9.973058577061787444e-01,9.973058577061787444e-01,9.999999999636268733e-01
2.641205000000000000e+06,1.659518044924925826e+07,-9.970193548091321745e-01,9.970193548091321745e-01,9.999999999632561698e-01
2.668159000000000000e+06,1.676453742601897754e+07,-9.969309134383351756e-01,9.969309134383351756e-01,9.999999999628812475e-01
2.695389000000000000e+06,1.693562856193347648e+07,-9.973503928258842244e-01,9.973503928258842244e-01,9.999999999625038827e-01
2.722896000000000000e+06,1.710846014017806575e+07,9.970426760104031949e-01,9.970426760104031949e-01,9.999999999621259628e-01
2.750684000000000000e+06,1.728305729349397123e+07,9.968989513279979953e-01,9.968989513279979953e-01,9.999999999617389390e-01
2.778755000000000000e+06,1.745943258825181052e+07,-9.964194334253535512e-01,9.964194334253535512e-01,9.999999999613430335e-01
2.807113000000000000e+06,1.763761115719281137e+07,-9.963599558749819396e-01,9.963599558749819396e-01,9.999999999609491264e-01
2.835761000000000000e+06,1.781761184987289086e+07,-9.960868661257902268e-01,9.960868661257902268e-01,9.999999999605503342e-01
2.864701000000000000e+06,1.799944723266266659e+07,-9.962937680416354969e-01,9.962937680416354969e-01,9.999999999601482115e-01
2.893936000000000000e+06,1.818313615511806309e+07,9.960355850495462571e-01,9.960355850495462571e-01,9.999999999597474210e-01
2.923469000000000000e+06,1.836869746679499745e+07,-9.963998875959539925e-01,9.963998875959539925e-01,9.999999999593299771e-01
2.953304000000000000e+06,1.855615630043470114e+07,9.966721944928116361e-01,9.966721944928116361e-01,9.999999999589214150e-01
2.983444000000000000e+06,1.874553150559309497e+07,9.967238754126708233e-01,9.967238754126708233e-01,9.999999999585030830e-01
3.013890000000000000e+06,1.893682936545548216e+07,9.976793793033893465e-01,9.976793793033893465e-01,9.999999999580779786e-01
3.044648000000000000e+06,1.913008757913371176e+07,9.974343716850611052e-01,9.974343716850611052e-01,9.999999999576512089e-01
3.075720000000000000e+06,1.932531871299839765e+07,9.980137266487840719e-01,9.980137266487840719e-01,9.999999999572177778e-01
3.107108000000000000e+06,1.952253533342014998e+07,9.973565036305834797e-01,9.973565036305834797e-01,9.999999999567820153e-01
3.138817000000000000e+06,1.972176885632550716e+07,-9.974071724464078637e-01,9.974071724464078637e-01,9.999999999563358166e-01
3.170850000000000000e+06,1.992303813127039000e+07,9.969592016255326428e-01,9.969592016255326428e-01,9.999999999558953911e-01
3.203209000000000000e+06,2.012635572462541610e+07,-9.972436518861473864e-01,9.972436518861473864e-01,9.999999999554398666e-01
3.235899000000000000e+06,2.033175305231711641e+07,-9.969637555577282040e-01,9.969637555577282040e-01,9.999999999549852303e-01
3.268922000000000000e+06,2.053924268071610853e+07,9.964465157124886563e-01,9.964465157124886563e-01,9.999999999545315932e-01
3.302283000000000000e+06,2.074885602574892715e+07,-9.963504832369409758e-01,9.963504832369409758e-01,9.999999999540613027e-01
3.335984000000000000e+06,2.096060565378618613e+07,9.963386643841466439e-01,9.963386643841466439e-01,9.999999999535985618e-01
3.370028000000000000e+06,2.117451041438380629e+07,9.959165682636496042e-01,9.959165682636496042e-01,9.999999999531252737e-01
3.404420000000000000e+06,2.139060172346832603e+07,9.961949231503646196e-01,9.961949231503646196e-01,9.999999999526465455e-01
3.439164000000000000e+06,2.160890471378097311e+07,9.965658206333654068e-01,9.965658206333654068e-01,9.999999999521630434e-01
3.474261000000000000e+06,2.182942566850705817e+07,-9.969781649090028175e-01,9.969781649090028175e-01,9.999999999516698823e-01
3.509717000000000000e+06,2.205220228675841540e+07,-9.969551793021727004e-01,9.969551793021727004e-01,9.999999999511753890e-01
3.545535000000000000e+06,2.227725341809097305e+07,-9.969350752653416414e-01,9.969350752653416414e-01,9.999999999506775650e-01
3.581718000000000000e+06,2.250459791206065193e+07,9.973046474464636324e-01,9.973046474464636324e-01,9.999999999501805181e-01
3.618271000000000000e+06,2.273426718459399045e+07,-9.968864161467778651e-01,9.968864161467778651e-01,9.999999999496652636e-01
3.655196000000000000e+06,2.296627380206159502e+07,9.975668489464468713e-01,9.975668489464468713e-01,9.999999999491575586e-01
3.692499000000000000e+06,2.320065546357531473e+07,-9.975167352366953732e-01,9.975167352366953732e-01,9.999999999486344215e-01
3.730182000000000000e+06,2.343742473550576344e+07,9.969964941320625940e-01,9.969964941320625940e-01,9.999999999481140600e-01
3.768249000000000000e+06,2.367660675059416890e+07,-9.967965527699153006e-01,9.967965527699153006e-01,9.999999999475805978e-01
3.806705000000000000e+06,2.391823292476706579e+07,-9.960690552405953024e-01,9.960690552405953024e-01,9.999999999470446932e-01
3.845554000000000000e+06,2.416232839076568559e+07,9.959950276779356848e-01,9.959950276779356848e-01,9.999999999465106759e-01
3.884799000000000000e+06,2.440891199814594910e+07,-9.958868952974325728e-01,9.958868952974325728e-01,9.999999999459592281e-01
3.924445000000000000e+06,2.465801516283439100e+07,-9.961547229371285894e-01,9.961547229371285894e-01,9.999999999454077804e-01
3.964495000000000000e+06,2.490965673438693210e+07,-9.966111130411055008e-01,9.966111130411055008e-01,9.999999999448506705e-01
4.004954000000000000e+06,2.516386812873011082e+07,9.967822187999431094e-01,9.967822187999431094e-01,9.999999999442932275e-01
4.045825000000000000e+06,2.542066819541984797e+07,-9.973815063894273525e-01,9.973815063894273525e-01,9.999999999437197973e-01
4.087114000000000000e+06,2.568009463356798887e+07,9.975964330038287198e-01,9.975964330038287198e-01,9.999999999431495867e-01
4.128824000000000000e+06,2.594216629273044690e+07,9.975500023662822180e-01,9.975500023662822180e-01,9.999999999425699393e-01
4.170960000000000000e+06,2.620691458883376792e+07,9.970515975814973064e-01,9.970515975814973064e-01,9.999999999419841856e-01
4.213526000000000000e+06,2.647436465461917222e+07,9.970091660652531385e-01,9.970091660652531385e-01,9.999999999413923257e-01
4.256526000000000000e+06,2.674454162282789499e+07,9.964794558313834205e-01,9.964794558313834205e-01,9.999999999407945817e-01
4.299966000000000000e+06,2.701748319257177785e+07,9.964661185769320140e-01,9.964661185769320140e-01,9.999999999401892881e-01
4.343848000000000000e+06,2.729320193022143096e+07,9.962233443342555228e-01,9.962233443342555228e-01,9.999999999395791095e-01
4.388178000000000000e+06,2.757173553488870338e+07,9.959965484168987748e-01,9.959965484168987748e-01,9.999999999389630467e-01
4.432961000000000000e+06,2.785311542250012606e+07,-9.961877101491527498e-01,9.961877101491527498e-01,9.999999999383339944e-01
4.478201000000000000e+06,2.813736672579693049e+07,-9.964276413566448554e-01,9.964276413566448554e-01,9.999999999377051640e-01
4.523902000000000000e+06,2.842451457752034441e+07,9.967977301576189664e-01,9.967977301576189664e-01,9.999999999370748904e-01
4.570070000000000000e+06,2.871459667678221315e+07,9.971833224509127902e-01,9.971833224509127902e-01,9.999999999364329595e-01
4.616709000000000000e+06,2.900763815632376075e+07,-9.977234394441421017e-01,9.977234394441421017e-01,9.999999999357785940e-01
4.663824000000000000e+06,2.930367043207152560e+07,9.971405792628420528e-01,9.971405792628420528e-01,9.999999999351287805e-01
4.711419000000000000e+06,2.960271863676673919e+07,-9.974170603670333701e-01,9.974170603670333701e-01,9.999999999344618695e-01
4.759501000000000000e+06,2.990482675270654634e+07,-9.972688748566729267e-01,9.972688748566729267e-01,9.999999999337920720e-01
4.808073000000000000e+06,3.021001362944687530e+07,-9.965706869742994023e-01,9.965706869742994023e-01,9.999999999331171674e-01
4.857141000000000000e+06,3.051831696609956399e+07,-9.962192237868223721e-01,9.962192237868223721e-01,9.999999999324338251e-01
4.906709000000000000e+06,3.082976189540584013e+07,-9.959029480446932592e-01,9.959029480446932592e-01,9.999999999317441546e-01
4.956784000000000000e+06,3.114439239966285974e+07,9.962334743463172604e-01,9.962334743463172604e-01,9.999999999310534848e-01
5.007369000000000000e+06,3.146222732842653617e+07,-9.965335482778792109e-01,9.965335482778792109e-01,9.999999999303444964e-01
5.058471000000000000e+06,3.178331066399402916e+07,-9.974399251339740591e-01,9.974399251339740591e-01,9.999999999296333986e-01
5.110094000000000000e+06,3.210766753910655901e+07,9.971299724760165351e-01,9.971299724760165351e-01,9.999999999289219677e-01
5.162244000000000000e+06,3.243533565287597477e+07,9.972435217515767114e-01,9.972435217515767114e-01,9.999999999281964369e-01
5.214927000000000000e+06,3.276635270441411808e+07,-9.974633208995330458e-01,9.974633208995330458e-01,9.999999999274571394e-01
5.268146000000000000e+06,3.310073754327690974e+07,9.968575130930827921e-01,9.968575130930827921e-01,9.999999999267236150e-01
5.321909000000000000e+06,3.343854043494680524e+07,-9.965220797061420388e-01,9.965220797061420388e-01,9.999999999259691075e-01
5.376221000000000000e+06,3.377979279535034299e+07,-9.967235276065816718e-01,9.967235276065816718e-01,9.999999999252133787e-01
5.431087000000000000e+06,3.412452604041405767e+07,-9.960544226280239055e-01,9.960544226280239055e-01,9.999999999244503224e-01
5.486513000000000000e+06,3.447277786924979091e+07,-9.967005285558543370e-01,9.967005285558543370e-01,9.999999999236799386e-01
5.542505000000000000e+06,3.482458598096939176e+07,-9.964892597820287357e-01,9.964892597820287357e-01,9.999999999229000069e-01
5.599067000000000000e+06,3.517997550831408799e+07,-9.971916035534684752e-01,9.971916035534684752e-01,9.999999999221135250e-01
5.656208000000000000e+06,3.553900299995163083e+07,9.981702242284511417e-01,9.981702242284511417e-01,9.999999999213240454e-01
5.713931000000000000e+06,3.590168730543795973e+07,-9.980663950361216008e-01,9.980663950361216008e-01,9.999999999205170242e-01
5.772243000000000000e+06,3.626807240707021952e+07,-9.977490142606251222e-01,9.977490142606251222e-01,9.999999999197055622e-01
5.831151000000000000e+06,3.663820228714555502e+07,-9.963675037843389148e-01,9.963675037843389148e-01,9.999999999188852184e-01
5.890659000000000000e+06,3.701210207840519398e+07,-9.962271043165336071e-01,9.962271043165336071e-01,9.999999999180574362e-01
5.950775000000000000e+06,3.738982204633159935e+07,-9.965062245405045260e-01,9.965062245405045260e-01,9.999999999172218823e-01
6.011505000000000000e+06,3.777139989003662020e+07,-9.968400225646887325e-01,9.968400225646887325e-01,9.999999999163772246e-01
6.072854000000000000e+06,3.815686702544678003e+07,9.978017497894936527e-01,9.978017497894936527e-01,9.999999999155287922e-01
6.134829000000000000e+06,3.854626743485923111e+07,-9.981519072765858702e-01,9.981519072765858702e-01,9.999999999146619301e-01
6.197437000000000000e+06,3.893964510057113320e+07,-9.978479489025315896e-01,9.978479489025315896e-01,9.999999999137900719e-01
6.260684000000000000e+06,3.933703772169432044e+07,9.976486350999008712e-01,9.976486350999008712e-01,9.999999999129161043e-01
6.324576000000000000e+06,3.973848299734064192e+07,9.974487912487861596e-01,9.974487912487861596e-01,9.999999999120273708e-01
6.389120000000000000e+06,4.014402490980723500e+07,9.971038311564565104e-01,9.971038311564565104e-01,9.999999999111303106e-01
6.454323000000000000e+06,4.055370744139126688e+07,-9.965053137231711933e-01,9.965053137231711933e-01,9.999999999102174852e-01
6.520191000000000000e+06,4.096756829120457172e+07,-9.970348501243053718e-01,9.970348501243053718e-01,9.999999999093014402e-01
6.586732000000000000e+06,4.138565772472961247e+07,9.974663972348563057e-01,9.974663972348563057e-01,9.999999999083813984e-01
6.653951000000000000e+06,4.180800715789291263e+07,-9.978488318769307419e-01,9.978488318769307419e-01,9.999999999074409285e-01
6.721857000000000000e+06,4.223467313936225325e+07,-9.986793172634116367e-01,9.986793172634116367e-01,9.999999999064970169e-01
6.790456000000000000e+06,4.266569336824946105e+07,9.977333746486052313e-01,9.977333746486052313e-01,9.999999999055484423e-01
6.859754000000000000e+06,4.310110554366639256e+07,9.976507590883610943e-01,9.976507590883610943e-01,9.999999999045844357e-01
6.929760000000000000e+06,4.354096621428080648e+07,9.970207164994169258e-01,9.970207164994169258e-01,9.999999999036098819e-01
7.000480000000000000e+06,4.398531307920455188e+07,9.968372012626602885e-01,9.968372012626602885e-01,9.999999999026264463e-01
7.071922000000000000e+06,4.443419640392007679e+07,9.979338765307081971e-01,9.979338765307081971e-01,9.999999999016323526e-01
7.144093000000000000e+06,4.488766017072453350e+07,-9.979697837034210428e-01,9.979697837034210428e-01,9.999999999006222717e-01
7.217001000000000000e+06,4.534575464510037750e+07,-9.988315204571416306e-01,9.988315204571416306e-01,9.999999998996093042e-01
7.290653000000000000e+06,4.580852380934476852e+07,-9.983968933291433867e-01,9.983968933291433867e-01,9.999999998985841243e-01
7.365056000000000000e+06,4.627601164575485140e+07,9.973763633499244108e-01,9.973763633499244108e-01,9.999999998975547255e-01
7.440219000000000000e+06,4.674827470299839228e+07,-9.974228693031347293e-01,9.974228693031347293e-01,9.999999998965036774e-01
7.516148000000000000e+06,4.722535068018723279e+07,9.970938489975481600e-01,9.970938489975481600e-01,9.999999998954537395e-01
7.592853000000000000e+06,4.770730240917444229e+07,-9.973703272337299808e-01,9.973703272337299808e-01,9.999999998943811530e-01
7.670340000000000000e+06,4.819416758907186985e+07,9.981480839995462429e-01,9.981480839995462429e-01,9.999999998933092327e-01
7.748618000000000000e+06,4.868600276854727417e+07,9.976215157838541625e-01,9.976215157838541625e-01,9.999999998922214361e-01
7.827695000000000000e+06,4.918285821308311075e+07,-9.982344351067963251e-01,9.982344351067963251e-01,9.999999998911144328e-01
7.907579000000000000e+06,4.968478418816184253e+07,-9.977558738040712694e-01,9.977558738040712694e-01,9.999999998900026554e-01
7.988279000000000000e+06,5.019183724245123565e+07,-9.965278835650273059e-01,9.965278835650273059e-01,9.999999998888811081e-01
8.069801000000000000e+06,5.070405507506313175e+07,-9.975563284303986533e-01,9.975563284303986533e-01,9.999999998877466822e-01
8.152156000000000000e+06,5.122150680103590339e+07,9.985403940242434384e-01,9.985403940242434384e-01,9.999999998866058171e-01
8.235351000000000000e+06,5.174423640266671032e+07,-9.988740299963670966e-01,9.988740299963670966e-01,9.999999998854444128e-01
8.319395000000000000e+06,5.227230042862331122e+07,-9.974093759752473698e-01,9.974093759752473698e-01,9.999999998842744597e-01
8.404297000000000000e+06,5.280575542757347226e+07,-9.979031293931306390e-01,9.979031293931306390e-01,9.999999998830935155e-01
8.490066000000000000e+06,5.334465794818495959e+07,9.974105408119215976e-01,9.974105408119215976e-01,9.999999998819062430e-01
8.576709000000000000e+06,5.388905197275492549e+07,-9.973031947408771414e-01,9.973031947408771414e-01,9.999999998806960999e-01
8.664237000000000000e+06,5.443900661632173508e+07,-9.978753762843568520e-01,9.978753762843568520e-01,9.999999998794775191e-01
8.752658000000000000e+06,5.499457214436786622e+07,9.977238451414138787e-01,9.977238451414138787e-01,9.999999998782550525e-01
8.841982000000000000e+06,5.555581138874637336e+07,9.979350708451570906e-01,9.979350708451570906e-01,9.999999998770126020e-01
8.932217000000000000e+06,5.612277461493971944e+07,-9.966378089715197675e-01,9.966378089715197675e-01,9.999999998757503894e-01
9.023373000000000000e+06,5.669552465480098128e+07,-9.964478226194577459e-01,9.964478226194577459e-01,9.999999998744826257e-01
9.115459000000000000e+06,5.727411805699792504e+07,-9.974181687527980955e-01,9.974181687527980955e-01,9.999999998732019835e-01
9.208485000000000000e+06,5.785861765338361263e+07,-9.974172296416351502e-01,9.974172296416351502e-01,9.999999998719073524e-01
9.302461000000000000e+06,5.844908627581112087e+07,-9.973189189140684308e-01,9.973189189140684308e-01,9.999999998705997317e-01
9.397395000000000000e+06,5.904557418976290524e+07,-9.966805666092372062e-01,9.966805666092372062e-01,9.999999998692796765e-01
9.493298000000000000e+06,5.964815051027735323e+07,9.969912973290155911e-01,9.969912973290155911e-01,9.999999998679517388e-01
9.590180000000000000e+06,6.025687806920752674e+07,9.963821759039690473e-01,9.963821759039690473e-01,9.999999998666040391e-01
9.688051000000000000e+06,6.087181969840649515e+07,-9.972403492162951189e-01,9.972403492162951189e-01,9.999999998652377986e-01
9.786920000000000000e+06,6.149303194654203951e+07,9.981037853562615414e-01,9.981037853562615414e-01,9.999999998638666732e-01
9.886799000000000000e+06,6.212059021183782816e+07,-9.972715022084613912e-01,9.972715022084613912e-01,9.999999998624730102e-01
9.987697000000000000e+06,6.275455104296163470e+07,-9.961662778548203701e-01,9.961662778548203701e-01,9.999999998610689111e-01
1.008962400000000000e+07,6.339497727176652849e+07,9.959304728464757339e-01,9.959304728464757339e-01,9.999999998596578177e-01
1.019259200000000000e+07,6.404194429647619277e+07,9.972406294636010360e-01,9.972406294636010360e-01,9.999999998582244087e-01
1.029661000000000000e+07,6.469550866575840116e+07,9.970345037165662117e-01,9.970345037165662117e-01,9.999999998567791204e-01
1.040169000000000000e+07,6.535574577783682942e+07,9.964823697584535012e-01,9.964823697584535012e-01,9.999999998553175118e-01
1.050784200000000000e+07,6.602271846456455439e+07,9.957726542714883111e-01,9.957726542714883111e-01,9.999999998538403601e-01
1.061507800000000000e+07,6.669650212416526675e+07,9.956526195134391966e-01,9.956526195134391966e-01,9.999999998523488864e-01
1.072340800000000000e+07,6.737715958849203587e+07,9.961437211913081180e-01,9.961437211913081180e-01,9.999999998508422028e-01
1.083284400000000000e+07,6.806476625576853752e+07,9.964939836104685922e-01,9.964939836104685922e-01,9.999999998493204201e-01
1.094339600000000000e+07,6.875938495784784853e+07,9.960261945227267821e-01,9.960261945227267821e-01,9.999999998477823171e-01
1.105507700000000000e+07,6.946109737613898516e+07,-9.956666487618643924e-01,9.956666487618643924e-01,9.999999998462220097e-01
1.116789700000000000e+07,7.016996634249497950e+07,-9.955876200489621741e-01,9.955876200489621741e-01,9.999999998446535976e-01
1.128186900000000000e+07,7.088607353832484782e+07,-9.966215898689609887e-01,9.966215898689609887e-01,9.999999998430676440e-01
1.139700400000000000e+07,7.160948807866697013e+07,9.971734382966128685e-01,9.971734382966128685e-01,9.999999998414709212e-01
1.151331400000000000e+07,7.234028536174502969e+07,9.961362939009478223e-01,9.961362939009478223e-01,9.999999998398534373e-01
1.163081100000000000e+07,7.307854078578270972e+07,-9.954391463754965752e-01,9.954391463754965752e-01,9.999999998382141930e-01
1.174950600000000000e+07,7.382432346581839025e+07,9.961560977997986344e-01,9.961560977997986344e-01,9.999999998365687315e-01
1.186941400000000000e+07,7.457772764963167906e+07,9.970409977021457149e-01,9.970409977021457149e-01,9.999999998348999553e-01
1.199054500000000000e+07,7.533881616907565296e+07,-9.962104334152617202e-01,9.962104334152617202e-01,9.999999998332101958e-01
1.211291200000000000e+07,7.610767070555929840e+07,9.953938983878136693e-01,9.953938983878136693e-01,9.999999998315142191e-01
1.223652800000000000e+07,7.688437294049160182e+07,9.954187068320539122e-01,9.954187068320539122e-01,9.999999998297951498e-01
1.236140500000000000e+07,7.766899827209627628e+07,-9.968608024584996175e-01,9.968608024584996175e-01,9.999999998280528768e-01
1.248755700000000000e+07,7.846163466496759653e+07,-9.964874576625726288e-01,9.964874576625726288e-01,9.999999998262978362e-01
1.261499600000000000e+07,7.926235751732924581e+07,9.951195190841606308e-01,9.951195190841606308e-01,9.999999998245298061e-01
1.274373600000000000e+07,8.007125479377555847e+07,9.960246201375877462e-01,9.960246201375877462e-01,9.999999998227392384e-01
1.287379000000000000e+07,8.088840817571549118e+07,9.963803514613973622e-01,9.963803514613973622e-01,9.999999998209306851e-01
1.300517100000000000e+07,8.171389934455804527e+07,-9.960111314044409747e-01,9.960111314044409747e-01,9.999999998190962636e-01
1.313789200000000000e+07,8.254780998171222210e+07,9.957087196135543383e-01,9.957087196135543383e-01,9.999999998172568461e-01
1.327196800000000000e+07,8.339023433495764434e+07,9.956365208429256430e-01,9.956365208429256430e-01,9.999999998153923375e-01
1.340741300000000000e+07,8.424126036888857186e+07,-9.965271695827087051e-01,9.965271695827087051e-01,9.999999998135012946e-01
1.354423900000000000e+07,8.510096348172873259e+07,-9.958521323522189217e-01,9.958521323522189217e-01,9.999999998115979283e-01
1.368246200000000000e+07,8.596944420444302261e+07,9.958850792509774674e-01,9.958850792509774674e-01,9.999999998096822384e-01
1.382209600000000000e+07,8.684679050162573159e+07,9.964891508269329012e-01,9.964891508269329012e-01,9.999999998077401253e-01
1.396315500000000000e+07,8.773309033787117898e+07,-9.973809541565414882e-01,9.973809541565414882e-01,9.999999998057715889e-01
1.410565300000000000e+07,8.862843167777365446e+07,-9.957215353504824673e-01,9.957215353504824673e-01,9.999999998037892857e-01
1.424960500000000000e+07,8.953290876911276579e+07,-9.960173468350312920e-01,9.960173468350312920e-01,9.999999998017875535e-01
1.439502700000000000e+07,9.044662214285343885e+07,-9.968193021417930400e-01,9.968193021417930400e-01,9.999999997997640611e-01
1.454193200000000000e+07,9.136965348040466011e+07,9.973057781047401926e-01,9.973057781047401926e-01,9.999999997977263577e-01
1.469033700000000000e+07,9.230210959591664374e+07,-9.964561821222852611e-01,9.964561821222852611e-01,9.999999997956570130e-01
1.484025600000000000e+07,9.324407845398369431e+07,9.968444799519984301e-01,9.968444799519984301e-01,9.999999997935774543e-01
1.499170600000000000e+07,9.419566686875604093e+07,9.978769630184440853e-01,9.978769630184440853e-01,9.999999997914698069e-01
1.514470100000000000e+07,9.515696280482798815e+07,-9.964330363223943277e-01,9.964330363223943277e-01,9.999999997893365133e-01
1.529925700000000000e+07,9.612806679316443205e+07,-9.960454779443101980e-01,9.960454779443101980e-01,9.999999997871871216e-01
1.545539000000000000e+07,9.710907936473029852e+07,9.965931817942867976e-01,9.965931817942867976e-01,9.999999997850224087e-01
1.561311700000000000e+07,9.810010733367581666e+07,-9.965632189474691316e-01,9.965632189474691316e-01,9.999999997828211695e-01
1.577245400000000000e+07,9.910125123096589744e+07,9.962532499100473782e-01,9.962532499100473782e-01,9.999999997806112706e-01
1.593341600000000000e+07,1.001126053043801337e+08,9.973688310694734938e-01,9.973688310694734938e-01,9.999999997783711736e-01
1.609602200000000000e+07,1.011342889344393760e+08,9.966591464137761758e-01,9.966591464137761758e-01,9.999999997761093162e-01
1.626028600000000000e+07,1.021663900857379287e+08,9.962054883070328160e-01,9.962054883070328160e-01,9.999999997738255875e-01
1.642622700000000000e+07,1.032090281387966126e+08,-9.969244459557022875e-01,9.969244459557022875e-01,9.999999997715111055e-01
1.659386200000000000e+07,1.042623099077656567e+08,9.974330749496393977e-01,9.974330749496393977e-01,9.999999997691843001e-01
1.676320700000000000e+07,1.053263359236099869e+08,-9.953459301880720478e-01,9.953459301880720478e-01,9.999999997668242990e-01
1.693428100000000000e+07,1.064012255668504238e+08,-9.965165919597349653e-01,9.965165919597349653e-01,9.999999997644450911e-01
1.710710000000000000e+07,1.074870793684518933e+08,9.965571605733792859e-01,9.965571605733792859e-01,9.999999997620463432e-01
1.728168300000000000e+07,1.085840167089352310e+08,-9.951460681365588146e-01,9.951460681365588146e-01,9.999999997596120682e-01
1.745804800000000000e+07,1.096921506856359541e+08,9.966830334536057601e-01,9.966830334536057601e-01,9.999999997571641375e-01
1.763621300000000000e+07,1.108115943958896101e+08,-9.959501723326142919e-01,9.959501723326142919e-01,9.999999997546802355e-01
1.781619600000000000e+07,1.119424609370317161e+08,9.952796533091361475e-01,9.952796533091361475e-01,9.999999997521825668e-01
1.799801500000000000e+07,1.130848634063978046e+08,-9.955878544497993587e-01,9.955878544497993587e-01,9.999999997496470394e-01
1.818169000000000000e+07,1.142389274676940143e+08,9.954936599639181427e-01,9.954936599639181427e-01,9.999999997470994106e-01
1.836724000000000000e+07,1.154047725014411807e+08,9.948310847179571148e-01,9.948310847179571148e-01,9.999999997445185862e-01
1.855468300000000000e+07,1.165825116049748510e+08,-9.960316986434942788e-01,9.960316986434942788e-01,9.999999997419047881e-01
1.874403900000000000e+07,1.177722704420011491e+08,-9.948072171942359265e-01,9.948072171942359265e-01,9.999999997392703399e-01
1.893532800000000000e+07,1.189741746762262136e+08,9.951781248335753727e-01,9.951781248335753727e-01,9.999999997366154636e-01
1.912856900000000000e+07,1.201883436881709099e+08,-9.950296712207251648e-01,9.950296712207251648e-01,9.999999997339221736e-01
1.932378100000000000e+07,1.214148968583560586e+08,-9.941863707111346926e-01,9.941863707111346926e-01,9.999999997312066791e-01
1.952098600000000000e+07,1.226539724168584049e+08,9.951809477376045709e-01,9.951809477376045709e-01,9.999999997284705344e-01
1.972020400000000000e+07,1.239056960273841023e+08,9.952351518479642944e-01,9.952351518479642944e-01,9.999999997256980855e-01
1.992145400000000000e+07,1.251701870704540014e+08,9.939165455723104614e-01,9.939165455723104614e-01,9.999999997228997684e-01
2.012475900000000000e+07,1.264475900593301356e+08,-9.954643282280137839e-01,9.954643282280137839e-01,9.999999997200661461e-01
2.033013800000000000e+07,1.277380243745333850e+08,9.942672638841056898e-01,9.942672638841056898e-01,9.999999997172143162e-01
2.053761300000000000e+07,1.290416282461404651e+08,-9.948399886434035055e-01,9.948399886434035055e-01,9.999999997143228514e-01
2.074720600000000000e+07,1.303585399042281508e+08,9.950058501527769828e-01,9.950058501527769828e-01,9.999999997114135120e-01
2.095893700000000000e+07,1.316888850125025958e+08,-9.942250355298964948e-01,9.942250355298964948e-01,9.999999997084624281e-01
2.117282900000000000e+07,1.330328080842258483e+08,-9.954513118378520709e-01,9.954513118378520709e-01,9.999999997054875855e-01
2.138890400000000000e+07,1.343904473494746685e+08,9.939494828063404341e-01,9.939494828063404341e-01,9.999999997024880960e-01
2.160718500000000000e+07,1.357619473215111494e+08,-9.954515705015496430e-01,9.954515705015496430e-01,9.999999996994461959e-01
2.182769200000000000e+07,1.371474336640414000e+08,9.948406724693072967e-01,9.948406724693072967e-01,9.999999996963847559e-01
2.205045100000000000e+07,1.385470697398834229e+08,-9.945499302106410866e-01,9.945499302106410866e-01,9.999999996932797952e-01
2.227548200000000000e+07,1.399609812127433419e+08,9.961612664172625475e-01,9.961612664172625475e-01,9.999999996901547394e-01
2.250281000000000000e+07,1.413893251622538567e+08,9.947139940509995837e-01,9.947139940509995837e-01,9.999999996869938235e-01
2.273245800000000000e+07,1.428322461016770303e+08,9.961266542611412200e-01,9.961266542611412200e-01,9.999999996837980465e-01
2.296445000000000000e+07,1.442898948274602592e+08,9.948154929600796503e-01,9.948154929600796503e-01,9.999999996805726266e-01
2.319880900000000000e+07,1.457624158528655469e+08,-9.965784057847748567e-01,9.965784057847748567e-01,9.999999996773074606e-01
2.343555900000000000e+07,1.472499599743403196e+08,-9.945913088232721799e-01,9.945913088232721799e-01,9.999999996740132069e-01
2.367472600000000000e+07,1.487526905547025502e+08,9.954539702636210352e-01,9.954539702636210352e-01,9.999999996706916416e-01
2.391633400000000000e+07,1.502707583903995752e+08,9.947958597718014051e-01,9.947958597718014051e-01,9.999999996673324398e-01
2.416040700000000000e+07,1.518043142778788209e+08,-9.944541163774698322e-01,9.944541163774698322e-01,9.999999996639304944e-01
2.440697200000000000e+07,1.533535278631435633e+08,9.946259018977292587e-01,9.946259018977292587e-01,9.999999996605076769e-01
2.465605200000000000e+07,1.549185436594558656e+08,9.953045938430160611e-01,9.953045938430160611e-01,9.999999996570417826e-01
2.490767400000000000e+07,1.564995313128190041e+08,9.940735782149032751e-01,9.940735782149032751e-01,9.999999996535434699e-01
2.516186500000000000e+07,1.580966604692362845e+08,-9.946619608087887698e-01,9.946619608087887698e-01,9.999999996500008592e-01
2.541864900000000000e+07,1.597100819251550734e+08,-9.941382077599736355e-01,9.941382077599736355e-01,9.999999996464289387e-01
2.567805400000000000e+07,1.613399716097640097e+08,9.942569633553905994e-01,9.942569633553905994e-01,9.999999996428262650e-01
2.594010600000000000e+07,1.629864928858810365e+08,9.940653899963738382e-01,9.940653899963738382e-01,9.999999996391812918e-01
2.620483300000000000e+07,1.646498216826947629e+08,-9.938561815544182387e-01,9.938561815544182387e-01,9.999999996354940190e-01
2.647226100000000000e+07,1.663301213630231917e+08,-9.932551787437607915e-01,9.932551787437607915e-01,9.999999996317736617e-01
2.674241800000000000e+07,1.680275678560549021e+08,9.935849917138230847e-01,9.935849917138230847e-01,9.999999996280216630e-01
2.701533300000000000e+07,1.697423433741638064e+08,-9.927047808650721894e-01,9.927047808650721894e-01,9.999999996242204814e-01
2.729103200000000000e+07,1.714746112801679075e+08,9.928560910720931609e-01,9.928560910720931609e-01,9.999999996203919883e-01
2.756954600000000000e+07,1.732245663528117239e+08,9.921098191970021407e-01,9.921098191970021407e-01,9.999999996165171989e-01
2.785090100000000000e+07,1.749923719549132586e+08,-9.928865137907271210e-01,9.928865137907271210e-01,9.999999996125964463e-01
2.813512800000000000e+07,1.767782228652169704e+08,9.917810075214268384e-01,9.917810075214268384e-01,9.999999996086502696e-01
2.842225500000000000e+07,1.785822950129115283e+08,-9.926500313392978558e-01,9.926500313392978558e-01,9.999999996046493589e-01
2.871231300000000000e+07,1.804047831767414212e+08,-9.920465208562357917e-01,9.920465208562357917e-01,9.999999996006155856e-01
2.900533100000000000e+07,1.822458695690805614e+08,-9.929608784464494242e-01,9.929608784464494242e-01,9.999999995965397348e-01
2.930133900000000000e+07,1.841057426854881942e+08,-9.923840384331870101e-01,9.923840384331870101e-01,9.999999995924222507e-01
2.960036800000000000e+07,1.859845973047088087e+08,9.921958438302458383e-01,9.921958438302458383e-01,9.999999995882686843e-01
2.990244800000000000e+07,1.878826219223015904e+08,9.930636433854295175e-01,9.930636433854295175e-01,9.999999995840674893e-01
3.020761200000000000e+07,1.898000238833817542e+08,9.922545774409228247e-01,9.922545774409228247e-01,9.999999995798222185e-01
3.051588900000000000e+07,1.917369854003231525e+08,-9.933164278913451106e-01,9.933164278913451106e-01,9.999999995755293192e-01
3.082731300000000000e+07,1.936937201014262438e+08,-9.927023794970806225e-01,9.927023794970806225e-01,9.999999995711955636e-01
3.114191500000000000e+07,1.956704227654355764e+08,-9.919539263878029978e-01,9.919539263878029978e-01,9.999999995668202857e-01
3.145972800000000000e+07,1.976673007374662161e+08,9.939284400409126308e-01,9.939284400409126308e-01,9.999999995624058169e-01
3.178078400000000000e+07,1.996845550794480741e+08,9.922180067810122406e-01,9.922180067810122406e-01,9.999999995579395007e-01
3.210511600000000000e+07,2.017223931364962459e+08,9.936050622756600337e-01,9.936050622756600337e-01,9.999999995534272212e-01
3.243275900000000000e+07,2.037810348200964928e+08,-9.929004188848433721e-01,9.929004188848433721e-01,9.999999995488643156e-01
3.276374500000000000e+07,2.058606811921786368e+08,-9.914235088250946681e-01,9.914235088250946681e-01,9.999999995442608869e-01
3.309810800000000000e+07,2.079615458810431063e+08,9.922571385640157615e-01,9.922571385640157615e-01,9.999999995396158248e-01
3.343588500000000000e+07,2.100838613645463288e+08,-9.920352393367827259e-01,9.920352393367827259e-01,9.999999995349118098e-01
3.377710800000000000e+07,2.122278287046180665e+08,9.908239864302361699e-01,9.908239864302361699e-01,9.999999995301712685e-01
3.412181300000000000e+07,2.143936740959293842e+08,-9.911648392149190467e-01,9.911648392149190467e-01,9.999999995253699980e-01
3.447003700000000000e+07,2.165816300163367093e+08,-9.916061205313126958e-01,9.916061205313126958e-01,9.999999995205274272e-01
3.482181400000000000e+07,2.187919100941404104e+08,9.898776707819694209e-01,9.898776707819694209e-01,9.999999995156401145e-01
3.517718100000000000e+07,2.210247468071969151e+08,-9.905215124673267812e-01,9.905215124673267812e-01,9.999999995106910733e-01
3.553617400000000000e+07,2.232803663501772285e+08,9.907450297436218856e-01,9.907450297436218856e-01,9.999999995057030633e-01
3.589883200000000000e+07,2.255590137673083544e+08,9.893667878936691640e-01,9.893667878936691640e-01,9.999999995006587650e-01
3.626519000000000000e+07,2.278609089700760543e+08,9.902412924723825727e-01,9.902412924723825727e-01,9.999999994955623972e-01
3.663528700000000000e+07,2.301862970027073026e+08,-9.910071308338211926e-01,9.910071308338211926e-01,9.999999994904097411e-01
3.700916100000000000e+07,2.325354166262437701e+08,-9.897907562697507711e-01,9.897907562697507711e-01,9.999999994852081242e-01
3.738685100000000000e+07,2.349085128849124312e+08,-9.891581464798218093e-01,9.891581464798218093e-01,9.999999994799555481e-01
3.776839500000000000e+07,2.373058245397549570e+08,-9.903468931808163678e-01,9.903468931808163678e-01,9.999999994746491261e-01
3.815383300000000000e+07,2.397276029181836247e+08,-9.899373100599011543e-01,9.899373100599011543e-01,9.999999994692859717e-01
3.854320400000000000e+07,2.421740930644254684e+08,9.896020407033874200e-01,9.896020407033874200e-01,9.999999994638758549e-01
3.893654900000000000e+07,2.446455525890780091e+08,-9.891642704971750355e-01,9.891642704971750355e-01,9.999999994583997909e-01
3.933390800000000000e+07,2.471422328195535839e+08,9.901595878676031637e-01,9.901595878676031637e-01,9.999999994528784297e-01
3.973532200000000000e+07,2.496643913664497733e+08,9.909710892225338519e-01,9.909710892225338519e-01,9.999999994472935638e-01
4.014083300000000000e+07,2.522122921235494614e+08,-9.901686886646801078e-01,9.901686886646801078e-01,9.999999994416484128e-01
4.055048200000000000e+07,2.547861927014502883e+08,9.882983551128603494e-01,9.882983551128603494e-01,9.999999994359562994e-01
4.096431200000000000e+07,2.573863632771204114e+08,9.879232256080080488e-01,9.879232256080080488e-01,9.999999994302004591e-01
4.138236500000000000e+07,2.600130677443427444e+08,-9.886929691630669259e-01,9.886929691630669259e-01,9.999999994243791157e-01
4.180468500000000000e+07,2.626665825632708371e+08,-9.890128805258522338e-01,9.890128805258522338e-01,9.999999994185043706e-01
4.223131400000000000e+07,2.653471716276875734e+08,9.885435979489780589e-01,9.885435979489780589e-01,9.999999994125751135e-01
4.266229700000000000e+07,2.680551176809317470e+08,-9.871851560202445919e-01,9.871851560202445919e-01,9.999999994065756903e-01
4.309767900000000000e+07,2.707907034663422108e+08,-9.865126160339519057e-01,9.865126160339519057e-01,9.999999994005195347e-01
4.353750400000000000e+07,2.735542054440724850e+08,9.867042168350277365e-01,9.867042168350277365e-01,9.999999993944066468e-01
4.398181700000000000e+07,2.763459063574613333e+08,-9.864970430206300156e-01,9.864970430206300156e-01,9.999999993882207061e-01
4.443066500000000000e+07,2.791661015162183046e+08,-9.875140228131421560e-01,9.875140228131421560e-01,9.999999993819792543e-01
4.488409300000000000e+07,2.820150736636821032e+08,-9.866382981656650619e-01,9.866382981656650619e-01,9.999999993756700789e-01
4.534214800000000000e+07,2.848931181095622778e+08,9.872787241535689873e-01,9.872787241535689873e-01,9.999999993693048372e-01
4.580487900000000000e+07,2.878005427299388051e+08,-9.869670937220177409e-01,9.869670937220177409e-01,9.999999993628636563e-01
4.627233100000000000e+07,2.907376302681505084e+08,-9.864275461304401471e-01,9.864275461304401471e-01,9.999999993563613021e-01
4.674455400000000000e+07,2.937046948834627271e+08,9.853947425923790249e-01,9.853947425923790249e-01,9.999999993497983297e-01
4.722159600000000000e+07,2.967020381687703133e+08,9.852563709431783057e-01,9.852563709431783057e-01,9.999999993431630818e-01
4.770350700000000000e+07,2.997299742833385468e+08,-9.859307129229082367e-01,9.859307129229082367e-01,9.999999993364534490e-01
4.819033600000000000e+07,3.027888111032474637e+08,9.858871561836407560e-01,9.858871561836407560e-01,9.999999993296871947e-01
4.868213200000000000e+07,3.058788565045771599e+08,9.847847319612332839e-01,9.847847319612332839e-01,9.999999993228473327e-01
4.917894800000000000e+07,3.090004434961488843e+08,9.845076600922673116e-01,9.845076600922673116e-01,9.999999993159370826e-01
4.968083400000000000e+07,3.121538862372280359e+08,9.850473692418670879e-01,9.850473692418670879e-01,9.999999993089543349e-01
5.018784200000000000e+07,3.153395114534505606e+08,9.841302311813082682e-01,9.841302311813082682e-01,9.999999993019037525e-01
5.070002400000000000e+07,3.185576458704524040e+08,9.833573311392267424e-01,9.833573311392267424e-01,9.999999992947795624e-01
5.121743300000000000e+07,3.218086224970548749e+08,-9.833617134814414129e-01,9.833617134814414129e-01,9.999999992875758803e-01
5.174012200000000000e+07,3.250927743420792818e+08,9.826224594370354115e-01,9.826224594370354115e-01,9.999999992803114690e-01
5.226814500000000000e+07,3.284104406975321770e+08,-9.829010303895163725e-01,9.829010303895163725e-01,9.999999992729617926e-01
5.280155800000000000e+07,3.317619734217907190e+08,9.819201031101931765e-01,9.819201031101931765e-01,9.999999992655468350e-01
5.334041300000000000e+07,3.351476992404909730e+08,-9.816552293861411371e-01,9.816552293861411371e-01,9.999999992580458352e-01
5.388476800000000000e+07,3.385679825783807635e+08,9.821566229026607031e-01,9.821566229026607031e-01,9.999999992504803314e-01
5.443467800000000000e+07,3.420231690106518865e+08,9.814440981828216337e-01,9.814440981828216337e-01,9.999999992428311169e-01
5.499020100000000000e+07,3.455136229620521665e+08,-9.815186151370314249e-01,9.815186151370314249e-01,9.999999992350977474e-01
5.555139200000000000e+07,3.490396900077736378e+08,9.819304969279418760e-01,9.819304969279418760e-01,9.999999992272978755e-01
5.611831100000000000e+07,3.526017471389345527e+08,-9.811663052836638865e-01,9.811663052836638865e-01,9.999999992194056331e-01
5.669101500000000000e+07,3.562001524970975518e+08,-9.813043516558247470e-01,9.813043516558247470e-01,9.999999992114396719e-01
5.726956400000000000e+07,3.598352830733809471e+08,9.810319618559129040e-01,9.810319618559129040e-01,9.999999992033982155e-01
5.785401700000000000e+07,3.635075095757179856e+08,-9.801501087224356867e-01,9.801501087224356867e-01,9.999999991952629452e-01
5.844443400000000000e+07,3.672172089952270389e+08,9.792981696047795559e-01,9.792981696047795559e-01,9.999999991870556215e-01
5.904087700000000000e+07,3.709647708893971443e+08,-9.781315537383310499e-01,9.781315537383310499e-01,9.999999991787542619e-01
5.964340700000000000e+07,3.747505785325320959e+08,-9.775256727841930005e-01,9.775256727841930005e-01,9.999999991703735214e-01
6.025208600000000000e+07,3.785750214821208715e+08,9.777697826317586216e-01,9.777697826317586216e-01,9.999999991619128448e-01
6.086697700000000000e+07,3.824384955788378119e+08,-9.788460956519052791e-01,9.788460956519052791e-01,9.999999991533541355e-01
6.148814200000000000e+07,3.863413903801720142e+08,9.784921987449441971e-01,9.784921987449441971e-01,9.999999991447187098e-01
6.211564700000000000e+07,3.902841205763537288e+08,-9.772915068939017624e-01,9.772915068939017624e-01,9.999999991359850293e-01
6.274955600000000000e+07,3.942670882912426591e+08,9.769624676744950165e-01,9.769624676744950165e-01,9.999999991271727451e-01
6.338993400000000000e+07,3.982907019318836927e+08,9.774835006272635241e-01,9.774835006272635241e-01,9.999999991182656478e-01
6.403684700000000000e+07,4.023553761885071397e+08,-9.777415635797004345e-01,9.777415635797004345e-01,9.999999991092621832e-01
6.469036300000000000e+07,4.064615383177139163e+08,-9.759232128993042821e-01,9.759232128993042821e-01,9.999999991001712329e-01
6.535054700000000000e+07,4.106095967265489697e+08,-9.746868326463526966e-01,9.746868326463526966e-01,9.999999990909883563e-01
6.601746900000000000e+07,4.147999912379838228e+08,-9.754638157654476061e-01,9.754638157654476061e-01,9.999999990817127760e-01
6.669119700000000000e+07,4.190331491086192727e+08,-9.742817124749141300e-01,9.742817124749141300e-01,9.999999990723409393e-01
6.737180100000000000e+07,4.233095101614269614e+08,-9.725815307089209494e-01,9.725815307089209494e-01,9.999999990628739566e-01
6.805935000000000000e+07,4.276295079361929893e+08,9.731936640060867560e-01,9.731936640060867560e-01,9.999999990533160465e-01
6.875391600000000000e+07,4.319935948222594857e+08,9.728833333100169733e-01,9.728833333100169733e-01,9.999999990436544417e-01
6.945557000000000000e+07,4.364022169257832766e+08,9.719393424002756854e-01,9.719393424002756854e-01,9.999999990338946931e-01
7.016438500000000000e+07,4.408558329192917347e+08,-9.735549031055514835e-01,9.735549031055514835e-01,9.999999990240300285e-01
7.088043400000000000e+07,4.453549014753124118e+08,9.716526816543352707e-01,9.716526816543352707e-01,9.999999990140753248e-01
7.160379000000000000e+07,4.498998812663725615e+08,9.712927590816695655e-01,9.712927590816695655e-01,9.999999990040132625e-01
7.233452800000000000e+07,4.544912435313704014e+08,9.713319803750080084e-01,9.713319803750080084e-01,9.999999989938486156e-01
7.307272400000000000e+07,4.591294657923890948e+08,9.693036358268937169e-01,9.693036358268937169e-01,9.999999989835810510e-01
7.381845300000000000e+07,4.638150192883268595e+08,-9.698228833482358535e-01,9.698228833482358535e-01,9.999999989732034633e-01
7.457179200000000000e+07,4.685483878244522214e+08,9.671752754088714932e-01,9.671752754088714932e-01,9.999999989627298413e-01
7.533282000000000000e+07,4.733300677724044919e+08,9.684177910854829818e-01,9.684177910854829818e-01,9.999999989521426436e-01
7.610161400000000000e+07,4.781605429374523163e+08,9.661106132729326834e-01,9.661106132729326834e-01,9.999999989414506407e-01
7.687825300000000000e+07,4.830403096912349463e+08,-9.668373447374811747e-01,9.668373447374811747e-01,9.999999989306420645e-01
7.766281900000000000e+07,4.879698832549476027e+08,-9.654188969543764376e-01,9.654188969543764376e-01,9.999999989197285721e-01
7.845539100000000000e+07,4.929497600002295375e+08,-9.666887336323848334e-01,9.666887336323848334e-01,9.999999989087043906e-01
7.925605200000000000e+07,4.979804614314612746e+08,9.650201022978239784e-01,9.650201022978239784e-01,9.999999988975729615e-01
8.006488400000000000e+07,5.030625027698379159e+08,9.650914006837162384e-01,9.650914006837162384e-01,9.999999988863221834e-01
8.088197000000000000e+07,5.081964055197401047e+08,9.631288024976945028e-01,9.631288024976945028e-01,9.999999988749570523e-01
8.170739500000000000e+07,5.133827037519187927e+08,-9.621752333637203503e-01,9.621752333637203503e-01,9.999999988634692416e-01
8.254124300000000000e+07,5.186219252539398670e+08,-9.625419013005775959e-01,9.625419013005775959e-01,9.999999988518724070e-01
8.338360100000000000e+07,5.239146166629250646e+08,-9.599787453667667503e-01,9.599787453667667503e-01,9.999999988401540030e-01
8.423455600000000000e+07,5.292613246159960628e+08,9.602372081724065422e-01,9.602372081724065422e-01,9.999999988283233554e-01
8.509419500000000000e+07,5.346625957502745986e+08,-9.603144640180336644e-01,9.603144640180336644e-01,9.999999988163601472e-01
8.596260700000000000e+07,5.401189892692530155e+08,-9.586131373144076706e-01,9.586131373144076706e-01,9.999999988042815868e-01
8.683988100000000000e+07,5.456310643764237165e+08,-9.594430362216910257e-01,9.594430362216910257e-01,9.999999987920791256e-01
8.772610800000000000e+07,5.511993928416495323e+08,9.583549268641555763e-01,9.583549268641555763e-01,9.999999987797579815e-01
8.862137900000000000e+07,5.568245464347935915e+08,-9.563989079565251572e-01,9.563989079565251572e-01,9.999999987672978374e-01
8.952578700000000000e+07,5.625071094920891523e+08,-9.548691199683536635e-01,9.548691199683536635e-01,9.999999987547182334e-01
9.043942400000000000e+07,5.682476600665848255e+08,9.541823644389333392e-01,9.541823644389333392e-01,9.999999987420162828e-01
9.136238600000000000e+07,5.740468013440699577e+08,9.538414421616911998e-01,9.538414421616911998e-01,9.999999987291777748e-01
9.229476600000000000e+07,5.799051176607780457e+08,9.528711447183715322e-01,9.528711447183715322e-01,9.999999987162093706e-01
9.323666200000000000e+07,5.858232247688692808e+08,9.516230021281382179e-01,9.516230021281382179e-01,9.999999987031068516e-01
9.418817000000000000e+07,5.918017258541331291e+08,9.511760080485096580e-01,9.511760080485096580e-01,9.999999986898717719e-01
9.514938900000000000e+07,5.978412429519149065e+08,-9.510925040503652728e-01,9.510925040503652728e-01,9.999999986764952498e-01
9.612041700000000000e+07,6.039423918143749237e+08,-9.496185772853606988e-01,9.496185772853606988e-01,9.999999986629882764e-01
9.710135400000000000e+07,6.101058007600437403e+08,9.495294203498623187e-01,9.495294203498623187e-01,9.999999986493492976e-01
9.809230300000000000e+07,6.163321169570080042e+08,-9.471576981884235469e-01,9.471576981884235469e-01,9.999999986355601056e-01
9.909336400000000000e+07,6.226219687237985134e+08,9.462801187849152473e-01,9.462801187849152473e-01,9.999999986216426828e-01
1.001046420000000000e+08,6.289760157948725224e+08,9.460457267625752564e-01,9.460457267625752564e-01,9.999999986075744918e-01
1.011262400000000000e+08,6.353949053383165598e+08,9.456544309920222879e-01,9.456544309920222879e-01,9.999999985933640811e-01
1.021582630000000000e+08,6.418792970885879993e+08,-9.437273828495056360e-01,9.437273828495056360e-01,9.999999985790037904e-01
1.032008190000000000e+08,6.484298696296998262e+08,-9.431489257957624828e-01,9.431489257957624828e-01,9.999999985645023903e-01
1.042540140000000000e+08,6.550472889792948961e+08,9.427265789304521970e-01,9.427265789304521970e-01,9.999999985498578825e-01
1.053179580000000000e+08,6.617322462877568007e+08,9.401961422888838182e-01,9.401961422888838182e-01,9.999999985350606080e-01
1.063927590000000000e+08,6.684854201390986443e+08,-9.391904960573401739e-01,9.391904960573401739e-01,9.999999985201049046e-01
1.074785290000000000e+08,6.753075142500751019e+08,-9.372680042433623182e-01,9.372680042433623182e-01,9.999999985050018747e-01
1.085753790000000000e+08,6.821992260542550087e+08,-9.362717817703491985e-01,9.362717817703491985e-01,9.999999984897448568e-01
1.096834240000000000e+08,6.891612781179487705e+08,9.349624342648088504e-01,9.349624342648088504e-01,9.999999984743370707e-01
1.108027760000000000e+08,6.961943741579109430e+08,9.349860433332917165e-01,9.349860433332917165e-01,9.999999984587669699e-01
1.119335510000000000e+08,7.032992430236369371e+08,-9.335854022224338022e-01,9.335854022224338022e-01,9.999999984430327782e-01
1.130758670000000000e+08,7.104766261309930086e+08,-9.321619106464964499e-01,9.321619106464964499e-01,9.999999984271447095e-01
1.142298400000000000e+08,7.177272523294750452e+08,9.291403730359113489e-01,9.291403730359113489e-01,9.999999984110982121e-01
1.153955900000000000e+08,7.250518756013195515e+08,9.275986032907954648e-01,9.275986032907954648e-01,9.999999983948829607e-01
1.165732360000000000e+08,7.324512436455783844e+08,9.273464418907535478e-01,9.273464418907535478e-01,9.999999983785023971e-01
1.177629010000000000e+08,7.399261292940442562e+08,-9.262532488274933806e-01,9.262532488274933806e-01,9.999999983619491939e-01
1.189647070000000000e+08,7.474772990953245163e+08,-9.246819007086776177e-01,9.246819007086776177e-01,9.999999983452321217e-01
1.201787770000000000e+08,7.551055258812119961e+08,-9.239273500558979890e-01,9.239273500558979890e-01,9.999999983283447413e-01
1.214052380000000000e+08,7.628116076162407398e+08,9.219516440738628749e-01,9.219516440738628749e-01,9.999999983112893842e-01
1.226442150000000000e+08,7.705963296985741854e+08,-9.189395100535333594e-01,9.189395100535333594e-01,9.999999982940511734e-01
1.238958360000000000e+08,7.784604963759316206e+08,9.182304667004155263e-01,9.182304667004155263e-01,9.999999982766475393e-01
1.251602300000000000e+08,7.864049181792176962e+08,9.156976362996380736e-01,9.156976362996380736e-01,9.999999982590596082e-01
1.264375270000000000e+08,7.944304119225221872e+08,-9.167677877159441380e-01,9.167677877159441380e-01,9.999999982412880462e-01
1.277278600000000000e+08,8.025378132694911957e+08,9.135969813065232259e-01,9.135969813065232259e-01,9.999999982233438445e-01
1.290313610000000000e+08,8.107279516005851030e+08,-9.121116595143962114e-01,9.121116595143962114e-01,9.999999982052071301e-01
1.303481650000000000e+08,8.190016751458203793e+08,-9.087421090017921976e-01,9.087421090017921976e-01,9.999999981868920029e-01
1.316784070000000000e+08,8.273598321352136135e+08,-9.076784966589002135e-01,9.076784966589002135e-01,9.999999981683875827e-01
1.330222250000000000e+08,8.358032896483370066e+08,-9.062244961030825330e-01,9.062244961030825330e-01,9.999999981496962009e-01
1.343797560000000000e+08,8.443329084815778732e+08,9.050389541281389505e-01,9.050389541281389505e-01,9.999999981308184127e-01
1.357511420000000000e+08,8.529495808472496271e+08,9.038205240156931275e-01,9.038205240156931275e-01,9.999999981117423387e-01
1.371365230000000000e+08,8.616541863912954330e+08,-9.008758830005860752e-01,9.008758830005860752e-01,9.999999980924680898e-01
1.385360420000000000e+08,8.704476236092140675e+08,8.976941730730767510e-01,8.976941730730767510e-01,9.999999980730055471e-01
1.399498440000000000e+08,8.793308035628751516e+08,8.967242955074656852e-01,8.967242955074656852e-01,9.999999980533400556e-01
1.413780740000000000e+08,8.883046373141483068e+08,8.956199230325185834e-01,8.956199230325185834e-01,9.999999980334738359e-01
1.428208800000000000e+08,8.973700547744587660e+08,8.929969244786204463e-01,8.929969244786204463e-01,9.999999980134056665e-01
1.442784100000000000e+08,9.065279858552322388e+08,8.905813224361602831e-01,8.905813224361602831e-01,9.999999979931311067e-01
1.457508140000000000e+08,9.157793730342646837e+08,8.873188112353964652e-01,8.873188112353964652e-01,9.999999979726510446e-01
1.472382450000000000e+08,9.251251776389081478e+08,-8.853692832704204152e-01,8.853692832704204152e-01,9.999999979519552662e-01
1.487408550000000000e+08,9.345663547133293152e+08,-8.850203190927037333e-01,8.850203190927037333e-01,9.999999979310554288e-01
1.502588000000000000e+08,9.441038844344359636e+08,8.825536965281490787e-01,8.825536965281490787e-01,9.999999979099459813e-01
1.517922370000000000e+08,9.537387532623215914e+08,-8.804066363362651471e-01,8.804066363362651471e-01,9.999999978886108254e-01
1.533413220000000000e+08,9.634719413738938570e+08,8.778786458417866534e-01,8.778786458417866534e-01,9.999999978670676137e-01
1.549062160000000000e+08,9.733044603619873524e+08,8.740103189615290313e-01,8.740103189615290313e-01,9.999999978453029126e-01
1.564870800000000000e+08,9.832373218194364309e+08,8.720560450743919390e-01,8.720560450743919390e-01,9.999999978233133913e-01
1.580840780000000000e+08,9.932715561886316538e+08,8.699576752025772741e-01,8.699576752025772741e-01,9.999999978010977175e-01
1.596973730000000000e+08,1.003408187628777981e+09,-8.669663009077911431e-01,8.669663009077911431e-01,9.999999977786526717e-01
1.613271330000000000e+08,1.013648271715006948e+09,-8.634227639845948321e-01,8.634227639845948321e-01,9.999999977559838049e-01
1.629735250000000000e+08,1.023992857739264965e+09,-8.612706322724640318e-01,8.612706322724640318e-01,9.999999977330826795e-01
1.646367180000000000e+08,1.034443007559868932e+09,8.598271239272996525e-01,8.598271239272996525e-01,9.999999977099524040e-01
1.663168850000000000e+08,1.044999808167876959e+09,-8.569721501109947015e-01,8.569721501109947015e-01,9.999999976865768803e-01
1.680141990000000000e+08,1.055664346554347157e+09,-8.534037688123282672e-01,8.534037688123282672e-01,9.999999976629682097e-01
1.697288340000000000e+08,1.066437715993523002e+09,8.503111561541512042e-01,8.503111561541512042e-01,9.999999976391242829e-01
1.714609680000000000e+08,1.077321034892389297e+09,8.479145624829715899e-01,8.479145624829715899e-01,9.999999976150294456e-01
1.732107780000000000e+08,1.088315415374745131e+09,8.443078965833669125e-01,8.443078965833669125e-01,9.999999975906909144e-01
1.749784460000000000e+08,1.099422000980316639e+09,8.431651308226998376e-01,8.431651308226998376e-01,9.999999975661020279e-01
1.767641540000000000e+08,1.110641935248829603e+09,8.378893257821304896e-01,8.378893257821304896e-01,9.999999975412638964e-01
1.785680850000000000e+08,1.121976368003195524e+09,-8.356521042652850229e-01,8.356521042652850229e-01,9.999999975161678600e-01
1.803904260000000000e+08,1.133426474199066401e+09,8.315971100026654517e-01,8.315971100026654517e-01,9.999999974908242439e-01
1.822313640000000000e+08,1.144993428792094946e+09,8.299177966521663619e-01,8.299177966521663619e-01,9.999999974652175050e-01
1.840910900000000000e+08,1.156678431870674849e+09,8.254669772520478732e-01,8.254669772520478732e-01,9.999999974393487534e-01
1.859697940000000000e+08,1.168482677240014315e+09,8.215984011211461269e-01,8.215984011211461269e-01,9.999999974132156577e-01
1.878676720000000000e+08,1.180407396404433727e+09,8.189115788925851458e-01,8.189115788925851458e-01,9.999999973868181069e-01
1.897849180000000000e+08,1.192453808301882505e+09,8.156185131383300035e-01,8.156185131383300035e-01,9.999999973601491066e-01
1.917217300000000000e+08,1.204623157003051758e+09,8.110401344401819701e-01,8.110401344401819701e-01,9.999999973332092118e-01
1.936783080000000000e+08,1.216916699145002604e+09,8.071820486001102246e-01,8.071820486001102246e-01,9.999999973059942038e-01
1.956548530000000000e+08,1.229335697647981882e+09,-8.038794960896711306e-01,8.038794960896711306e-01,9.999999972784944235e-01
1.976515690000000000e+08,1.241881434281792164e+09,-8.023204314362286649e-01,8.023204314362286649e-01,9.999999972507224166e-01
1.996686630000000000e+08,1.254555209665792227e+09,-7.972505128149308673e-01,7.972505128149308673e-01,9.999999972226640832e-01
2.017063410000000000e+08,1.267358318136155367e+09,-7.924459158940519998e-01,7.924459158940519998e-01,9.999999971943214216e-01
2.037648150000000000e+08,1.280292091728166580e+09,-7.883506541013181046e-01,7.883506541013181046e-01,9.999999971656885478e-01
2.058442960000000000e+08,1.293357856193925619e+09,7.852600504872342402e-01,7.852600504872342402e-01,9.999999971367679041e-01
2.079449980000000000e+08,1.306556956135088444e+09,7.806735251343457360e-01,7.806735251343457360e-01,9.999999971075475003e-01
2.100671400000000000e+08,1.319890767569237232e+09,7.760118811595755339e-01,7.760118811595755339e-01,9.999999970780285574e-01
2.122109380000000000e+08,1.333360647664398193e+09,7.716273075395593262e-01,7.716273075395593262e-01,9.999999970482110756e-01
2.143766140000000000e+08,1.346967991287709475e+09,7.676475994241935830e-01,7.676475994241935830e-01,9.999999970180853959e-01
2.165643910000000000e+08,1.360714199589494944e+09,-7.617378935516585514e-01,7.617378935516585514e-01,9.999999969876501860e-01
2.187744960000000000e+08,1.374600698852819204e+09,7.577028402940274576e-01,7.577028402940274576e-01,9.999999969569124403e-01
2.210071550000000000e+08,1.388628909077561378e+09,-7.538577618868085306e-01,7.538577618868085306e-01,9.999999969258518417e-01
2.232625990000000000e+08,1.402800281679527760e+09,-7.485711483944693656e-01,7.485711483944693656e-01,9.999999968944802697e-01
2.255410610000000000e+08,1.417116280640894890e+09,-7.439803016085212439e-01,7.439803016085212439e-01,9.999999968627881763e-01
2.278427750000000000e+08,1.431578376227024317e+09,-7.376478524816993954e-01,7.376478524816993954e-01,9.999999968307708986e-01
2.301679790000000000e+08,1.446188063836019516e+09,-7.353360909698756220e-01,7.353360909698756220e-01,9.999999967984287697e-01
2.325169120000000000e+08,1.460946845149168730e+09,7.273399805309834765e-01,7.273399805309834765e-01,9.999999967657596800e-01
2.348898170000000000e+08,1.475856246980501890e+09,-7.231014202936153490e-01,7.231014202936153490e-01,9.999999967327495298e-01
2.372869380000000000e+08,1.490917802427233458e+09,7.182074319568880760e-01,7.182074319568880760e-01,9.999999966994098655e-01
2.397085220000000000e+08,1.506133063436134577e+09,7.116321927330528929e-01,7.116321927330528929e-01,9.999999966657263650e-01
2.421548200000000000e+08,1.521503607086717367e+09,7.069028005129858183e-01,7.069028005129858183e-01,9.999999966316981403e-01
2.446260820000000000e+08,1.537031004175308704e+09,7.020062978850161173e-01,7.020062978850161173e-01,9.999999965973259686e-01
2.471225650000000000e+08,1.552716869480532169e+09,-6.956351566674834341e-01,6.956351566674834341e-01,9.999999965625950837e-01
2.496445240000000000e+08,1.568562805214641571e+09,6.887540105067569973e-01,6.887540105067569973e-01,9.999999965275201408e-01
2.521922220000000000e+08,1.584570463855372429e+09,6.830372871862260276e-01,6.830372871862260276e-01,9.999999964920824880e-01
2.547659190000000000e+08,1.600741479030904531e+09,-6.771319169971896645e-01,6.771319169971896645e-01,9.999999964562787946e-01
2.573658810000000000e+08,1.617077522068529844e+09,-6.704409959531407726e-01,6.704409959531407726e-01,9.999999964201139457e-01
2.599923770000000000e+08,1.633580283145095825e+09,-6.650674010849200180e-01,6.650674010849200180e-01,9.999999963835802808e-01
2.626456770000000000e+08,1.650251458720635414e+09,-6.591586286263122485e-01,6.591586286263122485e-01,9.999999963466726927e-01
2.653260550000000000e+08,1.667092770387922764e+09,-6.518129318541501238e-01,6.518129318541501238e-01,9.999999963093894051e-01
2.680337870000000000e+08,1.684105952306102753e+09,-6.453523340503091177e-01,6.453523340503091177e-01,9.999999962717270874e-01
2.707691520000000000e+08,1.701292757483875990e+09,6.382044140531769605e-01,6.382044140531769605e-01,9.999999962336827419e-01
2.735324330000000000e+08,1.718654964062684536e+09,-6.316140314513173371e-01,6.316140314513173371e-01,9.999999961952417138e-01
2.763239130000000000e+08,1.736194350183970213e+09,-6.246385307472563930e-01,6.246385307472563930e-01,9.999999961564128848e-01
2.791438810000000000e+08,1.753912731688286781e+09,-6.183001502667229143e-01,6.183001502667229143e-01,9.999999961171884832e-01
2.819926280000000000e+08,1.771811936982558727e+09,6.090399630177170121e-01,6.090399630177170121e-01,9.999999960775670660e-01
2.848704480000000000e+08,1.789893813323266268e+09,6.039853107309189895e-01,6.039853107309189895e-01,9.999999960375381969e-01
2.877776360000000000e+08,1.808160214250075102e+09,5.950323113949270715e-01,5.950323113949270715e-01,9.999999959970993224e-01
2.907144930000000000e+08,1.826613031001762629e+09,-5.881766817450289064e-01,5.881766817450289064e-01,9.999999959562455576e-01
2.936813220000000000e+08,1.845254167383476973e+09,5.817983242695534685e-01,5.817983242695534685e-01,9.999999959149800111e-01
2.966784270000000000e+08,1.864085533483551502e+09,-5.717673940190257653e-01,5.717673940190257653e-01,9.999999958732880279e-01
2.997061200000000000e+08,1.883109089655802011e+09,5.637384550972712738e-01,5.637384550972712738e-01,9.999999958311777126e-01
3.027647100000000000e+08,1.902326777404488325e+09,5.559613389897130054e-01,5.559613389897130054e-01,9.999999957886336333e-01
3.058545150000000000e+08,1.921740594782538414e+09,-5.467622935349691904e-01,5.467622935349691904e-01,9.999999957456516819e-01
3.089758520000000000e+08,1.941352533559694290e+09,5.395472051556040594e-01,5.395472051556040594e-01,9.999999957022384089e-01
3.121290430000000000e+08,1.961164616921625376e+09,-5.308008323982773558e-01,5.308008323982773558e-01,9.999999956583756067e-01
3.153144140000000000e+08,1.981178893186741114e+09,5.224620865380202872e-01,5.224620865380202872e-01,9.999999956140709356e-01
3.185322920000000000e+08,2.001397416956637621e+09,5.139497309628496824e-01,5.139497309628496824e-01,9.999999955693104070e-01
3.217830090000000000e+08,2.021822274248836517e+09,-5.026846954320509653e-01,5.026846954320509653e-01,9.999999955240914673e-01
3.250669010000000000e+08,2.042455576213601112e+09,-4.959978662283384132e-01,4.959978662283384132e-01,9.999999954784135614e-01
3.283843060000000000e+08,2.063299446567565203e+09,4.852576619347479525e-01,4.852576619347479525e-01,9.999999954322725815e-01
3.317355670000000000e+08,2.084356040443289280e+09,-4.764535287647809758e-01,4.764535287647809758e-01,9.999999953856539836e-01
3.351210270000000000e+08,2.105627512973333359e+09,-4.667420070144220334e-01,4.667420070144220334e-01,9.999999953385645401e-01
3.385410380000000000e+08,2.127116075838926077e+09,4.571217193115667543e-01,4.571217193115667543e-01,9.999999952909947032e-01
3.419959510000000000e+08,2.148823934438109875e+09,-4.473557640306065064e-01,4.473557640306065064e-01,9.999999952429351469e-01
3.454861220000000000e+08,2.170753325584854126e+09,4.361185440073270803e-01,4.361185440073270803e-01,9.999999951943913112e-01
3.490119110000000000e+08,2.192906511225869179e+09,-4.281169640269556487e-01,4.281169640269556487e-01,9.999999951453466540e-01
3.525736820000000000e+08,2.215285778440607548e+09,4.160415379487898413e-01,4.160415379487898413e-01,9.999999950958050610e-01
3.561718020000000000e+08,2.237893433158076763e+09,4.065267722320982657e-01,4.065267722320982657e-01,9.999999950457578723e-01
3.598066420000000000e+08,2.260731806440025330e+09,3.951612139465398577e-01,3.951612139465398577e-01,9.999999949951966505e-01
3.634785770000000000e+08,2.283803254480943680e+09,-3.836589485093001572e-01,3.836589485093001572e-01,9.999999949441187308e-01
3.671879850000000000e+08,2.307110152324878216e+09,-3.721009338557197399e-01,3.721009338557197399e-01,9.999999948925225590e-01
3.709352480000000000e+08,2.330654900148615837e+09,3.614206650502703178e-01,3.614206650502703178e-01,9.999999948404013628e-01
3.747207540000000000e+08,2.354439935828056335e+09,3.505753005083881435e-01,3.505753005083881435e-01,9.999999947877474815e-01
3.785448910000000000e+08,2.378467697239098072e+09,-3.376104649525317192e-01,3.376104649525317192e-01,9.999999947345504792e-01
3.824080550000000000e+08,2.402740672523123264e+09,-3.278832700594249139e-01,3.278832700594249139e-01,9.999999946808159068e-01
3.863106440000000000e+08,2.427261362387883663e+09,3.146008909888153848e-01,3.146008909888153848e-01,9.999999946265335504e-01
3.902530600000000000e+08,2.452032292673873425e+09,3.041287289791633208e-01,3.041287289791633208e-01,9.999999945716951943e-01
3.942357090000000000e+08,2.477056014354327202e+09,-2.911454235046044836e-01,2.911454235046044836e-01,9.999999945162971748e-01
3.982590030000000000e+08,2.502335116101590633e+09,-2.779798552172858539e-01,2.779798552172858539e-01,9.999999944603334967e-01
4.023233550000000000e+08,2.527872192871196747e+09,-2.647931209176531686e-01,2.647931209176531686e-01,9.999999944038003852e-01
4.064291860000000000e+08,2.553669889884159088e+09,2.522464150504490910e-01,2.522464150504490910e-01,9.999999943466910679e-01
4.105769170000000000e+08,2.579730852361492634e+09,-2.398943263472780307e-01,2.398943263472780307e-01,9.999999942889963300e-01
4.147669780000000000e+08,2.606057782072878838e+09,2.263911559487201131e-01,2.263911559487201131e-01,9.999999942307149503e-01
4.189997990000000000e+08,2.632653380788000107e+09,-2.138122776095471300e-01,2.138122776095471300e-01,9.999999941718360486e-01
4.232758180000000000e+08,2.659520400542020798e+09,2.005164320118491550e-01,2.005164320118491550e-01,9.999999941123586256e-01
4.275954740000000000e+08,2.686661599653290749e+09,1.863541463582701341e-01,1.863541463582701341e-01,9.999999940522740216e-01
4.319592140000000000e+08,2.714079786705642700e+09,1.728510264740323876e-01,1.728510264740323876e-01,9.999999939915752423e-01
4.363674870000000000e+08,2.741777782849278927e+09,-1.581703005101759985e-01,1.581703005101759985e-01,9.999999939302568475e-01
4.408207480000000000e+08,2.769758446933515072e+09,1.448608772433427339e-01,1.448608772433427339e-01,9.999999938683137302e-01
4.453194560000000000e+08,2.798024662940406322e+09,1.306032409895021562e-01,1.306032409895021562e-01,9.999999938057388960e-01
4.498640750000000000e+08,2.826579346267935276e+09,-1.145336627880006314e-01,1.145336627880006314e-01,9.999999937425235741e-01
4.544550720000000000e+08,2.855425431163640976e+09,9.999220161680039132e-02,9.999220161680039132e-02,9.999999936786656551e-01
4.590929230000000000e+08,2.884565908423728943e+09,-8.611313434754347407e-02,8.611313434754347407e-02,9.999999936141533707e-01
4.637781030000000000e+08,2.914003762561220646e+09,-6.934737598406073844e-02,6.934737598406073844e-02,9.999999935489840563e-01
4.685110980000000000e+08,2.943742047204174995e+09,5.636540556618571673e-02,5.636540556618571673e-02,9.999999934831494963e-01
4.732923940000000000e+08,2.973783815980651855e+09,3.973944533935801215e-02,3.973944533935801215e-02,9.999999934166439175e-01
4.781224850000000000e+08,3.004132172784192085e+09,-2.325454616512728778e-02,2.325454616512728778e-02,9.999999933494567728e-01
4.830018680000000000e+08,3.034790240357893944e+09,9.934504899522016153e-03,9.934504899522016153e-03,9.999999932815871739e-01
4.879310470000000000e+08,3.065761185427152157e+09,8.892342447745144041e-03,-8.892342447745144041e-03,9.999999932130229086e-01
4.929105290000000000e+08,3.097048193566917419e+09,2.220501619103271151e-02,-2.220501619103271151e-02,9.999999931437610901e-01
4.979408290000000000e+08,3.128654500617622852e+09,3.893106071892624837e-02,-3.893106071892624837e-02,9.999999930737911713e-01
5.030224640000000000e+08,3.160583354986072540e+09,-5.710509327809615288e-02,-5.710509327809615288e-02,9.999999930031072681e-01
5.081559590000000000e+08,3.192838055344552040e+09,7.239205187320987833e-02,-7.239205187320987833e-02,9.999999929317022751e-01
5.133418430000000000e+08,3.225421925498089790e+09,8.978884177382287501e-02,-8.978884177382287501e-02,9.999999928595668663e-01
5.185806510000000000e+08,3.258338326950824738e+09,1.064226017718695877e-01,-1.064226017718695877e-01,9.999999927866968230e-01
5.238729220000000000e+08,3.291590646339637280e+09,-1.216786510077100675e-01,-1.216786510077100675e-01,9.999999927130837074e-01
5.292192020000000000e+08,3.325182314283705711e+09,-1.402933428736263533e-01,-1.402933428736263533e-01,9.999999926387171945e-01
5.346200420000000000e+08,3.359116792818133354e+09,-1.573345870133370239e-01,-1.573345870133370239e-01,9.999999925635939535e-01
5.400760000000000000e+08,3.393397587960322380e+09,-1.744465587974860510e-01,-1.744465587974860510e-01,9.999999924877026602e-01
5.455876370000000000e+08,3.428028224577229500e+09,1.921440153275014162e-01,-1.921440153275014162e-01,9.999999924110382077e-01
5.511555230000000000e+08,3.463012284084480286e+09,2.098810158454800234e-01,-2.098810158454800234e-01,9.999999923335909369e-01
5.567802300000000000e+08,3.498353360464070797e+09,-2.271042839722331175e-01,-2.271042839722331175e-01,9.999999922553522991e-01
5.624623390000000000e+08,3.534055104246663570e+09,2.442972371093108108e-01,-2.442972371093108108e-01,9.999999921763169652e-01
5.682024360000000000e+08,3.570121197378849030e+09,-2.632891199857991804e-01,-2.632891199857991804e-01,9.999999920964720568e-01
5.740011120000000000e+08,3.606555353223144054e+09,-2.817381384518193310e-01,-2.817381384518193310e-01,9.999999920158156863e-01
5.798589650000000000e+08,3.643361329124361992e+09,2.996920953122352849e-01,-2.996920953122352849e-01,9.999999919343343091e-01
5.857766000000000000e+08,3.680542926409613609e+09,-3.163332446615082505e-01,-3.163332446615082505e-01,9.999999918520203757e-01
5.917546250000000000e+08,3.718103965255565643e+09,3.366389012579632523e-01,-3.366389012579632523e-01,9.999999917688700002e-01
5.977936590000000000e+08,3.756048334953923702e+09,3.541839785553796416e-01,-3.541839785553796416e-01,9.999999916848698600e-01
6.038943220000000000e+08,3.794379931079577923e+09,-3.714265597832118182e-01,-3.714265597832118182e-01,9.999999916000095190e-01
6.100572450000000000e+08,3.833102718322457314e+09,3.899394265599251952e-01,-3.899394265599251952e-01,9.999999915142858686e-01
6.162830620000000000e+08,3.872220680222045898e+09,-4.085070495602474705e-01,-4.085070495602474705e-01,9.999999914276859192e-01
6.225724150000000000e+08,3.911737850583312035e+09,4.278334051174434993e-01,-4.278334051174434993e-01,9.999999913402037865e-01
6.289259530000000000e+08,3.951658307193519115e+09,4.466389288645443156e-01,-4.466389288645443156e-01,9.999999912518278133e-01
6.353443310000000000e+08,3.991986165539043903e+09,4.632052299752430491e-01,-4.632052299752430491e-01,9.999999911625505611e-01
6.418282100000000000e+08,4.032725578805374146e+09,-4.826133808391258606e-01,-4.826133808391258606e-01,9.999999910723599283e-01
6.483782590000000000e+08,4.073880750443480492e+09,5.010623886497853618e-01,-5.010623886497853618e-01,9.999999909812529175e-01
6.549951540000000000e+08,4.115455927886630535e+09,-5.187364973041641569e-01,-5.187364973041641569e-01,9.999999908892105438e-01
6.616795760000000000e+08,4.157455389984018326e+09,-5.375706061348514142e-01,-5.375706061348514142e-01,9.999999907962331402e-01
6.684322140000000000e+08,4.199883465850320816e+09,-5.556966870677020331e-01,-5.556966870677020331e-01,9.999999907023060519e-01
6.752537650000000000e+08,4.242744534865696907e+09,5.737677315881057893e-01,-5.737677315881057893e-01,9.999999906074231726e-01
6.821449320000000000e+08,4.286043014109417915e+09,-5.914938110761893686e-01,-5.914938110761893686e-01,9.999999905115658505e-01
6.891064250000000000e+08,4.329783364643051147e+09,6.086805626951362624e-01,-6.086805626951362624e-01,9.999999904147380825e-01
6.961389630000000000e+08,4.373970104076833725e+09,6.276999390216855268e-01,-6.276999390216855268e-01,9.999999903169168869e-01
7.032432700000000000e+08,4.418607781436926842e+09,-6.464717388532152942e-01,-6.464717388532152942e-01,9.999999902180942701e-01
7.104200780000000000e+08,4.463700996014975548e+09,-6.635949870987991606e-01,-6.635949870987991606e-01,9.999999901182663464e-01
7.176701280000000000e+08,4.509254403651292801e+09,-6.815445425482973274e-01,-6.815445425482973274e-01,9.999999900174211254e-01
7.249941670000000000e+08,4.555272697885303497e+09,6.977022333714942848e-01,-6.977022333714942848e-01,9.999999899155502803e-01
7.323929490000000000e+08,4.601760616238727570e+09,7.139638144732665115e-01,-7.139638144732665115e-01,9.999999898126344933e-01
7.398672390000000000e+08,4.648722965348327637e+09,7.313991411903454365e-01,-7.313991411903454365e-01,9.999999897086698786e-01
7.474178060000000000e+08,4.696164576983602524e+09,-7.466076727058286178e-01,-7.466076727058286178e-01,9.999999896036394498e-01
7.550454280000000000e+08,4.744090339462721825e+09,-7.620141028136133698e-01,-7.620141028136133698e-01,9.999999894975420967e-01
7.627508930000000000e+08,4.792505203935709000e+09,7.779397622294208503e-01,-7.779397622294208503e-01,9.999999893903651627e-01
7.705349950000000000e+08,4.841414159251695633e+09,7.932432481842718319e-01,-7.932432481842718319e-01,9.999999892820902181e-01
7.783985350000000000e+08,4.890822238242115021e+09,8.085508539067227662e-01,-8.085508539067227662e-01,9.999999891727114898e-01
7.863423250000000000e+08,4.940734542853434563e+09,8.245586469270187457e-01,-8.245586469270187457e-01,9.999999890622146559e-01
7.943671840000000000e+08,4.991156219014423370e+09,-8.377403912058247748e-01,-8.377403912058247748e-01,9.999999889505883921e-01
8.024739400000000000e+08,5.042092469202512741e+09,-8.515058602550509281e-01,-8.515058602550509281e-01,9.999999888378249269e-01
8.106634270000000000e+08,5.093548533594250679e+09,8.652584939737271164e-01,-8.652584939737271164e-01,9.999999887239171548e-01
8.189364900000000000e+08,5.145529721481222153e+09,-8.784114215629796885e-01,-8.784114215629796885e-01,9.999999886088364320e-01
8.272939820000000000e+08,5.198041392420493126e+09,-8.905924765998252113e-01,-8.905924765998252113e-01,9.999999884925859783e-01
8.357367650000000000e+08,5.251088962517798424e+09,9.033161599911939676e-01,-9.033161599911939676e-01,9.999999883751539143e-01
8.442657090000000000e+08,5.304677898144355774e+09,9.144208252339833809e-01,-9.144208252339833809e-01,9.999999882565188125e-01
8.528816940000000000e+08,5.358813728503235817e+09,-9.267476398484584266e-01,-9.267476398484584266e-01,9.999999881366682386e-01
8.615856070000000000e+08,5.413502026779805183e+09,9.361074541821712280e-01,-9.361074541821712280e-01,9.999999880156047460e-01
8.703783460000000000e+08,5.468748435274470329e+09,-9.451346576944791300e-01,-9.451346576944791300e-01,9.999999878932945840e-01
8.792608180000000000e+08,5.524558652836304665e+09,-9.533352795020789694e-01,-9.533352795020789694e-01,9.999999877697428596e-01
8.882339380000000000e+08,5.580938428579863548e+09,-9.602103412408642402e-01,-9.602103412408642402e-01,9.999999876449293668e-01
8.972986320000000000e+08,5.637893580734742165e+09,-9.691455026950631657e-01,-9.691455026950631657e-01,9.999999875188418930e-01
9.064558330000000000e+08,5.695429971512832642e+09,9.759127062359758131e-01,-9.759127062359758131e-01,9.999999873914737769e-01
9.157064870000000000e+08,5.753553544807435036e+09,9.815756263642034796e-01,-9.815756263642034796e-01,9.999999872628007047e-01
9.250515460000000000e+08,5.812270282210961342e+09,-9.871661445189806594e-01,-9.871661445189806594e-01,9.999999871328079104e-01
9.344919740000000000e+08,5.871586240714048386e+09,-9.905806242364350034e-01,-9.905806242364350034e-01,9.999999870014945058e-01
9.440287450000000000e+08,5.931507540139183998e+09,9.922032479807347816e-01,-9.922032479807347816e-01,9.999999868688457250e-01
9.536628410000000000e+08,5.992040350574341774e+09,9.951635771533403618e-01,-9.951635771533403618e-01,9.999999867348390303e-01
9.633952560000000000e+08,6.053190917505716324e+09,-9.981539148936080519e-01,-9.981539148936080519e-01,9.999999865994574355e-01
9.732269930000000000e+08,6.114965542968170166e+09,9.974111797093281329e-01,-9.974111797093281329e-01,9.999999864627074908e-01
9.831590660000000000e+08,6.177370598111604691e+09,-9.953886495881214547e-01,-9.953886495881214547e-01,9.999999863245494502e-01
9.931924990000000000e+08,6.240412516917776108e+09,9.947500746265039995e-01,-9.947500746265039995e-01,9.999999861849937499e-01
1.003328326000000000e+09,6.304097796200289726e+09,-9.919748172997062685e-01,-9.919748172997062685e-01,9.999999860440010879e-01
1.013567592000000000e+09,6.368433001887793541e+09,-9.874192225605198381e-01,-9.874192225605198381e-01,9.999999859015763493e-01
1.023911353000000000e+09,6.433424769023970604e+09,9.819121189925577031e-01,-9.819121189925577031e-01,9.999999857577034357e-01
1.034360675000000000e+09,6.499079795484358788e+09,9.774494599777228121e-01,-9.774494599777228121e-01,9.999999856123563680e-01
1.044916636000000000e+09,6.565404854542719841e+09,-9.705421088082748504e-01,-9.705421088082748504e-01,9.999999854655211573e-01
1.055580324000000000e+09,6.632406782304667473e+09,-9.598492590034515271e-01,-9.598492590034515271e-01,9.999999853171910313e-01
1.066352837000000000e+09,6.700092477707668304e+09,9.505357266093186208e-01,-9.505357266093186208e-01,9.999999851673546658e-01
1.077235287000000000e+09,6.768468927653784752e+09,9.394591884811025473e-01,-9.394591884811025473e-01,9.999999850159824177e-01
1.088228796000000000e+09,6.837543181876931190e+09,-9.270943531132755933e-01,-9.270943531132755933e-01,9.999999848630614085e-01
1.099334497000000000e+09,6.907322359226060867e+09,9.125475115440573326e-01,-9.125475115440573326e-01,9.999999847085901949e-01
1.110553535000000000e+09,6.977813653948349953e+09,8.976051591510333383e-01,-8.976051591510333383e-01,9.999999845525355813e-01
1.121887067000000000e+09,7.049024335689200401e+09,8.817397266493460783e-01,-8.817397266493460783e-01,9.999999843948912392e-01
1.133336260000000000e+09,7.120961736925863266e+09,-8.625846236969952896e-01,-8.625846236969952896e-01,9.999999842356304125e-01
1.144902297000000000e+09,7.193633290666559219e+09,8.454820190912125666e-01,-8.454820190912125666e-01,9.999999840747545443e-01
1.156586368000000000e+09,7.267046473901802063e+09,-8.227684552742999813e-01,-8.227684552742999813e-01,9.999999839122288847e-01
1.168389678000000000e+09,7.341208857869888306e+09,-8.018243336480888050e-01,-8.018243336480888050e-01,9.999999837480477716e-01
1.180313445000000000e+09,7.416128095490520477e+09,7.773554760597427560e-01,-7.773554760597427560e-01,9.999999835821967720e-01
1.192358897000000000e+09,7.491811902515257835e+09,7.535607029007986846e-01,-7.535607029007986846e-01,9.999999834146476863e-01
1.204527277000000000e+09,7.568268088943435669e+09,7.256685044864239487e-01,-7.256685044864239487e-01,9.999999832453906334e-01
1.216819839000000000e+09,7.645504533889430046e+09,6.995414134535504758e-01,-6.995414134535504758e-01,9.999999830744049634e-01
1.229237850000000000e+09,7.723529198149024010e+09,-6.693189045883174426e-01,-6.693189045883174426e-01,9.999999829016681385e-01
1.241782590000000000e+09,7.802350124199412346e+09,-6.395242157099150226e-01,-6.395242157099150226e-01,9.999999827271749409e-01
1.254455354000000000e+09,7.881975448765566826e+09,-6.079553094305469862e-01,-6.079553094305469862e-01,9.999999825509020557e-01
1.267257447000000000e+09,7.962413371404313087e+09,5.748131335735654490e-01,-5.748131335735654490e-01,9.999999823728322745e-01
1.280190189000000000e+09,8.043672185920257568e+09,5.408889151260393158e-01,-5.408889151260393158e-01,9.999999821929403954e-01
1.293254913000000000e+09,8.125760267799413681e+09,5.030749972562184036e-01,-5.030749972562184036e-01,9.999999820112139837e-01
1.306452967000000000e+09,8.208686086775576591e+09,4.674603498646255906e-01,-4.674603498646255906e-01,9.999999818276332775e-01
1.319785711000000000e+09,8.292458187980763435e+09,4.288409540873144854e-01,-4.288409540873144854e-01,9.999999816421789589e-01
1.333254520000000000e+09,8.377085210794772148e+09,-3.877848917582530364e-01,-3.877848917582530364e-01,9.999999814548291566e-01
1.346860782000000000e+09,8.462575876278807640e+09,-3.477724767979424869e-01,-3.477724767979424869e-01,9.999999812655697706e-01
1.360605899000000000e+09,8.548938993458672523e+09,3.069508130709140969e-01,-3.069508130709140969e-01,9.999999810743822604e-01
1.374491290000000000e+09,8.636183478174316406e+09,-2.630595704307123195e-01,-2.630595704307123195e-01,9.999999808812390922e-01
1.388518386000000000e+09,8.724318321663913727e+09,-2.188472909806056244e-01,-2.188472909806056244e-01,9.999999806861267215e-01
1.402688632000000000e+09,8.813352603130233765e+09,-1.742120963393937738e-01,-1.742120963393937738e-01,9.999999804890242761e-01
1.417003490000000000e+09,8.903295508590196609e+09,-1.291323192801843711e-01,-1.291323192801843711e-01,9.999999802899072199e-01
1.431464435000000000e+09,8.994156305742128372e+09,8.311165328186835566e-02,-8.311165328186835566e-02,9.999999800887623413e-01
1.446072959000000000e+09,9.085944369098508835e+09,3.517230616661840004e-02,-3.517230616661840004e-02,9.999999798855612188e-01
1.460830566000000000e+09,9.178669148570039749e+09,1.193163478556682512e-02,1.193163478556682512e-02,9.999999796802871987e-01
1.475738780000000000e+09,9.272340219731128693e+09,6.063905943496603057e-02,6.063905943496603057e-02,9.999999794729178548e-01
1.490799137000000000e+09,9.366967233554407120e+09,-1.088347186355843182e-01,1.088347186355843182e-01,9.999999792634342022e-01
1.506013188000000000e+09,9.462559935260288239e+09,1.583042223078916511e-01,1.583042223078916511e-01,9.999999790518113718e-01
1.521382504000000000e+09,9.559128195732887268e+09,2.070539710420795654e-01,2.070539710420795654e-01,9.999999788380272703e-01
1.536908669000000000e+09,9.656681967537733078e+09,-2.550027809984004579e-01,2.550027809984004579e-01,9.999999786220631348e-01
1.552593282000000000e+09,9.755231297488132477e+09,3.034224057430921495e-01,3.034224057430921495e-01,9.999999784038965389e-01
1.568437962000000000e+09,9.854786358061094284e+09,3.519674006545356337e-01,3.519674006545356337e-01,9.999999781835025026e-01
1.584444341000000000e+09,9.955357403415042877e+09,-4.004936136141967751e-01,4.004936136141967751e-01,9.999999779608567119e-01
1.600614071000000000e+09,1.005695481337210274e+10,-4.465757433824848466e-01,4.465757433824848466e-01,9.999999777359398490e-01
1.616948817000000000e+09,1.015958904943581390e+10,-4.938139110999786308e-01,4.938139110999786308e-01,9.999999775087278220e-01
1.633450264000000000e+09,1.026327069877341652e+10,5.392852426209797656e-01,5.392852426209797656e-01,9.999999772792022013e-01
1.650120113000000000e+09,1.036801044908311844e+10,-5.839407458934342543e-01,5.839407458934342543e-01,9.999999770473260163e-01
1.666960084000000000e+09,1.047381910744364929e+10,6.278333496656529622e-01,6.278333496656529622e-01,9.999999768130890532e-01
1.683971911000000000e+09,1.058070756889833069e+10,-6.681836870473506496e-01,6.681836870473506496e-01,9.999999765764575610e-01
1.701157349000000000e+09,1.068868686043737602e+10,-7.083371229160539961e-01,7.083371229160539961e-01,9.999999763374137762e-01
1.718518169000000000e+09,1.079776810958196449e+10,-7.462262666972321323e-01,7.462262666972321323e-01,9.999999760959296102e-01
1.736056162000000000e+09,1.090796256951698303e+10,7.829454716111755586e-01,7.829454716111755586e-01,9.999999758519856341e-01
1.753773135000000000e+09,1.101928159395828056e+10,-8.185337095644380501e-01,8.185337095644380501e-01,9.999999756055435451e-01
1.771670916000000000e+09,1.113173666856859970e+10,8.478252918365833946e-01,8.478252918365833946e-01,9.999999753565954608e-01
1.789751348000000000e+09,1.124533937325845909e+10,8.776655174888228217e-01,8.776655174888228217e-01,9.999999751051015240e-01
1.808016297000000000e+09,1.136010143245164299e+10,-9.048446911792767944e-01,9.048446911792767944e-01,9.999999748510375319e-01
1.826467645000000000e+09,1.147603467110289955e+10,-9.281258774865717154e-01,9.281258774865717154e-01,9.999999745943840557e-01
1.845107295000000000e+09,1.159315104611387062e+10,-9.480555212195179715e-01,9.480555212195179715e-01,9.999999743351118964e-01
1.863937168000000000e+09,1.171146262748352814e+10,9.648244287043623579e-01,9.648244287043623579e-01,9.999999740732004039e-01
1.882959205000000000e+09,1.183098161087455368e+10,-9.776089490819721561e-01,9.776089490819721561e-01,9.999999738086039480e-01
1.902175368000000000e+09,1.195172032389652252e+10,9.888085311737175864e-01,9.888085311737175864e-01,9.999999735413184210e-01
1.921587638000000000e+09,1.207369121353952599e+10,9.951860279591151492e-01,9.951860279591151492e-01,9.999999732713007461e-01
1.941198015000000000e+09,1.219690684617417717e+10,-9.973658603310842086e-01,9.973658603310842086e-01,9.999999729985203922e-01
1.961008523000000000e+09,1.232137993896754074e+10,-9.951390976132303834e-01,9.951390976132303834e-01,9.999999727229615942e-01
1.981021202000000000e+09,1.244712330961764336e+10,9.888318021224006271e-01,9.888318021224006271e-01,9.999999724445981508e-01
2.001238117000000000e+09,1.257414993290214157e+10,-9.789046338768243594e-01,9.789046338768243594e-01,9.999999721633803240e-01
2.021661352000000000e+09,1.270247290297921753e+10,9.651782297249770215e-01,9.651782297249770215e-01,9.999999718793066705e-01
2.042293012000000000e+09,1.283210544595394325e+10,9.464319324907296549e-01,9.464319324907296549e-01,9.999999715923245658e-01
2.063135224000000000e+09,1.296306092616146469e+10,9.224052147396806234e-01,9.224052147396806234e-01,9.999999713024168013e-01
2.084190137000000000e+09,1.309535284616700935e+10,-8.953372976285457474e-01,8.953372976285457474e-01,9.999999710095447414e-01
2.105459922000000000e+09,1.322899484676587677e+10,8.613229182772346171e-01,8.613229182772346171e-01,9.999999707136926208e-01
2.126946771000000000e+09,1.336400070070026398e+10,-8.259041008238404702e-01,8.259041008238404702e-01,9.999999704148115898e-01
2.148652900000000000e+09,1.350038433150880814e+10,7.843254947397053645e-01,7.843254947397053645e-01,9.999999701128917673e-01
2.170580547000000000e+09,1.363815980096022987e+10,-7.375522538085574897e-01,7.375522538085574897e-01,9.999999698078800847e-01
2.192731972000000000e+09,1.377734130905331993e+10,6.872125165294357130e-01,6.872125165294357130e-01,9.999999694997652178e-01
2.215109459000000000e+09,1.391794320658332253e+10,-6.355438880709809446e-01,6.355438880709809446e-01,9.999999691884973174e-01
2.237715315000000000e+09,1.405997998885873985e+10,-5.774014367433462080e-01,5.774014367433462080e-01,9.999999688740563997e-01
2.260551870000000000e+09,1.420346629570133781e+10,5.165653677228165819e-01,5.165653677228165819e-01,9.999999685564098240e-01
2.283621479000000000e+09,1.434841692401251602e+10,-4.499312370660331073e-01,4.499312370660331073e-01,9.999999682355160679e-01
2.306926521000000000e+09,1.449484682149011993e+10,-3.822939059546445195e-01,3.822939059546445195e-01,9.999999679113511508e-01
2.330469397000000000e+09,1.464277107406207085e+10,-3.107601516620581150e-01,3.107601516620581150e-01,9.999999675838774360e-01
2.354252536000000000e+09,1.479220494358547974e+10,2.356808641430033213e-01,2.356808641430033213e-01,9.999999672530630601e-01
2.378278388000000000e+09,1.494316382386435127e+10,1.611992045741410806e-01,1.611992045741410806e-01,9.999999669188703866e-01
2.402549432000000000e+09,1.509566329091506004e+10,8.410112698555825828e-02,8.410112698555825828e-02,9.999999665812676630e-01
2.427068169000000000e+09,1.524971905898406029e+10,-4.372140541799242677e-03,4.372140541799242677e-03,9.999999662402185852e-01
2.451837127000000000e+09,1.540534701196380997e+10,7.548348016902707569e-02,-7.548348016902707569e-02,9.999999658956908455e-01
2.476858859000000000e+09,1.556256319082639503e+10,1.550788213694838658e-01,-1.550788213694838658e-01,9.999999655476469185e-01
2.502135946000000000e+09,1.572138381247309494e+10,-2.356516288888136357e-01,-2.356516288888136357e-01,9.999999651960479463e-01
2.527670993000000000e+09,1.588182524460163498e+10,3.156078793057106591e-01,-3.156078793057106591e-01,9.999999648408656183e-01
2.553466633000000000e+09,1.604390403083892822e+10,3.931378943578178187e-01,-3.931378943578178187e-01,9.999999644820554145e-01
2.579525525000000000e+09,1.620763687817470932e+10,4.673415268024413427e-01,-4.673415268024413427e-01,9.999999641195858047e-01
2.605850356000000000e+09,1.637304066952789497e+10,-5.417046686944881895e-01,-5.417046686944881895e-01,9.999999637534128238e-01
2.632443840000000000e+09,1.654013245746340942e+10,-6.122182005255787374e-01,-6.122182005255787374e-01,9.999999633835054969e-01
2.659308718000000000e+09,1.670892946419218254e+10,-6.782123575564373841e-01,-6.782123575564373841e-01,9.999999630098233006e-01
2.686447760000000000e+09,1.687944909413751221e+10,-7.395827954586102759e-01,-7.395827954586102759e-01,9.999999626323272661e-01
2.713863765000000000e+09,1.705170893393507385e+10,7.952522546598603803e-01,-7.952522546598603803e-01,9.999999622509828656e-01
2.741559558000000000e+09,1.722572673358335876e+10,-8.462629739598277467e-01,-8.462629739598277467e-01,9.999999618657385847e-01
2.769537994000000000e+09,1.740152043157642365e+10,-8.892423676296361545e-01,-8.892423676296361545e-01,9.999999614765664457e-01
2.797801960000000000e+09,1.757910816747024918e+10,-9.271102326090073786e-01,-9.271102326090073786e-01,9.999999610834235941e-01
2.826354367000000000e+09,1.775850823161725998e+10,9.576840600433521589e-01,-9.576840600433521589e-01,9.999999606862743917e-01
2.855198160000000000e+09,1.793973912799818802e+10,-9.783300326494588361e-01,-9.783300326494588361e-01,9.999999602850601077e-01
2.884336313000000000e+09,1.812281954280614090e+10,9.936053050164870282e-01,-9.936053050164870282e-01,9.999999598797641998e-01
2.913771829000000000e+09,1.830776834444659042e+10,9.977184359556237059e-01,-9.977184359556237059e-01,9.999999594703248285e-01
2.943507744000000000e+09,1.849460460867013168e+10,-9.922946593427464101e-01,-9.922946593427464101e-01,9.999999590567019148e-01
2.973547123000000000e+09,1.868334759343973160e+10,9.788905690856315456e-01,-9.788905690856315456e-01,9.999999586388695905e-01
3.003893062000000000e+09,1.887401675149709702e+10,-9.559949740929239992e-01,-9.559949740929239992e-01,9.999999582167602430e-01
3.034548691000000000e+09,1.906663174921224594e+10,9.235990837738634607e-01,-9.235990837738634607e-01,9.999999577903545545e-01
3.065517169000000000e+09,1.926121243516756058e+10,8.810132258165427332e-01,-8.810132258165427332e-01,9.999999573595949043e-01
3.096801691000000000e+09,1.945777888414009857e+10,8.281899066899596207e-01,-8.281899066899596207e-01,9.999999569244363284e-01
3.128405480000000000e+09,1.965635134683610153e+10,-7.676357540323872630e-01,-7.676357540323872630e-01,9.999999564848317535e-01
3.160331795000000000e+09,1.985695030015648651e+10,6.975325399166598661e-01,-6.975325399166598661e-01,9.999999560407518695e-01
3.192583928000000000e+09,2.005959642834729004e+10,-6.199845168750539592e-01,-6.199845168750539592e-01,9.999999555921311734e-01
3.225165204000000000e+09,2.026431062299965286e+10,-5.337473518759557889e-01,-5.337473518759557889e-01,9.999999551389354702e-01
3.258078981000000000e+09,2.047111398304983902e+10,4.408140040355281730e-01,-4.408140040355281730e-01,9.999999546811183526e-01
3.291328653000000000e+09,2.068002783362878036e+10,3.413918000963963029e-01,-3.413918000963963029e-01,9.999999542186248647e-01
3.324917649000000000e+09,2.089107371977889252e+10,2.389037636028727984e-01,-2.389037636028727984e-01,9.999999537514120407e-01
3.358849430000000000e+09,2.110427338760452652e+10,-1.311477350417902255e-01,-1.311477350417902255e-01,9.999999532794305868e-01
3.393127494000000000e+09,2.131964881568788910e+10,-2.204295418450531036e-02,-2.204295418450531036e-02,9.999999528026335405e-01
3.427755377000000000e+09,2.153722222137222290e+10,-9.030841196331246268e-02,9.030841196331246268e-02,9.999999523209711638e-01
3.462736648000000000e+09,2.175701602934589005e+10,2.014274979338262495e-01,2.014274979338262495e-01,9.999999518343923866e-01
3.498074913000000000e+09,2.197905289677510834e+10,-3.119562282144879850e-01,3.119562282144879850e-01,9.999999513428462494e-01
3.533773816000000000e+09,2.220335571958713913e+10,4.193253427378730858e-01,4.193253427378730858e-01,9.999999508462882325e-01
3.569837036000000000e+09,2.242994761362072372e+10,5.217501205566552613e-01,5.217501205566552613e-01,9.999999503446611593e-01
3.606268293000000000e+09,2.265885195232520676e+10,-6.171333995404988393e-01,6.171333995404988393e-01,9.999999498379100737e-01
3.643071342000000000e+09,2.289009232906141663e+10,7.062389747210454649e-01,7.062389747210454649e-01,9.999999493259952299e-01
3.680249976000000000e+09,2.312369257595122528e+10,7.862960538928822629e-01,7.862960538928822629e-01,9.999999488088516797e-01
3.717808030000000000e+09,2.335967678901028061e+10,8.535480636758381312e-01,8.535480636758381312e-01,9.999999482864314615e-01
3.755749375000000000e+09,2.359806929044891357e+10,-9.112301922691465883e-01,9.112301922691465883e-01,9.999999477586748453e-01
3.794077923000000000e+09,2.383889466008804321e+10,-9.537964373441385479e-01,9.537964373441385479e-01,9.999999472255360899e-01
3.832797625000000000e+09,2.408217772279281235e+10,-9.826340660692928219e-01,9.826340660692928219e-01,9.999999466869574638e-01
3.871912473000000000e+09,2.432794356103897476e+10,-9.971656883976048880e-01,9.971656883976048880e-01,9.999999461428815684e-01
3.911426500000000000e+09,2.457621751491287231e+10,9.939652321115330924e-01,9.939652321115330924e-01,9.999999455932597758e-01
3.951343780000000000e+09,2.482702518211144638e+10,9.757035265266095214e-01,9.757035265266095214e-01,9.999999450380239185e-01
3.991668427000000000e+09,2.508039241165904999e+10,-9.390399346525808433e-01,9.390399346525808433e-01,9.999999444771137114e-01
4.032404599000000000e+09,2.533634532904019165e+10,-8.875220787211826057e-01,8.875220787211826057e-01,9.999999439104878540e-01
4.073556497000000000e+09,2.559491032991634369e+10,-8.179334927436098246e-01,8.179334927436098246e-01,9.999999433380777347e-01
4.115128361000000000e+09,2.585611405499321365e+10,-7.345410401226331043e-01,7.345410401226331043e-01,9.999999427598263990e-01
4.157124479000000000e+09,2.611998344656939316e+10,-6.368933824141015387e-01,6.368933824141015387e-01,9.999999421756736728e-01
4.199549180000000000e+09,2.638654570455408096e+10,5.252344591048203615e-01,5.252344591048203615e-01,9.999999415855629348e-01
4.242406838000000000e+09,2.665582831159980774e+10,4.039253671807923052e-01,4.039253671807923052e-01,9.999999409894259061e-01
4.285701871000000000e+09,2.692785902681926346e+10,-2.720073296834849552e-01,2.720073296834849552e-01,9.999999403872033010e-01
4.329438743000000000e+09,2.720266589835165787e+10,-1.330069742046764980e-01,1.330069742046764980e-01,9.999999397788371658e-01
4.373621963000000000e+09,2.748027725707954025e+10,8.670499611380961397e-03,-8.670499611380961397e-03,9.999999391642635516e-01
4.418256085000000000e+09,2.776072171662879944e+10,1.518530378377312973e-01,-1.518530378377312973e-01,9.999999385434171773e-01
4.463345713000000000e+09,2.804402820478459549e+10,2.928562863091150881e-01,-2.928562863091150881e-01,9.999999379162360924e-01
4.508895493000000000e+09,2.833022591322585678e+10,4.312250428030135474e-01,-4.312250428030135474e-01,9.999999372826519073e-01
4.554910123000000000e+09,2.861934436035716248e+10,5.597508133672391972e-01,-5.597508133672391972e-01,9.999999366426035596e-01
4.601394345000000000e+09,2.891141334104323578e+10,6.765031842182044342e-01,-6.765031842182044342e-01,9.999999359960235479e-01
4.648352953000000000e+09,2.920646297687444305e+10,7.796410629927348346e-01,-7.796410629927348346e-01,9.999999353428435933e-01
4.695790788000000000e+09,2.950452368475085068e+10,-8.652014462717924070e-01,-8.652014462717924070e-01,9.999999346829950841e-01
4.743712740000000000e+09,2.980562618944861603e+10,-9.305862218305385181e-01,-9.305862218305385181e-01,9.999999340164151818e-01
4.792123750000000000e+09,3.010980153618634033e+10,-9.746384106681009740e-01,-9.746384106681009740e-01,9.999999333430337201e-01
4.841028809000000000e+09,3.041708108434189224e+10,9.955337908181596251e-01,-9.955337908181596251e-01,9.999999326627863061e-01
4.890432959000000000e+09,3.072749651373558807e+10,9.920870920319875275e-01,-9.920870920319875275e-01,9.999999319755906724e-01
4.940341292000000000e+09,3.104107981834701538e+10,-9.603966904120992965e-01,-9.603966904120992965e-01,9.999999312813743213e-01
4.990758956000000000e+09,3.135786334401412964e+10,-9.040092469472749137e-01,-9.040092469472749137e-01,9.999999305800812976e-01
5.041691146000000000e+09,3.167787973188460922e+10,-8.249505870136863983e-01,-8.249505870136863983e-01,9.999999298716305551e-01
5.093143115000000000e+09,3.200116198753086853e+10,7.196638020321934892e-01,-7.196638020321934892e-01,9.999999291559544812e-01
5.145120167000000000e+09,3.232774343696777725e+10,5.939508108994947522e-01,-5.939508108994947522e-01,9.999999284329710303e-01
5.197627660000000000e+09,3.265765774550221252e+10,-4.503130759987742926e-01,-4.503130759987742926e-01,9.999999277026054845e-01
5.250671008000000000e+09,3.299093893029942703e+10,-2.915659797277080356e-01,-2.915659797277080356e-01,9.999999269647893430e-01
5.304255679000000000e+09,3.332762134781668091e+10,1.232149217232028915e-01,-1.232149217232028915e-01,9.999999262194454452e-01
5.358387197000000000e+09,3.366773970636960602e+10,-5.121340438119639099e-02,5.121340438119639099e-02,9.999999254664923010e-01
5.413071144000000000e+09,3.401132907869859314e+10,2.259019614644179330e-01,2.259019614644179330e-01,9.999999247058569685e-01
5.468313157000000000e+09,3.435842488311921692e+10,-3.947093360649447380e-01,3.947093360649447380e-01,9.999999239374562920e-01
5.524118932000000000e+09,3.470906290865499115e+10,5.521344938165400063e-01,5.521344938165400063e-01,9.999999231612179962e-01
5.580494221000000000e+09,3.506327929618778992e+10,-6.930644609542638834e-01,6.930644609542638834e-01,9.999999223770540402e-01
5.637444836000000000e+09,3.542111056359062958e+10,8.146963636055915003e-01,8.146963636055915003e-01,9.999999215848912604e-01
5.694976650000000000e+09,3.578259361201081848e+10,9.064716322099296564e-01,9.064716322099296564e-01,9.999999207846436144e-01
5.753095593000000000e+09,3.614776570073722839e+10,-9.690813936165054709e-01,9.690813936165054709e-01,9.999999199762228397e-01
5.811807658000000000e+09,3.651666448489939880e+10,9.962035028459936825e-01,9.962035028459936825e-01,9.999999191595613235e-01
5.871118896000000000e+09,3.688932798405163574e+10,9.877249115907478227e-01,9.877249115907478227e-01,9.999999183345622544e-01
5.931035424000000000e+09,3.726579463243844604e+10,9.423876023860899842e-01,9.423876023860899842e-01,9.999999175011424768e-01
5.991563418000000000e+09,3.764610323501229858e+10,8.613314762316183204e-01,8.613314762316183204e-01,9.999999166592177247e-01
6.052709118000000000e+09,3.803029299884951019e+10,7.453804481990320419e-01,7.453804481990320419e-01,9.999999158086996243e-01
6.114478828000000000e+09,3.841840353315025330e+10,6.002894952720980726e-01,6.002894952720980726e-01,9.999999149495019113e-01
6.176878917000000000e+09,3.881047485552175140e+10,-4.280825010375957085e-01,4.280825010375957085e-01,9.999999140815353238e-01
6.239915817000000000e+09,3.920654737941190338e+10,-2.357211998183446622e-01,2.357211998183446622e-01,9.999999132047128203e-01
6.303596027000000000e+09,3.960666193924201202e+10,-3.223295268274958825e-02,3.223295268274958825e-02,9.999999123189403649e-01
6.367926114000000000e+09,4.001085979669000244e+10,-1.731670901525847461e-01,-1.731670901525847461e-01,9.999999114241294729e-01
6.432912708000000000e+09,4.041918260927444458e+10,-3.735448867845577170e-01,-3.735448867845577170e-01,9.999999105201868854e-01
6.498562510000000000e+09,4.083167248062009430e+10,-5.620179853607326637e-01,-5.620179853607326637e-01,9.999999096070197879e-01
6.564882287000000000e+09,4.124837192904191589e+10,7.244280578093139633e-01,-7.244280578093139633e-01,9.999999086845358098e-01
6.631878878000000000e+09,4.166932392524423981e+10,-8.543535948421030479e-01,-8.543535948421030479e-01,9.999999077526314784e-01
6.699559190000000000e+09,4.209457186718797302e+10,-9.462617450218713255e-01,-9.462617450218713255e-01,9.999999068112195300e-01
6.767930199000000000e+09,4.252415958637380981e+10,9.925024225228894492e-01,-9.925024225228894492e-01,9.999999058602055957e-01
6.836998954000000000e+09,4.295813137297499847e+10,-9.891581779342204506e-01,-9.891581779342204506e-01,9.999999048994770989e-01
6.906772577000000000e+09,4.339653197583728790e+10,9.383718190674867898e-01,-9.383718190674867898e-01,9.999999039289536595e-01
6.977258261000000000e+09,4.383940658991259003e+10,8.373903696250383222e-01,-8.373903696250383222e-01,9.999999029485204805e-01
7.048463272000000000e+09,4.428680086882534790e+10,-6.916953517817219232e-01,-6.916953517817219232e-01,9.999999019580775306e-01
7.120394952000000000e+09,4.473876094372209167e+10,-5.068917765986120649e-01,-5.068917765986120649e-01,9.999999009575318842e-01
7.193060716000000000e+09,4.519533340442187500e+10,-2.912646228910347190e-01,-2.912646228910347190e-01,9.999998999467750727e-01
7.266468056000000000e+09,4.565656532454901123e+10,-5.954036138438711240e-02,-5.954036138438711240e-02,9.999998989257042892e-01
7.340624540000000000e+09,4.612250425524990845e+10,1.785144690381556543e-01,1.785144690381556543e-01,9.999998978942117311e-01
7.415537813000000000e+09,4.659319823147624207e+10,-4.099133309232663724e-01,4.099133309232663724e-01,9.999998968521927045e-01
7.491215599000000000e+09,4.706869578455132294e+10,-6.162656398185948348e-01,6.162656398185948348e-01,9.999998957995390736e-01
7.567665698000000000e+09,4.754904592332054901e+10,7.913046676514160493e-01,7.913046676514160493e-01,9.999998947361460333e-01
7.644895995000000000e+09,4.803429819070006561e+10,-9.153190575695908660e-01,9.153190575695908660e-01,9.999998936618931245e-01
7.722914449000000000e+09,4.852450259456172943e+10,-9.847540098047424806e-01,9.847540098047424806e-01,9.999998925766825364e-01
7.801729105000000000e+09,4.901970968313134003e+10,-9.914008566124921096e-01,9.914008566124921096e-01,9.999998914803960304e-01
7.881348088000000000e+09,4.951997050728952789e+10,9.332018065542527774e-01,9.332018065542527774e-01,9.999998903729281352e-01
7.961779607000000000e+09,5.002533664570446014e+10,-8.124071164341994944e-01,8.124071164341994944e-01,9.999998892541471784e-01
8.043031954000000000e+09,5.053586019854872131e+10,6.362589349914473669e-01,6.362589349914473669e-01,9.999998881239575699e-01
8.125113505000000000e+09,5.105159379378243256e+10,-4.117351316344369239e-01,4.117351316344369239e-01,9.999998869822275260e-01
8.208032723000000000e+09,5.157259060600285339e+10,-1.551683635754092516e-01,1.551683635754092516e-01,9.999998858288482451e-01
8.291798156000000000e+09,5.209890434387798309e+10,-1.137836122695022739e-01,-1.137836122695022739e-01,9.999998846636991567e-01
8.376418441000000000e+09,5.263058927527933502e+10,3.764208342246287975e-01,-3.764208342246287975e-01,9.999998834866608011e-01
8.461902301000000000e+09,5.316770020843233490e+10,6.155810516018691558e-01,-6.155810516018691558e-01,9.999998822976096102e-01
8.548258550000000000e+09,5.371029252333227539e+10,-8.071908471700501853e-01,-8.071908471700501853e-01,9.999998810964182416e-01
8.635496090000000000e+09,5.425842215289476776e+10,-9.392523168356794461e-01,-9.392523168356794461e-01,9.999998798829731195e-01
8.723623915000000000e+09,5.481214560808846283e+10,9.967086407422254268e-01,-9.967086407422254268e-01,9.999998786571483445e-01
8.812651111000000000e+09,5.537151997793505859e+10,9.701802428609769269e-01,-9.701802428609769269e-01,9.999998774188110229e-01
8.902586857000000000e+09,5.593660293579249573e+10,8.658607079217942593e-01,-8.658607079217942593e-01,9.999998761678350334e-01
8.993440423000000000e+09,5.650745272678856659e+10,6.857861863333063468e-01,-6.857861863333063468e-01,9.999998749040911461e-01
9.085221177000000000e+09,5.708412821180323029e+10,4.434443073174920702e-01,-4.434443073174920702e-01,9.999998736274506861e-01
9.177938582000000000e+09,5.766668884861904907e+10,-1.590392112565319482e-01,-1.590392112565319482e-01,9.999998723377795384e-01
9.271602195000000000e+09,5.825519468563800049e+10,-1.411345300177282436e-01,1.411345300177282436e-01,9.999998710349508046e-01
9.366221674000000000e+09,5.884970640586378479e+10,4.315187513960532795e-01,4.315187513960532795e-01,9.999998697188272612e-01
9.461806773000000000e+09,5.945028529548589325e+10,-6.849446106863170680e-01,6.849446106863170680e-01,9.999998683892669105e-01
9.558367346000000000e+09,6.005699326901233673e+10,8.750642479337855661e-01,8.750642479337855661e-01,9.999998670461477390e-01
9.655913349000000000e+09,6.066989288183602905e+10,-9.805334440561325193e-01,9.805334440561325193e-01,9.999998656893100968e-01
9.754454838000000000e+09,6.128904731766843414e+10,9.889315346318902078e-01,9.889315346318902078e-01,9.999998643186351899e-01
9.854001973000000000e+09,6.191452041367225647e+10,-8.958923131151509400e-01,8.958923131151509400e-01,9.999998629339627021e-01
9.954565015000000000e+09,6.254637664161193848e+10,-7.096782067980685893e-01,7.096782067980685893e-01,9.999998615351654019e-01
1.005615433400000000e+10,6.318468115811911774e+10,4.439453064407239413e-01,4.439453064407239413e-01,9.999998601220964067e-01
1.015878040300000000e+10,6.382949976699351501e+10,-1.288827122403718717e-01,1.288827122403718717e-01,9.999998586945990642e-01
1.026245380100000000e+10,6.448089893805249786e+10,2.029752833184141902e-01,-2.029752833184141902e-01,9.999998572525383711e-01
1.036718521700000000e+10,6.513894583226380920e+10,5.144786936466012595e-01,-5.144786936466012595e-01,9.999998557957620049e-01
1.047298544800000000e+10,6.580370828917921448e+10,-7.720491165479167472e-01,-7.720491165479167472e-01,9.999998543241127580e-01
1.057986540300000000e+10,6.647525485206723022e+10,9.406306853204504659e-01,-9.406306853204504659e-01,9.999998528374528517e-01
1.068783610000000000e+10,6.715365474906356812e+10,-9.976204563784387691e-01,-9.976204563784387691e-01,9.999998513356112007e-01
1.079690867000000000e+10,6.783897791830388641e+10,-9.326532095226993668e-01,-9.326532095226993668e-01,9.999998498184509144e-01
1.090709435800000000e+10,6.853129501420696259e+10,-7.492717515581999166e-01,-7.492717515581999166e-01,9.999998482858042381e-01
1.101840452400000000e+10,6.923067741375788879e+10,-4.693185235295392888e-01,-4.693185235295392888e-01,9.999998467375182942e-01
1.113085064400000000e+10,6.993719722279122925e+10,-1.271586408951730918e-01,-1.271586408951730918e-01,9.999998451734318783e-01
1.124444431000000000e+10,7.065092727599110413e+10,2.362821886944488081e-01,2.362821886944488081e-01,9.999998435933851182e-01
1.135919723400000000e+10,7.137194116202380371e+10,5.723306355192671058e-01,5.723306355192671058e-01,9.999998419972125907e-01
1.147512124500000000e+10,7.210031320468832397e+10,-8.311488956651554849e-01,8.311488956651554849e-01,9.999998403847447648e-01
1.159222829600000000e+10,7.283611850689865112e+10,9.758410958469820873e-01,9.758410958469820873e-01,9.999998387558299839e-01
1.171053045900000000e+10,7.357943291926782227e+10,-9.823618354085121851e-01,9.823618354085121851e-01,9.999998371102828409e-01
1.183003993200000000e+10,7.433033308409019470e+10,8.428001091613458451e-01,8.428001091613458451e-01,9.999998354479522344e-01
1.195076903400000000e+10,7.508889640392558289e+10,5.767741793559370000e-01,5.767741793559370000e-01,9.999998337686510919e-01
1.207273021300000000e+10,7.585520109186466980e+10,-2.212052222896909170e-01,2.212052222896909170e-01,9.999998320722104372e-01
1.219593604300000000e+10,7.662932615267953491e+10,1.751768925615375117e-01,-1.751768925615375117e-01,9.999998303584607395e-01
1.232039922400000000e+10,7.741135138282357788e+10,-5.452909764933999703e-01,-5.452909764933999703e-01,9.999998286272200332e-01
1.244613259000000000e+10,7.820135742069700623e+10,-8.296805095192336665e-01,-8.296805095192336665e-01,9.999998268783102384e-01
1.257314910300000000e+10,7.899942570894779968e+10,9.819657446326799377e-01,-9.819657446326799377e-01,9.999998251115593817e-01
1.270146185700000000e+10,7.980563851960433960e+10,9.680673019862255924e-01,-9.680673019862255924e-01,9.999998233267749503e-01
1.283108408100000000e+10,8.062007897292507935e+10,7.889958300620992793e-01,-7.889958300620992793e-01,9.999998215237743127e-01
1.296202913900000000e+10,8.144283103739846802e+10,4.672300899595160373e-01,-4.672300899595160373e-01,9.999998197023733937e-01
1.309431053000000000e+10,8.227397952974293518e+10,-5.965057550195037445e-02,-5.965057550195037445e-02,9.999998178623820122e-01
1.322794189300000000e+10,8.311361014632292175e+10,-3.616124977675218566e-01,3.616124977675218566e-01,9.999998160036162043e-01
1.336293700400000000e+10,8.396180944429919434e+10,7.200068911067102340e-01,7.200068911067102340e-01,9.999998141258841233e-01
1.349930978000000000e+10,8.481866486676168823e+10,9.464432652329106688e-01,9.464432652329106688e-01,9.999998122289874836e-01
1.363707428100000000e+10,8.568426475529582214e+10,-9.899899317495539641e-01,9.899899317495539641e-01,9.999998103127258897e-01
1.377624471100000000e+10,8.655869835626568604e+10,-8.368151495141769036e-01,8.368151495141769036e-01,9.999998083769155999e-01
1.391683541600000000e+10,8.744205580824771118e+10,5.144652616314762117e-01,5.144652616314762117e-01,9.999998064213508897e-01
1.405886089200000000e+10,8.833442819229609680e+10,8.290506528957802823e-02,8.290506528957802823e-02,9.999998044458268120e-01
1.420233578000000000e+10,8.923590750052693176e+10,-3.714302328595485703e-01,-3.714302328595485703e-01,9.999998024501394189e-01
1.434727487200000000e+10,9.014658667381727600e+10,-7.496164559789174620e-01,-7.496164559789174620e-01,9.999998004340869828e-01
1.449369311100000000e+10,9.106655960180519104e+10,9.666976136506995054e-01,-9.666976136506995054e-01,9.999997983974665550e-01
1.464160559300000000e+10,9.199592113545605469e+10,9.699728235355831174e-01,-9.699728235355831174e-01,9.999997963400555356e-01
1.479102756500000000e+10,9.293476707449624634e+10,7.544811639123278901e-01,-7.544811639123278901e-01,9.999997942616469793e-01
1.494197443300000000e+10,9.388319421767863464e+10,3.583724018210292517e-01,-3.583724018210292517e-01,9.999997921620296104e-01
1.509446176000000000e+10,9.484130035021611023e+10,1.236005656671693292e-01,1.236005656671693292e-01,9.999997900409846041e-01
1.524850526500000000e+10,9.580918423749856567e+10,-5.817906918027364593e-01,5.817906918027364593e-01,9.999997878982912480e-01
1.540412083000000000e+10,9.678694566907501221e+10,9.000422364230357131e-01,9.000422364230357131e-01,9.999997857337392659e-01
1.556132449900000000e+10,9.777468545237052917e+10,-9.964011672735539893e-01,9.964011672735539893e-01,9.999997835470874064e-01
1.572013247900000000e+10,9.877250541896940613e+10,-8.354651699772371876e-01,8.354651699772371876e-01,9.999997813381252820e-01
1.588056114100000000e+10,9.978050843089828491e+10,-4.552098533093400512e-01,4.552098533093400512e-01,9.999997791066201902e-01
1.604262702600000000e+10,1.007987984183253479e+11,-5.104104161665803246e-02,-5.104104161665803246e-02,9.999997768523439801e-01
1.620634684200000000e+10,1.018274803607106934e+11,-5.452418215188528094e-01,-5.452418215188528094e-01,9.999997745750585088e-01
1.637173746800000000e+10,1.028666603119391174e+11,-8.947515320892073243e-01,-8.947515320892073243e-01,9.999997722745324058e-01
1.653881595500000000e+10,1.039164454066033173e+11,9.926175207162949432e-01,-9.926175207162949432e-01,9.999997699505371873e-01
1.670759952700000000e+10,1.049769438662870026e+11,8.050456321923711300e-01,-8.050456321923711300e-01,9.999997676028186122e-01
1.687810558700000000e+10,1.060482650372640839e+11,3.792656626118274810e-01,-3.792656626118274810e-01,9.999997652311390928e-01
1.705035171200000000e+10,1.071305193590827026e+11,1.657124235851372140e-01,1.657124235851372140e-01,9.999997628352575996e-01
1.722435566000000000e+10,1.082238184085475464e+11,6.644038660379391059e-01,6.644038660379391059e-01,9.999997604149276631e-01
1.740013537100000000e+10,1.093282749060030212e+11,-9.609061079094148861e-01,9.609061079094148861e-01,9.999997579698919337e-01
1.757770896600000000e+10,1.104440027090500793e+11,9.538447556398661487e-01,9.538447556398661487e-01,9.999997554999124905e-01
1.775709475300000000e+10,1.115711168502453308e+11,-6.321653558411840512e-01,6.321653558411840512e-01,9.999997530047168848e-01
1.793831122600000000e+10,1.127097335308178253e+11,1.007529645086230607e-01,1.007529645086230607e-01,9.999997504840651974e-01
1.812137706700000000e+10,1.138599701332355042e+11,4.704503800780930334e-01,-4.704503800780930334e-01,9.999997479376870890e-01
1.830631115000000000e+10,1.150219452463378296e+11,-8.834795191872284459e-01,-8.834795191872284459e-01,9.999997453653182156e-01
1.849313254100000000e+10,1.161957786653358917e+11,9.911874994234585179e-01,-9.911874994234585179e-01,9.999997427667066674e-01
1.868186050000000000e+10,1.173815914043786774e+11,-7.415933425220546660e-01,-7.415933425220546660e-01,9.999997401415648968e-01
1.887251448400000000e+10,1.185795057154027252e+11,-2.188464829669344303e-01,-2.188464829669344303e-01,9.999997374896391067e-01
1.906511415000000000e+10,1.197896451069816284e+11,3.890059802901563168e-01,3.890059802901563168e-01,9.999997348106507422e-01
1.925967935300000000e+10,1.210121343317596436e+11,-8.564051311488631857e-01,8.564051311488631857e-01,9.999997321043194720e-01
1.945623015200000000e+10,1.222470994241508484e+11,9.924433701929480378e-01,9.924433701929480378e-01,9.999997293703755119e-01
1.965478681000000000e+10,1.234946677003391266e+11,7.385700689578031941e-01,7.385700689578031941e-01,9.999997266085246528e-01
1.985536979900000000e+10,1.247549677896940918e+11,-1.845312863528227876e-01,1.845312863528227876e-01,9.999997238184883397e-01
2.005799979800000000e+10,1.260281296222047119e+11,-4.527507067212296343e-01,-4.527507067212296343e-01,9.999997209999796910e-01
2.026269769600000000e+10,1.273142844473288574e+11,-9.038074376647763364e-01,-9.038074376647763364e-01,9.999997181527074952e-01
2.046948459800000000e+10,1.286135648716924438e+11,-9.714759213933578108e-01,-9.714759213933578108e-01,9.999997152763788755e-01
2.067838182100000000e+10,1.299261048339566498e+11,6.147041559237561570e-01,-6.147041559237561570e-01,9.999997123707027313e-01
2.088941090400000000e+10,1.312520396676498413e+11,1.685274633884396162e-02,1.685274633884396162e-02,9.999997094353643146e-01
2.110259360200000000e+10,1.325915060634683380e+11,6.475929756989842190e-01,6.475929756989842190e-01,9.999997064700758553e-01
2.131795189300000000e+10,1.339446421132588501e+11,-9.836548317700106736e-01,9.836548317700106736e-01,9.999997034745194968e-01
2.153550798000000000e+10,1.353115873225847321e+11,8.568980350275336999e-01,8.568980350275336999e-01,9.999997004484016960e-01
2.175528429200000000e+10,1.366924826170092468e+11,3.164025152704191823e-01,3.164025152704191823e-01,9.999996973913943821e-01
2.197730348700000000e+10,1.380874703609450989e+11,3.842931415961509112e-01,-3.842931415961509112e-01,9.999996943031935759e-01
2.220158845500000000e+10,1.394966943765039368e+11,8.965415723441605422e-01,-8.965415723441605422e-01,9.999996911834756474e-01
2.242816231700000000e+10,1.409202999372132568e+11,9.583718008010150280e-01,-9.583718008010150280e-01,9.999996880319198533e-01
2.265704843400000000e+10,1.423584338245650635e+11,-5.210343252544221704e-01,-5.210343252544221704e-01,9.999996848481982337e-01
2.288827040300000000e+10,1.438112443028829956e+11,-1.964256878416636432e-01,1.964256878416636432e-01,9.999996816319908222e-01
2.312185206100000000e+10,1.452788811444552307e+11,-8.154682725942781207e-01,8.154682725942781207e-01,9.999996783829570024e-01
2.335781748900000000e+10,1.467614956546671753e+11,-9.860502725824824566e-01,9.860502725824824566e-01,9.999996751007691476e-01
2.359619101600000000e+10,1.482592406971341553e+11,6.053528700718494582e-01,6.053528700718494582e-01,9.999996717850905270e-01
2.383699721600000000e+10,1.497722706748518982e+11,-1.255667260621206038e-01,-1.255667260621206038e-01,9.999996684355666465e-01
2.408026091500000000e+10,1.513007415741788635e+11,7.885508171911209674e-01,-7.885508171911209674e-01,9.999996650518662156e-01
2.432600719300000000e+10,1.528448109774025269e+11,9.880653205488965085e-01,-9.880653205488965085e-01,9.999996616336308541e-01
2.457426138600000000e+10,1.544046380753058472e+11,-5.875452988540610377e-01,-5.875452988540610377e-01,9.999996581805079554e-01
2.482504908700000000e+10,1.559803836734504089e+11,-1.788171089017900339e-01,1.788171089017900339e-01,9.999996546921506857e-01
2.507839615200000000e+10,1.575722102298754883e+11,8.393553831303209867e-01,8.393553831303209867e-01,9.999996511681938927e-01
2.533432869900000000e+10,1.591802818488149109e+11,-9.647649263876485470e-01,9.647649263876485470e-01,9.999996476082675390e-01
2.559287311500000000e+10,1.608047643246794434e+11,-4.584408911396186115e-01,4.584408911396186115e-01,9.999996440120185737e-01
2.585405605400000000e+10,1.624458251294902344e+11,-3.578174371152931799e-01,-3.578174371152931799e-01,9.999996403790679667e-01
2.611790444300000000e+10,1.641036334505780334e+11,9.370589592060767359e-01,-9.370589592060767359e-01,9.999996367090446814e-01
2.638444548400000000e+10,1.657783602031495972e+11,-8.707873755594248699e-01,-8.707873755594248699e-01,9.999996330015603618e-01
2.665370665600000000e+10,1.674701780428539429e+11,-1.864904299432376955e-01,-1.864904299432376955e-01,9.999996292562456368e-01
2.692571571900000000e+10,1.691792613909152222e+11,-6.349506282562913384e-01,6.349506282562913384e-01,9.999996254727071543e-01
2.720050071700000000e+10,1.709057864529822083e+11,-9.978319971496405483e-01,9.978319971496405483e-01,9.999996216505563362e-01
2.747808997700000000e+10,1.726499312128450623e+11,-6.147257574469728869e-01,6.147257574469728869e-01,9.999996177894024951e-01
2.775851211900000000e+10,1.744118754952672729e+11,2.403058836365845885e-01,-2.403058836365845885e-01,9.999996138888450625e-01
2.804179605300000000e+10,1.761918009471361084e+11,9.134638865413469144e-01,-9.134638865413469144e-01,9.999996099484824708e-01
2.832797098400000000e+10,1.779898910688784485e+11,-8.686124196281181931e-01,-8.686124196281181931e-01,9.999996059678986082e-01
2.861706641700000000e+10,1.798063312458767700e+11,1.218989273294212305e-01,-1.218989273294212305e-01,9.999996019467021213e-01
2.890911215400000000e+10,1.816413087296195984e+11,7.305921427555063241e-01,7.305921427555063241e-01,9.999995978844656852e-01
2.920413830700000000e+10,1.834950127193829041e+11,-9.767886821040550061e-01,9.767886821040550061e-01,9.999995937807684143e-01
2.950217528900000000e+10,1.853676343056814575e+11,-3.881117653474198681e-01,3.881117653474198681e-01,9.999995896351961955e-01
2.980325382800000000e+10,1.872593665582333679e+11,-5.406685462945601817e-01,-5.406685462945601817e-01,9.999995854473170409e-01
3.010740496400000000e+10,1.891704045071105347e+11,-9.977266310792598514e-01,-9.977266310792598514e-01,9.999995812166978526e-01
3.041466005300000000e+10,1.911009451678714905e+11,5.560391306332717054e-01,-5.560391306332717054e-01,9.999995769429106396e-01
3.072505077300000000e+10,1.930511875792603760e+11,-4.006509392556393823e-01,4.006509392556393823e-01,9.999995726255025419e-01
3.103860912200000000e+10,1.950213327906406860e+11,9.871438170903261700e-01,9.871438170903261700e-01,9.999995682640385741e-01
3.135536742900000000e+10,1.970115839311101685e+11,-6.364107473611568810e-01,6.364107473611568810e-01,9.999995638580579937e-01
3.167535834900000000e+10,1.990221461780850220e+11,3.365529790293387280e-01,-3.365529790293387280e-01,9.999995594071202643e-01
3.199861487300000000e+10,2.010532268201317749e+11,9.814556723511909109e-01,-9.814556723511909109e-01,9.999995549107573156e-01
3.232517032600000000e+10,2.031050352444007568e+11,-6.381892992048860958e-01,-6.381892992048860958e-01,9.999995503685042975e-01
3.265505837500000000e+10,2.051777829868916931e+11,-3.623415361678671842e-01,3.623415361678671842e-01,9.999995457799012444e-01
3.298831303100000000e+10,2.072716837450200806e+11,-9.910258426931568554e-01,9.910258426931568554e-01,9.999995411444678739e-01
3.332496865000000000e+10,2.093869533839003296e+11,5.661781481947902872e-01,5.661781481947902872e-01,9.999995364617337845e-01
3.366505994100000000e+10,2.115238099866112671e+11,4.748333537943024707e-01,-4.748333537943024707e-01,9.999995317312084797e-01
3.400862196500000000e+10,2.136824738479129333e+11,9.963333804306917507e-01,-9.963333804306917507e-01,9.999995269524080133e-01
3.435569014300000000e+10,2.158631675245121460e+11,3.982763665517367047e-01,-3.982763665517367047e-01,9.999995221248367816e-01
3.470630025600000000e+10,2.180661158350623169e+11,6.597992616343981709e-01,6.597992616343981709e-01,9.999995172479994032e-01
3.506048844900000000e+10,2.202915458852963867e+11,-9.545147775375182331e-01,9.545147775375182331e-01,9.999995123213900605e-01
3.541829124000000000e+10,2.225396871245754395e+11,1.158948649274503528e-01,1.158948649274503528e-01,9.999995073445089311e-01
3.577974551500000000e+10,2.248107713144726868e+11,8.681040174678423815e-01,-8.681040174678423815e-01,9.999995023168383179e-01
3.614488853900000000e+10,2.271050325978886108e+11,7.853579787318174521e-01,-7.853579787318174521e-01,9.999994972378573044e-01
3.651375795800000000e+10,2.294227075116172791e+11,2.822870736198530572e-01,2.822870736198530572e-01,9.999994921070410880e-01
3.688639179900000000e+10,2.317640349863463745e+11,-9.942381281018977113e-01,9.942381281018977113e-01,9.999994869238639783e-01
3.726282848000000000e+10,2.341292564094890442e+11,4.184443909590331856e-01,4.184443909590331856e-01,9.999994816877996184e-01
3.764310681000000000e+10,2.365186156251838379e+11,-7.129636284330416185e-01,-7.129636284330416185e-01,9.999994763982903434e-01
3.802726599500000000e+10,2.389323589719938965e+11,8.891509670798325438e-01,-8.891509670798325438e-01,9.999994710548109067e-01
3.841534563900000000e+10,2.413707352891901855e+11,-1.523240316688316831e-01,1.523240316688316831e-01,9.999994656567900986e-01
3.880738575300000000e+10,2.438339959733000183e+11,-9.864278715309660051e-01,9.864278715309660051e-01,9.999994602036836877e-01
3.920342675300000000e+10,2.463223949655407104e+11,-4.251039636227130769e-01,4.251039636227130769e-01,9.999994546949311225e-01
3.960350947000000000e+10,2.488361888146516113e+11,-7.521180076146029014e-01,-7.521180076146029014e-01,9.999994491299563082e-01
4.000767515100000000e+10,2.513756366831770325e+11,8.291409846313795295e-01,-8.291409846313795295e-01,9.999994435081983601e-01
4.041596546400000000e+10,2.539410003788823853e+11,3.323380808308090684e-01,3.323380808308090684e-01,9.999994378290613106e-01
4.082842250200000000e+10,2.565325443798868103e+11,9.921079316790974989e-01,9.921079316790974989e-01,9.999994320919710633e-01
4.124508878800000000e+10,2.591505358660791016e+11,1.192411582410559945e-01,1.192411582410559945e-01,9.999994262963285419e-01
4.166600727800000000e+10,2.617952447379673157e+11,-9.450917871257933367e-01,-9.450917871257933367e-01,9.999994204415412202e-01
4.209122136800000000e+10,2.644669436606610413e+11,-5.007159641525460447e-01,-5.007159641525460447e-01,9.999994145270073576e-01
4.252077489400000000e+10,2.671659080638714294e+11,7.583610283163380039e-01,7.583610283163380039e-01,9.999994085521165532e-01
4.295471214300000000e+10,2.698924162110261536e+11,-7.640891690371278688e-01,7.640891690371278688e-01,9.999994025162439737e-01
4.339307785200000000e+10,2.726467491929863281e+11,-5.164176475355015672e-01,-5.164176475355015672e-01,9.999993964187796625e-01
4.383591721400000000e+10,2.754291909657454834e+11,-9.154506371794213226e-01,-9.154506371794213226e-01,9.999993902590870176e-01
4.428327588500000000e+10,2.782400283944121094e+11,-2.771097834507962321e-01,2.771097834507962321e-01,9.999993840365373199e-01
4.473519998400000000e+10,2.810795512532092896e+11,9.815885016432047694e-01,9.815885016432047694e-01,9.999993777504869730e-01
4.519173610500000000e+10,2.839480523008732300e+11,7.723602628599440800e-02,-7.723602628599440800e-02,9.999993714002788359e-01
4.565293131400000000e+10,2.868458272618036499e+11,-9.977069831955946988e-01,-9.977069831955946988e-01,9.999993649852660926e-01
4.611883315800000000e+10,2.897731748826123047e+11,-6.357835224730942758e-02,-6.357835224730942758e-02,9.999993585047930456e-01
4.658948966900000000e+10,2.927303969572559204e+11,-9.911659311184789489e-01,9.911659311184789489e-01,9.999993519581811263e-01
4.706494937200000000e+10,2.957177983773015137e+11,1.449826124323926047e-01,1.449826124323926047e-01,9.999993453447637570e-01
4.754526128300000000e+10,2.987356871193600464e+11,9.828798112292386202e-01,-9.828798112292386202e-01,9.999993386638555970e-01
4.803047492100000000e+10,3.017843743204848022e+11,1.624451521352799077e-01,-1.624451521352799077e-01,9.999993319147629789e-01
4.852064031000000000e+10,3.048641742907375488e+11,9.876176481554219677e-01,9.876176481554219677e-01,9.999993250967982306e-01
4.901580798400000000e+10,3.079754045446046753e+11,1.186617152299717926e-01,1.186617152299717926e-01,9.999993182092526967e-01
4.951602899100000000e+10,3.111183858261296387e+11,9.965377953206329131e-01,-9.965377953206329131e-01,9.999993112514206084e-01
5.002135490500000000e+10,3.142934421843115234e+11,8.157159525219391180e-03,-8.157159525219391180e-03,9.999993042225808759e-01
5.053183782000000000e+10,3.175009009354057617e+11,9.941239149710132672e-01,9.941239149710132672e-01,9.999992971220134086e-01
5.104753036700000000e+10,3.207410927697381592e+11,1.667133372593224694e-01,-1.667133372593224694e-01,9.999992899489794640e-01
5.156848571100000000e+10,3.240143517328556519e+11,9.576430496387093871e-01,-9.576430496387093871e-01,9.999992827027470721e-01
5.209475756000000000e+10,3.273210152820746460e+11,4.006834134764873934e-01,4.006834134764873934e-01,9.999992753825637237e-01
5.262640017100000000e+10,3.306614243241804810e+11,-8.436755669335738173e-01,8.436755669335738173e-01,9.999992679876732460e-01
5.316346835400000000e+10,3.340359232405596924e+11,-6.636995357089885417e-01,-6.636995357089885417e-01,9.999992605173216864e-01
5.370601747900000000e+10,3.374448599311828613e+11,6.102299015960063189e-01,-6.102299015960063189e-01,9.999992529707366629e-01
5.425410348000000000e+10,3.408885858397368774e+11,8.954834405519938034e-01,8.954834405519938034e-01,9.999992453471343579e-01
5.480778286300000000e+10,3.443674560038907471e+11,-2.329001790972211328e-01,2.329001790972211328e-01,9.999992376457293997e-01
5.536711271000000000e+10,3.478818290804281006e+11,-9.972799303530028858e-01,-9.972799303530028858e-01,9.999992298657304213e-01
5.593215068600000000e+10,3.514320673892297974e+11,2.551858591633472395e-01,2.551858591633472395e-01,9.999992220063420589e-01
5.650295504400000000e+10,3.550185369446895142e+11,8.592321028333389510e-01,8.592321028333389510e-01,9.999992140667448570e-01
5.707958463100000000e+10,3.586416074934129028e+11,7.345266498420002232e-01,-7.345266498420002232e-01,9.999992060461208032e-01
5.766209889600000000e+10,3.623016525644834595e+11,-4.152890780305256158e-01,-4.152890780305256158e-01,9.999991979436420042e-01
5.825055789300000000e+10,3.659990494883114624e+11,-9.923118743626453409e-01,9.923118743626453409e-01,9.999991897584789013e-01
5.884502229100000000e+10,3.697341794594664307e+11,2.513567010111235622e-01,-2.513567010111235622e-01,9.999991814897890574e-01
5.944555337700000000e+10,3.735074275555262451e+11,8.087314318739741159e-01,-8.087314318739741159e-01,9.999991731367140479e-01
6.005221306100000000e+10,3.773191827684932251e+11,-8.482173370180516869e-01,8.482173370180516869e-01,9.999991646983892313e-01
6.066506389000000000e+10,3.811698380927588501e+11,1.405895397783826495e-01,1.405895397783826495e-01,9.999991561739589585e-01
6.128416904500000000e+10,3.850597905062540283e+11,9.547353292060656305e-01,-9.547353292060656305e-01,9.999991475625329418e-01
6.190959235400000000e+10,3.889894410521304321e+11,6.739460746357082144e-01,6.739460746357082144e-01,9.999991388632248901e-01
6.254139829500000000e+10,3.929591948576104126e+11,-3.484391317719617298e-01,3.484391317719617298e-01,9.999991300751359669e-01
6.317965200500000000e+10,3.969694611905352783e+11,9.881156008924303347e-01,-9.881156008924303347e-01,9.999991211973693339e-01
6.382441928600000000e+10,4.010206534970646362e+11,6.060632471317901615e-01,6.060632471317901615e-01,9.999991122289992873e-01
6.447576660900000000e+10,4.051131894268089600e+11,-3.742036052037627791e-01,3.742036052037627791e-01,9.999991031691071175e-01
6.513376112700000000e+10,4.092474909145112915e+11,9.818525097400181423e-01,-9.818525097400181423e-01,9.999990940167613473e-01
6.579847067700000000e+10,4.134239841926132202e+11,-6.830867992628619767e-01,6.830867992628619767e-01,9.999990847710080732e-01
6.646996378700000000e+10,4.176430998352375488e+11,-2.145839912616843981e-01,2.145839912616843981e-01,9.999990754309050489e-01
6.714830968500000000e+10,4.219052728147366943e+11,9.156826862333715678e-01,-9.156826862333715678e-01,9.999990659954873795e-01
6.783357830600000000e+10,4.262109425456751099e+11,8.662192033017015458e-01,8.662192033017015458e-01,9.999990564637775137e-01
6.852584029800000000e+10,4.305605529225283813e+11,-1.486321393994433915e-01,-1.486321393994433915e-01,9.999990468347934591e-01
6.922516703200000000e+10,4.349545523825150757e+11,-6.647092789712114591e-01,-6.647092789712114591e-01,9.999990371075431206e-01
6.993163060500000000e+10,4.393933939244462891e+11,-9.977043715814493119e-01,9.977043715814493119e-01,9.999990272810270753e-01
7.064530385000000000e+10,4.438775351715574341e+11,-6.573206435576484097e-01,-6.573206435576484097e-01,9.999990173542340210e-01
7.136626034500000000e+10,4.484074384280571289e+11,8.757111022834276892e-02,-8.757111022834276892e-02,9.999990073261374457e-01
7.209457441600000000e+10,4.529835706979765015e+11,7.653709511488905326e-01,7.653709511488905326e-01,9.999989971957025103e-01
7.283032115100000000e+10,4.576064037731338501e+11,9.962586213061224161e-01,-9.962586213061224161e-01,9.999989869618837179e-01
7.357357640200000000e+10,4.622764142457011108e+11,6.919012559509363225e-01,6.919012559509363225e-01,9.999989766236248023e-01
7.432441679500000000e+10,4.669940835710356445e+11,5.391420353730601300e-02,-5.391420353730601300e-02,9.999989661798648344e-01
7.508291974000000000e+10,4.717598981305121460e+11,-5.910129159716931424e-01,-5.910129159716931424e-01,9.999989556295234561e-01
7.584916343400000000e+10,4.765743492503719482e+11,9.611815067938096480e-01,9.611815067938096480e-01,9.999989449715217527e-01
7.662322687500000000e+10,4.814379332896879883e+11,9.328751469349565451e-01,-9.328751469349565451e-01,9.999989342047480578e-01
7.740518986500000000e+10,4.863511516592142334e+11,-5.572089443428630551e-01,5.572089443428630551e-01,9.999989233280971446e-01
7.819513302200000000e+10,4.913145108967836914e+11,-5.614389059335379503e-03,-5.614389059335379503e-03,9.999989123404527946e-01
7.899313778600000000e+10,4.963285227050078125e+11,-5.258125886980185015e-01,-5.258125886980185015e-01,9.999989012406769184e-01
7.979928642700000000e+10,5.013937040015418091e+11,-8.839451630881192123e-01,8.839451630881192123e-01,9.999988900276255421e-01
8.061366205600000000e+10,5.065105769881997070e+11,-9.967264505700860200e-01,-9.967264505700860200e-01,9.999988787001462542e-01
8.143634863300000000e+10,5.116796692012199707e+11,-8.719273997597546400e-01,8.719273997597546400e-01,9.999988672570704340e-01
8.226743097300000000e+10,5.169015135489644165e+11,5.726640313354102174e-01,-5.726640313354102174e-01,9.999988556972188025e-01
8.310699475800000000e+10,5.221766483873164673e+11,1.837448572370258826e-01,1.837448572370258826e-01,9.999988440193955386e-01
8.395512654200000000e+10,5.275056175510972900e+11,2.114300145299934375e-01,2.114300145299934375e-01,9.999988322223976045e-01
8.481191376500000000e+10,5.328889704420300903e+11,5.499874239394957343e-01,-5.499874239394957343e-01,9.999988203050133029e-01
8.567744475900000000e+10,5.383272620664394531e+11,-7.971809427568026241e-01,7.971809427568026241e-01,9.999988082660051791e-01
8.655180875600000000e+10,5.438210530855166626e+11,-9.434805871264708710e-01,-9.434805871264708710e-01,9.999987961041415518e-01
8.743509589900000000e+10,5.493709098844348755e+11,-9.958884880475726842e-01,9.958884880475726842e-01,9.999987838181660926e-01
8.832739725300000000e+10,5.549774046414641113e+11,9.743492204498809262e-01,-9.743492204498809262e-01,9.999987714068185873e-01
8.922880480900000000e+10,5.606411153531040039e+11,-9.038493135700875758e-01,9.038493135700875758e-01,9.999987588687994089e-01
9.013941149900000000e+10,5.663626259283314209e+11,8.044508198081922190e-01,-8.044508198081922190e-01,9.999987462028407936e-01
9.105931120300000000e+10,5.721425262325831299e+11,-6.948681806124750171e-01,6.948681806124750171e-01,9.999987334076160250e-01
9.198859876000000000e+10,5.779814121568703613e+11,-5.919154477044598073e-01,-5.919154477044598073e-01,9.999987204818193698e-01
9.292736997400000000e+10,5.838798856554782715e+11,5.058329223823596621e-01,5.058329223823596621e-01,9.999987074241164509e-01
9.387572163000000000e+10,5.898385548464968262e+11,-4.402530058461671669e-01,-4.402530058461671669e-01,9.999986942331554607e-01
9.483375149900000000e+10,5.958580340432368164e+11,-3.996101250977473485e-01,3.996101250977473485e-01,9.999986809075815941e-01
9.580155835000000000e+10,6.019389438296278076e+11,-3.908511862811485660e-01,-3.908511862811485660e-01,9.999986674460186187e-01
9.677924196000000000e+10,6.080819111230500488e+11,4.088546074330789981e-01,4.088546074330789981e-01,9.999986538470829744e-01
9.776690312400000000e+10,6.142875692371667480e+11,-4.558206276405907253e-01,-4.558206276405907253e-01,9.999986401093655664e-01
9.876464366600000000e+10,6.205565579510385742e+11,5.310781045805423872e-01,5.310781045805423872e-01,9.999986262314587426e-01
9.977256644900000000e+10,6.268895235719556885e+11,6.249855684130580791e-01,-6.249855684130580791e-01,9.999986122119258747e-01
1.007907753860000000e+11,6.332871190045531006e+11,7.356258873130652187e-01,7.356258873130652187e-01,9.999985980493215632e-01
1.018193754510000000e+11,6.397500038199250488e+11,8.470580038515528321e-01,-8.470580038515528321e-01,9.999985837421897505e-01
1.028584726870000000e+11,6.462788443058912354e+11,-9.424101013659016424e-01,9.424101013659016424e-01,9.999985692890471789e-01
1.039081742220000000e+11,6.528743135675269775e+11,-9.937004908392244040e-01,-9.937004908392244040e-01,9.999985546884141430e-01
1.049685882760000000e+11,6.595370915711466064e+11,9.766261625469094820e-01,9.766261625469094820e-01,9.999985399387875118e-01
1.060398241730000000e+11,6.662678652197003174e+11,8.603146960106049512e-01,-8.603146960106049512e-01,9.999985250386350666e-01
1.071219923530000000e+11,6.730673284281735840e+11,-6.296095346582952779e-01,6.296095346582952779e-01,9.999985099864218130e-01
1.082152043840000000e+11,6.799361821989847412e+11,-2.849672296663696702e-01,-2.849672296663696702e-01,9.999984947806073166e-01
1.093195729710000000e+11,6.868751346785338135e+11,1.396232119145216499e-01,-1.396232119145216499e-01,9.999984794196162818e-01
1.104352119710000000e+11,6.938849012514503174e+11,-5.682786751094056621e-01,5.682786751094056621e-01,9.999984639018643096e-01
1.115622364000000000e+11,7.009662045845755615e+11,-8.932959832836611103e-01,-8.932959832836611103e-01,9.999984482257527896e-01
1.127007624520000000e+11,7.081197747463431396e+11,9.953382138826858405e-01,9.953382138826858405e-01,9.999984323896746741e-01
1.138509075040000000e+11,7.153463492381949463e+11,-7.887132506416290045e-01,-7.887132506416290045e-01,9.999984163919785063e-01
1.150127901300000000e+11,7.226466730825452881e+11,2.905945716442221993e-01,2.905945716442221993e-01,9.999984002310347009e-01
1.161865301160000000e+11,7.300214989170296631e+11,3.508714875631150365e-01,3.508714875631150365e-01,9.999983839051638235e-01
1.173722484710000000e+11,7.374715870636188965e+11,8.660595464577722780e-01,-8.660595464577722780e-01,9.999983674126922129e-01
1.185700674370000000e+11,7.449977055914510498e+11,-9.745771277363872720e-01,9.745771277363872720e-01,9.999983507519064618e-01
1.197801105050000000e+11,7.526006304173631592e+11,5.502492545365675891e-01,-5.502492545365675891e-01,9.999983339211082622e-01
1.210025024240000000e+11,7.602811453624390869e+11,-2.249556100579518936e-01,-2.249556100579518936e-01,9.999983169185447940e-01
1.222373692190000000e+11,7.680400422651070557e+11,-8.794610989189163286e-01,8.794610989189163286e-01,9.999982997424697873e-01
1.234848382000000000e+11,7.758781210376884766e+11,-9.178044066965025394e-01,-9.178044066965025394e-01,9.999982823911179874e-01
1.247450379760000000e+11,7.837961897543626709e+11,2.319872829910423206e-01,2.319872829910423206e-01,9.999982648626981607e-01
1.260180984680000000e+11,7.917950647328479004e+11,6.732381637146330755e-01,6.732381637146330755e-01,9.999982471553995333e-01
1.273041509240000000e+11,7.998755706286492920e+11,-9.789634120637105141e-01,-9.789634120637105141e-01,9.999982292673934570e-01
1.286033279310000000e+11,8.080385405104572754e+11,-3.150862485248663303e-01,3.150862485248663303e-01,9.999982111968461762e-01
1.299157634280000000e+11,8.162848159418286133e+11,7.023286615974582148e-01,7.023286615974582148e-01,9.999981929418932936e-01
1.312415927230000000e+11,8.246152470880008545e+11,9.343214765769290997e-01,-9.343214765769290997e-01,9.999981745006459866e-01
1.325809525030000000e+11,8.330306927787242432e+11,-2.490527726665213437e-02,2.490527726665213437e-02,9.999981558712036644e-01
1.339339808510000000e+11,8.415320206150751953e+11,-9.330889888198053983e-01,9.330889888198053983e-01,9.999981370516491941e-01
1.353008172580000000e+11,8.501201070448558350e+11,-6.043455355728982736e-01,-6.043455355728982736e-01,9.999981180400456804e-01
1.366816026410000000e+11,8.587958374756896973e+11,6.208303643554374807e-01,-6.208303643554374807e-01,9.999980988344329136e-01
1.380764793520000000e+11,8.675601063315718994e+11,8.886166275655309477e-01,8.886166275655309477e-01,9.999980794328254818e-01
1.394855911980000000e+11,8.764138171785318604e+11,3.087011475954501982e-01,3.087011475954501982e-01,9.999980598332229853e-01
1.409090834530000000e+11,8.853578828000317383e+11,9.756641857024315190e-01,-9.756641857024315190e-01,9.999980400336128117e-01
1.423471028730000000e+11,8.943932252912147217e+11,1.453341052370109576e-01,-1.453341052370109576e-01,9.999980200319439350e-01
1.437997977110000000e+11,9.035207761531518555e+11,-9.875144994152553757e-01,9.875144994152553757e-01,9.999979998261591119e-01
1.452673177360000000e+11,9.127414764122237549e+11,1.645133329937738531e-01,1.645133329937738531e-01,9.999979794141837797e-01
1.467498142430000000e+11,9.220562766829511719e+11,9.671126399177544242e-01,-9.671126399177544242e-01,9.999979587939038517e-01
1.482474400700000000e+11,9.314661372748103027e+11,-3.688115655387773084e-01,-3.688115655387773084e-01,9.999979379631902532e-01
1.497603496180000000e+11,9.409720283178955078e+11,8.437887744174805693e-01,8.437887744174805693e-01,9.999979169199095796e-01
1.512886988610000000e+11,9.505749298257521973e+11,-7.088303204859621731e-01,7.088303204859621731e-01,9.999978956618758019e-01
1.528326453670000000e+11,9.602758318273226318e+11,4.762038384490943632e-01,-4.762038384490943632e-01,9.999978741869143262e-01
1.543923483080000000e+11,9.700757344297786865e+11,-9.840808427813712012e-01,-9.840808427813712012e-01,9.999978524927962686e-01
1.559679684860000000e+11,9.799756479818839111e+11,-2.154080649573161532e-01,-2.154080649573161532e-01,9.999978305772969644e-01
1.575596683400000000e+11,9.899765931179766846e+11,7.923438699460956247e-01,7.923438699460956247e-01,9.999978084381559995e-01
1.591676119680000000e+11,1.000079600896199219e+12,9.064482442557065811e-01,9.064482442557065811e-01,9.999977860730832058e-01
1.607919651420000000e+11,1.010285712892746582e+12,1.116414281451801327e-01,1.116414281451801327e-01,9.999977634797759807e-01
1.624328953270000000e+11,1.020595981321246094e+12,7.588190742093274821e-01,-7.588190742093274821e-01,9.999977406559116266e-01
1.640905716970000000e+11,1.031011469133288818e+12,9.740732581842717064e-01,-9.740732581842717064e-01,9.999977175991313638e-01
1.657651651500000000e+11,1.041533250112677612e+12,-4.686126629460958815e-01,-4.686126629460958815e-01,9.999976943070554292e-01
1.674568483320000000e+11,1.052162409026222778e+12,3.159943072926578722e-01,3.159943072926578722e-01,9.999976707772942897e-01
1.691657956470000000e+11,1.062900041686574829e+12,-8.793256693697830695e-01,8.793256693697830695e-01,9.999976470074085633e-01
1.708921832820000000e+11,1.073747255109303345e+12,9.758801323229231439e-01,9.758801323229231439e-01,9.999976229949656403e-01
1.726361892200000000e+11,1.084705167594578857e+12,6.585882328857552981e-01,6.585882328857552981e-01,9.999975987374712938e-01
1.743979932610000000e+11,1.095774908859119751e+12,-1.343740415134157262e-01,1.343740415134157262e-01,9.999975742324350714e-01
1.761777770400000000e+11,1.106957620149289062e+12,-3.789354004237552309e-01,-3.789354004237552309e-01,9.999975494773268858e-01
1.779757240460000000e+11,1.118254454360475830e+12,-7.558459004425907013e-01,-7.558459004425907013e-01,9.999975244695995524e-01
1.797920196400000000e+11,1.129666576150191650e+12,-9.520487598650370087e-01,-9.520487598650370087e-01,9.999974992066741342e-01
1.816268510740000000e+11,1.141195162057451660e+12,-9.950681250112711762e-01,-9.950681250112711762e-01,9.999974736859440494e-01
1.834804075140000000e+11,1.152841400647287842e+12,-9.416438926804382437e-01,-9.416438926804382437e-01,9.999974479047811782e-01
1.853528800520000000e+11,1.164606492586146729e+12,-8.435964443549397451e-01,-8.435964443549397451e-01,9.999974218605257592e-01
1.872444617330000000e+11,1.176491650811535889e+12,7.461708799437682949e-01,-7.461708799437682949e-01,9.999973955504984913e-01
1.891553475730000000e+11,1.188498100645121338e+12,6.728731654658648420e-01,-6.728731654658648420e-01,9.999973689719793279e-01
1.910857345740000000e+11,1.200627079886975098e+12,-6.429433812230902490e-01,-6.429433812230902490e-01,9.999973421222290160e-01
1.930358217540000000e+11,1.212879839004070312e+12,-6.623608303534127550e-01,-6.623608303534127550e-01,9.999973149984852094e-01
1.950058101580000000e+11,1.225257641199397217e+12,-7.253156786357636276e-01,-7.253156786357636276e-01,9.999972875979498133e-01
1.969959028840000000e+11,1.237761762575325439e+12,-8.214969774512310696e-01,-8.214969774512310696e-01,9.999972599177977539e-01
1.990063051020000000e+11,1.250393492252984375e+12,-9.239288661877194109e-01,-9.239288661877194109e-01,9.999972319551773126e-01
2.010372240770000000e+11,1.263154132516776611e+12,9.921575203906194407e-01,-9.921575203906194407e-01,9.999972037072105691e-01
2.030888691890000000e+11,1.276044998940041748e+12,9.650219037522141940e-01,-9.650219037522141940e-01,9.999971751709747503e-01
2.051614519540000000e+11,1.289067420517003418e+12,-7.801565406382064971e-01,-7.801565406382064971e-01,9.999971463435295416e-01
2.072551860480000000e+11,1.302222739813565186e+12,-3.968382964070650276e-01,-3.968382964070650276e-01,9.999971172219123128e-01
2.093702873250000000e+11,1.315512313080408447e+12,-1.461593504819335143e-01,1.461593504819335143e-01,9.999970878031188004e-01
2.115069738440000000e+11,1.328937510422637939e+12,6.979057131235415490e-01,6.979057131235415490e-01,9.999970580841136547e-01
2.136654658900000000e+11,1.342499715931729004e+12,9.932458592279840293e-01,9.932458592279840293e-01,9.999970280618338814e-01
2.158459859940000000e+11,1.356200327811191650e+12,7.807728156307318645e-01,7.807728156307318645e-01,9.999969977331835125e-01
2.180487589580000000e+11,1.370040758533648682e+12,5.677064295742573208e-02,5.677064295742573208e-02,9.999969670950370482e-01
2.202740118810000000e+11,1.384022435004200928e+12,7.539677033619809343e-01,-7.539677033619809343e-01,9.999969361442397897e-01
2.225219741770000000e+11,1.398146798673521729e+12,9.607010389852814747e-01,-9.607010389852814747e-01,9.999969048776001790e-01
2.247928776020000000e+11,1.412415305707505615e+12,-2.333010957071750546e-01,-2.333010957071750546e-01,9.999968732918883552e-01
2.270869562760000000e+11,1.426829427125496338e+12,7.810967626953743137e-01,7.810967626953743137e-01,9.999968413838613568e-01
2.294044467110000000e+11,1.441390648976217529e+12,-8.547881181625163194e-01,8.547881181625163194e-01,9.999968091502130507e-01
2.317455878300000000e+11,1.456100472457152344e+12,-2.561738478707487054e-01,-2.561738478707487054e-01,9.999967765876414116e-01
2.341106209960000000e+11,1.470960414096755859e+12,-9.962559501879713064e-01,-9.962559501879713064e-01,9.999967436927720277e-01
2.364997900340000000e+11,1.485972005892686035e+12,-7.141901796446728512e-02,-7.141901796446728512e-02,9.999967104622276004e-01
2.389133412580000000e+11,1.501136795481447998e+12,9.911905119021550137e-01,9.911905119021550137e-01,9.999966768925784288e-01
2.413515234950000000e+11,1.516456346289192627e+12,-8.718031737466239162e-02,8.718031737466239162e-02,9.999966429803562873e-01
2.438145881130000000e+11,1.531932237707644287e+12,9.973172737990421144e-01,-9.973172737990421144e-01,9.999966087220768518e-01
2.463027890430000000e+11,1.547566065232330811e+12,-2.140971892941430643e-01,2.140971892941430643e-01,9.999965741141989550e-01
2.488163828100000000e+11,1.563359440657363281e+12,8.779791191149609597e-01,8.779791191149609597e-01,9.999965391531688841e-01
2.513556285530000000e+11,1.579313992201099365e+12,7.507534247641904912e-01,-7.507534247641904912e-01,9.999965038353677560e-01
2.539207880610000000e+11,1.595431364732336914e+12,2.712122861594002954e-01,-2.712122861594002954e-01,9.999964681571622549e-01
2.565121257900000000e+11,1.611713219877129883e+12,9.666556945783519872e-01,9.666556945783519872e-01,9.999964321148782087e-01
2.591299088970000000e+11,1.628161236232415039e+12,7.575699881610820086e-01,-7.575699881610820086e-01,9.999963957047943719e-01
2.617744072650000000e+11,1.644777109523093018e+12,7.073785626347769626e-03,-7.073785626347769626e-03,9.999963589231603001e-01
2.644458935310000000e+11,1.661562552777956299e+12,-7.115594579984827472e-01,7.115594579984827472e-01,9.999963217661834713e-01
2.671446431150000000e+11,1.678519296511902100e+12,9.929762059760219861e-01,-9.929762059760219861e-01,9.999962842300421650e-01
2.698709342470000000e+11,1.695649088895578613e+12,-8.620056062771611627e-01,8.620056062771611627e-01,9.999962463108503785e-01
2.726250479970000000e+11,1.712953695943879883e+12,5.014145632859215995e-01,-5.014145632859215995e-01,9.999962080047201107e-01
2.754072683030000000e+11,1.730434901691875732e+12,-1.001696885522000979e-01,1.001696885522000979e-01,9.999961693076855340e-01
2.782178820020000000e+11,1.748094508389590332e+12,2.306630158950362386e-01,2.306630158950362386e-01,9.999961302157687193e-01
2.810571788550000000e+11,1.765934336659081055e+12,4.559993351145477103e-01,-4.559993351145477103e-01,9.999960907249358932e-01
2.839254515830000000e+11,1.783956225720634521e+12,-5.815089408729432474e-01,5.815089408729432474e-01,9.999960508311144247e-01
2.868229958940000000e+11,1.802162033562411621e+12,-6.233938568929362489e-01,-6.233938568929362489e-01,9.999960105301992641e-01
2.897501105130000000e+11,1.820553637128942871e+12,-5.911716743853530076e-01,5.911716743853530076e-01,9.999959698180322931e-01
2.927070972140000000e+11,1.839132932522191650e+12,-4.728677159809870911e-01,-4.728677159809870911e-01,9.999959286904173128e-01
2.956942608500000000e+11,1.857901835190047852e+12,2.546465125815712272e-01,2.546465125815712272e-01,9.999958871431189333e-01
2.987119093860000000e+11,1.876862280133675049e+12,7.620891254361028544e-02,7.620891254361028544e-02,9.999958451718474750e-01
3.017603539290000000e+11,1.896016222096004639e+12,4.879985323230708327e-01,-4.879985323230708327e-01,9.999958027722815057e-01
3.048399087630000000e+11,1.915365635781647217e+12,-8.643113416408949590e-01,8.643113416408949590e-01,9.999957599400467467e-01
3.079508913760000000e+11,1.934912516026540039e+12,-9.905579581978640746e-01,-9.905579581978640746e-01,9.999957166707340583e-01
3.110936225000000000e+11,1.954658878049272705e+12,6.563307911239125714e-01,6.563307911239125714e-01,9.999956729598860061e-01
3.142684261360000000e+11,1.974606757608168213e+12,1.249205964655783763e-01,1.249205964655783763e-01,9.999956288029875351e-01
3.174756295940000000e+11,1.994758211252609375e+12,-8.765723187027290031e-01,-8.765723187027290031e-01,9.999955841954925040e-01
3.207155635250000000e+11,2.015115316524101318e+12,-8.460454540973496584e-01,8.460454540973496584e-01,9.999955391328047005e-01
3.239885619520000000e+11,2.035680172151049561e+12,1.463962414030069992e-01,1.463962414030069992e-01,9.999954936102819492e-01
3.272949623100000000e+11,2.056454898300088379e+12,-9.852124822486881817e-01,-9.852124822486881817e-01,9.999954476232200129e-01
3.306351054730000000e+11,2.077441636745726318e+12,-3.404110351110772315e-01,3.404110351110772315e-01,9.999954011668941156e-01
3.340093357980000000e+11,2.098642551146806152e+12,9.067315406652385334e-01,9.067315406652385334e-01,9.999953542365096482e-01
3.374180011550000000e+11,2.120059827235000732e+12,3.892534005561621990e-01,-3.892534005561621990e-01,9.999953068272268153e-01
3.408614529640000000e+11,2.141695673047290527e+12,-9.646253813956773282e-01,-9.646253813956773282e-01,9.999952589341567499e-01
3.443400462290000000e+11,2.163552319139592285e+12,-3.757345914622844951e-03,3.757345914622844951e-03,9.999952105523751689e-01
3.478541395820000000e+11,2.185632018863219238e+12,9.331858843527918168e-01,9.331858843527918168e-01,9.999951616768884000e-01
3.514040953100000000e+11,2.207937048534526855e+12,7.495762684544302612e-01,7.495762684544302612e-01,9.999951123026574740e-01
3.549902794000000000e+11,2.230469707717656250e+12,-1.152416393703963315e-01,-1.152416393703963315e-01,9.999950624245916853e-01
3.586130615730000000e+11,2.253232319438162109e+12,8.196382979911368549e-01,-8.196382979911368549e-01,9.999950120375588059e-01
3.622728153240000000e+11,2.276227230434340332e+12,-9.899136386156499601e-01,-9.899136386156499601e-01,9.999949611363522228e-01
3.659699179590000000e+11,2.299456811389707520e+12,7.425373876861172118e-01,-7.425373876861172118e-01,9.999949097157448952e-01
3.697047506330000000e+11,2.322923457171758301e+12,3.427828375969197983e-01,-3.427828375969197983e-01,9.999948577704197428e-01
3.734776983950000000e+11,2.346629587114712891e+12,-1.224856198528321422e-02,1.224856198528321422e-02,9.999948052950284882e-01
3.772891502190000000e+11,2.370577645214292480e+12,-2.478215736934221702e-01,2.478215736934221702e-01,9.999947522841645675e-01
3.811394990500000000e+11,2.394770100416748047e+12,3.561297416666043825e-01,3.561297416666043825e-01,9.999946987323664604e-01
3.850291418460000000e+11,2.419209446882751953e+12,3.426908943336286484e-01,3.426908943336286484e-01,9.999946446341105855e-01
3.889584796110000000e+11,2.443898204194746094e+12,-2.067484534119727879e-01,2.067484534119727879e-01,9.999945899838194041e-01
3.929279174460000000e+11,2.468838917677380371e+12,-6.356831851813521395e-02,-6.356831851813521395e-02,9.999945347758666392e-01
3.969378645840000000e+11,2.494034158617429199e+12,-4.479294677189012974e-01,-4.479294677189012974e-01,9.999944790045569576e-01
4.009887344330000000e+11,2.519486524533962402e+12,8.402820105213850699e-01,-8.402820105213850699e-01,9.999944226641492850e-01
4.050809446230000000e+11,2.545198639473661133e+12,9.929994569039526375e-01,-9.929994569039526375e-01,9.999943657488294946e-01
4.092149170450000000e+11,2.571173154255857422e+12,6.191905848678203039e-01,-6.191905848678203039e-01,9.999943082527326110e-01
4.133910778930000000e+11,2.597412746736429688e+12,-2.699814470365828889e-01,2.699814470365828889e-01,9.999942501699359276e-01
4.176098577150000000e+11,2.623920122128245605e+12,-9.732285633635064936e-01,9.732285633635064936e-01,9.999941914944503463e-01
4.218716914490000000e+11,2.650698013227356445e+12,-5.410266885228705025e-01,5.410266885228705025e-01,9.999941322202338112e-01
4.261770184730000000e+11,2.677749180727156738e+12,7.054779829793180745e-01,-7.054779829793180745e-01,9.999940723411793186e-01
4.305262826490000000e+11,2.705076413494842285e+12,7.526015119180107238e-01,-7.526015119180107238e-01,9.999940118511042586e-01
4.349199323700000000e+11,2.732682528866723145e+12,7.071651167677226457e-01,7.071651167677226457e-01,9.999939507437833885e-01
4.393584206020000000e+11,2.760570372912115234e+12,5.321645996501409570e-01,5.321645996501409570e-01,9.999938890129141944e-01
4.438422049370000000e+11,2.788742820766349121e+12,9.775262541567986130e-01,-9.775262541567986130e-01,9.999938266521375407e-01
4.483717476350000000e+11,2.817202776894665527e+12,-3.066920964760762036e-01,3.066920964760762036e-01,9.999937636550234599e-01
4.529475156730000000e+11,2.845953175400088867e+12,-5.588339153213257582e-01,5.588339153213257582e-01,9.999937000150832533e-01
4.575699807950000000e+11,2.874996980337589355e+12,9.744656357080250242e-01,-9.744656357080250242e-01,9.999936357257643849e-01
4.622396195590000000e+11,2.904337186009390625e+12,-9.237768351917471366e-01,9.237768351917471366e-01,9.999935707804223917e-01
4.669569133850000000e+11,2.933976817266562500e+12,6.672661044133423314e-01,-6.672661044133423314e-01,9.999935051723847224e-01
4.717223486090000000e+11,2.963918929848315430e+12,-4.219786025956195896e-01,4.219786025956195896e-01,9.999934388948752417e-01
4.765364165270000000e+11,2.994166610658457520e+12,2.947548384723057135e-01,-2.947548384723057135e-01,9.999933719410731836e-01
4.813996134510000000e+11,3.024722978117255371e+12,-3.137831010429799061e-01,3.137831010429799061e-01,9.999933043040704073e-01
4.863124407560000000e+11,3.055591182456742188e+12,-4.783214336586383286e-01,-4.783214336586383286e-01,9.999932359769020396e-01
4.912754049360000000e+11,3.086774406072576660e+12,7.456445008951373410e-01,7.456445008951373410e-01,9.999931669525288225e-01
4.962890176530000000e+11,3.118275863831919922e+12,9.748605719113619950e-01,-9.748605719113619950e-01,9.999930972238312288e-01
5.013537957900000000e+11,3.150098803406442871e+12,8.955550367239633047e-01,8.955550367239633047e-01,9.999930267836243392e-01
5.064702615060000000e+11,3.182246505617901855e+12,-2.704048506649872063e-01,-2.704048506649872063e-01,9.999929556246471840e-01
5.116389422870000000e+11,3.214722284758582520e+12,6.670994365207449928e-01,-6.670994365207449928e-01,9.999928837395763992e-01
5.168603710040000000e+11,3.247529488955722656e+12,9.396363283918112153e-01,9.396363283918112153e-01,9.999928111209951398e-01
5.221350859660000000e+11,3.280671500504521484e+12,1.223301078301925887e-01,1.223301078301925887e-01,9.999927377614177271e-01
5.274636309750000000e+11,3.314151736213715332e+12,9.940218687505969486e-01,-9.940218687505969486e-01,9.999926636532942004e-01
5.328465553830000000e+11,3.347973647763719238e+12,2.072359765168700074e-01,-2.072359765168700074e-01,9.999925887889754561e-01
5.382844141460000000e+11,3.382140722045918457e+12,8.675751148718267025e-01,8.675751148718267025e-01,9.999925131607583229e-01
5.437777678880000000e+11,3.416656481564792969e+12,8.429975762745229861e-01,8.429975762745229861e-01,9.999924367608395981e-01
5.493271829510000000e+11,3.451524484752075684e+12,-1.051168485915650874e-01,1.051168485915650874e-01,9.999923595813503541e-01
5.549332314580000000e+11,3.486748326362594238e+12,-5.742040153655360024e-01,-5.742040153655360024e-01,9.999922816143360649e-01
5.605964913690000000e+11,3.522331637826128418e+12,9.093789628845536654e-01,-9.093789628845536654e-01,9.999922028517691519e-01
5.663175465450000000e+11,3.558278087649535645e+12,9.934723634410274062e-01,-9.934723634410274062e-01,9.999921232855238928e-01
5.720969868030000000e+11,3.594591381762323242e+12,9.944544220990241268e-01,-9.944544220990241268e-01,9.999920429074032890e-01
5.779354079810000000e+11,3.631275263925059082e+12,9.983613949842206070e-01,-9.983613949842206070e-01,9.999919617091235224e-01
5.838334119970000000e+11,3.668333516100076172e+12,9.801270744236587618e-01,-9.801270744236587618e-01,9.999918796823218381e-01
5.897916069100000000e+11,3.705769958834750000e+12,-8.215005528756863518e-01,-8.215005528756863518e-01,9.999917968185343398e-01
5.958106069880000000e+11,3.743588451688752441e+12,-3.417072602827695427e-01,-3.417072602827695427e-01,9.999917131092392886e-01
6.018910327660000000e+11,3.781792893598478027e+12,4.470891896038390323e-01,4.470891896038390323e-01,9.999916285458019249e-01
6.080335111100000000e+11,3.820387223279167480e+12,9.934840527500704566e-01,9.934840527500704566e-01,9.999915431195071092e-01
6.142386752870000000e+11,3.859375419664731445e+12,-4.243869113631710821e-01,4.243869113631710821e-01,9.999914568215482191e-01
6.205071650240000000e+11,3.898761502278455566e+12,-8.308443683477837460e-01,-8.308443683477837460e-01,9.999913696430395849e-01
6.268396265760000000e+11,3.938549531660261719e+12,-5.014595400692791749e-01,-5.014595400692791749e-01,9.999912815749975037e-01
6.332367127960000000e+11,3.978743609806526855e+12,9.647601372458678437e-01,9.647601372458678437e-01,9.999911926083485669e-01
6.396990831980000000e+11,4.019347880565925293e+12,-2.224539327370347597e-01,-2.224539327370347597e-01,9.999911027339147829e-01
6.462274040270000000e+11,4.060366530079252441e+12,6.044802209080905042e-01,-6.044802209080905042e-01,9.999910119424475496e-01
6.528223483250000000e+11,4.101803787194113770e+12,-9.649926157726398390e-01,9.649926157726398390e-01,9.999909202245789164e-01
6.594845960060000000e+11,4.143663923936164551e+12,-9.809661904262769738e-01,-9.809661904262769738e-01,9.999908275708703220e-01
6.662148339220000000e+11,4.185951255923798828e+12,9.139712111806659323e-01,9.139712111806659323e-01,9.999907339717728494e-01
6.730137559310000000e+11,4.228670142795407227e+12,9.137968383114964954e-01,-9.137968383114964954e-01,9.999906394176359958e-01
6.798820629780000000e+11,4.271824988718315918e+12,9.794422500249231334e-01,9.794422500249231334e-01,9.999905438987169992e-01
6.868204631550000000e+11,4.315420242765774414e+12,9.647250598890753093e-01,-9.647250598890753093e-01,9.999904474051769521e-01
6.938296717860000000e+11,4.359460399451029785e+12,5.894789304372687333e-01,5.894789304372687333e-01,9.999903499270710316e-01
7.009104114910000000e+11,4.403949999129449219e+12,-2.732527761647969844e-01,2.732527761647969844e-01,9.999902514543566046e-01
7.080634122660000000e+11,4.448893628501172852e+12,-9.858074646374956895e-01,-9.858074646374956895e-01,9.999901519768841229e-01
7.152894115580000000e+11,4.494295921082357422e+12,3.320051621906350836e-01,3.320051621906350836e-01,9.999900514844144439e-01
7.225891543380000000e+11,4.540161557663843750e+12,9.538565998133545776e-01,9.538565998133545776e-01,9.999899499665808600e-01
7.299633931800000000e+11,4.586495266807531250e+12,-4.298595601784438794e-03,-4.298595601784438794e-03,9.999898474129246262e-01
7.374128883390000000e+11,4.633301825336465820e+12,8.617832048976108439e-01,-8.617832048976108439e-01,9.999897438128868554e-01
7.449384078280000000e+11,4.680586058818644531e+12,-9.621026820895706155e-01,-9.621026820895706155e-01,9.999896391557778763e-01
7.525407274990000000e+11,4.728352842075953125e+12,6.882121745653843048e-01,-6.882121745653843048e-01,9.999895334308365191e-01
7.602206311200000000e+11,4.776607099667976562e+12,-4.484878330944058189e-01,-4.484878330944058189e-01,9.999894266271481813e-01
7.679789104590000000e+11,4.825353806419775391e+12,4.134218002979417328e-01,-4.134218002979417328e-01,9.999893187337225431e-01
7.758163653630000000e+11,4.874597987918271484e+12,5.973880468852359460e-01,-5.973880468852359460e-01,9.999892097394381674e-01
7.837338038430000000e+11,4.924344721046305664e+12,8.965699322800231297e-01,-8.965699322800231297e-01,9.999890996330643711e-01
7.917320421560000000e+11,4.974599134497868164e+12,-9.576246219275629246e-01,-9.576246219275629246e-01,9.999889884032510112e-01
7.998119048860000000e+11,5.025366409287032227e+12,-2.840223310588070316e-01,-2.840223310588070316e-01,9.999888760385520214e-01
8.079742250370000000e+11,5.076651779332291016e+12,-8.265627727564477389e-01,8.265627727564477389e-01,9.999887625273791159e-01
8.162198441110000000e+11,5.128460531946647461e+12,-5.869576588146344642e-01,5.869576588146344642e-01,9.999886478580434224e-01
8.245496121990000000e+11,5.180798008409382812e+12,9.230212712084657767e-01,-9.230212712084657767e-01,9.999885320187309468e-01
8.329643880660000000e+11,5.233669604500125977e+12,1.206544082741263513e-01,1.206544082741263513e-01,9.999884149974972436e-01
8.414650392420000000e+11,5.287080771070627930e+12,6.113519767117704395e-01,6.113519767117704395e-01,9.999882967822961710e-01
8.500524421100000000e+11,5.341037014597677734e+12,-9.146244446947243700e-01,-9.146244446947243700e-01,9.999881773609382574e-01
8.587274819980000000e+11,5.395543897761156250e+12,9.782947320497488164e-01,9.782947320497488164e-01,9.999880567211374416e-01
8.674910532670000000e+11,5.450607039996958008e+12,9.632713942310304756e-01,-9.632713942310304756e-01,9.999879348504466803e-01
8.763440594070000000e+11,5.506232118100176758e+12,-8.112119282231483597e-01,8.112119282231483597e-01,9.999878117363132368e-01
8.852874131280000000e+11,5.562424866796874023e+12,-2.922681921135938388e-01,-2.922681921135938388e-01,9.999876873660633603e-01
8.943220364530000000e+11,5.619191079328416016e+12,6.029549045451303435e-01,-6.029549045451303435e-01,9.999875617268801919e-01
9.034488608170000000e+11,5.676536608073509766e+12,-9.473931806428474989e-01,9.473931806428474989e-01,9.999874348058100937e-01
9.126688271580000000e+11,5.734467365119970703e+12,2.909471694003800679e-01,2.909471694003800679e-01,9.999873065897939561e-01
9.219828860180000000e+11,5.792989322899329102e+12,-8.371971260739452525e-01,-8.371971260739452525e-01,9.999871770656062475e-01
9.313919976390000000e+11,5.852108514790008789e+12,9.166215827268924254e-01,-9.166215827268924254e-01,9.999870462199185184e-01
9.408971320650000000e+11,5.911831035758218750e+12,4.683594779959363574e-01,-4.683594779959363574e-01,9.999869140392381173e-01
9.504992692350000000e+11,5.972163042942286133e+12,1.279292956900775491e-01,-1.279292956900775491e-01,9.999867805099551532e-01
9.601993990920000000e+11,6.033110756337522461e+12,-8.525880286828302346e-02,-8.525880286828302346e-02,9.999866456183108543e-01
9.699985216810000000e+11,6.094680459411978516e+12,3.543808971155610332e-01,-3.543808971155610332e-01,9.999865093504103353e-01
9.798976472530000000e+11,6.156878499759894531e+12,8.199605831541286749e-01,-8.199605831541286749e-01,9.999863716922181567e-01
9.898977963670000000e+11,6.219711289742583984e+12,9.479563085709095116e-01,-9.479563085709095116e-01,9.999862326295466675e-01
1.000000000000000000e+12,6.283185307179585938e+12,7.547577959523829073e-03,7.547577959523829073e-03,9.999860921480733245e-01
