n,t,mx,z,norm
0.000000000000000000e+00,0.000000000000000000e+00,9.999999999999996669e-01,9.999999999999996669e-01,1.000000000000000000e+00
1.000000000000000000e+00,6.283185307179586232e+00,-9.985266368578300522e-01,9.985266368578300522e-01,9.999999999999008571e-01
2.000000000000000000e+00,1.256637061435917246e+01,9.992628522755861997e-01,9.992628522755861997e-01,1.000000000000013323e+00
3.000000000000000000e+00,1.884955592153875870e+01,-9.993551825117684695e-01,9.993551825117684695e-01,9.999999999999222844e-01
4.000000000000000000e+00,2.513274122871834493e+01,9.982878726747328457e-01,9.982878726747328457e-01,1.000000000000035971e+00
5.000000000000000000e+00,3.141592653589793116e+01,-9.995448916279253693e-01,9.995448916279253693e-01,9.999999999999386047e-01
6.000000000000000000e+00,3.769911184307751739e+01,9.981701786198398096e-01,9.981701786198398096e-01,1.000000000000047073e+00
7.000000000000000000e+00,4.398229715025710362e+01,-9.989991110053992873e-01,9.989991110053992873e-01,9.999999999999383826e-01
8.000000000000000000e+00,5.026548245743668986e+01,9.987687115878665089e-01,9.987687115878665089e-01,1.000000000000039524e+00
9.000000000000000000e+00,5.654866776461627609e+01,-9.984634028393056804e-01,9.984634028393056804e-01,9.999999999999251710e-01
1.000000000000000000e+01,6.283185307179586232e+01,9.991998617921500347e-01,9.991998617921500347e-01,1.000000000000021538e+00
1.100000000000000000e+01,6.911503837897544145e+01,-9.985114585634138340e-01,9.985114585634138340e-01,9.999999999999089617e-01
1.200000000000000000e+01,7.539822368615503478e+01,9.990831566015654364e-01,9.990831566015654364e-01,1.000000000000007994e+00
1.300000000000000000e+01,8.168140899333462812e+01,-9.988745664609306463e-01,9.988745664609306463e-01,9.999999999999010791e-01
1.400000000000000000e+01,8.796459430051420725e+01,9.986899811627891754e-01,9.986899811627891754e-01,1.000000000000007550e+00
1.500000000000000000e+01,9.424777960769378637e+01,-9.988945400717498257e-01,9.988945400717498257e-01,9.999999999999055200e-01
1.600000000000000000e+01,1.005309649148733797e+02,9.986180920042496689e-01,9.986180920042496689e-01,1.000000000000017986e+00
1.700000000000000000e+01,1.068141502220529730e+02,-9.984104108611125961e-01,9.984104108611125961e-01,9.999999999999190647e-01
1.800000000000000000e+01,1.130973355292325522e+02,9.990043951798729394e-01,9.990043951798729394e-01,1.000000000000031086e+00
1.900000000000000000e+01,1.193805208364121313e+02,-9.985322824379226914e-01,9.985322824379226914e-01,9.999999999999338307e-01
2.000000000000000000e+01,1.256637061435917246e+02,9.988398730720403629e-01,9.988398730720403629e-01,1.000000000000043077e+00
2.100000000000000000e+01,1.319468914507713180e+02,-9.992226483826431860e-01,9.992226483826431860e-01,9.999999999999421574e-01
2.200000000000000000e+01,1.382300767579508829e+02,9.982609519667063891e-01,9.982609519667063891e-01,1.000000000000044409e+00
2.300000000000000000e+01,1.445132620651304762e+02,-9.994118159015159542e-01,9.994118159015159542e-01,9.999999999999318323e-01
2.400000000000000000e+01,1.507964473723100696e+02,9.982236449778364440e-01,9.982236449778364440e-01,1.000000000000029310e+00
2.500000000000000000e+01,1.570796326794896629e+02,-9.986894199242581927e-01,9.986894199242581927e-01,9.999999999999101830e-01
2.600000000000000000e+01,1.633628179866692562e+02,9.990381018505894994e-01,9.990381018505894994e-01,1.000000000000008660e+00
2.700000000000000000e+01,1.696460032938488212e+02,-9.980069405387695936e-01,9.980069405387695936e-01,9.999999999998951949e-01
2.800000000000000000e+01,1.759291886010284145e+02,9.995681074453636183e-01,9.995681074453636183e-01,1.000000000000001554e+00
2.900000000000000000e+01,1.822123739082080078e+02,-9.981315837262938473e-01,9.981315837262938473e-01,9.999999999999025224e-01
3.000000000000000000e+01,1.884955592153875727e+02,9.991534344371478804e-01,9.991534344371478804e-01,1.000000000000014655e+00
3.100000000000000000e+01,1.947787445225671661e+02,-9.989111140851308912e-01,9.989111140851308912e-01,9.999999999999247269e-01
3.200000000000000000e+01,2.010619298297467594e+02,9.983153621566297486e-01,9.983153621566297486e-01,1.000000000000038192e+00
3.300000000000000000e+01,2.073451151369263528e+02,-9.996339543141193884e-01,9.996339543141193884e-01,9.999999999999414912e-01
3.400000000000000000e+01,2.136283004441059461e+02,9.978945734946190749e-01,9.978945734946190749e-01,1.000000000000049294e+00
3.500000000000000000e+01,2.199114857512855110e+02,-9.991952463562916442e-01,9.991952463562916442e-01,9.999999999999391598e-01
3.600000000000000000e+01,2.261946710584651044e+02,9.985459541472856415e-01,9.985459541472856415e-01,1.000000000000038414e+00
3.700000000000000000e+01,2.324778563656446977e+02,-9.983337149085139695e-01,9.983337149085139695e-01,9.999999999999203970e-01
3.800000000000000000e+01,2.387610416728242626e+02,9.993112177850282940e-01,9.993112177850282940e-01,1.000000000000015543e+00
3.900000000000000000e+01,2.450442269800038559e+02,-9.982089594609796501e-01,9.982089594609796501e-01,9.999999999999030775e-01
4.000000000000000000e+01,2.513274122871834493e+02,9.992736789426169830e-01,9.992736789426169830e-01,1.000000000000003109e+00
4.100000000000000000e+01,2.576105975943630142e+02,-9.988042234811427278e-01,9.988042234811427278e-01,9.999999999998994138e-01
4.200000000000000000e+01,2.638937829015426360e+02,9.986633058091238802e-01,9.986633058091238802e-01,1.000000000000007327e+00
4.300000000000000000e+01,2.701769682087222009e+02,-9.989983740177612592e-01,9.989983740177612592e-01,9.999999999999080735e-01
4.400000000000000000e+01,2.764601535159017658e+02,9.986011530979068684e-01,9.986011530979068684e-01,1.000000000000020650e+00
4.500000000000000000e+01,2.827433388230813875e+02,-9.988044954378116902e-01,9.988044954378116902e-01,9.999999999999216183e-01
4.600000000000000000e+01,2.890265241302609525e+02,9.989236926062883271e-01,9.989236926062883271e-01,1.000000000000033751e+00
4.700000000000000000e+01,2.953097094374405742e+02,-9.987980076451776767e-01,9.987980076451776767e-01,9.999999999999333866e-01
4.800000000000000000e+01,3.015928947446201391e+02,9.990059187215275527e-01,9.990059187215275527e-01,1.000000000000040190e+00
4.900000000000000000e+01,3.078760800517997041e+02,-9.990504673596865004e-01,9.990504673596865004e-01,9.999999999999359401e-01
5.000000000000000000e+01,3.141592653589793258e+02,9.986537767929241083e-01,9.986537767929241083e-01,1.000000000000035971e+00
5.100000000000000000e+01,3.204424506661588907e+02,-9.992802282220584198e-01,9.992802282220584198e-01,9.999999999999249489e-01
5.200000000000000000e+01,3.267256359733385125e+02,9.983483320944174233e-01,9.983483320944174233e-01,1.000000000000022871e+00
5.300000000000000000e+01,3.330088212805180774e+02,-9.989015448342446479e-01,9.989015448342446479e-01,9.999999999999064082e-01
5.400000000000000000e+01,3.392920065876976423e+02,9.987819956449976999e-01,9.987819956449976999e-01,1.000000000000006661e+00
5.500000000000000000e+01,3.455751918948772641e+02,-9.981608475952514770e-01,9.981608475952514770e-01,9.999999999998941957e-01
5.600000000000000000e+01,3.518583772020568290e+02,9.994443146582169257e-01,9.994443146582169257e-01,1.000000000000001110e+00
5.700000000000000000e+01,3.581415625092363939e+02,-9.979850670213059605e-01,9.979850670213059605e-01,9.999999999999016342e-01
5.800000000000000000e+01,3.644247478164160157e+02,9.993638479752955384e-01,9.993638479752955384e-01,1.000000000000013989e+00
5.900000000000000000e+01,3.707079331235955806e+02,-9.989161484715618489e-01,9.989161484715618489e-01,9.999999999999231726e-01
6.000000000000000000e+01,3.769911184307751455e+02,9.983617191534132074e-01,9.983617191534132074e-01,1.000000000000036415e+00
6.100000000000000000e+01,3.832743037379547673e+02,-9.996249848534208837e-01,9.996249848534208837e-01,9.999999999999399369e-01
6.200000000000000000e+01,3.895574890451343322e+02,9.977859481768345251e-01,9.977859481768345251e-01,1.000000000000046407e+00
6.300000000000000000e+01,3.958406743523139539e+02,-9.991567048776401894e-01,9.991567048776401894e-01,9.999999999999354960e-01
6.400000000000000000e+01,4.021238596594935188e+02,9.982379897754821707e-01,9.982379897754821707e-01,1.000000000000034195e+00
6.500000000000000000e+01,4.084070449666730838e+02,-9.982332288453042990e-01,9.982332288453042990e-01,9.999999999999148459e-01
6.600000000000000000e+01,4.146902302738527055e+02,9.990684151854891670e-01,9.990684151854891670e-01,1.000000000000010658e+00
6.700000000000000000e+01,4.209734155810322704e+02,-9.978870716187447920e-01,9.978870716187447920e-01,9.999999999998964162e-01
6.800000000000000000e+01,4.272566008882118922e+02,9.993416684941766048e-01,9.993416684941766048e-01,9.999999999999972244e-01
6.900000000000000000e+01,4.335397861953914571e+02,-9.984168806554006848e-01,9.984168806554006848e-01,9.999999999998946398e-01
7.000000000000000000e+01,4.398229715025710220e+02,9.988095658311302305e-01,9.988095658311302305e-01,1.000000000000003553e+00
7.100000000000000000e+01,4.461061568097506438e+02,-9.990242973790496306e-01,9.990242973790496306e-01,9.999999999999076294e-01
7.200000000000000000e+01,4.523893421169302087e+02,9.982770652883760087e-01,9.982770652883760087e-01,1.000000000000021982e+00
7.300000000000000000e+01,4.586725274241097736e+02,-9.990390527202388515e-01,9.990390527202388515e-01,9.999999999999236167e-01
7.400000000000000000e+01,4.649557127312893954e+02,9.983861812727208296e-01,9.983861812727208296e-01,1.000000000000035527e+00
7.500000000000000000e+01,4.712388980384689603e+02,-9.985360801496195871e-01,9.985360801496195871e-01,9.999999999999321654e-01
7.600000000000000000e+01,4.775220833456485252e+02,9.988398036822719872e-01,9.988398036822719872e-01,1.000000000000037081e+00
7.700000000000000000e+01,4.838052686528281470e+02,-9.985714862610889364e-01,9.985714862610889364e-01,9.999999999999303890e-01
7.800000000000000000e+01,4.900884539600077119e+02,9.986333190891841793e-01,9.986333190891841793e-01,1.000000000000030198e+00
7.900000000000000000e+01,4.963716392671873336e+02,-9.989345253672432534e-01,9.989345253672432534e-01,9.999999999999192868e-01
8.000000000000000000e+01,5.026548245743668986e+02,9.983658496965119866e-01,9.983658496965119866e-01,1.000000000000017097e+00
8.100000000000000000e+01,5.089380098815464635e+02,-9.988542236238558969e-01,9.988542236238558969e-01,9.999999999999028555e-01
8.200000000000000000e+01,5.152211951887260284e+02,9.986525799246257495e-01,9.986525799246257495e-01,1.000000000000004219e+00
8.300000000000000000e+01,5.215043804959057070e+02,-9.982786069933680118e-01,9.982786069933680118e-01,9.999999999998937517e-01
8.400000000000000000e+01,5.277875658030852719e+02,9.991882213545317803e-01,9.991882213545317803e-01,1.000000000000002220e+00
8.500000000000000000e+01,5.340707511102648368e+02,-9.980683540736423609e-01,9.980683540736423609e-01,9.999999999999030775e-01
8.600000000000000000e+01,5.403539364174444017e+02,9.991847436591125842e-01,9.991847436591125842e-01,1.000000000000015765e+00
8.700000000000000000e+01,5.466371217246239667e+02,-9.986769729875082380e-01,9.986769729875082380e-01,9.999999999999238387e-01
8.800000000000000000e+01,5.529203070318035316e+02,9.985292470746687243e-01,9.985292470746687243e-01,1.000000000000035305e+00
8.900000000000000000e+01,5.592034923389832102e+02,-9.994092269816760021e-01,9.994092269816760021e-01,9.999999999999390488e-01
9.000000000000000000e+01,5.654866776461627751e+02,9.978951635571381429e-01,9.978951635571381429e-01,1.000000000000043965e+00
9.100000000000000000e+01,5.717698629533423400e+02,-9.994157693772621753e-01,9.994157693772621753e-01,9.999999999999332756e-01
9.200000000000000000e+01,5.780530482605219049e+02,9.981066554556026205e-01,9.981066554556026205e-01,1.000000000000031308e+00
9.300000000000000000e+01,5.843362335677014698e+02,-9.984752335975048965e-01,9.984752335975048965e-01,9.999999999999107381e-01
9.400000000000000000e+01,5.906194188748811484e+02,9.992223344594322043e-01,9.992223344594322043e-01,1.000000000000005329e+00
9.500000000000000000e+01,5.969026041820607134e+02,-9.979114359423789660e-01,9.979114359423789660e-01,9.999999999998900879e-01
9.600000000000000000e+01,6.031857894892402783e+02,9.996912273955937955e-01,9.996912273955937955e-01,9.999999999999915623e-01
9.700000000000000000e+01,6.094689747964198432e+02,-9.983919539566070700e-01,9.983919539566070700e-01,9.999999999998911981e-01
9.800000000000000000e+01,6.157521601035994081e+02,9.990037078244425883e-01,9.990037078244425883e-01,1.000000000000001998e+00
9.900000000000000000e+01,6.220353454107790867e+02,-9.991588113720143438e-01,9.991588113720143438e-01,9.999999999999082956e-01
1.000000000000000000e+02,6.283185307179586516e+02,9.981831189103751445e-01,9.981831189103751445e-01,1.000000000000023093e+00
1.010000000000000000e+02,6.346017160251382165e+02,-9.991968934411485925e-01,9.991968934411485925e-01,9.999999999999255040e-01
1.020000000000000000e+02,6.408849013323177815e+02,9.982514651377697446e-01,9.982514651377697446e-01,1.000000000000036193e+00
1.030000000000000000e+02,6.471680866394973464e+02,-9.987335601723108525e-01,9.987335601723108525e-01,9.999999999999307221e-01
1.040000000000000000e+02,6.534512719466770250e+02,9.986986469333782868e-01,9.986986469333782868e-01,1.000000000000034861e+00
1.050000000000000000e+02,6.597344572538565899e+02,-9.984861397052565701e-01,9.984861397052565701e-01,9.999999999999239497e-01
1.060000000000000000e+02,6.660176425610361548e+02,9.988651066002542933e-01,9.988651066002542933e-01,1.000000000000021982e+00
1.070000000000000000e+02,6.723008278682157197e+02,-9.986044885008642513e-01,9.986044885008642513e-01,9.999999999999101830e-01
1.080000000000000000e+02,6.785840131753952846e+02,9.986971752407050040e-01,9.986971752407050040e-01,1.000000000000007994e+00
1.090000000000000000e+02,6.848671984825748495e+02,-9.988214498060692392e-01,9.988214498060692392e-01,9.999999999998971933e-01
1.100000000000000000e+02,6.911503837897545282e+02,9.984126896909573112e-01,9.984126896909573112e-01,1.000000000000001776e+00
1.110000000000000000e+02,6.974335690969340931e+02,-9.984091064030125029e-01,9.984091064030125029e-01,9.999999999998948619e-01
1.120000000000000000e+02,7.037167544041136580e+02,9.986892342573429060e-01,9.986892342573429060e-01,1.000000000000005107e+00
1.130000000000000000e+02,7.099999397112932229e+02,-9.979896271749997272e-01,9.979896271749997272e-01,9.999999999999052980e-01
1.140000000000000000e+02,7.162831250184727878e+02,9.990084732258838196e-01,9.990084732258838196e-01,1.000000000000018208e+00
1.150000000000000000e+02,7.225663103256524664e+02,-9.983684106959554994e-01,9.983684106959554994e-01,9.999999999999241718e-01
1.160000000000000000e+02,7.288494956328320313e+02,9.986323700042257778e-01,9.986323700042257778e-01,1.000000000000035083e+00
1.170000000000000000e+02,7.351326809400115962e+02,-9.992661783175549317e-01,9.992661783175549317e-01,9.999999999999376055e-01
1.180000000000000000e+02,7.414158662471911612e+02,9.978589997006850343e-01,9.978589997006850343e-01,1.000000000000042188e+00
1.190000000000000000e+02,7.476990515543707261e+02,-9.993229411661593842e-01,9.993229411661593842e-01,9.999999999999310552e-01
1.200000000000000000e+02,7.539822368615502910e+02,9.980298277123873518e-01,9.980298277123873518e-01,1.000000000000028866e+00
1.210000000000000000e+02,7.602654221687299696e+02,-9.984740798744413670e-01,9.984740798744413670e-01,9.999999999999082956e-01
1.220000000000000000e+02,7.665486074759095345e+02,9.989387565583988104e-01,9.989387565583988104e-01,1.000000000000005107e+00
1.230000000000000000e+02,7.728317927830890994e+02,-9.978207549577406965e-01,9.978207549577406965e-01,9.999999999998900879e-01
1.240000000000000000e+02,7.791149780902686643e+02,9.994481648452531175e-01,9.994481648452531175e-01,9.999999999999938938e-01
1.250000000000000000e+02,7.853981633974482293e+02,-9.980181228781600522e-01,9.980181228781600522e-01,9.999999999998931965e-01
1.260000000000000000e+02,7.916813487046279079e+02,9.990753158248696364e-01,9.990753158248696364e-01,1.000000000000003553e+00
1.270000000000000000e+02,7.979645340118074728e+02,-9.989321842224185843e-01,9.989321842224185843e-01,9.999999999999119593e-01
1.280000000000000000e+02,8.042477193189870377e+02,9.982224020740940729e-01,9.982224020740940729e-01,1.000000000000026645e+00
1.290000000000000000e+02,8.105309046261666026e+02,-9.994229342886118417e-01,9.994229342886118417e-01,9.999999999999303890e-01
1.300000000000000000e+02,8.168140899333461675e+02,9.979652015427040723e-01,9.979652015427040723e-01,1.000000000000040412e+00
1.310000000000000000e+02,8.230972752405258461e+02,-9.989863750511581708e-01,9.989863750511581708e-01,9.999999999999328315e-01
1.320000000000000000e+02,8.293804605477054110e+02,9.985123569255401899e-01,9.985123569255401899e-01,1.000000000000034639e+00
1.330000000000000000e+02,8.356636458548849760e+02,-9.982726779690396235e-01,9.982726779690396235e-01,9.999999999999201750e-01
1.340000000000000000e+02,8.419468311620645409e+02,9.991386918837572573e-01,9.991386918837572573e-01,1.000000000000016209e+00
1.350000000000000000e+02,8.482300164692441058e+02,-9.984169277348740046e-01,9.984169277348740046e-01,9.999999999999039657e-01
1.360000000000000000e+02,8.545132017764237844e+02,9.988946985784198374e-01,9.988946985784198374e-01,1.000000000000003331e+00
1.370000000000000000e+02,8.607963870836033493e+02,-9.988113913921652376e-01,9.988113913921652376e-01,9.999999999998955280e-01
1.380000000000000000e+02,8.670795723907829142e+02,9.985231328049574140e-01,9.985231328049574140e-01,1.000000000000000666e+00
1.390000000000000000e+02,8.733627576979624791e+02,-9.986914111376775649e-01,9.986914111376775649e-01,9.999999999998965272e-01
1.400000000000000000e+02,8.796459430051420441e+02,9.987344434654552572e-01,9.987344434654552572e-01,1.000000000000007550e+00
1.410000000000000000e+02,8.859291283123216090e+02,-9.984701602542067622e-01,9.984701602542067622e-01,9.999999999999076294e-01
1.420000000000000000e+02,8.922123136195012876e+02,9.990672102819072586e-01,9.990672102819072586e-01,1.000000000000020650e+00
1.430000000000000000e+02,8.984954989266808525e+02,-9.986394496275068366e-01,9.986394496275068366e-01,9.999999999999239497e-01
1.440000000000000000e+02,9.047786842338604174e+02,9.988817173392073867e-01,9.988817173392073867e-01,1.000000000000033085e+00
1.450000000000000000e+02,9.110618695410399823e+02,-9.991672270547520274e-01,9.991672270547520274e-01,9.999999999999332756e-01
1.460000000000000000e+02,9.173450548482195472e+02,9.983075927528549665e-01,9.983075927528549665e-01,1.000000000000035749e+00
1.470000000000000000e+02,9.236282401553992258e+02,-9.993578148100669134e-01,9.993578148100669134e-01,9.999999999999259481e-01
1.480000000000000000e+02,9.299114254625787908e+02,9.981773445463759664e-01,9.981773445463759664e-01,1.000000000000023093e+00
1.490000000000000000e+02,9.361946107697583557e+02,-9.988628434732392813e-01,9.988628434732392813e-01,9.999999999999045208e-01
1.500000000000000000e+02,9.424777960769379206e+02,9.987840613471169471e-01,9.987840613471169471e-01,1.000000000000002887e+00
1.510000000000000000e+02,9.487609813841174855e+02,-9.979530571966421792e-01,9.979530571966421792e-01,9.999999999998873124e-01
1.520000000000000000e+02,9.550441666912970504e+02,9.996154268259354048e-01,9.996154268259354048e-01,9.999999999999907851e-01
1.530000000000000000e+02,9.613273519984767290e+02,-9.979978421473708616e-01,9.979978421473708616e-01,9.999999999998897549e-01
1.540000000000000000e+02,9.676105373056562939e+02,9.993410008781323794e-01,9.993410008781323794e-01,1.000000000000001776e+00
1.550000000000000000e+02,9.738937226128358589e+02,-9.989698974961760403e-01,9.989698974961760403e-01,9.999999999999108491e-01
1.560000000000000000e+02,9.801769079200154238e+02,9.982878121002320970e-01,9.982878121002320970e-01,1.000000000000025757e+00
1.570000000000000000e+02,9.864600932271949887e+02,-9.995229551165586424e-01,9.995229551165586424e-01,9.999999999999303890e-01
1.580000000000000000e+02,9.927432785343746673e+02,9.977756616941256818e-01,9.977756616941256818e-01,1.000000000000038636e+00
1.590000000000000000e+02,9.990264638415542322e+02,-9.990123574793031702e-01,9.990123574793031702e-01,9.999999999999299449e-01
1.600000000000000000e+02,1.005309649148733797e+03,9.983090477502977178e-01,9.983090477502977178e-01,1.000000000000031086e+00
1.610000000000000000e+02,1.011592834455913362e+03,-9.982456072618456355e-01,9.982456072618456355e-01,9.999999999999142908e-01
1.620000000000000000e+02,1.017876019763092927e+03,9.990542092332255208e-01,9.990542092332255208e-01,1.000000000000010436e+00
1.630000000000000000e+02,1.024159205070272492e+03,-9.981430754584501575e-01,9.981430754584501575e-01,9.999999999998963052e-01
1.640000000000000000e+02,1.030442390377452057e+03,9.991316117242189376e-01,9.991316117242189376e-01,9.999999999999955591e-01
1.650000000000000000e+02,1.036725575684631622e+03,-9.985129546746492890e-01,9.985129546746492890e-01,9.999999999998899769e-01
1.660000000000000000e+02,1.043008760991811414e+03,9.987169874268991832e-01,9.987169874268991832e-01,9.999999999999960032e-01
1.670000000000000000e+02,1.049291946298990979e+03,-9.989254993922360715e-01,9.989254993922360715e-01,9.999999999998961941e-01
1.680000000000000000e+02,1.055575131606170544e+03,9.984072955153234785e-01,9.984072955153234785e-01,1.000000000000009104e+00
1.690000000000000000e+02,1.061858316913350109e+03,-9.987265323575095222e-01,9.987265323575095222e-01,9.999999999999107381e-01
1.700000000000000000e+02,1.068141502220529674e+03,9.987249154758084391e-01,9.987249154758084391e-01,1.000000000000023759e+00
1.710000000000000000e+02,1.074424687527709239e+03,-9.985005109941287316e-01,9.985005109941287316e-01,9.999999999999241718e-01
1.720000000000000000e+02,1.080707872834888803e+03,9.988854701892413424e-01,9.988854701892413424e-01,1.000000000000031752e+00
1.730000000000000000e+02,1.086991058142068368e+03,-9.988438689356400335e-01,9.988438689356400335e-01,9.999999999999297229e-01
1.740000000000000000e+02,1.093274243449247933e+03,9.985211316468753928e-01,9.985211316468753928e-01,1.000000000000031308e+00
1.750000000000000000e+02,1.099557428756427498e+03,-9.993092703600825466e-01,9.993092703600825466e-01,9.999999999999210631e-01
1.760000000000000000e+02,1.105840614063607063e+03,9.982619208290892665e-01,9.982619208290892665e-01,1.000000000000018652e+00
1.770000000000000000e+02,1.112123799370786855e+03,-9.989593452459550882e-01,9.989593452459550882e-01,9.999999999999013012e-01
1.780000000000000000e+02,1.118406984677966420e+03,9.988088511001351755e-01,9.988088511001351755e-01,1.000000000000000000e+00
1.790000000000000000e+02,1.124690169985145985e+03,-9.981830910259262835e-01,9.981830910259262835e-01,9.999999999998860911e-01
1.800000000000000000e+02,1.130973355292325550e+03,9.994939952620071066e-01,9.994939952620071066e-01,9.999999999999921174e-01
1.810000000000000000e+02,1.137256540599505115e+03,-9.981234677803302313e-01,9.981234677803302313e-01,9.999999999998913092e-01
1.820000000000000000e+02,1.143539725906684680e+03,9.993747250850223418e-01,9.993747250850223418e-01,1.000000000000003553e+00
1.830000000000000000e+02,1.149822911213864245e+03,-9.988028828629819111e-01,9.988028828629819111e-01,9.999999999999128475e-01
1.840000000000000000e+02,1.156106096521043810e+03,9.985868373559793065e-01,9.985868373559793065e-01,1.000000000000025313e+00
1.850000000000000000e+02,1.162389281828223375e+03,-9.995895186940130239e-01,9.995895186940130239e-01,9.999999999999307221e-01
1.860000000000000000e+02,1.168672467135402940e+03,9.978924502933788077e-01,9.978924502933788077e-01,1.000000000000038192e+00
1.870000000000000000e+02,1.174955652442582732e+03,-9.994266929208150962e-01,9.994266929208150962e-01,9.999999999999295008e-01
1.880000000000000000e+02,1.181238837749762297e+03,9.983041165428909736e-01,9.983041165428909736e-01,1.000000000000028644e+00
1.890000000000000000e+02,1.187522023056941862e+03,-9.985726293315684288e-01,9.985726293315684288e-01,9.999999999999092948e-01
1.900000000000000000e+02,1.193805208364121427e+03,9.992980764314289832e-01,9.992980764314289832e-01,1.000000000000004219e+00
1.910000000000000000e+02,1.200088393671300992e+03,-9.980879128079245266e-01,9.980879128079245266e-01,9.999999999998889777e-01
1.920000000000000000e+02,1.206371578978480557e+03,9.996132129672299360e-01,9.996132129672299360e-01,9.999999999999885647e-01
1.930000000000000000e+02,1.212654764285660121e+03,-9.985917279405864821e-01,9.985917279405864821e-01,9.999999999998856470e-01
1.940000000000000000e+02,1.218937949592839686e+03,9.989294699950850287e-01,9.989294699950850287e-01,9.999999999999937828e-01
1.950000000000000000e+02,1.225221134900019251e+03,-9.991742768538709463e-01,9.991742768538709463e-01,9.999999999998973044e-01
1.960000000000000000e+02,1.231504320207198816e+03,9.984494027318165932e-01,9.984494027318165932e-01,1.000000000000010658e+00
1.970000000000000000e+02,1.237787505514378381e+03,-9.990649152028538982e-01,9.990649152028538982e-01,9.999999999999122924e-01
1.980000000000000000e+02,1.244070690821558173e+03,9.986420578572764439e-01,9.986420578572764439e-01,1.000000000000024869e+00
1.990000000000000000e+02,1.250353876128737738e+03,-9.987789035379924796e-01,9.987789035379924796e-01,9.999999999999228395e-01
2.000000000000000000e+02,1.256637061435917303e+03,9.988906265218402414e-01,9.988906265218402414e-01,1.000000000000029310e+00
2.010000000000000000e+02,1.262920246743096868e+03,-9.987643557325270871e-01,9.987643557325270871e-01,9.999999999999233946e-01
2.030000000000000000e+02,1.275486617357455998e+03,-9.990614112175431050e-01,9.990614112175431050e-01,9.999999999999118483e-01
2.050000000000000000e+02,1.288052987971815128e+03,-9.989494997269852128e-01,9.989494997269852128e-01,9.999999999998961941e-01
2.070000000000000000e+02,1.300619358586174258e+03,-9.983716214443861814e-01,9.983716214443861814e-01,9.999999999998859801e-01
2.090000000000000000e+02,1.313185729200533615e+03,-9.979526728380863076e-01,9.979526728380863076e-01,9.999999999998920863e-01
2.110000000000000000e+02,1.325752099814892745e+03,-9.985698921783043858e-01,9.985698921783043858e-01,9.999999999999122924e-01
2.130000000000000000e+02,1.338318470429251875e+03,-9.994871092833026438e-01,9.994871092833026438e-01,9.999999999999302780e-01
2.150000000000000000e+02,1.350884841043611004e+03,-9.994379669102733121e-01,9.994379669102733121e-01,9.999999999999277245e-01
2.180000000000000000e+02,1.369734396965149699e+03,9.990894852061557030e-01,9.990894852061557030e-01,1.000000000000002220e+00
2.200000000000000000e+02,1.382300767579509056e+03,9.995517439380497970e-01,9.995517439380497970e-01,9.999999999999870104e-01
2.220000000000000000e+02,1.394867138193868186e+03,9.991554902233933388e-01,9.991554902233933388e-01,9.999999999999925615e-01
2.240000000000000000e+02,1.407433508808227316e+03,9.984958701010647752e-01,9.984958701010647752e-01,1.000000000000012434e+00
2.270000000000000000e+02,1.426283064729766011e+03,-9.989468194424930836e-01,9.989468194424930836e-01,9.999999999999235056e-01
2.290000000000000000e+02,1.438849435344125141e+03,-9.985820598507448853e-01,9.985820598507448853e-01,9.999999999999177325e-01
2.310000000000000000e+02,1.451415805958484498e+03,-9.988605422801676292e-01,9.988605422801676292e-01,9.999999999999047429e-01
2.340000000000000000e+02,1.470265361880023192e+03,9.986281326240904477e-01,9.986281326240904477e-01,9.999999999999931166e-01
2.360000000000000000e+02,1.482831732494382322e+03,9.990977611800130331e-01,9.990977611800130331e-01,9.999999999999928946e-01
2.380000000000000000e+02,1.495398103108741452e+03,9.993555094715583786e-01,9.993555094715583786e-01,1.000000000000004885e+00
2.410000000000000000e+02,1.514247659030280374e+03,-9.993371175888269287e-01,9.993371175888269287e-01,9.999999999999261702e-01
2.430000000000000000e+02,1.526814029644639504e+03,-9.996063853884575856e-01,9.996063853884575856e-01,9.999999999999220623e-01
2.460000000000000000e+02,1.545663585566178199e+03,9.989545023294035264e-01,9.989545023294035264e-01,9.999999999999974465e-01
2.480000000000000000e+02,1.558229956180537329e+03,9.996928785427133812e-01,9.996928785427133812e-01,9.999999999999812372e-01
2.510000000000000000e+02,1.577079512102076251e+03,-9.990828943662892758e-01,9.990828943662892758e-01,9.999999999998966382e-01
2.530000000000000000e+02,1.589645882716435381e+03,-9.994544637639304341e-01,9.994544637639304341e-01,9.999999999999165112e-01
2.560000000000000000e+02,1.608495438637974075e+03,9.985211315359765472e-01,9.985211315359765472e-01,1.000000000000024425e+00
2.590000000000000000e+02,1.627344994559512770e+03,-9.983699446759269902e-01,9.983699446759269902e-01,9.999999999998963052e-01
2.610000000000000000e+02,1.639911365173871900e+03,-9.986891244602994488e-01,9.986891244602994488e-01,9.999999999998847589e-01
2.640000000000000000e+02,1.658760921095410822e+03,9.986195707125425924e-01,9.986195707125425924e-01,9.999999999999957812e-01
2.670000000000000000e+02,1.677610477016949517e+03,-9.983722483847325968e-01,9.983722483847325968e-01,9.999999999999120703e-01
2.690000000000000000e+02,1.690176847631308647e+03,-9.990600994828184866e-01,9.990600994828184866e-01,9.999999999999239497e-01
2.720000000000000000e+02,1.709026403552847569e+03,9.981051570507668558e-01,9.981051570507668558e-01,1.000000000000016653e+00
2.750000000000000000e+02,1.727875959474386264e+03,-9.980615923973511494e-01,9.980615923973511494e-01,9.999999999998780975e-01
2.780000000000000000e+02,1.746725515395924958e+03,9.994235955000875249e-01,9.994235955000875249e-01,9.999999999999897859e-01
2.810000000000000000e+02,1.765575071317463653e+03,-9.994801487903389736e-01,9.994801487903389736e-01,9.999999999999179545e-01
2.830000000000000000e+02,1.778141441931823010e+03,-9.992896609974245559e-01,9.992896609974245559e-01,9.999999999999208411e-01
2.860000000000000000e+02,1.796990997853361705e+03,9.991590466057508335e-01,9.991590466057508335e-01,1.000000000000001554e+00
2.890000000000000000e+02,1.815840553774900400e+03,-9.986328379170661407e-01,9.986328379170661407e-01,9.999999999998795408e-01
2.920000000000000000e+02,1.834690109696439094e+03,9.984752940350004602e-01,9.984752940350004602e-01,9.999999999999965583e-01
2.950000000000000000e+02,1.853539665617978017e+03,-9.984693885466957575e-01,9.984693885466957575e-01,9.999999999999114042e-01
2.980000000000000000e+02,1.872389221539516711e+03,9.984802595013695381e-01,9.984802595013695381e-01,1.000000000000020872e+00
3.010000000000000000e+02,1.891238777461055406e+03,-9.988707322993368720e-01,9.988707322993368720e-01,9.999999999998934186e-01
3.040000000000000000e+02,1.910088333382594101e+03,9.991926714337753257e-01,9.991926714337753257e-01,9.999999999999814593e-01
3.070000000000000000e+02,1.928937889304133023e+03,-9.984941599444102645e-01,9.984941599444102645e-01,9.999999999998987477e-01
3.110000000000000000e+02,1.954070630532851283e+03,-9.992308948475354669e-01,9.992308948475354669e-01,9.999999999999210631e-01
3.140000000000000000e+02,1.972920186454389977e+03,9.989293302574879796e-01,9.989293302574879796e-01,9.999999999999994449e-01
3.170000000000000000e+02,1.991769742375928899e+03,-9.982719575169168857e-01,9.982719575169168857e-01,9.999999999998768763e-01
3.200000000000000000e+02,2.010619298297467594e+03,9.983631547733824441e-01,9.983631547733824441e-01,9.999999999999988898e-01
3.230000000000000000e+02,2.029468854219006289e+03,-9.986351097424963630e-01,9.986351097424963630e-01,9.999999999999128475e-01
3.270000000000000000e+02,2.054601595447724776e+03,-9.990117039993861026e-01,9.990117039993861026e-01,9.999999999999058531e-01
3.300000000000000000e+02,2.073451151369263243e+03,9.984631888396567900e-01,9.984631888396567900e-01,9.999999999999884537e-01
3.330000000000000000e+02,2.092300707290802166e+03,-9.980190732652035601e-01,9.980190732652035601e-01,9.999999999998790967e-01
3.370000000000000000e+02,2.117433448519520425e+03,-9.992782900711865146e-01,9.992782900711865146e-01,9.999999999999180655e-01
3.400000000000000000e+02,2.136283004441059347e+03,9.979441577657010010e-01,9.979441577657010010e-01,1.000000000000018652e+00
3.440000000000000000e+02,2.161415745669777607e+03,9.995182325693442449e-01,9.995182325693442449e-01,9.999999999999762412e-01
3.470000000000000000e+02,2.180265301591316529e+03,-9.989399034758291718e-01,9.989399034758291718e-01,9.999999999998852029e-01
3.510000000000000000e+02,2.205398042820034789e+03,-9.986744305945749467e-01,9.986744305945749467e-01,9.999999999999124034e-01
3.540000000000000000e+02,2.224247598741573711e+03,9.987402942170562348e-01,9.987402942170562348e-01,1.000000000000009992e+00
3.580000000000000000e+02,2.249380339970291971e+03,9.984248091883265452e-01,9.984248091883265452e-01,9.999999999999856781e-01
3.620000000000000000e+02,2.274513081199010230e+03,9.990841399966021719e-01,9.990841399966021719e-01,9.999999999999951150e-01
3.650000000000000000e+02,2.293362637120549152e+03,-9.991650255534930691e-01,9.991650255534930691e-01,9.999999999999181766e-01
3.690000000000000000e+02,2.318495378349267412e+03,-9.987837742515834893e-01,9.987837742515834893e-01,9.999999999998968603e-01
3.730000000000000000e+02,2.343628119577985672e+03,-9.981262260940377828e-01,9.981262260940377828e-01,9.999999999998707700e-01
3.770000000000000000e+02,2.368760860806703931e+03,-9.994148938759345180e-01,9.994148938759345180e-01,9.999999999999059641e-01
3.810000000000000000e+02,2.393893602035422191e+03,-9.984689057681921387e-01,9.984689057681921387e-01,9.999999999999051870e-01
3.840000000000000000e+02,2.412743157956961113e+03,9.989410147210050495e-01,9.989410147210050495e-01,9.999999999999874545e-01
3.880000000000000000e+02,2.437875899185679373e+03,9.986460725985267795e-01,9.986460725985267795e-01,9.999999999999851230e-01
3.920000000000000000e+02,2.463008640414397632e+03,9.988537046203775915e-01,9.988537046203775915e-01,1.000000000000012212e+00
3.960000000000000000e+02,2.488141381643116347e+03,9.980195808219756159e-01,9.980195808219756159e-01,1.000000000000011102e+00
4.000000000000000000e+02,2.513274122871834606e+03,9.994129728688170289e-01,9.994129728688170289e-01,9.999999999999737987e-01
4.050000000000000000e+02,2.544690049407732204e+03,-9.994760681586966067e-01,9.994760681586966067e-01,9.999999999999084066e-01
4.090000000000000000e+02,2.569822790636450918e+03,-9.984662098107609518e-01,9.984662098107609518e-01,9.999999999999021894e-01
4.130000000000000000e+02,2.594955531865169178e+03,-9.985864191181033078e-01,9.985864191181033078e-01,9.999999999998733236e-01
4.170000000000000000e+02,2.620088273093887437e+03,-9.988336568863087628e-01,9.988336568863087628e-01,9.999999999998876454e-01
4.210000000000000000e+02,2.645221014322605697e+03,-9.989259656033461221e-01,9.989259656033461221e-01,9.999999999999106270e-01
4.260000000000000000e+02,2.676636940858503749e+03,9.986646574133614118e-01,9.986646574133614118e-01,9.999999999999854561e-01
4.300000000000000000e+02,2.701769682087222009e+03,9.995317129235848919e-01,9.995317129235848919e-01,9.999999999999785727e-01
4.340000000000000000e+02,2.726902423315940268e+03,9.979971690459212841e-01,9.979971690459212841e-01,1.000000000000016875e+00
4.390000000000000000e+02,2.758318349851838320e+03,-9.979837861635435514e-01,9.979837861635435514e-01,9.999999999998752109e-01
4.430000000000000000e+02,2.783451091080556580e+03,-9.989929106818158377e-01,9.989929106818158377e-01,9.999999999998736566e-01
4.480000000000000000e+02,2.814867017616454632e+03,9.988600447961859530e-01,9.988600447961859530e-01,1.000000000000009992e+00
4.520000000000000000e+02,2.839999758845172892e+03,9.984228979708614782e-01,9.984228979708614782e-01,9.999999999999966693e-01
4.570000000000000000e+02,2.871415685381070944e+03,-9.979649484975280371e-01,9.979649484975280371e-01,9.999999999998696598e-01
4.620000000000000000e+02,2.902831611916968996e+03,9.979876372314460120e-01,9.979876372314460120e-01,1.000000000000016653e+00
4.660000000000000000e+02,2.927964353145687255e+03,9.989899477620497459e-01,9.989899477620497459e-01,9.999999999999878986e-01
4.710000000000000000e+02,2.959380279681585307e+03,-9.989594960842117510e-01,9.989594960842117510e-01,9.999999999998725464e-01
4.760000000000000000e+02,2.990796206217482904e+03,9.986858221561464299e-01,9.986858221561464299e-01,1.000000000000008438e+00
4.810000000000000000e+02,3.022212132753380956e+03,-9.990160095688609410e-01,9.990160095688609410e-01,9.999999999998756550e-01
4.860000000000000000e+02,3.053628059289279008e+03,9.991974069044456952e-01,9.991974069044456952e-01,9.999999999999811262e-01
4.910000000000000000e+02,3.085043985825177060e+03,-9.994215751207605747e-01,9.994215751207605747e-01,9.999999999999069633e-01
4.960000000000000000e+02,3.116459912361074657e+03,9.994655419655640305e-01,9.994655419655640305e-01,9.999999999999658051e-01
5.010000000000000000e+02,3.147875838896972709e+03,-9.993160498480749832e-01,9.993160498480749832e-01,9.999999999998937517e-01
5.060000000000000000e+02,3.179291765432870761e+03,9.988759519885189730e-01,9.988759519885189730e-01,9.999999999999966693e-01
5.110000000000000000e+02,3.210707691968768358e+03,-9.987185494050273560e-01,9.987185494050273560e-01,9.999999999998648859e-01
5.160000000000000000e+02,3.242123618504666410e+03,9.990298527555951935e-01,9.990298527555951935e-01,9.999999999999988898e-01
5.220000000000000000e+02,3.279822730347743800e+03,9.985737584876365203e-01,9.985737584876365203e-01,9.999999999999812372e-01
5.270000000000000000e+02,3.311238656883641852e+03,-9.985482211924857632e-01,9.985482211924857632e-01,9.999999999998722133e-01
5.320000000000000000e+02,3.342654583419539904e+03,9.980006373975828238e-01,9.980006373975828238e-01,1.000000000000007327e+00
5.380000000000000000e+02,3.380353695262617293e+03,9.986159865881636399e-01,9.986159865881636399e-01,9.999999999999669154e-01
5.430000000000000000e+02,3.411769621798515345e+03,-9.983126147299717923e-01,9.983126147299717923e-01,9.999999999998890887e-01
5.490000000000000000e+02,3.449468733641592735e+03,-9.989493870523671326e-01,9.989493870523671326e-01,9.999999999998820943e-01
5.540000000000000000e+02,3.480884660177490787e+03,9.993890459568380846e-01,9.993890459568380846e-01,9.999999999999670264e-01
5.600000000000000000e+02,3.518583772020568176e+03,9.979209205133765526e-01,9.979209205133765526e-01,1.000000000000006217e+00
5.660000000000000000e+02,3.556282883863646020e+03,9.989631615935291586e-01,9.989631615935291586e-01,9.999999999999626965e-01
5.710000000000000000e+02,3.587698810399543618e+03,-9.986838391694967676e-01,9.986838391694967676e-01,9.999999999998901989e-01
5.770000000000000000e+02,3.625397922242621462e+03,-9.990370593696067392e-01,9.990370593696067392e-01,9.999999999998762101e-01
5.830000000000000000e+02,3.663097034085698851e+03,-9.982263173457011085e-01,9.982263173457011085e-01,9.999999999998743228e-01
5.890000000000000000e+02,3.700796145928776241e+03,-9.987593418641629306e-01,9.987593418641629306e-01,9.999999999998878675e-01
5.950000000000000000e+02,3.738495257771853630e+03,-9.987413759942005420e-01,9.987413759942005420e-01,9.999999999998631095e-01
6.010000000000000000e+02,3.776194369614931475e+03,-9.985109991042128152e-01,9.985109991042128152e-01,9.999999999998947509e-01
6.070000000000000000e+02,3.813893481458008864e+03,-9.986212928558786395e-01,9.986212928558786395e-01,9.999999999998585576e-01
6.140000000000000000e+02,3.857875778608266046e+03,9.982602745793865973e-01,9.982602745793865973e-01,1.000000000000003553e+00
6.200000000000000000e+02,3.895574890451343435e+03,9.995336809848011095e-01,9.995336809848011095e-01,9.999999999999579225e-01
6.260000000000000000e+02,3.933274002294420825e+03,9.980616719058801323e-01,9.980616719058801323e-01,9.999999999999942268e-01
6.330000000000000000e+02,3.977256299444678007e+03,-9.987047237027136815e-01,9.987047237027136815e-01,9.999999999998631095e-01
6.390000000000000000e+02,4.014955411287755396e+03,-9.982734135806057285e-01,9.982734135806057285e-01,9.999999999998764322e-01
6.460000000000000000e+02,4.058937708438012578e+03,9.984821324606321102e-01,9.984821324606321102e-01,9.999999999999772404e-01
6.520000000000000000e+02,4.096636820281089967e+03,9.988194794855224101e-01,9.988194794855224101e-01,9.999999999999749090e-01
6.590000000000000000e+02,4.140619117431347149e+03,-9.983815034699049518e-01,9.983815034699049518e-01,9.999999999998688827e-01
6.660000000000000000e+02,4.184601414581604331e+03,9.988291830878783806e-01,9.988291830878783806e-01,9.999999999999755751e-01
6.720000000000000000e+02,4.222300526424682175e+03,9.982250960052628797e-01,9.982250960052628797e-01,9.999999999999896749e-01
6.790000000000000000e+02,4.266282823574939357e+03,-9.983563722136949981e-01,9.983563722136949981e-01,9.999999999998601119e-01
6.860000000000000000e+02,4.310265120725196539e+03,9.986712308982872432e-01,9.986712308982872432e-01,9.999999999999806821e-01
6.930000000000000000e+02,4.354247417875452811e+03,-9.990159700119802810e-01,9.990159700119802810e-01,9.999999999998648859e-01
7.000000000000000000e+02,4.398229715025709993e+03,9.984196889857097634e-01,9.984196889857097634e-01,9.999999999999822364e-01
7.070000000000000000e+02,4.442212012175967175e+03,-9.982207380130511121e-01,9.982207380130511121e-01,9.999999999998602229e-01
7.150000000000000000e+02,4.492477494633404604e+03,-9.980509736779993313e-01,9.980509736779993313e-01,9.999999999998557820e-01
7.220000000000000000e+02,4.536459791783660876e+03,9.981917226440158997e-01,9.981917226440158997e-01,9.999999999999795719e-01
7.290000000000000000e+02,4.580442088933918058e+03,-9.988153150670996405e-01,9.988153150670996405e-01,9.999999999998618883e-01
7.370000000000000000e+02,4.630707571391355486e+03,-9.989013540302599248e-01,9.989013540302599248e-01,9.999999999998828715e-01
7.440000000000000000e+02,4.674689868541611759e+03,9.993067963280000132e-01,9.993067963280000132e-01,9.999999999999505951e-01
7.520000000000000000e+02,4.724955350999049188e+03,9.983411027044557517e-01,9.983411027044557517e-01,9.999999999999883427e-01
7.600000000000000000e+02,4.775220833456485707e+03,9.986065146156134498e-01,9.986065146156134498e-01,9.999999999999518163e-01
7.670000000000000000e+02,4.819203130606742889e+03,-9.994125953158132791e-01,9.994125953158132791e-01,9.999999999998863132e-01
7.750000000000000000e+02,4.869468613064179408e+03,-9.982880901103355908e-01,9.982880901103355908e-01,9.999999999998478994e-01
7.830000000000000000e+02,4.919734095521615927e+03,-9.980307884421657505e-01,9.980307884421657505e-01,9.999999999998629985e-01
7.910000000000000000e+02,4.969999577979052447e+03,-9.983014774354871390e-01,9.983014774354871390e-01,9.999999999998656630e-01
7.990000000000000000e+02,5.020265060436488966e+03,-9.984616756699870033e-01,9.984616756699870033e-01,9.999999999998466782e-01
8.070000000000000000e+02,5.070530542893926395e+03,-9.995513361394352536e-01,9.995513361394352536e-01,9.999999999998835376e-01
8.160000000000000000e+02,5.127079210658542252e+03,9.985132035979493725e-01,9.985132035979493725e-01,9.999999999999508171e-01
8.240000000000000000e+02,5.177344693115978771e+03,9.983167482502435242e-01,9.983167482502435242e-01,9.999999999999760192e-01
8.320000000000000000e+02,5.227610175573416200e+03,9.989571682686874121e-01,9.989571682686874121e-01,9.999999999999631406e-01
8.410000000000000000e+02,5.284158843338032057e+03,-9.980572970418644108e-01,9.980572970418644108e-01,9.999999999998363531e-01
8.490000000000000000e+02,5.334424325795468576e+03,-9.986360396202494938e-01,9.986360396202494938e-01,9.999999999998749889e-01
8.580000000000000000e+02,5.390972993560085342e+03,9.992110164237515413e-01,9.992110164237515413e-01,9.999999999999468203e-01
8.670000000000000000e+02,5.447521661324701199e+03,-9.981946342836410802e-01,9.981946342836410802e-01,9.999999999998462341e-01
8.760000000000000000e+02,5.504070329089317966e+03,9.982663114392649195e-01,9.982663114392649195e-01,9.999999999999807931e-01
8.850000000000000000e+02,5.560618996853933822e+03,-9.984639455086405935e-01,9.984639455086405935e-01,9.999999999998386846e-01
8.940000000000000000e+02,5.617167664618549679e+03,9.984604418096472145e-01,9.984604418096472145e-01,9.999999999999629186e-01
9.030000000000000000e+02,5.673716332383166446e+03,-9.994823182959549079e-01,9.994823182959549079e-01,9.999999999998718803e-01
9.120000000000000000e+02,5.730265000147782303e+03,9.985839773648544915e-01,9.985839773648544915e-01,9.999999999999402700e-01
9.210000000000000000e+02,5.786813667912399069e+03,-9.993000252159035535e-01,9.993000252159035535e-01,9.999999999998622213e-01
9.310000000000000000e+02,5.849645520984195173e+03,-9.994486293785990183e-01,9.994486293785990183e-01,9.999999999998736566e-01
9.400000000000000000e+02,5.906194188748811030e+03,9.986396596252327118e-01,9.986396596252327118e-01,9.999999999999396039e-01
9.500000000000000000e+02,5.969026041820607134e+03,9.983005523509973500e-01,9.983005523509973500e-01,9.999999999999519273e-01
9.600000000000000000e+02,6.031857894892402328e+03,9.976237844220048334e-01,9.976237844220048334e-01,9.999999999999785727e-01
9.690000000000000000e+02,6.088406562657019094e+03,-9.989656308407148799e-01,9.989656308407148799e-01,9.999999999998422373e-01
9.790000000000000000e+02,6.151238415728815198e+03,-9.987327219306152415e-01,9.987327219306152415e-01,9.999999999998337996e-01
9.890000000000000000e+02,6.214070268800610393e+03,-9.992336469414775380e-01,9.992336469414775380e-01,9.999999999998627764e-01
9.990000000000000000e+02,6.276902121872406497e+03,-9.991314576098755396e-01,9.991314576098755396e-01,9.999999999998590017e-01
1.010000000000000000e+03,6.346017160251381938e+03,9.988344622130123085e-01,9.988344622130123085e-01,9.999999999999380496e-01
1.020000000000000000e+03,6.408849013323178042e+03,9.990332857102220965e-01,9.990332857102220965e-01,9.999999999999350520e-01
1.030000000000000000e+03,6.471680866394974146e+03,9.986493815791566142e-01,9.986493815791566142e-01,9.999999999999640288e-01
1.041000000000000000e+03,6.540795904773949587e+03,-9.986437421471926479e-01,9.986437421471926479e-01,9.999999999998577804e-01
1.051000000000000000e+03,6.603627757845744782e+03,-9.980442644345857151e-01,9.980442644345857151e-01,9.999999999998241407e-01
1.062000000000000000e+03,6.672742796224720223e+03,9.990718916377050451e-01,9.990718916377050451e-01,9.999999999999275024e-01
1.073000000000000000e+03,6.741857834603695665e+03,-9.992708201046662797e-01,9.992708201046662797e-01,9.999999999998506750e-01
1.084000000000000000e+03,6.810972872982671106e+03,9.979833389678942623e-01,9.979833389678942623e-01,9.999999999999692468e-01
1.095000000000000000e+03,6.880087911361646547e+03,-9.990027357438940880e-01,9.990027357438940880e-01,9.999999999998457900e-01
1.106000000000000000e+03,6.949202949740621989e+03,9.992164986727680720e-01,9.992164986727680720e-01,9.999999999999249489e-01
1.117000000000000000e+03,7.018317988119597430e+03,-9.979154483636332174e-01,9.979154483636332174e-01,9.999999999998159250e-01
1.129000000000000000e+03,7.093716211805753119e+03,-9.987897466375530442e-01,9.987897466375530442e-01,9.999999999998340217e-01
1.140000000000000000e+03,7.162831250184728560e+03,9.980475174256540072e-01,9.980475174256540072e-01,9.999999999999624745e-01
1.152000000000000000e+03,7.238229473870883339e+03,9.978940457488993943e-01,9.978940457488993943e-01,9.999999999999595879e-01
1.164000000000000000e+03,7.313627697557038118e+03,9.989679685689951683e-01,9.989679685689951683e-01,9.999999999999418243e-01
1.176000000000000000e+03,7.389025921243193807e+03,9.992121872384865933e-01,9.992121872384865933e-01,9.999999999999228395e-01
1.188000000000000000e+03,7.464424144929348586e+03,9.986805666556843875e-01,9.986805666556843875e-01,9.999999999999181766e-01
1.200000000000000000e+03,7.539822368615503365e+03,9.985852516793608524e-01,9.985852516793608524e-01,9.999999999999215072e-01
1.212000000000000000e+03,7.615220592301658144e+03,9.990919290039516065e-01,9.990919290039516065e-01,9.999999999999279465e-01
1.224000000000000000e+03,7.690618815987813832e+03,9.986259801428926108e-01,9.986259801428926108e-01,9.999999999999454880e-01
1.237000000000000000e+03,7.772300224981147949e+03,-9.993271901404384705e-01,9.993271901404384705e-01,9.999999999998477884e-01
1.250000000000000000e+03,7.853981633974482975e+03,9.986251317551941842e-01,9.986251317551941842e-01,9.999999999999495959e-01
1.262000000000000000e+03,7.929379857660637754e+03,9.988071887799924164e-01,9.988071887799924164e-01,9.999999999999470424e-01
1.275000000000000000e+03,8.011061266653972780e+03,-9.994164583919213918e-01,9.994164583919213918e-01,9.999999999998393507e-01
1.288000000000000000e+03,8.092742675647306896e+03,9.991751399750843365e-01,9.991751399750843365e-01,9.999999999999299449e-01
1.301000000000000000e+03,8.174424084640641922e+03,-9.988096389260037178e-01,9.988096389260037178e-01,9.999999999998204769e-01
1.315000000000000000e+03,8.262388678941155376e+03,-9.988312312697523732e-01,9.988312312697523732e-01,9.999999999998188116e-01
1.328000000000000000e+03,8.344070087934491312e+03,9.995259638352769205e-01,9.995259638352769205e-01,9.999999999999098499e-01
1.342000000000000000e+03,8.432034682235003856e+03,9.983922460676529775e-01,9.983922460676529775e-01,9.999999999999200639e-01
1.355000000000000000e+03,8.513716091228339792e+03,-9.980154858570529086e-01,9.980154858570529086e-01,9.999999999998020472e-01
1.369000000000000000e+03,8.601680685528854156e+03,-9.991244574561766179e-01,9.991244574561766179e-01,9.999999999998069322e-01
1.383000000000000000e+03,8.689645279829368519e+03,-9.981029678923780679e-01,9.981029678923780679e-01,9.999999999998011591e-01
1.397000000000000000e+03,8.777609874129881064e+03,-9.987962176147618942e-01,9.987962176147618942e-01,9.999999999998061551e-01
1.412000000000000000e+03,8.871857653737575674e+03,9.990933605787116756e-01,9.990933605787116756e-01,9.999999999999171774e-01
1.426000000000000000e+03,8.959822248038090038e+03,9.982919572589182833e-01,9.982919572589182833e-01,9.999999999999211742e-01
1.441000000000000000e+03,9.054070027645784648e+03,-9.982836146732684268e-01,9.982836146732684268e-01,9.999999999998234745e-01
1.455000000000000000e+03,9.142034621946297193e+03,-9.993865563293646836e-01,9.993865563293646836e-01,9.999999999998299138e-01
1.470000000000000000e+03,9.236282401553991804e+03,9.987793830299148690e-01,9.987793830299148690e-01,9.999999999999313882e-01
1.485000000000000000e+03,9.330530181161686414e+03,-9.994457848837141611e-01,9.994457848837141611e-01,9.999999999998333555e-01
1.500000000000000000e+03,9.424777960769379206e+03,9.989710923907946238e-01,9.989710923907946238e-01,9.999999999999242828e-01
1.516000000000000000e+03,9.525308925684252245e+03,9.987713587690841832e-01,9.987713587690841832e-01,9.999999999999086286e-01
1.531000000000000000e+03,9.619556705291946855e+03,-9.987323516933941381e-01,9.987323516933941381e-01,9.999999999997938316e-01
1.547000000000000000e+03,9.720087670206819894e+03,-9.980182656244052097e-01,9.980182656244052097e-01,9.999999999997802869e-01
1.562000000000000000e+03,9.814335449814514504e+03,9.987281585291866159e-01,9.987281585291866159e-01,9.999999999998944178e-01
1.578000000000000000e+03,9.914866414729387543e+03,9.986630024537896944e-01,9.986630024537896944e-01,9.999999999999085176e-01
1.595000000000000000e+03,1.002168056495144083e+04,-9.986448567697149281e-01,9.986448567697149281e-01,9.999999999998185896e-01
1.611000000000000000e+03,1.012221152986631387e+04,-9.989027909514156534e-01,9.989027909514156534e-01,9.999999999998081535e-01
1.627000000000000000e+03,1.022274249478118691e+04,-9.988029273075338388e-01,9.988029273075338388e-01,9.999999999997923883e-01
1.644000000000000000e+03,1.032955664500324019e+04,9.993052344336391668e-01,9.993052344336391668e-01,9.999999999998784306e-01
1.661000000000000000e+03,1.043637079522529348e+04,-9.982946014937778001e-01,9.982946014937778001e-01,9.999999999997966071e-01
1.678000000000000000e+03,1.054318494544734494e+04,9.980437567410039845e-01,9.980437567410039845e-01,9.999999999999209521e-01
1.695000000000000000e+03,1.064999909566939823e+04,-9.991894804970904431e-01,9.991894804970904431e-01,9.999999999997983835e-01
1.712000000000000000e+03,1.075681324589145152e+04,9.989555629626739597e-01,9.989555629626739597e-01,9.999999999998770983e-01
1.729000000000000000e+03,1.086362739611350480e+04,-9.982392373148281095e-01,9.982392373148281095e-01,9.999999999997839506e-01
1.747000000000000000e+03,1.097672473164273651e+04,-9.986074789476347968e-01,9.986074789476347968e-01,9.999999999998064881e-01
1.765000000000000000e+03,1.108982206717197005e+04,-9.981727081714005800e-01,9.981727081714005800e-01,9.999999999997761790e-01
1.783000000000000000e+03,1.120291940270120176e+04,-9.985550734898889225e-01,9.985550734898889225e-01,9.999999999997709610e-01
1.801000000000000000e+03,1.131601673823043529e+04,-9.993783225784298452e-01,9.993783225784298452e-01,9.999999999998038236e-01
1.820000000000000000e+03,1.143539725906684725e+04,9.981735794985772126e-01,9.981735794985772126e-01,9.999999999998883116e-01
1.838000000000000000e+03,1.154849459459607897e+04,9.986467538029931701e-01,9.986467538029931701e-01,9.999999999998724354e-01
1.857000000000000000e+03,1.166787511543249093e+04,-9.994086893753726386e-01,9.994086893753726386e-01,9.999999999998047118e-01
1.876000000000000000e+03,1.178725563626890289e+04,9.983506622424868082e-01,9.983506622424868082e-01,9.999999999998774314e-01
1.895000000000000000e+03,1.190663615710531667e+04,-9.990471446850140991e-01,9.990471446850140991e-01,9.999999999997768452e-01
1.914000000000000000e+03,1.202601667794172863e+04,9.978228307476627590e-01,9.978228307476627590e-01,9.999999999999047429e-01
1.934000000000000000e+03,1.215168038408531902e+04,9.987329678026107826e-01,9.987329678026107826e-01,9.999999999998642197e-01
1.954000000000000000e+03,1.227734409022891123e+04,9.978876252481913012e-01,9.978876252481913012e-01,9.999999999999032996e-01
1.974000000000000000e+03,1.240300779637250344e+04,9.989522296379773625e-01,9.989522296379773625e-01,9.999999999998605560e-01
1.994000000000000000e+03,1.252867150251609564e+04,9.985519821751828173e-01,9.985519821751828173e-01,9.999999999998899769e-01
2.014000000000000000e+03,1.265433520865968603e+04,9.992955352587286066e-01,9.992955352587286066e-01,9.999999999998597788e-01
2.035000000000000000e+03,1.278628210011045849e+04,-9.987588746146176533e-01,9.987588746146176533e-01,9.999999999997787326e-01
2.055000000000000000e+03,1.291194580625404888e+04,-9.984504648560682538e-01,9.984504648560682538e-01,9.999999999997566391e-01
2.076000000000000000e+03,1.304389269770482133e+04,9.981562316113404831e-01,9.981562316113404831e-01,9.999999999998809841e-01
2.098000000000000000e+03,1.318212277446277221e+04,9.985681569296116500e-01,9.985681569296116500e-01,9.999999999998518962e-01
2.119000000000000000e+03,1.331406966591354285e+04,-9.984946215331848007e-01,9.984946215331848007e-01,9.999999999997777334e-01
2.141000000000000000e+03,1.345229974267149373e+04,-9.983182964429899720e-01,9.983182964429899720e-01,9.999999999997386535e-01
2.162000000000000000e+03,1.358424663412226619e+04,9.980499629301555764e-01,9.980499629301555764e-01,9.999999999998886446e-01
2.185000000000000000e+03,1.372875989618739550e+04,-9.984254693410687942e-01,9.984254693410687942e-01,9.999999999997513100e-01
2.207000000000000000e+03,1.386698997294534638e+04,-9.983234596654835258e-01,9.983234596654835258e-01,9.999999999997433164e-01
2.229000000000000000e+03,1.400522004970329726e+04,-9.996061302085824662e-01,9.996061302085824662e-01,9.999999999997734035e-01
2.252000000000000000e+03,1.414973331176842839e+04,9.993574516590308932e-01,9.993574516590308932e-01,9.999999999998359090e-01
2.275000000000000000e+03,1.429424657383355952e+04,-9.988155447792327335e-01,9.988155447792327335e-01,9.999999999997508660e-01
2.298000000000000000e+03,1.443875983589868883e+04,9.980184751839603630e-01,9.980184751839603630e-01,9.999999999998715472e-01
2.322000000000000000e+03,1.458955628327099839e+04,9.991954549782567918e-01,9.991954549782567918e-01,9.999999999998325784e-01
2.346000000000000000e+03,1.474035273064330977e+04,9.985337452764575517e-01,9.985337452764575517e-01,9.999999999998393507e-01
2.369000000000000000e+03,1.488486599270843908e+04,-9.986864756557422007e-01,9.986864756557422007e-01,9.999999999997608580e-01
2.394000000000000000e+03,1.504194562538792889e+04,9.983441833973254464e-01,9.983441833973254464e-01,9.999999999998595568e-01
2.418000000000000000e+03,1.519274207276024026e+04,9.992496382221646156e-01,9.992496382221646156e-01,9.999999999998224753e-01
2.443000000000000000e+03,1.534982170543973007e+04,-9.979856167474276951e-01,9.979856167474276951e-01,9.999999999997170042e-01
2.468000000000000000e+03,1.550690133811921805e+04,9.980528386760314508e-01,9.980528386760314508e-01,9.999999999998492317e-01
2.493000000000000000e+03,1.566398097079870786e+04,-9.986704105483863447e-01,9.986704105483863447e-01,9.999999999997515321e-01
2.518000000000000000e+03,1.582106060347819766e+04,9.981073133551142673e-01,9.981073133551142673e-01,9.999999999998475664e-01
2.544000000000000000e+03,1.598442342146486772e+04,9.984150995620378888e-01,9.984150995620378888e-01,9.999999999998303579e-01
2.570000000000000000e+03,1.614778623945153595e+04,9.993001171312784203e-01,9.993001171312784203e-01,9.999999999998100408e-01
2.596000000000000000e+03,1.631114905743820600e+04,9.993657754467437648e-01,9.993657754467437648e-01,9.999999999998071543e-01
2.623000000000000000e+03,1.648079506073205630e+04,-9.983569476029977574e-01,9.983569476029977574e-01,9.999999999997042366e-01
2.649000000000000000e+03,1.664415787871872453e+04,-9.991169892953927212e-01,9.991169892953927212e-01,9.999999999997145617e-01
2.677000000000000000e+03,1.682008706731975326e+04,-9.989764406684310538e-01,9.989764406684310538e-01,9.999999999997102318e-01
2.704000000000000000e+03,1.698973307061360174e+04,9.990784493232287566e-01,9.990784493232287566e-01,9.999999999998114841e-01
2.731000000000000000e+03,1.715937907390745022e+04,-9.981377918790745873e-01,9.981377918790745873e-01,9.999999999997076783e-01
2.759000000000000000e+03,1.733530826250847895e+04,-9.979736430458461260e-01,9.979736430458461260e-01,9.999999999997034594e-01
2.788000000000000000e+03,1.751752063641668792e+04,9.994143113972051573e-01,9.994143113972051573e-01,9.999999999997951639e-01
2.816000000000000000e+03,1.769344982501771301e+04,9.992989673647705295e-01,9.992989673647705295e-01,9.999999999997938316e-01
2.845000000000000000e+03,1.787566219892592198e+04,-9.977206182259321654e-01,9.977206182259321654e-01,9.999999999996812550e-01
2.874000000000000000e+03,1.805787457283413096e+04,9.996862869789988615e-01,9.996862869789988615e-01,9.999999999997878364e-01
2.903000000000000000e+03,1.824008694674233993e+04,-9.981108126931707014e-01,9.981108126931707014e-01,9.999999999996924682e-01
2.933000000000000000e+03,1.842858250595772552e+04,-9.988077380688807905e-01,9.988077380688807905e-01,9.999999999997135625e-01
2.963000000000000000e+03,1.861707806517311474e+04,-9.992656988292042408e-01,9.992656988292042408e-01,9.999999999997203348e-01
2.993000000000000000e+03,1.880557362438850032e+04,-9.989985270614669677e-01,9.989985270614669677e-01,9.999999999997023492e-01
3.023000000000000000e+03,1.899406918360388954e+04,-9.987741255063742329e-01,9.987741255063742329e-01,9.999999999996785904e-01
3.054000000000000000e+03,1.918884792812645537e+04,9.991061335576656433e-01,9.991061335576656433e-01,9.999999999997822853e-01
3.085000000000000000e+03,1.938362667264902484e+04,-9.986022354470311946e-01,9.986022354470311946e-01,9.999999999997020161e-01
3.117000000000000000e+03,1.958468860247877092e+04,-9.994028312814638992e-01,9.994028312814638992e-01,9.999999999996949107e-01
3.149000000000000000e+03,1.978575053230851699e+04,-9.982364953705848976e-01,9.982364953705848976e-01,9.999999999996601607e-01
3.181000000000000000e+03,1.998681246213826307e+04,-9.985391437244413027e-01,9.985391437244413027e-01,9.999999999996893596e-01
3.213000000000000000e+03,2.018787439196800915e+04,-9.993503243443671025e-01,9.993503243443671025e-01,9.999999999996941336e-01
3.246000000000000000e+03,2.039521950710493547e+04,9.994897438927481392e-01,9.994897438927481392e-01,9.999999999997569722e-01
3.279000000000000000e+03,2.060256462224186180e+04,-9.994297152741742352e-01,9.994297152741742352e-01,9.999999999996961320e-01
3.313000000000000000e+03,2.081619292268596837e+04,-9.978530727191359251e-01,9.978530727191359251e-01,9.999999999996478373e-01
3.347000000000000000e+03,2.102982122313007494e+04,-9.996249647061378196e-01,9.996249647061378196e-01,9.999999999996822542e-01
3.381000000000000000e+03,2.124344952357418151e+04,-9.980009213910469024e-01,9.980009213910469024e-01,9.999999999996518341e-01
3.415000000000000000e+03,2.145707782401828808e+04,-9.988747912544418961e-01,9.988747912544418961e-01,9.999999999996659339e-01
3.450000000000000000e+03,2.167698930976957126e+04,9.987145052758293895e-01,9.987145052758293895e-01,9.999999999997578604e-01
3.485000000000000000e+03,2.189690079552085808e+04,-9.984775516738108037e-01,9.984775516738108037e-01,9.999999999996664890e-01
3.521000000000000000e+03,2.212309546657932151e+04,-9.983744499449130894e-01,9.983744499449130894e-01,9.999999999996348476e-01
3.557000000000000000e+03,2.234929013763778858e+04,-9.995742702537429025e-01,9.995742702537429025e-01,9.999999999996757039e-01
3.593000000000000000e+03,2.257548480869625200e+04,-9.987580353597320659e-01,9.987580353597320659e-01,9.999999999996372901e-01
3.630000000000000000e+03,2.280796266506189932e+04,9.993241813898342540e-01,9.993241813898342540e-01,9.999999999997345457e-01
3.667000000000000000e+03,2.304044052142754299e+04,-9.986082046751585395e-01,9.986082046751585395e-01,9.999999999996621591e-01
3.704000000000000000e+03,2.327291837779318666e+04,9.990731157024200781e-01,9.990731157024200781e-01,9.999999999997375433e-01
3.742000000000000000e+03,2.351167941946601059e+04,9.993185229159560201e-01,9.993185229159560201e-01,9.999999999997217781e-01
3.780000000000000000e+03,2.375044046113883451e+04,9.987413123329993425e-01,9.987413123329993425e-01,9.999999999997430944e-01
3.819000000000000000e+03,2.399548468811883868e+04,-9.987595819530450392e-01,9.987595819530450392e-01,9.999999999996479483e-01
3.858000000000000000e+03,2.424052891509884284e+04,9.989845547280421512e-01,9.989845547280421512e-01,9.999999999997414291e-01
3.897000000000000000e+03,2.448557314207884701e+04,-9.981281131152983654e-01,9.981281131152983654e-01,9.999999999996158628e-01
3.937000000000000000e+03,2.473690055436603143e+04,-9.985304499796845423e-01,9.985304499796845423e-01,9.999999999996048716e-01
3.977000000000000000e+03,2.498822796665321584e+04,-9.988974005655859578e-01,9.988974005655859578e-01,9.999999999996016520e-01
4.018000000000000000e+03,2.524583856424757687e+04,9.989506258935780814e-01,9.989506258935780814e-01,9.999999999997033484e-01
4.059000000000000000e+03,2.550344916184194153e+04,-9.978955700345203406e-01,9.978955700345203406e-01,9.999999999995902167e-01
4.100000000000000000e+03,2.576105975943630256e+04,9.986024524562829852e-01,9.986024524562829852e-01,9.999999999997040145e-01
4.142000000000000000e+03,2.602495354233784747e+04,9.989998429011619496e-01,9.989998429011619496e-01,9.999999999996973532e-01
4.184000000000000000e+03,2.628884732523938874e+04,9.994456929357551367e-01,9.994456929357551367e-01,9.999999999996862510e-01
4.227000000000000000e+03,2.655902429344811026e+04,-9.985815526480952276e-01,9.985815526480952276e-01,9.999999999995836664e-01
4.270000000000000000e+03,2.682920126165683178e+04,9.992145038747826113e-01,9.992145038747826113e-01,9.999999999996895816e-01
4.314000000000000000e+03,2.710566141517273354e+04,9.983058618007305540e-01,9.983058618007305540e-01,9.999999999997134514e-01
4.358000000000000000e+03,2.738212156868863531e+04,9.979573648898292237e-01,9.979573648898292237e-01,9.999999999997201128e-01
4.402000000000000000e+03,2.765858172220453707e+04,9.990727381231100379e-01,9.990727381231100379e-01,9.999999999996900257e-01
4.447000000000000000e+03,2.794132506102761909e+04,-9.983440722779479692e-01,9.983440722779479692e-01,9.999999999995626832e-01
4.493000000000000000e+03,2.823035158515788135e+04,-9.992934520335918780e-01,9.992934520335918780e-01,9.999999999995918820e-01
4.538000000000000000e+03,2.851309492398096336e+04,9.985342525297664640e-01,9.985342525297664640e-01,9.999999999996994626e-01
4.585000000000000000e+03,2.880840463341840223e+04,-9.981256870282213534e-01,9.981256870282213534e-01,9.999999999995495825e-01
4.632000000000000000e+03,2.910371434285584473e+04,9.990517316174504225e-01,9.990517316174504225e-01,9.999999999996862510e-01
4.679000000000000000e+03,2.939902405229328360e+04,-9.980822812797971455e-01,9.980822812797971455e-01,9.999999999995539124e-01
4.727000000000000000e+03,2.970061694703790272e+04,-9.981521418408383362e-01,9.981521418408383362e-01,9.999999999995609068e-01
4.775000000000000000e+03,3.000220984178252547e+04,-9.981304911237688371e-01,9.981304911237688371e-01,9.999999999995549116e-01
4.824000000000000000e+03,3.031008592183432484e+04,9.990292693778439759e-01,9.990292693778439759e-01,9.999999999996624922e-01
4.873000000000000000e+03,3.061796200188612420e+04,-9.987514061759047435e-01,9.987514061759047435e-01,9.999999999995416999e-01
4.923000000000000000e+03,3.093212126724510381e+04,-9.994950027403070036e-01,9.994950027403070036e-01,9.999999999995706768e-01
4.973000000000000000e+03,3.124628053260408342e+04,-9.980183214578922657e-01,9.980183214578922657e-01,9.999999999995256017e-01
5.024000000000000000e+03,3.156672298327023964e+04,9.991074050334607382e-01,9.991074050334607382e-01,9.999999999996397326e-01
5.075000000000000000e+03,3.188716543393639949e+04,-9.996790595514284394e-01,9.996790595514284394e-01,9.999999999995620170e-01
5.127000000000000000e+03,3.221389106990973960e+04,-9.982946466141572328e-01,9.982946466141572328e-01,9.999999999995262678e-01
5.179000000000000000e+03,3.254061670588307607e+04,-9.987114574494617703e-01,9.987114574494617703e-01,9.999999999995085043e-01
5.232000000000000000e+03,3.287362552716359642e+04,9.991979845021390361e-01,9.991979845021390361e-01,9.999999999996175282e-01
5.285000000000000000e+03,3.320663434844411677e+04,-9.995527491795869190e-01,9.995527491795869190e-01,9.999999999995347055e-01
5.339000000000000000e+03,3.354592635503181373e+04,-9.987067958157809233e-01,9.987067958157809233e-01,9.999999999995312638e-01
5.394000000000000000e+03,3.389150154692668730e+04,9.983775912743514391e-01,9.983775912743514391e-01,9.999999999996336264e-01
5.449000000000000000e+03,3.423707673882156814e+04,-9.991584376843296589e-01,9.991584376843296589e-01,9.999999999995308197e-01
5.504000000000000000e+03,3.458265193071644171e+04,9.980798577903757796e-01,9.980798577903757796e-01,9.999999999996344036e-01
5.560000000000000000e+03,3.493451030791849917e+04,9.986584221117053017e-01,9.986584221117053017e-01,9.999999999996226352e-01
5.617000000000000000e+03,3.529265187042773323e+04,-9.986564275949298963e-01,9.986564275949298963e-01,9.999999999994991784e-01
5.675000000000000000e+03,3.565707661824415118e+04,-9.984917652558092938e-01,9.984917652558092938e-01,9.999999999994741984e-01
5.732000000000000000e+03,3.601521818075338524e+04,9.992414117494750059e-01,9.992414117494750059e-01,9.999999999995689004e-01
5.791000000000000000e+03,3.638592611387698707e+04,-9.994310533581295397e-01,9.994310533581295397e-01,9.999999999994911848e-01
5.850000000000000000e+03,3.675663404700058163e+04,9.978244092000478904e-01,9.978244092000478904e-01,9.999999999996042055e-01
5.910000000000000000e+03,3.713362516543135280e+04,9.992318281610125252e-01,9.992318281610125252e-01,9.999999999995572431e-01
5.970000000000000000e+03,3.751061628386213124e+04,9.990226907527415268e-01,9.990226907527415268e-01,9.999999999995724531e-01
6.031000000000000000e+03,3.789389058760008629e+04,-9.993311697383874259e-01,9.993311697383874259e-01,9.999999999994756417e-01
6.093000000000000000e+03,3.828344807664521795e+04,-9.979549562396821116e-01,9.979549562396821116e-01,9.999999999994449995e-01
6.155000000000000000e+03,3.867300556569035689e+04,-9.993166637053058077e-01,9.993166637053058077e-01,9.999999999994710898e-01
6.218000000000000000e+03,3.906884624004266516e+04,9.993969281683376948e-01,9.993969281683376948e-01,9.999999999995466959e-01
6.281000000000000000e+03,3.946468691439498070e+04,-9.985509075745089280e-01,9.985509075745089280e-01,9.999999999994392264e-01
6.345000000000000000e+03,3.986681077405447286e+04,-9.995028685073386043e-01,9.995028685073386043e-01,9.999999999994624300e-01
6.410000000000000000e+03,4.027521781902114890e+04,9.992931654990413470e-01,9.992931654990413470e-01,9.999999999995213829e-01
6.475000000000000000e+03,4.068362486398781766e+04,-9.980167717182498732e-01,9.980167717182498732e-01,9.999999999994146904e-01
6.541000000000000000e+03,4.109831509426167031e+04,-9.983417406504270231e-01,9.983417406504270231e-01,9.999999999994384492e-01
6.608000000000000000e+03,4.151928850984270684e+04,9.988326131464502211e-01,9.988326131464502211e-01,9.999999999995412558e-01
6.676000000000000000e+03,4.194654511073091999e+04,9.989439950017466874e-01,9.989439950017466874e-01,9.999999999995310418e-01
6.744000000000000000e+03,4.237380171161913313e+04,9.988752580112850721e-01,9.988752580112850721e-01,9.999999999995187183e-01
6.813000000000000000e+03,4.280734149781452288e+04,-9.992822433356591816e-01,9.992822433356591816e-01,9.999999999994148014e-01
6.882000000000000000e+03,4.324088128400991263e+04,9.983143354393215763e-01,9.983143354393215763e-01,9.999999999995103916e-01
6.952000000000000000e+03,4.368070425551248627e+04,9.987964517767425887e-01,9.987964517767425887e-01,9.999999999995079492e-01
7.023000000000000000e+03,4.412681041232223652e+04,-9.996641150933277542e-01,9.996641150933277542e-01,9.999999999994148014e-01
7.095000000000000000e+03,4.457919975443916337e+04,-9.981809665283279953e-01,9.981809665283279953e-01,9.999999999993823829e-01
7.167000000000000000e+03,4.503158909655609750e+04,-9.988505478362548207e-01,9.988505478362548207e-01,9.999999999993606226e-01
7.241000000000000000e+03,4.549654480928738485e+04,-9.989152077942627939e-01,9.989152077942627939e-01,9.999999999993783861e-01
7.314000000000000000e+03,4.595521733671149559e+04,9.988169079518591786e-01,9.988169079518591786e-01,9.999999999994857447e-01
7.389000000000000000e+03,4.642645623474995955e+04,-9.981409603589521673e-01,9.981409603589521673e-01,9.999999999993387512e-01
7.464000000000000000e+03,4.689769513278843078e+04,9.979107277160633727e-01,9.979107277160633727e-01,9.999999999994823030e-01
7.541000000000000000e+03,4.738150040144126251e+04,-9.986658878457248534e-01,9.986658878457248534e-01,9.999999999993292032e-01
7.618000000000000000e+03,4.786530567009408696e+04,9.980480088127262617e-01,9.980480088127262617e-01,9.999999999994684252e-01
7.695000000000000000e+03,4.834911093874691869e+04,-9.982287069144556435e-01,9.982287069144556435e-01,9.999999999993238742e-01
7.774000000000000000e+03,4.884548257801410364e+04,9.994875769019634371e-01,9.994875769019634371e-01,9.999999999994158006e-01
7.853000000000000000e+03,4.934185421728128858e+04,-9.992467104814164447e-01,9.992467104814164447e-01,9.999999999993471889e-01
7.933000000000000000e+03,4.984450904185565741e+04,-9.990471699705181230e-01,9.990471699705181230e-01,9.999999999993341993e-01
8.014000000000000000e+03,5.035344705173720286e+04,9.991393383665597705e-01,9.991393383665597705e-01,9.999999999994143574e-01
8.096000000000000000e+03,5.086866824692593218e+04,9.987020074732527730e-01,9.987020074732527730e-01,9.999999999994045874e-01
8.179000000000000000e+03,5.139017262742183811e+04,-9.991060813619898617e-01,9.991060813619898617e-01,9.999999999992966737e-01
8.262000000000000000e+03,5.191167700791774405e+04,9.991095574546347002e-01,9.991095574546347002e-01,9.999999999993884892e-01
8.347000000000000000e+03,5.244574775902800320e+04,-9.985301254015555017e-01,9.985301254015555017e-01,9.999999999992990052e-01
8.432000000000000000e+03,5.297981851013826963e+04,9.988804644760771456e-01,9.988804644760771456e-01,9.999999999994033661e-01
8.518000000000000000e+03,5.352017244655571267e+04,9.989525683923498045e-01,9.989525683923498045e-01,9.999999999993770539e-01
8.605000000000000000e+03,5.406680956828033959e+04,-9.980558614953661811e-01,9.980558614953661811e-01,9.999999999992451594e-01
8.693000000000000000e+03,5.461972987531214312e+04,-9.992298255305535060e-01,9.992298255305535060e-01,9.999999999992813526e-01
8.781000000000000000e+03,5.517265018234394665e+04,-9.990502735806769952e-01,9.990502735806769952e-01,9.999999999992545963e-01
8.871000000000000000e+03,5.573813685999011068e+04,-9.984699746801464215e-01,9.984699746801464215e-01,9.999999999992490451e-01
8.961000000000000000e+03,5.630362353763627470e+04,-9.988817273751439130e-01,9.988817273751439130e-01,9.999999999992342792e-01
9.053000000000000000e+03,5.688167658589679195e+04,-9.987829696277942260e-01,9.987829696277942260e-01,9.999999999992500443e-01
9.145000000000000000e+03,5.745972963415731647e+04,-9.987337197239206654e-01,9.987337197239206654e-01,9.999999999992126298e-01
9.239000000000000000e+03,5.805034905303219421e+04,-9.988418048963222384e-01,9.988418048963222384e-01,9.999999999992038591e-01
9.333000000000000000e+03,5.864096847190707922e+04,-9.990587634201196776e-01,9.990587634201196776e-01,9.999999999992145172e-01
9.428000000000000000e+03,5.923787107608914084e+04,9.984768093017226676e-01,9.984768093017226676e-01,9.999999999993263167e-01
9.524000000000000000e+03,5.984105686557837907e+04,9.983572202863419953e-01,9.983572202863419953e-01,9.999999999993237632e-01
9.622000000000000000e+03,6.045680902568197780e+04,9.979615167474881199e-01,9.979615167474881199e-01,9.999999999993107735e-01
9.720000000000000000e+03,6.107256118578557653e+04,9.989832465055189514e-01,9.989832465055189514e-01,9.999999999992844613e-01
9.819000000000000000e+03,6.169459653119635914e+04,-9.982681305018958895e-01,9.982681305018958895e-01,9.999999999991532329e-01
9.919000000000000000e+03,6.232291506191431836e+04,-9.987507396589192510e-01,9.987507396589192510e-01,9.999999999991598942e-01
1.002000000000000000e+04,6.295751677793945419e+04,9.984269434545913757e-01,9.984269434545913757e-01,9.999999999992865707e-01
1.012300000000000000e+04,6.360468486457895051e+04,-9.979808375582118751e-01,9.979808375582118751e-01,9.999999999991292521e-01
1.022600000000000000e+04,6.425185295121844683e+04,9.985548318208379293e-01,9.985548318208379293e-01,9.999999999992653654e-01
1.033000000000000000e+04,6.490530422316512704e+04,9.986996850524918479e-01,9.986996850524918479e-01,9.999999999992267297e-01
1.043600000000000000e+04,6.557132186572616047e+04,9.984115572019827134e-01,9.984115572019827134e-01,9.999999999992490451e-01
1.054200000000000000e+04,6.623733950828720117e+04,9.990055988825290445e-01,9.990055988825290445e-01,9.999999999992277289e-01
1.065000000000000000e+04,6.691592352146259509e+04,9.993426326716673413e-01,9.993426326716673413e-01,9.999999999991960875e-01
1.075900000000000000e+04,6.760079071994517290e+04,-9.984880358305933123e-01,9.984880358305933123e-01,9.999999999990850652e-01
1.086800000000000000e+04,6.828565791842773615e+04,9.994271915340459111e-01,9.994271915340459111e-01,9.999999999991803223e-01
1.097900000000000000e+04,6.898309148752468172e+04,-9.985675252979689942e-01,9.985675252979689942e-01,9.999999999990712984e-01
1.109100000000000000e+04,6.968680824192879663e+04,-9.988044562518395564e-01,9.988044562518395564e-01,9.999999999990585309e-01
1.120500000000000000e+04,7.040309136694726476e+04,-9.990121743776567698e-01,9.990121743776567698e-01,9.999999999990780708e-01
1.131900000000000000e+04,7.111937449196573289e+04,-9.993397770693182025e-01,9.993397770693182025e-01,9.999999999990832888e-01
1.143400000000000000e+04,7.184194080229138490e+04,9.988051487347366919e-01,9.988051487347366919e-01,9.999999999991454613e-01
1.155100000000000000e+04,7.257707348323140468e+04,-9.993753235430882231e-01,9.993753235430882231e-01,9.999999999990558663e-01
1.166900000000000000e+04,7.331848934947859379e+04,-9.978244634405539770e-01,9.978244634405539770e-01,9.999999999990165644e-01
1.178800000000000000e+04,7.406618840103296679e+04,9.980883872659976896e-01,9.980883872659976896e-01,9.999999999991542321e-01
1.190800000000000000e+04,7.482017063789450913e+04,9.994203976854459937e-01,9.994203976854459937e-01,9.999999999991101562e-01
1.203000000000000000e+04,7.558671924537041923e+04,9.989029689043029681e-01,9.989029689043029681e-01,9.999999999990925037e-01
1.215300000000000000e+04,7.635955103815351322e+04,-9.988889503464716269e-01,9.988889503464716269e-01,9.999999999989837018e-01
1.227700000000000000e+04,7.713866601624377654e+04,-9.986241746241125705e-01,9.986241746241125705e-01,9.999999999989754862e-01
1.240200000000000000e+04,7.792406417964122375e+04,9.988384449766534168e-01,9.988384449766534168e-01,9.999999999990687449e-01
1.252900000000000000e+04,7.872202871365303872e+04,-9.979764505858949031e-01,9.979764505858949031e-01,9.999999999989553912e-01
1.265600000000000000e+04,7.951999324766483915e+04,9.986234315185111843e-01,9.986234315185111843e-01,9.999999999990744071e-01
1.278600000000000000e+04,8.033680733759819122e+04,9.989304420265923135e-01,9.989304420265923135e-01,9.999999999990526467e-01
1.291600000000000000e+04,8.115362142753152875e+04,9.985435756637056626e-01,9.985435756637056626e-01,9.999999999990353272e-01
1.304800000000000000e+04,8.198300188807923405e+04,9.985555781526127550e-01,9.985555781526127550e-01,9.999999999990432098e-01
1.318100000000000000e+04,8.281866553393412323e+04,-9.988990378874504916e-01,9.988990378874504916e-01,9.999999999989357402e-01
1.331600000000000000e+04,8.366689555040336563e+04,9.986047711494363543e-01,9.986047711494363543e-01,9.999999999990005772e-01
1.345200000000000000e+04,8.452140875217979192e+04,9.985646179703162595e-01,9.985646179703162595e-01,9.999999999989874766e-01
1.358900000000000000e+04,8.538220513926340209e+04,-9.978888706765085548e-01,9.978888706765085548e-01,9.999999999988667954e-01
1.372800000000000000e+04,8.625556789696136548e+04,9.985826775070762995e-01,9.985826775070762995e-01,9.999999999989672705e-01
1.386800000000000000e+04,8.713521383996649820e+04,9.995004029587480909e-01,9.995004029587480909e-01,9.999999999989518384e-01
1.400900000000000000e+04,8.802114296827882936e+04,-9.983447194531440694e-01,9.983447194531440694e-01,9.999999999988590238e-01
1.415200000000000000e+04,8.891963846720549918e+04,9.988699880651519258e-01,9.988699880651519258e-01,9.999999999989588328e-01
1.429700000000000000e+04,8.983070033674655133e+04,-9.981179850428816280e-01,9.981179850428816280e-01,9.999999999988202770e-01
1.444200000000000000e+04,9.074176220628758892e+04,9.983886534136318103e-01,9.983886534136318103e-01,9.999999999989425126e-01
1.459000000000000000e+04,9.167167363175016362e+04,9.984602009920648946e-01,9.984602009920648946e-01,9.999999999989318544e-01
1.473900000000000000e+04,9.260786824251992221e+04,-9.988396189904187317e-01,9.988396189904187317e-01,9.999999999987928545e-01
1.488900000000000000e+04,9.355034603859686467e+04,-9.978914578730017082e-01,9.978914578730017082e-01,9.999999999987650989e-01
1.504100000000000000e+04,9.450539020528816036e+04,-9.978997609183658524e-01,9.978997609183658524e-01,9.999999999987526644e-01
1.519500000000000000e+04,9.547300074259380926e+04,-9.981997331702894272e-01,9.981997331702894272e-01,9.999999999987544408e-01
1.535000000000000000e+04,9.644689446520664205e+04,9.981343313318474797e-01,9.981343313318474797e-01,9.999999999988788968e-01
1.550600000000000000e+04,9.742707137312665873e+04,9.983286874134406075e-01,9.983286874134406075e-01,9.999999999988600230e-01
1.566500000000000000e+04,9.842609783696821250e+04,-9.989472117926750938e-01,9.989472117926750938e-01,9.999999999987257970e-01
1.582400000000000000e+04,9.942512430080976628e+04,9.988786947933893101e-01,9.988786947933893101e-01,9.999999999988270494e-01
1.598600000000000000e+04,1.004430003205728717e+05,9.988836395657250122e-01,9.988836395657250122e-01,9.999999999988256061e-01
1.614900000000000000e+04,1.014671595256431319e+05,-9.982661192780805104e-01,9.982661192780805104e-01,9.999999999986913801e-01
1.631400000000000000e+04,1.025038851013277745e+05,9.989122232375596822e-01,9.989122232375596822e-01,9.999999999987783106e-01
1.648000000000000000e+04,1.035468938623195863e+05,9.983284964632472835e-01,9.983284964632472835e-01,9.999999999987710941e-01
1.664900000000000000e+04,1.046087521792329353e+05,-9.994784254451367644e-01,9.994784254451367644e-01,9.999999999986780574e-01
1.681900000000000000e+04,1.056768936814534536e+05,-9.986924388693911858e-01,9.986924388693911858e-01,9.999999999986439736e-01
1.699000000000000000e+04,1.067513183689811704e+05,9.994636068731411749e-01,9.994636068731411749e-01,9.999999999987173593e-01
1.716400000000000000e+04,1.078445926124304242e+05,9.985348304833476796e-01,9.985348304833476796e-01,9.999999999987279065e-01
1.733900000000000000e+04,1.089441500411868474e+05,-9.991975474066863150e-01,9.991975474066863150e-01,9.999999999986212140e-01
1.751600000000000000e+04,1.100562738405576383e+05,9.991902084115239502e-01,9.991902084115239502e-01,9.999999999986864951e-01
1.769400000000000000e+04,1.111746808252355986e+05,9.990972599787835140e-01,9.990972599787835140e-01,9.999999999986646237e-01
1.787500000000000000e+04,1.123119373658351105e+05,-9.985154783241982912e-01,9.985154783241982912e-01,9.999999999985551558e-01
1.805700000000000000e+04,1.134554770917417918e+05,-9.987981675575078322e-01,9.987981675575078322e-01,9.999999999985629273e-01
1.824200000000000000e+04,1.146178663735700102e+05,9.989160533787073692e-01,9.989160533787073692e-01,9.999999999986366461e-01
1.842800000000000000e+04,1.157865388407054124e+05,9.983705720457763944e-01,9.983705720457763944e-01,9.999999999986274313e-01
1.861600000000000000e+04,1.169677776784551825e+05,9.987529512999430148e-01,9.987529512999430148e-01,9.999999999986016741e-01
1.880600000000000000e+04,1.181615828868193057e+05,9.986950891650421269e-01,9.986950891650421269e-01,9.999999999986141086e-01
1.899800000000000000e+04,1.193679544657977822e+05,9.983211667291890246e-01,9.983211667291890246e-01,9.999999999986063370e-01
1.919200000000000000e+04,1.205868924153906119e+05,9.980632137890559363e-01,9.980632137890559363e-01,9.999999999985916821e-01
1.938800000000000000e+04,1.218183967355978239e+05,9.989526638067851572e-01,9.989526638067851572e-01,9.999999999985521582e-01
1.958500000000000000e+04,1.230561842411121906e+05,-9.978118838354674836e-01,9.978118838354674836e-01,9.999999999984099386e-01
1.978500000000000000e+04,1.243128213025481091e+05,-9.988540132504379887e-01,9.988540132504379887e-01,9.999999999984380272e-01
1.998700000000000000e+04,1.255820247345983953e+05,-9.979433620019048101e-01,9.979433620019048101e-01,9.999999999983834043e-01
2.019100000000000000e+04,1.268637945372630202e+05,-9.984804062714399686e-01,9.984804062714399686e-01,9.999999999983709698e-01
2.039700000000000000e+04,1.281581307105420274e+05,-9.981420083401719712e-01,9.981420083401719712e-01,9.999999999983623100e-01
2.060500000000000000e+04,1.294650332544353732e+05,-9.987679911160228796e-01,9.987679911160228796e-01,9.999999999983454346e-01
2.081600000000000000e+04,1.307907853542502708e+05,9.987312473226115372e-01,9.987312473226115372e-01,9.999999999984325871e-01
2.102800000000000000e+04,1.321228206393723376e+05,9.989016383300510782e-01,9.989016383300510782e-01,9.999999999984445775e-01
2.124300000000000000e+04,1.334737054804159561e+05,-9.987815495658417531e-01,9.987815495658417531e-01,9.999999999982902565e-01
2.146000000000000000e+04,1.348371566920739133e+05,9.991196016198049534e-01,9.991196016198049534e-01,9.999999999983908427e-01
2.167900000000000000e+04,1.362131742743462382e+05,-9.987594134948699631e-01,9.987594134948699631e-01,9.999999999982869259e-01
2.190000000000000000e+04,1.376017582272329309e+05,9.986152412963278380e-01,9.986152412963278380e-01,9.999999999983784083e-01
2.212300000000000000e+04,1.390029085507339914e+05,-9.991006379907102497e-01,9.991006379907102497e-01,9.999999999982427390e-01
2.234900000000000000e+04,1.404229084301565599e+05,-9.986243124866689413e-01,9.986243124866689413e-01,9.999999999982075449e-01
2.257700000000000000e+04,1.418554746801935253e+05,-9.986852279318556569e-01,9.986852279318556569e-01,9.999999999982185361e-01
2.280800000000000000e+04,1.433068904861519986e+05,9.985703824628293646e-01,9.985703824628293646e-01,9.999999999983065768e-01
2.304000000000000000e+04,1.447645894774176704e+05,9.984847504450089506e-01,9.984847504450089506e-01,9.999999999982670529e-01
2.327600000000000000e+04,1.462474212099120487e+05,9.986613186948999354e-01,9.986613186948999354e-01,9.999999999982567278e-01
2.351300000000000000e+04,1.477365361277136253e+05,-9.987343352021457177e-01,9.987343352021457177e-01,9.999999999981517007e-01
2.375300000000000000e+04,1.492445006014367100e+05,-9.986170429110269309e-01,9.986170429110269309e-01,9.999999999981140641e-01
2.399500000000000000e+04,1.507650314457741624e+05,-9.991422397791721588e-01,9.991422397791721588e-01,9.999999999981069587e-01
2.424000000000000000e+04,1.523044118460331811e+05,9.990907592716397057e-01,9.990907592716397057e-01,9.999999999981629140e-01
2.448800000000000000e+04,1.538626418022137077e+05,9.992344735426071933e-01,9.992344735426071933e-01,9.999999999981438181e-01
2.473800000000000000e+04,1.554334381290086021e+05,9.986974230952034848e-01,9.986974230952034848e-01,9.999999999981321608e-01
2.499000000000000000e+04,1.570168008264178643e+05,9.986930137530027896e-01,9.986930137530027896e-01,9.999999999981368237e-01
2.524500000000000000e+04,1.586190130797486636e+05,-9.989861510521834687e-01,9.989861510521834687e-01,9.999999999980005994e-01
2.550300000000000000e+04,1.602400748890010000e+05,-9.996140443845640267e-01,9.996140443845640267e-01,9.999999999980079268e-01
2.576300000000000000e+04,1.618737030688676750e+05,-9.986373551897600453e-01,9.986373551897600453e-01,9.999999999979705123e-01
2.602600000000000000e+04,1.635261808046559163e+05,9.986132251736485888e-01,9.986132251736485888e-01,9.999999999980602183e-01
2.629200000000000000e+04,1.651975080963656947e+05,9.989855612007279007e-01,9.989855612007279007e-01,9.999999999980443421e-01
2.656000000000000000e+04,1.668814017586898117e+05,9.995462191090679349e-01,9.995462191090679349e-01,9.999999999979833909e-01
2.683100000000000000e+04,1.685841449769354658e+05,-9.994425015170439464e-01,9.994425015170439464e-01,9.999999999979003462e-01
2.710500000000000000e+04,1.703057377511026862e+05,-9.992197235477701112e-01,9.992197235477701112e-01,9.999999999978858023e-01
2.738100000000000000e+04,1.720398968958842452e+05,-9.989337450840616306e-01,9.989337450840616306e-01,9.999999999978620435e-01
2.766100000000000000e+04,1.737991887818945397e+05,-9.993578578772924770e-01,9.993578578772924770e-01,9.999999999978299581e-01
2.794300000000000000e+04,1.755710470385191729e+05,-9.978705739489939219e-01,9.978705739489939219e-01,9.999999999977826626e-01
2.822800000000000000e+04,1.773617548510653723e+05,9.987979636586846732e-01,9.987979636586846732e-01,9.999999999978804732e-01
2.851600000000000000e+04,1.791713122195330798e+05,9.989932074228889958e-01,9.989932074228889958e-01,9.999999999978720355e-01
2.880700000000000000e+04,1.809997191439223534e+05,-9.993107563861557407e-01,9.993107563861557407e-01,9.999999999977446929e-01
2.910100000000000000e+04,1.828469756242331350e+05,-9.983155206351729261e-01,9.983155206351729261e-01,9.999999999976896259e-01
2.939800000000000000e+04,1.847130816604654829e+05,9.981225371427214776e-01,9.981225371427214776e-01,9.999999999978175236e-01
2.969800000000000000e+04,1.865980372526193387e+05,9.987376423962107674e-01,9.987376423962107674e-01,9.999999999977637888e-01
3.000100000000000000e+04,1.885018424006947607e+05,-9.989084907008669578e-01,9.989084907008669578e-01,9.999999999976320053e-01
3.030800000000000000e+04,1.904307802899988892e+05,9.982700244099986797e-01,9.982700244099986797e-01,9.999999999977420284e-01
3.061700000000000000e+04,1.923722845499173854e+05,-9.980094952504945383e-01,9.980094952504945383e-01,9.999999999975921483e-01
3.092900000000000000e+04,1.943326383657574188e+05,-9.992641013835861230e-01,9.992641013835861230e-01,9.999999999975835996e-01
3.124500000000000000e+04,1.963181249228261586e+05,-9.984675729408089007e-01,9.984675729408089007e-01,9.999999999975415221e-01
3.156400000000000000e+04,1.983224610358164646e+05,9.990045058622544216e-01,9.990045058622544216e-01,9.999999999976336706e-01
3.188600000000000000e+04,2.003456467047282786e+05,9.985442504210437775e-01,9.985442504210437775e-01,9.999999999976174614e-01
3.221100000000000000e+04,2.023876819295616588e+05,-9.980244375196347661e-01,9.980244375196347661e-01,9.999999999974596987e-01
3.254000000000000000e+04,2.044548498956237454e+05,9.989337712749435383e-01,9.989337712749435383e-01,9.999999999975340836e-01
3.287200000000000000e+04,2.065408674176073691e+05,9.994646759467471497e-01,9.994646759467471497e-01,9.999999999975046627e-01
3.320800000000000000e+04,2.086520176808196993e+05,9.985501931192612979e-01,9.985501931192612979e-01,9.999999999975134335e-01
3.354700000000000000e+04,2.107820174999535666e+05,-9.980208286628164949e-01,9.980208286628164949e-01,9.999999999973581133e-01
3.388900000000000000e+04,2.129308668750090001e+05,-9.992564938520017703e-01,9.992564938520017703e-01,9.999999999973637754e-01
3.423500000000000000e+04,2.151048489912931400e+05,-9.985344714277538669e-01,9.985344714277538669e-01,9.999999999973259168e-01
3.458400000000000000e+04,2.172976806634988170e+05,9.985884324624539898e-01,9.985884324624539898e-01,9.999999999973829823e-01
3.493700000000000000e+04,2.195156450769332005e+05,-9.995657916054174752e-01,9.995657916054174752e-01,9.999999999972928322e-01
3.529400000000000000e+04,2.217587422315963195e+05,9.981422665969486019e-01,9.981422665969486019e-01,9.999999999973611109e-01
3.565400000000000000e+04,2.240206889421809756e+05,9.980105185620745667e-01,9.980105185620745667e-01,9.999999999973384623e-01
3.601800000000000000e+04,2.263077683939943381e+05,9.983146322874528744e-01,9.983146322874528744e-01,9.999999999972939424e-01
3.638500000000000000e+04,2.286136974017292378e+05,-9.984145954511807197e-01,9.984145954511807197e-01,9.999999999971687092e-01
3.675700000000000000e+04,2.309510423360000423e+05,-9.983261499825014651e-01,9.983261499825014651e-01,9.999999999971311837e-01
3.713200000000000000e+04,2.333072368261923839e+05,9.986640567635212129e-01,9.986640567635212129e-01,9.999999999972254416e-01
3.751100000000000000e+04,2.356885640576134610e+05,-9.977754127709790311e-01,9.977754127709790311e-01,9.999999999970554665e-01
3.789400000000000000e+04,2.380950240302632446e+05,9.988840304667541137e-01,9.988840304667541137e-01,9.999999999971611597e-01
3.828000000000000000e+04,2.405203335588345653e+05,9.980620815223503195e-01,9.980620815223503195e-01,9.999999999971428410e-01
3.867100000000000000e+04,2.429770590139417909e+05,-9.987576661181645221e-01,9.987576661181645221e-01,9.999999999969735320e-01
3.906600000000000000e+04,2.454589172102777229e+05,9.979551122190426504e-01,9.979551122190426504e-01,9.999999999970825559e-01
3.946400000000000000e+04,2.479596249625351920e+05,9.985110415001146045e-01,9.985110415001146045e-01,9.999999999970318187e-01
3.986700000000000000e+04,2.504917486413285660e+05,-9.993540537618532671e-01,9.993540537618532671e-01,9.999999999969166886e-01
4.027400000000000000e+04,2.530490050613506464e+05,9.994092883182381648e-01,9.994092883182381648e-01,9.999999999969448883e-01
4.068500000000000000e+04,2.556313942226014624e+05,-9.990020501781669005e-01,9.990020501781669005e-01,9.999999999968421927e-01
4.110000000000000000e+04,2.582389161250809848e+05,9.983164990599310284e-01,9.983164990599310284e-01,9.999999999969143571e-01
4.152000000000000000e+04,2.608778539540964121e+05,9.986486882397080933e-01,9.986486882397080933e-01,9.999999999968631759e-01
4.194300000000000000e+04,2.635356413390333764e+05,-9.981406896597019296e-01,9.981406896597019296e-01,9.999999999967313924e-01
4.237100000000000000e+04,2.662248446505062748e+05,-9.984683023808081925e-01,9.984683023808081925e-01,9.999999999967040809e-01
4.280400000000000000e+04,2.689454638885150198e+05,9.995275423428809924e-01,9.995275423428809924e-01,9.999999999967548181e-01
4.324100000000000000e+04,2.716912158677525003e+05,-9.980849423646880325e-01,9.980849423646880325e-01,9.999999999966346920e-01
4.368200000000000000e+04,2.744621005882186582e+05,9.987879223096197689e-01,9.987879223096197689e-01,9.999999999967169595e-01
4.412800000000000000e+04,2.772644012352207792e+05,9.989244408733297664e-01,9.989244408733297664e-01,9.999999999966572295e-01
4.457800000000000000e+04,2.800918346234515775e+05,9.983636563067680436e-01,9.983636563067680436e-01,9.999999999966603381e-01
4.503300000000000000e+04,2.829506839382182807e+05,-9.995099686479802514e-01,9.995099686479802514e-01,9.999999999965261122e-01
4.549300000000000000e+04,2.858409491795208887e+05,-9.987254374799011680e-01,9.987254374799011680e-01,9.999999999964634956e-01
4.595700000000000000e+04,2.887563471620522323e+05,-9.993538340996148683e-01,9.993538340996148683e-01,9.999999999964498398e-01
4.642600000000000000e+04,2.917031610711194808e+05,9.984719408424125309e-01,9.984719408424125309e-01,9.999999999965122344e-01
4.690000000000000000e+04,2.946813909067225759e+05,9.991186928057826933e-01,9.991186928057826933e-01,9.999999999964724884e-01
4.737800000000000000e+04,2.976847534835544648e+05,9.993465884613851324e-01,9.993465884613851324e-01,9.999999999964241937e-01
4.786200000000000000e+04,3.007258151722293696e+05,9.984724350852481889e-01,9.984724350852481889e-01,9.999999999963967712e-01
4.835000000000000000e+04,3.037920096021330100e+05,9.983980681871225116e-01,9.983980681871225116e-01,9.999999999963682384e-01
4.884400000000000000e+04,3.068959031438797247e+05,9.980099727686007061e-01,9.980099727686007061e-01,9.999999999963367081e-01
4.934200000000000000e+04,3.100249294268551166e+05,9.980620695963816624e-01,9.980620695963816624e-01,9.999999999962987385e-01
4.984600000000000000e+04,3.131916548216736410e+05,9.984184794296606658e-01,9.984184794296606658e-01,9.999999999962247976e-01
5.035400000000000000e+04,3.163835129577209009e+05,9.982107011771734761e-01,9.982107011771734761e-01,9.999999999962101427e-01
5.086800000000000000e+04,3.196130702056111768e+05,9.987220249532893224e-01,9.987220249532893224e-01,9.999999999961483033e-01
5.138700000000000000e+04,3.228740433800374158e+05,-9.987751331498597729e-01,9.987751331498597729e-01,9.999999999960352826e-01
5.191200000000000000e+04,3.261727156663066708e+05,9.984320192428861596e-01,9.984320192428861596e-01,9.999999999961034503e-01
5.244200000000000000e+04,3.295028038791118888e+05,9.987631653183038916e-01,9.987631653183038916e-01,9.999999999960271779e-01
5.297700000000000000e+04,3.328643080184529535e+05,-9.992915510997477657e-01,9.992915510997477657e-01,9.999999999959174879e-01
5.351700000000000000e+04,3.362572280843299231e+05,-9.983796470193827544e-01,9.983796470193827544e-01,9.999999999958537611e-01
5.406400000000000000e+04,3.396941304473571363e+05,9.988629855724089346e-01,9.988629855724089346e-01,9.999999999959273689e-01
5.461500000000000000e+04,3.431561655516130850e+05,-9.983216687602761708e-01,9.983216687602761708e-01,9.999999999957670527e-01
5.517300000000000000e+04,3.466621829530193354e+05,-9.990682812297875248e-01,9.990682812297875248e-01,9.999999999957484009e-01
5.573600000000000000e+04,3.501996162809614325e+05,9.987063383137368966e-01,9.987063383137368966e-01,9.999999999958065766e-01
5.630500000000000000e+04,3.537747487207466038e+05,-9.985530379898582831e-01,9.985530379898582831e-01,9.999999999956595831e-01
5.687900000000000000e+04,3.573812970870676800e+05,-9.978090526748577549e-01,9.978090526748577549e-01,9.999999999955847541e-01
5.746000000000000000e+04,3.610318277505389997e+05,9.988801942931339051e-01,9.988801942931339051e-01,9.999999999956571406e-01
5.804600000000000000e+04,3.647137743405462825e+05,9.987252276770881565e-01,9.987252276770881565e-01,9.999999999956276087e-01
5.863800000000000000e+04,3.684334200423965813e+05,9.988197848109910959e-01,9.988197848109910959e-01,9.999999999955905272e-01
5.923700000000000000e+04,3.721970480413971236e+05,-9.980762137669678680e-01,9.980762137669678680e-01,9.999999999954058971e-01
5.984100000000000000e+04,3.759920919669336290e+05,-9.984652866214869249e-01,9.984652866214869249e-01,9.999999999953906871e-01
6.045200000000000000e+04,3.798311181896203198e+05,9.991799037783833937e-01,9.991799037783833937e-01,9.999999999954189978e-01
6.106900000000000000e+04,3.837078435241501429e+05,-9.992276044237553556e-01,9.992276044237553556e-01,9.999999999953038676e-01
6.169200000000000000e+04,3.876222679705230403e+05,9.986791577766602757e-01,9.986791577766602757e-01,9.999999999953534946e-01
6.232200000000000000e+04,3.915806747140461812e+05,9.992369955332236486e-01,9.992369955332236486e-01,9.999999999952869922e-01
6.295800000000000000e+04,3.955767805694123963e+05,9.980849316403980209e-01,9.980849316403980209e-01,9.999999999952496887e-01
6.360000000000000000e+04,3.996105855366216856e+05,9.983445488017294034e-01,9.983445488017294034e-01,9.999999999951980634e-01
6.424900000000000000e+04,4.036883728009812185e+05,-9.988043119965208660e-01,9.988043119965208660e-01,9.999999999950447416e-01
6.490500000000000000e+04,4.078101423624910531e+05,-9.990413942862975683e-01,9.990413942862975683e-01,9.999999999949917839e-01
6.556800000000000000e+04,4.119758942211511312e+05,9.986206062208003997e-01,9.986206062208003997e-01,9.999999999950442975e-01
6.623700000000000000e+04,4.161793451916542253e+05,-9.985387435874543138e-01,9.985387435874543138e-01,9.999999999948963048e-01
6.691300000000000000e+04,4.204267784593076794e+05,-9.992570522255115328e-01,9.992570522255115328e-01,9.999999999948573359e-01
6.759600000000000000e+04,4.247181940241113189e+05,9.995266049735429537e-01,9.995266049735429537e-01,9.999999999948685492e-01
6.828500000000000000e+04,4.290473087007580325e+05,-9.984237538757462227e-01,9.984237538757462227e-01,9.999999999947144502e-01
6.898200000000000000e+04,4.334266888598622172e+05,9.985474451216895808e-01,9.985474451216895808e-01,9.999999999948040452e-01
6.968600000000000000e+04,4.378500513161166455e+05,9.989323932714475607e-01,9.989323932714475607e-01,9.999999999947428719e-01
7.039700000000000000e+04,4.423173960695213173e+05,-9.987505460507106747e-01,9.987505460507106747e-01,9.999999999945624607e-01
7.111600000000000000e+04,4.468350063053834601e+05,9.985173456492142385e-01,9.985173456492142385e-01,9.999999999946107554e-01
7.184200000000000000e+04,4.513965988383958465e+05,9.981535991291462517e-01,9.981535991291462517e-01,9.999999999945912155e-01
7.257500000000000000e+04,4.560021736685584765e+05,-9.995370736237311204e-01,9.995370736237311204e-01,9.999999999944321205e-01
7.331500000000000000e+04,4.606517307958713500e+05,-9.979652838691758232e-01,9.979652838691758232e-01,9.999999999943343099e-01
7.406400000000000000e+04,4.653578365909488639e+05,9.983235989944256872e-01,9.983235989944256872e-01,9.999999999944145790e-01
7.481900000000000000e+04,4.701016414978694520e+05,-9.987970896710587354e-01,9.987970896710587354e-01,9.999999999942194018e-01
7.558300000000000000e+04,4.749019950725546805e+05,-9.994126863394443561e-01,9.994126863394443561e-01,9.999999999941937556e-01
7.635400000000000000e+04,4.797463309443901526e+05,9.990802912324876495e-01,9.990802912324876495e-01,9.999999999942107420e-01
7.713400000000000000e+04,4.846472154839902068e+05,9.986705988062194450e-01,9.986705988062194450e-01,9.999999999941798778e-01
7.792100000000000000e+04,4.895920823207405629e+05,-9.990401831619509787e-01,9.990401831619509787e-01,9.999999999940196727e-01
7.871600000000000000e+04,4.945872146399483318e+05,9.985219537170904047e-01,9.985219537170904047e-01,9.999999999940391016e-01
7.951900000000000000e+04,4.996326124416135135e+05,-9.992359157141376125e-01,9.992359157141376125e-01,9.999999999938916639e-01
8.033100000000000000e+04,5.047345589110433357e+05,-9.987008796188778792e-01,9.987008796188778792e-01,9.999999999938029571e-01
8.115100000000000000e+04,5.098867708629306289e+05,-9.996587555772505906e-01,9.996587555772505906e-01,9.999999999937807527e-01
8.197900000000000000e+04,5.150892482972752769e+05,-9.989046629329275673e-01,9.989046629329275673e-01,9.999999999937126960e-01
8.281500000000000000e+04,5.203419912140774541e+05,-9.981732582202456072e-01,9.981732582202456072e-01,9.999999999936123318e-01
8.366100000000000000e+04,5.256575659839513246e+05,-9.987506141220020561e-01,9.987506141220020561e-01,9.999999999935597073e-01
8.451400000000000000e+04,5.310171230509754969e+05,9.985385133654827161e-01,9.985385133654827161e-01,9.999999999935905715e-01
8.537700000000000000e+04,5.364395119710714789e+05,-9.986896066405699379e-01,9.986896066405699379e-01,9.999999999934513495e-01
8.624800000000000000e+04,5.419121663736249320e+05,9.985836059469290760e-01,9.985836059469290760e-01,9.999999999934938710e-01
8.712800000000000000e+04,5.474413694439430255e+05,9.988894303796667096e-01,9.988894303796667096e-01,9.999999999934011674e-01
8.801800000000000000e+04,5.530334043673328124e+05,9.980056572705759965e-01,9.980056572705759965e-01,9.999999999933585348e-01
8.891600000000000000e+04,5.586757047731800703e+05,9.980489280433986199e-01,9.980489280433986199e-01,9.999999999932872585e-01
8.982300000000000000e+04,5.643745538467919687e+05,-9.992925960194706247e-01,9.992925960194706247e-01,9.999999999931092898e-01
9.074000000000000000e+04,5.701362347734756768e+05,9.980141085573945858e-01,9.980141085573945858e-01,9.999999999931432626e-01
9.166600000000000000e+04,5.759544643679239089e+05,9.980984083135743257e-01,9.980984083135743257e-01,9.999999999930674344e-01
9.260100000000000000e+04,5.818292426301368978e+05,-9.996223737985987512e-01,9.996223737985987512e-01,9.999999999929125583e-01
9.354600000000000000e+04,5.877668527454215800e+05,9.986285909577503617e-01,9.986285909577503617e-01,9.999999999929070071e-01
9.450100000000000000e+04,5.937672947137780720e+05,-9.985616414521075734e-01,9.985616414521075734e-01,9.999999999927248195e-01
9.546600000000000000e+04,5.998305685352063738e+05,9.985731463825117116e-01,9.985731463825117116e-01,9.999999999927634553e-01
9.644000000000000000e+04,6.059503910243993159e+05,9.980468467396946819e-01,9.980468467396946819e-01,9.999999999927211558e-01
9.742400000000000000e+04,6.121330453666639514e+05,9.978716435546159946e-01,9.978716435546159946e-01,9.999999999926448835e-01
9.841800000000000000e+04,6.183785315620005131e+05,9.979355749420300015e-01,9.979355749420300015e-01,9.999999999925713867e-01
9.942300000000000000e+04,6.246931327957160538e+05,-9.989571671841368516e-01,9.989571671841368516e-01,9.999999999923850913e-01
1.004370000000000000e+05,6.310642826971961185e+05,-9.979056890880815267e-01,9.979056890880815267e-01,9.999999999922801752e-01
1.014620000000000000e+05,6.375045476370551623e+05,9.992621005763502318e-01,9.992621005763502318e-01,9.999999999922966065e-01
1.024980000000000000e+05,6.440139276152931852e+05,9.988383271447613954e-01,9.988383271447613954e-01,9.999999999922215554e-01
1.035440000000000000e+05,6.505861394466031343e+05,9.986181075652803552e-01,9.986181075652803552e-01,9.999999999921616034e-01
1.046010000000000000e+05,6.572274663162919460e+05,-9.982591752947027608e-01,9.982591752947027608e-01,9.999999999919778615e-01
1.056680000000000000e+05,6.639316250390525674e+05,9.979965829818736589e-01,9.979965829818736589e-01,9.999999999920232696e-01
1.067460000000000000e+05,6.707048988001921680e+05,9.978845492866915690e-01,9.978845492866915690e-01,9.999999999919426674e-01
1.078360000000000000e+05,6.775535707850179169e+05,9.979445866796766706e-01,9.979445866796766706e-01,9.999999999918572913e-01
1.089360000000000000e+05,6.844650746229153592e+05,9.991818998686392561e-01,9.991818998686392561e-01,9.999999999917381643e-01
1.100480000000000000e+05,6.914519766844990663e+05,9.982197805709301930e-01,9.982197805709301930e-01,9.999999999916832083e-01
1.111710000000000000e+05,6.985079937844617525e+05,-9.978837598434049383e-01,9.978837598434049383e-01,9.999999999914528370e-01
1.123060000000000000e+05,7.056394091081105871e+05,9.990152816818560488e-01,9.990152816818560488e-01,9.999999999914805926e-01
1.134520000000000000e+05,7.128399394701384008e+05,9.989323014230460096e-01,9.989323014230460096e-01,9.999999999913917748e-01
1.146100000000000000e+05,7.201158680558523629e+05,9.995752727734444898e-01,9.995752727734444898e-01,9.999999999912952964e-01
1.157790000000000000e+05,7.274609116799453041e+05,-9.995715122437602851e-01,9.995715122437602851e-01,9.999999999911504123e-01
1.169610000000000000e+05,7.348876367130315630e+05,-9.985776247150257579e-01,9.985776247150257579e-01,9.999999999910250681e-01
1.181540000000000000e+05,7.423834767844968010e+05,9.986251535138033208e-01,9.986251535138033208e-01,9.999999999910675896e-01
1.193600000000000000e+05,7.499609982649553567e+05,9.985746993047549536e-01,9.985746993047549536e-01,9.999999999909516823e-01
1.205780000000000000e+05,7.576139179691001773e+05,9.993454038046980514e-01,9.993454038046980514e-01,9.999999999908429915e-01
1.218090000000000000e+05,7.653485190822381992e+05,-9.982270136933903970e-01,9.982270136933903970e-01,9.999999999906554748e-01
1.230520000000000000e+05,7.731585184190624859e+05,9.993334449905575401e-01,9.993334449905575401e-01,9.999999999906619141e-01
1.243080000000000000e+05,7.810501991648799740e+05,9.985941739262680361e-01,9.985941739262680361e-01,9.999999999905679893e-01
1.255760000000000000e+05,7.890172781343837269e+05,9.989524388052943848e-01,9.989524388052943848e-01,9.999999999904707337e-01
1.268580000000000000e+05,7.970723216981879668e+05,9.980421443476088506e-01,9.980421443476088506e-01,9.999999999904015668e-01
1.281520000000000000e+05,8.052027634856783552e+05,9.987778857243180264e-01,9.987778857243180264e-01,9.999999999903044223e-01
1.294600000000000000e+05,8.134211698674692307e+05,9.994873328922319056e-01,9.994873328922319056e-01,9.999999999901699743e-01
1.307820000000000000e+05,8.217275408435605932e+05,9.983180368260949900e-01,9.983180368260949900e-01,9.999999999900864855e-01
1.321160000000000000e+05,8.301093100433382206e+05,9.987029195817828109e-01,9.987029195817828109e-01,9.999999999900035519e-01
1.334640000000000000e+05,8.385790438374163350e+05,9.991713120892994349e-01,9.991713120892994349e-01,9.999999999898651071e-01
1.348270000000000000e+05,8.471430254111021059e+05,-9.983753851268970525e-01,9.983753851268970525e-01,9.999999999896834746e-01
1.362020000000000000e+05,8.557824052084740251e+05,9.993368692457664793e-01,9.993368692457664793e-01,9.999999999896729275e-01
1.375920000000000000e+05,8.645160327854536008e+05,9.982393616761640054e-01,9.982393616761640054e-01,9.999999999895655689e-01
1.389970000000000000e+05,8.733439081420409493e+05,-9.991705844188371044e-01,9.991705844188371044e-01,9.999999999893823821e-01
1.404150000000000000e+05,8.822534649076216156e+05,-9.982752908417996673e-01,9.982752908417996673e-01,9.999999999892532632e-01
1.418480000000000000e+05,8.912572694528099382e+05,9.993792544808792755e-01,9.993792544808792755e-01,9.999999999892256186e-01
1.432960000000000000e+05,9.003553217776060337e+05,9.986703180636125055e-01,9.986703180636125055e-01,9.999999999891309166e-01
1.447580000000000000e+05,9.095413386967024999e+05,9.985820820965390920e-01,9.985820820965390920e-01,9.999999999890357705e-01
1.462350000000000000e+05,9.188216033954067389e+05,-9.993515527134317900e-01,9.993515527134317900e-01,9.999999999888297131e-01
1.477280000000000000e+05,9.282023990590259200e+05,9.987036188448291663e-01,9.987036188448291663e-01,9.999999999888050661e-01
1.492350000000000000e+05,9.376711593169455882e+05,-9.986588571351042720e-01,9.986588571351042720e-01,9.999999999885749169e-01
1.507580000000000000e+05,9.472404505397800822e+05,9.994532667025861628e-01,9.994532667025861628e-01,9.999999999885538227e-01
1.522970000000000000e+05,9.569102727275294019e+05,-9.990824664367865537e-01,9.990824664367865537e-01,9.999999999883758539e-01
1.538510000000000000e+05,9.666743426948864944e+05,-9.978148427605868509e-01,9.978148427605868509e-01,9.999999999882103197e-01
1.554210000000000000e+05,9.765389436271585291e+05,-9.993056975095329086e-01,9.993056975095329086e-01,9.999999999881244994e-01
1.570070000000000000e+05,9.865040755243452732e+05,-9.994335629688031464e-01,9.994335629688031464e-01,9.999999999880188062e-01
1.586100000000000000e+05,9.965760215717541287e+05,9.981595392670767897e-01,9.981595392670767897e-01,9.999999999879966017e-01
1.602280000000000000e+05,1.006742215398770757e+06,9.983174250908460889e-01,9.983174250908460889e-01,9.999999999878596002e-01
1.618640000000000000e+05,1.017021506561316550e+06,9.993598397774161590e-01,9.993598397774161590e-01,9.999999999877190460e-01
1.635150000000000000e+05,1.027395045503469999e+06,-9.980645436906536716e-01,9.980645436906536716e-01,9.999999999874986667e-01
1.651840000000000000e+05,1.037881681781152729e+06,9.981172651102891979e-01,9.981172651102891979e-01,9.999999999874996659e-01
1.668700000000000000e+05,1.048475132209057570e+06,9.985360159592078233e-01,9.985360159592078233e-01,9.999999999873662171e-01
1.685730000000000000e+05,1.059175396787184291e+06,-9.987221933565587628e-01,9.987221933565587628e-01,9.999999999871002077e-01
1.702930000000000000e+05,1.069982475515533239e+06,-9.991483600385890895e-01,9.991483600385890895e-01,9.999999999870046175e-01
1.720310000000000000e+05,1.080902651579411468e+06,-9.990887174506387636e-01,9.990887174506387636e-01,9.999999999868587341e-01
1.737870000000000000e+05,1.091935924978818744e+06,-9.995657859620102892e-01,9.995657859620102892e-01,9.999999999867420497e-01
1.755600000000000000e+05,1.103076012528448133e+06,9.992698252451681640e-01,9.992698252451681640e-01,9.999999999866796552e-01
1.773520000000000000e+05,1.114335480598913971e+06,9.985428457343076269e-01,9.985428457343076269e-01,9.999999999865718525e-01
1.791620000000000000e+05,1.125708046004909091e+06,9.980093106172790440e-01,9.980093106172790440e-01,9.999999999864369604e-01
1.809900000000000000e+05,1.137193708746433258e+06,9.988979621751099547e-01,9.988979621751099547e-01,9.999999999862582145e-01
1.828370000000000000e+05,1.148798752008794108e+06,-9.987280601010969372e-01,9.987280601010969372e-01,9.999999999860401667e-01
1.847030000000000000e+05,1.160523175791991176e+06,-9.990061003563180941e-01,9.990061003563180941e-01,9.999999999858897315e-01
1.865880000000000000e+05,1.172366980096024694e+06,9.992912912236846523e-01,9.992912912236846523e-01,9.999999999858470989e-01
1.884920000000000000e+05,1.184330164920894662e+06,9.988655383406794819e-01,9.988655383406794819e-01,9.999999999856885591e-01
1.904160000000000000e+05,1.196419013451908017e+06,9.984351596314949839e-01,9.984351596314949839e-01,9.999999999855748722e-01
1.923590000000000000e+05,1.208627242503758054e+06,-9.984666008843418039e-01,9.984666008843418039e-01,9.999999999852874355e-01
1.943220000000000000e+05,1.220961135261751479e+06,9.989800282275809185e-01,9.989800282275809185e-01,9.999999999852573485e-01
1.963060000000000000e+05,1.233426974911195925e+06,9.984723623200981724e-01,9.984723623200981724e-01,9.999999999851070243e-01
1.983090000000000000e+05,1.246012195081476588e+06,-9.984800065313615969e-01,9.984800065313615969e-01,9.999999999848431242e-01
2.003330000000000000e+05,1.258729362143208040e+06,-9.987997633646066298e-01,9.987997633646066298e-01,9.999999999847195564e-01
2.023770000000000000e+05,1.271572192911083112e+06,-9.990434280046609494e-01,9.990434280046609494e-01,9.999999999845641252e-01
2.044430000000000000e+05,1.284553253755716141e+06,-9.986380584291076890e-01,9.986380584291076890e-01,9.999999999843731668e-01
2.065290000000000000e+05,1.297659978306492791e+06,-9.978592067111012875e-01,9.978592067111012875e-01,9.999999999842057452e-01
2.086370000000000000e+05,1.310904932934027398e+06,-9.988010309426589295e-01,9.988010309426589295e-01,9.999999999840866183e-01
2.107660000000000000e+05,1.324281834453012561e+06,9.982500120881683259e-01,9.982500120881683259e-01,9.999999999840176734e-01
2.129170000000000000e+05,1.337796966048755916e+06,-9.985756273363475266e-01,9.985756273363475266e-01,9.999999999837635434e-01
2.150900000000000000e+05,1.351450327721257228e+06,9.982756740955187613e-01,9.982756740955187613e-01,9.999999999836826081e-01
2.172850000000000000e+05,1.365241919470516499e+06,-9.989516638229489764e-01,9.989516638229489764e-01,9.999999999834168207e-01
2.195020000000000000e+05,1.379171741296533495e+06,9.984167517749054088e-01,9.984167517749054088e-01,9.999999999833542041e-01
2.217420000000000000e+05,1.393246076384615852e+06,9.987903430458637821e-01,9.987903430458637821e-01,9.999999999831994391e-01
2.240050000000000000e+05,1.407464924734763103e+06,-9.983942320152062733e-01,9.983942320152062733e-01,9.999999999829070063e-01
2.262910000000000000e+05,1.421828286346975714e+06,-9.987730722632444103e-01,9.987730722632444103e-01,9.999999999827261510e-01
2.286010000000000000e+05,1.436342444406560622e+06,-9.983181637145723819e-01,9.983181637145723819e-01,9.999999999825337493e-01
2.309340000000000000e+05,1.451001115728210658e+06,9.984760372219421143e-01,9.984760372219421143e-01,9.999999999824666919e-01
2.332900000000000000e+05,1.465804300311925588e+06,9.986571273726005948e-01,9.986571273726005948e-01,9.999999999823229180e-01
2.356710000000000000e+05,1.480764564528320218e+06,-9.989755438970686630e-01,9.989755438970686630e-01,9.999999999820047281e-01
2.380760000000000000e+05,1.495875625192087144e+06,9.990733764826421615e-01,9.990733764826421615e-01,9.999999999819200180e-01
2.405060000000000000e+05,1.511143765488533536e+06,9.988991417927017835e-01,9.988991417927017835e-01,9.999999999817376084e-01
2.429600000000000000e+05,1.526562702232352225e+06,9.981774559227979404e-01,9.981774559227979404e-01,9.999999999815843976e-01
2.454400000000000000e+05,1.542145001794157550e+06,9.985436494122231776e-01,9.985436494122231776e-01,9.999999999813760088e-01
2.479450000000000000e+05,1.557884380988642573e+06,-9.988217416954537908e-01,9.988217416954537908e-01,9.999999999811035600e-01
2.504750000000000000e+05,1.573780839815806830e+06,-9.990076496152016094e-01,9.990076496152016094e-01,9.999999999808945050e-01
2.530310000000000000e+05,1.589840661460957956e+06,-9.985284382437269457e-01,9.985284382437269457e-01,9.999999999806907791e-01
2.556130000000000000e+05,1.606063845924095483e+06,-9.990278673560780698e-01,9.990278673560780698e-01,9.999999999805037065e-01
2.582220000000000000e+05,1.622456676390527049e+06,9.985364154109028778e-01,9.985364154109028778e-01,9.999999999804208839e-01
2.608570000000000000e+05,1.639012869674945250e+06,-9.989103048679095487e-01,9.989103048679095487e-01,9.999999999801209016e-01
2.635190000000000000e+05,1.655738708962657489e+06,-9.991212021326266735e-01,9.991212021326266735e-01,9.999999999798933059e-01
2.662090000000000000e+05,1.672640477438970469e+06,-9.982442889930379648e-01,9.982442889930379648e-01,9.999999999796785888e-01
2.689250000000000000e+05,1.689705608733270317e+06,-9.994211736287023085e-01,9.994211736287023085e-01,9.999999999795139427e-01
2.716700000000000000e+05,1.706952952401478076e+06,9.991003148336219386e-01,9.991003148336219386e-01,9.999999999793918182e-01
2.744420000000000000e+05,1.724369942072980106e+06,9.990568826936074842e-01,9.990568826936074842e-01,9.999999999791545635e-01
2.772430000000000000e+05,1.741969144118390046e+06,-9.990962954405144814e-01,9.990962954405144814e-01,9.999999999788591332e-01
2.800720000000000000e+05,1.759744275352400960e+06,9.984175912357104998e-01,9.984175912357104998e-01,9.999999999787674287e-01
2.829310000000000000e+05,1.777707902145627420e+06,-9.986020375061971377e-01,9.986020375061971377e-01,9.999999999784436877e-01
2.858180000000000000e+05,1.795847458127455087e+06,9.979199553747298834e-01,9.979199553747298834e-01,9.999999999783355520e-01
2.887350000000000000e+05,1.814175509668497834e+06,-9.980899844961037548e-01,9.980899844961037548e-01,9.999999999779748405e-01
2.916820000000000000e+05,1.832692056768756127e+06,9.984460825064435108e-01,9.984460825064435108e-01,9.999999999778624860e-01
2.946580000000000000e+05,1.851390816242922563e+06,9.988455691942512704e-01,9.988455691942512704e-01,9.999999999776515436e-01
2.976650000000000000e+05,1.870284354461611481e+06,-9.984342922700012446e-01,9.984342922700012446e-01,9.999999999773182546e-01
3.007030000000000000e+05,1.889372671424823115e+06,-9.983824384570688659e-01,9.983824384570688659e-01,9.999999999770843306e-01
3.037720000000000000e+05,1.908655767132557230e+06,9.978855917700768519e-01,9.978855917700768519e-01,9.999999999769751957e-01
3.068720000000000000e+05,1.928133641584814060e+06,9.995777455665338929e-01,9.995777455665338929e-01,9.999999999766887582e-01
3.100040000000000000e+05,1.947812577966900542e+06,9.990835676907954266e-01,9.990835676907954266e-01,9.999999999764739300e-01
3.131670000000000000e+05,1.967686293093509506e+06,-9.985632736884011429e-01,9.985632736884011429e-01,9.999999999761310931e-01
3.163630000000000000e+05,1.987767353335255524e+06,-9.980447912636564167e-01,9.980447912636564167e-01,9.999999999758719671e-01
3.195920000000000000e+05,2.008055758692138363e+06,9.993632849748389502e-01,9.993632849748389502e-01,9.999999999757244185e-01
3.228540000000000000e+05,2.028551509164158022e+06,9.984440549407843646e-01,9.984440549407843646e-01,9.999999999754833890e-01
3.261480000000000000e+05,2.049248321566007799e+06,9.978844636913049015e-01,9.978844636913049015e-01,9.999999999752720026e-01
3.294770000000000000e+05,2.070165045453608502e+06,-9.985085344923434469e-01,9.985085344923434469e-01,9.999999999749046298e-01
3.328390000000000000e+05,2.091289114456346259e+06,-9.978765865792289524e-01,9.978765865792289524e-01,9.999999999746113089e-01
3.362360000000000000e+05,2.112633094944835175e+06,9.990736824610628730e-01,9.990736824610628730e-01,9.999999999744639823e-01
3.396670000000000000e+05,2.134190703733768314e+06,-9.985706561382724500e-01,9.985706561382724500e-01,9.999999999741289169e-01
3.431340000000000000e+05,2.155974507193760015e+06,9.989572823905071841e-01,9.989572823905071841e-01,9.999999999739719314e-01
3.466360000000000000e+05,2.177978222139502876e+06,9.989572515170158651e-01,9.989572515170158651e-01,9.999999999736773892e-01
3.501730000000000000e+05,2.200201848570997361e+06,-9.981488576590220596e-01,9.981488576590220596e-01,9.999999999732975819e-01
3.537470000000000000e+05,2.222657952858856879e+06,-9.990339299058291767e-01,9.990339299058291767e-01,9.999999999730487810e-01
3.573570000000000000e+05,2.245340251817775425e+06,-9.988877333136350067e-01,9.988877333136350067e-01,9.999999999727628985e-01
3.610040000000000000e+05,2.268255028633059468e+06,9.989281008495350944e-01,9.989281008495350944e-01,9.999999999725938116e-01
3.646880000000000000e+05,2.291402283304709010e+06,9.993961678722244057e-01,9.993961678722244057e-01,9.999999999722988253e-01
3.684100000000000000e+05,2.314788299018031452e+06,9.982004908929149600e-01,9.982004908929149600e-01,9.999999999720547983e-01
3.721690000000000000e+05,2.338406792587719392e+06,-9.994239947672181046e-01,9.994239947672181046e-01,9.999999999716718824e-01
3.759670000000000000e+05,2.362270330384387635e+06,-9.985801528018103390e-01,9.985801528018103390e-01,9.999999999713762300e-01
3.798040000000000000e+05,2.386378912408035714e+06,9.987545160564383906e-01,9.987545160564383906e-01,9.999999999711830512e-01
3.836800000000000000e+05,2.410732538658663630e+06,9.986976956433646357e-01,9.986976956433646357e-01,9.999999999708616416e-01
3.875960000000000000e+05,2.435337492321578786e+06,9.983058885606932442e-01,9.983058885606932442e-01,9.999999999706019604e-01
3.915510000000000000e+05,2.460187490211474244e+06,-9.979271114017772559e-01,9.979271114017772559e-01,9.999999999701607578e-01
3.955470000000000000e+05,2.485295098698963877e+06,-9.987116128132568216e-01,9.987116128132568216e-01,9.999999999698621078e-01
3.995840000000000000e+05,2.510660317784047686e+06,9.987872774560639932e-01,9.987872774560639932e-01,9.999999999696859154e-01
4.036620000000000000e+05,2.536283147466726135e+06,9.988572434441556069e-01,9.988572434441556069e-01,9.999999999693666153e-01
4.077810000000000000e+05,2.562163587746998761e+06,-9.986972525440352966e-01,9.986972525440352966e-01,9.999999999689269670e-01
4.119430000000000000e+05,2.588314204995480366e+06,-9.984984759447930180e-01,9.984984759447930180e-01,9.999999999686249863e-01
4.161470000000000000e+05,2.614728716026863083e+06,-9.992315210290518834e-01,9.992315210290518834e-01,9.999999999683254481e-01
4.203940000000000000e+05,2.641413404026454780e+06,9.992867004496166494e-01,9.992867004496166494e-01,9.999999999680678764e-01
4.246840000000000000e+05,2.668368268994255457e+06,9.983306965664264787e-01,9.983306965664264787e-01,9.999999999677713358e-01
4.290180000000000000e+05,2.695599594115571585e+06,9.985591824245352299e-01,9.985591824245352299e-01,9.999999999674518136e-01
4.333960000000000000e+05,2.723107379390404094e+06,9.977286272823766566e-01,9.977286272823766566e-01,9.999999999671246309e-01
4.378190000000000000e+05,2.750897908004059456e+06,-9.988321107507188712e-01,9.988321107507188712e-01,9.999999999666658868e-01
4.422870000000000000e+05,2.778971179956537671e+06,-9.989545676696270915e-01,9.989545676696270915e-01,9.999999999663162775e-01
4.468010000000000000e+05,2.807333478433146141e+06,-9.982541638128563655e-01,9.982541638128563655e-01,9.999999999659568983e-01
4.513610000000000000e+05,2.835984803433885332e+06,-9.983970056788495917e-01,9.983970056788495917e-01,9.999999999656219440e-01
4.559670000000000000e+05,2.864925154958754312e+06,-9.983924241487163176e-01,9.983924241487163176e-01,9.999999999652900984e-01
4.606200000000000000e+05,2.894160816193060949e+06,9.984054772225787744e-01,9.984054772225787744e-01,9.999999999650540650e-01
4.653210000000000000e+05,2.923698070322112180e+06,-9.988176328035456297e-01,9.988176328035456297e-01,9.999999999645605708e-01
4.700700000000000000e+05,2.953536917345908005e+06,9.983316021176718014e-01,9.983316021176718014e-01,9.999999999643210957e-01
4.748670000000000000e+05,2.983677357264448423e+06,-9.979048330220886553e-01,9.979048330220886553e-01,9.999999999638226056e-01
4.797130000000000000e+05,3.014125673263040837e+06,-9.988486405435959004e-01,9.988486405435959004e-01,9.999999999634681114e-01
4.846090000000000000e+05,3.044888148526992183e+06,-9.985862562576959256e-01,9.985862562576959256e-01,9.999999999631205005e-01
4.895550000000000000e+05,3.075964783056302462e+06,-9.985066791740160319e-01,9.985066791740160319e-01,9.999999999627477987e-01
4.945510000000000000e+05,3.107355576850971673e+06,-9.983100295011173575e-01,9.983100295011173575e-01,9.999999999623411240e-01
4.995980000000000000e+05,3.139066813096306752e+06,9.977709077046796882e-01,9.977709077046796882e-01,9.999999999620959867e-01
5.046960000000000000e+05,3.171098491792308632e+06,9.978704909824238634e-01,9.978704909824238634e-01,9.999999999617005253e-01
5.098470000000000000e+05,3.203463179309590720e+06,-9.987466488761648220e-01,9.987466488761648220e-01,9.999999999612002588e-01
5.150500000000000000e+05,3.236154592462846078e+06,9.980380471362165773e-01,9.980380471362165773e-01,9.999999999609113788e-01
5.203060000000000000e+05,3.269179014437381644e+06,9.993221047473958008e-01,9.993221047473958008e-01,9.999999999604811673e-01
5.256160000000000000e+05,3.302542728418505285e+06,9.988607638737717620e-01,9.988607638737717620e-01,9.999999999601019152e-01
5.309800000000000000e+05,3.336245734406216536e+06,9.981235027343748900e-01,9.981235027343748900e-01,9.999999999596990152e-01
5.363990000000000000e+05,3.370294315585822798e+06,-9.981859116526117237e-01,9.981859116526117237e-01,9.999999999591466793e-01
5.418730000000000000e+05,3.404688471957324073e+06,-9.991569108092076545e-01,9.991569108092076545e-01,9.999999999587717570e-01
5.474030000000000000e+05,3.439434486706026830e+06,-9.991145157808312138e-01,9.991145157808312138e-01,9.999999999583427668e-01
5.529890000000000000e+05,3.474532359831932001e+06,-9.988691216743439405e-01,9.988691216743439405e-01,9.999999999579004539e-01
5.586330000000000000e+05,3.509994657705653924e+06,-9.986909924074489631e-01,9.986909924074489631e-01,9.999999999574780141e-01
5.643340000000000000e+05,3.545815097141884733e+06,9.983040566630445589e-01,9.983040566630445589e-01,9.999999999571753673e-01
5.700930000000000000e+05,3.581999961325931828e+06,-9.991338566364135199e-01,9.991338566364135199e-01,9.999999999566357989e-01
5.759110000000000000e+05,3.618555533443102613e+06,-9.991961541296708882e-01,9.991961541296708882e-01,9.999999999561750563e-01
5.817880000000000000e+05,3.655481813493397087e+06,9.989463364495043685e-01,9.989463364495043685e-01,9.999999999558266683e-01
5.877260000000000000e+05,3.692791367847429588e+06,9.985648864834483218e-01,9.985648864834483218e-01,9.999999999553703667e-01
5.937240000000000000e+05,3.730477913319892716e+06,9.981145217482634280e-01,9.981145217482634280e-01,9.999999999549405993e-01
5.997830000000000000e+05,3.768547733096093871e+06,-9.982177199916213439e-01,9.982177199916213439e-01,9.999999999543408569e-01
6.059040000000000000e+05,3.807007110361339990e+06,9.988628076536066880e-01,9.988628076536066880e-01,9.999999999539966877e-01
6.120870000000000000e+05,3.845856045115631539e+06,-9.986381778267041653e-01,9.986381778267041653e-01,9.999999999534061601e-01
6.183340000000000000e+05,3.885107103729582392e+06,9.983397274036676095e-01,9.983397274036676095e-01,9.999999999530513328e-01
6.246440000000000000e+05,3.924754003017885610e+06,9.987873080645798263e-01,9.987873080645798263e-01,9.999999999525551742e-01
6.310190000000000000e+05,3.964809309351155534e+06,-9.983482636959849499e-01,9.983482636959849499e-01,9.999999999519902927e-01
6.374580000000000000e+05,4.005266739544084761e+06,9.992301390015434492e-01,9.992301390015434492e-01,9.999999999515847282e-01
6.439640000000000000e+05,4.046145143152595032e+06,9.984124725753226182e-01,9.984124725753226182e-01,9.999999999510960080e-01
6.505360000000000000e+05,4.087438236991379410e+06,9.978368887722122160e-01,9.978368887722122160e-01,9.999999999506180570e-01
6.571750000000000000e+05,4.129152304245744366e+06,-9.987403292899639240e-01,9.987403292899639240e-01,9.999999999500086556e-01
6.638810000000000000e+05,4.171287344915690832e+06,-9.977675637069222114e-01,9.977675637069222114e-01,9.999999999494662006e-01
6.706560000000000000e+05,4.213855925371832214e+06,9.981000137183593246e-01,9.981000137183593246e-01,9.999999999490962743e-01
6.775010000000000000e+05,4.256864328799476847e+06,-9.979164262139305075e-01,9.979164262139305075e-01,9.999999999484264768e-01
6.844150000000000000e+05,4.300306272013316862e+06,-9.985239140062796004e-01,9.985239140062796004e-01,9.999999999479428636e-01
6.913990000000000000e+05,4.344188038198659196e+06,-9.991853181886777291e-01,9.991853181886777291e-01,9.999999999473967449e-01
6.984550000000000000e+05,4.388522193726117723e+06,-9.985168218452529221e-01,9.985168218452529221e-01,9.999999999468438538e-01
7.055830000000000000e+05,4.433308738595694304e+06,-9.987463890601097072e-01,9.987463890601097072e-01,9.999999999463112799e-01
7.127840000000000000e+05,4.478553955992694013e+06,9.977969052330015742e-01,9.977969052330015742e-01,9.999999999459018296e-01
7.200580000000000000e+05,4.524257845917118713e+06,9.987425990955332011e-01,9.987425990955332011e-01,9.999999999453162980e-01
7.274070000000000000e+05,4.570432974739581347e+06,-9.983474739300760570e-01,9.983474739300760570e-01,9.999999999446601562e-01
7.348300000000000000e+05,4.617073059274774976e+06,9.988124117183933004e-01,9.988124117183933004e-01,9.999999999442048537e-01
7.423290000000000000e+05,4.664190665893315338e+06,-9.991034438572605758e-01,9.991034438572605758e-01,9.999999999435447151e-01
7.499050000000000000e+05,4.711792077780507505e+06,-9.986982171811602527e-01,9.986982171811602527e-01,9.999999999429408648e-01
7.575580000000000000e+05,4.759877294936353341e+06,9.990297518883836103e-01,9.990297518883836103e-01,9.999999999424705743e-01
7.652890000000000000e+05,4.808452600546157919e+06,-9.985019061238609162e-01,9.985019061238609162e-01,9.999999999417660268e-01
7.730990000000000000e+05,4.857524277795230970e+06,-9.992337805476257939e-01,9.992337805476257939e-01,9.999999999412125806e-01
7.809890000000000000e+05,4.907098609868877567e+06,-9.991523681601055529e-01,9.991523681601055529e-01,9.999999999406035123e-01
7.889590000000000000e+05,4.957175596767099574e+06,-9.980322390541218613e-01,9.980322390541218613e-01,9.999999999399843409e-01
7.970110000000000000e+05,5.007767804860509001e+06,-9.985581714082636395e-01,9.985581714082636395e-01,9.999999999393806016e-01
8.051440000000000000e+05,5.058868950963800773e+06,9.982672284593121503e-01,9.982672284593121503e-01,9.999999999388810012e-01
8.133610000000000000e+05,5.110497884632895701e+06,-9.989524849553248487e-01,9.989524849553248487e-01,9.999999999381534721e-01
8.216620000000000000e+05,5.162654605867792852e+06,9.978720988899230093e-01,9.978720988899230093e-01,9.999999999376294468e-01
8.300470000000000000e+05,5.215339114668494090e+06,-9.995531492949960573e-01,9.995531492949960573e-01,9.999999999368873738e-01
8.385180000000000000e+05,5.268563977405612357e+06,9.982370076250163260e-01,9.982370076250163260e-01,9.999999999363186065e-01
8.470750000000000000e+05,5.322329194079147652e+06,-9.993320224150574749e-01,9.993320224150574749e-01,9.999999999355878577e-01
8.557200000000000000e+05,5.376647331059715711e+06,9.981297129921561373e-01,9.981297129921561373e-01,9.999999999350261959e-01
8.644530000000000000e+05,5.431518388347314671e+06,-9.986993189036316165e-01,9.986993189036316165e-01,9.999999999342672474e-01
8.732750000000000000e+05,5.486948649127253331e+06,-9.984132581339046908e-01,9.984132581339046908e-01,9.999999999335827949e-01
8.821870000000000000e+05,5.542944396584837697e+06,-9.986270222631935534e-01,9.986270222631935534e-01,9.999999999329198808e-01
8.911900000000000000e+05,5.599511913905375637e+06,9.984386984082244121e-01,9.984386984082244121e-01,9.999999999323370137e-01
9.002850000000000000e+05,5.656657484274174087e+06,-9.982067911422835005e-01,9.982067911422835005e-01,9.999999999315125621e-01
9.094720000000000000e+05,5.714381107691233046e+06,9.992715912659250188e-01,9.992715912659250188e-01,9.999999999309091558e-01
9.187540000000000000e+05,5.772701633712473325e+06,9.993817547289834957e-01,9.993817547289834957e-01,9.999999999302050524e-01
9.281300000000000000e+05,5.831612779152588919e+06,9.989377639893748384e-01,9.989377639893748384e-01,9.999999999295029474e-01
9.376020000000000000e+05,5.891127110382194631e+06,9.978309986699351875e-01,9.978309986699351875e-01,9.999999999288137209e-01
9.471700000000000000e+05,5.951244627401288599e+06,9.976741747846645803e-01,9.976741747846645803e-01,9.999999999280917429e-01
9.568360000000000000e+05,6.011977896580486558e+06,9.982969132862428152e-01,9.982969132862428152e-01,9.999999999273371243e-01
9.666010000000000000e+05,6.073333201105095446e+06,-9.984687194263554000e-01,9.984687194263554000e-01,9.999999999264872486e-01
9.764660000000000000e+05,6.135316824160422198e+06,9.985110389625495575e-01,9.985110389625495575e-01,9.999999999258628591e-01
9.864310000000000000e+05,6.197928765746466815e+06,-9.983761014777681186e-01,9.983761014777681186e-01,9.999999999249662430e-01
9.964980000000000000e+05,6.261181592233843170e+06,9.985977871433253661e-01,9.985977871433253661e-01,9.999999999243182058e-01
1.006667000000000000e+06,6.325075303622552194e+06,-9.986411838335840230e-01,9.986411838335840230e-01,9.999999999234298054e-01
1.016941000000000000e+06,6.389628749468515627e+06,-9.985556034975250350e-01,9.985556034975250350e-01,9.999999999226508729e-01
1.027319000000000000e+06,6.454835646586425602e+06,-9.980647441255536823e-01,9.980647441255536823e-01,9.999999999218800451e-01
1.037803000000000000e+06,6.520708561346895993e+06,-9.985466833996288205e-01,9.985466833996288205e-01,9.999999999210891222e-01
1.048394000000000000e+06,6.587253776935234666e+06,9.990357231442028585e-01,9.990357231442028585e-01,9.999999999203681433e-01
1.059093000000000000e+06,6.654477576536749490e+06,-9.982012379933353774e-01,9.982012379933353774e-01,9.999999999194592037e-01
1.069902000000000000e+06,6.722392526522053406e+06,9.988784619590673763e-01,9.988784619590673763e-01,9.999999999187556554e-01
1.080820000000000000e+06,6.790992343705840409e+06,9.987002839656607955e-01,9.987002839656607955e-01,9.999999999179054466e-01
1.091850000000000000e+06,6.860295877644031309e+06,9.984659382053181487e-01,9.984659382053181487e-01,9.999999999170948728e-01
1.102993000000000000e+06,6.930309411521933042e+06,-9.979046289924792257e-01,9.979046289924792257e-01,9.999999999161182096e-01
1.114249000000000000e+06,7.001032945339546539e+06,-9.985984681163468935e-01,9.985984681163468935e-01,9.999999999152623387e-01
1.125621000000000000e+06,7.072485328652792610e+06,-9.994697359968043315e-01,9.994697359968043315e-01,9.999999999144344454e-01
1.137108000000000000e+06,7.144660278276365250e+06,9.989551158641536421e-01,9.989551158641536421e-01,9.999999999136270912e-01
1.148712000000000000e+06,7.217570360580876470e+06,9.983531551164468443e-01,9.983531551164468443e-01,9.999999999127661132e-01
1.160435000000000000e+06,7.291228141936942935e+06,-9.977160420931504570e-01,9.977160420931504570e-01,9.999999999117425986e-01
1.172278000000000000e+06,7.365639905529870652e+06,9.984553225571192181e-01,9.984553225571192181e-01,9.999999999109870918e-01
1.184241000000000000e+06,7.440805651359660551e+06,-9.990444850445809877e-01,9.990444850445809877e-01,9.999999999099700165e-01
1.196327000000000000e+06,7.516744228982232511e+06,-9.983093635740568628e-01,9.983093635740568628e-01,9.999999999090429803e-01
1.208536000000000000e+06,7.593455638397588395e+06,9.976548872111306032e-01,9.976548872111306032e-01,9.999999999082336277e-01
1.220869000000000000e+06,7.670946162791034207e+06,-9.982901128484891196e-01,9.982901128484891196e-01,9.999999999071861323e-01
1.233329000000000000e+06,7.749234651718491688e+06,-9.987415016981695537e-01,9.987415016981695537e-01,9.999999999062358924e-01
1.245915000000000000e+06,7.828314821994653903e+06,-9.985270538301117549e-01,9.985270538301117549e-01,9.999999999052557875e-01
1.258630000000000000e+06,7.908205523175442591e+06,9.985783511974324345e-01,9.985783511974324345e-01,9.999999999044256738e-01
1.271475000000000000e+06,7.988913038446164690e+06,-9.983033949764559267e-01,9.983033949764559267e-01,9.999999999033455378e-01
1.284451000000000000e+06,8.070443650992127135e+06,-9.980918276907282394e-01,9.980918276907282394e-01,9.999999999023228003e-01
1.297559000000000000e+06,8.152803643998636864e+06,-9.983828088798184508e-01,9.983828088798184508e-01,9.999999999013264862e-01
1.310801000000000000e+06,8.236005583836308680e+06,-9.979788872410966238e-01,9.979788872410966238e-01,9.999999999003357232e-01
1.324178000000000000e+06,8.320055753690450452e+06,9.980222386301742521e-01,9.980222386301742521e-01,9.999999998994355543e-01
1.337692000000000000e+06,8.404966719931675121e+06,9.978647378819709424e-01,9.978647378819709424e-01,9.999999998984101524e-01
1.351343000000000000e+06,8.490738482559982687e+06,-9.977729708848900314e-01,9.977729708848900314e-01,9.999999998972394222e-01
1.365134000000000000e+06,8.577389891131296754e+06,9.984449752449855442e-01,9.984449752449855442e-01,9.999999998963348125e-01
1.379066000000000000e+06,8.664927228830922395e+06,9.990369102689480307e-01,9.990369102689480307e-01,9.999999998952546765e-01
1.393139000000000000e+06,8.753350495658861473e+06,-9.987146830082281879e-01,9.987146830082281879e-01,9.999999998940748425e-01
1.407357000000000000e+06,8.842684824356341735e+06,-9.992225502666758352e-01,9.992225502666758352e-01,9.999999998930284573e-01
1.421719000000000000e+06,8.932923931738054380e+06,-9.986747682004566418e-01,9.986747682004566418e-01,9.999999998919316679e-01
1.436228000000000000e+06,9.024086667359922081e+06,9.981050084999726346e-01,9.981050084999726346e-01,9.999999998909120391e-01
1.450885000000000000e+06,9.116179314407253638e+06,-9.980890897014390584e-01,9.980890897014390584e-01,9.999999998896768050e-01
1.465692000000000000e+06,9.209214439250662923e+06,9.984425039129734003e-01,9.984425039129734003e-01,9.999999998886632824e-01
1.480650000000000000e+06,9.303198325075455010e+06,9.993650918215195578e-01,9.993650918215195578e-01,9.999999998875215290e-01
1.495761000000000000e+06,9.398143538252245635e+06,-9.983078644010415781e-01,9.983078644010415781e-01,9.999999998862746375e-01
1.511025000000000000e+06,9.494050078781034797e+06,-9.988362615250546694e-01,9.988362615250546694e-01,9.999999998851292204e-01
1.526446000000000000e+06,9.590943079403050244e+06,9.982307782403344598e-01,9.982307782403344598e-01,9.999999998840660709e-01
1.542024000000000000e+06,9.688822540118293837e+06,9.974293919778443041e-01,9.974293919778443041e-01,9.999999998829013359e-01
1.557760000000000000e+06,9.787694744112072513e+06,9.986403020175766976e-01,9.986403020175766976e-01,9.999999998816669899e-01
1.573658000000000000e+06,9.887584824125614017e+06,9.991021993619416675e-01,9.991021993619416675e-01,9.999999998804535162e-01
1.589717000000000000e+06,9.988486496973609552e+06,-9.989369511568265692e-01,9.989369511568265692e-01,9.999999998791652134e-01
1.605941000000000000e+06,1.009042489539729245e+07,-9.988808921207283920e-01,9.988808921207283920e-01,9.999999998779287580e-01
1.622330000000000000e+06,1.019340001939665899e+07,9.981520284161060630e-01,9.981520284161060630e-01,9.999999998767701292e-01
1.638886000000000000e+06,1.029742443534232304e+07,9.984425994937989879e-01,9.984425994937989879e-01,9.999999998755361164e-01
1.655612000000000000e+06,1.040251699279020913e+07,9.975443225674954784e-01,9.975443225674954784e-01,9.999999998742739038e-01
1.672508000000000000e+06,1.050867769174031541e+07,9.981455294934694633e-01,9.981455294934694633e-01,9.999999998729612871e-01
1.689576000000000000e+06,1.061591909856325574e+07,9.984695286187904584e-01,9.984695286187904584e-01,9.999999998716850858e-01
1.706819000000000000e+06,1.072426006281495467e+07,-9.985474414025553580e-01,9.985474414025553580e-01,9.999999998702393533e-01
1.724237000000000000e+06,1.083370058449540846e+07,-9.983428118069748169e-01,9.983428118069748169e-01,9.999999998689177438e-01
1.741834000000000000e+06,1.094426579634584673e+07,9.991299005386194976e-01,9.991299005386194976e-01,9.999999998676840640e-01
1.759610000000000000e+06,1.105595569836627133e+07,9.987366196914848615e-01,9.987366196914848615e-01,9.999999998663354761e-01
1.777567000000000000e+06,1.116878285692729615e+07,-9.988740513217367889e-01,9.988740513217367889e-01,9.999999998648826383e-01
1.795708000000000000e+06,1.128276612158484012e+07,9.986426600108244678e-01,9.986426600108244678e-01,9.999999998636146525e-01
1.814033000000000000e+06,1.139790549233890697e+07,-9.980725564774157732e-01,9.980725564774157732e-01,9.999999998621263986e-01
1.832546000000000000e+06,1.151422610193072259e+07,9.978894479760015424e-01,9.978894479760015424e-01,9.999999998608077867e-01
1.851248000000000000e+06,1.163173423354559392e+07,9.986983696429702073e-01,9.986983696429702073e-01,9.999999998593769313e-01
1.870140000000000000e+06,1.175043617036883160e+07,9.985487117048859051e-01,9.985487117048859051e-01,9.999999998579593985e-01
1.889226000000000000e+06,1.187035704514166154e+07,9.974148535682657579e-01,9.974148535682657579e-01,9.999999998565282100e-01
1.908506000000000000e+06,1.199149685786408372e+07,9.978318605896288052e-01,9.978318605896288052e-01,9.999999998550579416e-01
1.927983000000000000e+06,1.211387445809202082e+07,-9.982220611310254066e-01,9.982220611310254066e-01,9.999999998534668810e-01
1.947658000000000000e+06,1.223749612901077792e+07,9.993407630598785119e-01,9.993407630598785119e-01,9.999999998520405775e-01
1.967535000000000000e+06,1.236238700336158648e+07,-9.987355400113218096e-01,9.987355400113218096e-01,9.999999998504449650e-01
1.987614000000000000e+06,1.248854708114444651e+07,9.989847356855092730e-01,9.989847356855092730e-01,9.999999998490088915e-01
2.007898000000000000e+06,1.261599521191527694e+07,9.981434251822185466e-01,9.981434251822185466e-01,9.999999998475064267e-01
2.028390000000000000e+06,1.274475024523000047e+07,9.979979390082646118e-01,9.979979390082646118e-01,9.999999998459252470e-01
2.049090000000000000e+06,1.287481218108861893e+07,9.989862171649678269e-01,9.989862171649678269e-01,9.999999998443409588e-01
2.070002000000000000e+06,1.300620615223235823e+07,9.988090236454287840e-01,9.988090236454287840e-01,9.999999998427498982e-01
2.091127000000000000e+06,1.313893844184652716e+07,-9.981913144912297753e-01,9.981913144912297753e-01,9.999999998410723512e-01
2.112467000000000000e+06,1.327302161630173959e+07,-9.992027657056902212e-01,9.992027657056902212e-01,9.999999998394609735e-01
2.134025000000000000e+06,1.340847452515391633e+07,-9.982223933195876198e-01,9.982223933195876198e-01,9.999999998378024113e-01
2.155804000000000000e+06,1.354531601795898005e+07,9.984718386775578436e-01,9.984718386775578436e-01,9.999999998362352205e-01
2.177804000000000000e+06,1.368354609471693076e+07,9.991574757089337622e-01,9.991574757089337622e-01,9.999999998345570074e-01
2.200030000000000000e+06,1.382319617135430500e+07,9.984804682848251733e-01,9.984804682848251733e-01,9.999999998328771289e-01
2.222482000000000000e+06,1.396426624787110090e+07,9.981782559555558709e-01,9.981782559555558709e-01,9.999999998311929206e-01
2.245163000000000000e+06,1.410677517382324114e+07,-9.980743875799418241e-01,9.980743875799418241e-01,9.999999998293505055e-01
2.268075000000000000e+06,1.425073551558133960e+07,-9.986832804499577998e-01,9.986832804499577998e-01,9.999999998276287716e-01
2.291222000000000000e+06,1.439617240588662587e+07,9.985045902891732661e-01,9.985045902891732661e-01,9.999999998259778700e-01
2.314604000000000000e+06,1.454308584473909810e+07,9.974770482362762536e-01,9.974770482362762536e-01,9.999999998242096177e-01
2.338225000000000000e+06,1.469150096487998776e+07,-9.979881659799508808e-01,9.979881659799508808e-01,9.999999998222968145e-01
2.362088000000000000e+06,1.484143661586521380e+07,9.975581794771258837e-01,9.975581794771258837e-01,9.999999998205932883e-01
2.386194000000000000e+06,1.499289908088008501e+07,9.978885047795316154e-01,9.978885047795316154e-01,9.999999998187597550e-01
2.410545000000000000e+06,1.514590092629521526e+07,-9.986880159781492683e-01,9.986880159781492683e-01,9.999999998168025428e-01
2.435146000000000000e+06,1.530047356803714111e+07,9.979346310844459111e-01,9.979346310844459111e-01,9.999999998150255198e-01
2.459997000000000000e+06,1.545661700610586070e+07,-9.976811546055426305e-01,9.976811546055426305e-01,9.999999998130193468e-01
2.485102000000000000e+06,1.561435637324260361e+07,9.976855937109189165e-01,9.976855937109189165e-01,9.999999998112429900e-01
2.510463000000000000e+06,1.577370423581798561e+07,-9.976082724600380258e-01,9.976082724600380258e-01,9.999999998091854136e-01
2.536083000000000000e+06,1.593467944338792749e+07,-9.975042564030911496e-01,9.975042564030911496e-01,9.999999998072455210e-01
2.561965000000000000e+06,1.609730084550834820e+07,-9.977002981587651531e-01,9.977002981587651531e-01,9.999999998052908623e-01
2.588111000000000000e+06,1.626158100854986534e+07,-9.979593353584843562e-01,9.979593353584843562e-01,9.999999998033056725e-01
2.614523000000000000e+06,1.642753249888309278e+07,-9.981501495514328859e-01,9.981501495514328859e-01,9.999999998012822910e-01
2.641205000000000000e+06,1.659518044924925826e+07,-9.983424100171680582e-01,9.983424100171680582e-01,9.999999997992679024e-01
2.668159000000000000e+06,1.676453742601897754e+07,-9.982906366416316457e-01,9.982906366416316457e-01,9.999999997972286447e-01
2.695389000000000000e+06,1.693562856193347648e+07,-9.976889777719946117e-01,9.976889777719946117e-01,9.999999997951446451e-01
2.722896000000000000e+06,1.710846014017806575e+07,9.978940770465934973e-01,9.978940770465934973e-01,9.999999997931777740e-01
2.750684000000000000e+06,1.728305729349397123e+07,9.988292246294721011e-01,9.988292246294721011e-01,9.999999997910504757e-01
2.778755000000000000e+06,1.745943258825181052e+07,-9.987369669195665933e-01,9.987369669195665933e-01,9.999999997888391334e-01
2.807113000000000000e+06,1.763761115719281137e+07,-9.978764581672243672e-01,9.978764581672243672e-01,9.999999997866647616e-01
2.835761000000000000e+06,1.781761184987289086e+07,-9.982239855054966249e-01,9.982239855054966249e-01,9.999999997844787325e-01
2.864701000000000000e+06,1.799944723266266659e+07,-9.974590526782467492e-01,9.974590526782467492e-01,9.999999997822841546e-01
2.893936000000000000e+06,1.818313615511806309e+07,9.985165217263045623e-01,9.985165217263045623e-01,9.999999997801615192e-01
2.923469000000000000e+06,1.836869746679499745e+07,-9.981861393282085437e-01,9.981861393282085437e-01,9.999999997778152849e-01
2.953304000000000000e+06,1.855615630043470114e+07,9.977884386240929437e-01,9.977884386240929437e-01,9.999999997756604531e-01
2.983444000000000000e+06,1.874553150559309497e+07,9.974763121995707804e-01,9.974763121995707804e-01,9.999999997733883816e-01
3.013890000000000000e+06,1.893682936545548216e+07,9.976086535280785927e-01,9.976086535280785927e-01,9.999999997710727895e-01
3.044648000000000000e+06,1.913008757913371176e+07,9.972920748547541292e-01,9.972920748547541292e-01,9.999999997687455400e-01
3.075720000000000000e+06,1.932531871299839765e+07,9.984677731331773609e-01,9.984677731331773609e-01,9.999999997663624463e-01
3.107108000000000000e+06,1.952253533342014998e+07,9.975232818506868382e-01,9.975232818506868382e-01,9.999999997639805738e-01
3.138817000000000000e+06,1.972176885632550716e+07,-9.977267983777698968e-01,9.977267983777698968e-01,9.999999997614791303e-01
3.170850000000000000e+06,1.992303813127039000e+07,9.980635696905215681e-01,9.980635696905215681e-01,9.999999997591318968e-01
3.203209000000000000e+06,2.012635572462541610e+07,-9.986209119084605845e-01,9.986209119084605845e-01,9.999999997565909293e-01
3.235899000000000000e+06,2.033175305231711641e+07,-9.984656439411463413e-01,9.984656439411463413e-01,9.999999997541091368e-01
3.268922000000000000e+06,2.053924268071610853e+07,9.974100245467112380e-01,9.974100245467112380e-01,9.999999997517003969e-01
3.302283000000000000e+06,2.074885602574892715e+07,-9.978312095958616901e-01,9.978312095958616901e-01,9.999999997490508497e-01
3.335984000000000000e+06,2.096060565378618613e+07,9.971602650705698734e-01,9.971602650705698734e-01,9.999999997466019197e-01
3.370028000000000000e+06,2.117451041438380629e+07,9.970537150800885540e-01,9.970537150800885540e-01,9.999999997440262023e-01
3.404420000000000000e+06,2.139060172346832603e+07,9.972229606603747465e-01,9.972229606603747465e-01,9.999999997414122932e-01
3.439164000000000000e+06,2.160890471378097311e+07,9.980124106440799725e-01,9.980124106440799725e-01,9.999999997387410966e-01
3.474261000000000000e+06,2.182942566850705817e+07,-9.972941038581906170e-01,9.972941038581906170e-01,9.999999997359730886e-01
3.509717000000000000e+06,2.205220228675841540e+07,-9.981701238098317219e-01,9.981701238098317219e-01,9.999999997332905677e-01
3.545535000000000000e+06,2.227725341809097305e+07,-9.974945070122640534e-01,9.974945070122640534e-01,9.999999997305807353e-01
3.581718000000000000e+06,2.250459791206065193e+07,9.979489167078745560e-01,9.979489167078745560e-01,9.999999997279196418e-01
3.618271000000000000e+06,2.273426718459399045e+07,-9.980342210242710843e-01,9.980342210242710843e-01,9.999999997250519357e-01
3.655196000000000000e+06,2.296627380206159502e+07,9.978285956991721495e-01,9.978285956991721495e-01,9.999999997223300019e-01
3.692499000000000000e+06,2.320065546357531473e+07,-9.972903590441731803e-01,9.972903590441731803e-01,9.999999997193925738e-01
3.730182000000000000e+06,2.343742473550576344e+07,9.973373765146518188e-01,9.973373765146518188e-01,9.999999997166405530e-01
3.768249000000000000e+06,2.367660675059416890e+07,-9.976880272128163529e-01,9.976880272128163529e-01,9.999999997136528318e-01
3.806705000000000000e+06,2.391823292476706579e+07,-9.983006555410099958e-01,9.983006555410099958e-01,9.999999997107463789e-01
3.845554000000000000e+06,2.416232839076568559e+07,9.972685572937033394e-01,9.972685572937033394e-01,9.999999997078836689e-01
3.884799000000000000e+06,2.440891199814594910e+07,-9.974795619881153819e-01,9.974795619881153819e-01,9.999999997048009126e-01
3.924445000000000000e+06,2.465801516283439100e+07,-9.974288452669850535e-01,9.974288452669850535e-01,9.999999997017685605e-01
3.964495000000000000e+06,2.490965673438693210e+07,-9.970495075690263276e-01,9.970495075690263276e-01,9.999999996987354312e-01
4.004954000000000000e+06,2.516386812873011082e+07,9.974581120219410124e-01,9.974581120219410124e-01,9.999999996957610326e-01
4.045825000000000000e+06,2.542066819541984797e+07,-9.969775425781808309e-01,9.969775425781808309e-01,9.999999996925512669e-01
4.087114000000000000e+06,2.568009463356798887e+07,9.966984814786766789e-01,9.966984814786766789e-01,9.999999996895488907e-01
4.128824000000000000e+06,2.594216629273044690e+07,9.978258726738489237e-01,9.978258726738489237e-01,9.999999996863673246e-01
4.170960000000000000e+06,2.620691458883376792e+07,9.983265859466663450e-01,9.983265859466663450e-01,9.999999996831444582e-01
4.213526000000000000e+06,2.647436465461917222e+07,9.977627104050061924e-01,9.977627104050061924e-01,9.999999996799124879e-01
4.256526000000000000e+06,2.674454162282789499e+07,9.979579503338501523e-01,9.979579503338501523e-01,9.999999996766525401e-01
4.299966000000000000e+06,2.701748319257177785e+07,9.967456393682851967e-01,9.967456393682851967e-01,9.999999996733679453e-01
4.343848000000000000e+06,2.729320193022143096e+07,9.968163169706004689e-01,9.968163169706004689e-01,9.999999996700410509e-01
4.388178000000000000e+06,2.757173553488870338e+07,9.974299065552391097e-01,9.974299065552391097e-01,9.999999996666448787e-01
4.432961000000000000e+06,2.785311542250012606e+07,-9.978380974844593965e-01,9.978380974844593965e-01,9.999999996631576682e-01
4.478201000000000000e+06,2.813736672579693049e+07,-9.972170485831748366e-01,9.972170485831748366e-01,9.999999996597124241e-01
4.523902000000000000e+06,2.842451457752034441e+07,9.974883433408481270e-01,9.974883433408481270e-01,9.999999996563587734e-01
4.570070000000000000e+06,2.871459667678221315e+07,9.970360900722685660e-01,9.970360900722685660e-01,9.999999996528375901e-01
4.616709000000000000e+06,2.900763815632376075e+07,-9.969507079098995916e-01,9.969507079098995916e-01,9.999999996491775178e-01
4.663824000000000000e+06,2.930367043207152560e+07,9.971184769174578078e-01,9.971184769174578078e-01,9.999999996457111795e-01
4.711419000000000000e+06,2.960271863676673919e+07,-9.974045621755979196e-01,9.974045621755979196e-01,9.999999996419866033e-01
4.759501000000000000e+06,2.990482675270654634e+07,-9.970200196905891765e-01,9.970200196905891765e-01,9.999999996383414080e-01
4.808073000000000000e+06,3.021001362944687530e+07,-9.967102520545048083e-01,9.967102520545048083e-01,9.999999996346409237e-01
4.857141000000000000e+06,3.051831696609956399e+07,-9.970625722498905885e-01,9.970625722498905885e-01,9.999999996309359984e-01
4.906709000000000000e+06,3.082976189540584013e+07,-9.979810777973645575e-01,9.979810777973645575e-01,9.999999996271689007e-01
4.956784000000000000e+06,3.114439239966285974e+07,9.976963088860975049e-01,9.976963088860975049e-01,9.999999996234556487e-01
5.007369000000000000e+06,3.146222732842653617e+07,-9.974373955467448205e-01,9.974373955467448205e-01,9.999999996195123586e-01
5.058471000000000000e+06,3.178331066399402916e+07,-9.973769025412903000e-01,9.973769025412903000e-01,9.999999996156223592e-01
5.110094000000000000e+06,3.210766753910655901e+07,9.974530306688937920e-01,9.974530306688937920e-01,9.999999996118189571e-01
5.162244000000000000e+06,3.243533565287597477e+07,9.973573058107398914e-01,9.973573058107398914e-01,9.999999996078576814e-01
5.214927000000000000e+06,3.276635270441411808e+07,-9.976694912138015514e-01,9.976694912138015514e-01,9.999999996037541861e-01
5.268146000000000000e+06,3.310073754327690974e+07,9.976881530116801233e-01,9.976881530116801233e-01,9.999999995997986835e-01
5.321909000000000000e+06,3.343854043494680524e+07,-9.976054396225517706e-01,9.976054396225517706e-01,9.999999995956252441e-01
5.376221000000000000e+06,3.377979279535034299e+07,-9.974063930605248096e-01,9.974063930605248096e-01,9.999999995914998774e-01
5.431087000000000000e+06,3.412452604041405767e+07,-9.967686305807804681e-01,9.967686305807804681e-01,9.999999995873124492e-01
5.486513000000000000e+06,3.447277786924979091e+07,-9.974974394765379060e-01,9.974974394765379060e-01,9.999999995831105881e-01
5.542505000000000000e+06,3.482458598096939176e+07,-9.974059085275648329e-01,9.974059085275648329e-01,9.999999995788617646e-01
5.599067000000000000e+06,3.517997550831408799e+07,-9.969806400116155709e-01,9.969806400116155709e-01,9.999999995745525450e-01
5.656208000000000000e+06,3.553900299995163083e+07,9.967105189520428787e-01,9.967105189520428787e-01,9.999999995703204858e-01
5.713931000000000000e+06,3.590168730543795973e+07,-9.968783618560315141e-01,9.968783618560315141e-01,9.999999995658366281e-01
5.772243000000000000e+06,3.626807240707021952e+07,-9.968431211341880482e-01,9.968431211341880482e-01,9.999999995614003989e-01
5.831151000000000000e+06,3.663820228714555502e+07,-9.965480263011127215e-01,9.965480263011127215e-01,9.999999995569228695e-01
5.890659000000000000e+06,3.701210207840519398e+07,-9.971153534851096012e-01,9.971153534851096012e-01,9.999999995524178065e-01
5.950775000000000000e+06,3.738982204633159935e+07,-9.964502349611218390e-01,9.964502349611218390e-01,9.999999995478338066e-01
6.011505000000000000e+06,3.777139989003662020e+07,-9.967125391265950762e-01,9.967125391265950762e-01,9.999999995432199418e-01
6.072854000000000000e+06,3.815686702544678003e+07,9.974080569341007285e-01,9.974080569341007285e-01,9.999999995386692486e-01
6.134829000000000000e+06,3.854626743485923111e+07,-9.972060036603729305e-01,9.972060036603729305e-01,9.999999995338600955e-01
6.197437000000000000e+06,3.893964510057113320e+07,-9.973932112156366214e-01,9.973932112156366214e-01,9.999999995291090071e-01
6.260684000000000000e+06,3.933703772169432044e+07,9.974725140874881602e-01,9.974725140874881602e-01,9.999999995243946671e-01
6.324576000000000000e+06,3.973848299734064192e+07,9.969334925901297551e-01,9.969334925901297551e-01,9.999999995195516522e-01
6.389120000000000000e+06,4.014402490980723500e+07,9.968804635106049972e-01,9.968804635106049972e-01,9.999999995146452436e-01
6.454323000000000000e+06,4.055370744139126688e+07,-9.970805942651304044e-01,9.970805942651304044e-01,9.999999995095952832e-01
6.520191000000000000e+06,4.096756829120457172e+07,-9.973881499247234661e-01,9.973881499247234661e-01,9.999999995045929513e-01
6.586732000000000000e+06,4.138565772472961247e+07,9.974050497397692894e-01,9.974050497397692894e-01,9.999999994996289221e-01
6.653951000000000000e+06,4.180800715789291263e+07,-9.970973677552154024e-01,9.970973677552154024e-01,9.999999994944206438e-01
6.721857000000000000e+06,4.223467313936225325e+07,-9.966949137086825727e-01,9.966949137086825727e-01,9.999999994892674327e-01
6.790456000000000000e+06,4.266569336824946105e+07,9.971526846119407317e-01,9.971526846119407317e-01,9.999999994841518580e-01
6.859754000000000000e+06,4.310110554366639256e+07,9.962785611302327204e-01,9.962785611302327204e-01,9.999999994789008362e-01
6.929760000000000000e+06,4.354096621428080648e+07,9.973935313427138016e-01,9.973935313427138016e-01,9.999999994735688791e-01
7.000480000000000000e+06,4.398531307920455188e+07,9.973147894073060016e-01,9.973147894073060016e-01,9.999999994681941784e-01
7.071922000000000000e+06,4.443419640392007679e+07,9.972292140555478746e-01,9.972292140555478746e-01,9.999999994627745137e-01
7.144093000000000000e+06,4.488766017072453350e+07,-9.962964301868194594e-01,9.962964301868194594e-01,9.999999994571803219e-01
7.217001000000000000e+06,4.534575464510037750e+07,-9.972883866631383487e-01,9.972883866631383487e-01,9.999999994516546309e-01
7.290653000000000000e+06,4.580852380934476852e+07,-9.971258705825747359e-01,9.971258705825747359e-01,9.999999994460536668e-01
7.365056000000000000e+06,4.627601164575485140e+07,9.964709425678839327e-01,9.964709425678839327e-01,9.999999994405075476e-01
7.440219000000000000e+06,4.674827470299839228e+07,-9.965099694421454268e-01,9.965099694421454268e-01,9.999999994346869814e-01
7.516148000000000000e+06,4.722535068018723279e+07,9.963947101838708242e-01,9.963947101838708242e-01,9.999999994290315053e-01
7.592853000000000000e+06,4.770730240917444229e+07,-9.972377698062747653e-01,9.972377698062747653e-01,9.999999994231001388e-01
7.670340000000000000e+06,4.819416758907186985e+07,9.971509737597440415e-01,9.971509737597440415e-01,9.999999994173078832e-01
7.748618000000000000e+06,4.868600276854727417e+07,9.965625630925535328e-01,9.965625630925535328e-01,9.999999994113681900e-01
7.827695000000000000e+06,4.918285821308311075e+07,-9.963502291057679816e-01,9.963502291057679816e-01,9.999999994052517494e-01
7.907579000000000000e+06,4.968478418816184253e+07,-9.967985390758065112e-01,9.967985390758065112e-01,9.999999993991832703e-01
7.988279000000000000e+06,5.019183724245123565e+07,-9.963147862147231359e-01,9.963147862147231359e-01,9.999999993930502873e-01
8.069801000000000000e+06,5.070405507506313175e+07,-9.970047134925910104e-01,9.970047134925910104e-01,9.999999993868625703e-01
8.152156000000000000e+06,5.122150680103590339e+07,9.965940228132744716e-01,9.965940228132744716e-01,9.999999993807114906e-01
8.235351000000000000e+06,5.174423640266671032e+07,-9.967644494825376178e-01,9.967644494825376178e-01,9.999999993742845206e-01
8.319395000000000000e+06,5.227230042862331122e+07,-9.971314640458939227e-01,9.971314640458939227e-01,9.999999993679010712e-01
8.404297000000000000e+06,5.280575542757347226e+07,-9.965680635268155951e-01,9.965680635268155951e-01,9.999999993614462346e-01
8.490066000000000000e+06,5.334465794818495959e+07,9.966764888189824090e-01,9.966764888189824090e-01,9.999999993550425792e-01
8.576709000000000000e+06,5.388905197275492549e+07,-9.970553219775404319e-01,9.970553219775404319e-01,9.999999993483550398e-01
8.664237000000000000e+06,5.443900661632173508e+07,-9.972509554519893848e-01,9.972509554519893848e-01,9.999999993417045818e-01
8.752658000000000000e+06,5.499457214436786622e+07,9.970520445832383727e-01,9.970520445832383727e-01,9.999999993350893179e-01
8.841982000000000000e+06,5.555581138874637336e+07,9.964278703090893030e-01,9.964278703090893030e-01,9.999999993283053001e-01
8.932217000000000000e+06,5.612277461493971944e+07,-9.962313045922885912e-01,9.962313045922885912e-01,9.999999993213357641e-01
9.023373000000000000e+06,5.669552465480098128e+07,-9.965565239831809530e-01,9.965565239831809530e-01,9.999999993144161881e-01
9.115459000000000000e+06,5.727411805699792504e+07,-9.970869464615126354e-01,9.970869464615126354e-01,9.999999993074210058e-01
9.208485000000000000e+06,5.785861765338361263e+07,-9.972125004233888257e-01,9.972125004233888257e-01,9.999999993003564347e-01
9.302461000000000000e+06,5.844908627581112087e+07,-9.965139331096793951e-01,9.965139331096793951e-01,9.999999992932088189e-01
9.397395000000000000e+06,5.904557418976290524e+07,-9.974625279107578457e-01,9.974625279107578457e-01,9.999999992860132414e-01
9.493298000000000000e+06,5.964815051027735323e+07,9.965208127213527334e-01,9.965208127213527334e-01,9.999999992788203285e-01
9.590180000000000000e+06,6.025687806920752674e+07,9.968795176928058055e-01,9.968795176928058055e-01,9.999999992714665442e-01
9.688051000000000000e+06,6.087181969840649515e+07,-9.975823667094584346e-01,9.975823667094584346e-01,9.999999992639312385e-01
9.786920000000000000e+06,6.149303194654203951e+07,9.971344103890074084e-01,9.971344103890074084e-01,9.999999992565207219e-01
9.886799000000000000e+06,6.212059021183782816e+07,-9.969618195717837583e-01,9.969618195717837583e-01,9.999999992488171063e-01
9.987697000000000000e+06,6.275455104296163470e+07,-9.965448764983572127e-01,9.965448764983572127e-01,9.999999992411507943e-01
1.008962400000000000e+07,6.339497727176652849e+07,9.967696698907156927e-01,9.967696698907156927e-01,9.999999992335217858e-01
1.019259200000000000e+07,6.404194429647619277e+07,9.966660238253253201e-01,9.966660238253253201e-01,9.999999992257000425e-01
1.029661000000000000e+07,6.469550866575840116e+07,9.965718277919661805e-01,9.965718277919661805e-01,9.999999992177964758e-01
1.040169000000000000e+07,6.535574577783682942e+07,9.966756151180415912e-01,9.966756151180415912e-01,9.999999992098171919e-01
1.050784200000000000e+07,6.602271846456455439e+07,9.975599118441353941e-01,9.975599118441353941e-01,9.999999992017494232e-01
1.061507800000000000e+07,6.669650212416526675e+07,9.969965644259013438e-01,9.969965644259013438e-01,9.999999991936071586e-01
1.072340800000000000e+07,6.737715958849203587e+07,9.973402026293372025e-01,9.973402026293372025e-01,9.999999991853791848e-01
1.083284400000000000e+07,6.806476625576853752e+07,9.970391699805083441e-01,9.970391699805083441e-01,9.999999991770534002e-01
1.094339600000000000e+07,6.875938495784784853e+07,9.970116782472797645e-01,9.970116782472797645e-01,9.999999991686522316e-01
1.105507700000000000e+07,6.946109737613898516e+07,-9.971229813366350170e-01,9.971229813366350170e-01,9.999999991600644345e-01
1.116789700000000000e+07,7.016996634249497950e+07,-9.971661967122760206e-01,9.971661967122760206e-01,9.999999991514948450e-01
1.128186900000000000e+07,7.088607353832484782e+07,-9.974080799028408606e-01,9.974080799028408606e-01,9.999999991428354384e-01
1.139700400000000000e+07,7.160948807866697013e+07,9.969871566966971299e-01,9.969871566966971299e-01,9.999999991341967931e-01
1.151331400000000000e+07,7.234028536174502969e+07,9.971777238433257029e-01,9.971777238433257029e-01,9.999999991253603060e-01
1.163081100000000000e+07,7.307854078578270972e+07,-9.975890600376861039e-01,9.975890600376861039e-01,9.999999991163328605e-01
1.174950600000000000e+07,7.382432346581839025e+07,9.969313153851223630e-01,9.969313153851223630e-01,9.999999991074338679e-01
1.186941400000000000e+07,7.457772764963167906e+07,9.980566872504493814e-01,9.980566872504493814e-01,9.999999990982925135e-01
1.199054500000000000e+07,7.533881616907565296e+07,-9.966698980960851939e-01,9.966698980960851939e-01,9.999999990889842927e-01
1.211291200000000000e+07,7.610767070555929840e+07,9.975269919797891127e-01,9.975269919797891127e-01,9.999999990798247307e-01
1.223652800000000000e+07,7.688437294049160182e+07,9.975322145098290960e-01,9.975322145098290960e-01,9.999999990704333541e-01
1.236140500000000000e+07,7.766899827209627628e+07,-9.970929141171045451e-01,9.970929141171045451e-01,9.999999990608288147e-01
1.248755700000000000e+07,7.846163466496759653e+07,-9.977445825745805408e-01,9.977445825745805408e-01,9.999999990512530301e-01
1.261499600000000000e+07,7.926235751732924581e+07,9.981645849496740830e-01,9.981645849496740830e-01,9.999999990416500451e-01
1.274373600000000000e+07,8.007125479377555847e+07,9.973930029494657568e-01,9.973930029494657568e-01,9.999999990318770848e-01
1.287379000000000000e+07,8.088840817571549118e+07,9.976091460707602332e-01,9.976091460707602332e-01,9.999999990219963220e-01
1.300517100000000000e+07,8.171389934455804527e+07,-9.974581004008413743e-01,9.974581004008413743e-01,9.999999990119211590e-01
1.313789200000000000e+07,8.254780998171222210e+07,9.976959832324796551e-01,9.976959832324796551e-01,9.999999990019603491e-01
1.327196800000000000e+07,8.339023433495764434e+07,9.972442123356288768e-01,9.972442123356288768e-01,9.999999989917691678e-01
1.340741300000000000e+07,8.424126036888857186e+07,-9.970747011277482086e-01,9.970747011277482086e-01,9.999999989813487256e-01
1.354423900000000000e+07,8.510096348172873259e+07,-9.984054310626963025e-01,9.984054310626963025e-01,9.999999989709910109e-01
1.368246200000000000e+07,8.596944420444302261e+07,9.982633949702006682e-01,9.982633949702006682e-01,9.999999989605539152e-01
1.382209600000000000e+07,8.684679050162573159e+07,9.981835819292913525e-01,9.981835819292913525e-01,9.999999989499674946e-01
1.396315500000000000e+07,8.773309033787117898e+07,-9.983550528228385401e-01,9.983550528228385401e-01,9.999999989391625821e-01
1.410565300000000000e+07,8.862843167777365446e+07,-9.977243677823907086e-01,9.977243677823907086e-01,9.999999989283321344e-01
1.424960500000000000e+07,8.953290876911276579e+07,-9.973845434679493582e-01,9.973845434679493582e-01,9.999999989173645742e-01
1.439502700000000000e+07,9.044662214285343885e+07,-9.983389566438584106e-01,9.983389566438584106e-01,9.999999989063462769e-01
1.454193200000000000e+07,9.136965348040466011e+07,9.983100470160274353e-01,9.983100470160274353e-01,9.999999988952724683e-01
1.469033700000000000e+07,9.230210959591664374e+07,-9.978980095095618674e-01,9.978980095095618674e-01,9.999999988839174403e-01
1.484025600000000000e+07,9.324407845398369431e+07,9.985926032377240302e-01,9.985926032377240302e-01,9.999999988725992717e-01
1.499170600000000000e+07,9.419566686875604093e+07,9.980291106665805101e-01,9.980291106665805101e-01,9.999999988610943635e-01
1.514470100000000000e+07,9.515696280482798815e+07,-9.973120593308770765e-01,9.973120593308770765e-01,9.999999988493608605e-01
1.529925700000000000e+07,9.612806679316443205e+07,-9.977284606981225989e-01,9.977284606981225989e-01,9.999999988376285787e-01
1.545539000000000000e+07,9.710907936473029852e+07,9.974367255471409122e-01,9.974367255471409122e-01,9.999999988259017369e-01
1.561311700000000000e+07,9.810010733367581666e+07,-9.981370548460856140e-01,9.981370548460856140e-01,9.999999988137807660e-01
1.577245400000000000e+07,9.910125123096589744e+07,9.983494522119626957e-01,9.983494522119626957e-01,9.999999988017945762e-01
1.593341600000000000e+07,1.001126053043801337e+08,9.979786553499030433e-01,9.979786553499030433e-01,9.999999987895547005e-01
1.609602200000000000e+07,1.011342889344393760e+08,9.988635974751460811e-01,9.988635974751460811e-01,9.999999987771928112e-01
1.626028600000000000e+07,1.021663900857379287e+08,9.981411493268149693e-01,9.981411493268149693e-01,9.999999987647227861e-01
1.642622700000000000e+07,1.032090281387966126e+08,-9.984280783632238920e-01,9.984280783632238920e-01,9.999999987520317157e-01
1.659386200000000000e+07,1.042623099077656567e+08,9.977611925750725641e-01,9.977611925750725641e-01,9.999999987393998202e-01
1.676320700000000000e+07,1.053263359236099869e+08,-9.972212384592801238e-01,9.972212384592801238e-01,9.999999987264044377e-01
1.693428100000000000e+07,1.064012255668504238e+08,-9.981868256223773717e-01,9.981868256223773717e-01,9.999999987134117196e-01
1.710710000000000000e+07,1.074870793684518933e+08,9.974546032412615615e-01,9.974546032412615615e-01,9.999999987004248858e-01
1.728168300000000000e+07,1.085840167089352310e+08,-9.986198551620658614e-01,9.986198551620658614e-01,9.999999986870600210e-01
1.745804800000000000e+07,1.096921506856359541e+08,9.976711271802681802e-01,9.976711271802681802e-01,9.999999986737624358e-01
1.763621300000000000e+07,1.108115943958896101e+08,-9.978780168668337502e-01,9.978780168668337502e-01,9.999999986600905943e-01
1.781619600000000000e+07,1.119424609370317161e+08,9.986062921086893418e-01,9.986062921086893418e-01,9.999999986465174517e-01
1.799801500000000000e+07,1.130848634063978046e+08,-9.982099179493201246e-01,9.982099179493201246e-01,9.999999986326124635e-01
1.818169000000000000e+07,1.142389274676940143e+08,9.980208912299117774e-01,9.980208912299117774e-01,9.999999986187573242e-01
1.836724000000000000e+07,1.154047725014411807e+08,9.974212617747295617e-01,9.974212617747295617e-01,9.999999986046707035e-01
1.855468300000000000e+07,1.165825116049748510e+08,-9.975357673800012703e-01,9.975357673800012703e-01,9.999999985903337274e-01
1.874403900000000000e+07,1.177722704420011491e+08,-9.974489687388965464e-01,9.974489687388965464e-01,9.999999985759266963e-01
1.893532800000000000e+07,1.189741746762262136e+08,9.975190436418849282e-01,9.975190436418849282e-01,9.999999985615311004e-01
1.912856900000000000e+07,1.201883436881709099e+08,-9.982191035769050202e-01,9.982191035769050202e-01,9.999999985467501462e-01
1.932378100000000000e+07,1.214148968583560586e+08,-9.975331799214475215e-01,9.975331799214475215e-01,9.999999985318860363e-01
1.952098600000000000e+07,1.226539724168584049e+08,9.980652900313119469e-01,9.980652900313119469e-01,9.999999985170047179e-01
1.972020400000000000e+07,1.239056960273841023e+08,9.969473283541108177e-01,9.969473283541108177e-01,9.999999985019044635e-01
1.992145400000000000e+07,1.251701870704540014e+08,9.967884199568711745e-01,9.967884199568711745e-01,9.999999984866125846e-01
2.012475900000000000e+07,1.264475900593301356e+08,-9.966245199916370368e-01,9.966245199916370368e-01,9.999999984710346013e-01
2.033013800000000000e+07,1.277380243745333850e+08,9.966321434804417123e-01,9.966321434804417123e-01,9.999999984555659749e-01
2.053761300000000000e+07,1.290416282461404651e+08,-9.972691900969542500e-01,9.972691900969542500e-01,9.999999984396771291e-01
2.074720600000000000e+07,1.303585399042281508e+08,9.975053452190133507e-01,9.975053452190133507e-01,9.999999984238543416e-01
2.095893700000000000e+07,1.316888850125025958e+08,-9.967774224795106219e-01,9.967774224795106219e-01,9.999999984076864967e-01
2.117282900000000000e+07,1.330328080842258483e+08,-9.969870208657924948e-01,9.969870208657924948e-01,9.999999983914379387e-01
2.138890400000000000e+07,1.343904473494746685e+08,9.968813744835669510e-01,9.968813744835669510e-01,9.999999983751193255e-01
2.160718500000000000e+07,1.357619473215111494e+08,-9.966302425119896169e-01,9.966302425119896169e-01,9.999999983584374474e-01
2.182769200000000000e+07,1.371474336640414000e+08,9.962378377865243051e-01,9.962378377865243051e-01,9.999999983417967586e-01
2.205045100000000000e+07,1.385470697398834229e+08,-9.965116512347386157e-01,9.965116512347386157e-01,9.999999983247599422e-01
2.227548200000000000e+07,1.399609812127433419e+08,9.968714382068972757e-01,9.968714382068972757e-01,9.999999983077551002e-01
2.250281000000000000e+07,1.413893251622538567e+08,9.966521282717146768e-01,9.966521282717146768e-01,9.999999982904852480e-01
2.273245800000000000e+07,1.428322461016770303e+08,9.960252165151507464e-01,9.960252165151507464e-01,9.999999982730504167e-01
2.296445000000000000e+07,1.442898948274602592e+08,9.964251958447072344e-01,9.964251958447072344e-01,9.999999982554245159e-01
2.319880900000000000e+07,1.457624158528655469e+08,-9.958984861796411625e-01,9.958984861796411625e-01,9.999999982375121776e-01
2.343555900000000000e+07,1.472499599743403196e+08,-9.967085295793851607e-01,9.967085295793851607e-01,9.999999982195305614e-01
2.367472600000000000e+07,1.487526905547025502e+08,9.964172146064749214e-01,9.964172146064749214e-01,9.999999982014630140e-01
2.391633400000000000e+07,1.502707583903995752e+08,9.965173224269151531e-01,9.965173224269151531e-01,9.999999981831059204e-01
2.416040700000000000e+07,1.518043142778788209e+08,-9.960448386766946882e-01,9.960448386766946882e-01,9.999999981644634994e-01
2.440697200000000000e+07,1.533535278631435633e+08,9.958229767626239903e-01,9.958229767626239903e-01,9.999999981458408405e-01
2.465605200000000000e+07,1.549185436594558656e+08,9.963553944562779652e-01,9.963553944562779652e-01,9.999999981269078742e-01
2.490767400000000000e+07,1.564995313128190041e+08,9.958378495037115696e-01,9.958378495037115696e-01,9.999999981077986044e-01
2.516186500000000000e+07,1.580966604692362845e+08,-9.964584554981356090e-01,9.964584554981356090e-01,9.999999980883886863e-01
2.541864900000000000e+07,1.597100819251550734e+08,-9.964614061708942927e-01,9.964614061708942927e-01,9.999999980688745183e-01
2.567805400000000000e+07,1.613399716097640097e+08,9.964984568844243995e-01,9.964984568844243995e-01,9.999999980492744189e-01
2.594010600000000000e+07,1.629864928858810365e+08,9.968100052581917447e-01,9.968100052581917447e-01,9.999999980293634572e-01
2.620483300000000000e+07,1.646498216826947629e+08,-9.958298905004252521e-01,9.958298905004252521e-01,9.999999980091383023e-01
2.647226100000000000e+07,1.663301213630231917e+08,-9.963078312459769936e-01,9.963078312459769936e-01,9.999999979888215540e-01
2.674241800000000000e+07,1.680275678560549021e+08,9.966634830492842045e-01,9.966634830492842045e-01,9.999999979684116580e-01
2.701533300000000000e+07,1.697423433741638064e+08,-9.968018730401093652e-01,9.968018730401093652e-01,9.999999979475747702e-01
2.729103200000000000e+07,1.714746112801679075e+08,9.966103998191867541e-01,9.966103998191867541e-01,9.999999979267293337e-01
2.756954600000000000e+07,1.732245663528117239e+08,9.973034711788157924e-01,9.973034711788157924e-01,9.999999979055628208e-01
2.785090100000000000e+07,1.749923719549132586e+08,-9.967291222119206706e-01,9.967291222119206706e-01,9.999999978841073167e-01
2.813512800000000000e+07,1.767782228652169704e+08,9.971554466798742133e-01,9.971554466798742133e-01,9.999999978626014085e-01
2.842225500000000000e+07,1.785822950129115283e+08,-9.970837199557840425e-01,9.970837199557840425e-01,9.999999978406874934e-01
2.871231300000000000e+07,1.804047831767414212e+08,-9.970376998098434695e-01,9.970376998098434695e-01,9.999999978186504546e-01
2.900533100000000000e+07,1.822458695690805614e+08,-9.968295397382678225e-01,9.968295397382678225e-01,9.999999977963999198e-01
2.930133900000000000e+07,1.841057426854881942e+08,-9.973100443151969863e-01,9.973100443151969863e-01,9.999999977738943668e-01
2.960036800000000000e+07,1.859845973047088087e+08,9.976566646441503705e-01,9.976566646441503705e-01,9.999999977512837868e-01
2.990244800000000000e+07,1.878826219223015904e+08,9.971150761023661602e-01,9.971150761023661602e-01,9.999999977283380304e-01
3.020761200000000000e+07,1.898000238833817542e+08,9.965474544816607105e-01,9.965474544816607105e-01,9.999999977051845512e-01
3.051588900000000000e+07,1.917369854003231525e+08,-9.970509093295302216e-01,9.970509093295302216e-01,9.999999976816225100e-01
3.082731300000000000e+07,1.936937201014262438e+08,-9.977306055202723734e-01,9.977306055202723734e-01,9.999999976579956318e-01
3.114191500000000000e+07,1.956704227654355764e+08,-9.971524365740229712e-01,9.971524365740229712e-01,9.999999976340747665e-01
3.145972800000000000e+07,1.976673007374662161e+08,9.969918578436139933e-01,9.969918578436139933e-01,9.999999976100502064e-01
3.178078400000000000e+07,1.996845550794480741e+08,9.971068855590614621e-01,9.971068855590614621e-01,9.999999975856427303e-01
3.210511600000000000e+07,2.017223931364962459e+08,9.974080800779268063e-01,9.974080800779268063e-01,9.999999975610104341e-01
3.243275900000000000e+07,2.037810348200964928e+08,-9.965444647112970955e-01,9.965444647112970955e-01,9.999999975359924465e-01
3.276374500000000000e+07,2.058606811921786368e+08,-9.965756741971623089e-01,9.965756741971623089e-01,9.999999975108531114e-01
3.309810800000000000e+07,2.079615458810431063e+08,9.968900851120559015e-01,9.968900851120559015e-01,9.999999974855680041e-01
3.343588500000000000e+07,2.100838613645463288e+08,-9.973050903707361137e-01,9.973050903707361137e-01,9.999999974598168251e-01
3.377710800000000000e+07,2.122278287046180665e+08,9.965605404354251906e-01,9.965605404354251906e-01,9.999999974339992548e-01
3.412181300000000000e+07,2.143936740959293842e+08,-9.965013446405027731e-01,9.965013446405027731e-01,9.999999974076865250e-01
3.447003700000000000e+07,2.165816300163367093e+08,-9.967149934020785862e-01,9.967149934020785862e-01,9.999999973812473408e-01
3.482181400000000000e+07,2.187919100941404104e+08,9.971570290698230643e-01,9.971570290698230643e-01,9.999999973546144227e-01
3.517718100000000000e+07,2.210247468071969151e+08,-9.961590477849597836e-01,9.961590477849597836e-01,9.999999973275071063e-01
3.553617400000000000e+07,2.232803663501772285e+08,9.962700129527478632e-01,9.962700129527478632e-01,9.999999973003680376e-01
3.589883200000000000e+07,2.255590137673083544e+08,9.963731622790863440e-01,9.963731622790863440e-01,9.999999972728118580e-01
3.626519000000000000e+07,2.278609089700760543e+08,9.967111486037961710e-01,9.967111486037961710e-01,9.999999972449601371e-01
3.663528700000000000e+07,2.301862970027073026e+08,-9.965926937177439493e-01,9.965926937177439493e-01,9.999999972167581408e-01
3.700916100000000000e+07,2.325354166262437701e+08,-9.962746714161596628e-01,9.962746714161596628e-01,9.999999971883539729e-01
3.738685100000000000e+07,2.349085128849124312e+08,-9.955703909419981734e-01,9.955703909419981734e-01,9.999999971596450488e-01
3.776839500000000000e+07,2.373058245397549570e+08,-9.956521659808587055e-01,9.956521659808587055e-01,9.999999971306646751e-01
3.815383300000000000e+07,2.397276029181836247e+08,-9.960035650086265235e-01,9.960035650086265235e-01,9.999999971013946443e-01
3.854320400000000000e+07,2.421740930644254684e+08,9.957010875478872203e-01,9.957010875478872203e-01,9.999999970719148923e-01
3.893654900000000000e+07,2.446455525890780091e+08,-9.952397796338955382e-01,9.952397796338955382e-01,9.999999970419209960e-01
3.933390800000000000e+07,2.471422328195535839e+08,9.954860939970964218e-01,9.954860939970964218e-01,9.999999970118423898e-01
3.973532200000000000e+07,2.496643913664497733e+08,9.949326224092978066e-01,9.949326224092978066e-01,9.999999969813483380e-01
4.014083300000000000e+07,2.522122921235494614e+08,-9.949633096204799632e-01,9.949633096204799632e-01,9.999999969504342889e-01
4.055048200000000000e+07,2.547861927014502883e+08,9.953187106953835794e-01,9.953187106953835794e-01,9.999999969194188765e-01
4.096431200000000000e+07,2.573863632771204114e+08,9.950847829533167044e-01,9.950847829533167044e-01,9.999999968879831336e-01
4.138236500000000000e+07,2.600130677443427444e+08,-9.952386958339840550e-01,9.952386958339840550e-01,9.999999968561114061e-01
4.180468500000000000e+07,2.626665825632708371e+08,-9.955729845108272080e-01,9.955729845108272080e-01,9.999999968240405046e-01
4.223131400000000000e+07,2.653471716276875734e+08,9.955494209186037669e-01,9.955494209186037669e-01,9.999999967917185817e-01
4.266229700000000000e+07,2.680551176809317470e+08,-9.952945837796008943e-01,9.952945837796008943e-01,9.999999967588790728e-01
4.309767900000000000e+07,2.707907034663422108e+08,-9.954677702011430762e-01,9.954677702011430762e-01,9.999999967257919842e-01
4.353750400000000000e+07,2.735542054440724850e+08,9.959329280843007837e-01,9.959329280843007837e-01,9.999999966924848493e-01
4.398181700000000000e+07,2.763459063574613333e+08,-9.956352109770773007e-01,9.956352109770773007e-01,9.999999966586343714e-01
4.443066500000000000e+07,2.791661015162183046e+08,-9.959786292492623927e-01,9.959786292492623927e-01,9.999999966245232130e-01
4.488409300000000000e+07,2.820150736636821032e+08,-9.962668820809579273e-01,9.962668820809579273e-01,9.999999965900908672e-01
4.534214800000000000e+07,2.848931181095622778e+08,9.959989643442717089e-01,9.959989643442717089e-01,9.999999965554139392e-01
4.580487900000000000e+07,2.878005427299388051e+08,-9.961461828497436555e-01,9.961461828497436555e-01,9.999999965201250562e-01
4.627233100000000000e+07,2.907376302681505084e+08,-9.959236978366942106e-01,9.959236978366942106e-01,9.999999964846054690e-01
4.674455400000000000e+07,2.937046948834627271e+08,9.963739638503921192e-01,9.963739638503921192e-01,9.999999964488706095e-01
4.722159600000000000e+07,2.967020381687703133e+08,9.969543095136842448e-01,9.969543095136842448e-01,9.999999964125968477e-01
4.770350700000000000e+07,2.997299742833385468e+08,-9.964275855687015904e-01,9.964275855687015904e-01,9.999999963758816612e-01
4.819033600000000000e+07,3.027888111032474637e+08,9.967936193347392004e-01,9.967936193347392004e-01,9.999999963390077129e-01
4.868213200000000000e+07,3.058788565045771599e+08,9.965292287987786990e-01,9.965292287987786990e-01,9.999999963016538151e-01
4.917894800000000000e+07,3.090004434961488843e+08,9.969994950477302220e-01,9.969994950477302220e-01,9.999999962638956852e-01
4.968083400000000000e+07,3.121538862372280359e+08,9.967873399296222070e-01,9.967873399296222070e-01,9.999999962257776209e-01
5.018784200000000000e+07,3.153395114534505606e+08,9.961738989562546331e-01,9.961738989562546331e-01,9.999999961872693133e-01
5.070002400000000000e+07,3.185576458704524040e+08,9.962236441411942423e-01,9.962236441411942423e-01,9.999999961483455602e-01
5.121743300000000000e+07,3.218086224970548749e+08,-9.958181424491336919e-01,9.958181424491336919e-01,9.999999961089323097e-01
5.174012200000000000e+07,3.250927743420792818e+08,9.958461341761930541e-01,9.958461341761930541e-01,9.999999960693557455e-01
5.226814500000000000e+07,3.284104406975321770e+08,-9.951944764257929510e-01,9.951944764257929510e-01,9.999999960291110490e-01
5.280155800000000000e+07,3.317619734217907190e+08,9.953570884839861854e-01,9.953570884839861854e-01,9.999999959887087009e-01
5.334041300000000000e+07,3.351476992404909730e+08,-9.956145005767992329e-01,9.956145005767992329e-01,9.999999959476757461e-01
5.388476800000000000e+07,3.385679825783807635e+08,9.951692191744005989e-01,9.951692191744005989e-01,9.999999959064227451e-01
5.443467800000000000e+07,3.420231690106518865e+08,9.949600461074180613e-01,9.949600461074180613e-01,9.999999958646382803e-01
5.499020100000000000e+07,3.455136229620521665e+08,-9.952052695218235323e-01,9.952052695218235323e-01,9.999999958223381169e-01
5.555139200000000000e+07,3.490396900077736378e+08,9.949040260712334049e-01,9.949040260712334049e-01,9.999999957798059169e-01
5.611831100000000000e+07,3.526017471389345527e+08,-9.949489395756025978e-01,9.949489395756025978e-01,9.999999957366292325e-01
5.669101500000000000e+07,3.562001524970975518e+08,-9.947914804839707026e-01,9.947914804839707026e-01,9.999999956931185929e-01
5.726956400000000000e+07,3.598352830733809471e+08,9.949757409893816851e-01,9.949757409893816851e-01,9.999999956492692244e-01
5.785401700000000000e+07,3.635075095757179856e+08,-9.949477731205954578e-01,9.949477731205954578e-01,9.999999956047630478e-01
5.844443400000000000e+07,3.672172089952270389e+08,9.953340544839918147e-01,9.953340544839918147e-01,9.999999955600092916e-01
5.904087700000000000e+07,3.709647708893971443e+08,-9.952798434598977284e-01,9.952798434598977284e-01,9.999999955146084973e-01
5.964340700000000000e+07,3.747505785325320959e+08,-9.954602719953854484e-01,9.954602719953854484e-01,9.999999954688314485e-01
6.025208600000000000e+07,3.785750214821208715e+08,9.952552338700043633e-01,9.952552338700043633e-01,9.999999954227081211e-01
6.086697700000000000e+07,3.824384955788378119e+08,-9.958297945582188504e-01,9.958297945582188504e-01,9.999999953758866855e-01
6.148814200000000000e+07,3.863413903801720142e+08,9.953740788725981004e-01,9.953740788725981004e-01,9.999999953288092325e-01
6.211564700000000000e+07,3.902841205763537288e+08,-9.959344056239939347e-01,9.959344056239939347e-01,9.999999952810152415e-01
6.274955600000000000e+07,3.942670882912426591e+08,9.957856774180537940e-01,9.957856774180537940e-01,9.999999952329799990e-01
6.338993400000000000e+07,3.982907019318836927e+08,9.963485768983320057e-01,9.963485768983320057e-01,9.999999951843030477e-01
6.403684700000000000e+07,4.023553761885071397e+08,-9.961799138154479039e-01,9.961799138154479039e-01,9.999999951350516669e-01
6.469036300000000000e+07,4.064615383177139163e+08,-9.966147413950251499e-01,9.966147413950251499e-01,9.999999950854303599e-01
6.535054700000000000e+07,4.106095967265489697e+08,-9.960226253903539106e-01,9.960226253903539106e-01,9.999999950352508327e-01
6.601746900000000000e+07,4.147999912379838228e+08,-9.959859905277103076e-01,9.959859905277103076e-01,9.999999949845802538e-01
6.669119700000000000e+07,4.190331491086192727e+08,-9.960850341373815864e-01,9.960850341373815864e-01,9.999999949334199556e-01
6.737180100000000000e+07,4.233095101614269614e+08,-9.960560192427130310e-01,9.960560192427130310e-01,9.999999948817127615e-01
6.805935000000000000e+07,4.276295079361929893e+08,9.953921668022189806e-01,9.953921668022189806e-01,9.999999948295767993e-01
6.875391600000000000e+07,4.319935948222594857e+08,9.954470599049476398e-01,9.954470599049476398e-01,9.999999947768127839e-01
6.945557000000000000e+07,4.364022169257832766e+08,9.952658932937725744e-01,9.952658932937725744e-01,9.999999947234973208e-01
7.016438500000000000e+07,4.408558329192917347e+08,-9.948300274476026273e-01,9.948300274476026273e-01,9.999999946695460329e-01
7.088043400000000000e+07,4.453549014753124118e+08,9.949801457227558377e-01,9.949801457227558377e-01,9.999999946152573482e-01
7.160379000000000000e+07,4.498998812663725615e+08,9.950561224012082207e-01,9.950561224012082207e-01,9.999999945603071927e-01
7.233452800000000000e+07,4.544912435313704014e+08,9.949257488235216940e-01,9.949257488235216940e-01,9.999999945047963745e-01
7.307272400000000000e+07,4.591294657923890948e+08,9.953096043317271047e-01,9.953096043317271047e-01,9.999999944487116821e-01
7.381845300000000000e+07,4.638150192883268595e+08,-9.950775778523026638e-01,9.950775778523026638e-01,9.999999943919489764e-01
7.457179200000000000e+07,4.685483878244522214e+08,9.953533953135880186e-01,9.953533953135880186e-01,9.999999943348301112e-01
7.533282000000000000e+07,4.733300677724044919e+08,9.960207923738506608e-01,9.960207923738506608e-01,9.999999942770091410e-01
7.610161400000000000e+07,4.781605429374523163e+08,9.959303181595502430e-01,9.959303181595502430e-01,9.999999942185991975e-01
7.687825300000000000e+07,4.830403096912349463e+08,-9.964347524533772038e-01,9.964347524533772038e-01,9.999999941595194564e-01
7.766281900000000000e+07,4.879698832549476027e+08,-9.965064630242175259e-01,9.965064630242175259e-01,9.999999940999002579e-01
7.845539100000000000e+07,4.929497600002295375e+08,-9.967656005155829391e-01,9.967656005155829391e-01,9.999999940397071851e-01
7.925605200000000000e+07,4.979804614314612746e+08,9.964025165938986683e-01,9.964025165938986683e-01,9.999999939789853132e-01
8.006488400000000000e+07,5.030625027698379159e+08,9.971951903958905516e-01,9.971951903958905516e-01,9.999999939174996078e-01
8.088197000000000000e+07,5.081964055197401047e+08,9.970782028042626255e-01,9.970782028042626255e-01,9.999999938554279266e-01
8.170739500000000000e+07,5.133827037519187927e+08,-9.963120896559600759e-01,9.963120896559600759e-01,9.999999937926146165e-01
8.254124300000000000e+07,5.186219252539398670e+08,-9.965573639077591750e-01,9.965573639077591750e-01,9.999999937292991525e-01
8.338360100000000000e+07,5.239146166629250646e+08,-9.970238107404360006e-01,9.970238107404360006e-01,9.999999936653133359e-01
8.423455600000000000e+07,5.292613246159960628e+08,9.961018320544831051e-01,9.961018320544831051e-01,9.999999936007530899e-01
8.509419500000000000e+07,5.346625957502745986e+08,-9.960545524303141551e-01,9.960545524303141551e-01,9.999999935353391933e-01
8.596260700000000000e+07,5.401189892692530155e+08,-9.953861956532549238e-01,9.953861956532549238e-01,9.999999934693565296e-01
8.683988100000000000e+07,5.456310643764237165e+08,-9.958525876719583891e-01,9.958525876719583891e-01,9.999999934027202775e-01
8.772610800000000000e+07,5.511993928416495323e+08,9.952067115127694041e-01,9.952067115127694041e-01,9.999999933355017134e-01
8.862137900000000000e+07,5.568245464347935915e+08,-9.955883788157253722e-01,9.955883788157253722e-01,9.999999932673805381e-01
8.952578700000000000e+07,5.625071094920891523e+08,-9.960716250821541884e-01,9.960716250821541884e-01,9.999999931986804924e-01
9.043942400000000000e+07,5.682476600665848255e+08,9.961252324889064980e-01,9.961252324889064980e-01,9.999999931293620525e-01
9.136238600000000000e+07,5.740468013440699577e+08,9.960194605569875348e-01,9.960194605569875348e-01,9.999999930592624597e-01
9.229476600000000000e+07,5.799051176607780457e+08,9.969569271835155844e-01,9.969569271835155844e-01,9.999999929884135774e-01
9.323666200000000000e+07,5.858232247688692808e+08,9.966380157384961969e-01,9.966380157384961969e-01,9.999999929168680302e-01
9.418817000000000000e+07,5.918017258541331291e+08,9.976047792977644768e-01,9.976047792977644768e-01,9.999999928445696407e-01
9.514938900000000000e+07,5.978412429519149065e+08,-9.971526899271412336e-01,9.971526899271412336e-01,9.999999927714490200e-01
9.612041700000000000e+07,6.039423918143749237e+08,-9.982344526849475930e-01,9.982344526849475930e-01,9.999999926977043430e-01
9.710135400000000000e+07,6.101058007600437403e+08,9.971839046047851207e-01,9.971839046047851207e-01,9.999999926232816527e-01
9.809230300000000000e+07,6.163321169570080042e+08,-9.978845498275461523e-01,9.978845498275461523e-01,9.999999925478941787e-01
9.909336400000000000e+07,6.226219687237985134e+08,9.976800124805680348e-01,9.976800124805680348e-01,9.999999924719243927e-01
1.001046420000000000e+08,6.289760157948725224e+08,9.965485763839341260e-01,9.965485763839341260e-01,9.999999923951168324e-01
1.011262400000000000e+08,6.353949053383165598e+08,9.968733380693388657e-01,9.968733380693388657e-01,9.999999923174979211e-01
1.021582630000000000e+08,6.418792970885879993e+08,-9.966006215039325822e-01,9.966006215039325822e-01,9.999999922389918305e-01
1.032008190000000000e+08,6.484298696296998262e+08,-9.969173015323262721e-01,9.969173015323262721e-01,9.999999921597846342e-01
1.042540140000000000e+08,6.550472889792948961e+08,9.969000302507780020e-01,9.969000302507780020e-01,9.999999920798788855e-01
1.053179580000000000e+08,6.617322462877568007e+08,9.971812617437528781e-01,9.971812617437528781e-01,9.999999919990458785e-01
1.063927590000000000e+08,6.684854201390986443e+08,-9.965028738186169077e-01,9.965028738186169077e-01,9.999999919172892771e-01
1.074785290000000000e+08,6.753075142500751019e+08,-9.977818076518660817e-01,9.977818076518660817e-01,9.999999918348243533e-01
1.085753790000000000e+08,6.821992260542550087e+08,-9.971452634097408563e-01,9.971452634097408563e-01,9.999999917514703629e-01
1.096834240000000000e+08,6.891612781179487705e+08,9.984003977221163062e-01,9.984003977221163062e-01,9.999999916674037204e-01
1.108027760000000000e+08,6.961943741579109430e+08,9.985009912312977631e-01,9.985009912312977631e-01,9.999999915823784002e-01
1.119335510000000000e+08,7.032992430236369371e+08,-9.974450143511408573e-01,9.974450143511408573e-01,9.999999914963375591e-01
1.130758670000000000e+08,7.104766261309930086e+08,-9.984362157828506890e-01,9.984362157828506890e-01,9.999999914095727416e-01
1.142298400000000000e+08,7.177272523294750452e+08,9.973718963081732447e-01,9.973718963081732447e-01,9.999999913220311010e-01
1.153955900000000000e+08,7.250518756013195515e+08,9.982048649899107895e-01,9.982048649899107895e-01,9.999999912334464058e-01
1.165732360000000000e+08,7.324512436455783844e+08,9.975735518591808404e-01,9.975735518591808404e-01,9.999999911439947375e-01
1.177629010000000000e+08,7.399261292940442562e+08,-9.976361170176732962e-01,9.976361170176732962e-01,9.999999910535165570e-01
1.189647070000000000e+08,7.474772990953245163e+08,-9.968808334528862503e-01,9.968808334528862503e-01,9.999999909622030447e-01
1.201787770000000000e+08,7.551055258812119961e+08,-9.969791925302349256e-01,9.969791925302349256e-01,9.999999908699747087e-01
1.214052380000000000e+08,7.628116076162407398e+08,9.966057265193667414e-01,9.966057265193667414e-01,9.999999907769079321e-01
1.226442150000000000e+08,7.705963296985741854e+08,-9.972836537356315478e-01,9.972836537356315478e-01,9.999999906826718687e-01
1.238958360000000000e+08,7.784604963759316206e+08,9.973011871318254729e-01,9.973011871318254729e-01,9.999999905876901796e-01
1.251602300000000000e+08,7.864049181792176962e+08,9.981387281514699783e-01,9.981387281514699783e-01,9.999999904916485605e-01
1.264375270000000000e+08,7.944304119225221872e+08,-9.983050571402183326e-01,9.983050571402183326e-01,9.999999903945080426e-01
1.277278600000000000e+08,8.025378132694911957e+08,9.979623290121750756e-01,9.979623290121750756e-01,9.999999902966011378e-01
1.290313610000000000e+08,8.107279516005851030e+08,-9.983800134011548977e-01,9.983800134011548977e-01,9.999999901974514493e-01
1.303481650000000000e+08,8.190016751458203793e+08,-9.975584999651119222e-01,9.975584999651119222e-01,9.999999900973890465e-01
1.316784070000000000e+08,8.273598321352136135e+08,-9.980228121958824028e-01,9.980228121958824028e-01,9.999999899963635253e-01
1.330222250000000000e+08,8.358032896483370066e+08,-9.972879339127344034e-01,9.972879339127344034e-01,9.999999898942718568e-01
1.343797560000000000e+08,8.443329084815778732e+08,9.963159707132155374e-01,9.963159707132155374e-01,9.999999897912442703e-01
1.357511420000000000e+08,8.529495808472496271e+08,9.961366009380383524e-01,9.961366009380383524e-01,9.999999896870562788e-01
1.371365230000000000e+08,8.616541863912954330e+08,-9.966494157864140835e-01,9.966494157864140835e-01,9.999999895817021089e-01
1.385360420000000000e+08,8.704476236092140675e+08,9.969494136492029757e-01,9.969494136492029757e-01,9.999999894754791896e-01
1.399498440000000000e+08,8.793308035628751516e+08,9.971437454846642234e-01,9.971437454846642234e-01,9.999999893680673324e-01
1.413780740000000000e+08,8.883046373141483068e+08,9.971315124235428096e-01,9.971315124235428096e-01,9.999999892595854423e-01
1.428208800000000000e+08,8.973700547744587660e+08,9.972688101216271583e-01,9.972688101216271583e-01,9.999999891499654625e-01
1.442784100000000000e+08,9.065279858552322388e+08,9.975673164398302095e-01,9.975673164398302095e-01,9.999999890392242685e-01
1.457508140000000000e+08,9.157793730342646837e+08,9.979336117323719391e-01,9.979336117323719391e-01,9.999999889273591958e-01
1.472382450000000000e+08,9.251251776389081478e+08,-9.965376299495384282e-01,9.965376299495384282e-01,9.999999888142595550e-01
1.487408550000000000e+08,9.345663547133293152e+08,-9.968594851675600665e-01,9.968594851675600665e-01,9.999999887001161936e-01
1.502588000000000000e+08,9.441038844344359636e+08,9.960844195836209281e-01,9.960844195836209281e-01,9.999999885849036874e-01
1.517922370000000000e+08,9.537387532623215914e+08,-9.954389866418363875e-01,9.954389866418363875e-01,9.999999884683060669e-01
1.533413220000000000e+08,9.634719413738938570e+08,9.960598925738386455e-01,9.960598925738386455e-01,9.999999883507298959e-01
1.549062160000000000e+08,9.733044603619873524e+08,9.961701690129903808e-01,9.961701690129903808e-01,9.999999882318464373e-01
1.564870800000000000e+08,9.832373218194364309e+08,9.960948375516758269e-01,9.960948375516758269e-01,9.999999881117608291e-01
1.580840780000000000e+08,9.932715561886316538e+08,9.967679985008660593e-01,9.967679985008660593e-01,9.999999879904195588e-01
1.596973730000000000e+08,1.003408187628777981e+09,-9.963343904187766942e-01,9.963343904187766942e-01,9.999999878677389153e-01
1.613271330000000000e+08,1.013648271715006948e+09,-9.970614863170230713e-01,9.970614863170230713e-01,9.999999877439564866e-01
1.629735250000000000e+08,1.023992857739264965e+09,-9.964443946028045396e-01,9.964443946028045396e-01,9.999999876188814252e-01
1.646367180000000000e+08,1.034443007559868932e+09,9.957696786389332866e-01,9.957696786389332866e-01,9.999999874926122079e-01
1.663168850000000000e+08,1.044999808167876959e+09,-9.954490610759049174e-01,9.954490610759049174e-01,9.999999873648829363e-01
1.680141990000000000e+08,1.055664346554347157e+09,-9.951792891703862276e-01,9.951792891703862276e-01,9.999999872359318642e-01
1.697288340000000000e+08,1.066437715993523002e+09,9.948875028167712964e-01,9.948875028167712964e-01,9.999999871057840828e-01
1.714609680000000000e+08,1.077321034892389297e+09,9.951841553094171733e-01,9.951841553094171733e-01,9.999999869741948988e-01
1.732107780000000000e+08,1.088315415374745131e+09,9.960089171590009727e-01,9.960089171590009727e-01,9.999999868412373649e-01
1.749784460000000000e+08,1.099422000980316639e+09,9.958180783012187121e-01,9.958180783012187121e-01,9.999999867069834236e-01
1.767641540000000000e+08,1.110641935248829603e+09,9.968772217943607794e-01,9.968772217943607794e-01,9.999999865712881908e-01
1.785680850000000000e+08,1.121976368003195524e+09,-9.958456779901485589e-01,9.958456779901485589e-01,9.999999864341408973e-01
1.803904260000000000e+08,1.133426474199066401e+09,9.956074798541731941e-01,9.956074798541731941e-01,9.999999862958046659e-01
1.822313640000000000e+08,1.144993428792094946e+09,9.946873337987128805e-01,9.946873337987128805e-01,9.999999861559680792e-01
1.840910900000000000e+08,1.156678431870674849e+09,9.947336582444222808e-01,9.947336582444222808e-01,9.999999860146788766e-01
1.859697940000000000e+08,1.168482677240014315e+09,9.949539047146633841e-01,9.949539047146633841e-01,9.999999858719532675e-01
1.878676720000000000e+08,1.180407396404433727e+09,9.958036703837365167e-01,9.958036703837365167e-01,9.999999857277629411e-01
1.897849180000000000e+08,1.192453808301882505e+09,9.958266085384258615e-01,9.958266085384258615e-01,9.999999855821274375e-01
1.917217300000000000e+08,1.204623157003051758e+09,9.966690706445915371e-01,9.966690706445915371e-01,9.999999854349622685e-01
1.936783080000000000e+08,1.216916699145002604e+09,9.967136176838551354e-01,9.967136176838551354e-01,9.999999852863233896e-01
1.956548530000000000e+08,1.229335697647981882e+09,-9.962058218489696637e-01,9.962058218489696637e-01,9.999999851360945602e-01
1.976515690000000000e+08,1.241881434281792164e+09,-9.954748918677207570e-01,9.954748918677207570e-01,9.999999849843936861e-01
1.996686630000000000e+08,1.254555209665792227e+09,-9.951233058066173420e-01,9.951233058066173420e-01,9.999999848311529327e-01
2.017063410000000000e+08,1.267358318136155367e+09,-9.954424296171575648e-01,9.954424296171575648e-01,9.999999846763532041e-01
2.037648150000000000e+08,1.280292091728166580e+09,-9.956432717625633977e-01,9.956432717625633977e-01,9.999999845199527559e-01
2.058442960000000000e+08,1.293357856193925619e+09,9.967484122088555720e-01,9.967484122088555720e-01,9.999999843620899220e-01
2.079449980000000000e+08,1.306556956135088444e+09,9.975268425600347655e-01,9.975268425600347655e-01,9.999999842024929197e-01
2.100671400000000000e+08,1.319890767569237232e+09,9.963515948402392741e-01,9.963515948402392741e-01,9.999999840412939767e-01
2.122109380000000000e+08,1.333360647664398193e+09,9.960451897224779083e-01,9.960451897224779083e-01,9.999999838784411343e-01
2.143766140000000000e+08,1.346967991287709475e+09,9.957575171681232185e-01,9.957575171681232185e-01,9.999999837139069703e-01
2.165643910000000000e+08,1.360714199589494944e+09,-9.955697864869921254e-01,9.955697864869921254e-01,9.999999835475831267e-01
2.187744960000000000e+08,1.374600698852819204e+09,9.964845182387075395e-01,9.964845182387075395e-01,9.999999833797971194e-01
2.210071550000000000e+08,1.388628909077561378e+09,-9.964824287289261173e-01,9.964824287289261173e-01,9.999999832100532338e-01
2.232625990000000000e+08,1.402800281679527760e+09,-9.977523422621890070e-01,9.977523422621890070e-01,9.999999830387077404e-01
2.255410610000000000e+08,1.417116280640894890e+09,-9.980487278265581796e-01,9.980487278265581796e-01,9.999999828656356282e-01
2.278427750000000000e+08,1.431578376227024317e+09,-9.972819920576916353e-01,9.972819920576916353e-01,9.999999826907591816e-01
2.301679790000000000e+08,1.446188063836019516e+09,-9.970160261077301023e-01,9.970160261077301023e-01,9.999999825141280274e-01
2.325169120000000000e+08,1.460946845149168730e+09,9.967186012701152453e-01,9.967186012701152453e-01,9.999999823357865747e-01
2.348898170000000000e+08,1.475856246980501890e+09,-9.967130544348652421e-01,9.967130544348652421e-01,9.999999821554100832e-01
2.372869380000000000e+08,1.490917802427233458e+09,9.978786377141283248e-01,9.978786377141283248e-01,9.999999819734186612e-01
2.397085220000000000e+08,1.506133063436134577e+09,9.980477817360422499e-01,9.980477817360422499e-01,9.999999817894509313e-01
2.421548200000000000e+08,1.521503607086717367e+09,9.974537524162123692e-01,9.974537524162123692e-01,9.999999816036171385e-01
2.446260820000000000e+08,1.537031004175308704e+09,9.978779052942000627e-01,9.978779052942000627e-01,9.999999814158476719e-01
2.471225650000000000e+08,1.552716869480532169e+09,-9.967263009050135736e-01,9.967263009050135736e-01,9.999999812260875753e-01
2.496445240000000000e+08,1.568562805214641571e+09,9.971720444005497397e-01,9.971720444005497397e-01,9.999999810346045237e-01
2.521922220000000000e+08,1.584570463855372429e+09,9.978911931801750512e-01,9.978911931801750512e-01,9.999999808410625635e-01
2.547659190000000000e+08,1.600741479030904531e+09,-9.986928629056225359e-01,9.986928629056225359e-01,9.999999806454512585e-01
2.573658810000000000e+08,1.617077522068529844e+09,-9.978595581353757460e-01,9.978595581353757460e-01,9.999999804478989507e-01
2.599923770000000000e+08,1.633580283145095825e+09,-9.976242345803600919e-01,9.976242345803600919e-01,9.999999802483623412e-01
2.626456770000000000e+08,1.650251458720635414e+09,-9.964086192262252561e-01,9.964086192262252561e-01,9.999999800468100108e-01
2.653260550000000000e+08,1.667092770387922764e+09,-9.961754595284569858e-01,9.961754595284569858e-01,9.999999798431756792e-01
2.680337870000000000e+08,1.684105952306102753e+09,-9.969915314618774671e-01,9.969915314618774671e-01,9.999999796374777761e-01
2.707691520000000000e+08,1.701292757483875990e+09,9.966833580094480727e-01,9.966833580094480727e-01,9.999999794297890210e-01
2.735324330000000000e+08,1.718654964062684536e+09,-9.976266392331347710e-01,9.976266392331347710e-01,9.999999792197574733e-01
2.763239130000000000e+08,1.736194350183970213e+09,-9.969772353555678146e-01,9.969772353555678146e-01,9.999999790076904427e-01
2.791438810000000000e+08,1.753912731688286781e+09,-9.955742439949757383e-01,9.955742439949757383e-01,9.999999787934368278e-01
2.819926280000000000e+08,1.771811936982558727e+09,9.951862856222229992e-01,9.951862856222229992e-01,9.999999785771382932e-01
2.848704480000000000e+08,1.789893813323266268e+09,9.959671228869265702e-01,9.959671228869265702e-01,9.999999783585162838e-01
2.877776360000000000e+08,1.808160214250075102e+09,9.966650596853994237e-01,9.966650596853994237e-01,9.999999781376343044e-01
2.907144930000000000e+08,1.826613031001762629e+09,-9.959942637354798345e-01,9.959942637354798345e-01,9.999999779144171930e-01
2.936813220000000000e+08,1.845254167383476973e+09,9.951485287406630631e-01,9.951485287406630631e-01,9.999999776891499437e-01
2.966784270000000000e+08,1.864085533483551502e+09,-9.949034398567095927e-01,9.949034398567095927e-01,9.999999774613488324e-01
2.997061200000000000e+08,1.883109089655802011e+09,9.952848753108214375e-01,9.952848753108214375e-01,9.999999772314528412e-01
3.027647100000000000e+08,1.902326777404488325e+09,9.956367237797701941e-01,9.956367237797701941e-01,9.999999769990997045e-01
3.058545150000000000e+08,1.921740594782538414e+09,-9.964022764001359000e-01,9.964022764001359000e-01,9.999999767642624438e-01
3.089758520000000000e+08,1.941352533559694290e+09,9.950245522192425751e-01,9.950245522192425751e-01,9.999999765272330476e-01
3.121290430000000000e+08,1.961164616921625376e+09,-9.948339760949780342e-01,9.948339760949780342e-01,9.999999762875694254e-01
3.153144140000000000e+08,1.981178893186741114e+09,9.957863964360819109e-01,9.957863964360819109e-01,9.999999760456839137e-01
3.185322920000000000e+08,2.001397416956637621e+09,9.966450720607209490e-01,9.966450720607209490e-01,9.999999758012036999e-01
3.217830090000000000e+08,2.021822274248836517e+09,-9.961801841732399465e-01,9.961801841732399465e-01,9.999999755541522095e-01
3.250669010000000000e+08,2.042455576213601112e+09,-9.959473587182204879e-01,9.959473587182204879e-01,9.999999753046913131e-01
3.283843060000000000e+08,2.063299446567565203e+09,9.954450567805198657e-01,9.954450567805198657e-01,9.999999750527661657e-01
3.317355670000000000e+08,2.084356040443289280e+09,-9.957721209343344260e-01,9.957721209343344260e-01,9.999999747980583553e-01
3.351210270000000000e+08,2.105627512973333359e+09,-9.971842694400964158e-01,9.971842694400964158e-01,9.999999745408548746e-01
3.385410380000000000e+08,2.127116075838926077e+09,9.965633944893769192e-01,9.965633944893769192e-01,9.999999742811760406e-01
3.419959510000000000e+08,2.148823934438109875e+09,-9.967172087585999263e-01,9.967172087585999263e-01,9.999999740185940844e-01
3.454861220000000000e+08,2.170753325584854126e+09,9.968116194529900165e-01,9.968116194529900165e-01,9.999999737535407718e-01
3.490119110000000000e+08,2.192906511225869179e+09,-9.972881078851806302e-01,9.972881078851806302e-01,9.999999734855733458e-01
3.525736820000000000e+08,2.215285778440607548e+09,9.981363916061426478e-01,9.981363916061426478e-01,9.999999732150870457e-01
3.561718020000000000e+08,2.237893433158076763e+09,9.968100327614085598e-01,9.968100327614085598e-01,9.999999729417676786e-01
3.598066420000000000e+08,2.260731806440025330e+09,9.968445736582893790e-01,9.968445736582893790e-01,9.999999726656169097e-01
3.634785770000000000e+08,2.283803254480943680e+09,-9.978789814518004286e-01,9.978789814518004286e-01,9.999999723865738988e-01
3.671879850000000000e+08,2.307110152324878216e+09,-9.988892122086909797e-01,9.988892122086909797e-01,9.999999721047787560e-01
3.709352480000000000e+08,2.330654900148615837e+09,9.978081513597706342e-01,9.978081513597706342e-01,9.999999718201937338e-01
3.747207540000000000e+08,2.354439935828056335e+09,9.962905282470986279e-01,9.962905282470986279e-01,9.999999715325958993e-01
3.785448910000000000e+08,2.378467697239098072e+09,-9.965880451878718072e-01,9.965880451878718072e-01,9.999999712419721520e-01
3.824080550000000000e+08,2.402740672523123264e+09,-9.985646831988641559e-01,9.985646831988641559e-01,9.999999709485113408e-01
3.863106440000000000e+08,2.427261362387883663e+09,9.982144824963736784e-01,9.982144824963736784e-01,9.999999706520957821e-01
3.902530600000000000e+08,2.452032292673873425e+09,9.968931301227039743e-01,9.968931301227039743e-01,9.999999703526103456e-01
3.942357090000000000e+08,2.477056014354327202e+09,-9.956413464002477065e-01,9.956413464002477065e-01,9.999999700499438982e-01
3.982590030000000000e+08,2.502335116101590633e+09,-9.972149067333182515e-01,9.972149067333182515e-01,9.999999697443100466e-01
4.023233550000000000e+08,2.527872192871196747e+09,-9.967841978091386279e-01,9.967841978091386279e-01,9.999999694355272695e-01
4.064291860000000000e+08,2.553669889884159088e+09,9.956689429360994215e-01,9.956689429360994215e-01,9.999999691237130284e-01
4.105769170000000000e+08,2.579730852361492634e+09,-9.953822975401060980e-01,9.953822975401060980e-01,9.999999688085212668e-01
4.147669780000000000e+08,2.606057782072878838e+09,9.958409329095575524e-01,9.958409329095575524e-01,9.999999684903168040e-01
4.189997990000000000e+08,2.632653380788000107e+09,-9.964621694623843062e-01,9.964621694623843062e-01,9.999999681686487785e-01
4.232758180000000000e+08,2.659520400542020798e+09,9.946527869330085148e-01,9.946527869330085148e-01,9.999999678438823425e-01
4.275954740000000000e+08,2.686661599653290749e+09,9.950065919152181193e-01,9.950065919152181193e-01,9.999999675157269508e-01
4.319592140000000000e+08,2.714079786705642700e+09,9.961783135274523415e-01,9.961783135274523415e-01,9.999999671841937054e-01
4.363674870000000000e+08,2.741777782849278927e+09,-9.953383976867095084e-01,9.953383976867095084e-01,9.999999668492068894e-01
4.408207480000000000e+08,2.769758446933515072e+09,9.949197706316070811e-01,9.949197706316070811e-01,9.999999665110018698e-01
4.453194560000000000e+08,2.798024662940406322e+09,9.961091099862861009e-01,9.961091099862861009e-01,9.999999661692343667e-01
4.498640750000000000e+08,2.826579346267935276e+09,-9.965774308201386100e-01,9.965774308201386100e-01,9.999999658238765132e-01
4.544550720000000000e+08,2.855425431163640976e+09,9.952469364630474047e-01,9.952469364630474047e-01,9.999999654752184108e-01
4.590929230000000000e+08,2.884565908423728943e+09,-9.964693545799430119e-01,9.964693545799430119e-01,9.999999651227736708e-01
4.637781030000000000e+08,2.914003762561220646e+09,-9.970268152670733741e-01,9.970268152670733741e-01,9.999999647668113001e-01
4.685110980000000000e+08,2.943742047204174995e+09,9.970726952115338548e-01,9.970726952115338548e-01,9.999999644073637173e-01
4.732923940000000000e+08,2.973783815980651855e+09,9.967564885801953878e-01,9.967564885801953878e-01,9.999999640441362692e-01
4.781224850000000000e+08,3.004132172784192085e+09,-9.977913511614785458e-01,9.977913511614785458e-01,9.999999636770898759e-01
4.830018680000000000e+08,3.034790240357893944e+09,9.970361540299169656e-01,9.970361540299169656e-01,9.999999633065290716e-01
4.879310470000000000e+08,3.065761185427152157e+09,-9.962424454125550222e-01,9.962424454125550222e-01,9.999999629319379357e-01
4.929105290000000000e+08,3.097048193566917419e+09,-9.985051549057484266e-01,9.985051549057484266e-01,9.999999625536727388e-01
4.979408290000000000e+08,3.128654500617622852e+09,-9.974482131633481963e-01,9.974482131633481963e-01,9.999999621714855680e-01
5.030224640000000000e+08,3.160583354986072540e+09,9.963728122513908492e-01,9.963728122513908492e-01,9.999999617855522827e-01
5.081559590000000000e+08,3.192838055344552040e+09,-9.965562553461518869e-01,9.965562553461518869e-01,9.999999613954705380e-01
5.133418430000000000e+08,3.225421925498089790e+09,-9.972222953221940855e-01,9.972222953221940855e-01,9.999999610014996820e-01
5.185806510000000000e+08,3.258338326950824738e+09,-9.953241748573882219e-01,9.953241748573882219e-01,9.999999606034900568e-01
5.238729220000000000e+08,3.291590646339637280e+09,9.965689310280977375e-01,9.965689310280977375e-01,9.999999602015376965e-01
5.292192020000000000e+08,3.325182314283705711e+09,9.963837686099765723e-01,9.963837686099765723e-01,9.999999597953916908e-01
5.346200420000000000e+08,3.359116792818133354e+09,9.949701614855371856e-01,9.949701614855371856e-01,9.999999593850925628e-01
5.400760000000000000e+08,3.393397587960322380e+09,9.957580688399899627e-01,9.957580688399899627e-01,9.999999589705979020e-01
5.455876370000000000e+08,3.428028224577229500e+09,-9.956413256119331923e-01,9.956413256119331923e-01,9.999999585517758138e-01
5.511555230000000000e+08,3.463012284084480286e+09,-9.946095555809905120e-01,9.946095555809905120e-01,9.999999581287944972e-01
5.567802300000000000e+08,3.498353360464070797e+09,9.957161491123831532e-01,9.957161491123831532e-01,9.999999577015771246e-01
5.624623390000000000e+08,3.534055104246663570e+09,-9.959622636990652644e-01,9.959622636990652644e-01,9.999999572698243799e-01
5.682024360000000000e+08,3.570121197378849030e+09,9.949238955354332559e-01,9.949238955354332559e-01,9.999999568338516776e-01
5.740011120000000000e+08,3.606555353223144054e+09,9.965034825298393351e-01,9.965034825298393351e-01,9.999999563933373858e-01
5.798589650000000000e+08,3.643361329124361992e+09,-9.961079018798012497e-01,9.961079018798012497e-01,9.999999559482050104e-01
5.857766000000000000e+08,3.680542926409613609e+09,9.959177250296081807e-01,9.959177250296081807e-01,9.999999554987464290e-01
5.917546250000000000e+08,3.718103965255565643e+09,-9.971719973454379327e-01,9.971719973454379327e-01,9.999999550444782503e-01
5.977936590000000000e+08,3.756048334953923702e+09,-9.962020257915160659e-01,9.962020257915160659e-01,9.999999545856957939e-01
6.038943220000000000e+08,3.794379931079577923e+09,9.971442900416100930e-01,9.971442900416100930e-01,9.999999541223563160e-01
6.100572450000000000e+08,3.833102718322457314e+09,-9.983995926975635093e-01,9.983995926975635093e-01,9.999999536540701284e-01
6.162830620000000000e+08,3.872220680222045898e+09,9.965981426772195784e-01,9.965981426772195784e-01,9.999999531811806230e-01
6.225724150000000000e+08,3.911737850583312035e+09,-9.975282143439403448e-01,9.975282143439403448e-01,9.999999527032568114e-01
6.289259530000000000e+08,3.951658307193519115e+09,-9.966426891353692419e-01,9.966426891353692419e-01,9.999999522206105551e-01
6.353443310000000000e+08,3.991986165539043903e+09,-9.963560511009248444e-01,9.963560511009248444e-01,9.999999517329984933e-01
6.418282100000000000e+08,4.032725578805374146e+09,9.965107719961290300e-01,9.965107719961290300e-01,9.999999512405292057e-01
6.483782590000000000e+08,4.073880750443480492e+09,-9.953716503491936152e-01,9.953716503491936152e-01,9.999999507428152246e-01
6.549951540000000000e+08,4.115455927886630535e+09,9.957210007345560498e-01,9.957210007345560498e-01,9.999999502402531215e-01
6.616795760000000000e+08,4.157455389984018326e+09,9.950450711755061128e-01,9.950450711755061128e-01,9.999999497324283393e-01
6.684322140000000000e+08,4.199883465850320816e+09,9.954150318480385895e-01,9.954150318480385895e-01,9.999999492194153738e-01
6.752537650000000000e+08,4.242744534865696907e+09,-9.958341642795072168e-01,9.958341642795072168e-01,9.999999487011063115e-01
6.821449320000000000e+08,4.286043014109417915e+09,9.945859145460750339e-01,9.945859145460750339e-01,9.999999481776759014e-01
6.891064250000000000e+08,4.329783364643051147e+09,-9.962822725773347043e-01,9.962822725773347043e-01,9.999999476486894912e-01
6.961389630000000000e+08,4.373970104076833725e+09,-9.955523878876531008e-01,9.955523878876531008e-01,9.999999471144482843e-01
7.032432700000000000e+08,4.418607781436926842e+09,9.969404491787812184e-01,9.969404491787812184e-01,9.999999465748204974e-01
7.104200780000000000e+08,4.463700996014975548e+09,9.961753553909296066e-01,9.961753553909296066e-01,9.999999460296242759e-01
7.176701280000000000e+08,4.509254403651292801e+09,9.978418450471138179e-01,9.978418450471138179e-01,9.999999454788355280e-01
7.249941670000000000e+08,4.555272697885303497e+09,-9.978453356489636050e-01,9.978453356489636050e-01,9.999999449223425652e-01
7.323929490000000000e+08,4.601760616238727570e+09,-9.973950799985979998e-01,9.973950799985979998e-01,9.999999443602528570e-01
7.398672390000000000e+08,4.648722965348327637e+09,-9.971787165703753786e-01,9.971787165703753786e-01,9.999999437924201873e-01
7.474178060000000000e+08,4.696164576983602524e+09,9.969930742795729550e-01,9.969930742795729550e-01,9.999999432189056181e-01
7.550454280000000000e+08,4.744090339462721825e+09,9.975470005357426340e-01,9.975470005357426340e-01,9.999999426394304836e-01
7.627508930000000000e+08,4.792505203935709000e+09,-9.956766613624682405e-01,9.956766613624682405e-01,9.999999420539612549e-01
7.705349950000000000e+08,4.841414159251695633e+09,-9.966142679934448800e-01,9.966142679934448800e-01,9.999999414626125072e-01
7.783985350000000000e+08,4.890822238242115021e+09,-9.943007676294647323e-01,9.943007676294647323e-01,9.999999408652021637e-01
7.863423250000000000e+08,4.940734542853434563e+09,-9.952858532952100212e-01,9.952858532952100212e-01,9.999999402617024691e-01
7.943671840000000000e+08,4.991156219014423370e+09,9.944270609422174445e-01,9.944270609422174445e-01,9.999999396521752626e-01
8.024739400000000000e+08,5.042092469202512741e+09,9.961818007872177416e-01,9.961818007872177416e-01,9.999999390362983576e-01
8.106634270000000000e+08,5.093548533594250679e+09,-9.949880447971445330e-01,9.949880447971445330e-01,9.999999384140547676e-01
8.189364900000000000e+08,5.145529721481222153e+09,9.962398277688802040e-01,9.962398277688802040e-01,9.999999377856438887e-01
8.272939820000000000e+08,5.198041392420493126e+09,9.958759439719824247e-01,9.958759439719824247e-01,9.999999371507348744e-01
8.357367650000000000e+08,5.251088962517798424e+09,-9.962894785266652731e-01,9.962894785266652731e-01,9.999999365092323567e-01
8.442657090000000000e+08,5.304677898144355774e+09,-9.966137401191320633e-01,9.966137401191320633e-01,9.999999358613002043e-01
8.528816940000000000e+08,5.358813728503235817e+09,9.967438884996259185e-01,9.967438884996259185e-01,9.999999352068426051e-01
8.615856070000000000e+08,5.413502026779805183e+09,-9.976460625536685001e-01,9.976460625536685001e-01,9.999999345455319322e-01
8.703783460000000000e+08,5.468748435274470329e+09,9.954452267394373610e-01,9.954452267394373610e-01,9.999999338776500712e-01
8.792608180000000000e+08,5.524558652836304665e+09,9.968204931834968585e-01,9.968204931834968585e-01,9.999999332028297605e-01
8.882339380000000000e+08,5.580938428579863548e+09,9.949676690021729275e-01,9.949676690021729275e-01,9.999999325211521572e-01
8.972986320000000000e+08,5.637893580734742165e+09,9.959842534404048653e-01,9.959842534404048653e-01,9.999999318324969133e-01
9.064558330000000000e+08,5.695429971512832642e+09,-9.943280383114064813e-01,9.943280383114064813e-01,9.999999311367324673e-01
9.157064870000000000e+08,5.753553544807435036e+09,-9.947157230527393645e-01,9.947157230527393645e-01,9.999999304339524109e-01
9.250515460000000000e+08,5.812270282210961342e+09,9.952569837797823338e-01,9.952569837797823338e-01,9.999999297241198848e-01
9.344919740000000000e+08,5.871586240714048386e+09,9.945562582690400388e-01,9.945562582690400388e-01,9.999999290069451208e-01
9.440287450000000000e+08,5.931507540139183998e+09,-9.958394922645361635e-01,9.958394922645361635e-01,9.999999282823184288e-01
9.536628410000000000e+08,5.992040350574341774e+09,-9.954098025244649817e-01,9.954098025244649817e-01,9.999999275504296570e-01
9.633952560000000000e+08,6.053190917505716324e+09,9.966378753167157711e-01,9.966378753167157711e-01,9.999999268111599005e-01
9.732269930000000000e+08,6.114965542968170166e+09,-9.971542683460374867e-01,9.971542683460374867e-01,9.999999260641533327e-01
9.831590660000000000e+08,6.177370598111604691e+09,9.963827392288640006e-01,9.963827392288640006e-01,9.999999253097205942e-01
9.931924990000000000e+08,6.240412516917776108e+09,-9.965253318661023707e-01,9.965253318661023707e-01,9.999999245473557563e-01
1.003328326000000000e+09,6.304097796200289726e+09,9.952180277805853237e-01,9.952180277805853237e-01,9.999999237774604977e-01
1.013567592000000000e+09,6.368433001887793541e+09,9.948007469397577296e-01,9.948007469397577296e-01,9.999999229996050509e-01
1.023911353000000000e+09,6.433424769023970604e+09,-9.951681363930062751e-01,9.951681363930062751e-01,9.999999222136529697e-01
1.034360675000000000e+09,6.499079795484358788e+09,-9.943953490683350438e-01,9.943953490683350438e-01,9.999999214198486142e-01
1.044916636000000000e+09,6.565404854542719841e+09,9.947796029527709027e-01,9.947796029527709027e-01,9.999999206180014699e-01
1.055580324000000000e+09,6.632406782304667473e+09,9.958609113713159378e-01,9.958609113713159378e-01,9.999999198078901586e-01
1.066352837000000000e+09,6.700092477707668304e+09,-9.947831672261401303e-01,9.947831672261401303e-01,9.999999189894110962e-01
1.077235287000000000e+09,6.768468927653784752e+09,-9.959243162208593070e-01,9.959243162208593070e-01,9.999999181626851863e-01
1.088228796000000000e+09,6.837543181876931190e+09,9.965808683908499166e-01,9.965808683908499166e-01,9.999999173276122866e-01
1.099334497000000000e+09,6.907322359226060867e+09,-9.956340902183651309e-01,9.956340902183651309e-01,9.999999164837938270e-01
1.110553535000000000e+09,6.977813653948349953e+09,-9.960631740704748438e-01,9.960631740704748438e-01,9.999999156314897109e-01
1.121887067000000000e+09,7.049024335689200401e+09,-9.972272307652669809e-01,9.972272307652669809e-01,9.999999147705107561e-01
1.133336260000000000e+09,7.120961736925863266e+09,9.949560465709481605e-01,9.949560465709481605e-01,9.999999139007991200e-01
1.144902297000000000e+09,7.193633290666559219e+09,-9.940553351061640619e-01,9.940553351061640619e-01,9.999999130220285082e-01
1.156586368000000000e+09,7.267046473901802063e+09,9.947063718787488851e-01,9.947063718787488851e-01,9.999999121344885777e-01
1.168389678000000000e+09,7.341208857869888306e+09,9.954416538294426076e-01,9.954416538294426076e-01,9.999999112377843113e-01
1.180313445000000000e+09,7.416128095490520477e+09,-9.941923155214376084e-01,9.941923155214376084e-01,9.999999103318450988e-01
1.192358897000000000e+09,7.491811902515257835e+09,-9.949958346517233654e-01,9.949958346517233654e-01,9.999999094167658642e-01
1.204527277000000000e+09,7.568268088943435669e+09,-9.967662922155666738e-01,9.967662922155666738e-01,9.999999084923530956e-01
1.216819839000000000e+09,7.645504533889430046e+09,-9.962636219779533731e-01,9.962636219779533731e-01,9.999999075584632413e-01
1.229237850000000000e+09,7.723529198149024010e+09,9.963435081197321574e-01,9.963435081197321574e-01,9.999999066151755711e-01
1.241782590000000000e+09,7.802350124199412346e+09,9.945615593165429980e-01,9.945615593165429980e-01,9.999999056621710070e-01
1.254455354000000000e+09,7.881975448765566826e+09,9.941492885256497658e-01,9.941492885256497658e-01,9.999999046994245688e-01
1.267257447000000000e+09,7.962413371404313087e+09,-9.951213041660091907e-01,9.951213041660091907e-01,9.999999037267595092e-01
1.280190189000000000e+09,8.043672185920257568e+09,-9.946779200278742517e-01,9.946779200278742517e-01,9.999999027442550981e-01
1.293254913000000000e+09,8.125760267799413681e+09,-9.950606424169944342e-01,9.950606424169944342e-01,9.999999017517372524e-01
1.306452967000000000e+09,8.208686086775576591e+09,-9.939726965337976061e-01,9.939726965337976061e-01,9.999999007490675274e-01
1.319785711000000000e+09,8.292458187980763435e+09,-9.951560540561319446e-01,9.951560540561319446e-01,9.999998997361910780e-01
1.333254520000000000e+09,8.377085210794772148e+09,9.951182340076689670e-01,9.951182340076689670e-01,9.999998987130899186e-01
1.346860782000000000e+09,8.462575876278807640e+09,9.959351824994352453e-01,9.959351824994352453e-01,9.999998976794292060e-01
1.360605899000000000e+09,8.548938993458672523e+09,-9.956095766205372843e-01,9.956095766205372843e-01,9.999998966350704954e-01
1.374491290000000000e+09,8.636183478174316406e+09,9.949129211314251542e-01,9.949129211314251542e-01,9.999998955803233169e-01
1.388518386000000000e+09,8.724318321663913727e+09,9.937746260059276970e-01,9.937746260059276970e-01,9.999998945146866269e-01
1.402688632000000000e+09,8.813352603130233765e+09,9.931226779135962079e-01,9.931226779135962079e-01,9.999998934381858495e-01
1.417003490000000000e+09,8.903295508590196609e+09,9.932253046088025394e-01,9.932253046088025394e-01,9.999998923506884241e-01
1.431464435000000000e+09,8.994156305742128372e+09,-9.942238344366876035e-01,9.942238344366876035e-01,9.999998912519949545e-01
1.446072959000000000e+09,9.085944369098508835e+09,-9.956338345705090243e-01,9.956338345705090243e-01,9.999998901421975894e-01
1.460830566000000000e+09,9.178669148570039749e+09,9.959011631006142728e-01,9.959011631006142728e-01,9.999998890211698743e-01
1.475738780000000000e+09,9.272340219731128693e+09,9.956679280341161897e-01,9.956679280341161897e-01,9.999998878885988374e-01
1.490799137000000000e+09,9.366967233554407120e+09,-9.952404002492025725e-01,9.952404002492025725e-01,9.999998867443282702e-01
1.506013188000000000e+09,9.462559935260288239e+09,9.954238614417679765e-01,9.954238614417679765e-01,9.999998855886254034e-01
1.521382504000000000e+09,9.559128195732887268e+09,9.937957299048669757e-01,9.937957299048669757e-01,9.999998844210620241e-01
1.536908669000000000e+09,9.656681967537733078e+09,-9.941418497408259780e-01,9.941418497408259780e-01,9.999998832414072059e-01
1.552593282000000000e+09,9.755231297488132477e+09,9.943465457681709418e-01,9.943465457681709418e-01,9.999998820499937935e-01
1.568437962000000000e+09,9.854786358061094284e+09,9.957918131122727168e-01,9.957918131122727168e-01,9.999998808462355893e-01
1.584444341000000000e+09,9.955357403415042877e+09,-9.959649711158565788e-01,9.959649711158565788e-01,9.999998796301522441e-01
1.600614071000000000e+09,1.005695481337210274e+10,-9.954669510476519267e-01,9.954669510476519267e-01,9.999998784017368747e-01
1.616948817000000000e+09,1.015958904943581390e+10,-9.944425685453671671e-01,9.944425685453671671e-01,9.999998771607805370e-01
1.633450264000000000e+09,1.026327069877341652e+10,9.938877318787838755e-01,9.938877318787838755e-01,9.999998759073081001e-01
1.650120113000000000e+09,1.036801044908311844e+10,-9.937189610130062745e-01,9.937189610130062745e-01,9.999998746407796624e-01
1.666960084000000000e+09,1.047381910744364929e+10,9.944020032835862999e-01,9.944020032835862999e-01,9.999998733615430568e-01
1.683971911000000000e+09,1.058070756889833069e+10,-9.948245168358109680e-01,9.948245168358109680e-01,9.999998720690850273e-01
1.701157349000000000e+09,1.068868686043737602e+10,-9.955795330969240409e-01,9.955795330969240409e-01,9.999998707635064932e-01
1.718518169000000000e+09,1.079776810958196449e+10,-9.946636655156884110e-01,9.946636655156884110e-01,9.999998694446050607e-01
1.736056162000000000e+09,1.090796256951698303e+10,9.934969300865633679e-01,9.934969300865633679e-01,9.999998681123504207e-01
1.753773135000000000e+09,1.101928159395828056e+10,-9.923969860374299845e-01,9.923969860374299845e-01,9.999998667662932661e-01
1.771670916000000000e+09,1.113173666856859970e+10,9.920275804249802931e-01,9.920275804249802931e-01,9.999998654067173698e-01
1.789751348000000000e+09,1.124533937325845909e+10,9.932161146763439641e-01,9.932161146763439641e-01,9.999998640331563271e-01
1.808016297000000000e+09,1.136010143245164299e+10,-9.953758523819948856e-01,9.953758523819948856e-01,9.999998626454756900e-01
1.826467645000000000e+09,1.147603467110289955e+10,-9.953191119258207875e-01,9.953191119258207875e-01,9.999998612437217549e-01
1.845107295000000000e+09,1.159315104611387062e+10,-9.943033817550048781e-01,9.943033817550048781e-01,9.999998598276715889e-01
1.863937168000000000e+09,1.171146262748352814e+10,9.922440498922715513e-01,9.922440498922715513e-01,9.999998583972719013e-01
1.882959205000000000e+09,1.183098161087455368e+10,-9.916798579425347704e-01,9.916798579425347704e-01,9.999998569520698322e-01
1.902175368000000000e+09,1.195172032389652252e+10,9.928827861900609841e-01,9.928827861900609841e-01,9.999998554923084093e-01
1.921587638000000000e+09,1.207369121353952599e+10,9.941733525301201801e-01,9.941733525301201801e-01,9.999998540175845108e-01
1.941198015000000000e+09,1.219690684617417717e+10,-9.937577362743873488e-01,9.937577362743873488e-01,9.999998525276836414e-01
1.961008523000000000e+09,1.232137993896754074e+10,-9.929864150944878176e-01,9.929864150944878176e-01,9.999998510226835169e-01
1.981021202000000000e+09,1.244712330961764336e+10,9.934011450357946860e-01,9.934011450357946860e-01,9.999998495024151612e-01
2.001238117000000000e+09,1.257414993290214157e+10,-9.930022286185219427e-01,9.930022286185219427e-01,9.999998479664430340e-01
2.021661352000000000e+09,1.270247290297921753e+10,9.921270505076869028e-01,9.921270505076869028e-01,9.999998464150015032e-01
2.042293012000000000e+09,1.283210544595394325e+10,9.919695921662836646e-01,9.919695921662836646e-01,9.999998448476290491e-01
2.063135224000000000e+09,1.296306092616146469e+10,9.944383125205779050e-01,9.944383125205779050e-01,9.999998432642543955e-01
2.084190137000000000e+09,1.309535284616700935e+10,-9.945875178215151102e-01,9.945875178215151102e-01,9.999998416646307398e-01
2.105459922000000000e+09,1.322899484676587677e+10,9.915575770374179809e-01,9.915575770374179809e-01,9.999998400488619987e-01
2.126946771000000000e+09,1.336400070070026398e+10,-9.921036564432905713e-01,9.921036564432905713e-01,9.999998384164222598e-01
2.148652900000000000e+09,1.350038433150880814e+10,9.916262348882386446e-01,9.916262348882386446e-01,9.999998367675159150e-01
2.170580547000000000e+09,1.363815980096022987e+10,-9.923532087148830838e-01,9.923532087148830838e-01,9.999998351015688680e-01
2.192731972000000000e+09,1.377734130905331993e+10,9.939943659309220525e-01,9.939943659309220525e-01,9.999998334188265892e-01
2.215109459000000000e+09,1.391794320658332253e+10,-9.926327470824656274e-01,9.926327470824656274e-01,9.999998317187092089e-01
2.237715315000000000e+09,1.405997998885873985e+10,-9.916478715356347173e-01,9.916478715356347173e-01,9.999998300013579478e-01
2.260551870000000000e+09,1.420346629570133781e+10,9.915715119345179795e-01,9.915715119345179795e-01,9.999998282665613081e-01
2.283621479000000000e+09,1.434841692401251602e+10,-9.910068906612775619e-01,9.910068906612775619e-01,9.999998265138773101e-01
2.306926521000000000e+09,1.449484682149011993e+10,-9.937150530474115895e-01,9.937150530474115895e-01,9.999998247433828924e-01
2.330469397000000000e+09,1.464277107406207085e+10,-9.915248741217539408e-01,9.915248741217539408e-01,9.999998229548537898e-01
2.354252536000000000e+09,1.479220494358547974e+10,9.927653288194675518e-01,9.927653288194675518e-01,9.999998211481390120e-01
2.378278388000000000e+09,1.494316382386435127e+10,9.897711292482656020e-01,9.897711292482656020e-01,9.999998193229220345e-01
2.402549432000000000e+09,1.509566329091506004e+10,9.916194419652974990e-01,9.916194419652974990e-01,9.999998174790660777e-01
2.427068169000000000e+09,1.524971905898406029e+10,-9.913083623397027644e-01,9.913083623397027644e-01,9.999998156162761553e-01
2.451837127000000000e+09,1.540534701196380997e+10,-9.927340659545885737e-01,9.927340659545885737e-01,9.999998137345956772e-01
2.476858859000000000e+09,1.556256319082639503e+10,-9.903507635001542742e-01,9.903507635001542742e-01,9.999998118337009023e-01
2.502135946000000000e+09,1.572138381247309494e+10,9.899632320135582919e-01,9.899632320135582919e-01,9.999998099135024576e-01
2.527670993000000000e+09,1.588182524460163498e+10,-9.912498044106151651e-01,9.912498044106151651e-01,9.999998079735099576e-01
2.553466633000000000e+09,1.604390403083892822e+10,-9.907337420398220074e-01,9.907337420398220074e-01,9.999998060138214351e-01
2.579525525000000000e+09,1.620763687817470932e+10,-9.919119322457673471e-01,9.919119322457673471e-01,9.999998040341174788e-01
2.605850356000000000e+09,1.637304066952789497e+10,9.898838050771262553e-01,9.898838050771262553e-01,9.999998020343375815e-01
2.632443840000000000e+09,1.654013245746340942e+10,9.890386478922330582e-01,9.890386478922330582e-01,9.999998000140474241e-01
2.659308718000000000e+09,1.670892946419218254e+10,9.918002134618633114e-01,9.918002134618633114e-01,9.999997979731214404e-01
2.686447760000000000e+09,1.687944909413751221e+10,9.909624625221534755e-01,9.909624625221534755e-01,9.999997959113768875e-01
2.713863765000000000e+09,1.705170893393507385e+10,-9.889823416059784211e-01,9.889823416059784211e-01,9.999997938284992394e-01
2.741559558000000000e+09,1.722572673358335876e+10,9.891849156151391043e-01,9.891849156151391043e-01,9.999997917245575518e-01
2.769537994000000000e+09,1.740152043157642365e+10,9.902893798267090597e-01,9.902893798267090597e-01,9.999997895990547780e-01
2.797801960000000000e+09,1.757910816747024918e+10,9.903685407027156273e-01,9.903685407027156273e-01,9.999997874518403718e-01
2.826354367000000000e+09,1.775850823161725998e+10,-9.894557571123181461e-01,9.894557571123181461e-01,9.999997852826290057e-01
2.855198160000000000e+09,1.793973912799818802e+10,9.882576297605499827e-01,9.882576297605499827e-01,9.999997830914668651e-01
2.884336313000000000e+09,1.812281954280614090e+10,-9.889319238781401067e-01,9.889319238781401067e-01,9.999997808777509878e-01
2.913771829000000000e+09,1.830776834444659042e+10,-9.902617344808217759e-01,9.902617344808217759e-01,9.999997786415297796e-01
2.943507744000000000e+09,1.849460460867013168e+10,9.895734566108389529e-01,9.895734566108389529e-01,9.999997763826211639e-01
2.973547123000000000e+09,1.868334759343973160e+10,-9.876439771000704582e-01,9.876439771000704582e-01,9.999997741004263974e-01
3.003893062000000000e+09,1.887401675149709702e+10,9.869909400799437016e-01,9.869909400799437016e-01,9.999997717951752962e-01
3.034548691000000000e+09,1.906663174921224594e+10,-9.884174047028602139e-01,9.884174047028602139e-01,9.999997694661669767e-01
3.065517169000000000e+09,1.926121243516756058e+10,-9.885604644619903070e-01,9.885604644619903070e-01,9.999997671135056887e-01
3.096801691000000000e+09,1.945777888414009857e+10,-9.864847783181508456e-01,9.864847783181508456e-01,9.999997647368296105e-01
3.128405480000000000e+09,1.965635134683610153e+10,9.866730079334239401e-01,9.866730079334239401e-01,9.999997623359970778e-01
3.160331795000000000e+09,1.985695030015648651e+10,-9.873533963258369628e-01,9.873533963258369628e-01,9.999997599104578638e-01
3.192583928000000000e+09,2.005959642834729004e+10,9.878861726020042866e-01,9.878861726020042866e-01,9.999997574603836092e-01
3.225165204000000000e+09,2.026431062299965286e+10,9.855620160398773644e-01,9.855620160398773644e-01,9.999997549851910028e-01
3.258078981000000000e+09,2.047111398304983902e+10,-9.863546078697738029e-01,9.863546078697738029e-01,9.999997524846446773e-01
3.291328653000000000e+09,2.068002783362878036e+10,-9.877419911044911238e-01,9.877419911044911238e-01,9.999997499586790184e-01
3.324917649000000000e+09,2.089107371977889252e+10,-9.865264417595014379e-01,9.865264417595014379e-01,9.999997474069269865e-01
3.358849430000000000e+09,2.110427338760452652e+10,9.857658058442568816e-01,9.857658058442568816e-01,9.999997448292308189e-01
3.393127494000000000e+09,2.131964881568788910e+10,9.869208943684347757e-01,9.869208943684347757e-01,9.999997422251714063e-01
3.427755377000000000e+09,2.153722222137222290e+10,-9.876753128541108095e-01,9.876753128541108095e-01,9.999997395943968082e-01
3.462736648000000000e+09,2.175701602934589005e+10,9.854041117399460203e-01,9.854041117399460203e-01,9.999997369369607592e-01
3.498074913000000000e+09,2.197905289677510834e+10,-9.842050865825705541e-01,9.842050865825705541e-01,9.999997342522251031e-01
3.533773816000000000e+09,2.220335571958713913e+10,9.855910608251058358e-01,9.855910608251058358e-01,9.999997315403091891e-01
3.569837036000000000e+09,2.242994761362072372e+10,9.853389839778844417e-01,9.853389839778844417e-01,9.999997288005952889e-01
3.606268293000000000e+09,2.265885195232520676e+10,-9.844324807969813129e-01,9.844324807969813129e-01,9.999997260328132853e-01
3.643071342000000000e+09,2.289009232906141663e+10,9.842865690595078432e-01,9.842865690595078432e-01,9.999997232370017031e-01
3.680249976000000000e+09,2.312369257595122528e+10,9.847860155019658723e-01,9.847860155019658723e-01,9.999997204125584682e-01
3.717808030000000000e+09,2.335967678901028061e+10,9.831050985176184032e-01,9.831050985176184032e-01,9.999997175592910681e-01
3.755749375000000000e+09,2.359806929044891357e+10,-9.832729047926593857e-01,9.832729047926593857e-01,9.999997146767729550e-01
3.794077923000000000e+09,2.383889466008804321e+10,-9.849582538004715282e-01,9.849582538004715282e-01,9.999997117649521705e-01
3.832797625000000000e+09,2.408217772279281235e+10,-9.818486827619095081e-01,9.818486827619095081e-01,9.999997088234430231e-01
3.871912473000000000e+09,2.432794356103897476e+10,-9.827676275769507974e-01,9.827676275769507974e-01,9.999997058518933502e-01
3.911426500000000000e+09,2.457621751491287231e+10,9.840275287104738311e-01,9.840275287104738311e-01,9.999997028501295127e-01
3.951343780000000000e+09,2.482702518211144638e+10,9.819166643711760845e-01,9.819166643711760845e-01,9.999996998176224894e-01
3.991668427000000000e+09,2.508039241165904999e+10,-9.819319595847565418e-01,9.819319595847565418e-01,9.999996967540768500e-01
4.032404599000000000e+09,2.533634532904019165e+10,-9.835445951746528692e-01,9.835445951746528692e-01,9.999996936593608110e-01
4.073556497000000000e+09,2.559491032991634369e+10,-9.804874918273651652e-01,9.804874918273651652e-01,9.999996905330711394e-01
4.115128361000000000e+09,2.585611405499321365e+10,-9.823531163470422545e-01,9.823531163470422545e-01,9.999996873748568937e-01
4.157124479000000000e+09,2.611998344656939316e+10,-9.809482767129176217e-01,9.809482767129176217e-01,9.999996841844454032e-01
4.199549180000000000e+09,2.638654570455408096e+10,9.801828295126663315e-01,9.801828295126663315e-01,9.999996809615666615e-01
4.242406838000000000e+09,2.665582831159980774e+10,9.811590352402403958e-01,9.811590352402403958e-01,9.999996777056824326e-01
4.285701871000000000e+09,2.692785902681926346e+10,-9.801015805730211028e-01,9.801015805730211028e-01,9.999996744164563189e-01
4.329438743000000000e+09,2.720266589835165787e+10,-9.785208737321267058e-01,9.785208737321267058e-01,9.999996710937778532e-01
4.373621963000000000e+09,2.748027725707954025e+10,-9.804260137211229242e-01,9.804260137211229242e-01,9.999996677371910669e-01
4.418256085000000000e+09,2.776072171662879944e+10,-9.801559808071783619e-01,9.801559808071783619e-01,9.999996643463561208e-01
4.463345713000000000e+09,2.804402820478459549e+10,-9.778829520854803725e-01,9.778829520854803725e-01,9.999996609208988696e-01
4.508895493000000000e+09,2.833022591322585678e+10,-9.783247810981237080e-01,9.783247810981237080e-01,9.999996574605103383e-01
4.554910123000000000e+09,2.861934436035716248e+10,-9.769300088617495215e-01,9.769300088617495215e-01,9.999996539647951765e-01
4.601394345000000000e+09,2.891141334104323578e+10,-9.769666855402237005e-01,9.769666855402237005e-01,9.999996504333983349e-01
4.648352953000000000e+09,2.920646297687444305e+10,-9.777243710883599670e-01,9.777243710883599670e-01,9.999996468659819726e-01
4.695790788000000000e+09,2.950452368475085068e+10,9.757066927391252475e-01,9.757066927391252475e-01,9.999996432622513254e-01
4.743712740000000000e+09,2.980562618944861603e+10,9.776323370895477760e-01,9.776323370895477760e-01,9.999996396216220829e-01
4.792123750000000000e+09,3.010980153618634033e+10,9.757175347392931242e-01,9.757175347392931242e-01,9.999996359438648730e-01
4.841028809000000000e+09,3.041708108434189224e+10,-9.750043230011885553e-01,9.750043230011885553e-01,9.999996322284608885e-01
4.890432959000000000e+09,3.072749651373558807e+10,-9.751740380725586466e-01,9.751740380725586466e-01,9.999996284752329379e-01
4.940341292000000000e+09,3.104107981834701538e+10,9.728748433042087029e-01,9.728748433042087029e-01,9.999996246838168679e-01
4.990758956000000000e+09,3.135786334401412964e+10,9.745281826291215532e-01,9.745281826291215532e-01,9.999996208535982811e-01
5.041691146000000000e+09,3.167787973188460922e+10,9.739215595103014600e-01,9.739215595103014600e-01,9.999996169842862992e-01
5.093143115000000000e+09,3.200116198753086853e+10,-9.744630617671004025e-01,9.744630617671004025e-01,9.999996130754258417e-01
5.145120167000000000e+09,3.232774343696777725e+10,-9.731454785729831691e-01,9.731454785729831691e-01,9.999996091267222553e-01
5.197627660000000000e+09,3.265765774550221252e+10,9.708223683694131578e-01,9.708223683694131578e-01,9.999996051378633455e-01
5.250671008000000000e+09,3.299093893029942703e+10,9.739292964663566199e-01,9.739292964663566199e-01,9.999996011081678793e-01
5.304255679000000000e+09,3.332762134781668091e+10,-9.707198109979717771e-01,9.707198109979717771e-01,9.999995970372710374e-01
5.358387197000000000e+09,3.366773970636960602e+10,-9.709575004521217023e-01,9.709575004521217023e-01,9.999995929249120286e-01
5.413071144000000000e+09,3.401132907869859314e+10,9.702996891809759772e-01,9.702996891809759772e-01,9.999995887706869535e-01
5.468313157000000000e+09,3.435842488311921692e+10,-9.696088431223919279e-01,9.696088431223919279e-01,9.999995845738643974e-01
5.524118932000000000e+09,3.470906290865499115e+10,9.699432055328875979e-01,9.699432055328875979e-01,9.999995803344229328e-01
5.580494221000000000e+09,3.506327929618778992e+10,-9.682754579783200422e-01,9.682754579783200422e-01,9.999995760515132392e-01
5.637444836000000000e+09,3.542111056359062958e+10,9.683627678984084719e-01,9.683627678984084719e-01,9.999995717251080052e-01
5.694976650000000000e+09,3.578259361201081848e+10,9.667087485097737298e-01,9.667087485097737298e-01,9.999995673544289643e-01
5.753095593000000000e+09,3.614776570073722839e+10,-9.678987067726556592e-01,9.678987067726556592e-01,9.999995629390294738e-01
5.811807658000000000e+09,3.651666448489939880e+10,9.666346848392690649e-01,9.666346848392690649e-01,9.999995584787957359e-01
5.871118896000000000e+09,3.688932798405163574e+10,9.659204464602355600e-01,9.659204464602355600e-01,9.999995539729600313e-01
5.931035424000000000e+09,3.726579463243844604e+10,9.640350634436943844e-01,9.640350634436943844e-01,9.999995494211145752e-01
5.991563418000000000e+09,3.764610323501229858e+10,9.653525435056592441e-01,9.653525435056592441e-01,9.999995448228171657e-01
6.052709118000000000e+09,3.803029299884951019e+10,9.637556938268749818e-01,9.637556938268749818e-01,9.999995401776223813e-01
6.114478828000000000e+09,3.841840353315025330e+10,9.641913444301526415e-01,9.641913444301526415e-01,9.999995354849713358e-01
6.176878917000000000e+09,3.881047485552175140e+10,-9.618805715505968079e-01,9.618805715505968079e-01,9.999995307443771964e-01
6.239915817000000000e+09,3.920654737941190338e+10,-9.624979940125121258e-01,9.624979940125121258e-01,9.999995259554710358e-01
6.303596027000000000e+09,3.960666193924201202e+10,-9.604672278869552660e-01,9.604672278869552660e-01,9.999995211177142851e-01
6.367926114000000000e+09,4.001085979669000244e+10,9.607316697239834946e-01,9.607316697239834946e-01,9.999995162306841712e-01
6.432912708000000000e+09,4.041918260927444458e+10,9.597320012218594210e-01,9.597320012218594210e-01,9.999995112936737041e-01
6.498562510000000000e+09,4.083167248062009430e+10,9.596483577914272090e-01,9.596483577914272090e-01,9.999995063062563361e-01
6.564882287000000000e+09,4.124837192904191589e+10,-9.592956167492101560e-01,9.592956167492101560e-01,9.999995012678718487e-01
6.631878878000000000e+09,4.166932392524423981e+10,9.573559191534777302e-01,9.573559191534777302e-01,9.999994961782677771e-01
6.699559190000000000e+09,4.209457186718797302e+10,9.574146318701117764e-01,9.574146318701117764e-01,9.999994910366216683e-01
6.767930199000000000e+09,4.252415958637380981e+10,-9.545863960634062284e-01,9.545863960634062284e-01,9.999994858424103850e-01
6.836998954000000000e+09,4.295813137297499847e+10,9.558864521016389171e-01,9.558864521016389171e-01,9.999994805953934529e-01
6.906772577000000000e+09,4.339653197583728790e+10,-9.528732855027369775e-01,9.528732855027369775e-01,9.999994752945869925e-01
6.977258261000000000e+09,4.383940658991259003e+10,-9.532262133980378138e-01,9.532262133980378138e-01,9.999994699398040421e-01
7.048463272000000000e+09,4.428680086882534790e+10,9.527062225746778523e-01,9.527062225746778523e-01,9.999994645305083640e-01
7.120394952000000000e+09,4.473876094372209167e+10,9.504890994403205617e-01,9.504890994403205617e-01,9.999994590658719540e-01
7.193060716000000000e+09,4.519533340442187500e+10,9.515893014544225537e-01,9.515893014544225537e-01,9.999994535454705957e-01
7.266468056000000000e+09,4.565656532454901123e+10,9.490885716216888035e-01,9.490885716216888035e-01,9.999994479687347448e-01
7.340624540000000000e+09,4.612250425524990845e+10,9.481392958242600422e-01,9.481392958242600422e-01,9.999994423351116213e-01
7.415537813000000000e+09,4.659319823147624207e+10,-9.487169429881703309e-01,9.487169429881703309e-01,9.999994366438809124e-01
7.491215599000000000e+09,4.706869578455132294e+10,-9.460354152825463103e-01,9.460354152825463103e-01,9.999994308946471566e-01
7.567665698000000000e+09,4.754904592332054901e+10,9.458245186074649702e-01,9.458245186074649702e-01,9.999994250868819989e-01
7.644895995000000000e+09,4.803429819070006561e+10,-9.437413636184928123e-01,9.437413636184928123e-01,9.999994192196083320e-01
7.722914449000000000e+09,4.852450259456172943e+10,-9.427663210893029166e-01,9.427663210893029166e-01,9.999994132925790202e-01
7.801729105000000000e+09,4.901970968313134003e+10,-9.440641676784917724e-01,9.440641676784917724e-01,9.999994073050678667e-01
7.881348088000000000e+09,4.951997050728952789e+10,9.408208317183170966e-01,9.408208317183170966e-01,9.999994012565426305e-01
7.961779607000000000e+09,5.002533664570446014e+10,-9.409743430766678296e-01,9.409743430766678296e-01,9.999993951460861563e-01
8.043031954000000000e+09,5.053586019854872131e+10,9.403246538235983110e-01,9.403246538235983110e-01,9.999993889734584140e-01
8.125113505000000000e+09,5.105159379378243256e+10,-9.369744149878167505e-01,9.369744149878167505e-01,9.999993827376619793e-01
8.208032723000000000e+09,5.157259060600285339e+10,-9.360512815753241345e-01,9.360512815753241345e-01,9.999993764383229289e-01
8.291798156000000000e+09,5.209890434387798309e+10,9.379159379932917595e-01,9.379159379932917595e-01,9.999993700747613623e-01
8.376418441000000000e+09,5.263058927527933502e+10,-9.347516963436461879e-01,9.347516963436461879e-01,9.999993636461009805e-01
8.461902301000000000e+09,5.316770020843233490e+10,-9.318672010129436245e-01,9.318672010129436245e-01,9.999993571519338875e-01
8.548258550000000000e+09,5.371029252333227539e+10,9.331851066945399120e-01,9.331851066945399120e-01,9.999993505915758529e-01
8.635496090000000000e+09,5.425842215289476776e+10,9.305663380326230083e-01,9.305663380326230083e-01,9.999993439641821080e-01
8.723623915000000000e+09,5.481214560808846283e+10,-9.284901600429456003e-01,9.284901600429456003e-01,9.999993372690463289e-01
8.812651111000000000e+09,5.537151997793505859e+10,-9.272462042820637240e-01,9.272462042820637240e-01,9.999993305056641413e-01
8.902586857000000000e+09,5.593660293579249573e+10,-9.274496459902947798e-01,9.274496459902947798e-01,9.999993236732631630e-01
8.993440423000000000e+09,5.650745272678856659e+10,-9.243689489579236529e-01,9.243689489579236529e-01,9.999993167711790365e-01
9.085221177000000000e+09,5.708412821180323029e+10,-9.221250475639406474e-01,9.221250475639406474e-01,9.999993097986209500e-01
9.177938582000000000e+09,5.766668884861904907e+10,9.226934942410249807e-01,9.226934942410249807e-01,9.999993027550173608e-01
9.271602195000000000e+09,5.825519468563800049e+10,-9.227508532189500068e-01,9.227508532189500068e-01,9.999992956393242149e-01
9.366221674000000000e+09,5.884970640586378479e+10,9.197335776956212516e-01,9.197335776956212516e-01,9.999992884512202140e-01
9.461806773000000000e+09,5.945028529548589325e+10,-9.174676055062479518e-01,9.174676055062479518e-01,9.999992811895723754e-01
9.558367346000000000e+09,6.005699326901233673e+10,9.157481698396513492e-01,9.157481698396513492e-01,9.999992738539782433e-01
9.655913349000000000e+09,6.066989288183602905e+10,-9.158460426325609749e-01,9.158460426325609749e-01,9.999992664433652312e-01
9.754454838000000000e+09,6.128904731766843414e+10,9.141644712635557113e-01,9.141644712635557113e-01,9.999992589572801460e-01
9.854001973000000000e+09,6.191452041367225647e+10,-9.105432104094886014e-01,9.105432104094886014e-01,9.999992513946259765e-01
9.954565015000000000e+09,6.254637664161193848e+10,-9.077455655291697401e-01,9.077455655291697401e-01,9.999992437548781421e-01
1.005615433400000000e+10,6.318468115811911774e+10,9.073972098157947475e-01,9.073972098157947475e-01,9.999992360372892408e-01
1.015878040300000000e+10,6.382949976699351501e+10,-9.046834193777547606e-01,9.046834193777547606e-01,9.999992282407230704e-01
1.026245380100000000e+10,6.448089893805249786e+10,-9.053608087284477079e-01,9.053608087284477079e-01,9.999992203647141142e-01
1.036718521700000000e+10,6.513894583226380920e+10,-9.018806329773966235e-01,9.018806329773966235e-01,9.999992124082842659e-01
1.047298544800000000e+10,6.580370828917921448e+10,9.014171265842394476e-01,9.014171265842394476e-01,9.999992043707637279e-01
1.057986540300000000e+10,6.647525485206723022e+10,-8.978428376497531449e-01,8.978428376497531449e-01,9.999991962510403898e-01
1.068783610000000000e+10,6.715365474906356812e+10,8.948898952446863175e-01,8.948898952446863175e-01,9.999991880486537310e-01
1.079690867000000000e+10,6.783897791830388641e+10,8.928682627313329068e-01,8.928682627313329068e-01,9.999991797624639966e-01
1.090709435800000000e+10,6.853129501420696259e+10,8.916192790097418053e-01,8.916192790097418053e-01,9.999991713916779323e-01
1.101840452400000000e+10,6.923067741375788879e+10,8.900468448822451695e-01,8.900468448822451695e-01,9.999991629354866296e-01
1.113085064400000000e+10,6.993719722279122925e+10,8.877540439672101380e-01,8.877540439672101380e-01,9.999991543930268900e-01
1.124444431000000000e+10,7.065092727599110413e+10,8.863191737404423343e-01,8.863191737404423343e-01,9.999991457633293779e-01
1.135919723400000000e+10,7.137194116202380371e+10,8.839445035950129759e-01,8.839445035950129759e-01,9.999991370456022821e-01
1.147512124500000000e+10,7.210031320468832397e+10,-8.819177862499487652e-01,8.819177862499487652e-01,9.999991282388152047e-01
1.159222829600000000e+10,7.283611850689865112e+10,8.805382974159089438e-01,8.805382974159089438e-01,9.999991193423385383e-01
1.171053045900000000e+10,7.357943291926782227e+10,-8.773400379121043535e-01,8.773400379121043535e-01,9.999991103548681037e-01
1.183003993200000000e+10,7.433033308409019470e+10,8.746347911345160320e-01,8.746347911345160320e-01,9.999991012758671083e-01
1.195076903400000000e+10,7.508889640392558289e+10,8.725415886769989360e-01,8.725415886769989360e-01,9.999990921041200798e-01
1.207273021300000000e+10,7.585520109186466980e+10,-8.707701417092237328e-01,8.707701417092237328e-01,9.999990828386996489e-01
1.219593604300000000e+10,7.662932615267953491e+10,-8.671002157642974106e-01,8.671002157642974106e-01,9.999990734787798097e-01
1.232039922400000000e+10,7.741135138282357788e+10,8.639608197844345083e-01,8.639608197844345083e-01,9.999990640234627248e-01
1.244613259000000000e+10,7.820135742069700623e+10,8.620975053776840369e-01,8.620975053776840369e-01,9.999990544715390284e-01
1.257314910300000000e+10,7.899942570894779968e+10,-8.599398007704968094e-01,8.599398007704968094e-01,9.999990448220517081e-01
1.270146185700000000e+10,7.980563851960433960e+10,-8.563221233288426104e-01,8.563221233288426104e-01,9.999990350741871925e-01
1.283108408100000000e+10,8.062007897292507935e+10,-8.531966749255706084e-01,8.531966749255706084e-01,9.999990252268419200e-01
1.296202913900000000e+10,8.144283103739846802e+10,-8.493503372484362268e-01,8.493503372484362268e-01,9.999990152789925979e-01
1.309431053000000000e+10,8.227397952974293518e+10,8.463886076365881861e-01,8.463886076365881861e-01,9.999990052297201837e-01
1.322794189300000000e+10,8.311361014632292175e+10,-8.438948371600121234e-01,8.438948371600121234e-01,9.999989950777068426e-01
1.336293700400000000e+10,8.396180944429919434e+10,8.391764365877245613e-01,8.391764365877245613e-01,9.999989848222692324e-01
1.349930978000000000e+10,8.481866486676168823e+10,8.388341893173288932e-01,8.388341893173288932e-01,9.999989744620748633e-01
1.363707428100000000e+10,8.568426475529582214e+10,-8.339447523968117615e-01,8.339447523968117615e-01,9.999989639960685794e-01
1.377624471100000000e+10,8.655869835626568604e+10,-8.316235083950527240e-01,8.316235083950527240e-01,9.999989534233569843e-01
1.391683541600000000e+10,8.744205580824771118e+10,8.299812658780529873e-01,8.299812658780529873e-01,9.999989427428173094e-01
1.405886089200000000e+10,8.833442819229609680e+10,8.253600947896937434e-01,8.253600947896937434e-01,9.999989319532265331e-01
1.420233578000000000e+10,8.923590750052693176e+10,8.213863708587538781e-01,8.213863708587538781e-01,9.999989210534723227e-01
1.434727487200000000e+10,9.014658667381727600e+10,8.179948722536801720e-01,8.179948722536801720e-01,9.999989100425269450e-01
1.449369311100000000e+10,9.106655960180519104e+10,-8.162314481643569986e-01,8.162314481643569986e-01,9.999988989191128663e-01
1.464160559300000000e+10,9.199592113545605469e+10,-8.111673487900779023e-01,8.111673487900779023e-01,9.999988876822462069e-01
1.479102756500000000e+10,9.293476707449624634e+10,-8.066897895050111345e-01,8.066897895050111345e-01,9.999988763307282591e-01
1.494197443300000000e+10,9.388319421767863464e+10,-8.034432439247803925e-01,8.034432439247803925e-01,9.999988648633685306e-01
1.509446176000000000e+10,9.484130035021611023e+10,7.988152780785361395e-01,7.988152780785361395e-01,9.999988532790461404e-01
1.524850526500000000e+10,9.580918423749856567e+10,-7.965189804692193176e-01,7.965189804692193176e-01,9.999988415763226834e-01
1.540412083000000000e+10,9.678694566907501221e+10,7.922128839681303880e-01,7.922128839681303880e-01,9.999988297543762616e-01
1.556132449900000000e+10,9.777468545237052917e+10,-7.866515547396225605e-01,7.866515547396225605e-01,9.999988178115651882e-01
1.572013247900000000e+10,9.877250541896940613e+10,-7.843149197527233829e-01,7.843149197527233829e-01,9.999988057470184932e-01
1.588056114100000000e+10,9.978050843089828491e+10,-7.791383985095008402e-01,7.791383985095008402e-01,9.999987935592999921e-01
1.604262702600000000e+10,1.007987984183253479e+11,7.747026119524524912e-01,7.747026119524524912e-01,9.999987812473000170e-01
1.620634684200000000e+10,1.018274803607106934e+11,7.726859563883397009e-01,7.726859563883397009e-01,9.999987688095828275e-01
1.637173746800000000e+10,1.028666603119391174e+11,7.654955004620060954e-01,7.654955004620060954e-01,9.999987562449346168e-01
1.653881595500000000e+10,1.039164454066033173e+11,-7.607079495306280359e-01,7.607079495306280359e-01,9.999987435519538392e-01
1.670759952700000000e+10,1.049769438662870026e+11,-7.579525999643902390e-01,7.579525999643902390e-01,9.999987307295574723e-01
1.687810558700000000e+10,1.060482650372640839e+11,-7.528423152429726262e-01,7.528423152429726262e-01,9.999987177762983404e-01
1.705035171200000000e+10,1.071305193590827026e+11,7.482779330051062550e-01,7.482779330051062550e-01,9.999987046909071253e-01
1.722435566000000000e+10,1.082238184085475464e+11,7.424766071232214992e-01,7.424766071232214992e-01,9.999986914718871356e-01
1.740013537100000000e+10,1.093282749060030212e+11,-7.364133965142217741e-01,7.364133965142217741e-01,9.999986781178896722e-01
1.757770896600000000e+10,1.104440027090500793e+11,7.331697651785645808e-01,7.331697651785645808e-01,9.999986646278090641e-01
1.775709475300000000e+10,1.115711168502453308e+11,-7.278955627234330317e-01,7.278955627234330317e-01,9.999986509998765039e-01
1.793831122600000000e+10,1.127097335308178253e+11,7.229982682089648449e-01,7.229982682089648449e-01,9.999986372330039730e-01
1.812137706700000000e+10,1.138599701332355042e+11,-7.156864543342614793e-01,7.156864543342614793e-01,9.999986233255024892e-01
1.830631115000000000e+10,1.150219452463378296e+11,7.127616231492600596e-01,7.127616231492600596e-01,9.999986092762045420e-01
1.849313254100000000e+10,1.161957786653358917e+11,-7.057773845578338978e-01,7.057773845578338978e-01,9.999985950833912840e-01
1.868186050000000000e+10,1.173815914043786774e+11,7.006838428756192449e-01,7.006838428756192449e-01,9.999985807458848797e-01
1.887251448400000000e+10,1.185795057154027252e+11,6.944395371621067126e-01,6.944395371621067126e-01,9.999985662619745863e-01
1.906511415000000000e+10,1.197896451069816284e+11,6.881750185049607671e-01,6.881750185049607671e-01,9.999985516302630773e-01
1.925967935300000000e+10,1.210121343317596436e+11,-6.830696273305221222e-01,6.830696273305221222e-01,9.999985368491540738e-01
1.945623015200000000e+10,1.222470994241508484e+11,6.764382600676323021e-01,6.764382600676323021e-01,9.999985219173636031e-01
1.965478681000000000e+10,1.234946677003391266e+11,6.705072241974372460e-01,6.705072241974372460e-01,9.999985068331076477e-01
1.985536979900000000e+10,1.247549677896940918e+11,-6.658300937200771763e-01,6.658300937200771763e-01,9.999984915948472164e-01
2.005799979800000000e+10,1.260281296222047119e+11,6.558761727578584777e-01,6.558761727578584777e-01,9.999984762012098516e-01
2.026269769600000000e+10,1.273142844473288574e+11,6.511225068550299255e-01,6.511225068550299255e-01,9.999984606503895535e-01
2.046948459800000000e+10,1.286135648716924438e+11,6.450683612862682104e-01,6.450683612862682104e-01,9.999984449408841902e-01
2.067838182100000000e+10,1.299261048339566498e+11,-6.366748855937707230e-01,6.366748855937707230e-01,9.999984290709910129e-01
2.088941090400000000e+10,1.312520396676498413e+11,6.306260326828723173e-01,6.306260326828723173e-01,9.999984130392711723e-01
2.110259360200000000e+10,1.325915060634683380e+11,6.262836054614397963e-01,6.262836054614397963e-01,9.999983968438580506e-01
2.131795189300000000e+10,1.339446421132588501e+11,-6.174975163347921070e-01,6.174975163347921070e-01,9.999983804831461542e-01
2.153550798000000000e+10,1.353115873225847321e+11,6.097290690943686364e-01,6.097290690943686364e-01,9.999983639555585224e-01
2.175528429200000000e+10,1.366924826170092468e+11,6.013794138742165618e-01,6.013794138742165618e-01,9.999983472592740563e-01
2.197730348700000000e+10,1.380874703609450989e+11,-5.947632011791295081e-01,5.947632011791295081e-01,9.999983303925151779e-01
2.220158845500000000e+10,1.394966943765039368e+11,-5.877866579930102198e-01,5.877866579930102198e-01,9.999983133536900493e-01
2.242816231700000000e+10,1.409202999372132568e+11,-5.794909477624563543e-01,5.794909477624563543e-01,9.999982961409664695e-01
2.265704843400000000e+10,1.423584338245650635e+11,5.722319668552188210e-01,5.722319668552188210e-01,9.999982787526716654e-01
2.288827040300000000e+10,1.438112443028829956e+11,-5.626372619530168873e-01,5.626372619530168873e-01,9.999982611867943572e-01
2.312185206100000000e+10,1.452788811444552307e+11,-5.557511565907331530e-01,5.557511565907331530e-01,9.999982434417284960e-01
2.335781748900000000e+10,1.467614956546671753e+11,-5.455776590449421537e-01,5.455776590449421537e-01,9.999982255155224209e-01
2.359619101600000000e+10,1.482592406971341553e+11,5.369504510063578540e-01,5.369504510063578540e-01,9.999982074064693860e-01
2.383699721600000000e+10,1.497722706748518982e+11,5.287525045965461024e-01,5.287525045965461024e-01,9.999981891125357958e-01
2.408026091500000000e+10,1.513007415741788635e+11,-5.204290092737052786e-01,5.204290092737052786e-01,9.999981706318402663e-01
2.432600719300000000e+10,1.528448109774025269e+11,-5.118082875936990073e-01,5.118082875936990073e-01,9.999981519626135462e-01
2.457426138600000000e+10,1.544046380753058472e+11,5.020813461323925253e-01,5.020813461323925253e-01,9.999981331029252907e-01
2.482504908700000000e+10,1.559803836734504089e+11,-4.930899934022114905e-01,4.930899934022114905e-01,9.999981140506617461e-01
2.507839615200000000e+10,1.575722102298754883e+11,4.845300350019811630e-01,4.845300350019811630e-01,9.999980948040516626e-01
2.533432869900000000e+10,1.591802818488149109e+11,-4.759213897197832610e-01,4.759213897197832610e-01,9.999980753609362116e-01
2.559287311500000000e+10,1.608047643246794434e+11,-4.671340762424800452e-01,4.671340762424800452e-01,9.999980557194625419e-01
2.585405605400000000e+10,1.624458251294902344e+11,4.566573320795114244e-01,4.566573320795114244e-01,9.999980358775645284e-01
2.611790444300000000e+10,1.641036334505780334e+11,-4.476292755975859183e-01,4.476292755975859183e-01,9.999980158330961100e-01
2.638444548400000000e+10,1.657783602031495972e+11,4.357462009115700141e-01,4.357462009115700141e-01,9.999979955841308277e-01
2.665370665600000000e+10,1.674701780428539429e+11,4.237988535489620734e-01,4.237988535489620734e-01,9.999979751285178464e-01
2.692571571900000000e+10,1.691792613909152222e+11,-4.146755694909495249e-01,4.146755694909495249e-01,9.999979544640755780e-01
2.720050071700000000e+10,1.709057864529822083e+11,-4.053807442253582471e-01,4.053807442253582471e-01,9.999979335887992926e-01
2.747808997700000000e+10,1.726499312128450623e+11,-3.951027434777167335e-01,3.951027434777167335e-01,9.999979125005072911e-01
2.775851211900000000e+10,1.744118754952672729e+11,-3.813683874836412691e-01,3.813683874836412691e-01,9.999978911969635842e-01
2.804179605300000000e+10,1.761918009471361084e+11,-3.727507883342391914e-01,3.727507883342391914e-01,9.999978696760200014e-01
2.832797098400000000e+10,1.779898910688784485e+11,3.618355722530530727e-01,3.618355722530530727e-01,9.999978479355077221e-01
2.861706641700000000e+10,1.798063312458767700e+11,-3.491104085101851551e-01,3.491104085101851551e-01,9.999978259730357699e-01
2.890911215400000000e+10,1.816413087296195984e+11,3.384328219564128326e-01,3.384328219564128326e-01,9.999978037865253633e-01
2.920413830700000000e+10,1.834950127193829041e+11,-3.257769256863372043e-01,3.257769256863372043e-01,9.999977813735224652e-01
2.950217528900000000e+10,1.853676343056814575e+11,-3.148317033254823816e-01,3.148317033254823816e-01,9.999977587317894212e-01
2.980325382800000000e+10,1.872593665582333679e+11,3.022028638056309946e-01,3.022028638056309946e-01,9.999977358590455001e-01
3.010740496400000000e+10,1.891704045071105347e+11,2.909613187965049419e-01,2.909613187965049419e-01,9.999977127528574261e-01
3.041466005300000000e+10,1.911009451678714905e+11,-2.766187030275840675e-01,2.766187030275840675e-01,9.999976894108139058e-01
3.072505077300000000e+10,1.930511875792603760e+11,-2.666795968185105559e-01,2.666795968185105559e-01,9.999976658306234389e-01
3.103860912200000000e+10,1.950213327906406860e+11,2.507521994834675527e-01,2.507521994834675527e-01,9.999976420097744789e-01
3.135536742900000000e+10,1.970115839311101685e+11,-2.405305934802799139e-01,2.405305934802799139e-01,9.999976179457819025e-01
3.167535834900000000e+10,1.990221461780850220e+11,-2.266649611200496628e-01,2.266649611200496628e-01,9.999975936362706097e-01
3.199861487300000000e+10,2.010532268201317749e+11,-2.120815342545760707e-01,2.120815342545760707e-01,9.999975690786390148e-01
3.232517032600000000e+10,2.031050352444007568e+11,2.006360592288399802e-01,2.006360592288399802e-01,9.999975442704037709e-01
3.265505837500000000e+10,2.051777829868916931e+11,-1.855238290587235273e-01,1.855238290587235273e-01,9.999975192089941567e-01
3.298831303100000000e+10,2.072716837450200806e+11,-1.716159734375087842e-01,1.716159734375087842e-01,9.999974938918166911e-01
3.332496865000000000e+10,2.093869533839003296e+11,1.582788378112189309e-01,1.582788378112189309e-01,9.999974683163138645e-01
3.366505994100000000e+10,2.115238099866112671e+11,-1.445159857631365674e-01,1.445159857631365674e-01,9.999974424797480888e-01
3.400862196500000000e+10,2.136824738479129333e+11,-1.300862317619107256e-01,1.300862317619107256e-01,9.999974163795294357e-01
3.435569014300000000e+10,2.158631675245121460e+11,-1.136595907276457540e-01,1.136595907276457540e-01,9.999973900129706106e-01
3.470630025600000000e+10,2.180661158350623169e+11,9.872802848179637603e-02,9.872802848179637603e-02,9.999973633773265869e-01
3.506048844900000000e+10,2.202915458852963867e+11,-8.280144416042332922e-02,8.280144416042332922e-02,9.999973364698275802e-01
3.541829124000000000e+10,2.225396871245754395e+11,6.967191698727544236e-02,6.967191698727544236e-02,9.999973092878001735e-01
3.577974551500000000e+10,2.248107713144726868e+11,-5.411562805782393903e-02,5.411562805782393903e-02,9.999972818283129339e-01
3.614488853900000000e+10,2.271050325978886108e+11,-3.910577591403313624e-02,3.910577591403313624e-02,9.999972540886059580e-01
3.651375795800000000e+10,2.294227075116172791e+11,2.318386794372914728e-02,2.318386794372914728e-02,9.999972260658176459e-01
3.688639179900000000e+10,2.317640349863463745e+11,-6.485933074752029369e-03,6.485933074752029369e-03,9.999971977570569770e-01
3.726282848000000000e+10,2.341292564094890442e+11,-8.057836288283057660e-03,-8.057836288283057660e-03,9.999971691593593226e-01
3.764310681000000000e+10,2.365186156251838379e+11,-2.490703421145732191e-02,-2.490703421145732191e-02,9.999971402698755174e-01
3.802726599500000000e+10,2.389323589719938965e+11,3.983897691417931375e-02,-3.983897691417931375e-02,9.999971110855004897e-01
3.841534563900000000e+10,2.413707352891901855e+11,5.537185483864253549e-02,-5.537185483864253549e-02,9.999970816033240117e-01
3.880738575300000000e+10,2.438339959733000183e+11,7.324275050975415091e-02,-7.324275050975415091e-02,9.999970518202947467e-01
3.920342675300000000e+10,2.463223949655407104e+11,9.003338041421708737e-02,-9.003338041421708737e-02,9.999970217333060685e-01
3.960350947000000000e+10,2.488361888146516113e+11,-1.060670419950516391e-01,-1.060670419950516391e-01,9.999969913392535714e-01
4.000767515100000000e+10,2.513756366831770325e+11,1.233602903017125690e-01,-1.233602903017125690e-01,9.999969606350369578e-01
4.041596546400000000e+10,2.539410003788823853e+11,-1.399416265332059095e-01,-1.399416265332059095e-01,9.999969296174594513e-01
4.082842250200000000e+10,2.565325443798868103e+11,-1.587074437542730365e-01,-1.587074437542730365e-01,9.999968982833754572e-01
4.124508878800000000e+10,2.591505358660791016e+11,-1.744864506601421228e-01,-1.744864506601421228e-01,9.999968666294937192e-01
4.166600727800000000e+10,2.617952447379673157e+11,-1.922441305065905326e-01,-1.922441305065905326e-01,9.999968346525679452e-01
4.209122136800000000e+10,2.644669436606610413e+11,-2.094277991324654531e-01,-2.094277991324654531e-01,9.999968023493189806e-01
4.252077489400000000e+10,2.671659080638714294e+11,-2.291951980892774632e-01,-2.291951980892774632e-01,9.999967697164300340e-01
4.295471214300000000e+10,2.698924162110261536e+11,2.458016565691373556e-01,-2.458016565691373556e-01,9.999967367505089300e-01
4.339307785200000000e+10,2.726467491929863281e+11,-2.627791071342837070e-01,-2.627791071342837070e-01,9.999967034481310746e-01
4.383591721400000000e+10,2.754291909657454834e+11,-2.830416546779995768e-01,-2.830416546779995768e-01,9.999966698059290504e-01
4.428327588500000000e+10,2.782400283944121094e+11,2.995319717901940293e-01,-2.995319717901940293e-01,9.999966358203838945e-01
4.473519998400000000e+10,2.810795512532092896e+11,-3.185533198339567384e-01,-3.185533198339567384e-01,9.999966014880021792e-01
4.519173610500000000e+10,2.839480523008732300e+11,3.361496083506879673e-01,-3.361496083506879673e-01,9.999965668052804846e-01
4.565293131400000000e+10,2.868458272618036499e+11,-3.531841086130995677e-01,-3.531841086130995677e-01,9.999965317685397537e-01
4.611883315800000000e+10,2.897731748826123047e+11,-3.712584843171298221e-01,-3.712584843171298221e-01,9.999964963743068758e-01
4.658948966900000000e+10,2.927303969572559204e+11,3.901973210466381237e-01,-3.901973210466381237e-01,9.999964606188754823e-01
4.706494937200000000e+10,2.957177983773015137e+11,-4.082706632436823857e-01,-4.082706632436823857e-01,9.999964244984859141e-01
4.754526128300000000e+10,2.987356871193600464e+11,4.268796818549132621e-01,-4.268796818549132621e-01,9.999963880095626978e-01
4.803047492100000000e+10,3.017843743204848022e+11,4.466254214331692451e-01,-4.466254214331692451e-01,9.999963511482271583e-01
4.852064031000000000e+10,3.048641742907375488e+11,-4.634031605573778467e-01,-4.634031605573778467e-01,9.999963139106408105e-01
4.901580798400000000e+10,3.079754045446046753e+11,-4.812425136654000513e-01,-4.812425136654000513e-01,9.999962762931038363e-01
4.951602899100000000e+10,3.111183858261296387e+11,5.002664473863628336e-01,-5.002664473863628336e-01,9.999962382917059189e-01
5.002135490500000000e+10,3.142934421843115234e+11,5.179965794162455506e-01,-5.179965794162455506e-01,9.999961999024690185e-01
5.053183782000000000e+10,3.175009009354057617e+11,-5.382009286443453222e-01,-5.382009286443453222e-01,9.999961611213777912e-01
5.104753036700000000e+10,3.207410927697381592e+11,5.565189041440573581e-01,-5.565189041440573581e-01,9.999961219446185101e-01
5.156848571100000000e+10,3.240143517328556519e+11,5.737855182266740073e-01,-5.737855182266740073e-01,9.999960823680419386e-01
5.209475756000000000e+10,3.273210152820746460e+11,-5.912794417486373355e-01,-5.912794417486373355e-01,9.999960423874650894e-01
5.262640017100000000e+10,3.306614243241804810e+11,6.116913376829846705e-01,-6.116913376829846705e-01,9.999960019990217219e-01
5.316346835400000000e+10,3.340359232405596924e+11,-6.265340843601134857e-01,-6.265340843601134857e-01,9.999959611982905949e-01
5.370601747900000000e+10,3.374448599311828613e+11,6.455949493765280600e-01,-6.455949493765280600e-01,9.999959199812835653e-01
5.425410348000000000e+10,3.408885858397368774e+11,-6.626737381270682015e-01,-6.626737381270682015e-01,9.999958783435399789e-01
5.480778286300000000e+10,3.443674560038907471e+11,6.808543368845721977e-01,-6.808543368845721977e-01,9.999958362809777679e-01
5.536711271000000000e+10,3.478818290804281006e+11,-6.964898139079390704e-01,-6.964898139079390704e-01,9.999957937890469051e-01
5.593215068600000000e+10,3.514320673892297974e+11,-7.150870996226180720e-01,-7.150870996226180720e-01,9.999957508635546333e-01
5.650295504400000000e+10,3.550185369446895142e+11,-7.314608627550205355e-01,-7.314608627550205355e-01,9.999957074999769047e-01
5.707958463100000000e+10,3.586416074934129028e+11,7.468992537851333324e-01,-7.468992537851333324e-01,9.999956636939070220e-01
5.766209889600000000e+10,3.623016525644834595e+11,-7.624626449501610281e-01,-7.624626449501610281e-01,9.999956194406750543e-01
5.825055789300000000e+10,3.659990494883114624e+11,7.798788162386022238e-01,-7.798788162386022238e-01,9.999955747359747793e-01
5.884502229100000000e+10,3.697341794594664307e+11,7.953375257952167710e-01,-7.953375257952167710e-01,9.999955295749738404e-01
5.944555337700000000e+10,3.735074275555262451e+11,8.098834926935518652e-01,-8.098834926935518652e-01,9.999954839531132178e-01
6.005221306100000000e+10,3.773191827684932251e+11,8.238999923534096048e-01,-8.238999923534096048e-01,9.999954378656578102e-01
6.066506389000000000e+10,3.811698380927588501e+11,-8.391153477129548177e-01,-8.391153477129548177e-01,9.999953913077556100e-01
6.128416904500000000e+10,3.850597905062540283e+11,8.526726773783391833e-01,-8.526726773783391833e-01,9.999953442749364152e-01
6.190959235400000000e+10,3.889894410521304321e+11,-8.664572547634570299e-01,-8.664572547634570299e-01,9.999952967619391009e-01
6.254139829500000000e+10,3.929591948576104126e+11,8.789056912282471323e-01,-8.789056912282471323e-01,9.999952487642461696e-01
6.317965200500000000e+10,3.969694611905352783e+11,8.906732938642728525e-01,-8.906732938642728525e-01,9.999952002766108183e-01
6.382441928600000000e+10,4.010206534970646362e+11,-9.027616583083664104e-01,-9.027616583083664104e-01,9.999951512940881138e-01
6.447576660900000000e+10,4.051131894268089600e+11,9.153954130761712271e-01,-9.153954130761712271e-01,9.999951018118492518e-01
6.513376112700000000e+10,4.092474909145112915e+11,9.239647091247555899e-01,-9.239647091247555899e-01,9.999950518245795950e-01
6.579847067700000000e+10,4.134239841926132202e+11,9.344969449618288904e-01,-9.344969449618288904e-01,9.999950013271370342e-01
6.646996378700000000e+10,4.176430998352375488e+11,9.423930412099784659e-01,-9.423930412099784659e-01,9.999949503143643614e-01
6.714830968500000000e+10,4.219052728147366943e+11,9.546759067195518256e-01,-9.546759067195518256e-01,9.999948987809988976e-01
6.783357830600000000e+10,4.262109425456751099e+11,-9.597235968584091337e-01,-9.597235968584091337e-01,9.999948467216291936e-01
6.852584029800000000e+10,4.305605529225283813e+11,-9.685423024296140326e-01,-9.685423024296140326e-01,9.999947941310591837e-01
6.922516703200000000e+10,4.349545523825150757e+11,-9.748936905688065924e-01,-9.748936905688065924e-01,9.999947410038221296e-01
6.993163060500000000e+10,4.393933939244462891e+11,9.802745539938012564e-01,-9.802745539938012564e-01,9.999946873345060272e-01
7.064530385000000000e+10,4.438775351715574341e+11,-9.851267017052114383e-01,-9.851267017052114383e-01,9.999946331172584468e-01
7.136626034500000000e+10,4.484074384280571289e+11,9.886547975648419806e-01,-9.886547975648419806e-01,9.999945783469504912e-01
7.209457441600000000e+10,4.529835706979765015e+11,-9.915722068103648423e-01,-9.915722068103648423e-01,9.999945230174502875e-01
7.283032115100000000e+10,4.576064037731338501e+11,9.936691097338906653e-01,-9.936691097338906653e-01,9.999944671235289073e-01
7.357357640200000000e+10,4.622764142457011108e+11,-9.963308761944962288e-01,-9.963308761944962288e-01,9.999944106589863102e-01
7.432441679500000000e+10,4.669940835710356445e+11,9.970433040496491373e-01,-9.970433040496491373e-01,9.999943536184593418e-01
7.508291974000000000e+10,4.717598981305121460e+11,-9.967057482326908691e-01,-9.967057482326908691e-01,9.999942959955556709e-01
7.584916343400000000e+10,4.765743492503719482e+11,-9.935242371578525411e-01,-9.935242371578525411e-01,9.999942377847069741e-01
7.662322687500000000e+10,4.814379332896879883e+11,9.901468630408717386e-01,-9.901468630408717386e-01,9.999941789799418057e-01
7.740518986500000000e+10,4.863511516592142334e+11,9.882196909573578436e-01,-9.882196909573578436e-01,9.999941195749288969e-01
7.819513302200000000e+10,4.913145108967836914e+11,-9.807623613638277726e-01,-9.807623613638277726e-01,9.999940595636046536e-01
7.899313778600000000e+10,4.963285227050078125e+11,-9.759447565568785121e-01,-9.759447565568785121e-01,9.999939989399231344e-01
7.979928642700000000e+10,5.013937040015418091e+11,9.682175340852566814e-01,-9.682175340852566814e-01,9.999939376976796357e-01
8.061366205600000000e+10,5.065105769881997070e+11,-9.587532037167106891e-01,-9.587532037167106891e-01,9.999938758302340247e-01
8.143634863300000000e+10,5.116796692012199707e+11,9.513032286003803017e-01,-9.513032286003803017e-01,9.999938133316139677e-01
8.226743097300000000e+10,5.169015135489644165e+11,9.395429459562649743e-01,-9.395429459562649743e-01,9.999937501951192687e-01
8.310699475800000000e+10,5.221766483873164673e+11,-9.256844941699053919e-01,-9.256844941699053919e-01,9.999936864141694137e-01
8.395512654200000000e+10,5.275056175510972900e+11,-9.111606851305940058e-01,-9.111606851305940058e-01,9.999936219824351324e-01
8.481191376500000000e+10,5.328889704420300903e+11,8.982865459813338394e-01,-8.982865459813338394e-01,9.999935568932614149e-01
8.567744475900000000e+10,5.383272620664394531e+11,8.812122383294156425e-01,-8.812122383294156425e-01,9.999934911397460047e-01
8.655180875600000000e+10,5.438210530855166626e+11,-8.630296311909643192e-01,-8.630296311909643192e-01,9.999934247150802369e-01
8.743509589900000000e+10,5.493709098844348755e+11,8.429430058709584950e-01,-8.429430058709584950e-01,9.999933576127274515e-01
8.832739725300000000e+10,5.549774046414641113e+11,8.205375494132076675e-01,-8.205375494132076675e-01,9.999932898255211589e-01
8.922880480900000000e+10,5.606411153531040039e+11,8.017883481456360428e-01,-8.017883481456360428e-01,9.999932213464900466e-01
9.013941149900000000e+10,5.663626259283314209e+11,7.751777489932072385e-01,-7.751777489932072385e-01,9.999931521686538094e-01
9.105931120300000000e+10,5.721425262325831299e+11,7.533308980372027674e-01,-7.533308980372027674e-01,9.999930822848317469e-01
9.198859876000000000e+10,5.779814121568703613e+11,-7.252133129817717183e-01,-7.252133129817717183e-01,9.999930116877470132e-01
9.292736997400000000e+10,5.838798856554782715e+11,-6.967350200872625132e-01,-6.967350200872625132e-01,9.999929403702843000e-01
9.387572163000000000e+10,5.898385548464968262e+11,-6.699952458917559639e-01,-6.699952458917559639e-01,9.999928683250515205e-01
9.483375149900000000e+10,5.958580340432368164e+11,6.392821391214624782e-01,-6.392821391214624782e-01,9.999927955446153982e-01
9.580155835000000000e+10,6.019389438296278076e+11,-6.066798418600298781e-01,-6.066798418600298781e-01,9.999927220213100654e-01
9.677924196000000000e+10,6.080819111230500488e+11,-5.733946734154641289e-01,-5.733946734154641289e-01,9.999926477477435460e-01
9.776690312400000000e+10,6.142875692371667480e+11,-5.394687855101465424e-01,-5.394687855101465424e-01,9.999925727162094491e-01
9.876464366600000000e+10,6.205565579510385742e+11,-5.027151314641854496e-01,-5.027151314641854496e-01,9.999924969189706303e-01
9.977256644900000000e+10,6.268895235719556885e+11,4.646120233490198537e-01,-4.646120233490198537e-01,9.999924203482470908e-01
1.007907753860000000e+11,6.332871190045531006e+11,-4.273281219737296022e-01,-4.273281219737296022e-01,9.999923429960277943e-01
1.018193754510000000e+11,6.397500038199250488e+11,3.874873025974709950e-01,-3.874873025974709950e-01,9.999922648544902204e-01
1.028584726870000000e+11,6.462788443058912354e+11,3.472246449192772921e-01,-3.472246449192772921e-01,9.999921859154268233e-01
1.039081742220000000e+11,6.528743135675269775e+11,-3.030667591800636496e-01,-3.030667591800636496e-01,9.999921061707923720e-01
1.049685882760000000e+11,6.595370915711466064e+11,-2.621158701667402058e-01,-2.621158701667402058e-01,9.999920256123462359e-01
1.060398241730000000e+11,6.662678652197003174e+11,2.166604188524355323e-01,-2.166604188524355323e-01,9.999919442318666585e-01
1.071219923530000000e+11,6.730673284281735840e+11,1.726560722954115501e-01,-1.726560722954115501e-01,9.999918620207964848e-01
1.082152043840000000e+11,6.799361821989847412e+11,-1.264745126777669371e-01,-1.264745126777669371e-01,9.999917789707610805e-01
1.093195729710000000e+11,6.868751346785338135e+11,8.060252846381782410e-02,-8.060252846381782410e-02,9.999916950732036236e-01
1.104352119710000000e+11,6.938849012514503174e+11,3.472889383455709383e-02,-3.472889383455709383e-02,9.999916103194639305e-01
1.115622364000000000e+11,7.009662045845755615e+11,1.372692607088192053e-02,1.372692607088192053e-02,9.999915247007679087e-01
1.127007624520000000e+11,7.081197747463431396e+11,6.336363687304939762e-02,6.336363687304939762e-02,9.999914382083462394e-01
1.138509075040000000e+11,7.153463492381949463e+11,1.096677480187504550e-01,1.096677480187504550e-01,9.999913508332384238e-01
1.150127901300000000e+11,7.226466730825452881e+11,1.587149695274731043e-01,1.587149695274731043e-01,9.999912625664679755e-01
1.161865301160000000e+11,7.300214989170296631e+11,2.062304954209252805e-01,2.062304954209252805e-01,9.999911733989061968e-01
1.173722484710000000e+11,7.374715870636188965e+11,-2.567512069583965384e-01,2.567512069583965384e-01,9.999910833213555561e-01
1.185700674370000000e+11,7.449977055914510498e+11,-3.050329396409680038e-01,3.050329396409680038e-01,9.999909923245701160e-01
1.197801105050000000e+11,7.526006304173631592e+11,-3.540331223299278962e-01,3.540331223299278962e-01,9.999909003991387380e-01
1.210025024240000000e+11,7.602811453624390869e+11,4.012194523635955190e-01,4.012194523635955190e-01,9.999908075356568338e-01
1.222373692190000000e+11,7.680400422651070557e+11,-4.475830104578044644e-01,4.475830104578044644e-01,9.999907137243844168e-01
1.234848382000000000e+11,7.758781210376884766e+11,4.930112374502152450e-01,4.930112374502152450e-01,9.999906189558374070e-01
1.247450379760000000e+11,7.837961897543626709e+11,5.393505897438333196e-01,5.393505897438333196e-01,9.999905232201476979e-01
1.260180984680000000e+11,7.917950647328479004e+11,5.848045463778510644e-01,5.848045463778510644e-01,9.999904265074257559e-01
1.273041509240000000e+11,7.998755706286492920e+11,6.273467968226961178e-01,6.273467968226961178e-01,9.999903288077675034e-01
1.286033279310000000e+11,8.080385405104572754e+11,-6.691488035024806269e-01,6.691488035024806269e-01,9.999902301109899749e-01
1.299157634280000000e+11,8.162848159418286133e+11,7.106453384090789527e-01,7.106453384090789527e-01,9.999901304071229236e-01
1.312415927230000000e+11,8.246152470880008545e+11,-7.481690132407770033e-01,7.481690132407770033e-01,9.999900296855979143e-01
1.325809525030000000e+11,8.330306927787242432e+11,-7.835916780394301950e-01,7.835916780394301950e-01,9.999899279362990390e-01
1.339339808510000000e+11,8.415320206150751953e+11,-8.197434583286448140e-01,8.197434583286448140e-01,9.999898251486371015e-01
1.353008172580000000e+11,8.501201070448558350e+11,8.479594724145855800e-01,8.479594724145855800e-01,9.999897213120797490e-01
1.366816026410000000e+11,8.587958374756896973e+11,-8.764558823171801905e-01,8.764558823171801905e-01,9.999896164156816258e-01
1.380764793520000000e+11,8.675601063315718994e+11,9.051223534885523003e-01,9.051223534885523003e-01,9.999895104489829878e-01
1.394855911980000000e+11,8.764138171785318604e+11,9.263817383761074886e-01,9.263817383761074886e-01,9.999894034008035559e-01
1.409090834530000000e+11,8.853578828000317383e+11,-9.483680226847019945e-01,9.483680226847019945e-01,9.999892952600719642e-01
1.423471028730000000e+11,8.943932252912147217e+11,-9.659479781928125286e-01,9.659479781928125286e-01,9.999891860158488521e-01
1.437997977110000000e+11,9.035207761531518555e+11,-9.795892399021282060e-01,9.795892399021282060e-01,9.999890756567773042e-01
1.452673177360000000e+11,9.127414764122237549e+11,9.895975278421428323e-01,9.895975278421428323e-01,9.999889641715626887e-01
1.467498142430000000e+11,9.220562766829511719e+11,-9.944105999341532609e-01,9.944105999341532609e-01,9.999888515484225415e-01
1.482474400700000000e+11,9.314661372748103027e+11,9.964013970594554070e-01,9.964013970594554070e-01,9.999887377761641494e-01
1.497603496180000000e+11,9.409720283178955078e+11,9.940716216268467020e-01,9.940716216268467020e-01,9.999886228427384838e-01
1.512886988610000000e+11,9.505749298257521973e+11,-9.886913673335864239e-01,9.886913673335864239e-01,9.999885067362993540e-01
1.528326453670000000e+11,9.602758318273226318e+11,-9.787850864418115027e-01,9.787850864418115027e-01,9.999883894450777300e-01
1.543923483080000000e+11,9.700757344297786865e+11,9.634852913129107188e-01,9.634852913129107188e-01,9.999882709569976047e-01
1.559679684860000000e+11,9.799756479818839111e+11,9.454336573211569172e-01,9.454336573211569172e-01,9.999881512596074939e-01
1.575596683400000000e+11,9.899765931179766846e+11,9.201206017002045989e-01,9.201206017002045989e-01,9.999880303407303606e-01
1.591676119680000000e+11,1.000079600896199219e+12,8.947842880407739230e-01,8.947842880407739230e-01,9.999879081878194631e-01
1.607919651420000000e+11,1.010285712892746582e+12,8.603318639387155242e-01,8.603318639387155242e-01,9.999877847883593684e-01
1.624328953270000000e+11,1.020595981321246094e+12,-8.230477854623640122e-01,8.230477854623640122e-01,9.999876601294980238e-01
1.640905716970000000e+11,1.031011469133288818e+12,-7.824067341220506400e-01,7.824067341220506400e-01,9.999875341985460242e-01
1.657651651500000000e+11,1.041533250112677612e+12,7.378756768945611277e-01,7.378756768945611277e-01,9.999874069825585021e-01
1.674568483320000000e+11,1.052162409026222778e+12,6.867992011319685730e-01,6.867992011319685730e-01,9.999872784681984594e-01
1.691657956470000000e+11,1.062900041686574829e+12,-6.338200534986135892e-01,6.338200534986135892e-01,9.999871486423065337e-01
1.708921832820000000e+11,1.073747255109303345e+12,5.756845313738178094e-01,5.756845313738178094e-01,9.999870174916496435e-01
1.726361892200000000e+11,1.084705167594578857e+12,5.128254844986166461e-01,5.128254844986166461e-01,9.999868850025108724e-01
1.743979932610000000e+11,1.095774908859119751e+12,-4.485952217765168948e-01,4.485952217765168948e-01,9.999867511612539062e-01
1.761777770400000000e+11,1.106957620149289062e+12,3.791730992584276261e-01,3.791730992584276261e-01,9.999866159542382116e-01
1.779757240460000000e+11,1.118254454360475830e+12,3.082617534142326199e-01,3.082617534142326199e-01,9.999864793673631791e-01
1.797920196400000000e+11,1.129666576150191650e+12,2.354462549881417288e-01,2.354462549881417288e-01,9.999863413866315609e-01
1.816268510740000000e+11,1.141195162057451660e+12,1.588848130369258094e-01,1.588848130369258094e-01,9.999862019977512340e-01
1.834804075140000000e+11,1.152841400647287842e+12,8.127320419272546226e-02,8.127320419272546226e-02,9.999860611864309634e-01
1.853528800520000000e+11,1.164606492586146729e+12,1.896184403046982485e-03,1.896184403046982485e-03,9.999859189380858604e-01
1.872444617330000000e+11,1.176491650811535889e+12,7.662699279354327764e-02,-7.662699279354327764e-02,9.999857752381247078e-01
1.891553475730000000e+11,1.188498100645121338e+12,1.582835394115832683e-01,-1.582835394115832683e-01,9.999856300716930546e-01
1.910857345740000000e+11,1.200627079886975098e+12,-2.380409830972411711e-01,-2.380409830972411711e-01,9.999854834237628110e-01
1.930358217540000000e+11,1.212879839004070312e+12,-3.174160925350823503e-01,-3.174160925350823503e-01,9.999853352793396377e-01
1.950058101580000000e+11,1.225257641199397217e+12,-3.941798986058779874e-01,-3.941798986058779874e-01,9.999851856230616010e-01
1.969959028840000000e+11,1.237761762575325439e+12,-4.686978496391518978e-01,-4.686978496391518978e-01,9.999850344395276869e-01
1.990063051020000000e+11,1.250393492252984375e+12,-5.438851260991696135e-01,-5.438851260991696135e-01,9.999848817131440359e-01
2.010372240770000000e+11,1.263154132516776611e+12,6.133557980123286457e-01,-6.133557980123286457e-01,9.999847274282809284e-01
2.030888691890000000e+11,1.276044998940041748e+12,6.788645547654841295e-01,-6.788645547654841295e-01,9.999845715688340242e-01
2.051614519540000000e+11,1.289067420517003418e+12,-7.384883964241607535e-01,-7.384883964241607535e-01,9.999844141187863578e-01
2.072551860480000000e+11,1.302222739813565186e+12,-7.953281644703062980e-01,-7.953281644703062980e-01,9.999842550620052783e-01
2.093702873250000000e+11,1.315512313080408447e+12,8.474502481906013296e-01,-8.474502481906013296e-01,9.999840943821372008e-01
2.115069738440000000e+11,1.328937510422637939e+12,-8.902862064093846062e-01,-8.902862064093846062e-01,9.999839320623231664e-01
2.136654658900000000e+11,1.342499715931729004e+12,-9.281268412273023793e-01,-9.281268412273023793e-01,9.999837680861332068e-01
2.158459859940000000e+11,1.356200327811191650e+12,-9.585643536294959910e-01,-9.585643536294959910e-01,9.999836024365486020e-01
2.180487589580000000e+11,1.370040758533648682e+12,-9.795980524076750573e-01,-9.795980524076750573e-01,9.999834350965003393e-01
2.202740118810000000e+11,1.384022435004200928e+12,9.910471485673939540e-01,-9.910471485673939540e-01,9.999832660488412461e-01
2.225219741770000000e+11,1.398146798673521729e+12,9.972063062403194733e-01,-9.972063062403194733e-01,9.999830952759317659e-01
2.247928776020000000e+11,1.412415305707505615e+12,-9.901759359700833540e-01,-9.901759359700833540e-01,9.999829227601904069e-01
2.270869562760000000e+11,1.426829427125496338e+12,-9.775279777480089249e-01,-9.775279777480089249e-01,9.999827484839971525e-01
2.294044467110000000e+11,1.441390648976217529e+12,9.533681576665831159e-01,-9.533681576665831159e-01,9.999825724294448825e-01
2.317455878300000000e+11,1.456100472457152344e+12,-9.197552830025437220e-01,-9.197552830025437220e-01,9.999823945780370593e-01
2.341106209960000000e+11,1.470960414096755859e+12,-8.778381951983927900e-01,-8.778381951983927900e-01,9.999822149117353343e-01
2.364997900340000000e+11,1.485972005892686035e+12,-8.245365784649654195e-01,-8.245365784649654195e-01,9.999820334119414733e-01
2.389133412580000000e+11,1.501136795481447998e+12,-7.643832399066856631e-01,-7.643832399066856631e-01,9.999818500599315652e-01
2.413515234950000000e+11,1.516456346289192627e+12,6.946140484106659851e-01,-6.946140484106659851e-01,9.999816648368913263e-01
2.438145881130000000e+11,1.531932237707644287e+12,6.146554435468100097e-01,-6.146554435468100097e-01,9.999814777235531693e-01
2.463027890430000000e+11,1.547566065232330811e+12,5.305625267558088387e-01,-5.305625267558088387e-01,9.999812887007241136e-01
2.488163828100000000e+11,1.563359440657363281e+12,-4.369417715340583874e-01,-4.369417715340583874e-01,9.999810977488453601e-01
2.513556285530000000e+11,1.579313992201099365e+12,3.391284107964276373e-01,-3.391284107964276373e-01,9.999809048484240570e-01
2.539207880610000000e+11,1.595431364732336914e+12,2.352498985322579450e-01,-2.352498985322579450e-01,9.999807099793944776e-01
2.565121257900000000e+11,1.611713219877129883e+12,-1.264973462360354517e-01,-1.264973462360354517e-01,9.999805131217152088e-01
2.591299088970000000e+11,1.628161236232415039e+12,1.884477249716536712e-02,-1.884477249716536712e-02,9.999803142551297874e-01
2.617744072650000000e+11,1.644777109523093018e+12,-9.346719033982625602e-02,9.346719033982625602e-02,9.999801133590564550e-01
2.644458935310000000e+11,1.661562552777956299e+12,-2.058929512024913755e-01,2.058929512024913755e-01,9.999799104128962446e-01
2.671446431150000000e+11,1.678519296511902100e+12,-3.165136292140666718e-01,3.165136292140666718e-01,9.999797053956329673e-01
2.698709342470000000e+11,1.695649088895578613e+12,-4.217737653092228922e-01,4.217737653092228922e-01,9.999794982861808235e-01
2.726250479970000000e+11,1.712953695943879883e+12,-5.265429293181208559e-01,5.265429293181208559e-01,9.999792890631830078e-01
2.754072683030000000e+11,1.730434901691875732e+12,-6.213717579121400547e-01,6.213717579121400547e-01,9.999790777050406865e-01
2.782178820020000000e+11,1.748094508389590332e+12,7.093319527778776390e-01,7.093319527778776390e-01,9.999788641900685393e-01
2.810571788550000000e+11,1.765934336659081055e+12,-7.882151585021742735e-01,7.882151585021742735e-01,9.999786484960465627e-01
2.839254515830000000e+11,1.783956225720634521e+12,-8.555477081726812205e-01,8.555477081726812205e-01,9.999784306009468215e-01
2.868229958940000000e+11,1.802162033562411621e+12,9.110602982306583719e-01,9.110602982306583719e-01,9.999782104823176088e-01
2.897501105130000000e+11,1.820553637128942871e+12,-9.530898371619085374e-01,9.530898371619085374e-01,9.999779881172068396e-01
2.927070972140000000e+11,1.839132932522191650e+12,9.820283964929297227e-01,9.820283964929297227e-01,9.999777634830759876e-01
2.956942608500000000e+11,1.857901835190047852e+12,9.964956032564796784e-01,9.964956032564796784e-01,9.999775365564316232e-01
2.987119093860000000e+11,1.876862280133675049e+12,9.928528812746502119e-01,9.928528812746502119e-01,9.999773073140211244e-01
3.017603539290000000e+11,1.896016222096004639e+12,-9.740596024936798436e-01,9.740596024936798436e-01,9.999770757320802783e-01
3.048399087630000000e+11,1.915365635781647217e+12,-9.380160456761036381e-01,9.380160456761036381e-01,9.999768417869704384e-01
3.079508913760000000e+11,1.934912516026540039e+12,8.837802487193876511e-01,8.837802487193876511e-01,9.999766054545751182e-01
3.110936225000000000e+11,1.954658878049272705e+12,8.135118317348845052e-01,8.135118317348845052e-01,9.999763667102894438e-01
3.142684261360000000e+11,1.974606757608168213e+12,7.299984981266218753e-01,7.299984981266218753e-01,9.999761255296375495e-01
3.174756295940000000e+11,1.994758211252609375e+12,6.330322023356701466e-01,6.330322023356701466e-01,9.999758818877759747e-01
3.207155635250000000e+11,2.015115316524101318e+12,-5.204215692842426577e-01,5.204215692842426577e-01,9.999756357594669076e-01
3.239885619520000000e+11,2.035680172151049561e+12,3.995146328230510524e-01,3.995146328230510524e-01,9.999753871195420363e-01
3.272949623100000000e+11,2.056454898300088379e+12,2.677842944975909467e-01,2.677842944975909467e-01,9.999751359422408559e-01
3.306351054730000000e+11,2.077441636745726318e+12,-1.284905829736119609e-01,1.284905829736119609e-01,9.999748822016476524e-01
3.340093357980000000e+11,2.098642551146806152e+12,-1.349962721983084639e-02,-1.349962721983084639e-02,9.999746258717135960e-01
3.374180011550000000e+11,2.120059827235000732e+12,1.563447785057442418e-01,-1.563447785057442418e-01,9.999743669259353318e-01
3.408614529640000000e+11,2.141695673047290527e+12,-2.996113751681243054e-01,-2.996113751681243054e-01,9.999741053376215438e-01
3.443400462290000000e+11,2.163552319139592285e+12,4.332739058624300310e-01,-4.332739058624300310e-01,9.999738410798573174e-01
3.478541395820000000e+11,2.185632018863219238e+12,-5.613646992903442712e-01,-5.613646992903442712e-01,9.999735741252792076e-01
3.514040953100000000e+11,2.207937048534526855e+12,-6.778974587976286381e-01,-6.778974587976286381e-01,9.999733044465018983e-01
3.549902794000000000e+11,2.230469707717656250e+12,-7.818195217882689674e-01,-7.818195217882689674e-01,9.999730320157010910e-01
3.586130615730000000e+11,2.253232319438162109e+12,8.650939663222758647e-01,-8.650939663222758647e-01,9.999727568048252246e-01
3.622728153240000000e+11,2.276227230434340332e+12,-9.317770202655675238e-01,-9.317770202655675238e-01,9.999724787852722896e-01
3.659699179590000000e+11,2.299456811389707520e+12,9.768722158737275230e-01,-9.768722158737275230e-01,9.999721979287971019e-01
3.697047506330000000e+11,2.322923457171758301e+12,9.948644395473705826e-01,-9.948644395473705826e-01,9.999719142060915500e-01
3.734776983950000000e+11,2.346629587114712891e+12,9.890427260418109823e-01,-9.890427260418109823e-01,9.999716275880239369e-01
3.772891502190000000e+11,2.370577645214292480e+12,9.581990735039038753e-01,-9.581990735039038753e-01,9.999713380450585554e-01
3.811394990500000000e+11,2.394770100416748047e+12,-9.026081949091816492e-01,-9.026081949091816492e-01,9.999710455472169413e-01
3.850291418460000000e+11,2.419209446882751953e+12,-8.218530804268312506e-01,-8.218530804268312506e-01,9.999707500645990121e-01
3.889584796110000000e+11,2.443898204194746094e+12,7.148187496516412720e-01,-7.148187496516412720e-01,9.999704515667060534e-01
3.929279174460000000e+11,2.468838917677380371e+12,-5.892036395061096554e-01,-5.892036395061096554e-01,9.999701500225245399e-01
3.969378645840000000e+11,2.494034158617429199e+12,-4.458600805274636203e-01,-4.458600805274636203e-01,9.999698454012286852e-01
4.009887344330000000e+11,2.519486524533962402e+12,2.867724464982037147e-01,-2.867724464982037147e-01,9.999695376713200190e-01
4.050809446230000000e+11,2.545198639473661133e+12,1.164079629808142946e-01,-1.164079629808142946e-01,9.999692268010038632e-01
4.092149170450000000e+11,2.571173154255857422e+12,-5.831082112431434233e-02,5.831082112431434233e-02,9.999689127583402115e-01
4.133910778930000000e+11,2.597412746736429688e+12,-2.327211303621874450e-01,2.327211303621874450e-01,9.999685955109144375e-01
4.176098577150000000e+11,2.623920122128245605e+12,-3.994283833320710908e-01,3.994283833320710908e-01,9.999682750260440178e-01
4.218716914490000000e+11,2.650698013227356445e+12,-5.559306920351237968e-01,5.559306920351237968e-01,9.999679512706537432e-01
4.261770184730000000e+11,2.677749180727156738e+12,-6.986800159431695301e-01,6.986800159431695301e-01,9.999676242114098335e-01
4.305262826490000000e+11,2.705076413494842285e+12,-8.157511871652796120e-01,8.157511871652796120e-01,9.999672938145884871e-01
4.349199323700000000e+11,2.732682528866723145e+12,9.068791765497457025e-01,9.068791765497457025e-01,9.999669600462279817e-01
4.393584206020000000e+11,2.760570372912115234e+12,9.694194916834550924e-01,9.694194916834550924e-01,9.999666228717298821e-01
4.438422049370000000e+11,2.788742820766349121e+12,-9.946224252302006130e-01,9.946224252302006130e-01,9.999662822563274434e-01
4.483717476350000000e+11,2.817202776894665527e+12,-9.861809377590321501e-01,9.861809377590321501e-01,9.999659381651220258e-01
4.529475156730000000e+11,2.845953175400088867e+12,-9.395383832090935528e-01,9.395383832090935528e-01,9.999655905625145502e-01
4.575699807950000000e+11,2.874996980337589355e+12,-8.571265620250250183e-01,8.571265620250250183e-01,9.999652394127489519e-01
4.622396195590000000e+11,2.904337186009390625e+12,-7.398316547971837132e-01,7.398316547971837132e-01,9.999648846795354817e-01
4.669569133850000000e+11,2.933976817266562500e+12,-5.945219609930204596e-01,5.945219609930204596e-01,9.999645263263594597e-01
4.717223486090000000e+11,2.963918929848315430e+12,-4.200635117123407425e-01,4.200635117123407425e-01,9.999641643162678895e-01
4.765364165270000000e+11,2.994166610658457520e+12,-2.294157174891243989e-01,2.294157174891243989e-01,9.999637986119483957e-01
4.813996134510000000e+11,3.024722978117255371e+12,-2.637692250763372381e-02,2.637692250763372381e-02,9.999634291757295568e-01
4.863124407560000000e+11,3.055591182456742188e+12,-1.799843090432508286e-01,-1.799843090432508286e-01,9.999630559694506760e-01
4.912754049360000000e+11,3.086774406072576660e+12,-3.821168021863095565e-01,-3.821168021863095565e-01,9.999626789547028105e-01
4.962890176530000000e+11,3.118275863831919922e+12,5.660803778348043602e-01,-5.660803778348043602e-01,9.999622980926958782e-01
5.013537957900000000e+11,3.150098803406442871e+12,-7.268513963234852771e-01,-7.268513963234852771e-01,9.999619133439341390e-01
5.064702615060000000e+11,3.182246505617901855e+12,-8.575634645524824462e-01,-8.575634645524824462e-01,9.999615246689923520e-01
5.116389422870000000e+11,3.214722284758582520e+12,9.486784602601794347e-01,-9.486784602601794347e-01,9.999611320278384285e-01
5.168603710040000000e+11,3.247529488955722656e+12,-9.934256254183519985e-01,-9.934256254183519985e-01,9.999607353796642339e-01
5.221350859660000000e+11,3.280671500504521484e+12,-9.892365354661638577e-01,-9.892365354661638577e-01,9.999603346839398554e-01
5.274636309750000000e+11,3.314151736213715332e+12,9.356465373035380839e-01,-9.356465373035380839e-01,9.999599298993454566e-01
5.328465553830000000e+11,3.347973647763719238e+12,8.332961347123959417e-01,-8.332961347123959417e-01,9.999595209838990639e-01
5.382844141460000000e+11,3.382140722045918457e+12,-6.844121284891836465e-01,-6.844121284891836465e-01,9.999591078955603063e-01
5.437777678880000000e+11,3.416656481564792969e+12,-4.986335985460337850e-01,-4.986335985460337850e-01,9.999586905918048663e-01
5.493271829510000000e+11,3.451524484752075684e+12,2.862828735577246930e-01,-2.862828735577246930e-01,9.999582690296858756e-01
5.549332314580000000e+11,3.486748326362594238e+12,-5.268425485585951501e-02,-5.268425485585951501e-02,9.999578431655797850e-01
5.605964913690000000e+11,3.522331637826128418e+12,-1.857738312402685554e-01,1.857738312402685554e-01,9.999574129556895175e-01
5.663175465450000000e+11,3.558278087649535645e+12,-4.162303831688499156e-01,4.162303831688499156e-01,9.999569783556486735e-01
5.720969868030000000e+11,3.594591381762323242e+12,-6.222966730568354476e-01,6.222966730568354476e-01,9.999565393206407693e-01
5.779354079810000000e+11,3.631275263925059082e+12,-7.938765927383196752e-01,7.938765927383196752e-01,9.999560958054392046e-01
5.838334119970000000e+11,3.668333516100076172e+12,-9.170179009179000307e-01,9.170179009179000307e-01,9.999556477643272157e-01
5.897916069100000000e+11,3.705769958834750000e+12,9.861701966098010974e-01,9.861701966098010974e-01,9.999551951512226644e-01
5.958106069880000000e+11,3.743588451688752441e+12,9.899012706951533236e-01,9.899012706951533236e-01,9.999547379192711416e-01
6.018910327660000000e+11,3.781792893598478027e+12,9.290602934980025651e-01,9.290602934980025651e-01,9.999542760214396031e-01
6.080335111100000000e+11,3.820387223279167480e+12,8.086634642682387630e-01,8.086634642682387630e-01,9.999538094100903773e-01
6.142386752870000000e+11,3.859375419664731445e+12,-6.266587383350487039e-01,6.266587383350487039e-01,9.999533380371024016e-01
6.205071650240000000e+11,3.898761502278455566e+12,4.046647928642474468e-01,4.046647928642474468e-01,9.999528618540661773e-01
6.268396265760000000e+11,3.938549531660261719e+12,1.470512499280082486e-01,1.470512499280082486e-01,9.999523808117074530e-01
6.332367127960000000e+11,3.978743609806526855e+12,-1.224946923567076518e-01,-1.224946923567076518e-01,9.999518948604908530e-01
6.396990831980000000e+11,4.019347880565925293e+12,-3.863828150916034376e-01,-3.863828150916034376e-01,9.999514039503430984e-01
6.462274040270000000e+11,4.060366530079252441e+12,6.198726067089335157e-01,-6.198726067089335157e-01,9.999509080307433795e-01
6.528223483250000000e+11,4.101803787194113770e+12,8.103912376279363006e-01,-8.103912376279363006e-01,9.999504070504532383e-01
6.594845960060000000e+11,4.143663923936164551e+12,-9.414237679525778724e-01,-9.414237679525778724e-01,9.999499009577700326e-01
6.662148339220000000e+11,4.185951255923798828e+12,-9.949673770768185932e-01,-9.949673770768185932e-01,9.999493897007116772e-01
6.730137559310000000e+11,4.228670142795407227e+12,9.695013043899156635e-01,-9.695013043899156635e-01,9.999488732266298419e-01
6.798820629780000000e+11,4.271824988718315918e+12,-8.597369991366193842e-01,-8.597369991366193842e-01,9.999483514819635932e-01
6.868204631550000000e+11,4.315420242765774414e+12,6.783406764005794898e-01,-6.783406764005794898e-01,9.999478244132976590e-01
6.938296717860000000e+11,4.359460399451029785e+12,-4.340566300237686526e-01,-4.340566300237686526e-01,9.999472919660334913e-01
7.009104114910000000e+11,4.403949999129449219e+12,1.498022937817717060e-01,-1.498022937817717060e-01,9.999467540854847236e-01
7.080634122660000000e+11,4.448893628501172852e+12,1.509729514801109174e-01,1.509729514801109174e-01,9.999462107160855817e-01
7.152894115580000000e+11,4.494295921082357422e+12,4.407608611873338744e-01,4.407608611873338744e-01,9.999456618019079146e-01
7.225891543380000000e+11,4.540161557663843750e+12,6.926507575877268730e-01,6.926507575877268730e-01,9.999451072863054790e-01
7.299633931800000000e+11,4.586495266807531250e+12,8.767775505894359611e-01,8.767775505894359611e-01,9.999445471121650719e-01
7.374128883390000000e+11,4.633301825336465820e+12,-9.795336511517386269e-01,9.795336511517386269e-01,9.999439812216348589e-01
7.449384078280000000e+11,4.680586058818644531e+12,9.860455002652463996e-01,9.860455002652463996e-01,9.999434095566874792e-01
7.525407274990000000e+11,4.728352842075953125e+12,-8.896663905708246389e-01,8.896663905708246389e-01,9.999428320580152629e-01
7.602206311200000000e+11,4.776607099667976562e+12,7.013259636155391163e-01,7.013259636155391163e-01,9.999422486664463205e-01
7.679789104590000000e+11,4.825353806419775391e+12,-4.364298974861809954e-01,4.364298974861809954e-01,9.999416593215892934e-01
7.758163653630000000e+11,4.874597987918271484e+12,-1.196946617678738972e-01,1.196946617678738972e-01,9.999410639628657504e-01
7.837338038430000000e+11,4.924344721046305664e+12,2.129019777042908401e-01,-2.129019777042908401e-01,9.999404625288124127e-01
7.917320421560000000e+11,4.974599134497868164e+12,-5.246369713873504370e-01,-5.246369713873504370e-01,9.999398549574572970e-01
7.998119048860000000e+11,5.025366409287032227e+12,-7.779462813592334935e-01,-7.779462813592334935e-01,9.999392411862003671e-01
8.079742250370000000e+11,5.076651779332291016e+12,9.415158454704631863e-01,-9.415158454704631863e-01,9.999386211518814793e-01
8.162198441110000000e+11,5.128460531946647461e+12,9.968566095997456467e-01,-9.968566095997456467e-01,9.999379947904093457e-01
8.245496121990000000e+11,5.180798008409382812e+12,9.266046678255673852e-01,-9.266046678255673852e-01,9.999373620373024352e-01
8.329643880660000000e+11,5.233669604500125977e+12,-7.422788537355033966e-01,-7.422788537355033966e-01,9.999367228272530994e-01
8.414650392420000000e+11,5.287080771070627930e+12,-4.627472364474484734e-01,-4.627472364474484734e-01,9.999360770945733279e-01
8.500524421100000000e+11,5.341037014597677734e+12,-1.146684833713011858e-01,-1.146684833713011858e-01,9.999354247726339739e-01
8.587274819980000000e+11,5.395543897761156250e+12,2.474001122494415839e-01,2.474001122494415839e-01,9.999347657941788370e-01
8.674910532670000000e+11,5.450607039996958008e+12,-5.820170791415096856e-01,5.820170791415096856e-01,9.999341000912120858e-01
8.763440594070000000e+11,5.506232118100176758e+12,-8.357653387316276161e-01,8.357653387316276161e-01,9.999334275952288520e-01
8.852874131280000000e+11,5.562424866796874023e+12,9.781884331224155460e-01,9.781884331224155460e-01,9.999327482369810838e-01
8.943220364530000000e+11,5.619191079328416016e+12,-9.788284806721080367e-01,9.788284806721080367e-01,9.999320619461808946e-01
9.034488608170000000e+11,5.676536608073509766e+12,-8.360581957454007451e-01,8.360581957454007451e-01,9.999313686523739753e-01
9.126688271580000000e+11,5.734467365119970703e+12,5.680779840476685161e-01,5.680779840476685161e-01,9.999306682840617411e-01
9.219828860180000000e+11,5.792989322899329102e+12,2.085506629375525334e-01,2.085506629375525334e-01,9.999299607689156044e-01
9.313919976390000000e+11,5.852108514790008789e+12,1.858389145445006885e-01,-1.858389145445006885e-01,9.999292460341169253e-01
9.408971320650000000e+11,5.911831035758218750e+12,5.534047846911035462e-01,-5.534047846911035462e-01,9.999285240060065139e-01
9.504992692350000000e+11,5.972163042942286133e+12,8.381495966300726019e-01,-8.381495966300726019e-01,9.999277946101470249e-01
9.601993990920000000e+11,6.033110756337522461e+12,-9.828497503770171617e-01,-9.828497503770171617e-01,9.999270577712318087e-01
9.699985216810000000e+11,6.094680459411978516e+12,9.650986157705450097e-01,-9.650986157705450097e-01,9.999263134136675557e-01
9.798976472530000000e+11,6.156878499759894531e+12,7.826990941513161104e-01,-7.826990941513161104e-01,9.999255614603803632e-01
9.898977963670000000e+11,6.219711289742583984e+12,4.563508816033345905e-01,-4.563508816033345905e-01,9.999248018340546329e-01
1.000000000000000000e+12,6.283185307179585938e+12,-4.709615335664748409e-02,-4.709615335664748409e-02,9.999240344563274929e-01
