n,t,mx,z,norm
0.000000000000000000e+00,0.000000000000000000e+00,1.000000000000000000e+00,1.000000000000000000e+00,1.000000000000000000e+00
1.000000000000000000e+00,6.283185307179586232e+00,-9.618100536997310490e-01,9.618100536997310490e-01,1.000000000000000000e+00
2.000000000000000000e+00,1.256637061435917246e+01,8.678963367937271300e-01,8.678963367937271300e-01,9.999999999999968914e-01
3.000000000000000000e+00,1.884955592153875870e+01,-7.383206131657871207e-01,7.383206131657871207e-01,1.000000000000000444e+00
4.000000000000000000e+00,2.513274122871834493e+01,6.097177725760698497e-01,6.097177725760698497e-01,9.999999999999875655e-01
5.000000000000000000e+00,3.141592653589793116e+01,-4.912536506415895454e-01,4.912536506415895454e-01,9.999999999999855671e-01
6.000000000000000000e+00,3.769911184307751739e+01,3.917811680722970702e-01,3.917811680722970702e-01,9.999999999999793499e-01
7.000000000000000000e+00,4.398229715025710362e+01,-3.123000046698196086e-01,3.123000046698196086e-01,9.999999999999715783e-01
8.000000000000000000e+00,5.026548245743668986e+01,2.500556542887315548e-01,2.500556542887315548e-01,9.999999999999721334e-01
9.000000000000000000e+00,5.654866776461627609e+01,-2.042170959046847034e-01,2.042170959046847034e-01,9.999999999999710232e-01
1.000000000000000000e+01,6.283185307179586232e+01,1.716666740756436771e-01,1.716666740756436771e-01,9.999999999999757971e-01
1.100000000000000000e+01,6.911503837897544145e+01,-1.514574161331190272e-01,1.514574161331190272e-01,9.999999999999765743e-01
1.200000000000000000e+01,7.539822368615503478e+01,1.431508394993257216e-01,1.431508394993257216e-01,9.999999999999860112e-01
1.300000000000000000e+01,8.168140899333462812e+01,-1.449253341391340544e-01,1.449253341391340544e-01,9.999999999999885647e-01
1.400000000000000000e+01,8.796459430051420725e+01,1.544910134848425376e-01,1.544910134848425376e-01,1.000000000000000222e+00
1.500000000000000000e+01,9.424777960769378637e+01,-1.668698894824471868e-01,1.668698894824471868e-01,1.000000000000004441e+00
1.600000000000000000e+01,1.005309649148733797e+02,1.785459072439307682e-01,1.785459072439307682e-01,1.000000000000003997e+00
1.700000000000000000e+01,1.068141502220529730e+02,-1.883297938708936026e-01,1.883297938708936026e-01,1.000000000000010658e+00
1.800000000000000000e+01,1.130973355292325522e+02,2.015434473381172431e-01,2.015434473381172431e-01,9.999999999999995559e-01
1.900000000000000000e+01,1.193805208364121313e+02,-2.258599694255377655e-01,2.258599694255377655e-01,1.000000000000006661e+00
2.000000000000000000e+01,1.256637061435917246e+02,2.623176147675483350e-01,2.623176147675483350e-01,9.999999999999991118e-01
2.100000000000000000e+01,1.319468914507713180e+02,-3.082490451455258684e-01,3.082490451455258684e-01,1.000000000000006217e+00
2.200000000000000000e+01,1.382300767579508829e+02,3.461771314919869225e-01,3.461771314919869225e-01,1.000000000000003553e+00
2.300000000000000000e+01,1.445132620651304762e+02,-3.691811239997061511e-01,3.691811239997061511e-01,1.000000000000006661e+00
2.400000000000000000e+01,1.507964473723100696e+02,3.779479432298175068e-01,3.779479432298175068e-01,1.000000000000002665e+00
2.500000000000000000e+01,1.570796326794896629e+02,-3.766388932750619478e-01,3.766388932750619478e-01,1.000000000000004441e+00
2.600000000000000000e+01,1.633628179866692562e+02,3.756913952836294923e-01,3.756913952836294923e-01,1.000000000000001554e+00
2.700000000000000000e+01,1.696460032938488212e+02,-3.774232008993984033e-01,3.774232008993984033e-01,1.000000000000002220e+00
2.800000000000000000e+01,1.759291886010284145e+02,3.853913110057916036e-01,3.853913110057916036e-01,1.000000000000009548e+00
2.900000000000000000e+01,1.822123739082080078e+02,-4.000328286469133077e-01,4.000328286469133077e-01,1.000000000000005107e+00
3.000000000000000000e+01,1.884955592153875727e+02,4.157788613329210237e-01,4.157788613329210237e-01,1.000000000000017097e+00
3.100000000000000000e+01,1.947787445225671661e+02,-4.293304631178479491e-01,4.293304631178479491e-01,1.000000000000017542e+00
3.200000000000000000e+01,2.010619298297467594e+02,4.318597387124296083e-01,4.318597387124296083e-01,1.000000000000029310e+00
3.300000000000000000e+01,2.073451151369263528e+02,-4.216197993479227635e-01,4.216197993479227635e-01,1.000000000000035527e+00
3.400000000000000000e+01,2.136283004441059461e+02,3.995223094549210652e-01,3.995223094549210652e-01,1.000000000000042855e+00
3.500000000000000000e+01,2.199114857512855110e+02,-3.695617853481363291e-01,3.695617853481363291e-01,1.000000000000045075e+00
3.600000000000000000e+01,2.261946710584651044e+02,3.414506455635016868e-01,3.414506455635016868e-01,1.000000000000046851e+00
3.700000000000000000e+01,2.324778563656446977e+02,-3.145539387471862347e-01,3.145539387471862347e-01,1.000000000000038414e+00
3.800000000000000000e+01,2.387610416728242626e+02,2.934850682354749885e-01,2.934850682354749885e-01,1.000000000000028866e+00
3.900000000000000000e+01,2.450442269800038559e+02,-2.734442157124933326e-01,2.734442157124933326e-01,1.000000000000009326e+00
4.000000000000000000e+01,2.513274122871834493e+02,2.564220647783124196e-01,2.564220647783124196e-01,9.999999999999972244e-01
4.100000000000000000e+01,2.576105975943630142e+02,-2.446907204766731736e-01,2.446907204766731736e-01,9.999999999999797939e-01
4.200000000000000000e+01,2.638937829015426360e+02,2.380443875850597746e-01,2.380443875850597746e-01,9.999999999999723554e-01
4.300000000000000000e+01,2.701769682087222009e+02,-2.389547099671732178e-01,2.389547099671732178e-01,9.999999999999628075e-01
4.400000000000000000e+01,2.764601535159017658e+02,2.340754531988310516e-01,2.340754531988310516e-01,9.999999999999616973e-01
4.500000000000000000e+01,2.827433388230813875e+02,-2.226088362730262449e-01,2.226088362730262449e-01,9.999999999999565903e-01
4.600000000000000000e+01,2.890265241302609525e+02,1.996295075900685889e-01,1.996295075900685889e-01,9.999999999999573674e-01
4.700000000000000000e+01,2.953097094374405742e+02,-1.654492489710717440e-01,1.654492489710717440e-01,9.999999999999612532e-01
4.800000000000000000e+01,3.015928947446201391e+02,1.278770891868869219e-01,1.278770891868869219e-01,9.999999999999596989e-01
4.900000000000000000e+01,3.078760800517997041e+02,-9.168612252774090143e-02,9.168612252774090143e-02,9.999999999999694689e-01
5.000000000000000000e+01,3.141592653589793258e+02,6.673903034557962521e-02,6.673903034557962521e-02,9.999999999999709122e-01
5.100000000000000000e+01,3.204424506661588907e+02,-5.924331263549793836e-02,5.924331263549793836e-02,9.999999999999789058e-01
5.200000000000000000e+01,3.267256359733385125e+02,7.055118873396160062e-02,7.055118873396160062e-02,9.999999999999853451e-01
5.300000000000000000e+01,3.330088212805180774e+02,-9.829246220858714467e-02,9.829246220858714467e-02,9.999999999999904521e-01
5.400000000000000000e+01,3.392920065876976423e+02,1.347081365612369797e-01,1.347081365612369797e-01,9.999999999999971134e-01
5.500000000000000000e+01,3.455751918948772641e+02,-1.693014882448024561e-01,1.693014882448024561e-01,1.000000000000001332e+00
5.600000000000000000e+01,3.518583772020568290e+02,1.973218122836749300e-01,1.973218122836749300e-01,1.000000000000005995e+00
5.700000000000000000e+01,3.581415625092363939e+02,-2.159726604491531976e-01,2.159726604491531976e-01,1.000000000000006217e+00
5.800000000000000000e+01,3.644247478164160157e+02,2.281205527598493266e-01,2.281205527598493266e-01,1.000000000000010880e+00
5.900000000000000000e+01,3.707079331235955806e+02,-2.306124665857644529e-01,2.306124665857644529e-01,1.000000000000007550e+00
6.000000000000000000e+01,3.769911184307751455e+02,2.181863507113761258e-01,2.181863507113761258e-01,1.000000000000014877e+00
6.100000000000000000e+01,3.832743037379547673e+02,-1.869631185566073828e-01,1.869631185566073828e-01,1.000000000000004219e+00
6.200000000000000000e+01,3.895574890451343322e+02,1.378309224933140231e-01,1.378309224933140231e-01,1.000000000000009326e+00
6.300000000000000000e+01,3.958406743523139539e+02,-7.537574346012086701e-02,7.537574346012086701e-02,1.000000000000005107e+00
6.400000000000000000e+01,4.021238596594935188e+02,9.400903053565941997e-03,9.400903053565941997e-03,1.000000000000007772e+00
6.500000000000000000e+01,4.084070449666730838e+02,4.841982480830807345e-02,-4.841982480830807345e-02,1.000000000000014655e+00
6.600000000000000000e+01,4.146902302738527055e+02,-9.212182679036456934e-02,-9.212182679036456934e-02,1.000000000000016653e+00
6.700000000000000000e+01,4.209734155810322704e+02,1.141339202925816532e-01,-1.141339202925816532e-01,1.000000000000021094e+00
6.800000000000000000e+01,4.272566008882118922e+02,-1.165862681686010704e-01,-1.165862681686010704e-01,1.000000000000022871e+00
6.900000000000000000e+01,4.335397861953914571e+02,1.045154708214868083e-01,-1.045154708214868083e-01,1.000000000000018652e+00
7.000000000000000000e+01,4.398229715025710220e+02,-8.180839759236345488e-02,-8.180839759236345488e-02,1.000000000000014211e+00
7.100000000000000000e+01,4.461061568097506438e+02,5.521789899163351278e-02,-5.521789899163351278e-02,1.000000000000008216e+00
7.200000000000000000e+01,4.523893421169302087e+02,-2.474915915966555136e-02,-2.474915915966555136e-02,1.000000000000005995e+00
7.300000000000000000e+01,4.586725274241097736e+02,-9.268384431414807695e-03,9.268384431414807695e-03,1.000000000000000000e+00
7.400000000000000000e+01,4.649557127312893954e+02,4.533837315331833151e-02,4.533837315331833151e-02,1.000000000000002220e+00
7.500000000000000000e+01,4.712388980384689603e+02,-8.106523938730447743e-02,8.106523938730447743e-02,9.999999999999975575e-01
7.600000000000000000e+01,4.775220833456485252e+02,1.029083803432511018e-01,1.029083803432511018e-01,1.000000000000001998e+00
7.700000000000000000e+01,4.838052686528281470e+02,-1.034125034415819822e-01,1.034125034415819822e-01,9.999999999999981126e-01
7.800000000000000000e+01,4.900884539600077119e+02,7.717493374908207526e-02,7.717493374908207526e-02,9.999999999999994449e-01
7.900000000000000000e+01,4.963716392671873336e+02,-3.422173939828131867e-02,3.422173939828131867e-02,1.000000000000001998e+00
8.000000000000000000e+01,5.026548245743668986e+02,-1.092835996471610074e-02,-1.092835996471610074e-02,9.999999999999998890e-01
8.100000000000000000e+01,5.089380098815464635e+02,4.965696996000459884e-02,-4.965696996000459884e-02,1.000000000000003109e+00
8.200000000000000000e+01,5.152211951887260284e+02,-7.726059639126747758e-02,-7.726059639126747758e-02,1.000000000000003775e+00
8.300000000000000000e+01,5.215043804959057070e+02,9.725529036274624395e-02,-9.725529036274624395e-02,9.999999999999930056e-01
8.400000000000000000e+01,5.277875658030852719e+02,-1.105578952837499296e-01,-1.105578952837499296e-01,9.999999999999980016e-01
8.500000000000000000e+01,5.340707511102648368e+02,1.222835686939456878e-01,-1.222835686939456878e-01,9.999999999999802380e-01
8.600000000000000000e+01,5.403539364174444017e+02,-1.327647443840594410e-01,-1.327647443840594410e-01,9.999999999999882316e-01
8.700000000000000000e+01,5.466371217246239667e+02,1.447008344327769813e-01,-1.447008344327769813e-01,9.999999999999773515e-01
8.800000000000000000e+01,5.529203070318035316e+02,-1.554616426639162663e-01,-1.554616426639162663e-01,9.999999999999854561e-01
8.900000000000000000e+01,5.592034923389832102e+02,1.611992344331296123e-01,-1.611992344331296123e-01,9.999999999999751310e-01
9.000000000000000000e+01,5.654866776461627751e+02,-1.621345301643272452e-01,-1.621345301643272452e-01,9.999999999999794609e-01
9.100000000000000000e+01,5.717698629533423400e+02,1.614966785475843158e-01,-1.614966785475843158e-01,9.999999999999630296e-01
9.200000000000000000e+01,5.780530482605219049e+02,-1.665245398524418941e-01,-1.665245398524418941e-01,9.999999999999676925e-01
9.300000000000000000e+01,5.843362335677014698e+02,1.826476850267950147e-01,-1.826476850267950147e-01,9.999999999999666933e-01
9.400000000000000000e+01,5.906194188748811484e+02,-2.118746976963518658e-01,-2.118746976963518658e-01,9.999999999999736877e-01
9.500000000000000000e+01,5.969026041820607134e+02,2.496741233428741713e-01,-2.496741233428741713e-01,9.999999999999765743e-01
9.600000000000000000e+01,6.031857894892402783e+02,-2.881758560596140439e-01,-2.881758560596140439e-01,9.999999999999823475e-01
9.700000000000000000e+01,6.094689747964198432e+02,3.193860695923355086e-01,-3.193860695923355086e-01,9.999999999999884537e-01
9.800000000000000000e+01,6.157521601035994081e+02,-3.395972237959977713e-01,-3.395972237959977713e-01,9.999999999999887867e-01
9.900000000000000000e+01,6.220353454107790867e+02,3.498023852314280369e-01,-3.498023852314280369e-01,9.999999999999896749e-01
1.000000000000000000e+02,6.283185307179586516e+02,-3.523267984793358454e-01,-3.523267984793358454e-01,9.999999999999913403e-01
1.010000000000000000e+02,6.346017160251382165e+02,3.493257256967484126e-01,-3.493257256967484126e-01,9.999999999999907851e-01
1.020000000000000000e+02,6.408849013323177815e+02,-3.425398659886061403e-01,-3.425398659886061403e-01,9.999999999999898970e-01
1.030000000000000000e+02,6.471680866394973464e+02,3.324188658753761128e-01,-3.324188658753761128e-01,9.999999999999974465e-01
1.040000000000000000e+02,6.534512719466770250e+02,-3.211955024008540382e-01,-3.211955024008540382e-01,9.999999999999973355e-01
1.050000000000000000e+02,6.597344572538565899e+02,3.068704029757017282e-01,-3.068704029757017282e-01,1.000000000000002442e+00
1.060000000000000000e+02,6.660176425610361548e+02,-2.897726210398223201e-01,-2.897726210398223201e-01,1.000000000000003997e+00
1.070000000000000000e+02,6.723008278682157197e+02,2.727434109772225446e-01,-2.727434109772225446e-01,1.000000000000005995e+00
1.080000000000000000e+02,6.785840131753952846e+02,-2.575007123129322562e-01,-2.575007123129322562e-01,1.000000000000012434e+00
1.090000000000000000e+02,6.848671984825748495e+02,2.509318878177628220e-01,-2.509318878177628220e-01,1.000000000000015987e+00
1.100000000000000000e+02,6.911503837897545282e+02,-2.527736381072024363e-01,-2.527736381072024363e-01,1.000000000000020206e+00
1.110000000000000000e+02,6.974335690969340931e+02,2.554422743934380291e-01,-2.554422743934380291e-01,1.000000000000026201e+00
1.120000000000000000e+02,7.037167544041136580e+02,-2.522612440369393916e-01,-2.522612440369393916e-01,1.000000000000025979e+00
1.130000000000000000e+02,7.099999397112932229e+02,2.344662488815819346e-01,-2.344662488815819346e-01,1.000000000000024203e+00
1.140000000000000000e+02,7.162831250184727878e+02,-2.040406993678589576e-01,-2.040406993678589576e-01,1.000000000000024425e+00
1.150000000000000000e+02,7.225663103256524664e+02,1.703426103893311283e-01,-1.703426103893311283e-01,1.000000000000015321e+00
1.160000000000000000e+02,7.288494956328320313e+02,-1.432024144804745491e-01,-1.432024144804745491e-01,1.000000000000021094e+00
1.170000000000000000e+02,7.351326809400115962e+02,1.349801495567922727e-01,-1.349801495567922727e-01,1.000000000000001998e+00
1.180000000000000000e+02,7.414158662471911612e+02,-1.478750013745467606e-01,-1.478750013745467606e-01,1.000000000000007327e+00
1.190000000000000000e+02,7.476990515543707261e+02,1.848873731174409119e-01,-1.848873731174409119e-01,9.999999999999880096e-01
1.200000000000000000e+02,7.539822368615502910e+02,-2.424109642434691403e-01,-2.424109642434691403e-01,9.999999999999916733e-01
1.210000000000000000e+02,7.602654221687299696e+02,3.141531027232586926e-01,-3.141531027232586926e-01,9.999999999999673594e-01
1.220000000000000000e+02,7.665486074759095345e+02,-3.944259419704864711e-01,-3.944259419704864711e-01,9.999999999999696909e-01
1.230000000000000000e+02,7.728317927830890994e+02,4.747767892023750935e-01,-4.747767892023750935e-01,9.999999999999493738e-01
1.240000000000000000e+02,7.791149780902686643e+02,-5.521577434440534393e-01,-5.521577434440534393e-01,9.999999999999479305e-01
1.250000000000000000e+02,7.853981633974482293e+02,6.187953914111281595e-01,-6.187953914111281595e-01,9.999999999999469313e-01
1.260000000000000000e+02,7.916813487046279079e+02,-6.706396671965673129e-01,-6.706396671965673129e-01,9.999999999999469313e-01
1.270000000000000000e+02,7.979645340118074728e+02,6.969250511400828518e-01,-6.969250511400828518e-01,9.999999999999590328e-01
1.280000000000000000e+02,8.042477193189870377e+02,-6.946475941179485192e-01,-6.946475941179485192e-01,9.999999999999620304e-01
1.290000000000000000e+02,8.105309046261666026e+02,6.647035875279359018e-01,-6.647035875279359018e-01,9.999999999999719114e-01
1.300000000000000000e+02,8.168140899333461675e+02,-6.118948347899052509e-01,-6.118948347899052509e-01,9.999999999999783507e-01
1.310000000000000000e+02,8.230972752405258461e+02,5.513383928307453719e-01,-5.513383928307453719e-01,9.999999999999832356e-01
1.320000000000000000e+02,8.293804605477054110e+02,-4.889992170996876886e-01,-4.889992170996876886e-01,9.999999999999915623e-01
1.330000000000000000e+02,8.356636458548849760e+02,4.318531667988323441e-01,-4.318531667988323441e-01,9.999999999999951150e-01
1.340000000000000000e+02,8.419468311620645409e+02,-3.796976346749366682e-01,-3.796976346749366682e-01,9.999999999999936717e-01
1.350000000000000000e+02,8.482300164692441058e+02,3.283706658088867414e-01,-3.283706658088867414e-01,9.999999999999974465e-01
1.360000000000000000e+02,8.545132017764237844e+02,-2.786304379995373504e-01,-2.786304379995373504e-01,9.999999999999956701e-01
1.370000000000000000e+02,8.607963870836033493e+02,2.329987148696431865e-01,-2.329987148696431865e-01,9.999999999999990008e-01
1.380000000000000000e+02,8.670795723907829142e+02,-1.962413904162098044e-01,-1.962413904162098044e-01,9.999999999999992228e-01
1.390000000000000000e+02,8.733627576979624791e+02,1.751597793567531980e-01,-1.751597793567531980e-01,1.000000000000002665e+00
1.400000000000000000e+02,8.796459430051420441e+02,-1.692182117020306076e-01,-1.692182117020306076e-01,1.000000000000002665e+00
1.410000000000000000e+02,8.859291283123216090e+02,1.779814696504916360e-01,-1.779814696504916360e-01,1.000000000000009992e+00
1.420000000000000000e+02,8.922123136195012876e+02,-1.951038358794973115e-01,-1.951038358794973115e-01,1.000000000000009548e+00
1.430000000000000000e+02,8.984954989266808525e+02,2.168009749918745066e-01,-2.168009749918745066e-01,1.000000000000007994e+00
1.440000000000000000e+02,9.047786842338604174e+02,-2.393611243274923472e-01,-2.393611243274923472e-01,1.000000000000010436e+00
1.450000000000000000e+02,9.110618695410399823e+02,2.606039940939389732e-01,-2.606039940939389732e-01,1.000000000000001776e+00
1.460000000000000000e+02,9.173450548482195472e+02,-2.851817038326824871e-01,-2.851817038326824871e-01,1.000000000000005773e+00
1.470000000000000000e+02,9.236282401553992258e+02,3.137631652796800119e-01,-3.137631652796800119e-01,1.000000000000000888e+00
1.480000000000000000e+02,9.299114254625787908e+02,-3.477328116955818449e-01,-3.477328116955818449e-01,1.000000000000007105e+00
1.490000000000000000e+02,9.361946107697583557e+02,3.790546404088466215e-01,-3.790546404088466215e-01,1.000000000000010880e+00
1.500000000000000000e+02,9.424777960769379206e+02,-4.040573487041745349e-01,-4.040573487041745349e-01,1.000000000000015987e+00
1.510000000000000000e+02,9.487609813841174855e+02,4.213196773337873902e-01,-4.213196773337873902e-01,1.000000000000010880e+00
1.520000000000000000e+02,9.550441666912970504e+02,-4.354561728307388413e-01,-4.354561728307388413e-01,1.000000000000012879e+00
1.530000000000000000e+02,9.613273519984767290e+02,4.592648414883290231e-01,-4.592648414883290231e-01,1.000000000000003997e+00
1.540000000000000000e+02,9.676105373056562939e+02,-4.949517858717494834e-01,-4.949517858717494834e-01,1.000000000000009326e+00
1.550000000000000000e+02,9.738937226128358589e+02,5.394871669727431263e-01,-5.394871669727431263e-01,1.000000000000001554e+00
1.560000000000000000e+02,9.801769079200154238e+02,-5.864801622376053514e-01,-5.864801622376053514e-01,1.000000000000000444e+00
1.570000000000000000e+02,9.864600932271949887e+02,6.204186170931861311e-01,-6.204186170931861311e-01,9.999999999999984457e-01
1.580000000000000000e+02,9.927432785343746673e+02,-6.355105721089183701e-01,-6.355105721089183701e-01,9.999999999999945599e-01
1.590000000000000000e+02,9.990264638415542322e+02,6.233913931000728548e-01,-6.233913931000728548e-01,9.999999999999958922e-01
1.600000000000000000e+02,1.005309649148733797e+03,-5.851807234278929570e-01,-5.851807234278929570e-01,9.999999999999977796e-01
1.610000000000000000e+02,1.011592834455913362e+03,5.295588020225516779e-01,-5.295588020225516779e-01,9.999999999999971134e-01
1.620000000000000000e+02,1.017876019763092927e+03,-4.635737323651022423e-01,-4.635737323651022423e-01,9.999999999999996669e-01
1.630000000000000000e+02,1.024159205070272492e+03,4.020114680100750904e-01,-4.020114680100750904e-01,1.000000000000001776e+00
1.640000000000000000e+02,1.030442390377452057e+03,-3.475297496154208243e-01,-3.475297496154208243e-01,1.000000000000000000e+00
1.650000000000000000e+02,1.036725575684631622e+03,3.063131072421130252e-01,-3.063131072421130252e-01,9.999999999999932276e-01
1.660000000000000000e+02,1.043008760991811414e+03,-2.746616055011131818e-01,-2.746616055011131818e-01,9.999999999999847899e-01
1.670000000000000000e+02,1.049291946298990979e+03,2.513261374178198393e-01,-2.513261374178198393e-01,9.999999999999737987e-01
1.680000000000000000e+02,1.055575131606170544e+03,-2.361943625830206228e-01,-2.361943625830206228e-01,9.999999999999672484e-01
1.690000000000000000e+02,1.061858316913350109e+03,2.304023491426200609e-01,-2.304023491426200609e-01,9.999999999999644729e-01
1.700000000000000000e+02,1.068141502220529674e+03,-2.372774149839215196e-01,-2.372774149839215196e-01,9.999999999999666933e-01
1.710000000000000000e+02,1.074424687527709239e+03,2.490616348693804327e-01,-2.490616348693804327e-01,9.999999999999767963e-01
1.720000000000000000e+02,1.080707872834888803e+03,-2.587941235517188243e-01,-2.587941235517188243e-01,9.999999999999790168e-01
1.730000000000000000e+02,1.086991058142068368e+03,2.564505644208967539e-01,-2.564505644208967539e-01,9.999999999999884537e-01
1.740000000000000000e+02,1.093274243449247933e+03,-2.417415905951518229e-01,-2.417415905951518229e-01,9.999999999999884537e-01
1.750000000000000000e+02,1.099557428756427498e+03,2.226164507450074104e-01,-2.226164507450074104e-01,9.999999999999894529e-01
1.760000000000000000e+02,1.105840614063607063e+03,-2.043759279002910767e-01,-2.043759279002910767e-01,9.999999999999955591e-01
1.770000000000000000e+02,1.112123799370786855e+03,1.936732792747016818e-01,-1.936732792747016818e-01,9.999999999999890088e-01
1.780000000000000000e+02,1.118406984677966420e+03,-1.971114224587357522e-01,-1.971114224587357522e-01,9.999999999999988898e-01
1.790000000000000000e+02,1.124690169985145985e+03,2.149300168913840237e-01,-2.149300168913840237e-01,9.999999999999971134e-01
1.800000000000000000e+02,1.130973355292325550e+03,-2.484795472913152725e-01,-2.484795472913152725e-01,1.000000000000003331e+00
1.810000000000000000e+02,1.137256540599505115e+03,2.866406328916162316e-01,-2.866406328916162316e-01,1.000000000000006661e+00
1.820000000000000000e+02,1.143539725906684680e+03,-3.175604652300996200e-01,-3.175604652300996200e-01,1.000000000000005551e+00
1.830000000000000000e+02,1.149822911213864245e+03,3.330586390450416268e-01,-3.330586390450416268e-01,1.000000000000010658e+00
1.840000000000000000e+02,1.156106096521043810e+03,-3.269284070825217436e-01,-3.269284070825217436e-01,1.000000000000003109e+00
1.850000000000000000e+02,1.162389281828223375e+03,3.077974342914153727e-01,-3.077974342914153727e-01,1.000000000000009770e+00
1.860000000000000000e+02,1.168672467135402940e+03,-2.807654805884650662e-01,-2.807654805884650662e-01,1.000000000000002442e+00
1.870000000000000000e+02,1.174955652442582732e+03,2.541322517822872662e-01,-2.541322517822872662e-01,1.000000000000013545e+00
1.880000000000000000e+02,1.181238837749762297e+03,-2.287371180407992977e-01,-2.287371180407992977e-01,1.000000000000007550e+00
1.890000000000000000e+02,1.187522023056941862e+03,2.005030760526708145e-01,-2.005030760526708145e-01,1.000000000000017764e+00
1.900000000000000000e+02,1.193805208364121427e+03,-1.668988522551064224e-01,-1.668988522551064224e-01,1.000000000000012879e+00
1.910000000000000000e+02,1.200088393671300992e+03,1.272203261557974252e-01,-1.272203261557974252e-01,1.000000000000022427e+00
1.920000000000000000e+02,1.206371578978480557e+03,-8.746556521991008526e-02,-8.746556521991008526e-02,1.000000000000027534e+00
1.930000000000000000e+02,1.212654764285660121e+03,5.116343753945872680e-02,-5.116343753945872680e-02,1.000000000000033307e+00
1.940000000000000000e+02,1.218937949592839686e+03,-2.299505674325182797e-02,-2.299505674325182797e-02,1.000000000000040856e+00
1.950000000000000000e+02,1.225221134900019251e+03,2.545176373011326376e-03,-2.545176373011326376e-03,1.000000000000038858e+00
1.960000000000000000e+02,1.231504320207198816e+03,8.385659763460303825e-03,8.385659763460303825e-03,1.000000000000034417e+00
1.970000000000000000e+02,1.237787505514378381e+03,-3.741632148192407074e-03,3.741632148192407074e-03,1.000000000000021316e+00
1.980000000000000000e+02,1.244070690821558173e+03,-1.203609773950382877e-02,-1.203609773950382877e-02,1.000000000000013323e+00
1.990000000000000000e+02,1.250353876128737738e+03,3.922965594905897940e-02,-3.922965594905897940e-02,9.999999999999942268e-01
2.000000000000000000e+02,1.256637061435917303e+03,-7.600937051746853301e-02,-7.600937051746853301e-02,9.999999999999853451e-01
2.010000000000000000e+02,1.262920246743096868e+03,1.173888125907583263e-01,-1.173888125907583263e-01,9.999999999999712452e-01
2.020000000000000000e+02,1.269203432050276433e+03,-1.650571648654816925e-01,-1.650571648654816925e-01,9.999999999999628075e-01
2.030000000000000000e+02,1.275486617357455998e+03,2.072094893187262366e-01,-2.072094893187262366e-01,9.999999999999623634e-01
2.040000000000000000e+02,1.281769802664635563e+03,-2.362371819368017656e-01,-2.362371819368017656e-01,9.999999999999578115e-01
2.050000000000000000e+02,1.288052987971815128e+03,2.426113781818806936e-01,-2.426113781818806936e-01,9.999999999999602540e-01
2.060000000000000000e+02,1.294336173278994693e+03,-2.231163283269694264e-01,-2.231163283269694264e-01,9.999999999999603650e-01
2.070000000000000000e+02,1.300619358586174258e+03,1.845186717869785609e-01,-1.845186717869785609e-01,9.999999999999650280e-01
2.080000000000000000e+02,1.306902543893354050e+03,-1.369137586494556524e-01,-1.369137586494556524e-01,9.999999999999726885e-01
2.090000000000000000e+02,1.313185729200533615e+03,9.370447490369240851e-02,-9.370447490369240851e-02,9.999999999999814593e-01
2.100000000000000000e+02,1.319468914507713180e+03,-5.979781774908937003e-02,-5.979781774908937003e-02,9.999999999999894529e-01
2.110000000000000000e+02,1.325752099814892745e+03,3.646147873895598523e-02,-3.646147873895598523e-02,1.000000000000000444e+00
2.120000000000000000e+02,1.332035285122072310e+03,-2.127698555021406354e-02,-2.127698555021406354e-02,1.000000000000001110e+00
2.130000000000000000e+02,1.338318470429251875e+03,1.399286821225664314e-02,-1.399286821225664314e-02,1.000000000000009770e+00
2.140000000000000000e+02,1.344601655736431439e+03,-8.455433438758340470e-03,-8.455433438758340470e-03,1.000000000000009548e+00
2.150000000000000000e+02,1.350884841043611004e+03,2.256454989379089691e-03,-2.256454989379089691e-03,1.000000000000018874e+00
2.160000000000000000e+02,1.357168026350790569e+03,9.996557605418784215e-03,9.996557605418784215e-03,1.000000000000018874e+00
2.170000000000000000e+02,1.363451211657970134e+03,-3.115007309619762660e-02,3.115007309619762660e-02,1.000000000000025091e+00
2.180000000000000000e+02,1.369734396965149699e+03,6.029143578136296477e-02,6.029143578136296477e-02,1.000000000000013545e+00
2.190000000000000000e+02,1.376017582272329491e+03,-9.557579531087624647e-02,9.557579531087624647e-02,1.000000000000016209e+00
2.200000000000000000e+02,1.382300767579509056e+03,1.377205441543401798e-01,1.377205441543401798e-01,1.000000000000003553e+00
2.210000000000000000e+02,1.388583952886688621e+03,-1.848604535900523482e-01,1.848604535900523482e-01,1.000000000000003109e+00
2.220000000000000000e+02,1.394867138193868186e+03,2.315294626573279335e-01,2.315294626573279335e-01,9.999999999999964473e-01
2.230000000000000000e+02,1.401150323501047751e+03,-2.714171739999404753e-01,2.714171739999404753e-01,9.999999999999974465e-01
2.240000000000000000e+02,1.407433508808227316e+03,2.944558238589324306e-01,2.944558238589324306e-01,9.999999999999960032e-01
2.250000000000000000e+02,1.413716694115406881e+03,-3.022593452853516993e-01,3.022593452853516993e-01,9.999999999999997780e-01
2.260000000000000000e+02,1.419999879422586446e+03,2.959516282044557522e-01,2.959516282044557522e-01,1.000000000000000888e+00
2.270000000000000000e+02,1.426283064729766011e+03,-2.844418140258645478e-01,2.844418140258645478e-01,1.000000000000002887e+00
2.280000000000000000e+02,1.432566250036945576e+03,2.728152021804695626e-01,2.728152021804695626e-01,1.000000000000000444e+00
2.290000000000000000e+02,1.438849435344125141e+03,-2.608732017624453281e-01,2.608732017624453281e-01,9.999999999999991118e-01
2.300000000000000000e+02,1.445132620651304933e+03,2.460525823872092566e-01,2.460525823872092566e-01,1.000000000000003553e+00
2.310000000000000000e+02,1.451415805958484498e+03,-2.244214420245865260e-01,2.244214420245865260e-01,1.000000000000002220e+00
2.320000000000000000e+02,1.457698991265664063e+03,1.999940300764288803e-01,1.999940300764288803e-01,1.000000000000005995e+00
2.330000000000000000e+02,1.463982176572843628e+03,-1.745733269986339542e-01,1.745733269986339542e-01,1.000000000000006439e+00
2.340000000000000000e+02,1.470265361880023192e+03,1.504650567908875081e-01,1.504650567908875081e-01,1.000000000000005107e+00
2.350000000000000000e+02,1.476548547187202757e+03,-1.289903899799204612e-01,1.289903899799204612e-01,1.000000000000005773e+00
2.360000000000000000e+02,1.482831732494382322e+03,1.116261725534777594e-01,1.116261725534777594e-01,1.000000000000006439e+00
2.370000000000000000e+02,1.489114917801561887e+03,-1.016191291432811811e-01,1.016191291432811811e-01,1.000000000000006439e+00
2.380000000000000000e+02,1.495398103108741452e+03,9.946562473624234735e-02,9.946562473624234735e-02,1.000000000000012879e+00
2.390000000000000000e+02,1.501681288415921017e+03,-1.033855820838719547e-01,1.033855820838719547e-01,1.000000000000011768e+00
2.400000000000000000e+02,1.507964473723100582e+03,1.050275999404213234e-01,1.050275999404213234e-01,1.000000000000015321e+00
2.410000000000000000e+02,1.514247659030280374e+03,-1.001823580937420133e-01,1.001823580937420133e-01,1.000000000000014877e+00
2.420000000000000000e+02,1.520530844337459939e+03,9.294822922790987874e-02,9.294822922790987874e-02,1.000000000000005773e+00
2.430000000000000000e+02,1.526814029644639504e+03,-8.818382864272145127e-02,8.818382864272145127e-02,1.000000000000011324e+00
2.440000000000000000e+02,1.533097214951819069e+03,9.512524522769529034e-02,9.512524522769529034e-02,9.999999999999952260e-01
2.450000000000000000e+02,1.539380400258998634e+03,-1.124774556122007385e-01,1.124774556122007385e-01,1.000000000000000444e+00
2.460000000000000000e+02,1.545663585566178199e+03,1.370437038072086500e-01,1.370437038072086500e-01,9.999999999999821254e-01
2.470000000000000000e+02,1.551946770873357764e+03,-1.655832601674383509e-01,1.655832601674383509e-01,9.999999999999897859e-01
2.480000000000000000e+02,1.558229956180537329e+03,1.971023269078431006e-01,1.971023269078431006e-01,9.999999999999722444e-01
2.490000000000000000e+02,1.564513141487716894e+03,-2.353569399639688087e-01,2.353569399639688087e-01,9.999999999999770184e-01
2.500000000000000000e+02,1.570796326794896459e+03,2.826610609127213070e-01,2.826610609127213070e-01,9.999999999999584777e-01
2.510000000000000000e+02,1.577079512102076251e+03,-3.392133081235927383e-01,3.392133081235927383e-01,9.999999999999626965e-01
2.520000000000000000e+02,1.583362697409255816e+03,4.011458346065538416e-01,4.011458346065538416e-01,9.999999999999583666e-01
2.530000000000000000e+02,1.589645882716435381e+03,-4.650885337977660461e-01,4.650885337977660461e-01,9.999999999999602540e-01
2.540000000000000000e+02,1.595929068023614946e+03,5.225858678123246337e-01,5.225858678123246337e-01,9.999999999999716893e-01
2.550000000000000000e+02,1.602212253330794510e+03,-5.659518505262618460e-01,5.659518505262618460e-01,9.999999999999767963e-01
2.560000000000000000e+02,1.608495438637974075e+03,5.845052483264152610e-01,5.845052483264152610e-01,9.999999999999881206e-01
2.570000000000000000e+02,1.614778623945153640e+03,-5.783181226279265896e-01,5.783181226279265896e-01,9.999999999999950040e-01
2.580000000000000000e+02,1.621061809252333205e+03,5.582130675885638160e-01,5.582130675885638160e-01,1.000000000000001998e+00
2.590000000000000000e+02,1.627344994559512770e+03,-5.342848144137161137e-01,5.342848144137161137e-01,1.000000000000007550e+00
2.600000000000000000e+02,1.633628179866692335e+03,5.163987427114805628e-01,5.163987427114805628e-01,1.000000000000012434e+00
2.610000000000000000e+02,1.639911365173871900e+03,-5.034513337292615409e-01,5.034513337292615409e-01,1.000000000000011768e+00
2.620000000000000000e+02,1.646194550481051692e+03,4.864474490710364307e-01,4.864474490710364307e-01,1.000000000000015321e+00
2.630000000000000000e+02,1.652477735788231257e+03,-4.580297091544038857e-01,4.580297091544038857e-01,1.000000000000013101e+00
2.640000000000000000e+02,1.658760921095410822e+03,4.175420613134035452e-01,4.175420613134035452e-01,1.000000000000011324e+00
2.650000000000000000e+02,1.665044106402590387e+03,-3.705491066129262823e-01,3.705491066129262823e-01,1.000000000000013989e+00
2.660000000000000000e+02,1.671327291709769952e+03,3.320067896513015371e-01,3.320067896513015371e-01,1.000000000000004441e+00
2.670000000000000000e+02,1.677610477016949517e+03,-3.061288824407677467e-01,3.061288824407677467e-01,1.000000000000009548e+00
2.680000000000000000e+02,1.683893662324129082e+03,2.932877044625175622e-01,2.932877044625175622e-01,1.000000000000005329e+00
2.700000000000000000e+02,1.696460032938488212e+03,2.834514033394432975e-01,2.834514033394432975e-01,1.000000000000010436e+00
2.710000000000000000e+02,1.702743218245667777e+03,-2.787840324990447094e-01,2.787840324990447094e-01,1.000000000000009326e+00
2.720000000000000000e+02,1.709026403552847569e+03,2.658937963727791565e-01,2.658937963727791565e-01,1.000000000000005551e+00
2.730000000000000000e+02,1.715309588860027134e+03,-2.468376650303887310e-01,2.468376650303887310e-01,1.000000000000007550e+00
2.740000000000000000e+02,1.721592774167206699e+03,2.242930519106871579e-01,2.242930519106871579e-01,1.000000000000008216e+00
2.750000000000000000e+02,1.727875959474386264e+03,-2.090462371710353207e-01,2.090462371710353207e-01,1.000000000000013989e+00
2.760000000000000000e+02,1.734159144781565828e+03,2.130270380742780301e-01,2.130270380742780301e-01,1.000000000000015543e+00
2.770000000000000000e+02,1.740442330088745393e+03,-2.349945398631991533e-01,2.349945398631991533e-01,1.000000000000021094e+00
2.780000000000000000e+02,1.746725515395924958e+03,2.692843590381111540e-01,2.692843590381111540e-01,1.000000000000009992e+00
2.790000000000000000e+02,1.753008700703104523e+03,-3.087153442539047332e-01,3.087153442539047332e-01,1.000000000000009104e+00
2.800000000000000000e+02,1.759291886010284088e+03,3.536348565813457467e-01,3.536348565813457467e-01,9.999999999999865663e-01
2.810000000000000000e+02,1.765575071317463653e+03,-4.056438301602650620e-01,4.056438301602650620e-01,9.999999999999855671e-01
2.820000000000000000e+02,1.771858256624643218e+03,4.640221953099881724e-01,4.640221953099881724e-01,9.999999999999736877e-01
2.830000000000000000e+02,1.778141441931823010e+03,-5.246445041766307771e-01,5.246445041766307771e-01,9.999999999999745759e-01
2.850000000000000000e+02,1.790707812546182140e+03,-6.020838699247708092e-01,6.020838699247708092e-01,9.999999999999696909e-01
2.860000000000000000e+02,1.796990997853361705e+03,5.986890863651217476e-01,5.986890863651217476e-01,9.999999999999769074e-01
2.870000000000000000e+02,1.803274183160541270e+03,-5.661008838510546148e-01,5.661008838510546148e-01,9.999999999999774625e-01
2.880000000000000000e+02,1.809557368467720835e+03,5.155272701956569170e-01,5.155272701956569170e-01,9.999999999999816813e-01
2.890000000000000000e+02,1.815840553774900400e+03,-4.580510250008574813e-01,4.580510250008574813e-01,9.999999999999897859e-01
2.900000000000000000e+02,1.822123739082079965e+03,4.056360216936423790e-01,4.056360216936423790e-01,9.999999999999950040e-01
2.910000000000000000e+02,1.828406924389259530e+03,-3.600834386223125128e-01,3.600834386223125128e-01,1.000000000000000000e+00
2.920000000000000000e+02,1.834690109696439094e+03,3.251554350832238649e-01,3.251554350832238649e-01,1.000000000000006217e+00
2.940000000000000000e+02,1.847256480310798452e+03,2.800280068334123351e-01,2.800280068334123351e-01,1.000000000000005773e+00
2.950000000000000000e+02,1.853539665617978017e+03,-2.621687580006559770e-01,2.621687580006559770e-01,1.000000000000003331e+00
2.960000000000000000e+02,1.859822850925157582e+03,2.415037986986244833e-01,2.415037986986244833e-01,1.000000000000002665e+00
2.970000000000000000e+02,1.866106036232337146e+03,-2.217071933838450637e-01,2.217071933838450637e-01,9.999999999999987788e-01
2.980000000000000000e+02,1.872389221539516711e+03,2.111831896291034016e-01,2.111831896291034016e-01,1.000000000000000444e+00
2.990000000000000000e+02,1.878672406846696276e+03,-2.131597199487915428e-01,2.131597199487915428e-01,9.999999999999973355e-01
3.010000000000000000e+02,1.891238777461055406e+03,-2.478375806692356687e-01,2.478375806692356687e-01,9.999999999999941158e-01
3.020000000000000000e+02,1.897521962768234971e+03,2.742051871003666763e-01,2.742051871003666763e-01,9.999999999999840128e-01
3.030000000000000000e+02,1.903805148075414536e+03,-3.048294846026468052e-01,3.048294846026468052e-01,9.999999999999876765e-01
3.040000000000000000e+02,1.910088333382594101e+03,3.378238675446761929e-01,3.378238675446761929e-01,9.999999999999832356e-01
3.050000000000000000e+02,1.916371518689773893e+03,-3.726657199708895418e-01,3.726657199708895418e-01,9.999999999999943379e-01
3.060000000000000000e+02,1.922654703996953458e+03,3.990003840327951967e-01,3.990003840327951967e-01,9.999999999999982236e-01
3.080000000000000000e+02,1.935221074611312588e+03,4.157048841080407398e-01,4.157048841080407398e-01,1.000000000000011990e+00
3.090000000000000000e+02,1.941504259918492153e+03,-4.011542899251917538e-01,4.011542899251917538e-01,1.000000000000015543e+00
3.100000000000000000e+02,1.947787445225671718e+03,3.803891556950426134e-01,3.803891556950426134e-01,1.000000000000018874e+00
3.110000000000000000e+02,1.954070630532851283e+03,-3.560172710605980506e-01,3.560172710605980506e-01,1.000000000000022204e+00
3.120000000000000000e+02,1.960353815840030848e+03,3.388869751905141947e-01,3.388869751905141947e-01,1.000000000000019318e+00
3.140000000000000000e+02,1.972920186454389977e+03,3.299084794612083260e-01,3.299084794612083260e-01,1.000000000000019318e+00
3.150000000000000000e+02,1.979203371761569770e+03,-3.352322484627481280e-01,3.352322484627481280e-01,1.000000000000011990e+00
3.160000000000000000e+02,1.985486557068749335e+03,3.342861414760363581e-01,3.342861414760363581e-01,1.000000000000022871e+00
3.170000000000000000e+02,1.991769742375928899e+03,-3.201044778065919028e-01,3.201044778065919028e-01,1.000000000000015321e+00
3.190000000000000000e+02,2.004336112990288029e+03,-2.305137411954150395e-01,2.305137411954150395e-01,1.000000000000018208e+00
3.200000000000000000e+02,2.010619298297467594e+03,1.704322911091876169e-01,1.704322911091876169e-01,1.000000000000015543e+00
3.210000000000000000e+02,2.016902483604647159e+03,-1.151429635550368091e-01,1.151429635550368091e-01,1.000000000000018874e+00
3.220000000000000000e+02,2.023185668911826724e+03,7.567491176374054052e-02,7.567491176374054052e-02,1.000000000000012434e+00
3.240000000000000000e+02,2.035752039526185854e+03,5.184816556893041828e-02,5.184816556893041828e-02,9.999999999999996669e-01
3.250000000000000000e+02,2.042035224833365419e+03,-6.235665462357879718e-02,6.235665462357879718e-02,9.999999999999982236e-01
3.260000000000000000e+02,2.048318410140544984e+03,8.495355001729856803e-02,8.495355001729856803e-02,9.999999999999806821e-01
3.270000000000000000e+02,2.054601595447724776e+03,-1.149905016233558758e-01,1.149905016233558758e-01,9.999999999999826805e-01
3.290000000000000000e+02,2.067167966062083906e+03,-1.838951991662319263e-01,1.838951991662319263e-01,9.999999999999734657e-01
3.300000000000000000e+02,2.073451151369263243e+03,2.125950976844319662e-01,2.125950976844319662e-01,9.999999999999764633e-01
3.310000000000000000e+02,2.079734336676443036e+03,-2.326209762812838089e-01,2.326209762812838089e-01,9.999999999999739098e-01
3.330000000000000000e+02,2.092300707290802166e+03,-2.217853425313361659e-01,2.217853425313361659e-01,9.999999999999806821e-01
3.340000000000000000e+02,2.098583892597981958e+03,1.962474201945496599e-01,1.962474201945496599e-01,9.999999999999877875e-01
3.350000000000000000e+02,2.104867077905161295e+03,-1.728552321221263621e-01,1.728552321221263621e-01,9.999999999999933387e-01
3.360000000000000000e+02,2.111150263212341088e+03,1.670229732399545752e-01,1.670229732399545752e-01,1.000000000000000222e+00
3.380000000000000000e+02,2.123716633826700217e+03,2.112793762071050740e-01,2.112793762071050740e-01,1.000000000000017319e+00
3.390000000000000000e+02,2.129999819133879555e+03,-2.396063979483845086e-01,2.396063979483845086e-01,1.000000000000017986e+00
3.400000000000000000e+02,2.136283004441059347e+03,2.531356990716607247e-01,2.531356990716607247e-01,1.000000000000027089e+00
3.420000000000000000e+02,2.148849375055418477e+03,2.138315242210035438e-01,2.138315242210035438e-01,1.000000000000028644e+00
3.430000000000000000e+02,2.155132560362598269e+03,-1.655289439649522965e-01,1.655289439649522965e-01,1.000000000000027534e+00
3.440000000000000000e+02,2.161415745669777607e+03,1.110876538405415337e-01,1.110876538405415337e-01,1.000000000000031752e+00
3.460000000000000000e+02,2.173982116284136737e+03,4.287772883480452449e-03,4.287772883480452449e-03,1.000000000000027534e+00
3.470000000000000000e+02,2.180265301591316529e+03,4.399156690160165029e-02,-4.399156690160165029e-02,1.000000000000008438e+00
3.480000000000000000e+02,2.186548486898495867e+03,-9.080966497389422742e-02,-9.080966497389422742e-02,1.000000000000015099e+00
3.500000000000000000e+02,2.199114857512854996e+03,-1.826279467775244747e-01,-1.826279467775244747e-01,1.000000000000018652e+00
3.510000000000000000e+02,2.205398042820034789e+03,2.208084875221064114e-01,-2.208084875221064114e-01,1.000000000000018874e+00
3.520000000000000000e+02,2.211681228127214126e+03,-2.478912743301705801e-01,-2.478912743301705801e-01,1.000000000000025535e+00
3.540000000000000000e+02,2.224247598741573711e+03,-2.482800497064130973e-01,-2.482800497064130973e-01,1.000000000000029310e+00
3.550000000000000000e+02,2.230530784048753048e+03,2.291066723833985186e-01,-2.291066723833985186e-01,1.000000000000027311e+00
3.570000000000000000e+02,2.243097154663112178e+03,1.769982397043878830e-01,-1.769982397043878830e-01,1.000000000000020206e+00
3.580000000000000000e+02,2.249380339970291971e+03,-1.446745255946942366e-01,-1.446745255946942366e-01,1.000000000000011324e+00
3.590000000000000000e+02,2.255663525277471308e+03,1.044057868706673164e-01,-1.044057868706673164e-01,1.000000000000012879e+00
3.610000000000000000e+02,2.268229895891830438e+03,1.065260704891240681e-02,-1.065260704891240681e-02,1.000000000000005329e+00
3.620000000000000000e+02,2.274513081199010230e+03,3.084991171193152831e-02,3.084991171193152831e-02,1.000000000000000000e+00
3.640000000000000000e+02,2.287079451813369360e+03,6.955475668145941204e-02,6.955475668145941204e-02,9.999999999999931166e-01
3.650000000000000000e+02,2.293362637120549152e+03,-5.919518220400271646e-02,5.919518220400271646e-02,9.999999999999968914e-01
3.660000000000000000e+02,2.299645822427728490e+03,3.173423872538817803e-02,3.173423872538817803e-02,9.999999999999945599e-01
3.680000000000000000e+02,2.312212193042087620e+03,-4.245169442610396970e-02,-4.245169442610396970e-02,1.000000000000004885e+00
3.690000000000000000e+02,2.318495378349267412e+03,7.372654848940135563e-02,-7.372654848940135563e-02,1.000000000000002887e+00
3.710000000000000000e+02,2.331061748963626542e+03,1.133175286034619755e-01,-1.133175286034619755e-01,1.000000000000011768e+00
3.720000000000000000e+02,2.337344934270805879e+03,-1.287744023259025927e-01,-1.287744023259025927e-01,1.000000000000023537e+00
3.740000000000000000e+02,2.349911304885165464e+03,-1.599437277515514677e-01,-1.599437277515514677e-01,1.000000000000028200e+00
3.750000000000000000e+02,2.356194490192344801e+03,1.721497799752244595e-01,-1.721497799752244595e-01,1.000000000000017542e+00
3.770000000000000000e+02,2.368760860806703931e+03,1.931161887363705143e-01,-1.931161887363705143e-01,1.000000000000007550e+00
3.780000000000000000e+02,2.375044046113883724e+03,-2.079356917915931580e-01,-2.079356917915931580e-01,1.000000000000013989e+00
3.800000000000000000e+02,2.387610416728242853e+03,-2.622959414125302091e-01,-2.622959414125302091e-01,9.999999999999968914e-01
3.810000000000000000e+02,2.393893602035422191e+03,2.995290156552408711e-01,-2.995290156552408711e-01,9.999999999999952260e-01
3.820000000000000000e+02,2.400176787342601983e+03,-3.412754756492342167e-01,-3.412754756492342167e-01,9.999999999999982236e-01
3.840000000000000000e+02,2.412743157956961113e+03,-4.074121197723243326e-01,-4.074121197723243326e-01,1.000000000000008882e+00
3.850000000000000000e+02,2.419026343264140905e+03,4.247096668468808289e-01,-4.247096668468808289e-01,1.000000000000013767e+00
3.870000000000000000e+02,2.431592713878500035e+03,4.318356823558860413e-01,-4.318356823558860413e-01,1.000000000000016875e+00
3.880000000000000000e+02,2.437875899185679373e+03,-4.314902940145767252e-01,-4.314902940145767252e-01,1.000000000000016653e+00
3.900000000000000000e+02,2.450442269800038503e+03,-4.294987060150234348e-01,-4.294987060150234348e-01,1.000000000000028200e+00
3.910000000000000000e+02,2.456725455107218295e+03,4.153360137764748883e-01,-4.153360137764748883e-01,1.000000000000028200e+00
3.930000000000000000e+02,2.469291825721577425e+03,3.526855766372238854e-01,-3.526855766372238854e-01,1.000000000000032196e+00
3.950000000000000000e+02,2.481858196335936555e+03,2.818987641323358329e-01,-2.818987641323358329e-01,1.000000000000041966e+00
3.960000000000000000e+02,2.488141381643116347e+03,-2.498070376455097663e-01,-2.498070376455097663e-01,1.000000000000046629e+00
3.980000000000000000e+02,2.500707752257475477e+03,-1.805332010035283208e-01,-1.805332010035283208e-01,1.000000000000045519e+00
3.990000000000000000e+02,2.506990937564654814e+03,1.423861874127166915e-01,-1.423861874127166915e-01,1.000000000000045075e+00
4.010000000000000000e+02,2.519557308179013944e+03,8.385439902396901735e-02,-8.385439902396901735e-02,1.000000000000034861e+00
4.020000000000000000e+02,2.525840493486193736e+03,-7.857560093729330786e-02,-7.857560093729330786e-02,1.000000000000032196e+00
4.040000000000000000e+02,2.538406864100552866e+03,-1.319454175408325547e-01,-1.319454175408325547e-01,1.000000000000019318e+00
4.050000000000000000e+02,2.544690049407732204e+03,1.820923196699006374e-01,-1.820923196699006374e-01,1.000000000000013101e+00
4.070000000000000000e+02,2.557256420022091788e+03,2.892776101925921273e-01,-2.892776101925921273e-01,9.999999999999928946e-01
4.090000000000000000e+02,2.569822790636450918e+03,3.907462825558841168e-01,-3.907462825558841168e-01,9.999999999999735767e-01
4.100000000000000000e+02,2.576105975943630256e+03,-4.451956324296845180e-01,-4.451956324296845180e-01,9.999999999999749090e-01
4.120000000000000000e+02,2.588672346557989385e+03,-5.369466544074179559e-01,-5.369466544074179559e-01,9.999999999999796829e-01
4.130000000000000000e+02,2.594955531865169178e+03,5.551734178247131890e-01,-5.551734178247131890e-01,9.999999999999880096e-01
4.150000000000000000e+02,2.607521902479528308e+03,5.247116050249800434e-01,-5.247116050249800434e-01,1.000000000000002665e+00
4.170000000000000000e+02,2.620088273093887437e+03,4.563887449210057845e-01,-4.563887449210057845e-01,1.000000000000023315e+00
4.180000000000000000e+02,2.626371458401067230e+03,-4.258139018156327782e-01,-4.258139018156327782e-01,1.000000000000034417e+00
4.200000000000000000e+02,2.638937829015426360e+03,-3.769505882844125244e-01,-3.769505882844125244e-01,1.000000000000043743e+00
4.220000000000000000e+02,2.651504199629785489e+03,-3.329883368641045061e-01,-3.329883368641045061e-01,1.000000000000041966e+00
4.230000000000000000e+02,2.657787384936964827e+03,3.135553509692778906e-01,-3.135553509692778906e-01,1.000000000000033751e+00
4.250000000000000000e+02,2.670353755551323957e+03,3.025005689853172419e-01,-3.025005689853172419e-01,1.000000000000021760e+00
4.260000000000000000e+02,2.676636940858503749e+03,-3.212714543277784829e-01,-3.212714543277784829e-01,1.000000000000024647e+00
4.280000000000000000e+02,2.689203311472862879e+03,-3.866308721456972464e-01,-3.866308721456972464e-01,1.000000000000025313e+00
4.300000000000000000e+02,2.701769682087222009e+03,-4.228940533120734147e-01,-4.228940533120734147e-01,1.000000000000025757e+00
4.310000000000000000e+02,2.708052867394401801e+03,4.221861450850988295e-01,-4.221861450850988295e-01,1.000000000000023315e+00
4.330000000000000000e+02,2.720619238008760931e+03,4.045837103461663586e-01,-4.045837103461663586e-01,1.000000000000029310e+00
4.350000000000000000e+02,2.733185608623120061e+03,3.817773906907522274e-01,-3.817773906907522274e-01,1.000000000000040634e+00
4.370000000000000000e+02,2.745751979237479190e+03,3.530536717954915193e-01,-3.530536717954915193e-01,1.000000000000047518e+00
4.380000000000000000e+02,2.752035164544658983e+03,-3.372783478557928594e-01,-3.372783478557928594e-01,1.000000000000051514e+00
4.400000000000000000e+02,2.764601535159018113e+03,-3.118577530677609788e-01,-3.118577530677609788e-01,1.000000000000037970e+00
4.420000000000000000e+02,2.777167905773377242e+03,-3.007314079816928998e-01,-3.007314079816928998e-01,1.000000000000016209e+00
4.430000000000000000e+02,2.783451091080556580e+03,3.006909679978633232e-01,-3.006909679978633232e-01,1.000000000000021538e+00
4.450000000000000000e+02,2.796017461694915710e+03,2.889668936190814552e-01,-2.889668936190814552e-01,1.000000000000012434e+00
4.470000000000000000e+02,2.808583832309274840e+03,2.234039303266011633e-01,-2.234039303266011633e-01,1.000000000000005107e+00
4.490000000000000000e+02,2.821150202923634424e+03,1.535533581877738807e-01,-1.535533581877738807e-01,1.000000000000007327e+00
4.500000000000000000e+02,2.827433388230813762e+03,-1.343260436196416219e-01,-1.343260436196416219e-01,1.000000000000015765e+00
4.520000000000000000e+02,2.839999758845172892e+03,-1.219201404494379415e-01,-1.219201404494379415e-01,1.000000000000010214e+00
4.540000000000000000e+02,2.852566129459532021e+03,-1.262425576170291830e-01,-1.262425576170291830e-01,1.000000000000002665e+00
4.560000000000000000e+02,2.865132500073891151e+03,-1.382738870958276634e-01,-1.382738870958276634e-01,9.999999999999990008e-01
4.570000000000000000e+02,2.871415685381070944e+03,1.472394487844357613e-01,-1.472394487844357613e-01,1.000000000000000666e+00
4.590000000000000000e+02,2.883982055995430073e+03,1.899883653691088470e-01,-1.899883653691088470e-01,1.000000000000007105e+00
4.610000000000000000e+02,2.896548426609789203e+03,2.710689835529715985e-01,-2.710689835529715985e-01,1.000000000000012434e+00
4.630000000000000000e+02,2.909114797224148333e+03,3.608027664192252071e-01,-3.608027664192252071e-01,1.000000000000017986e+00
4.650000000000000000e+02,2.921681167838507463e+03,4.485602376028641203e-01,-4.485602376028641203e-01,1.000000000000029532e+00
4.660000000000000000e+02,2.927964353145687255e+03,-4.881223916672998708e-01,-4.881223916672998708e-01,1.000000000000030864e+00
4.680000000000000000e+02,2.940530723760046385e+03,-4.985554762615120317e-01,-4.985554762615120317e-01,1.000000000000042188e+00
4.700000000000000000e+02,2.953097094374405515e+03,-3.931212624613507622e-01,-3.931212624613507622e-01,1.000000000000052180e+00
4.720000000000000000e+02,2.965663464988764645e+03,-2.331815633043123337e-01,-2.331815633043123337e-01,1.000000000000054623e+00
4.740000000000000000e+02,2.978229835603123774e+03,-7.492570795370973036e-02,-7.492570795370973036e-02,1.000000000000038192e+00
4.760000000000000000e+02,2.990796206217482904e+03,5.752587862682670417e-02,5.752587862682670417e-02,1.000000000000024425e+00
4.770000000000000000e+02,2.997079391524662697e+03,-1.146519420213732848e-01,1.146519420213732848e-01,1.000000000000030198e+00
4.790000000000000000e+02,3.009645762139021826e+03,-2.094770020033935864e-01,2.094770020033935864e-01,1.000000000000031752e+00
4.810000000000000000e+02,3.022212132753380956e+03,-2.582297158954198757e-01,2.582297158954198757e-01,1.000000000000028644e+00
4.830000000000000000e+02,3.034778503367740086e+03,-2.350021840494971315e-01,2.350021840494971315e-01,1.000000000000013545e+00
4.850000000000000000e+02,3.047344873982099216e+03,-1.475348461754663609e-01,1.475348461754663609e-01,1.000000000000001776e+00
4.870000000000000000e+02,3.059911244596458346e+03,-4.394890755292733125e-03,4.394890755292733125e-03,9.999999999999965583e-01
4.890000000000000000e+02,3.072477615210817476e+03,1.403134316592578590e-01,-1.403134316592578590e-01,9.999999999999948930e-01
4.910000000000000000e+02,3.085043985825177060e+03,1.848080986221913857e-01,-1.848080986221913857e-01,9.999999999999974465e-01
4.920000000000000000e+02,3.091327171132356398e+03,-1.671641000643753761e-01,-1.671641000643753761e-01,9.999999999999980016e-01
4.940000000000000000e+02,3.103893541746715528e+03,-1.003247286914859260e-01,-1.003247286914859260e-01,1.000000000000008438e+00
4.960000000000000000e+02,3.116459912361074657e+03,-4.477477837080090506e-02,-4.477477837080090506e-02,1.000000000000020650e+00
4.980000000000000000e+02,3.129026282975433787e+03,-3.022890542033364672e-02,-3.022890542033364672e-02,1.000000000000031752e+00
5.000000000000000000e+02,3.141592653589792917e+03,-1.399457221645825436e-02,-1.399457221645825436e-02,1.000000000000042633e+00
5.020000000000000000e+02,3.154159024204152502e+03,4.044493337428581303e-02,4.044493337428581303e-02,1.000000000000043965e+00
5.040000000000000000e+02,3.166725394818511631e+03,1.039200195834745905e-01,1.039200195834745905e-01,1.000000000000035527e+00
5.060000000000000000e+02,3.179291765432870761e+03,1.571594254742280372e-01,1.571594254742280372e-01,1.000000000000020650e+00
5.080000000000000000e+02,3.191858136047229891e+03,2.063317666575505971e-01,2.063317666575505971e-01,1.000000000000012434e+00
5.100000000000000000e+02,3.204424506661589021e+03,2.432654678845823093e-01,2.432654678845823093e-01,1.000000000000021760e+00
5.120000000000000000e+02,3.216990877275948151e+03,2.723634082962409497e-01,2.723634082962409497e-01,1.000000000000037303e+00
5.140000000000000000e+02,3.229557247890307281e+03,3.154681263578849038e-01,3.154681263578849038e-01,1.000000000000050182e+00
5.160000000000000000e+02,3.242123618504666410e+03,3.764376559595303817e-01,3.764376559595303817e-01,1.000000000000060174e+00
5.180000000000000000e+02,3.254689989119025540e+03,4.116107943833122729e-01,4.116107943833122729e-01,1.000000000000061284e+00
5.200000000000000000e+02,3.267256359733384670e+03,3.556843905106259474e-01,3.556843905106259474e-01,1.000000000000052403e+00
5.220000000000000000e+02,3.279822730347743800e+03,2.417654355068910577e-01,2.417654355068910577e-01,1.000000000000043077e+00
5.240000000000000000e+02,3.292389100962103385e+03,1.689408506418579037e-01,1.689408506418579037e-01,1.000000000000035971e+00
5.260000000000000000e+02,3.304955471576462514e+03,1.408336002748233895e-01,1.408336002748233895e-01,1.000000000000023981e+00
5.280000000000000000e+02,3.317521842190821644e+03,1.293400504796280714e-01,1.293400504796280714e-01,1.000000000000007327e+00
5.300000000000000000e+02,3.330088212805180774e+03,1.346879335273704625e-01,1.346879335273704625e-01,1.000000000000001332e+00
5.320000000000000000e+02,3.342654583419539904e+03,1.786980069158090045e-01,1.786980069158090045e-01,1.000000000000014211e+00
5.340000000000000000e+02,3.355220954033899034e+03,2.627392870113191004e-01,2.627392870113191004e-01,1.000000000000020428e+00
5.360000000000000000e+02,3.367787324648258164e+03,3.519351551271782119e-01,3.519351551271782119e-01,1.000000000000013323e+00
5.380000000000000000e+02,3.380353695262617293e+03,4.366523063933578364e-01,4.366523063933578364e-01,1.000000000000012657e+00
5.410000000000000000e+02,3.399203251184156215e+03,-5.176663616087717745e-01,5.176663616087717745e-01,1.000000000000023315e+00
5.430000000000000000e+02,3.411769621798515345e+03,-4.719294511560332972e-01,4.719294511560332972e-01,1.000000000000036859e+00
5.450000000000000000e+02,3.424335992412874475e+03,-4.035561776379366083e-01,4.035561776379366083e-01,1.000000000000055289e+00
5.470000000000000000e+02,3.436902363027233605e+03,-3.773265775247296450e-01,3.773265775247296450e-01,1.000000000000064837e+00
5.490000000000000000e+02,3.449468733641592735e+03,-3.665989449750302054e-01,3.665989449750302054e-01,1.000000000000072831e+00
5.510000000000000000e+02,3.462035104255951865e+03,-3.481585892309554398e-01,3.481585892309554398e-01,1.000000000000073719e+00
5.530000000000000000e+02,3.474601474870310994e+03,-3.224633513902533388e-01,3.224633513902533388e-01,1.000000000000070832e+00
5.550000000000000000e+02,3.487167845484670579e+03,-3.124226968339860466e-01,3.124226968339860466e-01,1.000000000000068834e+00
5.580000000000000000e+02,3.506017401406209046e+03,3.142453189271877667e-01,3.142453189271877667e-01,1.000000000000052180e+00
5.600000000000000000e+02,3.518583772020568176e+03,3.134758238429450894e-01,3.134758238429450894e-01,1.000000000000034417e+00
5.620000000000000000e+02,3.531150142634927306e+03,3.273331899937024225e-01,3.273331899937024225e-01,1.000000000000026867e+00
5.640000000000000000e+02,3.543716513249286436e+03,3.338390727931269120e-01,3.338390727931269120e-01,1.000000000000024425e+00
5.660000000000000000e+02,3.556282883863646020e+03,3.243406243592715787e-01,3.243406243592715787e-01,1.000000000000017097e+00
5.690000000000000000e+02,3.575132439785184488e+03,-3.557943917395805511e-01,3.557943917395805511e-01,1.000000000000001110e+00
5.710000000000000000e+02,3.587698810399543618e+03,-3.871255399702605571e-01,3.871255399702605571e-01,9.999999999999998890e-01
5.730000000000000000e+02,3.600265181013902748e+03,-3.974495448839313605e-01,3.974495448839313605e-01,1.000000000000011546e+00
5.750000000000000000e+02,3.612831551628261877e+03,-3.801123646760381503e-01,3.801123646760381503e-01,1.000000000000031752e+00
5.780000000000000000e+02,3.631681107549800799e+03,3.518992668744651553e-01,3.518992668744651553e-01,1.000000000000063949e+00
5.800000000000000000e+02,3.644247478164159929e+03,3.168640985700319490e-01,3.168640985700319490e-01,1.000000000000061728e+00
5.820000000000000000e+02,3.656813848778519059e+03,2.500658490872784134e-01,2.500658490872784134e-01,1.000000000000049072e+00
5.840000000000000000e+02,3.669380219392878189e+03,2.061673370199067490e-01,2.061673370199067490e-01,1.000000000000039302e+00
5.870000000000000000e+02,3.688229775314417111e+03,-2.500002825874487744e-01,2.500002825874487744e-01,1.000000000000042188e+00
5.890000000000000000e+02,3.700796145928776241e+03,-3.287126637928549644e-01,3.287126637928549644e-01,1.000000000000036193e+00
5.910000000000000000e+02,3.713362516543135371e+03,-4.119564664479875571e-01,4.119564664479875571e-01,1.000000000000035083e+00
5.930000000000000000e+02,3.725928887157494501e+03,-4.823694234131965519e-01,4.823694234131965519e-01,1.000000000000045963e+00
5.960000000000000000e+02,3.744778443079033423e+03,4.734895664578951946e-01,4.734895664578951946e-01,1.000000000000067946e+00
5.980000000000000000e+02,3.757344813693392553e+03,3.656523578511690631e-01,3.656523578511690631e-01,1.000000000000075939e+00
6.000000000000000000e+02,3.769911184307751682e+03,2.411399413112284007e-01,2.411399413112284007e-01,1.000000000000080824e+00
6.030000000000000000e+02,3.788760740229290604e+03,-5.266546225638196743e-02,5.266546225638196743e-02,1.000000000000038636e+00
6.050000000000000000e+02,3.801327110843649734e+03,9.821828911991303812e-02,-9.821828911991303812e-02,1.000000000000021316e+00
6.070000000000000000e+02,3.813893481458008864e+03,2.055280959610022995e-01,-2.055280959610022995e-01,1.000000000000014877e+00
6.100000000000000000e+02,3.832743037379547786e+03,-1.435915639666826560e-01,-1.435915639666826560e-01,1.000000000000011546e+00
6.120000000000000000e+02,3.845309407993906916e+03,-2.845244980021207487e-02,-2.845244980021207487e-02,1.000000000000003775e+00
6.150000000000000000e+02,3.864158963915445383e+03,-9.999783359373577707e-02,9.999783359373577707e-02,1.000000000000009326e+00
6.170000000000000000e+02,3.876725334529804513e+03,-1.703579258761993009e-01,1.703579258761993009e-01,1.000000000000022427e+00
6.190000000000000000e+02,3.889291705144164098e+03,-2.163438856897256513e-01,2.163438856897256513e-01,1.000000000000033751e+00
6.220000000000000000e+02,3.908141261065702565e+03,2.461785975193497289e-01,2.461785975193497289e-01,1.000000000000058176e+00
6.240000000000000000e+02,3.920707631680061695e+03,2.467469106210180285e-01,2.467469106210180285e-01,1.000000000000077716e+00
6.270000000000000000e+02,3.939557187601600617e+03,-1.502793836591287679e-01,1.502793836591287679e-01,1.000000000000081046e+00
6.290000000000000000e+02,3.952123558215959747e+03,-1.889592796914191936e-02,1.889592796914191936e-02,1.000000000000081268e+00
6.320000000000000000e+02,3.970973114137498669e+03,-1.181119050744948024e-01,-1.181119050744948024e-01,1.000000000000076383e+00
6.340000000000000000e+02,3.983539484751857799e+03,-1.402792394528249442e-01,-1.402792394528249442e-01,1.000000000000059286e+00
6.360000000000000000e+02,3.996105855366216929e+03,-1.696950368358688954e-01,-1.696950368358688954e-01,1.000000000000043965e+00
6.390000000000000000e+02,4.014955411287755396e+03,2.483900417084127232e-01,-2.483900417084127232e-01,1.000000000000044187e+00
6.410000000000000000e+02,4.027521781902114981e+03,3.005315332917986026e-01,-3.005315332917986026e-01,1.000000000000044853e+00
6.440000000000000000e+02,4.046371337823653448e+03,-3.165366937786125989e-01,-3.165366937786125989e-01,1.000000000000034861e+00
6.460000000000000000e+02,4.058937708438012578e+03,-2.706394923075498005e-01,-2.706394923075498005e-01,1.000000000000033751e+00
6.490000000000000000e+02,4.077787264359551500e+03,1.537347815921418226e-01,-1.537347815921418226e-01,1.000000000000019762e+00
6.510000000000000000e+02,4.090353634973910630e+03,1.168462903040202311e-01,-1.168462903040202311e-01,1.000000000000018208e+00
6.540000000000000000e+02,4.109203190895449552e+03,-1.174351007712292061e-01,-1.174351007712292061e-01,1.000000000000034861e+00
6.570000000000000000e+02,4.128052746816988474e+03,1.183617279519486865e-01,-1.183617279519486865e-01,1.000000000000048184e+00
6.590000000000000000e+02,4.140619117431347149e+03,1.778202321356608662e-01,-1.778202321356608662e-01,1.000000000000060840e+00
6.620000000000000000e+02,4.159468673352886071e+03,-3.080006297191152376e-01,-3.080006297191152376e-01,1.000000000000074829e+00
6.640000000000000000e+02,4.172035043967245656e+03,-3.581591169924311369e-01,-3.581591169924311369e-01,1.000000000000060840e+00
6.670000000000000000e+02,4.190884599888783669e+03,3.695157626900198444e-01,-3.695157626900198444e-01,1.000000000000049072e+00
6.690000000000000000e+02,4.203450970503143253e+03,3.289775373546053316e-01,-3.289775373546053316e-01,1.000000000000051514e+00
6.720000000000000000e+02,4.222300526424682175e+03,-2.464545691704241315e-01,-2.464545691704241315e-01,1.000000000000063727e+00
6.750000000000000000e+02,4.241150082346221097e+03,3.295156464894735127e-01,-3.295156464894735127e-01,1.000000000000079048e+00
6.770000000000000000e+02,4.253716452960579772e+03,3.885686012631408559e-01,-3.885686012631408559e-01,1.000000000000077938e+00
6.800000000000000000e+02,4.272566008882118695e+03,-3.686277074652049568e-01,-3.686277074652049568e-01,1.000000000000071498e+00
6.830000000000000000e+02,4.291415564803657617e+03,3.532823295286085519e-01,-3.532823295286085519e-01,1.000000000000044187e+00
6.850000000000000000e+02,4.303981935418016292e+03,3.767561248796359452e-01,-3.767561248796359452e-01,1.000000000000029310e+00
6.880000000000000000e+02,4.322831491339555214e+03,-4.100373127724614708e-01,-4.100373127724614708e-01,1.000000000000017764e+00
6.910000000000000000e+02,4.341681047261094136e+03,4.779131342167536323e-01,-4.779131342167536323e-01,1.000000000000029532e+00
6.930000000000000000e+02,4.354247417875452811e+03,4.684515923976533269e-01,-4.684515923976533269e-01,1.000000000000035083e+00
6.960000000000000000e+02,4.373096973796991733e+03,-4.272742527472339624e-01,-4.272742527472339624e-01,1.000000000000044631e+00
6.990000000000000000e+02,4.391946529718530655e+03,4.399060828278960056e-01,-4.399060828278960056e-01,1.000000000000050848e+00
7.010000000000000000e+02,4.404512900332890240e+03,4.310964000391427908e-01,-4.310964000391427908e-01,1.000000000000063061e+00
7.040000000000000000e+02,4.423362456254428253e+03,-3.410181187190144958e-01,-3.410181187190144958e-01,1.000000000000079270e+00
7.070000000000000000e+02,4.442212012175967175e+03,2.530242178241695061e-01,-2.530242178241695061e-01,1.000000000000091038e+00
7.100000000000000000e+02,4.461061568097506097e+03,-1.765153494903940190e-01,-1.765153494903940190e-01,1.000000000000082823e+00
7.120000000000000000e+02,4.473627938711865681e+03,-1.695899553240126645e-01,-1.695899553240126645e-01,1.000000000000078826e+00
7.150000000000000000e+02,4.492477494633404604e+03,2.334725851606322677e-01,-2.334725851606322677e-01,1.000000000000064393e+00
7.180000000000000000e+02,4.511327050554942616e+03,-3.480377037958805042e-01,-3.480377037958805042e-01,1.000000000000051958e+00
7.210000000000000000e+02,4.530176606476481538e+03,4.828027873455102981e-01,-4.828027873455102981e-01,1.000000000000057065e+00
7.240000000000000000e+02,4.549026162398020460e+03,-5.515641049541177843e-01,-5.515641049541177843e-01,1.000000000000056843e+00
7.260000000000000000e+02,4.561592533012380045e+03,-4.789517056514073223e-01,-4.789517056514073223e-01,1.000000000000056843e+00
7.290000000000000000e+02,4.580442088933918058e+03,3.170997039222773206e-01,-3.170997039222773206e-01,1.000000000000054623e+00
7.320000000000000000e+02,4.599291644855456980e+03,-1.725866234989611447e-01,-1.725866234989611447e-01,1.000000000000026867e+00
7.350000000000000000e+02,4.618141200776995902e+03,8.966552999531592072e-02,-8.966552999531592072e-02,1.000000000000048184e+00
7.380000000000000000e+02,4.636990756698534824e+03,-6.037774735092714395e-02,-6.037774735092714395e-02,1.000000000000069944e+00
7.410000000000000000e+02,4.655840312620073746e+03,2.896636808579438477e-02,-2.896636808579438477e-02,1.000000000000067057e+00
7.430000000000000000e+02,4.668406683234432421e+03,3.319719289361633408e-02,-3.319719289361633408e-02,1.000000000000067280e+00
7.460000000000000000e+02,4.687256239155971343e+03,-1.412498002727887725e-01,-1.412498002727887725e-01,1.000000000000070166e+00
7.490000000000000000e+02,4.706105795077510265e+03,2.696596481172726101e-01,-2.696596481172726101e-01,1.000000000000067280e+00
7.520000000000000000e+02,4.724955350999049188e+03,-3.727234649091105689e-01,-3.727234649091105689e-01,1.000000000000077272e+00
7.550000000000000000e+02,4.743804906920587200e+03,2.887869556929903436e-01,-2.887869556929903436e-01,1.000000000000086375e+00
7.580000000000000000e+02,4.762654462842126122e+03,-8.454233404348560077e-02,-8.454233404348560077e-02,1.000000000000093925e+00
7.610000000000000000e+02,4.781504018763665044e+03,-5.422212738457139747e-02,5.422212738457139747e-02,1.000000000000079048e+00
7.640000000000000000e+02,4.800353574685203967e+03,1.725333636502146828e-01,1.725333636502146828e-01,1.000000000000026201e+00
7.670000000000000000e+02,4.819203130606742889e+03,-2.200863032172698519e-01,2.200863032172698519e-01,1.000000000000021760e+00
7.700000000000000000e+02,4.838052686528281811e+03,1.679728530602168368e-01,1.679728530602168368e-01,1.000000000000026423e+00
7.730000000000000000e+02,4.856902242449819823e+03,-1.095859930461349774e-01,1.095859930461349774e-01,1.000000000000041966e+00
7.760000000000000000e+02,4.875751798371358745e+03,4.754088746620832584e-02,4.754088746620832584e-02,1.000000000000054845e+00
7.790000000000000000e+02,4.894601354292897668e+03,-2.801442048354724906e-02,2.801442048354724906e-02,1.000000000000081046e+00
7.820000000000000000e+02,4.913450910214436590e+03,4.483774410419046064e-02,4.483774410419046064e-02,1.000000000000090372e+00
7.850000000000000000e+02,4.932300466135975512e+03,-7.857438893818571857e-02,7.857438893818571857e-02,1.000000000000091482e+00
7.880000000000000000e+02,4.951150022057513524e+03,2.348049036735836981e-01,2.348049036735836981e-01,1.000000000000078826e+00
7.910000000000000000e+02,4.969999577979052447e+03,-3.206772936363989635e-01,3.206772936363989635e-01,1.000000000000066169e+00
7.940000000000000000e+02,4.988849133900591369e+03,2.435528764976382377e-01,2.435528764976382377e-01,1.000000000000048850e+00
7.970000000000000000e+02,5.007698689822130291e+03,-2.098213457179564090e-01,2.098213457179564090e-01,1.000000000000052625e+00
8.000000000000000000e+02,5.026548245743669213e+03,2.631014251351434519e-01,2.631014251351434519e-01,1.000000000000059730e+00
8.040000000000000000e+02,5.051680986972387473e+03,3.695616606229703560e-01,3.695616606229703560e-01,1.000000000000075495e+00
8.070000000000000000e+02,5.070530542893926395e+03,-3.000640822229889149e-01,3.000640822229889149e-01,1.000000000000071942e+00
8.100000000000000000e+02,5.089380098815464407e+03,2.945992068080519055e-01,2.945992068080519055e-01,1.000000000000041744e+00
8.130000000000000000e+02,5.108229654737003330e+03,-3.614641234055364638e-01,3.614641234055364638e-01,1.000000000000038636e+00
8.160000000000000000e+02,5.127079210658542252e+03,3.992356350576182766e-01,3.992356350576182766e-01,1.000000000000038192e+00
8.190000000000000000e+02,5.145928766580081174e+03,-4.461348382769093623e-01,4.461348382769093623e-01,1.000000000000063727e+00
8.230000000000000000e+02,5.171061507808799433e+03,-4.577812742515151578e-01,4.577812742515151578e-01,1.000000000000073719e+00
8.260000000000000000e+02,5.189911063730338356e+03,3.768295355466304009e-01,3.768295355466304009e-01,1.000000000000074163e+00
8.290000000000000000e+02,5.208760619651877278e+03,-2.271291095960009943e-01,2.271291095960009943e-01,1.000000000000075495e+00
8.320000000000000000e+02,5.227610175573416200e+03,2.185562052480558293e-01,2.185562052480558293e-01,1.000000000000080602e+00
8.350000000000000000e+02,5.246459731494954212e+03,-3.270531545095595738e-01,3.270531545095595738e-01,1.000000000000079936e+00
8.390000000000000000e+02,5.271592472723672472e+03,-3.256323109470520283e-01,3.256323109470520283e-01,1.000000000000080824e+00
8.420000000000000000e+02,5.290442028645211394e+03,3.488918543543391149e-01,3.488918543543391149e-01,1.000000000000061062e+00
8.450000000000000000e+02,5.309291584566750316e+03,-4.451182712030790078e-01,4.451182712030790078e-01,1.000000000000040634e+00
8.490000000000000000e+02,5.334424325795468576e+03,-5.762652968513322094e-01,5.762652968513322094e-01,1.000000000000040190e+00
8.520000000000000000e+02,5.353273881717007498e+03,5.549767423191827032e-01,5.549767423191827032e-01,1.000000000000053735e+00
8.550000000000000000e+02,5.372123437638546420e+03,-4.604772428710138810e-01,4.604772428710138810e-01,1.000000000000056621e+00
8.580000000000000000e+02,5.390972993560085342e+03,3.990838149349457686e-01,3.990838149349457686e-01,1.000000000000063949e+00
8.620000000000000000e+02,5.416105734788803602e+03,2.263221804000293824e-01,2.263221804000293824e-01,1.000000000000079492e+00
8.650000000000000000e+02,5.434955290710342524e+03,-1.189400512112009367e-01,1.189400512112009367e-01,1.000000000000088596e+00
8.690000000000000000e+02,5.460088031939060784e+03,-4.975744284119884564e-03,4.975744284119884564e-03,1.000000000000078604e+00
8.720000000000000000e+02,5.478937587860598796e+03,3.509712227821809583e-02,3.509712227821809583e-02,1.000000000000071942e+00
8.750000000000000000e+02,5.497787143782137719e+03,-2.172634632092489415e-01,2.172634632092489415e-01,1.000000000000066613e+00
8.790000000000000000e+02,5.522919885010855978e+03,-4.879648391905407889e-01,4.879648391905407889e-01,1.000000000000066391e+00
8.820000000000000000e+02,5.541769440932394900e+03,5.147893853809335507e-01,5.147893853809335507e-01,1.000000000000083489e+00
8.860000000000000000e+02,5.566902182161113160e+03,2.331107525005722825e-01,2.331107525005722825e-01,1.000000000000089928e+00
8.890000000000000000e+02,5.585751738082652082e+03,-5.213570424718519392e-02,5.213570424718519392e-02,1.000000000000047518e+00
8.920000000000000000e+02,5.604601294004191004e+03,-4.311342706049446638e-02,-4.311342706049446638e-02,1.000000000000034639e+00
8.960000000000000000e+02,5.629734035232909264e+03,-1.036531617297569048e-02,-1.036531617297569048e-02,1.000000000000054623e+00
8.990000000000000000e+02,5.648583591154448186e+03,-1.538916092871260143e-03,1.538916092871260143e-03,1.000000000000069278e+00
9.030000000000000000e+02,5.673716332383166446e+03,-4.954742152721174943e-03,4.954742152721174943e-03,1.000000000000085043e+00
9.060000000000000000e+02,5.692565888304705368e+03,3.540459404341705918e-02,3.540459404341705918e-02,1.000000000000093481e+00
9.100000000000000000e+02,5.717698629533423627e+03,4.504795126093864843e-02,4.504795126093864843e-02,1.000000000000090594e+00
9.140000000000000000e+02,5.742831370762141887e+03,-8.448589176197640604e-02,-8.448589176197640604e-02,1.000000000000084599e+00
9.170000000000000000e+02,5.761680926683680809e+03,1.716389409080666395e-01,-1.716389409080666395e-01,1.000000000000096367e+00
9.210000000000000000e+02,5.786813667912399069e+03,1.525320343749465013e-01,-1.525320343749465013e-01,1.000000000000056621e+00
9.240000000000000000e+02,5.805663223833937991e+03,-1.620156906732570512e-01,-1.620156906732570512e-01,1.000000000000045519e+00
9.280000000000000000e+02,5.830795965062656251e+03,-1.569945229856462010e-01,-1.569945229856462010e-01,1.000000000000050182e+00
9.310000000000000000e+02,5.849645520984195173e+03,1.975174475119433337e-01,-1.975174475119433337e-01,1.000000000000064393e+00
9.350000000000000000e+02,5.874778262212913432e+03,1.701959851524589840e-01,-1.701959851524589840e-01,1.000000000000065947e+00
9.390000000000000000e+02,5.899911003441631692e+03,2.057813524285299622e-01,-2.057813524285299622e-01,1.000000000000074163e+00
9.420000000000000000e+02,5.918760559363170614e+03,-2.743423258960049349e-01,-2.743423258960049349e-01,1.000000000000071720e+00
9.460000000000000000e+02,5.943893300591888874e+03,-5.263084505128261537e-01,-5.263084505128261537e-01,1.000000000000067724e+00
9.500000000000000000e+02,5.969026041820607134e+03,-5.667048803952651204e-01,-5.667048803952651204e-01,1.000000000000072831e+00
9.530000000000000000e+02,5.987875597742146056e+03,3.837823441288220616e-01,-3.837823441288220616e-01,1.000000000000068834e+00
9.570000000000000000e+02,6.013008338970864315e+03,1.761757439233084255e-01,-1.761757439233084255e-01,1.000000000000071054e+00
9.610000000000000000e+02,6.038141080199582575e+03,2.537931867996876534e-01,-2.537931867996876534e-01,1.000000000000089928e+00
9.650000000000000000e+02,6.063273821428300835e+03,3.375693946762393649e-01,-3.375693946762393649e-01,1.000000000000075051e+00
9.680000000000000000e+02,6.082123377349839757e+03,-3.611110598143427164e-01,-3.611110598143427164e-01,1.000000000000063283e+00
9.720000000000000000e+02,6.107256118578558016e+03,-4.714509357987096694e-01,-4.714509357987096694e-01,1.000000000000018874e+00
9.760000000000000000e+02,6.132388859807276276e+03,-5.234178428303133401e-01,-5.234178428303133401e-01,1.000000000000020428e+00
9.800000000000000000e+02,6.157521601035994536e+03,-5.038302420412226201e-01,-5.038302420412226201e-01,1.000000000000067502e+00
9.840000000000000000e+02,6.182654342264712795e+03,-4.718397577084197381e-01,-4.718397577084197381e-01,1.000000000000087930e+00
9.870000000000000000e+02,6.201503898186251718e+03,3.962421706519234088e-01,-3.962421706519234088e-01,1.000000000000084155e+00
9.910000000000000000e+02,6.226636639414969977e+03,2.571677866043836636e-01,-2.571677866043836636e-01,1.000000000000072831e+00
9.950000000000000000e+02,6.251769380643688237e+03,1.792741127272329815e-01,-1.792741127272329815e-01,1.000000000000058842e+00
9.990000000000000000e+02,6.276902121872406497e+03,1.034325381762985913e-01,-1.034325381762985913e-01,1.000000000000063505e+00
1.003000000000000000e+03,6.302034863101124756e+03,3.236730570537770246e-01,-3.236730570537770246e-01,1.000000000000051958e+00
1.007000000000000000e+03,6.327167604329843016e+03,6.788627754113809587e-01,-6.788627754113809587e-01,1.000000000000046185e+00
1.011000000000000000e+03,6.352300345558561276e+03,5.899669585995498400e-01,-5.899669585995498400e-01,1.000000000000051514e+00
1.015000000000000000e+03,6.377433086787280445e+03,2.606401754226250755e-01,-2.606401754226250755e-01,1.000000000000051736e+00
1.019000000000000000e+03,6.402565828015998704e+03,1.178604272708595330e-01,-1.178604272708595330e-01,1.000000000000042855e+00
1.022000000000000000e+03,6.421415383937536717e+03,-6.808020990974177067e-02,-6.808020990974177067e-02,1.000000000000057065e+00
1.026000000000000000e+03,6.446548125166255886e+03,-5.040029118677548381e-02,-5.040029118677548381e-02,1.000000000000060174e+00
1.030000000000000000e+03,6.471680866394974146e+03,-4.352513469192233198e-02,-4.352513469192233198e-02,1.000000000000073719e+00
1.034000000000000000e+03,6.496813607623692405e+03,-7.309739114515395597e-02,-7.309739114515395597e-02,1.000000000000071276e+00
1.038000000000000000e+03,6.521946348852410665e+03,-1.521947310175306711e-01,-1.521947310175306711e-01,1.000000000000063949e+00
1.043000000000000000e+03,6.553362275388308262e+03,1.178853984039113512e-01,-1.178853984039113512e-01,1.000000000000077272e+00
1.047000000000000000e+03,6.578495016617026522e+03,-1.405823775486329981e-02,1.405823775486329981e-02,1.000000000000055733e+00
1.051000000000000000e+03,6.603627757845744782e+03,-7.384383198567973094e-02,7.384383198567973094e-02,1.000000000000010658e+00
1.055000000000000000e+03,6.628760499074463041e+03,-9.455688110843185612e-02,9.455688110843185612e-02,1.000000000000017542e+00
1.059000000000000000e+03,6.653893240303182210e+03,-1.292882858936437451e-01,1.292882858936437451e-01,1.000000000000047296e+00
1.063000000000000000e+03,6.679025981531900470e+03,-7.360060252824365823e-02,7.360060252824365823e-02,1.000000000000075717e+00
1.067000000000000000e+03,6.704158722760618730e+03,-1.084475163911746420e-01,1.084475163911746420e-01,1.000000000000092149e+00
1.071000000000000000e+03,6.729291463989336989e+03,-3.183924115086401718e-01,3.183924115086401718e-01,1.000000000000069056e+00
1.075000000000000000e+03,6.754424205218055249e+03,-5.726534172570370007e-01,5.726534172570370007e-01,1.000000000000062839e+00
1.080000000000000000e+03,6.785840131753952846e+03,3.162956093325348661e-01,3.162956093325348661e-01,1.000000000000055511e+00
1.084000000000000000e+03,6.810972872982671106e+03,6.837768764654721110e-02,6.837768764654721110e-02,1.000000000000041522e+00
1.088000000000000000e+03,6.836105614211390275e+03,1.228557283585187121e-01,1.228557283585187121e-01,1.000000000000053957e+00
1.092000000000000000e+03,6.861238355440108535e+03,2.457081241235396507e-01,2.457081241235396507e-01,1.000000000000041300e+00
1.097000000000000000e+03,6.892654281976006132e+03,-4.001701293068333776e-01,4.001701293068333776e-01,1.000000000000045519e+00
1.101000000000000000e+03,6.917787023204724392e+03,-4.357589538982477584e-01,4.357589538982477584e-01,1.000000000000045297e+00
1.105000000000000000e+03,6.942919764433442651e+03,-5.387940883263957481e-01,5.387940883263957481e-01,1.000000000000057065e+00
1.109000000000000000e+03,6.968052505662160911e+03,-5.638867658433895924e-01,5.638867658433895924e-01,1.000000000000081046e+00
1.114000000000000000e+03,6.999468432198059418e+03,3.930599448709690691e-01,3.930599448709690691e-01,1.000000000000069056e+00
1.118000000000000000e+03,7.024601173426777677e+03,3.268773449178523638e-01,3.268773449178523638e-01,1.000000000000061950e+00
1.122000000000000000e+03,7.049733914655495937e+03,3.002598521349207905e-01,3.002598521349207905e-01,1.000000000000064837e+00
1.127000000000000000e+03,7.081149841191393534e+03,-1.913788178403781903e-01,1.913788178403781903e-01,1.000000000000040412e+00
1.131000000000000000e+03,7.106282582420111794e+03,-4.239818304591296272e-01,4.239818304591296272e-01,1.000000000000013545e+00
1.136000000000000000e+03,7.137698508956010301e+03,5.477341235602798397e-01,5.477341235602798397e-01,1.000000000000024869e+00
1.140000000000000000e+03,7.162831250184728560e+03,4.108587777183940748e-01,4.108587777183940748e-01,1.000000000000055955e+00
1.144000000000000000e+03,7.187963991413446820e+03,2.676776694918959754e-01,2.676776694918959754e-01,1.000000000000074163e+00
1.149000000000000000e+03,7.219379917949344417e+03,-1.775796829892062612e-01,1.775796829892062612e-01,1.000000000000049960e+00
1.153000000000000000e+03,7.244512659178062677e+03,-2.315778056124259132e-01,2.315778056124259132e-01,1.000000000000043299e+00
1.158000000000000000e+03,7.275928585713961184e+03,1.457845912407689792e-01,1.457845912407689792e-01,1.000000000000057510e+00
1.162000000000000000e+03,7.301061326942679443e+03,2.288787360889401601e-01,2.288787360889401601e-01,1.000000000000050182e+00
1.167000000000000000e+03,7.332477253478577040e+03,-3.811101692362182103e-01,3.811101692362182103e-01,1.000000000000026201e+00
1.171000000000000000e+03,7.357609994707295300e+03,-1.687263971915912708e-01,1.687263971915912708e-01,1.000000000000025091e+00
1.176000000000000000e+03,7.389025921243193807e+03,-3.059023879206516916e-02,-3.059023879206516916e-02,1.000000000000005107e+00
1.181000000000000000e+03,7.420441847779091404e+03,5.292832643926484448e-02,-5.292832643926484448e-02,1.000000000000023537e+00
1.185000000000000000e+03,7.445574589007809664e+03,3.108707895684829220e-02,-3.108707895684829220e-02,1.000000000000056177e+00
1.190000000000000000e+03,7.476990515543707261e+03,7.707035634017714298e-02,7.707035634017714298e-02,1.000000000000083267e+00
1.194000000000000000e+03,7.502123256772425520e+03,8.778254837805357647e-02,8.778254837805357647e-02,1.000000000000071276e+00
1.199000000000000000e+03,7.533539183308324027e+03,1.397110641505647233e-01,-1.397110641505647233e-01,1.000000000000017986e+00
1.204000000000000000e+03,7.564955109844221624e+03,-3.901118146401324482e-01,-3.901118146401324482e-01,1.000000000000030198e+00
1.208000000000000000e+03,7.590087851072939884e+03,-2.853850722029476206e-01,-2.853850722029476206e-01,1.000000000000011990e+00
1.213000000000000000e+03,7.621503777608838391e+03,7.453359255119090809e-02,-7.453359255119090809e-02,1.000000000000001110e+00
1.218000000000000000e+03,7.652919704144735988e+03,-1.157835090892706253e-01,-1.157835090892706253e-01,1.000000000000032419e+00
1.223000000000000000e+03,7.684335630680633585e+03,1.871829462645930309e-01,-1.871829462645930309e-01,1.000000000000058398e+00
1.227000000000000000e+03,7.709468371909352754e+03,3.254671412113663287e-01,-3.254671412113663287e-01,1.000000000000050626e+00
1.232000000000000000e+03,7.740884298445250352e+03,-5.666218686899934243e-01,-5.666218686899934243e-01,1.000000000000033307e+00
1.237000000000000000e+03,7.772300224981147949e+03,5.004788733329873507e-01,-5.004788733329873507e-01,1.000000000000039524e+00
1.242000000000000000e+03,7.803716151517046455e+03,-2.667638095636857276e-01,-2.667638095636857276e-01,1.000000000000033085e+00
1.247000000000000000e+03,7.835132078052944053e+03,2.278330716058987182e-01,-2.278330716058987182e-01,1.000000000000030864e+00
1.251000000000000000e+03,7.860264819281662312e+03,2.216509631063832697e-01,-2.216509631063832697e-01,1.000000000000008216e+00
1.256000000000000000e+03,7.891680745817559909e+03,-2.965129068055823436e-01,-2.965129068055823436e-01,1.000000000000011990e+00
1.261000000000000000e+03,7.923096672353458416e+03,4.284953898142255246e-01,-4.284953898142255246e-01,1.000000000000016653e+00
1.266000000000000000e+03,7.954512598889356013e+03,-5.197617789049862047e-01,-5.197617789049862047e-01,1.000000000000051514e+00
1.271000000000000000e+03,7.985928525425254520e+03,4.333704521346637417e-01,-4.333704521346637417e-01,1.000000000000071942e+00
1.276000000000000000e+03,8.017344451961152117e+03,-3.634109604261179793e-01,-3.634109604261179793e-01,1.000000000000039524e+00
1.281000000000000000e+03,8.048760378497049714e+03,3.391742846716665483e-01,-3.391742846716665483e-01,1.000000000000016431e+00
1.286000000000000000e+03,8.080176305032948221e+03,-1.576808913548152224e-01,-1.576808913548152224e-01,1.000000000000017764e+00
1.291000000000000000e+03,8.111592231568845818e+03,2.990909685435877430e-01,-2.990909685435877430e-01,1.000000000000004885e+00
1.296000000000000000e+03,8.143008158104743416e+03,-2.633348899755553751e-01,-2.633348899755553751e-01,1.000000000000009548e+00
1.301000000000000000e+03,8.174424084640641922e+03,1.193344172682582888e-01,-1.193344172682582888e-01,1.000000000000045963e+00
1.306000000000000000e+03,8.205840011176540429e+03,-9.798315453603269332e-02,-9.798315453603269332e-02,1.000000000000037970e+00
1.311000000000000000e+03,8.237255937712438026e+03,1.729701626786706581e-01,-1.729701626786706581e-01,1.000000000000026867e+00
1.316000000000000000e+03,8.268671864248335623e+03,-2.022124458962152871e-01,-2.022124458962152871e-01,1.000000000000031530e+00
1.321000000000000000e+03,8.300087790784233221e+03,1.220515362459969888e-01,-1.220515362459969888e-01,1.000000000000035527e+00
1.326000000000000000e+03,8.331503717320130818e+03,-5.627257929846858631e-02,-5.627257929846858631e-02,9.999999999999993339e-01
1.332000000000000000e+03,8.369202829163208662e+03,3.255226256571518428e-01,3.255226256571518428e-01,9.999999999999953371e-01
1.337000000000000000e+03,8.400618755699106259e+03,-2.173363923250569985e-01,2.173363923250569985e-01,9.999999999999866773e-01
1.342000000000000000e+03,8.432034682235003856e+03,6.259383101584335696e-02,6.259383101584335696e-02,1.000000000000019096e+00
1.347000000000000000e+03,8.463450608770903273e+03,8.787864429584696380e-02,-8.787864429584696380e-02,1.000000000000056177e+00
1.352000000000000000e+03,8.494866535306800870e+03,1.474601535036187613e-02,1.474601535036187613e-02,1.000000000000041078e+00
1.358000000000000000e+03,8.532565647149878714e+03,4.115284018023428469e-01,4.115284018023428469e-01,9.999999999999802380e-01
1.363000000000000000e+03,8.563981573685776311e+03,-5.606008546328863362e-01,5.606008546328863362e-01,1.000000000000007994e+00
1.368000000000000000e+03,8.595397500221673909e+03,3.087964447125824963e-01,3.087964447125824963e-01,1.000000000000013323e+00
1.374000000000000000e+03,8.633096612064751753e+03,1.613470258006857727e-01,1.613470258006857727e-01,9.999999999999965583e-01
1.379000000000000000e+03,8.664512538600649350e+03,-2.848947243781670413e-01,2.848947243781670413e-01,1.000000000000005773e+00
1.384000000000000000e+03,8.695928465136546947e+03,3.734724646437295181e-01,3.734724646437295181e-01,1.000000000000030198e+00
1.390000000000000000e+03,8.733627576979624791e+03,4.203322829241610270e-01,4.203322829241610270e-01,1.000000000000017097e+00
1.395000000000000000e+03,8.765043503515522389e+03,-4.866608948833197612e-01,4.866608948833197612e-01,1.000000000000022871e+00
1.401000000000000000e+03,8.802742615358600233e+03,-3.740971308954934571e-01,3.740971308954934571e-01,1.000000000000013767e+00
1.406000000000000000e+03,8.834158541894497830e+03,3.117604065016790216e-01,3.117604065016790216e-01,1.000000000000006883e+00
1.412000000000000000e+03,8.871857653737575674e+03,2.158458396817592440e-01,2.158458396817592440e-01,9.999999999999917843e-01
1.417000000000000000e+03,8.903273580273473272e+03,-3.998955522482168234e-01,3.998955522482168234e-01,9.999999999999934497e-01
1.423000000000000000e+03,8.940972692116551116e+03,-3.331567989361019499e-01,3.331567989361019499e-01,1.000000000000006217e+00
1.428000000000000000e+03,8.972388618652448713e+03,2.106099769332943628e-01,2.106099769332943628e-01,1.000000000000054401e+00
1.434000000000000000e+03,9.010087730495526557e+03,2.108733070296206491e-01,2.108733070296206491e-01,1.000000000000005995e+00
1.439000000000000000e+03,9.041503657031424154e+03,-3.675941193373292726e-01,3.675941193373292726e-01,9.999999999999840128e-01
1.445000000000000000e+03,9.079202768874501999e+03,-1.457841573354299314e-01,1.457841573354299314e-01,1.000000000000003775e+00
1.450000000000000000e+03,9.110618695410399596e+03,1.368151460391818230e-01,1.368151460391818230e-01,1.000000000000023759e+00
1.456000000000000000e+03,9.148317807253477440e+03,-1.714040940912337635e-02,-1.714040940912337635e-02,9.999999999999859002e-01
1.462000000000000000e+03,9.186016919096555284e+03,-1.584899559839867966e-01,-1.584899559839867966e-01,1.000000000000002442e+00
1.467000000000000000e+03,9.217432845632452882e+03,1.676973292547976058e-01,-1.676973292547976058e-01,1.000000000000012212e+00
1.473000000000000000e+03,9.255131957475530726e+03,-1.816810976615076956e-01,1.816810976615076956e-01,1.000000000000023981e+00
1.479000000000000000e+03,9.292831069318608570e+03,-1.121000748977113715e-01,1.121000748977113715e-01,1.000000000000021760e+00
1.485000000000000000e+03,9.330530181161686414e+03,3.217489542794967905e-01,-3.217489542794967905e-01,9.999999999999780176e-01
1.490000000000000000e+03,9.361946107697584011e+03,-5.675960215880753168e-01,-5.675960215880753168e-01,9.999999999999836797e-01
1.496000000000000000e+03,9.399645219540661856e+03,-2.660343407058269882e-01,-2.660343407058269882e-01,9.999999999999852340e-01
1.502000000000000000e+03,9.437344331383737881e+03,-1.680065969965620076e-01,-1.680065969965620076e-01,1.000000000000005551e+00
1.508000000000000000e+03,9.475043443226815725e+03,-1.699997938658518448e-01,-1.699997938658518448e-01,1.000000000000022427e+00
1.514000000000000000e+03,9.512742555069893569e+03,-2.819172169138958184e-01,-2.819172169138958184e-01,1.000000000000011546e+00
1.520000000000000000e+03,9.550441666912971414e+03,-4.507912647727193578e-01,-4.507912647727193578e-01,9.999999999999825695e-01
1.526000000000000000e+03,9.588140778756049258e+03,-4.899731436166618881e-01,-4.899731436166618881e-01,1.000000000000007772e+00
1.532000000000000000e+03,9.625839890599125283e+03,-2.893889792801880856e-01,-2.893889792801880856e-01,9.999999999999866773e-01
1.537000000000000000e+03,9.657255817135024699e+03,3.342714372523032385e-01,-3.342714372523032385e-01,9.999999999999676925e-01
1.543000000000000000e+03,9.694954928978100725e+03,4.735890101116003725e-01,-4.735890101116003725e-01,1.000000000000001554e+00
1.549000000000000000e+03,9.732654040821178569e+03,3.676549795420667732e-01,-3.676549795420667732e-01,1.000000000000010880e+00
1.556000000000000000e+03,9.776636337971436660e+03,-1.607567413179773752e-01,-1.607567413179773752e-01,1.000000000000009770e+00
1.562000000000000000e+03,9.814335449814514504e+03,-2.932093232164248997e-01,-2.932093232164248997e-01,9.999999999999925615e-01
1.568000000000000000e+03,9.852034561657590530e+03,-3.377714584021017097e-01,-3.377714584021017097e-01,9.999999999999799050e-01
1.574000000000000000e+03,9.889733673500668374e+03,-2.124124600904771232e-01,-2.124124600904771232e-01,9.999999999999901190e-01
1.580000000000000000e+03,9.927432785343746218e+03,-1.683295662417102212e-01,-1.683295662417102212e-01,9.999999999999742428e-01
1.586000000000000000e+03,9.965131897186824062e+03,-7.639620606643131306e-02,-7.639620606643131306e-02,1.000000000000012879e+00
1.592000000000000000e+03,1.000283100902990191e+04,8.625108279628854180e-02,8.625108279628854180e-02,1.000000000000018430e+00
1.598000000000000000e+03,1.004053012087297793e+04,-1.158434057645676002e-01,-1.158434057645676002e-01,9.999999999999924505e-01
1.605000000000000000e+03,1.008451241802323602e+04,1.989378335660444141e-01,-1.989378335660444141e-01,1.000000000000014433e+00
1.611000000000000000e+03,1.012221152986631387e+04,-1.020251173219111074e-01,1.020251173219111074e-01,9.999999999999978906e-01
1.617000000000000000e+03,1.015991064170939171e+04,-4.297962922224103366e-01,4.297962922224103366e-01,9.999999999999640288e-01
1.623000000000000000e+03,1.019760975355246774e+04,-2.445183589640281263e-01,2.445183589640281263e-01,9.999999999999970024e-01
1.630000000000000000e+03,1.024159205070272583e+04,5.614037250188910061e-02,5.614037250188910061e-02,1.000000000000037303e+00
1.636000000000000000e+03,1.027929116254580367e+04,1.058060515822126513e-01,1.058060515822126513e-01,1.000000000000016875e+00
1.642000000000000000e+03,1.031699027438887970e+04,3.274950206066886693e-01,3.274950206066886693e-01,9.999999999999883427e-01
1.649000000000000000e+03,1.036097257153913779e+04,-5.594196627864007620e-01,5.594196627864007620e-01,9.999999999999801270e-01
1.655000000000000000e+03,1.039867168338221563e+04,-3.606413723920248726e-01,3.606413723920248726e-01,1.000000000000005773e+00
1.662000000000000000e+03,1.044265398053247191e+04,2.408583354017504452e-01,2.408583354017504452e-01,9.999999999999882316e-01
1.668000000000000000e+03,1.048035309237554975e+04,3.915764038311034811e-01,3.915764038311034811e-01,1.000000000000010214e+00
1.675000000000000000e+03,1.052433538952580784e+04,-4.410359112604869125e-01,4.410359112604869125e-01,1.000000000000013545e+00
1.681000000000000000e+03,1.056203450136888387e+04,-2.043329441877112518e-01,2.043329441877112518e-01,9.999999999999971134e-01
1.688000000000000000e+03,1.060601679851914196e+04,3.050698477314091606e-01,3.050698477314091606e-01,9.999999999999966693e-01
1.694000000000000000e+03,1.064371591036221980e+04,4.446419810595055866e-01,4.446419810595055866e-01,9.999999999999631406e-01
1.701000000000000000e+03,1.068769820751247607e+04,-4.607960659416066029e-01,4.607960659416066029e-01,9.999999999999846789e-01
1.708000000000000000e+03,1.073168050466273417e+04,2.457420903241456789e-01,2.457420903241456789e-01,1.000000000000029532e+00
1.714000000000000000e+03,1.076937961650581019e+04,8.755661859973318251e-02,8.755661859973318251e-02,1.000000000000024203e+00
1.721000000000000000e+03,1.081336191365606828e+04,-1.453646934040917632e-02,1.453646934040917632e-02,9.999999999999974465e-01
1.728000000000000000e+03,1.085734421080632455e+04,1.840210149142949003e-01,1.840210149142949003e-01,9.999999999999792388e-01
1.734000000000000000e+03,1.089504332264940240e+04,2.689637013924882636e-01,2.689637013924882636e-01,9.999999999999998890e-01
1.741000000000000000e+03,1.093902561979966049e+04,1.867874694031220265e-02,-1.867874694031220265e-02,9.999999999999743538e-01
1.748000000000000000e+03,1.098300791694991676e+04,-1.624826496680673027e-01,-1.624826496680673027e-01,1.000000000000016875e+00
1.755000000000000000e+03,1.102699021410017303e+04,1.887682794361770777e-01,-1.887682794361770777e-01,1.000000000000027756e+00
1.761000000000000000e+03,1.106468932594325088e+04,7.562957006788731396e-03,-7.562957006788731396e-03,1.000000000000003109e+00
1.768000000000000000e+03,1.110867162309350897e+04,-1.922110825963772585e-01,-1.922110825963772585e-01,1.000000000000007994e+00
1.775000000000000000e+03,1.115265392024376524e+04,4.058692211575845032e-01,-4.058692211575845032e-01,9.999999999999658051e-01
1.782000000000000000e+03,1.119663621739402333e+04,-2.706855798521713430e-01,-2.706855798521713430e-01,1.000000000000012212e+00
1.789000000000000000e+03,1.124061851454427961e+04,2.494181050850196313e-01,-2.494181050850196313e-01,1.000000000000046851e+00
1.796000000000000000e+03,1.128460081169453770e+04,-4.952558522913643735e-01,-4.952558522913643735e-01,1.000000000000020872e+00
1.803000000000000000e+03,1.132858310884479397e+04,4.457564567693210744e-01,-4.457564567693210744e-01,9.999999999999925615e-01
1.810000000000000000e+03,1.137256540599505024e+04,-3.344921859499989103e-01,-3.344921859499989103e-01,1.000000000000008438e+00
1.817000000000000000e+03,1.141654770314530833e+04,2.373503756203174109e-01,-2.373503756203174109e-01,9.999999999999923395e-01
1.824000000000000000e+03,1.146053000029556461e+04,-4.934771434845161009e-01,-4.934771434845161009e-01,1.000000000000000888e+00
1.831000000000000000e+03,1.150451229744582270e+04,5.615288729210348162e-01,-5.615288729210348162e-01,1.000000000000056843e+00
1.838000000000000000e+03,1.154849459459607897e+04,-9.300097631879222781e-02,-9.300097631879222781e-02,1.000000000000020206e+00
1.845000000000000000e+03,1.159247689174633706e+04,1.904776319957731112e-01,-1.904776319957731112e-01,1.000000000000001998e+00
1.853000000000000000e+03,1.164274237420377358e+04,3.306830649827118274e-01,-3.306830649827118274e-01,9.999999999999817923e-01
1.860000000000000000e+03,1.168672467135402985e+04,-3.704858809954102439e-01,-3.704858809954102439e-01,1.000000000000017764e+00
1.867000000000000000e+03,1.173070696850428794e+04,1.671769967608045249e-01,-1.671769967608045249e-01,1.000000000000044853e+00
1.874000000000000000e+03,1.177468926565454422e+04,7.540727048591117088e-02,7.540727048591117088e-02,1.000000000000026645e+00
1.882000000000000000e+03,1.182495474811198073e+04,1.519266187453655603e-01,1.519266187453655603e-01,1.000000000000011102e+00
1.889000000000000000e+03,1.186893704526223883e+04,1.454110838852881726e-01,-1.454110838852881726e-01,1.000000000000003775e+00
1.896000000000000000e+03,1.191291934241249510e+04,1.298563903460477897e-01,1.298563903460477897e-01,1.000000000000009992e+00
1.904000000000000000e+03,1.196318482486993162e+04,2.181340121110216801e-01,2.181340121110216801e-01,1.000000000000010880e+00
1.911000000000000000e+03,1.200716712202018971e+04,-3.448319980892473602e-01,3.448319980892473602e-01,1.000000000000061506e+00
1.919000000000000000e+03,1.205743260447762623e+04,-2.681942741579574907e-01,2.681942741579574907e-01,1.000000000000026867e+00
1.926000000000000000e+03,1.210141490162788250e+04,4.096885760349096572e-01,4.096885760349096572e-01,1.000000000000019096e+00
1.934000000000000000e+03,1.215168038408531902e+04,3.985851836794724878e-01,3.985851836794724878e-01,1.000000000000003331e+00
1.941000000000000000e+03,1.219566268123557711e+04,-2.367720243389048740e-01,2.367720243389048740e-01,1.000000000000038858e+00
1.949000000000000000e+03,1.224592816369301363e+04,-3.180887309721782685e-01,3.180887309721782685e-01,1.000000000000066391e+00
1.956000000000000000e+03,1.228991046084326990e+04,8.290870303005559716e-01,8.290870303005559716e-01,1.000000000000040634e+00
1.964000000000000000e+03,1.234017594330070824e+04,2.664955383601156358e-01,2.664955383601156358e-01,1.000000000000016209e+00
1.971000000000000000e+03,1.238415824045096451e+04,-2.029536137360226644e-01,2.029536137360226644e-01,1.000000000000040856e+00
1.979000000000000000e+03,1.243442372290840103e+04,-3.413540361209447260e-01,3.413540361209447260e-01,1.000000000000027089e+00
1.987000000000000000e+03,1.248468920536583755e+04,-4.086178572106984319e-01,4.086178572106984319e-01,1.000000000000048850e+00
1.995000000000000000e+03,1.253495468782327407e+04,-2.428399931694352198e-01,2.428399931694352198e-01,1.000000000000059730e+00
2.002000000000000000e+03,1.257893698497353216e+04,6.911352589154107218e-02,6.911352589154107218e-02,1.000000000000016875e+00
2.010000000000000000e+03,1.262920246743096868e+04,2.677510339554773147e-02,2.677510339554773147e-02,1.000000000000031752e+00
2.018000000000000000e+03,1.267946794988840520e+04,2.553282632181977929e-01,2.553282632181977929e-01,1.000000000000042855e+00
2.026000000000000000e+03,1.272973343234584172e+04,-1.235473370002795335e-01,-1.235473370002795335e-01,1.000000000000042411e+00
2.034000000000000000e+03,1.277999891480327824e+04,-7.168705165009575664e-02,-7.168705165009575664e-02,1.000000000000056621e+00
2.042000000000000000e+03,1.283026439726071476e+04,-2.153204428737212628e-01,-2.153204428737212628e-01,1.000000000000053513e+00
2.050000000000000000e+03,1.288052987971815128e+04,-1.716853517853248745e-01,-1.716853517853248745e-01,1.000000000000025091e+00
2.057000000000000000e+03,1.292451217686840937e+04,3.126705793969662972e-01,-3.126705793969662972e-01,1.000000000000026645e+00
2.065000000000000000e+03,1.297477765932584589e+04,2.990838915134403919e-01,-2.990838915134403919e-01,1.000000000000051292e+00
2.074000000000000000e+03,1.303132632709046266e+04,-1.675589304524142120e-01,-1.675589304524142120e-01,1.000000000000082157e+00
2.082000000000000000e+03,1.308159180954789917e+04,-6.951417563883788286e-01,-6.951417563883788286e-01,1.000000000000013767e+00
2.090000000000000000e+03,1.313185729200533569e+04,-3.684938948261265446e-01,-3.684938948261265446e-01,1.000000000000041078e+00
2.098000000000000000e+03,1.318212277446277221e+04,-1.368896644546049868e-01,-1.368896644546049868e-01,1.000000000000053291e+00
2.106000000000000000e+03,1.323238825692020873e+04,-3.647921451775436030e-01,-3.647921451775436030e-01,1.000000000000057732e+00
2.114000000000000000e+03,1.328265373937764525e+04,-6.019704898514854907e-01,-6.019704898514854907e-01,1.000000000000057288e+00
2.122000000000000000e+03,1.333291922183508177e+04,-2.999616577248596094e-01,-2.999616577248596094e-01,1.000000000000069056e+00
2.131000000000000000e+03,1.338946788959969854e+04,1.563575936553099899e-01,-1.563575936553099899e-01,1.000000000000044853e+00
2.139000000000000000e+03,1.343973337205713506e+04,2.683385243405113640e-01,-2.683385243405113640e-01,1.000000000000045963e+00
2.147000000000000000e+03,1.348999885451457158e+04,1.668806816252085268e-01,-1.668806816252085268e-01,1.000000000000073053e+00
2.156000000000000000e+03,1.354654752227918834e+04,-2.296841036472616754e-02,-2.296841036472616754e-02,1.000000000000071276e+00
2.164000000000000000e+03,1.359681300473662486e+04,-1.219024611067353464e-02,-1.219024611067353464e-02,1.000000000000048184e+00
2.172000000000000000e+03,1.364707848719406138e+04,3.133740225528970635e-02,3.133740225528970635e-02,1.000000000000072831e+00
2.181000000000000000e+03,1.370362715495867815e+04,-2.230977764617369796e-01,2.230977764617369796e-01,1.000000000000051070e+00
2.189000000000000000e+03,1.375389263741611467e+04,-2.690928095814879017e-01,2.690928095814879017e-01,1.000000000000066391e+00
2.198000000000000000e+03,1.381044130518073143e+04,1.745139143223738698e-01,1.745139143223738698e-01,1.000000000000095923e+00
2.206000000000000000e+03,1.386070678763816795e+04,2.397942013106790782e-01,2.397942013106790782e-01,1.000000000000037970e+00
2.215000000000000000e+03,1.391725545540278290e+04,-5.476993636203808524e-01,5.476993636203808524e-01,1.000000000000058176e+00
2.224000000000000000e+03,1.397380412316739967e+04,2.522873524996127048e-01,2.522873524996127048e-01,1.000000000000059064e+00
2.232000000000000000e+03,1.402406960562483619e+04,2.490399675073953767e-01,2.490399675073953767e-01,1.000000000000086819e+00
2.241000000000000000e+03,1.408061827338945295e+04,-6.492398587672236765e-01,6.492398587672236765e-01,1.000000000000054845e+00
2.250000000000000000e+03,1.413716694115406972e+04,2.635306365002926254e-01,2.635306365002926254e-01,1.000000000000059730e+00
2.259000000000000000e+03,1.419371560891868467e+04,-2.020457855441666062e-01,2.020457855441666062e-01,1.000000000000048406e+00
2.267000000000000000e+03,1.424398109137612119e+04,-2.952062415831845366e-01,2.952062415831845366e-01,1.000000000000069500e+00
2.276000000000000000e+03,1.430052975914073795e+04,2.445573511449826154e-01,2.445573511449826154e-01,1.000000000000102363e+00
2.285000000000000000e+03,1.435707842690535472e+04,-1.664782342628648715e-01,1.664782342628648715e-01,1.000000000000039524e+00
2.294000000000000000e+03,1.441362709466997148e+04,5.913671811726950445e-02,5.913671811726950445e-02,1.000000000000059952e+00
2.303000000000000000e+03,1.447017576243458643e+04,6.154881752986295085e-02,-6.154881752986295085e-02,1.000000000000057954e+00
2.312000000000000000e+03,1.452672443019920320e+04,-2.154741660454607133e-01,-2.154741660454607133e-01,1.000000000000094147e+00
2.321000000000000000e+03,1.458327309796381996e+04,-2.360062442896720264e-02,2.360062442896720264e-02,1.000000000000070832e+00
2.330000000000000000e+03,1.463982176572843673e+04,-1.242072754094998427e-01,-1.242072754094998427e-01,1.000000000000081490e+00
2.339000000000000000e+03,1.469637043349305168e+04,5.159941682046560452e-01,-5.159941682046560452e-01,1.000000000000046851e+00
2.348000000000000000e+03,1.475291910125766844e+04,-4.110166875019458654e-01,-4.110166875019458654e-01,1.000000000000087708e+00
2.357000000000000000e+03,1.480946776902228521e+04,7.961637831310289237e-02,-7.961637831310289237e-02,1.000000000000105027e+00
2.366000000000000000e+03,1.486601643678690016e+04,-4.159306146358199285e-01,-4.159306146358199285e-01,1.000000000000033973e+00
2.375000000000000000e+03,1.492256510455151692e+04,4.899719669315594772e-01,-4.899719669315594772e-01,1.000000000000077272e+00
2.385000000000000000e+03,1.498539695762331394e+04,3.035061446233311422e-01,-3.035061446233311422e-01,1.000000000000065503e+00
2.394000000000000000e+03,1.504194562538792889e+04,-2.795648354432023197e-01,-2.795648354432023197e-01,1.000000000000109690e+00
2.403000000000000000e+03,1.509849429315254565e+04,3.451770374184732759e-01,-3.451770374184732759e-01,1.000000000000069278e+00
2.413000000000000000e+03,1.516132614622434085e+04,1.269520469764545134e-01,-1.269520469764545134e-01,1.000000000000047296e+00
2.422000000000000000e+03,1.521787481398895761e+04,-2.376305360966350366e-01,-2.376305360966350366e-01,1.000000000000067724e+00
2.432000000000000000e+03,1.528070666706075281e+04,2.939311496176016253e-02,2.939311496176016253e-02,1.000000000000084599e+00
2.441000000000000000e+03,1.533725533482536957e+04,-1.311474339671822587e-01,1.311474339671822587e-01,1.000000000000059730e+00
2.450000000000000000e+03,1.539380400258998634e+04,-5.093688386909493715e-02,-5.093688386909493715e-02,1.000000000000041300e+00
2.460000000000000000e+03,1.545663585566178153e+04,1.519313287791912992e-01,1.519313287791912992e-01,1.000000000000063727e+00
2.470000000000000000e+03,1.551946770873357855e+04,3.774247521242177772e-01,3.774247521242177772e-01,1.000000000000074829e+00
2.479000000000000000e+03,1.557601637649819349e+04,-2.029020414901334668e-01,2.029020414901334668e-01,1.000000000000091926e+00
2.489000000000000000e+03,1.563884822956999051e+04,-1.839515494358836545e-01,1.839515494358836545e-01,1.000000000000052403e+00
2.499000000000000000e+03,1.570168008264178570e+04,-6.105265836932285417e-01,6.105265836932285417e-01,1.000000000000056843e+00
2.508000000000000000e+03,1.575822875040640247e+04,3.230897823526122092e-01,3.230897823526122092e-01,1.000000000000088596e+00
2.518000000000000000e+03,1.582106060347819766e+04,2.071417079683507967e-01,2.071417079683507967e-01,1.000000000000070388e+00
2.528000000000000000e+03,1.588389245654999468e+04,4.323250137788794412e-01,4.323250137788794412e-01,1.000000000000034639e+00
2.538000000000000000e+03,1.594672430962178987e+04,2.182407001070246211e-01,2.182407001070246211e-01,1.000000000000065947e+00
2.548000000000000000e+03,1.600955616269358507e+04,3.655979091436678541e-01,3.655979091436678541e-01,1.000000000000055289e+00
2.557000000000000000e+03,1.606610483045820183e+04,-1.831155315291552732e-01,1.831155315291552732e-01,1.000000000000087930e+00
2.567000000000000000e+03,1.612893668352999703e+04,1.364953275484306061e-01,-1.364953275484306061e-01,1.000000000000041078e+00
2.577000000000000000e+03,1.619176853660179404e+04,-1.450965125436431691e-01,1.450965125436431691e-01,1.000000000000039080e+00
2.587000000000000000e+03,1.625460038967358923e+04,5.098250228781570081e-02,-5.098250228781570081e-02,1.000000000000070166e+00
2.597000000000000000e+03,1.631743224274538625e+04,3.479089455923177754e-01,-3.479089455923177754e-01,1.000000000000065503e+00
2.608000000000000000e+03,1.638654728112435987e+04,-1.294709261716227855e-01,-1.294709261716227855e-01,1.000000000000030198e+00
2.618000000000000000e+03,1.644937913419615506e+04,-2.420964614214642929e-01,-2.420964614214642929e-01,1.000000000000066613e+00
2.628000000000000000e+03,1.651221098726795390e+04,-4.061149234924782414e-01,-4.061149234924782414e-01,1.000000000000047962e+00
2.638000000000000000e+03,1.657504284033974909e+04,-3.351078955920466784e-01,-3.351078955920466784e-01,1.000000000000069500e+00
2.648000000000000000e+03,1.663787469341154429e+04,-3.597659099294876484e-01,-3.597659099294876484e-01,1.000000000000027756e+00
2.659000000000000000e+03,1.670698973179051973e+04,5.200757954248818038e-01,-5.200757954248818038e-01,1.000000000000048628e+00
2.669000000000000000e+03,1.676982158486231492e+04,1.792490413069648958e-01,-1.792490413069648958e-01,1.000000000000045519e+00
2.679000000000000000e+03,1.683265343793411012e+04,4.461649179015141908e-01,-4.461649179015141908e-01,1.000000000000056843e+00
2.690000000000000000e+03,1.690176847631308556e+04,-5.440814010067714090e-02,-5.440814010067714090e-02,1.000000000000019762e+00
2.700000000000000000e+03,1.696460032938488439e+04,-1.135313564032236766e-01,-1.135313564032236766e-01,1.000000000000025979e+00
2.711000000000000000e+03,1.703371536776385983e+04,2.417719561159346608e-01,-2.417719561159346608e-01,1.000000000000062617e+00
2.721000000000000000e+03,1.709654722083565503e+04,-1.970034272084953963e-01,1.970034272084953963e-01,1.000000000000031308e+00
2.732000000000000000e+03,1.716566225921463047e+04,1.415003242853835608e-01,1.415003242853835608e-01,1.000000000000016431e+00
2.743000000000000000e+03,1.723477729759360591e+04,-1.004525180796295020e-01,1.004525180796295020e-01,1.000000000000043743e+00
2.753000000000000000e+03,1.729760915066540110e+04,-3.019744938073520846e-01,3.019744938073520846e-01,1.000000000000021538e+00
2.764000000000000000e+03,1.736672418904437654e+04,3.850969847571554805e-01,3.850969847571554805e-01,1.000000000000035527e+00
2.775000000000000000e+03,1.743583922742335199e+04,-3.758671547136929192e-01,3.758671547136929192e-01,1.000000000000010658e+00
2.786000000000000000e+03,1.750495426580232743e+04,3.443664859798991618e-01,3.443664859798991618e-01,1.000000000000022204e+00
2.796000000000000000e+03,1.756778611887412262e+04,2.840801186808092349e-01,2.840801186808092349e-01,1.000000000000040412e+00
2.807000000000000000e+03,1.763690115725309806e+04,-5.873340514210163565e-01,5.873340514210163565e-01,1.000000000000008216e+00
2.818000000000000000e+03,1.770601619563207350e+04,2.411768428686491550e-01,2.411768428686491550e-01,1.000000000000009104e+00
2.829000000000000000e+03,1.777513123401104895e+04,-6.140790931516476592e-02,6.140790931516476592e-02,1.000000000000018430e+00
2.840000000000000000e+03,1.784424627239002439e+04,3.981844607928367585e-01,3.981844607928367585e-01,1.000000000000053069e+00
2.851000000000000000e+03,1.791336131076899983e+04,1.929710857695897674e-01,-1.929710857695897674e-01,9.999999999999793499e-01
2.862000000000000000e+03,1.798247634914797527e+04,7.653629641736449038e-03,7.653629641736449038e-03,1.000000000000019096e+00
2.874000000000000000e+03,1.805787457283413096e+04,-1.412267075742957845e-01,-1.412267075742957845e-01,1.000000000000048184e+00
2.885000000000000000e+03,1.812698961121310640e+04,3.701084432297400140e-01,-3.701084432297400140e-01,1.000000000000011990e+00
2.896000000000000000e+03,1.819610464959208184e+04,-2.284074283469176847e-01,-2.284074283469176847e-01,9.999999999999994449e-01
2.907000000000000000e+03,1.826521968797105728e+04,4.223986443975171756e-01,-4.223986443975171756e-01,1.000000000000003997e+00
2.918000000000000000e+03,1.833433472635003272e+04,-3.815989613135566394e-01,-3.815989613135566394e-01,1.000000000000045741e+00
2.930000000000000000e+03,1.840973295003618841e+04,-4.711435781428913172e-01,-4.711435781428913172e-01,9.999999999999547029e-01
2.941000000000000000e+03,1.847884798841516385e+04,4.423214302800514974e-01,-4.423214302800514974e-01,1.000000000000010436e+00
2.953000000000000000e+03,1.855424621210131954e+04,1.007703485684935951e-01,-1.007703485684935951e-01,1.000000000000012434e+00
2.964000000000000000e+03,1.862336125048029498e+04,-6.972064032303142422e-01,-6.972064032303142422e-01,9.999999999999968914e-01
2.976000000000000000e+03,1.869875947416644703e+04,-3.033296811250045522e-02,-3.033296811250045522e-02,9.999999999999684697e-01
2.987000000000000000e+03,1.876787451254542248e+04,1.150138684266124520e-02,-1.150138684266124520e-02,1.000000000000009104e+00
2.999000000000000000e+03,1.884327273623157816e+04,1.113071703739968166e-01,-1.113071703739968166e-01,1.000000000000039524e+00
3.011000000000000000e+03,1.891867095991773385e+04,-2.142228891782461120e-01,2.142228891782461120e-01,9.999999999999583666e-01
3.022000000000000000e+03,1.898778599829670929e+04,8.720958785555810167e-02,8.720958785555810167e-02,1.000000000000016875e+00
3.034000000000000000e+03,1.906318422198286498e+04,4.937239234401800125e-01,4.937239234401800125e-01,1.000000000000016653e+00
3.046000000000000000e+03,1.913858244566902067e+04,3.092773181420537254e-01,3.092773181420537254e-01,1.000000000000012657e+00
3.058000000000000000e+03,1.921398066935517636e+04,3.950169331833851549e-01,3.950169331833851549e-01,9.999999999999695799e-01
3.070000000000000000e+03,1.928937889304132841e+04,4.614260297132491973e-01,4.614260297132491973e-01,1.000000000000029088e+00
3.082000000000000000e+03,1.936477711672748410e+04,1.532643467958942352e-01,1.532643467958942352e-01,1.000000000000007772e+00
3.094000000000000000e+03,1.944017534041363979e+04,6.004370490275428018e-01,6.004370490275428018e-01,9.999999999999846789e-01
3.106000000000000000e+03,1.951557356409979548e+04,8.298425977125273301e-02,8.298425977125273301e-02,1.000000000000010880e+00
3.118000000000000000e+03,1.959097178778595116e+04,1.338345700757896939e-01,1.338345700757896939e-01,1.000000000000017097e+00
3.130000000000000000e+03,1.966637001147210322e+04,8.439596055886289250e-02,8.439596055886289250e-02,9.999999999999870104e-01
3.142000000000000000e+03,1.974176823515825890e+04,-1.541963432474509066e-01,-1.541963432474509066e-01,1.000000000000005995e+00
3.154000000000000000e+03,1.981716645884441459e+04,-9.107360102122280532e-02,-9.107360102122280532e-02,1.000000000000017986e+00
3.167000000000000000e+03,1.989884786783775053e+04,1.664047724426450103e-01,-1.664047724426450103e-01,9.999999999999771294e-01
3.179000000000000000e+03,1.997424609152390622e+04,2.882845009285365800e-01,-2.882845009285365800e-01,1.000000000000007327e+00
3.191000000000000000e+03,2.004964431521005827e+04,5.773505128160121291e-01,-5.773505128160121291e-01,1.000000000000005107e+00
3.204000000000000000e+03,2.013132572420339420e+04,-2.677644047228572299e-01,-2.677644047228572299e-01,1.000000000000020206e+00
3.216000000000000000e+03,2.020672394788954989e+04,-4.056655907114108950e-01,-4.056655907114108950e-01,9.999999999999653610e-01
3.229000000000000000e+03,2.028840535688288219e+04,3.719915435047612684e-01,-3.719915435047612684e-01,1.000000000000039302e+00
3.241000000000000000e+03,2.036380358056903788e+04,1.006964597653819127e-01,-1.006964597653819127e-01,1.000000000000013323e+00
3.254000000000000000e+03,2.044548498956237381e+04,-2.680412214286467809e-01,-2.680412214286467809e-01,1.000000000000000666e+00
3.266000000000000000e+03,2.052088321324852950e+04,5.453959879129959346e-03,5.453959879129959346e-03,1.000000000000010658e+00
3.279000000000000000e+03,2.060256462224186180e+04,9.182044342473622001e-02,-9.182044342473622001e-02,1.000000000000029310e+00
3.292000000000000000e+03,2.068424603123519773e+04,2.670615980909273324e-01,2.670615980909273324e-01,9.999999999999865663e-01
3.305000000000000000e+03,2.076592744022853367e+04,-2.356752292665469789e-02,2.356752292665469789e-02,1.000000000000042855e+00
3.318000000000000000e+03,2.084760884922186597e+04,5.994429256370110704e-01,5.994429256370110704e-01,1.000000000000018208e+00
3.331000000000000000e+03,2.092929025821520190e+04,-1.637490771718178584e-01,1.637490771718178584e-01,1.000000000000001998e+00
3.343000000000000000e+03,2.100468848190135759e+04,-3.452041737908757568e-01,3.452041737908757568e-01,1.000000000000021538e+00
3.356000000000000000e+03,2.108636989089468989e+04,4.364902044305025153e-01,4.364902044305025153e-01,1.000000000000041744e+00
3.370000000000000000e+03,2.117433448519520607e+04,9.211988374981695815e-02,9.211988374981695815e-02,1.000000000000016431e+00
3.383000000000000000e+03,2.125601589418854201e+04,-3.227294009644378070e-01,3.227294009644378070e-01,1.000000000000051070e+00
3.396000000000000000e+03,2.133769730318187430e+04,2.367020534871852044e-01,2.367020534871852044e-01,1.000000000000022427e+00
3.409000000000000000e+03,2.141937871217521024e+04,-1.425171147145682105e-01,1.425171147145682105e-01,1.000000000000032196e+00
3.422000000000000000e+03,2.150106012116854254e+04,-1.766229645391993452e-01,-1.766229645391993452e-01,1.000000000000021094e+00
3.436000000000000000e+03,2.158902471546905872e+04,1.077478993750111483e-02,1.077478993750111483e-02,1.000000000000069056e+00
3.449000000000000000e+03,2.167070612446239465e+04,4.902073874220560512e-01,-4.902073874220560512e-01,1.000000000000032419e+00
3.462000000000000000e+03,2.175238753345572695e+04,-2.432788819671450331e-01,-2.432788819671450331e-01,1.000000000000044187e+00
3.476000000000000000e+03,2.184035212775624314e+04,-5.262585385337449351e-01,-5.262585385337449351e-01,1.000000000000042411e+00
3.489000000000000000e+03,2.192203353674957543e+04,2.225184049772029049e-01,-2.225184049772029049e-01,1.000000000000036859e+00
3.503000000000000000e+03,2.200999813105009162e+04,4.588735683827042111e-01,-4.588735683827042111e-01,1.000000000000032863e+00
3.517000000000000000e+03,2.209796272535060416e+04,2.365285151803507291e-01,-2.365285151803507291e-01,1.000000000000060618e+00
3.530000000000000000e+03,2.217964413434394010e+04,-2.725323813210492677e-02,-2.725323813210492677e-02,1.000000000000044631e+00
3.544000000000000000e+03,2.226760872864445264e+04,-3.667944682233043041e-02,-3.667944682233043041e-02,1.000000000000076827e+00
3.558000000000000000e+03,2.235557332294496882e+04,-1.633139132693601225e-01,-1.633139132693601225e-01,1.000000000000072609e+00
3.572000000000000000e+03,2.244353791724548137e+04,5.000792681715028332e-01,5.000792681715028332e-01,1.000000000000019540e+00
3.586000000000000000e+03,2.253150251154599755e+04,1.459062943342748220e-01,1.459062943342748220e-01,1.000000000000091038e+00
3.600000000000000000e+03,2.261946710584651009e+04,3.512909247372910104e-01,3.512909247372910104e-01,1.000000000000047740e+00
3.614000000000000000e+03,2.270743170014702628e+04,2.996740073071475496e-01,2.996740073071475496e-01,1.000000000000050404e+00
3.628000000000000000e+03,2.279539629444753882e+04,4.342738680591817224e-01,4.342738680591817224e-01,1.000000000000085043e+00
3.642000000000000000e+03,2.288336088874805137e+04,2.704440113686281677e-01,2.704440113686281677e-01,1.000000000000089706e+00
3.656000000000000000e+03,2.297132548304856755e+04,3.230006072500387071e-01,3.230006072500387071e-01,1.000000000000036193e+00
3.670000000000000000e+03,2.305929007734908009e+04,1.059545374858174016e-01,1.059545374858174016e-01,1.000000000000107914e+00
3.684000000000000000e+03,2.314725467164959628e+04,1.091789614774378026e-01,1.091789614774378026e-01,1.000000000000055289e+00
3.699000000000000000e+03,2.324150245125728907e+04,1.874543083765423668e-01,-1.874543083765423668e-01,1.000000000000043299e+00
3.713000000000000000e+03,2.332946704555780525e+04,1.132454333357976739e-01,-1.132454333357976739e-01,1.000000000000088152e+00
3.728000000000000000e+03,2.342371482516549804e+04,-3.370602978420357276e-01,-3.370602978420357276e-01,1.000000000000058398e+00
3.742000000000000000e+03,2.351167941946601059e+04,-2.660674746170992311e-01,-2.660674746170992311e-01,1.000000000000085265e+00
3.757000000000000000e+03,2.360592719907370702e+04,5.116778412040559054e-01,-5.116778412040559054e-01,1.000000000000075717e+00
3.771000000000000000e+03,2.369389179337421956e+04,3.286012351358399419e-01,-3.286012351358399419e-01,1.000000000000085487e+00
3.786000000000000000e+03,2.378813957298191235e+04,-4.373311424634357403e-01,-4.373311424634357403e-01,1.000000000000097478e+00
3.801000000000000000e+03,2.388238735258960878e+04,1.320337655507985986e-01,-1.320337655507985986e-01,1.000000000000076827e+00
3.815000000000000000e+03,2.397035194689012133e+04,3.468569742675791101e-01,-3.468569742675791101e-01,1.000000000000071720e+00
3.830000000000000000e+03,2.406459972649781412e+04,1.367978710287085786e-01,1.367978710287085786e-01,1.000000000000096145e+00
3.845000000000000000e+03,2.415884750610551055e+04,9.359800592250264173e-02,-9.359800592250264173e-02,1.000000000000076827e+00
3.860000000000000000e+03,2.425309528571320334e+04,3.729135438874391362e-01,3.729135438874391362e-01,1.000000000000051070e+00
3.875000000000000000e+03,2.434734306532089613e+04,-2.357561516898866727e-01,2.357561516898866727e-01,1.000000000000099476e+00
3.890000000000000000e+03,2.444159084492858892e+04,4.565306495737720960e-01,4.565306495737720960e-01,1.000000000000056177e+00
3.905000000000000000e+03,2.453583862453628535e+04,-3.388644186655977997e-01,3.388644186655977997e-01,1.000000000000089262e+00
3.921000000000000000e+03,2.463636958945115839e+04,-1.899255079439449712e-01,1.899255079439449712e-01,1.000000000000074385e+00
3.936000000000000000e+03,2.473061736905885118e+04,3.824651691787397390e-01,3.824651691787397390e-01,1.000000000000044631e+00
3.951000000000000000e+03,2.482486514866654397e+04,-1.895359988374322180e-01,1.895359988374322180e-01,1.000000000000104361e+00
3.967000000000000000e+03,2.492539611358141701e+04,-2.833311675050358136e-02,2.833311675050358136e-02,1.000000000000073497e+00
3.982000000000000000e+03,2.501964389318911344e+04,-1.338120550775351303e-01,-1.338120550775351303e-01,1.000000000000052403e+00
3.998000000000000000e+03,2.512017485810398648e+04,-3.092246824221785984e-01,-3.092246824221785984e-01,1.000000000000098588e+00
4.013000000000000000e+03,2.521442263771167927e+04,3.270066703991751922e-01,-3.270066703991751922e-01,1.000000000000045075e+00
4.029000000000000000e+03,2.531495360262655231e+04,2.338041620847909619e-01,-2.338041620847909619e-01,1.000000000000094591e+00
4.044000000000000000e+03,2.540920138223424510e+04,-5.617868456538647193e-01,-5.617868456538647193e-01,1.000000000000070610e+00
4.060000000000000000e+03,2.550973234714912178e+04,-2.599136994613188700e-01,-2.599136994613188700e-01,1.000000000000049960e+00
4.076000000000000000e+03,2.561026331206399482e+04,-4.124245773802702741e-01,-4.124245773802702741e-01,1.000000000000103917e+00
4.092000000000000000e+03,2.571079427697886786e+04,-1.773311786564723061e-02,-1.773311786564723061e-02,1.000000000000043521e+00
4.108000000000000000e+03,2.581132524189374089e+04,2.071029824227476474e-02,2.071029824227476474e-02,1.000000000000091704e+00
4.124000000000000000e+03,2.591185620680861393e+04,2.081799049744318675e-01,2.081799049744318675e-01,1.000000000000062839e+00
4.140000000000000000e+03,2.601238717172348697e+04,2.700431657076386438e-01,2.700431657076386438e-01,1.000000000000026423e+00
4.156000000000000000e+03,2.611291813663836001e+04,1.903684452223924628e-01,1.903684452223924628e-01,1.000000000000087041e+00
4.172000000000000000e+03,2.621344910155323305e+04,5.151468866473376540e-01,5.151468866473376540e-01,1.000000000000038414e+00
4.188000000000000000e+03,2.631398006646810609e+04,2.366374009678939294e-01,2.366374009678939294e-01,1.000000000000055955e+00
4.205000000000000000e+03,2.642079421669015937e+04,-3.684695370573105588e-01,3.684695370573105588e-01,1.000000000000044853e+00
4.221000000000000000e+03,2.652132518160503241e+04,-1.695280506235284923e-01,1.695280506235284923e-01,1.000000000000016209e+00
4.237000000000000000e+03,2.662185614651990545e+04,-1.221807458400202551e-01,1.221807458400202551e-01,1.000000000000067724e+00
4.254000000000000000e+03,2.672867029674195874e+04,-6.222958122561942501e-02,-6.222958122561942501e-02,1.000000000000026645e+00
4.270000000000000000e+03,2.682920126165683178e+04,-2.051157105327880426e-01,-2.051157105327880426e-01,1.000000000000046407e+00
4.287000000000000000e+03,2.693601541187888506e+04,1.649277859634160903e-01,-1.649277859634160903e-01,1.000000000000034417e+00
4.304000000000000000e+03,2.704282956210093835e+04,-4.389234771195960061e-01,-4.389234771195960061e-01,1.000000000000027089e+00
4.320000000000000000e+03,2.714336052701581139e+04,-2.660964870816217576e-01,-2.660964870816217576e-01,1.000000000000024203e+00
4.337000000000000000e+03,2.725017467723786467e+04,2.613462590481019365e-01,-2.613462590481019365e-01,1.000000000000018430e+00
4.354000000000000000e+03,2.735698882745991796e+04,-3.255746763777855879e-01,-3.255746763777855879e-01,1.000000000000032641e+00
4.371000000000000000e+03,2.746380297768197124e+04,1.119125662260476439e-01,-1.119125662260476439e-01,1.000000000000003553e+00
4.388000000000000000e+03,2.757061712790402453e+04,1.530774616366516357e-02,1.530774616366516357e-02,1.000000000000011990e+00
4.405000000000000000e+03,2.767743127812607781e+04,3.599487924543169626e-02,-3.599487924543169626e-02,9.999999999999852340e-01
4.422000000000000000e+03,2.778424542834813110e+04,3.643223058028455252e-01,3.643223058028455252e-01,9.999999999999883427e-01
4.439000000000000000e+03,2.789105957857018439e+04,-9.303243670438576807e-02,9.303243670438576807e-02,1.000000000000031308e+00
4.457000000000000000e+03,2.800415691409941428e+04,-6.561365703484313139e-01,6.561365703484313139e-01,1.000000000000005551e+00
4.474000000000000000e+03,2.811097106432146757e+04,1.628768900952067833e-01,1.628768900952067833e-01,1.000000000000017097e+00
4.492000000000000000e+03,2.822406839985070110e+04,2.862997500101592263e-01,2.862997500101592263e-01,1.000000000000023981e+00
4.509000000000000000e+03,2.833088255007275438e+04,-3.159862870329990248e-01,3.159862870329990248e-01,1.000000000000020872e+00
4.527000000000000000e+03,2.844397988560198792e+04,-7.036005219685369412e-03,7.036005219685369412e-03,9.999999999999885647e-01
4.544000000000000000e+03,2.855079403582404120e+04,-7.824538205740114161e-02,-7.824538205740114161e-02,1.000000000000004441e+00
4.562000000000000000e+03,2.866389137135327110e+04,-2.214825389944306000e-01,-2.214825389944306000e-01,1.000000000000007550e+00
4.580000000000000000e+03,2.877698870688250463e+04,-5.330897374235897823e-01,-5.330897374235897823e-01,9.999999999999713562e-01
4.597000000000000000e+03,2.888380285710455792e+04,2.832421774054314501e-01,-2.832421774054314501e-01,1.000000000000037081e+00
4.615000000000000000e+03,2.899690019263379145e+04,6.237167238651328827e-01,-6.237167238651328827e-01,1.000000000000001998e+00
4.633000000000000000e+03,2.910999752816302134e+04,3.217006043506884794e-01,-3.217006043506884794e-01,1.000000000000019096e+00
4.651000000000000000e+03,2.922309486369225488e+04,-4.464041038676517387e-02,4.464041038676517387e-02,1.000000000000007327e+00
4.669000000000000000e+03,2.933619219922148841e+04,1.390488762374033072e-01,-1.390488762374033072e-01,1.000000000000034417e+00
4.688000000000000000e+03,2.945557272005789855e+04,1.947899403325630829e-01,1.947899403325630829e-01,9.999999999999948930e-01
4.706000000000000000e+03,2.956867005558713208e+04,3.267037351372463760e-01,3.267037351372463760e-01,9.999999999999725775e-01
4.724000000000000000e+03,2.968176739111636562e+04,3.490938745214383077e-01,3.490938745214383077e-01,1.000000000000014877e+00
4.742000000000000000e+03,2.979486472664559915e+04,5.384601863095128671e-01,5.384601863095128671e-01,9.999999999999956701e-01
4.761000000000000000e+03,2.991424524748200929e+04,-3.538127947683602503e-01,3.538127947683602503e-01,1.000000000000015765e+00
4.779000000000000000e+03,3.002734258301124282e+04,-1.038151938296869303e-01,1.038151938296869303e-01,1.000000000000022871e+00
4.798000000000000000e+03,3.014672310384765296e+04,1.774380245399724554e-01,1.774380245399724554e-01,1.000000000000066391e+00
4.817000000000000000e+03,3.026610362468406674e+04,5.611358438046873398e-02,-5.611358438046873398e-02,1.000000000000001998e+00
4.835000000000000000e+03,3.037920096021330028e+04,2.822091715440472326e-01,-2.822091715440472326e-01,1.000000000000037526e+00
4.854000000000000000e+03,3.049858148104971042e+04,-2.649699418525395811e-01,-2.649699418525395811e-01,1.000000000000007994e+00
4.873000000000000000e+03,3.061796200188612420e+04,3.915524399793122168e-01,-3.915524399793122168e-01,1.000000000000066169e+00
4.892000000000000000e+03,3.073734252272253434e+04,-4.131260047318457973e-01,-4.131260047318457973e-01,1.000000000000014877e+00
4.911000000000000000e+03,3.085672304355894812e+04,7.783105194227654677e-02,-7.783105194227654677e-02,1.000000000000037970e+00
4.930000000000000000e+03,3.097610356439536190e+04,-5.498970187679325106e-02,-5.498970187679325106e-02,9.999999999999980016e-01
4.950000000000000000e+03,3.110176727053895229e+04,-1.209233829221836032e-01,-1.209233829221836032e-01,1.000000000000040412e+00
4.969000000000000000e+03,3.122114779137536243e+04,-3.727781910026776169e-01,3.727781910026776169e-01,1.000000000000012434e+00
4.988000000000000000e+03,3.134052831221177621e+04,4.020168659376425202e-01,4.020168659376425202e-01,1.000000000000052625e+00
5.008000000000000000e+03,3.146619201835536660e+04,4.221258123315220212e-01,4.221258123315220212e-01,1.000000000000038636e+00
5.027000000000000000e+03,3.158557253919178038e+04,-4.882430986547759977e-01,4.882430986547759977e-01,1.000000000000058176e+00
5.047000000000000000e+03,3.171123624533537077e+04,-5.768620127182935153e-01,5.768620127182935153e-01,1.000000000000029754e+00
5.066000000000000000e+03,3.183061676617178455e+04,2.020309235732412750e-02,2.020309235732412750e-02,1.000000000000055955e+00
5.086000000000000000e+03,3.195628047231537494e+04,1.018491642328420155e-01,1.018491642328420155e-01,1.000000000000073941e+00
5.106000000000000000e+03,3.208194417845896896e+04,8.330965501044333699e-03,8.330965501044333699e-03,1.000000000000069056e+00
5.126000000000000000e+03,3.220760788460255935e+04,-1.683836873371388210e-01,-1.683836873371388210e-01,1.000000000000048406e+00
5.146000000000000000e+03,3.233327159074614974e+04,-4.684750358175296392e-01,-4.684750358175296392e-01,1.000000000000057288e+00
5.166000000000000000e+03,3.245893529688974377e+04,-1.644030714489598255e-01,-1.644030714489598255e-01,1.000000000000091704e+00
5.186000000000000000e+03,3.258459900303333416e+04,-3.111407542084085875e-01,-3.111407542084085875e-01,1.000000000000078604e+00
5.206000000000000000e+03,3.271026270917692455e+04,-4.096366398782768647e-01,-4.096366398782768647e-01,1.000000000000063283e+00
5.226000000000000000e+03,3.283592641532051493e+04,1.562590615303421082e-01,1.562590615303421082e-01,1.000000000000071054e+00
5.246000000000000000e+03,3.296159012146411260e+04,2.676948932386781221e-01,2.676948932386781221e-01,1.000000000000086153e+00
5.267000000000000000e+03,3.309353701291487960e+04,-2.807978019121300517e-01,2.807978019121300517e-01,1.000000000000076827e+00
5.287000000000000000e+03,3.321920071905846999e+04,-1.899607866878626761e-01,1.899607866878626761e-01,1.000000000000070832e+00
5.308000000000000000e+03,3.335114761050924426e+04,5.951234067263149186e-01,5.951234067263149186e-01,1.000000000000082823e+00
5.329000000000000000e+03,3.348309450196001853e+04,-1.408621923493326433e-01,1.408621923493326433e-01,1.000000000000053069e+00
5.349000000000000000e+03,3.360875820810360892e+04,-1.034296901361425602e-01,1.034296901361425602e-01,1.000000000000068612e+00
5.370000000000000000e+03,3.374070509955437592e+04,-2.035496634509635638e-02,-2.035496634509635638e-02,1.000000000000060618e+00
5.391000000000000000e+03,3.387265199100515019e+04,1.526287374652717313e-02,-1.526287374652717313e-02,1.000000000000098366e+00
5.412000000000000000e+03,3.400459888245591719e+04,-1.265284164531260691e-01,-1.265284164531260691e-01,1.000000000000040412e+00
5.433000000000000000e+03,3.413654577390669147e+04,6.041087004085151646e-01,-6.041087004085151646e-01,1.000000000000071942e+00
5.454000000000000000e+03,3.426849266535746574e+04,-2.024274776937809717e-01,-2.024274776937809717e-01,1.000000000000042633e+00
5.475000000000000000e+03,3.440043955680823274e+04,2.247130091685869691e-01,-2.247130091685869691e-01,1.000000000000077272e+00
5.497000000000000000e+03,3.453866963356618362e+04,1.570801561552262471e-01,-1.570801561552262471e-01,1.000000000000041078e+00
5.518000000000000000e+03,3.467061652501695789e+04,-6.509064681215652459e-02,-6.509064681215652459e-02,1.000000000000087264e+00
5.540000000000000000e+03,3.480884660177490878e+04,1.817481102957120565e-01,1.817481102957120565e-01,1.000000000000047073e+00
5.561000000000000000e+03,3.494079349322567577e+04,-5.864280501535088508e-01,5.864280501535088508e-01,1.000000000000056843e+00
5.583000000000000000e+03,3.507902356998362666e+04,-3.594358307480916004e-01,3.594358307480916004e-01,1.000000000000061950e+00
5.604000000000000000e+03,3.521097046143440093e+04,3.194061410718309624e-01,3.194061410718309624e-01,1.000000000000056843e+00
5.626000000000000000e+03,3.534920053819235181e+04,2.024978161732674531e-01,2.024978161732674531e-01,1.000000000000070388e+00
5.648000000000000000e+03,3.548743061495030270e+04,8.972247235046808267e-02,8.972247235046808267e-02,1.000000000000058176e+00
5.670000000000000000e+03,3.562566069170825358e+04,-1.283668303138854605e-01,-1.283668303138854605e-01,1.000000000000043077e+00
5.692000000000000000e+03,3.576389076846620446e+04,-6.395773105545752291e-01,-6.395773105545752291e-01,1.000000000000020650e+00
5.714000000000000000e+03,3.590212084522415535e+04,-3.968198294027579509e-01,-3.968198294027579509e-01,1.000000000000035083e+00
5.737000000000000000e+03,3.604663410728928284e+04,3.438177209528873735e-01,-3.438177209528873735e-01,9.999999999999891198e-01
5.759000000000000000e+03,3.618486418404723372e+04,1.240716065890692665e-01,-1.240716065890692665e-01,1.000000000000027756e+00
5.781000000000000000e+03,3.632309426080518460e+04,4.778671045686648522e-02,-4.778671045686648522e-02,1.000000000000005995e+00
5.804000000000000000e+03,3.646760752287031937e+04,-4.559448911834007578e-02,-4.559448911834007578e-02,1.000000000000043965e+00
5.826000000000000000e+03,3.660583759962827025e+04,3.324702292974665574e-01,3.324702292974665574e-01,1.000000000000020872e+00
5.849000000000000000e+03,3.675035086169339775e+04,-5.618253405823814273e-01,5.618253405823814273e-01,1.000000000000005773e+00
5.872000000000000000e+03,3.689486412375853251e+04,4.439286830840721843e-01,4.439286830840721843e-01,1.000000000000018430e+00
5.895000000000000000e+03,3.703937738582366001e+04,-3.463159524852617577e-01,3.463159524852617577e-01,9.999999999999615863e-01
5.918000000000000000e+03,3.718389064788879477e+04,-1.788496413173910338e-01,-1.788496413173910338e-01,1.000000000000017097e+00
5.941000000000000000e+03,3.732840390995392227e+04,2.458010986712492740e-01,-2.458010986712492740e-01,9.999999999999612532e-01
5.964000000000000000e+03,3.747291717201904976e+04,-1.455398842178790009e-01,-1.455398842178790009e-01,1.000000000000011990e+00
5.987000000000000000e+03,3.761743043408418453e+04,2.483175636401407371e-01,-2.483175636401407371e-01,1.000000000000020650e+00
6.010000000000000000e+03,3.776194369614931202e+04,-2.877401976476712808e-01,-2.877401976476712808e-01,1.000000000000011102e+00
6.034000000000000000e+03,3.791274014352162339e+04,-3.063377448214671395e-01,-3.063377448214671395e-01,1.000000000000040190e+00
6.057000000000000000e+03,3.805725340558675089e+04,2.711999989993134075e-01,-2.711999989993134075e-01,9.999999999999817923e-01
6.081000000000000000e+03,3.820804985295906226e+04,-2.935367161427164806e-01,2.935367161427164806e-01,1.000000000000022427e+00
6.104000000000000000e+03,3.835256311502419703e+04,4.228008092413008678e-01,4.228008092413008678e-01,9.999999999999952260e-01
6.128000000000000000e+03,3.850335956239650113e+04,5.005234541739457255e-01,5.005234541739457255e-01,1.000000000000002887e+00
6.152000000000000000e+03,3.865415600976881251e+04,4.345611267139816158e-01,4.345611267139816158e-01,1.000000000000005107e+00
6.176000000000000000e+03,3.880495245714112389e+04,2.597062720527286081e-03,2.597062720527286081e-03,9.999999999999749090e-01
6.200000000000000000e+03,3.895574890451343526e+04,5.603533195079232754e-02,5.603533195079232754e-02,9.999999999999987788e-01
6.224000000000000000e+03,3.910654535188574664e+04,-1.539859344967023647e-01,-1.539859344967023647e-01,1.000000000000009326e+00
6.248000000000000000e+03,3.925734179925805802e+04,-2.638580567990642667e-01,-2.638580567990642667e-01,1.000000000000002887e+00
6.273000000000000000e+03,3.941442143193754600e+04,2.149199828426495151e-01,-2.149199828426495151e-01,1.000000000000043521e+00
6.297000000000000000e+03,3.956521787930985738e+04,8.300749940592867804e-02,-8.300749940592867804e-02,1.000000000000011990e+00
6.322000000000000000e+03,3.972229751198934537e+04,-1.402150052090769816e-01,-1.402150052090769816e-01,1.000000000000029088e+00
6.346000000000000000e+03,3.987309395936165674e+04,-2.073189383045374867e-02,-2.073189383045374867e-02,1.000000000000015765e+00
6.371000000000000000e+03,4.003017359204114473e+04,-2.012772839430574667e-01,2.012772839430574667e-01,1.000000000000052403e+00
6.396000000000000000e+03,4.018725322472063272e+04,1.786788927680033889e-01,1.786788927680033889e-01,1.000000000000067502e+00
6.421000000000000000e+03,4.034433285740012070e+04,-2.454101041841186270e-01,2.454101041841186270e-01,1.000000000000024203e+00
6.446000000000000000e+03,4.050141249007961596e+04,3.756685096553759595e-01,3.756685096553759595e-01,1.000000000000065059e+00
6.471000000000000000e+03,4.065849212275910395e+04,-1.410092345275447689e-01,1.410092345275447689e-01,1.000000000000060618e+00
6.496000000000000000e+03,4.081557175543859194e+04,-2.439890188826909223e-01,-2.439890188826909223e-01,1.000000000000053291e+00
6.521000000000000000e+03,4.097265138811807992e+04,1.559214117213720552e-01,-1.559214117213720552e-01,1.000000000000065725e+00
6.546000000000000000e+03,4.112973102079756791e+04,-3.989337668434874140e-01,-3.989337668434874140e-01,1.000000000000049072e+00
6.572000000000000000e+03,4.129309383878423978e+04,-5.984086474150825952e-01,-5.984086474150825952e-01,1.000000000000060840e+00
6.597000000000000000e+03,4.145017347146372776e+04,2.425364952882216873e-01,-2.425364952882216873e-01,1.000000000000106581e+00
6.623000000000000000e+03,4.161353628945039964e+04,3.421732276249285498e-02,-3.421732276249285498e-02,1.000000000000065947e+00
6.649000000000000000e+03,4.177689910743707151e+04,-1.604964202379586813e-01,1.604964202379586813e-01,1.000000000000061062e+00
6.675000000000000000e+03,4.194026192542373610e+04,-4.751456499646639631e-01,4.751456499646639631e-01,1.000000000000100142e+00
6.701000000000000000e+03,4.210362474341040797e+04,-5.881176894805668631e-01,5.881176894805668631e-01,1.000000000000058398e+00
6.727000000000000000e+03,4.226698756139707984e+04,-2.997279864283294293e-01,2.997279864283294293e-01,1.000000000000046407e+00
6.753000000000000000e+03,4.243035037938374444e+04,-1.449321282881880779e-01,1.449321282881880779e-01,1.000000000000108358e+00
6.779000000000000000e+03,4.259371319737041631e+04,2.201223509084009738e-02,-2.201223509084009738e-02,1.000000000000066835e+00
6.806000000000000000e+03,4.276335920066426479e+04,-2.919379550814407698e-01,-2.919379550814407698e-01,1.000000000000071276e+00
6.832000000000000000e+03,4.292672201865093666e+04,-5.414744408227147865e-01,-5.414744408227147865e-01,1.000000000000103251e+00
6.859000000000000000e+03,4.309636802194478514e+04,3.912547842724604652e-01,-3.912547842724604652e-01,1.000000000000066613e+00
6.885000000000000000e+03,4.325973083993144974e+04,7.401672513071189119e-02,-7.401672513071189119e-02,1.000000000000074607e+00
6.912000000000000000e+03,4.342937684322529822e+04,-2.667219933639477548e-03,-2.667219933639477548e-03,1.000000000000089706e+00
6.939000000000000000e+03,4.359902284651914670e+04,-1.398532809459726023e-01,1.398532809459726023e-01,1.000000000000068168e+00
6.966000000000000000e+03,4.376866884981299518e+04,4.000561863100237092e-01,4.000561863100237092e-01,1.000000000000058842e+00
6.993000000000000000e+03,4.393831485310684366e+04,-2.021737672022554388e-01,2.021737672022554388e-01,1.000000000000075273e+00
7.020000000000000000e+03,4.410796085640069214e+04,-3.399537316115932260e-03,-3.399537316115932260e-03,1.000000000000053291e+00
7.048000000000000000e+03,4.428389004500172450e+04,-1.955827646405522424e-01,-1.955827646405522424e-01,1.000000000000028866e+00
7.075000000000000000e+03,4.445353604829557298e+04,3.581019412575314198e-01,-3.581019412575314198e-01,1.000000000000067057e+00
7.103000000000000000e+03,4.462946523689659807e+04,3.504627145238371488e-01,-3.504627145238371488e-01,1.000000000000018208e+00
7.130000000000000000e+03,4.479911124019044655e+04,-4.427348836815164224e-01,-4.427348836815164224e-01,9.999999999999990008e-01
7.158000000000000000e+03,4.497504042879147892e+04,-8.369382555131388290e-02,-8.369382555131388290e-02,1.000000000000059286e+00
7.186000000000000000e+03,4.515096961739250401e+04,1.910698923147706174e-01,1.910698923147706174e-01,1.000000000000016653e+00
7.214000000000000000e+03,4.532689880599353637e+04,2.772163502211391073e-01,2.772163502211391073e-01,1.000000000000005107e+00
7.242000000000000000e+03,4.550282799459456146e+04,2.690726051959123621e-01,2.690726051959123621e-01,1.000000000000038636e+00
7.270000000000000000e+03,4.567875718319559383e+04,3.631052134440312384e-01,3.631052134440312384e-01,1.000000000000030198e+00
7.298000000000000000e+03,4.585468637179661891e+04,2.299130611632654031e-01,2.299130611632654031e-01,1.000000000000034861e+00
7.327000000000000000e+03,4.603689874570482789e+04,-5.605557674885781536e-03,5.605557674885781536e-03,1.000000000000021538e+00
7.355000000000000000e+03,4.621282793430586025e+04,3.139195503578602331e-01,-3.139195503578602331e-01,1.000000000000009992e+00
7.384000000000000000e+03,4.639504030821406195e+04,-3.539472390636907440e-01,-3.539472390636907440e-01,9.999999999999955591e-01
7.413000000000000000e+03,4.657725268212227093e+04,2.574452774830588431e-01,-2.574452774830588431e-01,9.999999999999683586e-01
7.442000000000000000e+03,4.675946505603047990e+04,1.450996443026161820e-01,1.450996443026161820e-01,1.000000000000007550e+00
7.471000000000000000e+03,4.694167742993868887e+04,-3.451629163250097276e-02,3.451629163250097276e-02,1.000000000000003775e+00
7.500000000000000000e+03,4.712388980384689785e+04,3.190615550059300309e-01,3.190615550059300309e-01,1.000000000000005551e+00
7.529000000000000000e+03,4.730610217775510682e+04,-1.946569899669542969e-01,1.946569899669542969e-01,9.999999999999984457e-01
7.558000000000000000e+03,4.748831455166331580e+04,3.221890312654140387e-01,3.221890312654140387e-01,1.000000000000022427e+00
7.587000000000000000e+03,4.767052692557151749e+04,-2.276488570742959613e-02,2.276488570742959613e-02,1.000000000000004663e+00
7.617000000000000000e+03,4.785902248478691035e+04,3.875944294550647262e-01,-3.875944294550647262e-01,9.999999999999873435e-01
7.647000000000000000e+03,4.804751804400229594e+04,7.096121439620755034e-01,-7.096121439620755034e-01,1.000000000000007994e+00
7.676000000000000000e+03,4.822973041791050491e+04,-4.749479675695467140e-01,-4.749479675695467140e-01,1.000000000000020206e+00
7.706000000000000000e+03,4.841822597712589049e+04,-3.389919060801664941e-01,-3.389919060801664941e-01,1.000000000000009770e+00
7.736000000000000000e+03,4.860672153634127608e+04,-4.595663242193332582e-02,-4.595663242193332582e-02,9.999999999999842348e-01
7.766000000000000000e+03,4.879521709555666894e+04,2.187113877046759913e-01,2.187113877046759913e-01,1.000000000000043521e+00
7.797000000000000000e+03,4.898999584007923113e+04,-3.868438966087675013e-01,3.868438966087675013e-01,1.000000000000041744e+00
7.827000000000000000e+03,4.917849139929462399e+04,-2.645708899804414260e-01,2.645708899804414260e-01,1.000000000000033973e+00
7.857000000000000000e+03,4.936698695851000957e+04,-1.646379472550343059e-01,1.646379472550343059e-01,1.000000000000016209e+00
7.888000000000000000e+03,4.956176570303257904e+04,9.019235248221499357e-02,9.019235248221499357e-02,1.000000000000055511e+00
7.919000000000000000e+03,4.975654444755514123e+04,1.327100270714937635e-01,-1.327100270714937635e-01,1.000000000000057065e+00
7.949000000000000000e+03,4.994504000677053409e+04,3.183975325677787516e-01,-3.183975325677787516e-01,1.000000000000045741e+00
7.980000000000000000e+03,5.013981875129309628e+04,-2.457320013123213687e-01,-2.457320013123213687e-01,1.000000000000006661e+00
8.011000000000000000e+03,5.033459749581566575e+04,1.943364373289887259e-01,-1.943364373289887259e-01,1.000000000000032641e+00
8.043000000000000000e+03,5.053565942564541183e+04,-1.333982245826576540e-01,1.333982245826576540e-01,1.000000000000086597e+00
8.074000000000000000e+03,5.073043817016798130e+04,2.532184549247256111e-01,2.532184549247256111e-01,1.000000000000080602e+00
8.105000000000000000e+03,5.092521691469054349e+04,-3.285965443646573503e-01,3.285965443646573503e-01,1.000000000000061950e+00
8.137000000000000000e+03,5.112627884452028957e+04,-2.371814206448977225e-01,2.371814206448977225e-01,1.000000000000035971e+00
8.169000000000000000e+03,5.132734077435004292e+04,9.105516182524209245e-02,-9.105516182524209245e-02,1.000000000000089706e+00
8.200000000000000000e+03,5.152211951887260511e+04,-2.303962736864988425e-01,-2.303962736864988425e-01,1.000000000000102807e+00
8.232000000000000000e+03,5.172318144870235119e+04,-2.749503381885110009e-01,-2.749503381885110009e-01,1.000000000000094369e+00
8.264000000000000000e+03,5.192424337853209727e+04,-2.393578034292347945e-01,-2.393578034292347945e-01,1.000000000000060840e+00
8.296000000000000000e+03,5.212530530836185062e+04,5.911441038307681251e-02,5.911441038307681251e-02,1.000000000000051736e+00
8.329000000000000000e+03,5.233265042349877331e+04,-1.183260926201988167e-01,1.183260926201988167e-01,1.000000000000097700e+00
8.361000000000000000e+03,5.253371235332851938e+04,-3.467910892247750843e-01,3.467910892247750843e-01,1.000000000000086819e+00
8.394000000000000000e+03,5.274105746846544935e+04,3.549677827329105195e-01,3.549677827329105195e-01,1.000000000000076383e+00
8.426000000000000000e+03,5.294211939829519542e+04,1.416684181049612801e-01,1.416684181049612801e-01,1.000000000000063505e+00
8.459000000000000000e+03,5.314946451343211811e+04,1.002899072736806729e-01,-1.002899072736806729e-01,1.000000000000029754e+00
8.492000000000000000e+03,5.335680962856904807e+04,-4.567217048595879625e-01,-4.567217048595879625e-01,1.000000000000031308e+00
8.525000000000000000e+03,5.356415474370597076e+04,5.756159951105221939e-01,-5.756159951105221939e-01,1.000000000000049072e+00
8.558000000000000000e+03,5.377149985884290072e+04,-1.077893531707620201e-01,-1.077893531707620201e-01,1.000000000000073053e+00
8.592000000000000000e+03,5.398512815928700729e+04,2.032192557019792400e-01,2.032192557019792400e-01,1.000000000000080380e+00
8.625000000000000000e+03,5.419247327442392998e+04,-5.653518695416630546e-01,5.653518695416630546e-01,1.000000000000036637e+00
8.659000000000000000e+03,5.440610157486803655e+04,-5.447736207008080367e-01,5.447736207008080367e-01,1.000000000000037748e+00
8.692000000000000000e+03,5.461344669000496651e+04,1.327366878188936394e-01,1.327366878188936394e-01,1.000000000000060840e+00
8.726000000000000000e+03,5.482707499044907308e+04,-2.280763940479196838e-01,-2.280763940479196838e-01,1.000000000000035527e+00
8.760000000000000000e+03,5.504070329089317238e+04,-4.000788806749873139e-01,-4.000788806749873139e-01,1.000000000000050404e+00
8.794000000000000000e+03,5.525433159133727895e+04,-2.893223094657533245e-01,-2.893223094657533245e-01,1.000000000000052403e+00
8.828000000000000000e+03,5.546795989178138552e+04,-1.747953135711567685e-01,-1.747953135711567685e-01,9.999999999999916733e-01
8.863000000000000000e+03,5.568787137753267598e+04,-3.195986976291650961e-02,3.195986976291650961e-02,9.999999999999843459e-01
8.897000000000000000e+03,5.590149967797677527e+04,-1.721764438903992667e-01,1.721764438903992667e-01,1.000000000000015543e+00
8.932000000000000000e+03,5.612141116372806573e+04,2.454820343747516898e-01,2.454820343747516898e-01,1.000000000000021316e+00
8.967000000000000000e+03,5.634132264947934891e+04,-2.674170657881914659e-01,2.674170657881914659e-01,1.000000000000020650e+00
9.001000000000000000e+03,5.655495094992345548e+04,7.125069094190587815e-02,-7.125069094190587815e-02,1.000000000000025535e+00
9.036000000000000000e+03,5.677486243567473866e+04,-3.258124135969648894e-01,-3.258124135969648894e-01,1.000000000000019762e+00
9.072000000000000000e+03,5.700105710673320573e+04,-4.161198090534309890e-01,-4.161198090534309890e-01,1.000000000000041300e+00
9.107000000000000000e+03,5.722096859248448891e+04,3.563439748443223559e-02,-3.563439748443223559e-02,1.000000000000005329e+00
9.142000000000000000e+03,5.744088007823577937e+04,2.271847390321498905e-01,2.271847390321498905e-01,9.999999999999940048e-01
9.178000000000000000e+03,5.766707474929423915e+04,3.091004386149963645e-01,3.091004386149963645e-01,1.000000000000021538e+00
9.214000000000000000e+03,5.789326942035270622e+04,3.622511274605923481e-01,3.622511274605923481e-01,9.999999999999826805e-01
9.249000000000000000e+03,5.811318090610399668e+04,-4.643451663047295508e-01,4.643451663047295508e-01,1.000000000000020428e+00
9.285000000000000000e+03,5.833937557716245647e+04,5.746973811106712710e-02,-5.746973811106712710e-02,1.000000000000057732e+00
9.322000000000000000e+03,5.857185343352810014e+04,-2.555353160001112567e-01,-2.555353160001112567e-01,1.000000000000040634e+00
9.358000000000000000e+03,5.879804810458656721e+04,-2.609934121181621824e-01,-2.609934121181621824e-01,1.000000000000074607e+00
9.394000000000000000e+03,5.902424277564503427e+04,5.128297631618700114e-02,5.128297631618700114e-02,1.000000000000048184e+00
9.431000000000000000e+03,5.925672063201067795e+04,-9.149872344914877775e-02,9.149872344914877775e-02,1.000000000000064615e+00
9.468000000000000000e+03,5.948919848837632162e+04,3.165892470046332008e-01,3.165892470046332008e-01,1.000000000000030198e+00
9.504000000000000000e+03,5.971539315943478869e+04,4.877773122552873653e-01,4.877773122552873653e-01,1.000000000000039524e+00
9.541000000000000000e+03,5.994787101580043236e+04,-1.237785337886683074e-01,1.237785337886683074e-01,1.000000000000085043e+00
9.578000000000000000e+03,6.018034887216607603e+04,-2.267170315386864421e-01,-2.267170315386864421e-01,1.000000000000036637e+00
9.616000000000000000e+03,6.041910991383890359e+04,-2.684169403344631721e-01,-2.684169403344631721e-01,1.000000000000065059e+00
9.653000000000000000e+03,6.065158777020454727e+04,-1.370027609140279587e-02,1.370027609140279587e-02,1.000000000000061728e+00
9.691000000000000000e+03,6.089034881187736755e+04,1.088729086176790442e-02,-1.088729086176790442e-02,1.000000000000081490e+00
9.728000000000000000e+03,6.112282666824301123e+04,5.995394733603304216e-01,5.995394733603304216e-01,1.000000000000062839e+00
9.766000000000000000e+03,6.136158770991583879e+04,5.057769861328698102e-01,5.057769861328698102e-01,1.000000000000113243e+00
9.804000000000000000e+03,6.160034875158866635e+04,1.523453689492139940e-01,1.523453689492139940e-01,1.000000000000096145e+00
9.842000000000000000e+03,6.183910979326148663e+04,-9.084694351508411370e-02,-9.084694351508411370e-02,1.000000000000102141e+00
9.881000000000000000e+03,6.208415402024149080e+04,3.348739671592513290e-01,-3.348739671592513290e-01,1.000000000000095257e+00
9.919000000000000000e+03,6.232291506191431836e+04,3.678427826562332692e-01,-3.678427826562332692e-01,1.000000000000087041e+00
9.958000000000000000e+03,6.256795928889432253e+04,7.163352292749809724e-02,7.163352292749809724e-02,1.000000000000076161e+00
9.997000000000000000e+03,6.281300351587432669e+04,-3.017163382841849817e-01,3.017163382841849817e-01,1.000000000000076605e+00
1.003500000000000000e+04,6.305176455754714698e+04,-3.832036636523981077e-01,3.832036636523981077e-01,1.000000000000061728e+00
1.007500000000000000e+04,6.330309196983432776e+04,-3.005012788459479056e-01,3.005012788459479056e-01,1.000000000000053735e+00
1.011400000000000000e+04,6.354813619681433192e+04,-2.532684011131630664e-01,-2.532684011131630664e-01,1.000000000000036637e+00
1.015300000000000000e+04,6.379318042379433609e+04,3.803603062739084884e-01,-3.803603062739084884e-01,1.000000000000052180e+00
1.019300000000000000e+04,6.404450783608152415e+04,3.475716717231460140e-01,-3.475716717231460140e-01,1.000000000000019318e+00
1.023200000000000000e+04,6.428955206306152832e+04,-1.633956817786476057e-01,-1.633956817786476057e-01,1.000000000000053735e+00
1.027200000000000000e+04,6.454087947534870909e+04,4.490518658402674612e-01,4.490518658402674612e-01,1.000000000000020650e+00
1.031200000000000000e+04,6.479220688763588987e+04,3.014770246450938496e-01,3.014770246450938496e-01,1.000000000000042855e+00
1.035200000000000000e+04,6.504353429992307792e+04,3.365295809097584856e-01,3.365295809097584856e-01,1.000000000000016653e+00
1.039200000000000000e+04,6.529486171221025870e+04,2.047346805819115836e-02,2.047346805819115836e-02,1.000000000000055289e+00
1.043300000000000000e+04,6.555247230980462336e+04,3.970857828963452185e-01,-3.970857828963452185e-01,1.000000000000015987e+00
1.047300000000000000e+04,6.580379972209180414e+04,1.375519438827017549e-01,-1.375519438827017549e-01,1.000000000000021760e+00
1.051400000000000000e+04,6.606141031968616880e+04,-1.691091712102887057e-01,-1.691091712102887057e-01,1.000000000000026423e+00
1.055500000000000000e+04,6.631902091728053347e+04,-3.733244138602127560e-01,3.733244138602127560e-01,1.000000000000012434e+00
1.059600000000000000e+04,6.657663151487489813e+04,2.098827516997656684e-01,2.098827516997656684e-01,1.000000000000037081e+00
1.063700000000000000e+04,6.683424211246926279e+04,-2.204817838021189691e-01,2.204817838021189691e-01,1.000000000000011768e+00
1.067900000000000000e+04,6.709813589537079679e+04,2.467426519992531042e-01,-2.467426519992531042e-01,1.000000000000040856e+00
1.072000000000000000e+04,6.735574649296516145e+04,-3.028478794501363591e-01,-3.028478794501363591e-01,1.000000000000041078e+00
1.076200000000000000e+04,6.761964027586671000e+04,-2.669778112064004616e-01,-2.669778112064004616e-01,1.000000000000048184e+00
1.080400000000000000e+04,6.788353405876824399e+04,7.919236130309054156e-02,7.919236130309054156e-02,1.000000000000070388e+00
1.084600000000000000e+04,6.814742784166979254e+04,3.059853123644172279e-01,3.059853123644172279e-01,1.000000000000058620e+00
1.088800000000000000e+04,6.841132162457134109e+04,1.863522143086029925e-01,1.863522143086029925e-01,1.000000000000077049e+00
1.093100000000000000e+04,6.868149859278005897e+04,-7.089027633673963824e-02,7.089027633673963824e-02,1.000000000000081046e+00
1.097300000000000000e+04,6.894539237568159297e+04,1.667259010172526534e-01,-1.667259010172526534e-01,1.000000000000055511e+00
1.101600000000000000e+04,6.921556934389032540e+04,-1.393943775546855057e-01,-1.393943775546855057e-01,1.000000000000073053e+00
1.105900000000000000e+04,6.948574631209904328e+04,1.542838070665230321e-01,-1.542838070665230321e-01,1.000000000000077494e+00
1.110200000000000000e+04,6.975592328030776116e+04,3.405040209603706070e-02,3.405040209603706070e-02,1.000000000000048184e+00
1.114500000000000000e+04,7.002610024851649359e+04,-2.003764932357726125e-01,2.003764932357726125e-01,1.000000000000066835e+00
1.118800000000000000e+04,7.029627721672521147e+04,1.741305655656951168e-01,1.741305655656951168e-01,1.000000000000083933e+00
1.123200000000000000e+04,7.057273737024111324e+04,1.146763091202462025e-02,1.146763091202462025e-02,1.000000000000081934e+00
1.127600000000000000e+04,7.084919752375701501e+04,-3.593890790086295972e-01,-3.593890790086295972e-01,1.000000000000091704e+00
1.131900000000000000e+04,7.111937449196573289e+04,2.375029326979814226e-01,-2.375029326979814226e-01,1.000000000000113243e+00
1.136300000000000000e+04,7.139583464548163465e+04,2.363506013017432628e-01,-2.363506013017432628e-01,1.000000000000098810e+00
1.140800000000000000e+04,7.167857798430472030e+04,2.575717981484847985e-01,2.575717981484847985e-01,1.000000000000075051e+00
1.145200000000000000e+04,7.195503813782062207e+04,1.906915875918863690e-01,1.906915875918863690e-01,1.000000000000063061e+00
1.149700000000000000e+04,7.223778147664370772e+04,-9.568691489803560213e-02,9.568691489803560213e-02,1.000000000000076383e+00
1.154100000000000000e+04,7.251424163015960949e+04,4.491102885635966935e-01,-4.491102885635966935e-01,1.000000000000030420e+00
1.158600000000000000e+04,7.279698496898268058e+04,-4.683161549825637371e-01,-4.683161549825637371e-01,1.000000000000009548e+00
1.163100000000000000e+04,7.307972830780576624e+04,-7.715962377802675076e-02,7.715962377802675076e-02,1.000000000000029310e+00
1.167700000000000000e+04,7.336875483193602122e+04,-2.485160452432461087e-01,2.485160452432461087e-01,1.000000000000060396e+00
1.172200000000000000e+04,7.365149817075910687e+04,4.835905158346590627e-01,4.835905158346590627e-01,1.000000000000057065e+00
1.176800000000000000e+04,7.394052469488937641e+04,-1.431358043179797035e-01,-1.431358043179797035e-01,1.000000000000020206e+00
1.181300000000000000e+04,7.422326803371244750e+04,4.588829572881251151e-01,-4.588829572881251151e-01,1.000000000000005551e+00
1.185900000000000000e+04,7.451229455784271704e+04,3.588287706417420675e-01,-3.588287706417420675e-01,1.000000000000005329e+00
1.190600000000000000e+04,7.480760426728015591e+04,-2.856867217813801041e-01,-2.856867217813801041e-01,9.999999999999946709e-01
1.195200000000000000e+04,7.509663079141041089e+04,3.084768326186929643e-01,3.084768326186929643e-01,9.999999999999881206e-01
1.199800000000000000e+04,7.538565731554068043e+04,3.457238144853774786e-01,3.457238144853774786e-01,1.000000000000018208e+00
1.204500000000000000e+04,7.568096702497811930e+04,-4.799885578680873621e-02,4.799885578680873621e-02,1.000000000000028200e+00
1.209200000000000000e+04,7.597627673441555817e+04,-4.971995467842134364e-02,-4.971995467842134364e-02,1.000000000000021316e+00
1.213900000000000000e+04,7.627158644385299704e+04,4.408071363519047159e-01,-4.408071363519047159e-01,1.000000000000013101e+00
1.218600000000000000e+04,7.656689615329043590e+04,-8.012163389571587413e-02,-8.012163389571587413e-02,1.000000000000033973e+00
1.223400000000000000e+04,7.686848904803505866e+04,4.967343070065499688e-01,4.967343070065499688e-01,1.000000000000032863e+00
1.228100000000000000e+04,7.716379875747249753e+04,-4.085722801842721075e-01,4.085722801842721075e-01,1.000000000000059730e+00
1.232900000000000000e+04,7.746539165221712028e+04,9.722819635954241257e-02,-9.722819635954241257e-02,1.000000000000057065e+00
1.237700000000000000e+04,7.776698454696174304e+04,2.107389073306120408e-01,-2.107389073306120408e-01,1.000000000000058842e+00
1.242500000000000000e+04,7.806857744170636579e+04,3.185467206031500353e-01,-3.185467206031500353e-01,1.000000000000066613e+00
1.247300000000000000e+04,7.837017033645097399e+04,1.632913807560725794e-01,-1.632913807560725794e-01,1.000000000000090816e+00
1.252200000000000000e+04,7.867804641650278063e+04,4.071750540371290583e-01,4.071750540371290583e-01,1.000000000000104805e+00
1.257100000000000000e+04,7.898592249655457272e+04,-4.850309105817635080e-01,4.850309105817635080e-01,1.000000000000104361e+00
1.262000000000000000e+04,7.929379857660637936e+04,-2.897471469562876711e-01,-2.897471469562876711e-01,1.000000000000057510e+00
1.266900000000000000e+04,7.960167465665817144e+04,3.707381396895692016e-01,-3.707381396895692016e-01,1.000000000000078826e+00
1.271800000000000000e+04,7.990955073670997808e+04,-2.181985513325299664e-01,-2.181985513325299664e-01,1.000000000000092593e+00
1.276800000000000000e+04,8.022371000206895405e+04,1.210189671077103457e-01,1.210189671077103457e-01,1.000000000000085265e+00
1.281700000000000000e+04,8.053158608212076069e+04,-3.368120094633900163e-01,3.368120094633900163e-01,1.000000000000062395e+00
1.286700000000000000e+04,8.084574534747973667e+04,-1.450865926946049989e-01,1.450865926946049989e-01,1.000000000000068834e+00
1.291700000000000000e+04,8.115990461283871264e+04,2.675397629595380744e-01,-2.675397629595380744e-01,1.000000000000067502e+00
1.296700000000000000e+04,8.147406387819768861e+04,2.144969044668080527e-01,-2.144969044668080527e-01,1.000000000000074607e+00
1.301800000000000000e+04,8.179450632886384847e+04,-1.323208966603701686e-01,-1.323208966603701686e-01,1.000000000000073275e+00
1.306900000000000000e+04,8.211494877953000832e+04,-2.515521921686962314e-01,2.515521921686962314e-01,1.000000000000065947e+00
1.311900000000000000e+04,8.242910804488899885e+04,-3.276630443029938111e-01,3.276630443029938111e-01,1.000000000000057954e+00
1.317000000000000000e+04,8.274955049555514415e+04,-2.641153910754929710e-02,-2.641153910754929710e-02,1.000000000000058842e+00
1.322200000000000000e+04,8.307627613152848789e+04,-1.958744881631845347e-01,-1.958744881631845347e-01,1.000000000000004219e+00
1.327300000000000000e+04,8.339671858219464775e+04,3.491512440885350399e-01,-3.491512440885350399e-01,1.000000000000049294e+00
1.332500000000000000e+04,8.372344421816799149e+04,-5.803910750853688572e-02,5.803910750853688572e-02,1.000000000000045963e+00
1.337700000000000000e+04,8.405016985414132068e+04,-3.400663263592818009e-01,3.400663263592818009e-01,1.000000000000021538e+00
1.342900000000000000e+04,8.437689549011466443e+04,-1.374665639772293113e-01,1.374665639772293113e-01,1.000000000000005107e+00
1.348100000000000000e+04,8.470362112608800817e+04,1.058394088567471414e-01,-1.058394088567471414e-01,1.000000000000032863e+00
1.353300000000000000e+04,8.503034676206133736e+04,3.831818044385238986e-01,-3.831818044385238986e-01,1.000000000000025313e+00
1.358600000000000000e+04,8.536335558334186499e+04,1.323052870619335908e-01,1.323052870619335908e-01,9.999999999999890088e-01
1.363900000000000000e+04,8.569636440462237806e+04,-2.615234337539563692e-01,2.615234337539563692e-01,1.000000000000028422e+00
1.369200000000000000e+04,8.602937322590289114e+04,8.391558087729591997e-02,8.391558087729591997e-02,1.000000000000039968e+00
1.374500000000000000e+04,8.636238204718341876e+04,1.911466347534407084e-01,-1.911466347534407084e-01,1.000000000000004885e+00
1.379900000000000000e+04,8.670167405377111572e+04,4.757508676483175325e-01,-4.757508676483175325e-01,1.000000000000059286e+00
1.385200000000000000e+04,8.703468287505162880e+04,1.250234366121500129e-01,1.250234366121500129e-01,1.000000000000059286e+00
1.390600000000000000e+04,8.737397488163932576e+04,3.742715182933994411e-01,3.742715182933994411e-01,1.000000000000039302e+00
1.396000000000000000e+04,8.771326688822702272e+04,4.412490386352105887e-01,4.412490386352105887e-01,1.000000000000095257e+00
1.401500000000000000e+04,8.805884208012190356e+04,9.525077742832324668e-02,-9.525077742832324668e-02,1.000000000000090150e+00
1.406900000000000000e+04,8.839813408670960052e+04,1.845370467763139954e-01,-1.845370467763139954e-01,1.000000000000074829e+00
1.412400000000000000e+04,8.874370927860448137e+04,-2.702785152424491688e-01,-2.702785152424491688e-01,1.000000000000136779e+00
1.417900000000000000e+04,8.908928447049934766e+04,-2.360646011105977937e-01,2.360646011105977937e-01,1.000000000000090594e+00
1.423400000000000000e+04,8.943485966239422851e+04,2.444817168030800625e-01,2.444817168030800625e-01,1.000000000000068390e+00
1.429000000000000000e+04,8.978671803959629324e+04,-1.886765490689448210e-01,-1.886765490689448210e-01,1.000000000000082157e+00
1.434500000000000000e+04,9.013229323149115953e+04,6.002106108995599598e-01,-6.002106108995599598e-01,1.000000000000048184e+00
1.440100000000000000e+04,9.048415160869322426e+04,2.132519408136664962e-01,-2.132519408136664962e-01,1.000000000000103695e+00
1.445700000000000000e+04,9.083600998589527444e+04,-1.479334611593700541e-02,1.479334611593700541e-02,1.000000000000059730e+00
1.451300000000000000e+04,9.118786836309733917e+04,-2.286475439433460766e-01,2.286475439433460766e-01,1.000000000000060618e+00
1.457000000000000000e+04,9.154600992560657323e+04,-2.814070390977205793e-01,-2.814070390977205793e-01,1.000000000000050848e+00
1.462600000000000000e+04,9.189786830280862341e+04,-4.085397898235503256e-01,-4.085397898235503256e-01,1.000000000000034417e+00
1.468300000000000000e+04,9.225600986531785748e+04,3.147904233684294395e-01,-3.147904233684294395e-01,1.000000000000053069e+00
1.474100000000000000e+04,9.262043461313427542e+04,-1.909495813625340377e-01,1.909495813625340377e-01,1.000000000000022204e+00
1.479800000000000000e+04,9.297857617564352404e+04,9.906176892546100787e-02,9.906176892546100787e-02,1.000000000000036637e+00
1.485500000000000000e+04,9.333671773815275810e+04,8.965147102977634452e-02,-8.965147102977634452e-02,9.999999999999987788e-01
1.491300000000000000e+04,9.370114248596917605e+04,5.684062414898503057e-01,-5.684062414898503057e-01,1.000000000000020206e+00
1.497100000000000000e+04,9.406556723378557945e+04,3.026338796257245223e-01,-3.026338796257245223e-01,1.000000000000067946e+00
1.503000000000000000e+04,9.443627516690918128e+04,2.660688850717110032e-01,2.660688850717110032e-01,1.000000000000013323e+00
1.508800000000000000e+04,9.480069991472559923e+04,1.088147571379228795e-01,1.088147571379228795e-01,1.000000000000068390e+00
1.514700000000000000e+04,9.517140784784918651e+04,2.602465707727448230e-01,-2.602465707727448230e-01,1.000000000000036637e+00
1.520600000000000000e+04,9.554211578097278834e+04,-2.849128107971785617e-01,-2.849128107971785617e-01,1.000000000000081268e+00
1.526500000000000000e+04,9.591282371409639018e+04,-1.296628158613406245e-01,1.296628158613406245e-01,1.000000000000035527e+00
1.532400000000000000e+04,9.628353164721997746e+04,5.093362646013012141e-01,5.093362646013012141e-01,1.000000000000076827e+00
1.538400000000000000e+04,9.666052276565074862e+04,1.461397330419324514e-01,1.461397330419324514e-01,1.000000000000072387e+00
1.544400000000000000e+04,9.703751388408153434e+04,-2.449393561839137701e-01,-2.449393561839137701e-01,1.000000000000091482e+00
1.550400000000000000e+04,9.741450500251230551e+04,-2.903455266012478497e-01,-2.903455266012478497e-01,1.000000000000083489e+00
1.556400000000000000e+04,9.779149612094307668e+04,4.837570609963631751e-02,4.837570609963631751e-02,1.000000000000122125e+00
1.562500000000000000e+04,9.817477042468103173e+04,-3.132953038882361207e-01,3.132953038882361207e-01,1.000000000000049960e+00
1.568600000000000000e+04,9.855804472841898678e+04,-5.668193972822081761e-02,-5.668193972822081761e-02,1.000000000000109690e+00
1.574700000000000000e+04,9.894131903215694183e+04,3.216742435578630599e-01,-3.216742435578630599e-01,1.000000000000081712e+00
1.580800000000000000e+04,9.932459333589489688e+04,2.164035643993818536e-01,2.164035643993818536e-01,1.000000000000092593e+00
1.586900000000000000e+04,9.970786763963285193e+04,-3.732962460916213754e-01,3.732962460916213754e-01,1.000000000000063061e+00
1.593100000000000000e+04,1.000974251286779909e+05,-1.135798885754709386e-01,1.135798885754709386e-01,1.000000000000071720e+00
1.599300000000000000e+04,1.004869826177231298e+05,3.462742389492452499e-01,-3.462742389492452499e-01,1.000000000000032863e+00
1.605500000000000000e+04,1.008765401067682542e+05,2.871972900054221012e-01,-2.871972900054221012e-01,1.000000000000082157e+00
1.611800000000000000e+04,1.012723807811205770e+05,2.883782347160985804e-01,2.883782347160985804e-01,1.000000000000041966e+00
1.618000000000000000e+04,1.016619382701657014e+05,3.704054004294941027e-01,3.704054004294941027e-01,1.000000000000033973e+00
1.624300000000000000e+04,1.020577789445180242e+05,1.334807171765022837e-01,-1.334807171765022837e-01,1.000000000000054401e+00
1.630700000000000000e+04,1.024599028041775164e+05,4.913666190383141341e-01,-4.913666190383141341e-01,1.000000000000013545e+00
1.637000000000000000e+04,1.028557434785298246e+05,2.766907714110477395e-02,2.766907714110477395e-02,1.000000000000033085e+00
1.643400000000000000e+04,1.032578673381893168e+05,4.782841862013988976e-01,4.782841862013988976e-01,1.000000000000026867e+00
1.649800000000000000e+04,1.036599911978488090e+05,1.523783203974016787e-01,1.523783203974016787e-01,1.000000000000025757e+00
1.656200000000000000e+04,1.040621150575083011e+05,-5.519826933903533295e-01,-5.519826933903533295e-01,1.000000000000047073e+00
1.662600000000000000e+04,1.044642389171678078e+05,-3.022250197101501445e-01,-3.022250197101501445e-01,1.000000000000044409e+00
1.669100000000000000e+04,1.048726459621344693e+05,-5.498358824451438087e-01,5.498358824451438087e-01,1.000000000000075495e+00
1.675600000000000000e+04,1.052810530071011453e+05,1.086675556850361934e-01,1.086675556850361934e-01,1.000000000000063283e+00
1.682100000000000000e+04,1.056894600520678214e+05,3.373639893183906224e-01,-3.373639893183906224e-01,1.000000000000071276e+00
1.688700000000000000e+04,1.061041502823416668e+05,2.418393296904551015e-01,-2.418393296904551015e-01,1.000000000000111022e+00
1.695200000000000000e+04,1.065125573273083428e+05,7.310386693538430125e-02,7.310386693538430125e-02,1.000000000000093925e+00
1.701800000000000000e+04,1.069272475575822027e+05,4.631018882420950833e-01,4.631018882420950833e-01,1.000000000000055511e+00
1.708500000000000000e+04,1.073482209731632320e+05,8.281065208606562533e-02,-8.281065208606562533e-02,1.000000000000122791e+00
1.715100000000000000e+04,1.077629112034370773e+05,6.199754488870355962e-01,-6.199754488870355962e-01,1.000000000000085931e+00
1.721800000000000000e+04,1.081838846190181212e+05,1.329931505962401450e-01,1.329931505962401450e-01,1.000000000000098144e+00
1.728500000000000000e+04,1.086048580345991504e+05,-4.994591522899115565e-01,4.994591522899115565e-01,1.000000000000112577e+00
1.735200000000000000e+04,1.090258314501801797e+05,-6.924599045407331399e-02,-6.924599045407331399e-02,1.000000000000065725e+00
1.742000000000000000e+04,1.094530880510683928e+05,-2.467898626909837134e-01,-2.467898626909837134e-01,1.000000000000048406e+00
1.748700000000000000e+04,1.098740614666494221e+05,1.541676586821314199e-01,-1.541676586821314199e-01,1.000000000000070388e+00
1.755500000000000000e+04,1.103013180675376352e+05,-2.582217784188555743e-01,2.582217784188555743e-01,1.000000000000068390e+00
1.762400000000000000e+04,1.107348578537330322e+05,3.221617469369771058e-02,3.221617469369771058e-02,1.000000000000035527e+00
1.769200000000000000e+04,1.111621144546212454e+05,-3.833667224157993325e-01,-3.833667224157993325e-01,1.000000000000039080e+00
1.776100000000000000e+04,1.115956542408166279e+05,-1.032250917848415300e-01,1.032250917848415300e-01,1.000000000000020650e+00
1.783000000000000000e+04,1.120291940270120249e+05,3.820508782666808267e-01,3.820508782666808267e-01,1.000000000000031308e+00
1.790000000000000000e+04,1.124690169985145913e+05,2.959574012198641912e-01,2.959574012198641912e-01,1.000000000000005773e+00
1.796900000000000000e+04,1.129025567847099883e+05,5.187451254796653366e-01,-5.187451254796653366e-01,1.000000000000040634e+00
1.803900000000000000e+04,1.133423797562125546e+05,1.226852015942094531e-01,-1.226852015942094531e-01,1.000000000000069278e+00
1.810900000000000000e+04,1.137822027277151210e+05,-2.858831375113665141e-01,2.858831375113665141e-01,1.000000000000006217e+00
1.818000000000000000e+04,1.142283088845248712e+05,-2.714110363507644674e-01,-2.714110363507644674e-01,1.000000000000040412e+00
1.825100000000000000e+04,1.146744150413346215e+05,3.375023972880326073e-01,-3.375023972880326073e-01,1.000000000000056399e+00
1.832200000000000000e+04,1.151205211981443717e+05,-1.377124911785940764e-01,-1.377124911785940764e-01,1.000000000000096811e+00
1.839300000000000000e+04,1.155666273549541365e+05,-3.931069600044033718e-01,3.931069600044033718e-01,1.000000000000081712e+00
1.846400000000000000e+04,1.160127335117638868e+05,-1.524296974600403975e-01,-1.524296974600403975e-01,1.000000000000057510e+00
1.853600000000000000e+04,1.164651228538808064e+05,-3.237492002821470427e-01,-3.237492002821470427e-01,1.000000000000118128e+00
1.860800000000000000e+04,1.169175121959977405e+05,6.069844638566841699e-02,6.069844638566841699e-02,1.000000000000111910e+00
1.868100000000000000e+04,1.173761847234218440e+05,-3.505952670784785452e-01,3.505952670784785452e-01,1.000000000000129674e+00
1.875400000000000000e+04,1.178348572508459620e+05,1.161345015907834788e-01,1.161345015907834788e-01,1.000000000000085931e+00
1.882600000000000000e+04,1.182872465929628961e+05,-3.849737565038511278e-01,-3.849737565038511278e-01,1.000000000000068612e+00
1.890000000000000000e+04,1.187522023056941835e+05,3.612816435904980805e-01,3.612816435904980805e-01,1.000000000000056621e+00
1.897300000000000000e+04,1.192108748331182869e+05,-3.637046012933881078e-01,3.637046012933881078e-01,1.000000000000058398e+00
1.904700000000000000e+04,1.196758305458495743e+05,1.223374027482379556e-01,-1.223374027482379556e-01,1.000000000000084155e+00
1.912100000000000000e+04,1.201407862585808616e+05,2.956140406921419217e-01,-2.956140406921419217e-01,1.000000000000053957e+00
1.919600000000000000e+04,1.206120251566193328e+05,2.125523715692243243e-01,2.125523715692243243e-01,1.000000000000016653e+00
1.927000000000000000e+04,1.210769808693506202e+05,4.102998484270605206e-01,4.102998484270605206e-01,1.000000000000043299e+00
1.934500000000000000e+04,1.215482197673890914e+05,3.960194648537896933e-01,-3.960194648537896933e-01,1.000000000000007550e+00
1.942100000000000000e+04,1.220257418507347465e+05,2.372552021844894776e-01,-2.372552021844894776e-01,1.000000000000020872e+00
1.949600000000000000e+04,1.224969807487732178e+05,6.375944431479142471e-01,6.375944431479142471e-01,1.000000000000054401e+00
1.957200000000000000e+04,1.229745028321188584e+05,9.057351177599182179e-02,9.057351177599182179e-02,1.000000000000057288e+00
1.964800000000000000e+04,1.234520249154645135e+05,-3.754709304413759163e-01,-3.754709304413759163e-01,1.000000000000075273e+00
1.972500000000000000e+04,1.239358301841173379e+05,-1.189730755891778291e-01,1.189730755891778291e-01,1.000000000000075495e+00
1.980100000000000000e+04,1.244133522674629930e+05,-3.232666847831475732e-01,3.232666847831475732e-01,1.000000000000088818e+00
1.987800000000000000e+04,1.248971575361158175e+05,-3.618930360248411859e-01,-3.618930360248411859e-01,1.000000000000083711e+00
1.995600000000000000e+04,1.253872459900758258e+05,-2.865920885430375264e-01,-2.865920885430375264e-01,1.000000000000089928e+00
2.003300000000000000e+04,1.258710512587286503e+05,-4.377264805682806736e-01,4.377264805682806736e-01,1.000000000000093037e+00
2.011100000000000000e+04,1.263611397126886586e+05,-1.911628402629857171e-01,1.911628402629857171e-01,1.000000000000076383e+00
2.019000000000000000e+04,1.268575113519558508e+05,-3.027538466912336745e-01,-3.027538466912336745e-01,1.000000000000085709e+00
2.026800000000000000e+04,1.273475998059158592e+05,1.173505473884077915e-01,1.173505473884077915e-01,1.000000000000076827e+00
2.034700000000000000e+04,1.278439714451830368e+05,-4.218631550618699433e-01,4.218631550618699433e-01,1.000000000000080602e+00
2.042600000000000000e+04,1.283403430844502291e+05,-1.925559379689700534e-01,-1.925559379689700534e-01,1.000000000000060174e+00
2.050600000000000000e+04,1.288429979090245906e+05,-4.860436602620622493e-01,-4.860436602620622493e-01,1.000000000000062395e+00
2.058500000000000000e+04,1.293393695482917828e+05,-1.218430689776637821e-01,1.218430689776637821e-01,1.000000000000054845e+00
2.066600000000000000e+04,1.298483075581733283e+05,3.855865265431359656e-01,3.855865265431359656e-01,1.000000000000054179e+00
2.074600000000000000e+04,1.303509623827476898e+05,-1.050385970751778475e-01,-1.050385970751778475e-01,1.000000000000053069e+00
2.082700000000000000e+04,1.308599003926292353e+05,-1.109685335718323812e-03,1.109685335718323812e-03,1.000000000000025535e+00
2.090800000000000000e+04,1.313688384025107953e+05,3.455817189320480876e-01,3.455817189320480876e-01,1.000000000000015099e+00
2.098900000000000000e+04,1.318777764123923262e+05,2.123001857996880126e-01,-2.123001857996880126e-01,1.000000000000031974e+00
2.107100000000000000e+04,1.323929976075810555e+05,2.705935738030590954e-01,-2.705935738030590954e-01,1.000000000000046185e+00
2.115300000000000000e+04,1.329082188027697848e+05,-1.786013031665906747e-01,1.786013031665906747e-01,1.000000000000046407e+00
2.123500000000000000e+04,1.334234399979585141e+05,-1.948470223594665762e-02,1.948470223594665762e-02,1.000000000000069278e+00
2.131800000000000000e+04,1.339449443784544128e+05,-4.793734528085105140e-01,-4.793734528085105140e-01,1.000000000000080602e+00
2.140100000000000000e+04,1.344664487589503115e+05,-1.235951061776227738e-01,1.235951061776227738e-01,1.000000000000111688e+00
2.148400000000000000e+04,1.349879531394462392e+05,4.845020785644543748e-01,4.845020785644543748e-01,1.000000000000126787e+00
2.156800000000000000e+04,1.355157407052493072e+05,-2.042146670824689092e-01,-2.042146670824689092e-01,1.000000000000160094e+00
2.165100000000000000e+04,1.360372450857452350e+05,3.460853001091897252e-02,-3.460853001091897252e-02,1.000000000000138556e+00
2.173600000000000000e+04,1.365713158368554723e+05,6.097552306106666098e-01,6.097552306106666098e-01,1.000000000000109246e+00
2.182000000000000000e+04,1.370991034026585694e+05,9.276292477495751143e-02,9.276292477495751143e-02,1.000000000000101918e+00
2.190500000000000000e+04,1.376331741537688358e+05,2.201686823742850518e-01,-2.201686823742850518e-01,1.000000000000081490e+00
2.199000000000000000e+04,1.381672449048791023e+05,4.405009605822256535e-01,4.405009605822256535e-01,1.000000000000050182e+00
2.207600000000000000e+04,1.387075988412965380e+05,1.740330692537424562e-01,1.740330692537424562e-01,1.000000000000063949e+00
2.216200000000000000e+04,1.392479527777140029e+05,-2.715295581638024758e-01,-2.715295581638024758e-01,1.000000000000043077e+00
2.224800000000000000e+04,1.397883067141314386e+05,3.149898145408684402e-01,3.149898145408684402e-01,1.000000000000044187e+00
2.233500000000000000e+04,1.403349438358560728e+05,-3.429630303409575420e-01,3.429630303409575420e-01,1.000000000000088374e+00
2.242200000000000000e+04,1.408815809575806779e+05,-4.390448694657647644e-01,-4.390448694657647644e-01,1.000000000000041078e+00
2.250900000000000000e+04,1.414282180793053121e+05,-1.995099473516213640e-01,1.995099473516213640e-01,1.000000000000055955e+00
2.259600000000000000e+04,1.419748552010299172e+05,2.701817612902177035e-01,2.701817612902177035e-01,1.000000000000077272e+00
2.268400000000000000e+04,1.425277755080617208e+05,-4.200180005288394192e-01,-4.200180005288394192e-01,1.000000000000080602e+00
2.277300000000000000e+04,1.430869790004007227e+05,1.322504138368471860e-01,-1.322504138368471860e-01,1.000000000000119016e+00
2.286100000000000000e+04,1.436398993074325263e+05,-2.094897975738134466e-01,2.094897975738134466e-01,1.000000000000133893e+00
2.295000000000000000e+04,1.441991027997714991e+05,-1.180919562298419767e-01,-1.180919562298419767e-01,1.000000000000070610e+00
2.303900000000000000e+04,1.447583062921105011e+05,1.350542151560412407e-01,-1.350542151560412407e-01,1.000000000000129008e+00
2.312900000000000000e+04,1.453237929697566433e+05,-5.020461395898578871e-01,5.020461395898578871e-01,1.000000000000100142e+00
2.321900000000000000e+04,1.458892796474028146e+05,7.782821883238166816e-02,-7.782821883238166816e-02,1.000000000000114353e+00
2.330900000000000000e+04,1.464547663250489859e+05,4.542712439667673796e-01,-4.542712439667673796e-01,1.000000000000072609e+00
2.340000000000000000e+04,1.470265361880023265e+05,2.574422171778604218e-01,2.574422171778604218e-01,1.000000000000054401e+00
2.349100000000000000e+04,1.475983060509556672e+05,1.308704523003608733e-01,-1.308704523003608733e-01,1.000000000000081934e+00
2.358300000000000000e+04,1.481763590992161771e+05,2.625295135882682596e-02,-2.625295135882682596e-02,1.000000000000061728e+00
2.367400000000000000e+04,1.487481289621695178e+05,2.849197568186710994e-01,2.849197568186710994e-01,1.000000000000028866e+00
2.376600000000000000e+04,1.493261820104300568e+05,-1.251701314600940917e-01,-1.251701314600940917e-01,1.000000000000041966e+00
2.385900000000000000e+04,1.499105182439977361e+05,3.479540035770211648e-01,-3.479540035770211648e-01,1.000000000000070166e+00
2.395200000000000000e+04,1.504948544775654445e+05,4.407549121186521979e-01,4.407549121186521979e-01,1.000000000000046851e+00
2.404500000000000000e+04,1.510791907111331529e+05,1.167368994142469613e-01,-1.167368994142469613e-01,1.000000000000062839e+00
2.413900000000000000e+04,1.516698101300080307e+05,2.786145568153908236e-01,-2.786145568153908236e-01,1.000000000000107248e+00
2.423200000000000000e+04,1.522541463635757391e+05,4.238417593578942544e-01,4.238417593578942544e-01,1.000000000000075717e+00
2.432700000000000000e+04,1.528510489677577862e+05,1.176755355577153717e-01,-1.176755355577153717e-01,1.000000000000117684e+00
2.442100000000000000e+04,1.534416683866326639e+05,2.976816031801008400e-01,-2.976816031801008400e-01,1.000000000000148104e+00
2.451600000000000000e+04,1.540385709908147401e+05,3.743731723783364496e-01,3.743731723783364496e-01,1.000000000000097922e+00
2.461200000000000000e+04,1.546417567803039856e+05,-1.620647701456149337e-01,-1.620647701456149337e-01,1.000000000000148770e+00
2.470800000000000000e+04,1.552449425697932311e+05,-3.757382527452504117e-01,-3.757382527452504117e-01,1.000000000000098366e+00
2.480400000000000000e+04,1.558481283592824475e+05,4.715765088900874535e-01,4.715765088900874535e-01,1.000000000000096811e+00
2.490000000000000000e+04,1.564513141487716930e+05,-2.878122356563134199e-01,-2.878122356563134199e-01,1.000000000000089262e+00
2.499700000000000000e+04,1.570607831235681078e+05,9.415173125815197441e-02,-9.415173125815197441e-02,1.000000000000079714e+00
2.509400000000000000e+04,1.576702520983645227e+05,3.221105270373141316e-01,3.221105270373141316e-01,1.000000000000076827e+00
2.519200000000000000e+04,1.582860042584681360e+05,-2.686364243355641168e-01,-2.686364243355641168e-01,1.000000000000019984e+00
2.529000000000000000e+04,1.589017564185717492e+05,-7.108620697429338109e-02,-7.108620697429338109e-02,1.000000000000039080e+00
2.538800000000000000e+04,1.595175085786753334e+05,3.747105335372763468e-01,3.747105335372763468e-01,1.000000000000020206e+00
2.548700000000000000e+04,1.601395439240861160e+05,2.785124129681484373e-01,-2.785124129681484373e-01,1.000000000000082823e+00
2.558600000000000000e+04,1.607615792694968986e+05,-7.492225019958195786e-02,-7.492225019958195786e-02,1.000000000000107692e+00
2.568600000000000000e+04,1.613898978002148506e+05,2.741110740135735968e-01,2.741110740135735968e-01,1.000000000000127676e+00
2.578600000000000000e+04,1.620182163309328025e+05,-3.867380174833909279e-01,-3.867380174833909279e-01,1.000000000000119460e+00
2.588600000000000000e+04,1.626465348616507836e+05,2.869597521455041766e-01,2.869597521455041766e-01,1.000000000000125455e+00
2.598700000000000000e+04,1.632811365776759048e+05,4.984675272020709647e-02,-4.984675272020709647e-02,1.000000000000135225e+00
2.608800000000000000e+04,1.639157382937010552e+05,-3.246645779403161125e-01,-3.246645779403161125e-01,1.000000000000126565e+00
2.619000000000000000e+04,1.645566231950333749e+05,5.262585963852322024e-01,5.262585963852322024e-01,1.000000000000112355e+00
2.629200000000000000e+04,1.651975080963656947e+05,-4.169312635375580500e-01,-4.169312635375580500e-01,1.000000000000108580e+00
2.639400000000000000e+04,1.658383929976979853e+05,-2.473296450184710865e-02,-2.473296450184710865e-02,1.000000000000064171e+00
2.649700000000000000e+04,1.664855610843375034e+05,-4.751553019205825290e-01,4.751553019205825290e-01,1.000000000000085265e+00
2.660000000000000000e+04,1.671327291709769925e+05,-3.330280928898923798e-01,-3.330280928898923798e-01,1.000000000000047073e+00
2.670300000000000000e+04,1.677798972576164815e+05,-2.589552092504632808e-01,2.589552092504632808e-01,1.000000000000036859e+00
2.680700000000000000e+04,1.684333485295631690e+05,-6.256970668977254735e-02,6.256970668977254735e-02,1.000000000000043965e+00
2.691100000000000000e+04,1.690867998015098565e+05,5.034164273761814190e-01,-5.034164273761814190e-01,1.000000000000053513e+00
2.701600000000000000e+04,1.697465342587637133e+05,5.922372200978360812e-01,5.922372200978360812e-01,1.000000000000108580e+00
2.712100000000000000e+04,1.704062687160175701e+05,2.060435995751417337e-01,-2.060435995751417337e-01,1.000000000000080824e+00
2.722700000000000000e+04,1.710722863585785963e+05,6.111325309770856279e-02,-6.111325309770856279e-02,1.000000000000115463e+00
2.733300000000000000e+04,1.717383040011396224e+05,-4.181448423623640442e-01,4.181448423623640442e-01,1.000000000000140332e+00
2.743900000000000000e+04,1.724043216437006777e+05,1.784388260242925628e-01,-1.784388260242925628e-01,1.000000000000115685e+00
2.754600000000000000e+04,1.730766224715688732e+05,-1.565933052009394616e-02,-1.565933052009394616e-02,1.000000000000130784e+00
2.765300000000000000e+04,1.737489232994370977e+05,8.685019702825703958e-02,-8.685019702825703958e-02,1.000000000000121680e+00
2.776100000000000000e+04,1.744275073126124917e+05,4.651263643292359307e-01,-4.651263643292359307e-01,1.000000000000077272e+00
2.786900000000000000e+04,1.751060913257878856e+05,-4.016028583503458149e-01,4.016028583503458149e-01,1.000000000000069500e+00
2.797700000000000000e+04,1.757846753389632795e+05,1.773504351755316177e-01,-1.773504351755316177e-01,1.000000000000090372e+00
2.808600000000000000e+04,1.764695425374458719e+05,-5.447953083937061465e-03,-5.447953083937061465e-03,1.000000000000046629e+00
2.819500000000000000e+04,1.771544097359284351e+05,1.135104567771084809e-02,-1.135104567771084809e-02,1.000000000000019540e+00
2.830500000000000000e+04,1.778455601197181968e+05,4.514018857007747743e-01,-4.514018857007747743e-01,1.000000000000049516e+00
2.841500000000000000e+04,1.785367105035079294e+05,-3.518210871511907589e-01,3.518210871511907589e-01,1.000000000000093259e+00
2.852600000000000000e+04,1.792341440726048895e+05,-2.330832867323431867e-01,-2.330832867323431867e-01,1.000000000000099698e+00
2.863700000000000000e+04,1.799315776417018205e+05,1.834339719382242296e-03,-1.834339719382242296e-03,1.000000000000078382e+00
2.874800000000000000e+04,1.806290112107987516e+05,3.166994728232174205e-01,3.166994728232174205e-01,1.000000000000141442e+00
2.886000000000000000e+04,1.813327279652028519e+05,-2.759809102350083698e-01,-2.759809102350083698e-01,1.000000000000158318e+00
2.897200000000000000e+04,1.820364447196069814e+05,5.246646378244540498e-01,5.246646378244540498e-01,1.000000000000132561e+00
2.908500000000000000e+04,1.827464446593182511e+05,1.653648545253352808e-01,-1.653648545253352808e-01,1.000000000000120126e+00
2.919800000000000000e+04,1.834564445990295499e+05,3.586491970999586276e-02,3.586491970999586276e-02,1.000000000000097700e+00
2.931200000000000000e+04,1.841727277240480180e+05,1.621577595789989168e-01,1.621577595789989168e-01,1.000000000000084599e+00
2.942600000000000000e+04,1.848890108490665152e+05,-2.410669575842846746e-01,-2.410669575842846746e-01,1.000000000000079936e+00
2.954000000000000000e+04,1.856052939740849833e+05,4.946817386288503982e-01,4.946817386288503982e-01,1.000000000000067280e+00
2.965500000000000000e+04,1.863278602844106208e+05,1.918762160301745734e-01,-1.918762160301745734e-01,1.000000000000074163e+00
2.977100000000000000e+04,1.870567097800434567e+05,-2.743580479826440710e-01,2.743580479826440710e-01,1.000000000000047073e+00
2.988600000000000000e+04,1.877792760903691233e+05,1.021238369622255449e-01,1.021238369622255449e-01,1.000000000000067946e+00
3.000300000000000000e+04,1.885144087713091285e+05,3.399808831442591162e-01,-3.399808831442591162e-01,1.000000000000055511e+00
3.011900000000000000e+04,1.892432582669419644e+05,-1.347371044203191925e-01,1.347371044203191925e-01,1.000000000000080158e+00
3.023700000000000000e+04,1.899846741331891390e+05,5.939197909728709535e-01,-5.939197909728709535e-01,1.000000000000095701e+00
3.035400000000000000e+04,1.907198068141291733e+05,3.384696914407647750e-01,3.384696914407647750e-01,1.000000000000101252e+00
3.047200000000000000e+04,1.914612226803763479e+05,5.452865220976949034e-02,5.452865220976949034e-02,1.000000000000135669e+00
3.059100000000000000e+04,1.922089217319307209e+05,-1.668299620176554865e-01,1.668299620176554865e-01,1.000000000000131228e+00
3.071000000000000000e+04,1.929566207834850939e+05,2.418660172245000461e-01,2.418660172245000461e-01,1.000000000000129452e+00
3.082900000000000000e+04,1.937043198350394669e+05,2.750353601284745708e-01,-2.750353601284745708e-01,1.000000000000102141e+00
3.094900000000000000e+04,1.944583020719010092e+05,-4.524974147050808693e-01,4.524974147050808693e-01,1.000000000000076161e+00
3.107000000000000000e+04,1.952185674940697500e+05,-3.262702168831134175e-01,-3.262702168831134175e-01,1.000000000000107470e+00
3.119100000000000000e+04,1.959788329162384616e+05,-3.144813372690706821e-01,3.144813372690706821e-01,1.000000000000058842e+00
3.131200000000000000e+04,1.967390983384072024e+05,-3.567606608706594962e-01,-3.567606608706594962e-01,1.000000000000075717e+00
3.143400000000000000e+04,1.975056469458831125e+05,-4.869635891915721770e-02,-4.869635891915721770e-02,1.000000000000076605e+00
3.155600000000000000e+04,1.982721955533590226e+05,3.233865926264897772e-02,3.233865926264897772e-02,1.000000000000118350e+00
3.167900000000000000e+04,1.990450273461421020e+05,7.422303174887559529e-02,-7.422303174887559529e-02,1.000000000000113243e+00
3.180200000000000000e+04,1.998178591389252106e+05,3.168120788108685359e-01,3.168120788108685359e-01,1.000000000000111466e+00
3.192600000000000000e+04,2.005969741170154593e+05,-2.615587633252932642e-01,-2.615587633252932642e-01,1.000000000000110356e+00
3.205000000000000000e+04,2.013760890951057372e+05,2.657323389272462921e-01,2.657323389272462921e-01,1.000000000000132339e+00
3.217500000000000000e+04,2.021614872585031844e+05,3.484519536459684819e-01,-3.484519536459684819e-01,1.000000000000122125e+00
3.230000000000000000e+04,2.029468854219006316e+05,2.668625591774340666e-01,2.668625591774340666e-01,1.000000000000113243e+00
3.242600000000000000e+04,2.037385667706052773e+05,-1.002099798617590715e-01,-1.002099798617590715e-01,1.000000000000085487e+00
3.255200000000000000e+04,2.045302481193098938e+05,-3.220898614746199595e-02,-3.220898614746199595e-02,1.000000000000037748e+00
3.267900000000000000e+04,2.053282126533217088e+05,-3.776631660660718925e-02,3.776631660660718925e-02,1.000000000000022871e+00
3.280600000000000000e+04,2.061261771873334947e+05,9.062988219798126868e-03,9.062988219798126868e-03,1.000000000000051514e+00
3.293400000000000000e+04,2.069304249066524790e+05,8.312761836371340696e-02,8.312761836371340696e-02,1.000000000000081268e+00
3.306200000000000000e+04,2.077346726259714924e+05,-1.494082953445412254e-01,-1.494082953445412254e-01,1.000000000000114575e+00
3.319000000000000000e+04,2.085389203452904767e+05,2.620595842367503536e-01,2.620595842367503536e-01,1.000000000000129008e+00
3.331900000000000000e+04,2.093494512499166303e+05,3.603632710209707657e-01,-3.603632710209707657e-01,1.000000000000112133e+00
3.344900000000000000e+04,2.101662653398499824e+05,-4.345792957051758387e-01,4.345792957051758387e-01,1.000000000000100808e+00
3.357900000000000000e+04,2.109830794297833345e+05,4.462315861591356070e-01,-4.462315861591356070e-01,1.000000000000122569e+00
3.371000000000000000e+04,2.118061767050238559e+05,5.665114356514410199e-01,5.665114356514410199e-01,1.000000000000089262e+00
3.384100000000000000e+04,2.126292739802643773e+05,6.634330929819758360e-01,-6.634330929819758360e-01,1.000000000000068168e+00
3.397300000000000000e+04,2.134586544408120972e+05,-4.057461210670061935e-01,4.057461210670061935e-01,1.000000000000050182e+00
3.410500000000000000e+04,2.142880349013597879e+05,2.972897555110092238e-01,-2.972897555110092238e-01,1.000000000000076383e+00
3.423800000000000000e+04,2.151236985472146771e+05,2.097742356509776918e-01,2.097742356509776918e-01,1.000000000000067724e+00
3.437100000000000000e+04,2.159593621930695663e+05,8.299778185906979411e-02,-8.299778185906979411e-02,1.000000000000075717e+00
3.450500000000000000e+04,2.168013090242316248e+05,-1.280573568996875300e-01,1.280573568996875300e-01,1.000000000000118572e+00
3.463900000000000000e+04,2.176432558553936833e+05,-2.880828262164946557e-02,2.880828262164946557e-02,1.000000000000095035e+00
3.477400000000000000e+04,2.184914858718629403e+05,-2.816315880204756442e-02,-2.816315880204756442e-02,1.000000000000131006e+00
3.490900000000000000e+04,2.193397158883321681e+05,1.641461708813196987e-02,-1.641461708813196987e-02,1.000000000000154543e+00
3.504500000000000000e+04,2.201942290901085944e+05,-1.144655782733292604e-01,1.144655782733292604e-01,1.000000000000112577e+00
3.518100000000000000e+04,2.210487422918850207e+05,1.923307508619192044e-02,-1.923307508619192044e-02,1.000000000000090816e+00
3.531800000000000000e+04,2.219095386789686163e+05,-3.403148355847416262e-01,-3.403148355847416262e-01,1.000000000000091926e+00
3.545500000000000000e+04,2.227703350660522410e+05,9.102445268263224809e-03,-9.102445268263224809e-03,1.000000000000058176e+00
3.559300000000000000e+04,2.236374146384430060e+05,-7.515110433627331110e-02,7.515110433627331110e-02,1.000000000000062172e+00
3.573200000000000000e+04,2.245107773961409694e+05,1.945120682451968452e-01,1.945120682451968452e-01,1.000000000000075939e+00
3.587100000000000000e+04,2.253841401538389327e+05,1.611080347444877603e-01,-1.611080347444877603e-01,1.000000000000089484e+00
3.601100000000000000e+04,2.262637860968440655e+05,-1.605750833408652323e-01,1.605750833408652323e-01,1.000000000000096145e+00
3.615100000000000000e+04,2.271434320398492273e+05,-1.949870659695456809e-01,1.949870659695456809e-01,1.000000000000139222e+00
3.629100000000000000e+04,2.280230779828543600e+05,-3.137910240981531818e-01,3.137910240981531818e-01,1.000000000000109468e+00
3.643300000000000000e+04,2.289152902964738605e+05,-1.373369933894541539e-01,1.373369933894541539e-01,1.000000000000125677e+00
3.657400000000000000e+04,2.298012194247861917e+05,2.126645608429997836e-01,2.126645608429997836e-01,1.000000000000089928e+00
3.671700000000000000e+04,2.306997149237128615e+05,-4.166138495489569993e-02,4.166138495489569993e-02,1.000000000000084377e+00
3.685900000000000000e+04,2.315919272373323620e+05,-5.396592888987137432e-02,5.396592888987137432e-02,1.000000000000074829e+00
3.700300000000000000e+04,2.324967059215662302e+05,-1.335055613046138845e-01,1.335055613046138845e-01,1.000000000000057288e+00
3.714700000000000000e+04,2.334014846058000985e+05,-1.077372303401467751e-01,1.077372303401467751e-01,1.000000000000106137e+00
3.729100000000000000e+04,2.343062632900339377e+05,-2.838197091832591612e-01,2.838197091832591612e-01,1.000000000000066169e+00
3.743700000000000000e+04,2.352236083448821737e+05,7.610312914106062698e-02,-7.610312914106062698e-02,1.000000000000118572e+00
3.758200000000000000e+04,2.361346702144232113e+05,1.423879528754342649e-01,1.423879528754342649e-01,1.000000000000135891e+00
3.772800000000000000e+04,2.370520152692714182e+05,-3.005106404827433408e-01,-3.005106404827433408e-01,1.000000000000098366e+00
3.787500000000000000e+04,2.379756435094268236e+05,-2.561522943943568831e-01,2.561522943943568831e-01,1.000000000000155875e+00
3.802300000000000000e+04,2.389055549348893983e+05,1.954996915065423946e-01,-1.954996915065423946e-01,1.000000000000153877e+00
3.817100000000000000e+04,2.398354663603519730e+05,-5.773249030335705356e-01,5.773249030335705356e-01,1.000000000000100142e+00
3.831900000000000000e+04,2.407653777858145768e+05,3.162970075899489419e-01,-3.162970075899489419e-01,1.000000000000081490e+00
3.846800000000000000e+04,2.417015723965843208e+05,3.548800971883462330e-01,3.548800971883462330e-01,1.000000000000075495e+00
3.861800000000000000e+04,2.426440501926612633e+05,-2.880329690303589651e-01,-2.880329690303589651e-01,1.000000000000086375e+00
3.876800000000000000e+04,2.435865279887382057e+05,3.352106830241466384e-01,3.352106830241466384e-01,1.000000000000090372e+00
3.891900000000000000e+04,2.445352889701223176e+05,5.096892243762130015e-01,-5.096892243762130015e-01,1.000000000000101252e+00
3.907000000000000000e+04,2.454840499515064294e+05,7.988478788548547538e-02,7.988478788548547538e-02,1.000000000000149880e+00
3.922200000000000000e+04,2.464390941181977396e+05,-2.836847072833460770e-02,-2.836847072833460770e-02,1.000000000000137002e+00
3.937500000000000000e+04,2.474004214701962192e+05,2.183177169008209406e-01,-2.183177169008209406e-01,1.000000000000111688e+00
3.952800000000000000e+04,2.483617488221946987e+05,4.354729768635358655e-01,4.354729768635358655e-01,1.000000000000082823e+00
3.968200000000000000e+04,2.493293593595003476e+05,-2.119523670315064667e-01,-2.119523670315064667e-01,1.000000000000081490e+00
3.983600000000000000e+04,2.502969698968059965e+05,3.995739492051683106e-01,3.995739492051683106e-01,1.000000000000072831e+00
3.999100000000000000e+04,2.512708636194188439e+05,4.392653586473982408e-01,-4.392653586473982408e-01,1.000000000000065281e+00
4.014700000000000000e+04,2.522510405273388606e+05,-3.180880807823232570e-01,3.180880807823232570e-01,1.000000000000085043e+00
4.030300000000000000e+04,2.532312174352588772e+05,1.941383094032660961e-01,-1.941383094032660961e-01,1.000000000000091260e+00
4.046000000000000000e+04,2.542176775284860632e+05,2.236999660051111616e-01,2.236999660051111616e-01,1.000000000000114575e+00
4.061800000000000000e+04,2.552104208070204477e+05,-1.212253847632029091e-01,-1.212253847632029091e-01,1.000000000000127454e+00
4.077600000000000000e+04,2.562031640855548030e+05,-6.536169038625560743e-03,-6.536169038625560743e-03,1.000000000000110578e+00
4.093400000000000000e+04,2.571959073640891875e+05,1.863465227350101228e-01,1.863465227350101228e-01,1.000000000000095701e+00
4.109400000000000000e+04,2.582012170132379106e+05,-3.764987925689938231e-01,-3.764987925689938231e-01,1.000000000000081934e+00
4.125300000000000000e+04,2.592002434770794644e+05,-3.287458752557453345e-01,3.287458752557453345e-01,1.000000000000047740e+00
4.141400000000000000e+04,2.602118363115353859e+05,-3.564228880072615735e-01,-3.564228880072615735e-01,1.000000000000026201e+00
4.157500000000000000e+04,2.612234291459913075e+05,-2.267596082053530138e-01,2.267596082053530138e-01,1.000000000000054179e+00
4.173700000000000000e+04,2.622413051657543983e+05,-1.009420426176918933e-01,1.009420426176918933e-01,1.000000000000066835e+00
4.189900000000000000e+04,2.632591811855174601e+05,3.732387273866689670e-01,-3.732387273866689670e-01,1.000000000000079936e+00
4.206200000000000000e+04,2.642833403905877494e+05,2.566506604338543718e-01,2.566506604338543718e-01,1.000000000000131006e+00
4.222600000000000000e+04,2.653137827809652081e+05,-2.421246784541613295e-01,-2.421246784541613295e-01,1.000000000000163647e+00
4.239000000000000000e+04,2.663442251713426667e+05,3.140112831139313387e-01,3.140112831139313387e-01,1.000000000000150990e+00
4.255500000000000000e+04,2.673809507470272947e+05,1.233480549775232693e-01,-1.233480549775232693e-01,1.000000000000134337e+00
4.272100000000000000e+04,2.684239595080190920e+05,3.619601835650333443e-01,-3.619601835650333443e-01,1.000000000000090594e+00
4.288700000000000000e+04,2.694669682690108893e+05,-3.381499793939272136e-01,3.381499793939272136e-01,1.000000000000082157e+00
4.305400000000000000e+04,2.705162602153099142e+05,-3.884912495219021156e-01,-3.884912495219021156e-01,1.000000000000027534e+00
4.322100000000000000e+04,2.715655521616088809e+05,-4.309907936545060991e-01,4.309907936545060991e-01,1.000000000000097922e+00
4.339000000000000000e+04,2.726274104785222444e+05,-6.961951434971347386e-02,-6.961951434971347386e-02,1.000000000000123901e+00
4.355800000000000000e+04,2.736829856101284386e+05,1.525069269612031320e-01,1.525069269612031320e-01,1.000000000000169420e+00
4.372800000000000000e+04,2.747511271123489714e+05,6.252574598163371800e-01,6.252574598163371800e-01,1.000000000000126787e+00
4.389800000000000000e+04,2.758192686145695043e+05,-2.918713063187374779e-01,-2.918713063187374779e-01,1.000000000000117018e+00
4.406900000000000000e+04,2.768936933020972065e+05,-4.694773629672933657e-01,4.694773629672933657e-01,1.000000000000131006e+00
4.424000000000000000e+04,2.779681179896249087e+05,-2.958458459933548459e-02,-2.958458459933548459e-02,1.000000000000077716e+00
4.441200000000000000e+04,2.790488258624597802e+05,-1.150662266727960070e-01,-1.150662266727960070e-01,1.000000000000086597e+00
4.458500000000000000e+04,2.801358169206018792e+05,-5.065514125361800790e-01,5.065514125361800790e-01,1.000000000000090816e+00
4.475900000000000000e+04,2.812290911640510894e+05,2.667790278494577838e-01,-2.667790278494577838e-01,1.000000000000125011e+00
4.493300000000000000e+04,2.823223654075003578e+05,1.025310050047411048e-01,-1.025310050047411048e-01,1.000000000000125677e+00
4.510800000000000000e+04,2.834219228362567956e+05,1.237323790962826797e-01,1.237323790962826797e-01,1.000000000000155653e+00
4.528300000000000000e+04,2.845214802650131751e+05,3.229774968242387079e-01,-3.229774968242387079e-01,1.000000000000162759e+00
4.545900000000000000e+04,2.856273208790767821e+05,-4.579111483064792210e-01,4.579111483064792210e-01,1.000000000000088374e+00
4.563600000000000000e+04,2.867394446784476168e+05,-7.722339216939266837e-02,-7.722339216939266837e-02,1.000000000000096589e+00
4.581400000000000000e+04,2.878578516631255625e+05,-6.305889193225633349e-01,-6.305889193225633349e-01,1.000000000000038192e+00
4.599200000000000000e+04,2.889762586478035082e+05,4.226715486169205782e-01,4.226715486169205782e-01,1.000000000000075939e+00
4.617100000000000000e+04,2.901009488177886815e+05,1.037726835296017835e-01,-1.037726835296017835e-01,1.000000000000086153e+00
4.635100000000000000e+04,2.912319221730810241e+05,1.577892865297490232e-01,-1.577892865297490232e-01,1.000000000000131672e+00
4.653100000000000000e+04,2.923628955283733085e+05,-3.910832559085924975e-01,3.910832559085924975e-01,1.000000000000125455e+00
4.671200000000000000e+04,2.935001520689728204e+05,-1.906890066016313501e-01,-1.906890066016313501e-01,1.000000000000153877e+00
4.689400000000000000e+04,2.946436917948795017e+05,-8.446418734841470988e-02,-8.446418734841470988e-02,1.000000000000116351e+00
4.707600000000000000e+04,2.957872315207861830e+05,3.452632275243909254e-01,3.452632275243909254e-01,1.000000000000103473e+00
4.726000000000000000e+04,2.969433376173072611e+05,-3.873251365307742722e-01,-3.873251365307742722e-01,1.000000000000079714e+00
4.744300000000000000e+04,2.980931605285211117e+05,-1.475633023848858805e-01,1.475633023848858805e-01,1.000000000000099476e+00
4.762800000000000000e+04,2.992555498103493592e+05,2.560361859365257176e-01,2.560361859365257176e-01,1.000000000000110800e+00
4.781300000000000000e+04,3.004179390921775484e+05,3.344556945240405588e-01,-3.344556945240405588e-01,1.000000000000110356e+00
4.799900000000000000e+04,3.015866115593129653e+05,6.314453815358735123e-02,-6.314453815358735123e-02,1.000000000000168088e+00
4.818600000000000000e+04,3.027615672117555514e+05,4.786392911394332095e-01,4.786392911394332095e-01,1.000000000000147882e+00
4.837400000000000000e+04,3.039428060495053069e+05,-2.426225118874106301e-01,-2.426225118874106301e-01,1.000000000000123013e+00
4.856200000000000000e+04,3.051240448872550623e+05,7.830731405360448483e-02,7.830731405360448483e-02,1.000000000000128564e+00
4.875100000000000000e+04,3.063115669103119872e+05,-4.410827485641416468e-01,4.410827485641416468e-01,1.000000000000103695e+00
4.894100000000000000e+04,3.075053721186761395e+05,4.553762807029919646e-01,-4.553762807029919646e-01,1.000000000000091482e+00
4.913100000000000000e+04,3.086991773270402336e+05,2.567532749180617690e-01,-2.567532749180617690e-01,1.000000000000114353e+00
4.932200000000000000e+04,3.098992657207115553e+05,3.869045163091726636e-01,3.869045163091726636e-01,1.000000000000150768e+00
4.951400000000000000e+04,3.111056372996900463e+05,-1.546716523383860897e-01,-1.546716523383860897e-01,1.000000000000177192e+00
4.970700000000000000e+04,3.123182920639757067e+05,3.296325603344723021e-01,-3.296325603344723021e-01,1.000000000000129452e+00
4.990000000000000000e+04,3.135309468282613670e+05,3.414505103153154253e-01,3.414505103153154253e-01,1.000000000000118794e+00
5.009400000000000000e+04,3.147498847778541967e+05,-9.582339388280131098e-02,-9.582339388280131098e-02,1.000000000000083933e+00
5.028900000000000000e+04,3.159751059127541957e+05,1.992996667167431513e-01,-1.992996667167431513e-01,1.000000000000106581e+00
5.048500000000000000e+04,3.172066102329614223e+05,-2.083087042039788728e-01,2.083087042039788728e-01,1.000000000000132339e+00
5.068100000000000000e+04,3.184381145531685906e+05,-2.462186871965112989e-01,2.462186871965112989e-01,1.000000000000122791e+00
5.087900000000000000e+04,3.196821852439901559e+05,8.714661501414031064e-02,-8.714661501414031064e-02,1.000000000000155209e+00
5.107700000000000000e+04,3.209262559348117211e+05,-9.018408753647975951e-02,9.018408753647975951e-02,1.000000000000197620e+00
5.127500000000000000e+04,3.221703266256332863e+05,-4.347578055961497934e-01,4.347578055961497934e-01,1.000000000000146771e+00
5.147500000000000000e+04,3.234269636870691902e+05,-2.642057278268259563e-02,2.642057278268259563e-02,1.000000000000121458e+00
5.167500000000000000e+04,3.246836007485050941e+05,2.142538140098956823e-01,-2.142538140098956823e-01,1.000000000000109690e+00
5.187600000000000000e+04,3.259465209952482255e+05,4.372986996434740092e-01,4.372986996434740092e-01,1.000000000000115907e+00
5.207800000000000000e+04,3.272157244272984681e+05,2.517530641109159140e-01,2.517530641109159140e-01,1.000000000000107470e+00
5.228100000000000000e+04,3.284912110446559382e+05,3.449450980259613497e-01,-3.449450980259613497e-01,1.000000000000154543e+00
5.248400000000000000e+04,3.297666976620134083e+05,-3.652888464410132263e-01,-3.652888464410132263e-01,1.000000000000161871e+00
5.268800000000000000e+04,3.310484674646780477e+05,4.426963733680511215e-01,4.426963733680511215e-01,1.000000000000151434e+00
5.289300000000000000e+04,3.323365204526498565e+05,-3.759858812650955506e-02,3.759858812650955506e-02,1.000000000000124123e+00
5.309900000000000000e+04,3.336308566259288345e+05,2.971864770482171014e-01,-2.971864770482171014e-01,1.000000000000079048e+00
5.330600000000000000e+04,3.349314759845150402e+05,-5.854939518264344611e-02,-5.854939518264344611e-02,1.000000000000071942e+00
5.351300000000000000e+04,3.362320953431011876e+05,-3.615669157244063570e-01,3.615669157244063570e-01,1.000000000000128786e+00
5.372100000000000000e+04,3.375389978869945626e+05,-2.705159553885485568e-01,2.705159553885485568e-01,1.000000000000152323e+00
5.393000000000000000e+04,3.388521836161951069e+05,-4.549068297572479991e-01,-4.549068297572479991e-01,1.000000000000184075e+00
5.414000000000000000e+04,3.401716525307028205e+05,-4.661643200555704719e-02,-4.661643200555704719e-02,1.000000000000176970e+00
5.435100000000000000e+04,3.414974046305177035e+05,-2.700559085460353392e-01,2.700559085460353392e-01,1.000000000000136779e+00
5.456200000000000000e+04,3.428231567303325864e+05,3.274746680416434907e-02,3.274746680416434907e-02,1.000000000000130562e+00
5.477500000000000000e+04,3.441614752007618081e+05,6.075248107254722640e-01,-6.075248107254722640e-01,1.000000000000088152e+00
5.498800000000000000e+04,3.454997936711910879e+05,-2.100565329950369042e-01,-2.100565329950369042e-01,1.000000000000110134e+00
5.520200000000000000e+04,3.468443953269275371e+05,3.476545160281451219e-01,3.476545160281451219e-01,1.000000000000164979e+00
5.541700000000000000e+04,3.481952801679711556e+05,-3.301126538630346774e-01,3.301126538630346774e-01,1.000000000000167200e+00
5.563200000000000000e+04,3.495461650090147159e+05,-4.160068776660219569e-01,-4.160068776660219569e-01,1.000000000000161426e+00
5.584900000000000000e+04,3.509096162206727313e+05,2.197174556710290716e-01,-2.197174556710290716e-01,1.000000000000170974e+00
5.606600000000000000e+04,3.522730674323306885e+05,2.126987508847136554e-01,2.126987508847136554e-01,1.000000000000072609e+00
5.628400000000000000e+04,3.536428018292958150e+05,1.815014077588026353e-01,1.815014077588026353e-01,1.000000000000131672e+00
5.650300000000000000e+04,3.550188194115681690e+05,-1.100309593036239569e-01,1.100309593036239569e-01,1.000000000000095479e+00
5.672300000000000000e+04,3.564011201791476924e+05,2.618451214821133632e-01,-2.618451214821133632e-01,1.000000000000193179e+00
5.694400000000000000e+04,3.577897041320343851e+05,-2.844770250137426126e-01,-2.844770250137426126e-01,1.000000000000168532e+00
5.716500000000000000e+04,3.591782880849210196e+05,-1.134676207422854188e-01,1.134676207422854188e-01,1.000000000000187850e+00
5.738800000000000000e+04,3.605794384084221092e+05,3.691903805531877580e-01,3.691903805531877580e-01,1.000000000000128342e+00
5.761100000000000000e+04,3.619805887319231406e+05,1.654871437977608051e-01,-1.654871437977608051e-01,1.000000000000119460e+00
5.783500000000000000e+04,3.633880222407313413e+05,1.992021295348618826e-01,-1.992021295348618826e-01,1.000000000000105693e+00
5.806000000000000000e+04,3.648017389348467696e+05,1.855165758612976612e-01,1.855165758612976612e-01,1.000000000000152101e+00
5.828600000000000000e+04,3.662217388142693671e+05,4.261575516646141648e-01,4.261575516646141648e-01,1.000000000000195177e+00
5.851300000000000000e+04,3.676480218789991341e+05,-5.016477645971921806e-01,5.016477645971921806e-01,1.000000000000160538e+00
5.874100000000000000e+04,3.690805881290360703e+05,-9.979190019778247378e-02,9.979190019778247378e-02,1.000000000000166089e+00
5.896900000000000000e+04,3.705131543790730066e+05,3.231806737190556778e-01,-3.231806737190556778e-01,1.000000000000138112e+00
5.919900000000000000e+04,3.719582869997243397e+05,1.719753549281307636e-01,-1.719753549281307636e-01,1.000000000000106137e+00
5.942900000000000000e+04,3.734034196203756146e+05,-3.827998156400005958e-02,3.827998156400005958e-02,1.000000000000118128e+00
5.966000000000000000e+04,3.748548354263341171e+05,2.283079343366177794e-01,2.283079343366177794e-01,1.000000000000154765e+00
5.989200000000000000e+04,3.763125344175997889e+05,2.428532859689691292e-01,2.428532859689691292e-01,1.000000000000237810e+00
6.012500000000000000e+04,3.777765165941726300e+05,3.426086418511678500e-02,-3.426086418511678500e-02,1.000000000000195399e+00
6.035900000000000000e+04,3.792467819560526405e+05,2.699906682291174365e-01,-2.699906682291174365e-01,1.000000000000162537e+00
6.059400000000000000e+04,3.807233305032398202e+05,-4.249293923464722011e-01,-4.249293923464722011e-01,1.000000000000101030e+00
6.083000000000000000e+04,3.822061622357342276e+05,-4.037051628621716320e-02,-4.037051628621716320e-02,1.000000000000078382e+00
6.106700000000000000e+04,3.836952771535358042e+05,-1.968500828491733801e-01,1.968500828491733801e-01,1.000000000000151434e+00
6.130400000000000000e+04,3.851843920713373809e+05,3.941162351602549574e-01,3.941162351602549574e-01,1.000000000000202061e+00
6.154300000000000000e+04,3.866860733597532962e+05,-7.083396587137417988e-02,7.083396587137417988e-02,1.000000000000183187e+00
6.178200000000000000e+04,3.881877546481692116e+05,-1.707199269181793044e-01,-1.707199269181793044e-01,1.000000000000147438e+00
6.202300000000000000e+04,3.897020023071994656e+05,6.588013060891019235e-01,-6.588013060891019235e-01,1.000000000000125233e+00
6.226400000000000000e+04,3.912162499662297778e+05,-2.322587544387244574e-01,-2.322587544387244574e-01,1.000000000000122125e+00
6.250600000000000000e+04,3.927367808105672011e+05,-2.881533066875106019e-01,-2.881533066875106019e-01,1.000000000000136113e+00
6.274900000000000000e+04,3.942635948402118520e+05,-3.508267640499468931e-01,3.508267640499468931e-01,1.000000000000183187e+00
6.299400000000000000e+04,3.958029752404708415e+05,5.179046138971735713e-01,5.179046138971735713e-01,1.000000000000148992e+00
6.323900000000000000e+04,3.973423556407298311e+05,-1.592377217800733935e-01,1.592377217800733935e-01,1.000000000000159872e+00
6.348500000000000000e+04,3.988880192262960481e+05,-1.943453144529714571e-01,1.943453144529714571e-01,1.000000000000121014e+00
6.373200000000000000e+04,4.004399659971693764e+05,-6.447601024268892478e-02,-6.447601024268892478e-02,1.000000000000133671e+00
6.398000000000000000e+04,4.019981959533499321e+05,-6.604880904566803324e-01,-6.604880904566803324e-01,1.000000000000174971e+00
6.422900000000000000e+04,4.035627090948376572e+05,4.044853094558895634e-01,-4.044853094558895634e-01,1.000000000000164313e+00
6.447900000000000000e+04,4.051335054216325516e+05,1.971211807607928523e-01,-1.971211807607928523e-01,1.000000000000171863e+00
6.473000000000000000e+04,4.067105849337346153e+05,9.038801893268486043e-02,9.038801893268486043e-02,1.000000000000178080e+00
6.498100000000000000e+04,4.082876644458366791e+05,-2.838841282610193861e-01,2.838841282610193861e-01,1.000000000000132117e+00
6.523400000000000000e+04,4.098773103285531397e+05,3.366300346193008552e-01,3.366300346193008552e-01,1.000000000000110578e+00
6.548800000000000000e+04,4.114732393965767696e+05,2.915166879440496683e-01,2.915166879440496683e-01,1.000000000000160094e+00
6.574300000000000000e+04,4.130754516499075107e+05,-2.230528994649527141e-01,2.230528994649527141e-01,1.000000000000212719e+00
6.599900000000000000e+04,4.146839470885455376e+05,-1.129332065278078889e-01,1.129332065278078889e-01,1.000000000000164757e+00
6.625500000000000000e+04,4.162924425271835062e+05,-7.009375265034830868e-03,7.009375265034830868e-03,1.000000000000175415e+00
6.651300000000000000e+04,4.179135043364358135e+05,2.283392562610626619e-01,-2.283392562610626619e-01,1.000000000000137890e+00
6.677200000000000000e+04,4.195408493309953483e+05,-2.758182597629064703e-01,-2.758182597629064703e-01,1.000000000000160316e+00
6.703200000000000000e+04,4.211744775108620524e+05,-4.372505761561295001e-01,-4.372505761561295001e-01,1.000000000000169864e+00
6.729300000000000000e+04,4.228143888760358677e+05,5.042538090222590252e-01,-5.042538090222590252e-01,1.000000000000190958e+00
6.755500000000000000e+04,4.244605834265169688e+05,4.838488061921553118e-01,-4.838488061921553118e-01,1.000000000000167644e+00
6.781700000000000000e+04,4.261067779769980116e+05,1.600010563040406564e-01,-1.600010563040406564e-01,1.000000000000146549e+00
6.808100000000000000e+04,4.277655388980933931e+05,9.655141009456472828e-03,-9.655141009456472828e-03,1.000000000000108136e+00
6.834600000000000000e+04,4.294305830044960021e+05,-5.116936887730241107e-02,-5.116936887730241107e-02,1.000000000000155209e+00
6.861200000000000000e+04,4.311019102962057805e+05,2.188103359083012900e-01,2.188103359083012900e-01,1.000000000000202727e+00
6.887900000000000000e+04,4.327795207732227282e+05,-2.253841568330959277e-01,2.253841568330959277e-01,1.000000000000176525e+00
6.914700000000000000e+04,4.344634144355468452e+05,-2.544082441915805903e-01,2.544082441915805903e-01,1.000000000000157208e+00
6.941600000000000000e+04,4.361535912831781316e+05,4.027542218922312567e-01,4.027542218922312567e-01,1.000000000000154987e+00
6.968600000000000000e+04,4.378500513161166455e+05,2.862215998421571705e-01,2.862215998421571705e-01,1.000000000000106581e+00
6.995700000000000000e+04,4.395527945343623287e+05,-4.242656045975126133e-01,4.242656045975126133e-01,1.000000000000170974e+00
7.023000000000000000e+04,4.412681041232223506e+05,5.674592660450283876e-01,5.674592660450283876e-01,1.000000000000201839e+00
7.050300000000000000e+04,4.429834137120823725e+05,-3.327645403945096447e-01,3.327645403945096447e-01,1.000000000000203837e+00
7.077700000000000000e+04,4.447050064862495637e+05,-5.007950161996350680e-01,5.007950161996350680e-01,1.000000000000157652e+00
7.105300000000000000e+04,4.464391656310311519e+05,-4.348557250391736906e-01,4.348557250391736906e-01,1.000000000000140332e+00
7.132900000000000000e+04,4.481733247758126818e+05,-3.317373157693851438e-01,3.317373157693851438e-01,1.000000000000150102e+00
7.160700000000000000e+04,4.499200502912086085e+05,-1.577414920528473208e-01,1.577414920528473208e-01,1.000000000000198952e+00
7.188500000000000000e+04,4.516667758066045353e+05,-4.452135141622753922e-01,4.452135141622753922e-01,1.000000000000192069e+00
7.216500000000000000e+04,4.534260676926148590e+05,-5.990444843383100348e-01,5.990444843383100348e-01,1.000000000000122125e+00
7.244600000000000000e+04,4.551916427639322937e+05,3.717719672755843696e-01,3.717719672755843696e-01,1.000000000000108802e+00
7.272800000000000000e+04,4.569635010205569561e+05,5.086241748397426488e-01,5.086241748397426488e-01,1.000000000000117906e+00
7.301100000000000000e+04,4.587416424624887877e+05,-4.152646527971144419e-01,4.152646527971144419e-01,1.000000000000174083e+00
7.329500000000000000e+04,4.605260670897277887e+05,-4.030929010864638951e-01,4.030929010864638951e-01,1.000000000000199396e+00
7.358000000000000000e+04,4.623167749022739590e+05,6.889296756162728297e-01,6.889296756162728297e-01,1.000000000000167200e+00
7.386600000000000000e+04,4.641137659001272987e+05,6.238413717830960659e-01,6.238413717830960659e-01,1.000000000000139000e+00
7.415400000000000000e+04,4.659233232685950352e+05,4.018334922485881089e-01,4.018334922485881089e-01,1.000000000000139222e+00
7.444200000000000000e+04,4.677328806370627717e+05,2.636476822282491916e-01,2.636476822282491916e-01,1.000000000000165867e+00
7.473200000000000000e+04,4.695550043761448469e+05,-2.847043935943489867e-02,-2.847043935943489867e-02,1.000000000000186740e+00
7.502300000000000000e+04,4.713834113005340914e+05,-1.919519677938337776e-01,1.919519677938337776e-01,1.000000000000172085e+00
7.531400000000000000e+04,4.732118182249233359e+05,2.407295869845793579e-01,2.407295869845793579e-01,1.000000000000150324e+00
7.560800000000000000e+04,4.750590747052341467e+05,-1.500289908047869047e-01,-1.500289908047869047e-01,1.000000000000103695e+00
7.590200000000000000e+04,4.769063311855449574e+05,-1.880112183126819159e-01,-1.880112183126819159e-01,1.000000000000191180e+00
7.619700000000000000e+04,4.787598708511629375e+05,1.360309900484994172e-01,-1.360309900484994172e-01,1.000000000000224265e+00
7.649400000000000000e+04,4.806259768873952562e+05,-4.457638007737897423e-01,-4.457638007737897423e-01,1.000000000000165867e+00
7.679100000000000000e+04,4.824920829236276331e+05,1.620554060993812662e-01,-1.620554060993812662e-01,1.000000000000150990e+00
7.709000000000000000e+04,4.843707553304742905e+05,-6.125721066985712060e-01,-6.125721066985712060e-01,1.000000000000141220e+00
7.739000000000000000e+04,4.862557109226281755e+05,-1.734211181494677845e-01,-1.734211181494677845e-01,1.000000000000200728e+00
7.769100000000000000e+04,4.881469497000892297e+05,-9.866080636786306313e-02,9.866080636786306313e-02,1.000000000000209166e+00
7.799300000000000000e+04,4.900444716628574533e+05,-2.438834087603917733e-01,2.438834087603917733e-01,1.000000000000216938e+00
7.829700000000000000e+04,4.919545599962400738e+05,-4.125574476608633301e-01,4.125574476608633301e-01,1.000000000000145217e+00
7.860100000000000000e+04,4.938646483296226361e+05,-2.712057024641891800e-01,2.712057024641891800e-01,1.000000000000171640e+00
7.890700000000000000e+04,4.957873030336195952e+05,-5.959127719125820177e-02,5.959127719125820177e-02,1.000000000000213163e+00
7.921400000000000000e+04,4.977162409229237237e+05,-6.169202069765621077e-02,-6.169202069765621077e-02,1.000000000000159206e+00
7.952300000000000000e+04,4.996577451828422491e+05,3.945599168927811373e-01,-3.945599168927811373e-01,1.000000000000134559e+00
7.983200000000000000e+04,5.015992494427607162e+05,-3.445897351788391738e-01,-3.445897351788391738e-01,1.000000000000160760e+00
8.014300000000000000e+04,5.035533200732935802e+05,3.126194576267249947e-01,-3.126194576267249947e-01,1.000000000000144107e+00
8.045400000000000000e+04,5.055073907038264442e+05,-2.433663505137113603e-01,-2.433663505137113603e-01,1.000000000000169420e+00
8.076800000000000000e+04,5.074803108902808162e+05,1.006587740025564892e-01,1.006587740025564892e-01,1.000000000000181410e+00
8.108200000000000000e+04,5.094532310767351883e+05,4.798719484393015877e-01,4.798719484393015877e-01,1.000000000000181410e+00
8.139700000000000000e+04,5.114324344484967878e+05,-3.400175488625423181e-01,3.400175488625423181e-01,1.000000000000141887e+00
8.171400000000000000e+04,5.134242041908727260e+05,-2.168337692029791153e-02,-2.168337692029791153e-02,1.000000000000179856e+00
8.203200000000000000e+04,5.154222571185558336e+05,-4.182490252080843796e-01,-4.182490252080843796e-01,1.000000000000240252e+00
8.235100000000000000e+04,5.174265932315461105e+05,2.389222073836183569e-01,-2.389222073836183569e-01,1.000000000000229372e+00
8.267200000000000000e+04,5.194434957151507260e+05,-3.916746860838684618e-01,-3.916746860838684618e-01,1.000000000000176525e+00
8.299300000000000000e+04,5.214603981987553998e+05,-2.295339496815691424e-03,2.295339496815691424e-03,1.000000000000200728e+00
8.331600000000000000e+04,5.234898670529744122e+05,4.414543402818975615e-01,4.414543402818975615e-01,1.000000000000205391e+00
8.364000000000000000e+04,5.255256190925005358e+05,3.384865680862589876e-01,3.384865680862589876e-01,1.000000000000230926e+00
8.396600000000000000e+04,5.275739375026411144e+05,1.037537263963278916e-01,1.037537263963278916e-01,1.000000000000186517e+00
8.429300000000000000e+04,5.296285390980888624e+05,3.729018290507183364e-01,-3.729018290507183364e-01,1.000000000000129008e+00
8.462000000000000000e+04,5.316831406935366103e+05,-1.048725245923327609e-01,-1.048725245923327609e-01,1.000000000000154543e+00
8.495000000000000000e+04,5.337565918449058663e+05,9.418028771026558388e-02,9.418028771026558388e-02,1.000000000000237588e+00
8.528000000000000000e+04,5.358300429962751223e+05,4.001843711022169403e-01,4.001843711022169403e-01,1.000000000000234923e+00
8.561200000000000000e+04,5.379160605182587169e+05,3.373561322897457027e-01,3.373561322897457027e-01,1.000000000000133227e+00
8.594500000000000000e+04,5.400083612255494809e+05,3.071610823873167639e-01,-3.071610823873167639e-01,1.000000000000147216e+00
8.628000000000000000e+04,5.421132283034546999e+05,-5.008854963981843600e-01,-5.008854963981843600e-01,1.000000000000221601e+00
8.661500000000000000e+04,5.442180953813599190e+05,-2.441233916977014751e-01,2.441233916977014751e-01,1.000000000000209610e+00
8.695200000000000000e+04,5.463355288298793603e+05,5.336550905739052553e-01,5.336550905739052553e-01,1.000000000000194955e+00
8.729100000000000000e+04,5.484655286490132567e+05,-2.123471605792888184e-01,2.123471605792888184e-01,1.000000000000152101e+00
8.763000000000000000e+04,5.505955284681471530e+05,-1.980405376974876952e-01,-1.980405376974876952e-01,1.000000000000206946e+00
8.797100000000000000e+04,5.527380946578953881e+05,1.429391849317525609e-01,-1.429391849317525609e-01,1.000000000000216716e+00
8.831400000000000000e+04,5.548932272182579618e+05,4.708393321283286248e-01,4.708393321283286248e-01,1.000000000000217382e+00
8.865700000000000000e+04,5.570483597786205355e+05,-1.133734014967959919e-01,1.133734014967959919e-01,1.000000000000150768e+00
8.900200000000000000e+04,5.592160587095975643e+05,-3.579921964411860724e-01,-3.579921964411860724e-01,1.000000000000201394e+00
8.934900000000000000e+04,5.613963240111888153e+05,4.547426317267050933e-01,-4.547426317267050933e-01,1.000000000000224265e+00
8.969600000000000000e+04,5.635765893127801828e+05,2.157932717381091936e-01,2.157932717381091936e-01,1.000000000000197842e+00
9.004500000000000000e+04,5.657694209849858889e+05,-5.647454381176792992e-01,5.647454381176792992e-01,1.000000000000216493e+00
9.039600000000000000e+04,5.679748190278059337e+05,-4.151031246487976167e-01,-4.151031246487976167e-01,1.000000000000179634e+00
9.074700000000000000e+04,5.701802170706258621e+05,2.812652157819005572e-01,-2.812652157819005572e-01,1.000000000000216493e+00
9.110000000000000000e+04,5.723981814840603620e+05,2.836237489424169311e-01,2.836237489424169311e-01,1.000000000000225153e+00
9.145500000000000000e+04,5.746287122681090841e+05,-2.870201998078968364e-01,2.870201998078968364e-01,1.000000000000180744e+00
9.181100000000000000e+04,5.768655262374649756e+05,3.581695650293824640e-01,-3.581695650293824640e-01,1.000000000000179856e+00
9.216800000000000000e+04,5.791086233921281528e+05,-1.701178541306831438e-01,-1.701178541306831438e-01,1.000000000000236033e+00
9.252700000000000000e+04,5.813642869174055522e+05,-1.795256701788591203e-01,1.795256701788591203e-01,1.000000000000270672e+00
9.288700000000000000e+04,5.836262336279902374e+05,4.460687064865900830e-02,-4.460687064865900830e-02,1.000000000000216493e+00
9.324800000000000000e+04,5.858944635238820920e+05,-1.304980722717407893e-01,-1.304980722717407893e-01,1.000000000000187628e+00
9.361100000000000000e+04,5.881752597903882852e+05,-3.294353114519832371e-01,3.294353114519832371e-01,1.000000000000246914e+00
9.397500000000000000e+04,5.904623392422016477e+05,5.229449842837260998e-02,-5.229449842837260998e-02,1.000000000000257572e+00
9.434100000000000000e+04,5.927619850646293489e+05,4.789735110840606103e-01,-4.789735110840606103e-01,1.000000000000196287e+00
9.470800000000000000e+04,5.950679140723642195e+05,1.980230209701792313e-03,1.980230209701792313e-03,1.000000000000188516e+00
9.507600000000000000e+04,5.973801262654063758e+05,8.342217566352119751e-02,8.342217566352119751e-02,1.000000000000226708e+00
9.544600000000000000e+04,5.997049048290627543e+05,-5.232600424026073727e-01,-5.232600424026073727e-01,1.000000000000245137e+00
9.581800000000000000e+04,6.020422497633335879e+05,2.948366376872354686e-02,2.948366376872354686e-02,1.000000000000223155e+00
9.619000000000000000e+04,6.043795946976044215e+05,2.406079414523011883e-01,2.406079414523011883e-01,1.000000000000132783e+00
9.656500000000000000e+04,6.067357891877967631e+05,1.161997045012856944e-01,-1.161997045012856944e-01,1.000000000000255795e+00
9.694100000000000000e+04,6.090982668632962741e+05,-3.383640983328759511e-01,3.383640983328759511e-01,1.000000000000242251e+00
9.731800000000000000e+04,6.114670277241029544e+05,3.785203761876470771e-03,3.785203761876470771e-03,1.000000000000178302e+00
9.769600000000000000e+04,6.138420717702168040e+05,-4.544294670836650507e-01,-4.544294670836650507e-01,1.000000000000215161e+00
9.807700000000000000e+04,6.162359653722522780e+05,-4.127185951714118506e-01,4.127185951714118506e-01,1.000000000000243139e+00
9.845800000000000000e+04,6.186298589742877521e+05,-3.047031199837829107e-01,-3.047031199837829107e-01,1.000000000000254907e+00
9.884100000000000000e+04,6.210363189469374483e+05,1.524212593684757255e-01,-1.524212593684757255e-01,1.000000000000196732e+00
9.922600000000000000e+04,6.234553452902015997e+05,3.154496756497615628e-01,3.154496756497615628e-01,1.000000000000188294e+00
9.961200000000000000e+04,6.258806548187729204e+05,-3.567666451185002030e-01,-3.567666451185002030e-01,1.000000000000278444e+00
1.000000000000000000e+05,6.283185307179585798e+05,2.591880525978207395e-01,2.591880525978207395e-01,1.000000000000238476e+00
