n,t,mx,z,norm
0.000000000000000000e+00,0.000000000000000000e+00,1.000000000000000000e+00,1.000000000000000000e+00,9.999999999999997780e-01
1.000000000000000000e+00,6.283185307179586232e+00,-9.617998519354356013e-01,9.617998519354356013e-01,9.999999999999883427e-01
2.000000000000000000e+00,1.256637061435917246e+01,8.685395105419232431e-01,8.685395105419232431e-01,1.000000000000004441e+00
3.000000000000000000e+00,1.884955592153875870e+01,-7.410080291520507734e-01,7.410080291520507734e-01,9.999999999998622213e-01
4.000000000000000000e+00,2.513274122871834493e+01,6.162955385804855801e-01,6.162955385804855801e-01,9.999999999997788436e-01
5.000000000000000000e+00,3.141592653589793116e+01,-5.030843010975399876e-01,5.030843010975399876e-01,9.999999999995926592e-01
6.000000000000000000e+00,3.769911184307751739e+01,4.091742781868834000e-01,4.091742781868834000e-01,9.999999999995270450e-01
7.000000000000000000e+00,4.398229715025710362e+01,-3.349787941628723509e-01,3.349787941628723509e-01,9.999999999994317879e-01
8.000000000000000000e+00,5.026548245743668986e+01,2.772813264187440896e-01,2.772813264187440896e-01,9.999999999994505506e-01
9.000000000000000000e+00,5.654866776461627609e+01,-2.350616250097118387e-01,2.350616250097118387e-01,9.999999999994598765e-01
1.000000000000000000e+01,6.283185307179586232e+01,2.044639450646090761e-01,2.044639450646090761e-01,9.999999999995183853e-01
1.100000000000000000e+01,6.911503837897544145e+01,-1.832081506398781645e-01,1.832081506398781645e-01,9.999999999995661248e-01
1.200000000000000000e+01,7.539822368615503478e+01,1.692578599350670621e-01,1.692578599350670621e-01,9.999999999996356248e-01
1.300000000000000000e+01,8.168140899333462812e+01,-1.612323926902318461e-01,1.612323926902318461e-01,9.999999999996938005e-01
1.400000000000000000e+01,8.796459430051420725e+01,1.591390860926157336e-01,1.591390860926157336e-01,9.999999999997659650e-01
1.500000000000000000e+01,9.424777960769378637e+01,-1.626773710400008510e-01,1.626773710400008510e-01,9.999999999998254729e-01
1.600000000000000000e+01,1.005309649148733797e+02,1.718695579065422085e-01,1.718695579065422085e-01,9.999999999998562261e-01
1.700000000000000000e+01,1.068141502220529730e+02,-1.847069415757487398e-01,1.847069415757487398e-01,9.999999999999206191e-01
1.800000000000000000e+01,1.130973355292325522e+02,1.992367074278248440e-01,1.992367074278248440e-01,9.999999999999282796e-01
1.900000000000000000e+01,1.193805208364121313e+02,-2.129748538137612168e-01,2.129748538137612168e-01,9.999999999999812372e-01
2.000000000000000000e+01,1.256637061435917246e+02,2.239825023329020670e-01,2.239825023329020670e-01,9.999999999999382716e-01
2.100000000000000000e+01,1.319468914507713180e+02,-2.325387276623834265e-01,2.325387276623834265e-01,9.999999999999459321e-01
2.200000000000000000e+01,1.382300767579508829e+02,2.436389382266218595e-01,2.436389382266218595e-01,9.999999999998372413e-01
2.300000000000000000e+01,1.445132620651304762e+02,-2.634837471300607858e-01,2.634837471300607858e-01,9.999999999998220312e-01
2.400000000000000000e+01,1.507964473723100696e+02,2.927798379100739479e-01,2.927798379100739479e-01,9.999999999997294386e-01
2.500000000000000000e+01,1.570796326794896629e+02,-3.301758453613315436e-01,3.301758453613315436e-01,9.999999999997519762e-01
2.600000000000000000e+01,1.633628179866692562e+02,3.596186276035983620e-01,3.596186276035983620e-01,9.999999999997537525e-01
2.700000000000000000e+01,1.696460032938488212e+02,-3.729990182781838803e-01,3.729990182781838803e-01,9.999999999998112621e-01
2.800000000000000000e+01,1.759291886010284145e+02,3.678958026691582783e-01,3.678958026691582783e-01,9.999999999998450129e-01
2.900000000000000000e+01,1.822123739082080078e+02,-3.492464213043012244e-01,3.492464213043012244e-01,9.999999999998727684e-01
3.000000000000000000e+01,1.884955592153875727e+02,3.308462551432773124e-01,3.308462551432773124e-01,9.999999999998711031e-01
3.100000000000000000e+01,1.947787445225671661e+02,-3.162366358761907748e-01,3.162366358761907748e-01,9.999999999998775424e-01
3.200000000000000000e+01,2.010619298297467594e+02,3.081476191485828520e-01,3.081476191485828520e-01,9.999999999998495648e-01
3.300000000000000000e+01,2.073451151369263528e+02,-3.047415302686415361e-01,3.047415302686415361e-01,9.999999999998143707e-01
3.400000000000000000e+01,2.136283004441059461e+02,3.053711695474418120e-01,3.053711695474418120e-01,9.999999999997766231e-01
3.500000000000000000e+01,2.199114857512855110e+02,-3.097239066836887100e-01,3.097239066836887100e-01,9.999999999997349898e-01
3.600000000000000000e+01,2.261946710584651044e+02,3.148581115899622418e-01,3.148581115899622418e-01,9.999999999997282174e-01
3.700000000000000000e+01,2.324778563656446977e+02,-3.211656599166484716e-01,3.211656599166484716e-01,9.999999999997500888e-01
3.800000000000000000e+01,2.387610416728242626e+02,3.232693392895565898e-01,3.232693392895565898e-01,9.999999999997936095e-01
3.900000000000000000e+01,2.450442269800038559e+02,-3.206108197318796038e-01,3.206108197318796038e-01,9.999999999998633315e-01
4.000000000000000000e+01,2.513274122871834493e+02,3.131443472876593859e-01,3.131443472876593859e-01,9.999999999999202860e-01
4.100000000000000000e+01,2.576105975943630142e+02,-3.028082462899318039e-01,3.028082462899318039e-01,9.999999999999658051e-01
4.200000000000000000e+01,2.638937829015426360e+02,2.955244238862808626e-01,2.955244238862808626e-01,9.999999999999803491e-01
4.300000000000000000e+01,2.701769682087222009e+02,-2.919873868224224234e-01,2.919873868224224234e-01,9.999999999999789058e-01
4.400000000000000000e+01,2.764601535159017658e+02,2.960319678507948860e-01,2.960319678507948860e-01,9.999999999999141798e-01
4.500000000000000000e+01,2.827433388230813875e+02,-3.042884058986260465e-01,3.042884058986260465e-01,9.999999999998804290e-01
4.600000000000000000e+01,2.890265241302609525e+02,3.160109113310398676e-01,3.160109113310398676e-01,9.999999999997654099e-01
4.700000000000000000e+01,2.953097094374405742e+02,-3.277467834003496838e-01,3.277467834003496838e-01,9.999999999997148947e-01
4.800000000000000000e+01,3.015928947446201391e+02,3.410627969898896161e-01,3.410627969898896161e-01,9.999999999995563549e-01
4.900000000000000000e+01,3.078760800517997041e+02,-3.592461477725264474e-01,3.592461477725264474e-01,9.999999999994859667e-01
5.000000000000000000e+01,3.141592653589793258e+02,3.829756769971134900e-01,3.829756769971134900e-01,9.999999999993285371e-01
5.100000000000000000e+01,3.204424506661588907e+02,-4.119761959827437647e-01,4.119761959827437647e-01,9.999999999992823518e-01
5.200000000000000000e+01,3.267256359733385125e+02,4.327371175154800520e-01,4.327371175154800520e-01,9.999999999992131849e-01
5.300000000000000000e+01,3.330088212805180774e+02,-4.409808033298658336e-01,4.409808033298658336e-01,9.999999999992313926e-01
5.400000000000000000e+01,3.392920065876976423e+02,4.300770749080460309e-01,4.300770749080460309e-01,9.999999999992627009e-01
5.500000000000000000e+01,3.455751918948772641e+02,-4.036042927287310511e-01,4.036042927287310511e-01,9.999999999993023359e-01
5.600000000000000000e+01,3.518583772020568290e+02,3.717668656760695911e-01,3.717668656760695911e-01,9.999999999993506306e-01
5.700000000000000000e+01,3.581415625092363939e+02,-3.378362554455513478e-01,3.378362554455513478e-01,9.999999999993607336e-01
5.800000000000000000e+01,3.644247478164160157e+02,3.100204911880000691e-01,3.100204911880000691e-01,9.999999999993772759e-01
5.900000000000000000e+01,3.707079331235955806e+02,-2.906406852868084756e-01,2.906406852868084756e-01,9.999999999993920419e-01
6.000000000000000000e+01,3.769911184307751455e+02,2.802318066138361763e-01,2.802318066138361763e-01,9.999999999994265698e-01
6.100000000000000000e+01,3.832743037379547673e+02,-2.775324448894497809e-01,2.775324448894497809e-01,9.999999999994944044e-01
6.200000000000000000e+01,3.895574890451343322e+02,2.771620488733865240e-01,2.771620488733865240e-01,9.999999999995859978e-01
6.300000000000000000e+01,3.958406743523139539e+02,-2.763381179091641271e-01,2.763381179091641271e-01,9.999999999996723732e-01
6.400000000000000000e+01,4.021238596594935188e+02,2.728930845945943817e-01,2.728930845945943817e-01,9.999999999997587485e-01
6.500000000000000000e+01,4.084070449666730838e+02,-2.636999738361576195e-01,2.636999738361576195e-01,9.999999999998094857e-01
6.600000000000000000e+01,4.146902302738527055e+02,2.488217964625706602e-01,2.488217964625706602e-01,9.999999999998788747e-01
6.700000000000000000e+01,4.209734155810322704e+02,-2.295104921166115641e-01,2.295104921166115641e-01,9.999999999999201750e-01
6.800000000000000000e+01,4.272566008882118922e+02,2.103029665031248552e-01,2.103029665031248552e-01,9.999999999999773515e-01
6.900000000000000000e+01,4.335397861953914571e+02,-1.936738980531346188e-01,1.936738980531346188e-01,9.999999999999915623e-01
7.000000000000000000e+01,4.398229715025710220e+02,1.814453421084505913e-01,1.814453421084505913e-01,1.000000000000012434e+00
7.100000000000000000e+01,4.461061568097506438e+02,-1.698026929812117558e-01,1.698026929812117558e-01,9.999999999999504841e-01
7.200000000000000000e+01,4.523893421169302087e+02,1.532530062171378882e-01,1.532530062171378882e-01,9.999999999999563682e-01
7.300000000000000000e+01,4.586725274241097736e+02,-1.282257684904352935e-01,1.282257684904352935e-01,9.999999999998460121e-01
7.400000000000000000e+01,4.649557127312893954e+02,9.408799814473152445e-02,9.408799814473152445e-02,9.999999999998607780e-01
7.500000000000000000e+01,4.712388980384689603e+02,-5.621217390717739293e-02,5.621217390717739293e-02,9.999999999997299938e-01
7.600000000000000000e+01,4.775220833456485252e+02,2.379775807502956114e-02,2.379775807502956114e-02,9.999999999996945776e-01
7.700000000000000000e+01,4.838052686528281470e+02,-3.992371711844167580e-03,3.992371711844167580e-03,9.999999999995778932e-01
7.800000000000000000e+01,4.900884539600077119e+02,-3.861352714483665127e-03,-3.861352714483665127e-03,9.999999999995440314e-01
7.900000000000000000e+01,4.963716392671873336e+02,3.437533136193590797e-04,-3.437533136193590797e-04,9.999999999995246025e-01
8.000000000000000000e+01,5.026548245743668986e+02,6.707011432939963963e-03,6.707011432939963963e-03,9.999999999995442534e-01
8.100000000000000000e+01,5.089380098815464635e+02,-1.744731450634982167e-02,1.744731450634982167e-02,9.999999999996013189e-01
8.200000000000000000e+01,5.152211951887260284e+02,3.183351102537134575e-02,3.183351102537134575e-02,9.999999999996087574e-01
8.300000000000000000e+01,5.215043804959057070e+02,-4.679885435537970567e-02,4.679885435537970567e-02,9.999999999996507238e-01
8.400000000000000000e+01,5.277875658030852719e+02,6.616745890339119363e-02,6.616745890339119363e-02,9.999999999995966560e-01
8.500000000000000000e+01,5.340707511102648368e+02,-8.936592887125519025e-02,8.936592887125519025e-02,9.999999999996109779e-01
8.600000000000000000e+01,5.403539364174444017e+02,1.203005094416966236e-01,1.203005094416966236e-01,9.999999999995142774e-01
8.700000000000000000e+01,5.466371217246239667e+02,-1.592845013618670036e-01,1.592845013618670036e-01,9.999999999995419220e-01
8.800000000000000000e+01,5.529203070318035316e+02,2.019417663777411664e-01,2.019417663777411664e-01,9.999999999994788613e-01
8.900000000000000000e+01,5.592034923389832102e+02,-2.448795169617767886e-01,2.448795169617767886e-01,9.999999999995159428e-01
9.000000000000000000e+01,5.654866776461627751e+02,2.816061906437178908e-01,2.816061906437178908e-01,9.999999999994896305e-01
9.100000000000000000e+01,5.717698629533423400e+02,-3.093543257562983984e-01,3.093543257562983984e-01,9.999999999995211608e-01
9.200000000000000000e+01,5.780530482605219049e+02,3.232790231855682261e-01,3.232790231855682261e-01,9.999999999995412558e-01
9.300000000000000000e+01,5.843362335677014698e+02,-3.229217020826782303e-01,3.229217020826782303e-01,9.999999999995700106e-01
9.400000000000000000e+01,5.906194188748811484e+02,3.109381070434704131e-01,3.109381070434704131e-01,9.999999999996027622e-01
9.500000000000000000e+01,5.969026041820607134e+02,-2.934977637922961402e-01,2.934977637922961402e-01,9.999999999996193045e-01
9.600000000000000000e+01,6.031857894892402783e+02,2.803313926425046176e-01,2.803313926425046176e-01,9.999999999996292965e-01
9.700000000000000000e+01,6.094689747964198432e+02,-2.742830647282800127e-01,2.742830647282800127e-01,9.999999999996135314e-01
9.800000000000000000e+01,6.157521601035994081e+02,2.718619039931103876e-01,2.718619039931103876e-01,9.999999999996368460e-01
9.900000000000000000e+01,6.220353454107790867e+02,-2.633871218143262194e-01,2.633871218143262194e-01,9.999999999996054267e-01
1.000000000000000000e+02,6.283185307179586516e+02,2.404313624338380306e-01,2.404313624338380306e-01,9.999999999996598277e-01
1.010000000000000000e+02,6.346017160251382165e+02,-1.996961611192749064e-01,1.996961611192749064e-01,9.999999999995758948e-01
1.020000000000000000e+02,6.408849013323177815e+02,1.488088141123555808e-01,1.488088141123555808e-01,9.999999999995662359e-01
1.030000000000000000e+02,6.471680866394973464e+02,-9.265598289268098253e-02,9.265598289268098253e-02,9.999999999994240163e-01
1.040000000000000000e+02,6.534512719466770250e+02,4.030211014813961379e-02,4.030211014813961379e-02,9.999999999993812727e-01
1.050000000000000000e+02,6.597344572538565899e+02,-3.553556200969753973e-05,3.553556200969753973e-05,9.999999999992964517e-01
1.060000000000000000e+02,6.660176425610361548e+02,-2.755078658539534403e-02,-2.755078658539534403e-02,9.999999999993263167e-01
1.070000000000000000e+02,6.723008278682157197e+02,3.872074212845979385e-02,-3.872074212845979385e-02,9.999999999993367528e-01
1.080000000000000000e+02,6.785840131753952846e+02,-3.819624005265342265e-02,-3.819624005265342265e-02,9.999999999993938182e-01
1.090000000000000000e+02,6.848671984825748495e+02,3.349588162901715599e-02,-3.349588162901715599e-02,9.999999999994257927e-01
1.100000000000000000e+02,6.911503837897545282e+02,-2.715087395921732261e-02,-2.715087395921732261e-02,9.999999999994371169e-01
1.110000000000000000e+02,6.974335690969340931e+02,2.377101699362274209e-02,-2.377101699362274209e-02,9.999999999994321209e-01
1.120000000000000000e+02,7.037167544041136580e+02,-2.294639686471509205e-02,-2.294639686471509205e-02,9.999999999994397815e-01
1.130000000000000000e+02,7.099999397112932229e+02,2.374166828906858900e-02,-2.374166828906858900e-02,9.999999999994430011e-01
1.140000000000000000e+02,7.162831250184727878e+02,-2.680749152036925390e-02,-2.680749152036925390e-02,9.999999999994819699e-01
1.150000000000000000e+02,7.225663103256524664e+02,2.928691570453675896e-02,-2.928691570453675896e-02,9.999999999994818589e-01
1.160000000000000000e+02,7.288494956328320313e+02,-3.247957806815294363e-02,-3.247957806815294363e-02,9.999999999995310418e-01
1.170000000000000000e+02,7.351326809400115962e+02,3.569255854551715845e-02,-3.569255854551715845e-02,9.999999999995266009e-01
1.180000000000000000e+02,7.414158662471911612e+02,-4.147228398451403147e-02,-4.147228398451403147e-02,9.999999999995835553e-01
1.190000000000000000e+02,7.476990515543707261e+02,4.982434059885490485e-02,-4.982434059885490485e-02,9.999999999996038724e-01
1.200000000000000000e+02,7.539822368615502910e+02,-6.020028997615350930e-02,-6.020028997615350930e-02,9.999999999996316280e-01
1.210000000000000000e+02,7.602654221687299696e+02,6.938447323858856763e-02,-6.938447323858856763e-02,9.999999999996569411e-01
1.220000000000000000e+02,7.665486074759095345e+02,-7.129286768758062720e-02,-7.129286768758062720e-02,9.999999999996483924e-01
1.230000000000000000e+02,7.728317927830890994e+02,6.279674753929251341e-02,-6.279674753929251341e-02,9.999999999996680433e-01
1.240000000000000000e+02,7.791149780902686643e+02,-4.706313235521147886e-02,-4.706313235521147886e-02,9.999999999996658229e-01
1.250000000000000000e+02,7.853981633974482293e+02,3.134343661298488737e-02,-3.134343661298488737e-02,9.999999999996377342e-01
1.260000000000000000e+02,7.916813487046279079e+02,-2.245004072007055970e-02,-2.245004072007055970e-02,9.999999999996279643e-01
1.270000000000000000e+02,7.979645340118074728e+02,2.599956194875345517e-02,-2.599956194875345517e-02,9.999999999995099476e-01
1.280000000000000000e+02,8.042477193189870377e+02,-3.908920656769296342e-02,-3.908920656769296342e-02,9.999999999994795274e-01
1.290000000000000000e+02,8.105309046261666026e+02,5.917317174543400976e-02,-5.917317174543400976e-02,9.999999999993559596e-01
1.300000000000000000e+02,8.168140899333461675e+02,-8.023786851804934339e-02,-8.023786851804934339e-02,9.999999999993225419e-01
1.310000000000000000e+02,8.230972752405258461e+02,9.585356334299366399e-02,-9.585356334299366399e-02,9.999999999992558175e-01
1.320000000000000000e+02,8.293804605477054110e+02,-1.031109046000958096e-01,-1.031109046000958096e-01,9.999999999992370547e-01
1.330000000000000000e+02,8.356636458548849760e+02,9.732186492006134060e-02,-9.732186492006134060e-02,9.999999999991993072e-01
1.340000000000000000e+02,8.419468311620645409e+02,-8.103105355496016682e-02,-8.103105355496016682e-02,9.999999999991979749e-01
1.350000000000000000e+02,8.482300164692441058e+02,5.927751603005213671e-02,-5.927751603005213671e-02,9.999999999991824318e-01
1.360000000000000000e+02,8.545132017764237844e+02,-3.813635538349385845e-02,-3.813635538349385845e-02,9.999999999991829869e-01
1.370000000000000000e+02,8.607963870836033493e+02,2.477043090592988966e-02,-2.477043090592988966e-02,9.999999999991763255e-01
1.380000000000000000e+02,8.670795723907829142e+02,-1.899790674767570103e-02,-1.899790674767570103e-02,9.999999999991932009e-01
1.390000000000000000e+02,8.733627576979624791e+02,2.133710155655111490e-02,-2.133710155655111490e-02,9.999999999991884270e-01
1.400000000000000000e+02,8.796459430051420441e+02,-2.985978404511903384e-02,-2.985978404511903384e-02,9.999999999992262856e-01
1.410000000000000000e+02,8.859291283123216090e+02,4.315955840659462667e-02,-4.315955840659462667e-02,9.999999999991862065e-01
1.420000000000000000e+02,8.922123136195012876e+02,-5.753939160993813001e-02,-5.753939160993813001e-02,9.999999999992138511e-01
1.430000000000000000e+02,8.984954989266808525e+02,7.058900318702024390e-02,-7.058900318702024390e-02,9.999999999991592281e-01
1.440000000000000000e+02,9.047786842338604174e+02,-8.245653920382882418e-02,-8.245653920382882418e-02,9.999999999991824318e-01
1.450000000000000000e+02,9.110618695410399823e+02,9.463065009845161857e-02,-9.463065009845161857e-02,9.999999999991496802e-01
1.460000000000000000e+02,9.173450548482195472e+02,-1.096913103282300544e-01,-1.096913103282300544e-01,9.999999999991765476e-01
1.470000000000000000e+02,9.236282401553992258e+02,1.239605684787702666e-01,-1.239605684787702666e-01,9.999999999991930899e-01
1.480000000000000000e+02,9.299114254625787908e+02,-1.322399433065030994e-01,-1.322399433065030994e-01,9.999999999992150723e-01
1.490000000000000000e+02,9.361946107697583557e+02,1.270733350796735273e-01,-1.270733350796735273e-01,9.999999999992659205e-01
1.500000000000000000e+02,9.424777960769379206e+02,-1.076982455638404029e-01,-1.076982455638404029e-01,9.999999999992746913e-01
1.510000000000000000e+02,9.487609813841174855e+02,7.954334734381030003e-02,-7.954334734381030003e-02,9.999999999993227640e-01
1.520000000000000000e+02,9.550441666912970504e+02,-5.249497239962805373e-02,-5.249497239962805373e-02,9.999999999993317568e-01
1.530000000000000000e+02,9.613273519984767290e+02,3.336660225022641119e-02,-3.336660225022641119e-02,9.999999999993525179e-01
1.540000000000000000e+02,9.676105373056562939e+02,-2.571849168678723777e-02,-2.571849168678723777e-02,9.999999999993817168e-01
1.550000000000000000e+02,9.738937226128358589e+02,3.365766081096802087e-02,-3.365766081096802087e-02,9.999999999993511857e-01
1.560000000000000000e+02,9.801769079200154238e+02,-5.817908156898410343e-02,-5.817908156898410343e-02,9.999999999993869348e-01
1.570000000000000000e+02,9.864600932271949887e+02,9.934051449534984923e-02,-9.934051449534984923e-02,9.999999999993302024e-01
1.580000000000000000e+02,9.927432785343746673e+02,-1.502310806102439555e-01,-1.502310806102439555e-01,9.999999999993741673e-01
1.590000000000000000e+02,9.990264638415542322e+02,1.975153154770538655e-01,-1.975153154770538655e-01,9.999999999993491873e-01
1.600000000000000000e+02,1.005309649148733797e+03,-2.330315306136209463e-01,-2.330315306136209463e-01,9.999999999994075850e-01
1.610000000000000000e+02,1.011592834455913362e+03,2.501627772165718744e-01,-2.501627772165718744e-01,9.999999999994247935e-01
1.620000000000000000e+02,1.017876019763092927e+03,-2.508028441977211420e-01,-2.508028441977211420e-01,9.999999999994642064e-01
1.630000000000000000e+02,1.024159205070272492e+03,2.417635218931453722e-01,-2.417635218931453722e-01,9.999999999994445554e-01
1.640000000000000000e+02,1.030442390377452057e+03,-2.247932107606256946e-01,-2.247932107606256946e-01,9.999999999994432232e-01
1.650000000000000000e+02,1.036725575684631622e+03,2.074393848494246739e-01,-2.074393848494246739e-01,9.999999999993566258e-01
1.660000000000000000e+02,1.043008760991811414e+03,-1.916021493343140203e-01,-1.916021493343140203e-01,9.999999999993325339e-01
1.670000000000000000e+02,1.049291946298990979e+03,1.829203049190208374e-01,-1.829203049190208374e-01,9.999999999992027488e-01
1.680000000000000000e+02,1.055575131606170544e+03,-1.830183856040445978e-01,-1.830183856040445978e-01,9.999999999992033040e-01
1.690000000000000000e+02,1.061858316913350109e+03,1.896065482019919923e-01,-1.896065482019919923e-01,9.999999999990630828e-01
1.700000000000000000e+02,1.068141502220529674e+03,-2.029752641318659789e-01,-2.029752641318659789e-01,9.999999999990631938e-01
1.710000000000000000e+02,1.074424687527709239e+03,2.217872784025624877e-01,-2.217872784025624877e-01,9.999999999989236388e-01
1.720000000000000000e+02,1.080707872834888803e+03,-2.487714916937157905e-01,-2.487714916937157905e-01,9.999999999989143129e-01
1.730000000000000000e+02,1.086991058142068368e+03,2.813850502616769278e-01,-2.813850502616769278e-01,9.999999999988130606e-01
1.740000000000000000e+02,1.093274243449247933e+03,-3.174478724763176163e-01,-3.174478724763176163e-01,9.999999999988254951e-01
1.750000000000000000e+02,1.099557428756427498e+03,3.506152600402440145e-01,-3.506152600402440145e-01,9.999999999987942978e-01
1.760000000000000000e+02,1.105840614063607063e+03,-3.765961594758349129e-01,-3.765961594758349129e-01,9.999999999988168353e-01
1.770000000000000000e+02,1.112123799370786855e+03,3.929292583649417470e-01,-3.929292583649417470e-01,9.999999999988287147e-01
1.780000000000000000e+02,1.118406984677966420e+03,-4.006719712319841142e-01,-4.006719712319841142e-01,9.999999999988548050e-01
1.790000000000000000e+02,1.124690169985145985e+03,3.985214554732335879e-01,-3.985214554732335879e-01,9.999999999988965493e-01
1.800000000000000000e+02,1.130973355292325550e+03,-3.851538212885499690e-01,-3.851538212885499690e-01,9.999999999989370725e-01
1.810000000000000000e+02,1.137256540599505115e+03,3.620695649229164204e-01,-3.620695649229164204e-01,9.999999999989797050e-01
1.820000000000000000e+02,1.143539725906684680e+03,-3.320422824361479730e-01,-3.320422824361479730e-01,9.999999999989828137e-01
1.830000000000000000e+02,1.149822911213864245e+03,3.086531201892374621e-01,-3.086531201892374621e-01,9.999999999989666044e-01
1.840000000000000000e+02,1.156106096521043810e+03,-2.947703649873779086e-01,-2.947703649873779086e-01,9.999999999989530597e-01
1.850000000000000000e+02,1.162389281828223375e+03,2.888959403577749385e-01,-2.888959403577749385e-01,9.999999999989478416e-01
1.860000000000000000e+02,1.168672467135402940e+03,-2.866459827154837492e-01,-2.866459827154837492e-01,9.999999999990095700e-01
1.870000000000000000e+02,1.174955652442582732e+03,2.787602874886137561e-01,-2.787602874886137561e-01,9.999999999990847321e-01
1.880000000000000000e+02,1.181238837749762297e+03,-2.643273272337965940e-01,-2.643273272337965940e-01,9.999999999991775468e-01
1.890000000000000000e+02,1.187522023056941862e+03,2.435039686026519434e-01,-2.435039686026519434e-01,9.999999999992552624e-01
1.900000000000000000e+02,1.193805208364121427e+03,-2.182825285560128226e-01,-2.182825285560128226e-01,9.999999999993104405e-01
1.910000000000000000e+02,1.200088393671300992e+03,1.961307714309548089e-01,-1.961307714309548089e-01,9.999999999993248734e-01
1.920000000000000000e+02,1.206371578978480557e+03,-1.797901470559049586e-01,-1.797901470559049586e-01,9.999999999993726130e-01
1.930000000000000000e+02,1.212654764285660121e+03,1.708238062161183124e-01,-1.708238062161183124e-01,9.999999999993777200e-01
1.940000000000000000e+02,1.218937949592839686e+03,-1.659874885963320834e-01,-1.659874885963320834e-01,9.999999999994212407e-01
1.950000000000000000e+02,1.225221134900019251e+03,1.625749568013813429e-01,-1.625749568013813429e-01,9.999999999994070299e-01
1.960000000000000000e+02,1.231504320207198816e+03,-1.586088777336538691e-01,-1.586088777336538691e-01,9.999999999994001465e-01
1.970000000000000000e+02,1.237787505514378381e+03,1.538870285593189335e-01,-1.538870285593189335e-01,9.999999999993521849e-01
1.980000000000000000e+02,1.244070690821558173e+03,-1.493495010742482421e-01,-1.493495010742482421e-01,9.999999999993069988e-01
1.990000000000000000e+02,1.250353876128737738e+03,1.439956643077733855e-01,-1.439956643077733855e-01,9.999999999992357225e-01
2.000000000000000000e+02,1.256637061435917303e+03,-1.404857564889223365e-01,-1.404857564889223365e-01,9.999999999991915356e-01
2.010000000000000000e+02,1.262920246743096868e+03,1.382133000553362467e-01,-1.382133000553362467e-01,9.999999999991228128e-01
2.020000000000000000e+02,1.269203432050276433e+03,-1.381157873546922654e-01,-1.381157873546922654e-01,9.999999999990885069e-01
2.030000000000000000e+02,1.275486617357455998e+03,1.418088569399381660e-01,-1.418088569399381660e-01,9.999999999990428767e-01
2.040000000000000000e+02,1.281769802664635563e+03,-1.523314187215734083e-01,-1.523314187215734083e-01,9.999999999990373256e-01
2.050000000000000000e+02,1.288052987971815128e+03,1.707121893017800041e-01,-1.707121893017800041e-01,9.999999999989905852e-01
2.060000000000000000e+02,1.294336173278994693e+03,-1.971235206466920298e-01,-1.971235206466920298e-01,9.999999999990133448e-01
2.070000000000000000e+02,1.300619358586174258e+03,2.300032323655297195e-01,-2.300032323655297195e-01,9.999999999989149790e-01
2.080000000000000000e+02,1.306902543893354050e+03,-2.676705642710525135e-01,-2.676705642710525135e-01,9.999999999989269694e-01
2.090000000000000000e+02,1.313185729200533615e+03,3.130635846371788156e-01,-3.130635846371788156e-01,9.999999999987877475e-01
2.100000000000000000e+02,1.319468914507713180e+03,-3.672051878992798613e-01,-3.672051878992798613e-01,9.999999999988123944e-01
2.110000000000000000e+02,1.325752099814892745e+03,4.261264686087470333e-01,-4.261264686087470333e-01,9.999999999987293497e-01
2.120000000000000000e+02,1.332035285122072310e+03,-4.848736361766716185e-01,-4.848736361766716185e-01,9.999999999987898569e-01
2.130000000000000000e+02,1.338318470429251875e+03,5.300274722991428211e-01,-5.300274722991428211e-01,9.999999999988026245e-01
2.140000000000000000e+02,1.344601655736431439e+03,-5.557390729394094953e-01,-5.557390729394094953e-01,9.999999999988817834e-01
2.150000000000000000e+02,1.350884841043611004e+03,5.557309170680653221e-01,-5.557309170680653221e-01,9.999999999989507282e-01
2.160000000000000000e+02,1.357168026350790569e+03,-5.292539226580476042e-01,-5.292539226580476042e-01,9.999999999989952482e-01
2.170000000000000000e+02,1.363451211657970134e+03,4.859953211572691223e-01,-4.859953211572691223e-01,9.999999999990419886e-01
2.180000000000000000e+02,1.369734396965149699e+03,-4.327412006229058306e-01,-4.327412006229058306e-01,9.999999999990405453e-01
2.190000000000000000e+02,1.376017582272329491e+03,3.829763923240876999e-01,-3.829763923240876999e-01,9.999999999990409894e-01
2.200000000000000000e+02,1.382300767579509056e+03,-3.389063065620763204e-01,-3.389063065620763204e-01,9.999999999990063504e-01
2.210000000000000000e+02,1.388583952886688621e+03,3.036958815617770147e-01,-3.036958815617770147e-01,9.999999999989765964e-01
2.220000000000000000e+02,1.394867138193868186e+03,-2.768812678921223625e-01,-2.768812678921223625e-01,9.999999999989326316e-01
2.230000000000000000e+02,1.401150323501047751e+03,2.586156262335507772e-01,-2.586156262335507772e-01,9.999999999988961052e-01
2.240000000000000000e+02,1.407433508808227316e+03,-2.490761743760579461e-01,-2.490761743760579461e-01,9.999999999988815613e-01
2.250000000000000000e+02,1.413716694115406881e+03,2.462176907210742172e-01,-2.462176907210742172e-01,9.999999999988398169e-01
2.260000000000000000e+02,1.419999879422586446e+03,-2.501700396088349376e-01,-2.501700396088349376e-01,9.999999999988485877e-01
2.270000000000000000e+02,1.426283064729766011e+03,2.623283707409577725e-01,-2.623283707409577725e-01,9.999999999987799759e-01
2.280000000000000000e+02,1.432566250036945576e+03,-2.845254091490924675e-01,-2.845254091490924675e-01,9.999999999988194999e-01
2.290000000000000000e+02,1.438849435344125141e+03,3.169559346141995748e-01,-3.169559346141995748e-01,9.999999999987513322e-01
2.300000000000000000e+02,1.445132620651304933e+03,-3.572703882038916756e-01,-3.572703882038916756e-01,9.999999999988176125e-01
2.310000000000000000e+02,1.451415805958484498e+03,3.951742543812246100e-01,-3.951742543812246100e-01,9.999999999987932986e-01
2.320000000000000000e+02,1.457698991265664063e+03,-4.239807099432232329e-01,-4.239807099432232329e-01,9.999999999988822275e-01
2.330000000000000000e+02,1.463982176572843628e+03,4.365305897232527044e-01,-4.365305897232527044e-01,9.999999999988899990e-01
2.340000000000000000e+02,1.470265361880023192e+03,-4.334405236239030623e-01,-4.334405236239030623e-01,9.999999999989416244e-01
2.350000000000000000e+02,1.476548547187202757e+03,4.242517753455891105e-01,-4.242517753455891105e-01,9.999999999989066524e-01
2.360000000000000000e+02,1.482831732494382322e+03,-4.158120503139538515e-01,-4.158120503139538515e-01,9.999999999989259702e-01
2.370000000000000000e+02,1.489114917801561887e+03,4.136489661106744764e-01,-4.136489661106744764e-01,9.999999999988983257e-01
2.380000000000000000e+02,1.495398103108741452e+03,-4.184861208495001539e-01,-4.184861208495001539e-01,9.999999999989340749e-01
2.390000000000000000e+02,1.501681288415921017e+03,4.247287975481101596e-01,-4.247287975481101596e-01,9.999999999989581667e-01
2.400000000000000000e+02,1.507964473723100582e+03,-4.288798906531529065e-01,-4.288798906531529065e-01,9.999999999990104582e-01
2.410000000000000000e+02,1.514247659030280374e+03,4.235726743701382913e-01,-4.235726743701382913e-01,9.999999999990690780e-01
2.420000000000000000e+02,1.520530844337459939e+03,-4.067197822356060088e-01,-4.067197822356060088e-01,9.999999999991252553e-01
2.430000000000000000e+02,1.526814029644639504e+03,3.817016197716061043e-01,-3.817016197716061043e-01,9.999999999991930899e-01
2.440000000000000000e+02,1.533097214951819069e+03,-3.527783871074103295e-01,-3.527783871074103295e-01,9.999999999992312816e-01
2.450000000000000000e+02,1.539380400258998634e+03,3.276814709011420246e-01,-3.276814709011420246e-01,9.999999999992653654e-01
2.460000000000000000e+02,1.545663585566178199e+03,-3.053084399997835763e-01,-3.053084399997835763e-01,9.999999999992430499e-01
2.470000000000000000e+02,1.551946770873357764e+03,2.853135301075669372e-01,-2.853135301075669372e-01,9.999999999992514876e-01
2.480000000000000000e+02,1.558229956180537329e+03,-2.656044051877883283e-01,-2.656044051877883283e-01,9.999999999991801003e-01
2.490000000000000000e+02,1.564513141487716894e+03,2.463678584120815307e-01,-2.463678584120815307e-01,9.999999999991641131e-01
2.500000000000000000e+02,1.570796326794896459e+03,-2.287511284058305339e-01,-2.287511284058305339e-01,9.999999999990746291e-01
2.510000000000000000e+02,1.577079512102076251e+03,2.098630879026999185e-01,-2.098630879026999185e-01,9.999999999990427657e-01
2.520000000000000000e+02,1.583362697409255816e+03,-1.900662724967000505e-01,-1.900662724967000505e-01,9.999999999989597210e-01
2.530000000000000000e+02,1.589645882716435381e+03,1.659285226800843449e-01,-1.659285226800843449e-01,9.999999999989399591e-01
2.540000000000000000e+02,1.595929068023614946e+03,-1.424715608057313121e-01,-1.424715608057313121e-01,9.999999999989139798e-01
2.550000000000000000e+02,1.602212253330794510e+03,1.267947033147990843e-01,-1.267947033147990843e-01,9.999999999988952171e-01
2.560000000000000000e+02,1.608495438637974075e+03,-1.253600006749606144e-01,-1.253600006749606144e-01,9.999999999989026556e-01
2.570000000000000000e+02,1.614778623945153640e+03,1.427280721592075752e-01,-1.427280721592075752e-01,9.999999999988341548e-01
2.580000000000000000e+02,1.621061809252333205e+03,-1.709370664882124968e-01,-1.709370664882124968e-01,9.999999999988377075e-01
2.590000000000000000e+02,1.627344994559512770e+03,2.022858673166223475e-01,-2.022858673166223475e-01,9.999999999987371213e-01
2.600000000000000000e+02,1.633628179866692335e+03,-2.293142942488856917e-01,-2.293142942488856917e-01,9.999999999987373434e-01
2.610000000000000000e+02,1.639911365173871900e+03,2.516323959749955930e-01,-2.516323959749955930e-01,9.999999999986430854e-01
2.620000000000000000e+02,1.646194550481051692e+03,-2.715284084436120349e-01,-2.715284084436120349e-01,9.999999999986771693e-01
2.630000000000000000e+02,1.652477735788231257e+03,2.908447929640212704e-01,-2.908447929640212704e-01,9.999999999986188826e-01
2.640000000000000000e+02,1.658760921095410822e+03,-3.132794714148948167e-01,-3.132794714148948167e-01,9.999999999986624033e-01
2.650000000000000000e+02,1.665044106402590387e+03,3.405063263967376130e-01,-3.405063263967376130e-01,9.999999999986041166e-01
2.660000000000000000e+02,1.671327291709769952e+03,-3.741185786219378695e-01,-3.741185786219378695e-01,9.999999999986640686e-01
2.670000000000000000e+02,1.677610477016949517e+03,4.080373569239534870e-01,-4.080373569239534870e-01,9.999999999986360910e-01
2.680000000000000000e+02,1.683893662324129082e+03,-4.382345425317664689e-01,-4.382345425317664689e-01,9.999999999987158050e-01
2.700000000000000000e+02,1.696460032938488212e+03,-4.754681623893557418e-01,-4.754681623893557418e-01,9.999999999987903010e-01
2.710000000000000000e+02,1.702743218245667777e+03,4.871843894134196273e-01,-4.871843894134196273e-01,9.999999999987860821e-01
2.720000000000000000e+02,1.709026403552847569e+03,-4.965934228064536882e-01,-4.965934228064536882e-01,9.999999999988287147e-01
2.730000000000000000e+02,1.715309588860027134e+03,5.041204825445291249e-01,-5.041204825445291249e-01,9.999999999988318233e-01
2.740000000000000000e+02,1.721592774167206699e+03,-5.088335135187914693e-01,-5.088335135187914693e-01,9.999999999988632426e-01
2.750000000000000000e+02,1.727875959474386264e+03,5.111512644934869121e-01,-5.111512644934869121e-01,9.999999999988952171e-01
2.760000000000000000e+02,1.734159144781565828e+03,-5.123809525366765927e-01,-5.123809525366765927e-01,9.999999999989288568e-01
2.770000000000000000e+02,1.740442330088745393e+03,5.096913878645583651e-01,-5.096913878645583651e-01,9.999999999989812594e-01
2.780000000000000000e+02,1.746725515395924958e+03,-4.979855362869760604e-01,-4.979855362869760604e-01,9.999999999990116795e-01
2.790000000000000000e+02,1.753008700703104523e+03,4.728632148475790942e-01,-4.728632148475790942e-01,9.999999999990595301e-01
2.800000000000000000e+02,1.759291886010284088e+03,-4.354027291858499904e-01,-4.354027291858499904e-01,9.999999999990731858e-01
2.810000000000000000e+02,1.765575071317463653e+03,3.953769527547664198e-01,-3.953769527547664198e-01,9.999999999990718536e-01
2.820000000000000000e+02,1.771858256624643218e+03,-3.602660643225541470e-01,-3.602660643225541470e-01,9.999999999990601962e-01
2.830000000000000000e+02,1.778141441931823010e+03,3.371539786070573697e-01,-3.371539786070573697e-01,9.999999999990208943e-01
2.850000000000000000e+02,1.790707812546182140e+03,3.110992172343867157e-01,-3.110992172343867157e-01,9.999999999990140109e-01
2.860000000000000000e+02,1.796990997853361705e+03,-2.918560675722837172e-01,-2.918560675722837172e-01,9.999999999990071275e-01
2.870000000000000000e+02,1.803274183160541270e+03,2.610834650843091853e-01,-2.610834650843091853e-01,9.999999999990534238e-01
2.880000000000000000e+02,1.809557368467720835e+03,-2.188109875430704343e-01,-2.188109875430704343e-01,9.999999999989886978e-01
2.890000000000000000e+02,1.815840553774900400e+03,1.679005028271814970e-01,-1.679005028271814970e-01,9.999999999990056843e-01
2.900000000000000000e+02,1.822123739082079965e+03,-1.130736972250643568e-01,-1.130736972250643568e-01,9.999999999988847810e-01
2.910000000000000000e+02,1.828406924389259530e+03,6.158741521337197933e-02,-6.158741521337197933e-02,9.999999999988722355e-01
2.920000000000000000e+02,1.834690109696439094e+03,-2.314286478866561456e-02,-2.314286478866561456e-02,9.999999999987975174e-01
2.940000000000000000e+02,1.847256480310798452e+03,5.714974246126803235e-03,5.714974246126803235e-03,9.999999999988113952e-01
2.950000000000000000e+02,1.853539665617978017e+03,6.479579814772268818e-03,-6.479579814772268818e-03,9.999999999988122834e-01
2.960000000000000000e+02,1.859822850925157582e+03,-3.210562069129901247e-02,-3.210562069129901247e-02,9.999999999988454791e-01
2.970000000000000000e+02,1.866106036232337146e+03,7.007960621940877155e-02,-7.007960621940877155e-02,9.999999999987766452e-01
2.980000000000000000e+02,1.872389221539516711e+03,-1.122524762120696851e-01,-1.122524762120696851e-01,9.999999999987657651e-01
2.990000000000000000e+02,1.878672406846696276e+03,1.585489682983742821e-01,-1.585489682983742821e-01,9.999999999986259880e-01
3.010000000000000000e+02,1.891238777461055406e+03,2.538473966005347915e-01,-2.538473966005347915e-01,9.999999999984934274e-01
3.020000000000000000e+02,1.897521962768234971e+03,-3.020391916205885652e-01,-3.020391916205885652e-01,9.999999999984883203e-01
3.030000000000000000e+02,1.903805148075414536e+03,3.455697572885099711e-01,-3.455697572885099711e-01,9.999999999984442445e-01
3.040000000000000000e+02,1.910088333382594101e+03,-3.805586749408725322e-01,-3.805586749408725322e-01,9.999999999984436894e-01
3.050000000000000000e+02,1.916371518689773893e+03,3.961546930052339821e-01,-3.961546930052339821e-01,9.999999999984686694e-01
3.060000000000000000e+02,1.922654703996953458e+03,-3.887223876926018118e-01,-3.887223876926018118e-01,9.999999999984728882e-01
3.080000000000000000e+02,1.935221074611312588e+03,-3.240531287779506164e-01,-3.240531287779506164e-01,9.999999999985069721e-01
3.090000000000000000e+02,1.941504259918492153e+03,2.913448855446847952e-01,-2.913448855446847952e-01,9.999999999985271781e-01
3.100000000000000000e+02,1.947787445225671718e+03,-2.677343702965919170e-01,-2.677343702965919170e-01,9.999999999985137444e-01
3.110000000000000000e+02,1.954070630532851283e+03,2.538841081376809194e-01,-2.538841081376809194e-01,9.999999999985202948e-01
3.120000000000000000e+02,1.960353815840030848e+03,-2.463198095878196270e-01,-2.463198095878196270e-01,9.999999999985206278e-01
3.140000000000000000e+02,1.972920186454389977e+03,-2.343646007610210857e-01,-2.343646007610210857e-01,9.999999999986033394e-01
3.150000000000000000e+02,1.979203371761569770e+03,2.224740540084479690e-01,-2.224740540084479690e-01,9.999999999986859400e-01
3.160000000000000000e+02,1.985486557068749335e+03,-1.998128556495304409e-01,-1.998128556495304409e-01,9.999999999986940447e-01
3.170000000000000000e+02,1.991769742375928899e+03,1.686961636481419391e-01,-1.686961636481419391e-01,9.999999999987351229e-01
3.190000000000000000e+02,2.004336112990288029e+03,1.044483023203179040e-01,-1.044483023203179040e-01,9.999999999986692867e-01
3.200000000000000000e+02,2.010619298297467594e+03,-8.856235388860025926e-02,-8.856235388860025926e-02,9.999999999986444177e-01
3.210000000000000000e+02,2.016902483604647159e+03,8.968789511238400847e-02,-8.968789511238400847e-02,9.999999999985682564e-01
3.220000000000000000e+02,2.023185668911826724e+03,-1.085338580925279683e-01,-1.085338580925279683e-01,9.999999999985779153e-01
3.240000000000000000e+02,2.035752039526185854e+03,-1.798107968732052531e-01,-1.798107968732052531e-01,9.999999999985291765e-01
3.250000000000000000e+02,2.042035224833365419e+03,2.161140091611186698e-01,-2.161140091611186698e-01,9.999999999984667820e-01
3.260000000000000000e+02,2.048318410140544984e+03,-2.473303802432143539e-01,-2.473303802432143539e-01,9.999999999985059729e-01
3.270000000000000000e+02,2.054601595447724776e+03,2.733343003784815539e-01,-2.733343003784815539e-01,9.999999999984393595e-01
3.290000000000000000e+02,2.067167966062083906e+03,3.239274633076668630e-01,-3.239274633076668630e-01,9.999999999984628962e-01
3.300000000000000000e+02,2.073451151369263243e+03,-3.459957891394449536e-01,-3.459957891394449536e-01,9.999999999985011989e-01
3.310000000000000000e+02,2.079734336676443036e+03,3.548985150056950810e-01,-3.548985150056950810e-01,9.999999999985520471e-01
3.330000000000000000e+02,2.092300707290802166e+03,3.182000537517457595e-01,-3.182000537517457595e-01,9.999999999986560750e-01
3.340000000000000000e+02,2.098583892597981958e+03,-2.772848688086638758e-01,-2.772848688086638758e-01,9.999999999986693977e-01
3.350000000000000000e+02,2.104867077905161295e+03,2.344012371775076042e-01,-2.344012371775076042e-01,9.999999999987048138e-01
3.360000000000000000e+02,2.111150263212341088e+03,-1.928287223028259112e-01,-1.928287223028259112e-01,9.999999999986766142e-01
3.380000000000000000e+02,2.123716633826700217e+03,-1.198761656740683218e-01,-1.198761656740683218e-01,9.999999999985771382e-01
3.390000000000000000e+02,2.129999819133879555e+03,8.584911398796396531e-02,-8.584911398796396531e-02,9.999999999985726973e-01
3.400000000000000000e+02,2.136283004441059347e+03,-5.431353795415183594e-02,-5.431353795415183594e-02,9.999999999984711119e-01
3.420000000000000000e+02,2.148849375055418477e+03,5.555640850677818696e-03,5.555640850677818696e-03,9.999999999984183763e-01
3.430000000000000000e+02,2.155132560362598269e+03,-3.342597737545587727e-02,3.342597737545587727e-02,9.999999999984451327e-01
3.440000000000000000e+02,2.161415745669777607e+03,5.856146400728776125e-02,5.856146400728776125e-02,9.999999999983829602e-01
3.460000000000000000e+02,2.173982116284136737e+03,9.390775965988717999e-02,9.390775965988717999e-02,9.999999999982938093e-01
3.470000000000000000e+02,2.180265301591316529e+03,-1.020112747614239090e-01,1.020112747614239090e-01,9.999999999982727150e-01
3.480000000000000000e+02,2.186548486898495867e+03,1.007056294842251926e-01,1.007056294842251926e-01,9.999999999982011056e-01
3.500000000000000000e+02,2.199114857512854996e+03,7.876205441487205139e-02,7.876205441487205139e-02,9.999999999981059595e-01
3.510000000000000000e+02,2.205398042820034789e+03,-6.983464909192924064e-02,6.983464909192924064e-02,9.999999999980746512e-01
3.520000000000000000e+02,2.211681228127214126e+03,6.587088855818738764e-02,6.587088855818738764e-02,9.999999999980738741e-01
3.540000000000000000e+02,2.224247598741573711e+03,5.497665862811362825e-02,5.497665862811362825e-02,9.999999999981338261e-01
3.550000000000000000e+02,2.230530784048753048e+03,-3.616570741499012392e-02,3.616570741499012392e-02,9.999999999981591392e-01
3.570000000000000000e+02,2.243097154663112178e+03,2.985811208190198435e-02,-2.985811208190198435e-02,9.999999999982716048e-01
3.580000000000000000e+02,2.249380339970291971e+03,-6.239723007748110284e-02,-6.239723007748110284e-02,9.999999999983477661e-01
3.590000000000000000e+02,2.255663525277471308e+03,8.416011219260199905e-02,-8.416011219260199905e-02,9.999999999983981702e-01
3.610000000000000000e+02,2.268229895891830438e+03,1.039106420107871742e-01,-1.039106420107871742e-01,9.999999999985097476e-01
3.620000000000000000e+02,2.274513081199010230e+03,-1.134941466295288220e-01,-1.134941466295288220e-01,9.999999999985660359e-01
3.640000000000000000e+02,2.287079451813369360e+03,-1.561077576453109295e-01,-1.561077576453109295e-01,9.999999999985911270e-01
3.650000000000000000e+02,2.293362637120549152e+03,1.887911482352188641e-01,-1.887911482352188641e-01,9.999999999985470511e-01
3.660000000000000000e+02,2.299645822427728490e+03,-2.257685992359856064e-01,-2.257685992359856064e-01,9.999999999985821342e-01
3.680000000000000000e+02,2.312212193042087620e+03,-2.783903069095216565e-01,-2.783903069095216565e-01,9.999999999985852428e-01
3.690000000000000000e+02,2.318495378349267412e+03,2.808699420175412853e-01,-2.808699420175412853e-01,9.999999999986091126e-01
3.710000000000000000e+02,2.331061748963626542e+03,2.258952686489157924e-01,-2.258952686489157924e-01,9.999999999986052268e-01
3.720000000000000000e+02,2.337344934270805879e+03,-1.738262653716549644e-01,-1.738262653716549644e-01,9.999999999985483834e-01
3.740000000000000000e+02,2.349911304885165464e+03,-6.596497910488480221e-02,-6.596497910488480221e-02,9.999999999984816590e-01
3.750000000000000000e+02,2.356194490192344801e+03,2.892304125909346893e-02,-2.892304125909346893e-02,9.999999999984695576e-01
3.770000000000000000e+02,2.368760860806703931e+03,-1.636976361086455931e-02,1.636976361086455931e-02,9.999999999983554266e-01
3.780000000000000000e+02,2.375044046113883724e+03,3.544618815746074930e-02,3.544618815746074930e-02,9.999999999982738252e-01
3.800000000000000000e+02,2.387610416728242853e+03,7.030718515984001049e-02,7.030718515984001049e-02,9.999999999982104315e-01
3.810000000000000000e+02,2.393893602035422191e+03,-7.996487805230217960e-02,7.996487805230217960e-02,9.999999999982378540e-01
3.820000000000000000e+02,2.400176787342601983e+03,8.132270262694192564e-02,8.132270262694192564e-02,9.999999999982104315e-01
3.840000000000000000e+02,2.412743157956961113e+03,7.829456664978640124e-02,7.829456664978640124e-02,9.999999999982324139e-01
3.850000000000000000e+02,2.419026343264140905e+03,-8.785115361349839225e-02,8.785115361349839225e-02,9.999999999983052446e-01
3.870000000000000000e+02,2.431592713878500035e+03,-1.405647460083322420e-01,1.405647460083322420e-01,9.999999999983497645e-01
3.880000000000000000e+02,2.437875899185679373e+03,1.799827756727564732e-01,1.799827756727564732e-01,9.999999999983124610e-01
3.900000000000000000e+02,2.450442269800038503e+03,2.595642366715320004e-01,2.595642366715320004e-01,9.999999999982941423e-01
3.910000000000000000e+02,2.456725455107218295e+03,-2.887318263462744783e-01,2.887318263462744783e-01,9.999999999982875920e-01
3.930000000000000000e+02,2.469291825721577425e+03,-2.988179330687543156e-01,2.988179330687543156e-01,9.999999999982943644e-01
3.950000000000000000e+02,2.481858196335936555e+03,-2.480569696786033562e-01,2.480569696786033562e-01,9.999999999983819610e-01
3.960000000000000000e+02,2.488141381643116347e+03,2.088416135717980071e-01,2.088416135717980071e-01,9.999999999984333643e-01
3.980000000000000000e+02,2.500707752257475477e+03,1.445904708097512648e-01,1.445904708097512648e-01,9.999999999984032772e-01
3.990000000000000000e+02,2.506990937564654814e+03,-1.358448602063709876e-01,1.358448602063709876e-01,9.999999999983893995e-01
4.010000000000000000e+02,2.519557308179013944e+03,-1.411063006238537920e-01,1.411063006238537920e-01,9.999999999983512078e-01
4.020000000000000000e+02,2.525840493486193736e+03,1.395110388918378019e-01,1.395110388918378019e-01,9.999999999983154586e-01
4.040000000000000000e+02,2.538406864100552866e+03,1.382197404644680272e-01,1.382197404644680272e-01,9.999999999983016918e-01
4.050000000000000000e+02,2.544690049407732204e+03,-1.498710566070249606e-01,1.498710566070249606e-01,9.999999999983615329e-01
4.070000000000000000e+02,2.557256420022091788e+03,-1.894012138473284146e-01,1.894012138473284146e-01,9.999999999983774090e-01
4.090000000000000000e+02,2.569822790636450918e+03,-2.100569682529362658e-01,2.100569682529362658e-01,9.999999999984167109e-01
4.100000000000000000e+02,2.576105975943630256e+03,2.064766455767776676e-01,2.064766455767776676e-01,9.999999999984270360e-01
4.120000000000000000e+02,2.588672346557989385e+03,1.801816375392710778e-01,1.801816375392710778e-01,9.999999999984920951e-01
4.130000000000000000e+02,2.594955531865169178e+03,-1.600593072947549267e-01,1.600593072947549267e-01,9.999999999985035304e-01
4.150000000000000000e+02,2.607521902479528308e+03,-1.260082688084345204e-01,1.260082688084345204e-01,9.999999999984685584e-01
4.170000000000000000e+02,2.620088273093887437e+03,-1.101563192006426856e-01,1.101563192006426856e-01,9.999999999983556487e-01
4.180000000000000000e+02,2.626371458401067230e+03,1.043037124768638330e-01,1.043037124768638330e-01,9.999999999983032462e-01
4.200000000000000000e+02,2.638937829015426360e+03,9.504361768973924873e-02,9.504361768973924873e-02,9.999999999981693533e-01
4.220000000000000000e+02,2.651504199629785489e+03,8.737931995704373289e-02,8.737931995704373289e-02,9.999999999980669907e-01
4.230000000000000000e+02,2.657787384936964827e+03,-8.518290145949150571e-02,8.518290145949150571e-02,9.999999999980614396e-01
4.250000000000000000e+02,2.670353755551323957e+03,-1.105112718616922951e-01,1.105112718616922951e-01,9.999999999980779819e-01
4.260000000000000000e+02,2.676636940858503749e+03,1.419250810119861705e-01,1.419250810119861705e-01,9.999999999980668797e-01
4.280000000000000000e+02,2.689203311472862879e+03,2.010202278589239000e-01,2.010202278589239000e-01,9.999999999980848653e-01
4.300000000000000000e+02,2.701769682087222009e+03,2.224435421036581872e-01,2.224435421036581872e-01,9.999999999980447862e-01
4.310000000000000000e+02,2.708052867394401801e+03,-2.283569689800418190e-01,2.283569689800418190e-01,9.999999999980608845e-01
4.330000000000000000e+02,2.720619238008760931e+03,-2.438635453710226997e-01,2.438635453710226997e-01,9.999999999980782039e-01
4.350000000000000000e+02,2.733185608623120061e+03,-2.413145724951369919e-01,2.413145724951369919e-01,9.999999999981555865e-01
4.370000000000000000e+02,2.745751979237479190e+03,-2.260000726563438089e-01,2.260000726563438089e-01,9.999999999981626919e-01
4.380000000000000000e+02,2.752035164544658983e+03,2.240108863148518870e-01,2.240108863148518870e-01,9.999999999981196153e-01
4.400000000000000000e+02,2.764601535159018113e+03,2.380145949952536533e-01,2.380145949952536533e-01,9.999999999980797583e-01
4.420000000000000000e+02,2.777167905773377242e+03,2.821478629049132825e-01,2.821478629049132825e-01,9.999999999980323517e-01
4.430000000000000000e+02,2.783451091080556580e+03,-3.183387874292583630e-01,3.183387874292583630e-01,9.999999999980879739e-01
4.450000000000000000e+02,2.796017461694915710e+03,-4.029121608853789005e-01,4.029121608853789005e-01,9.999999999980524468e-01
4.470000000000000000e+02,2.808583832309274840e+03,-4.621016639603159892e-01,4.621016639603159892e-01,9.999999999980488941e-01
4.490000000000000000e+02,2.821150202923634424e+03,-4.577483647488151952e-01,4.577483647488151952e-01,9.999999999980835330e-01
4.500000000000000000e+02,2.827433388230813762e+03,4.419636513810519252e-01,4.419636513810519252e-01,9.999999999980794252e-01
4.520000000000000000e+02,2.839999758845172892e+03,4.286719014120879412e-01,4.286719014120879412e-01,9.999999999980935250e-01
4.540000000000000000e+02,2.852566129459532021e+03,4.302898112619112370e-01,4.302898112619112370e-01,9.999999999981354915e-01
4.560000000000000000e+02,2.865132500073891151e+03,3.809185167827615626e-01,3.809185167827615626e-01,9.999999999982008836e-01
4.570000000000000000e+02,2.871415685381070944e+03,-3.386101914127314094e-01,3.386101914127314094e-01,9.999999999981925569e-01
4.590000000000000000e+02,2.883982055995430073e+03,-2.672160955404411231e-01,2.672160955404411231e-01,9.999999999981513676e-01
4.610000000000000000e+02,2.896548426609789203e+03,-2.400167505813545210e-01,2.400167505813545210e-01,9.999999999980809795e-01
4.630000000000000000e+02,2.909114797224148333e+03,-2.395652045108827011e-01,2.395652045108827011e-01,9.999999999980685450e-01
4.650000000000000000e+02,2.921681167838507463e+03,-2.406307148268408691e-01,2.406307148268408691e-01,9.999999999980876408e-01
4.660000000000000000e+02,2.927964353145687255e+03,2.357314330857131768e-01,2.357314330857131768e-01,9.999999999980796472e-01
4.680000000000000000e+02,2.940530723760046385e+03,2.111950744698795068e-01,2.111950744698795068e-01,9.999999999979855003e-01
4.700000000000000000e+02,2.953097094374405515e+03,1.914435419902003332e-01,1.914435419902003332e-01,9.999999999978372855e-01
4.720000000000000000e+02,2.965663464988764645e+03,2.174650035371761270e-01,2.174650035371761270e-01,9.999999999976867393e-01
4.740000000000000000e+02,2.978229835603123774e+03,2.790863569024505386e-01,2.790863569024505386e-01,9.999999999975892617e-01
4.760000000000000000e+02,2.990796206217482904e+03,3.279885464948606444e-01,3.279885464948606444e-01,9.999999999975517362e-01
4.770000000000000000e+02,2.997079391524662697e+03,-3.451344119640973318e-01,3.451344119640973318e-01,9.999999999976000309e-01
4.790000000000000000e+02,3.009645762139021826e+03,-3.713445863979502604e-01,3.713445863979502604e-01,9.999999999976434406e-01
4.810000000000000000e+02,3.022212132753380956e+03,-3.804642285816671743e-01,3.804642285816671743e-01,9.999999999977682297e-01
4.830000000000000000e+02,3.034778503367740086e+03,-3.724671325111512665e-01,3.724671325111512665e-01,9.999999999978609333e-01
4.850000000000000000e+02,3.047344873982099216e+03,-3.703880177308485067e-01,3.703880177308485067e-01,9.999999999979241050e-01
4.870000000000000000e+02,3.059911244596458346e+03,-3.812235827413471001e-01,3.812235827413471001e-01,9.999999999980002663e-01
4.890000000000000000e+02,3.072477615210817476e+03,-4.023477249463781047e-01,4.023477249463781047e-01,9.999999999980485610e-01
4.910000000000000000e+02,3.085043985825177060e+03,-4.246825902617916704e-01,4.246825902617916704e-01,9.999999999981034060e-01
4.920000000000000000e+02,3.091327171132356398e+03,4.300051795698756063e-01,4.300051795698756063e-01,9.999999999981324939e-01
4.940000000000000000e+02,3.103893541746715528e+03,4.215083432182058498e-01,4.215083432182058498e-01,9.999999999981652454e-01
4.960000000000000000e+02,3.116459912361074657e+03,3.918268039198948283e-01,3.918268039198948283e-01,9.999999999980873078e-01
4.980000000000000000e+02,3.129026282975433787e+03,3.717598835730026030e-01,3.717598835730026030e-01,9.999999999979252152e-01
5.000000000000000000e+02,3.141592653589792917e+03,3.674954565386783223e-01,3.674954565386783223e-01,9.999999999977980947e-01
5.020000000000000000e+02,3.154159024204152502e+03,3.464715929497224622e-01,3.464715929497224622e-01,9.999999999977470244e-01
5.040000000000000000e+02,3.166725394818511631e+03,3.150167695082550789e-01,3.150167695082550789e-01,9.999999999977006171e-01
5.060000000000000000e+02,3.179291765432870761e+03,2.851960654613744928e-01,2.851960654613744928e-01,9.999999999976916243e-01
5.080000000000000000e+02,3.191858136047229891e+03,2.563326194301425720e-01,2.563326194301425720e-01,9.999999999977579046e-01
5.100000000000000000e+02,3.204424506661589021e+03,2.495066904221504567e-01,2.495066904221504567e-01,9.999999999978174126e-01
5.120000000000000000e+02,3.216990877275948151e+03,2.775188659236647037e-01,2.775188659236647037e-01,9.999999999977727816e-01
5.140000000000000000e+02,3.229557247890307281e+03,3.364504699286220979e-01,3.364504699286220979e-01,9.999999999976776355e-01
5.160000000000000000e+02,3.242123618504666410e+03,4.182130103732704107e-01,4.182130103732704107e-01,9.999999999976566523e-01
5.180000000000000000e+02,3.254689989119025540e+03,4.759169398861371469e-01,4.759169398861371469e-01,9.999999999977318144e-01
5.200000000000000000e+02,3.267256359733384670e+03,4.640763003458603375e-01,4.640763003458603375e-01,9.999999999978351761e-01
5.220000000000000000e+02,3.279822730347743800e+03,3.816855836444122407e-01,3.816855836444122407e-01,9.999999999978417264e-01
5.240000000000000000e+02,3.292389100962103385e+03,2.924541633876200364e-01,2.924541633876200364e-01,9.999999999977465803e-01
5.260000000000000000e+02,3.304955471576462514e+03,2.419133331821893274e-01,2.419133331821893274e-01,9.999999999976554310e-01
5.280000000000000000e+02,3.317521842190821644e+03,2.083033558055049639e-01,2.083033558055049639e-01,9.999999999976645348e-01
5.300000000000000000e+02,3.330088212805180774e+03,1.747335028563054005e-01,1.747335028563054005e-01,9.999999999977459142e-01
5.320000000000000000e+02,3.342654583419539904e+03,1.351393728713640441e-01,1.351393728713640441e-01,9.999999999978238518e-01
5.340000000000000000e+02,3.355220954033899034e+03,1.134603488153645839e-01,1.134603488153645839e-01,9.999999999978623766e-01
5.360000000000000000e+02,3.367787324648258164e+03,1.380485260498307831e-01,1.380485260498307831e-01,9.999999999978517184e-01
5.380000000000000000e+02,3.380353695262617293e+03,2.026854602548353312e-01,2.026854602548353312e-01,9.999999999978075316e-01
5.410000000000000000e+02,3.399203251184156215e+03,-3.593095743708328849e-01,3.593095743708328849e-01,9.999999999977632337e-01
5.430000000000000000e+02,3.411769621798515345e+03,-4.961554546046530456e-01,4.961554546046530456e-01,9.999999999976916243e-01
5.450000000000000000e+02,3.424335992412874475e+03,-6.038879241650580987e-01,6.038879241650580987e-01,9.999999999977186027e-01
5.470000000000000000e+02,3.436902363027233605e+03,-6.181541883219133782e-01,6.181541883219133782e-01,9.999999999977994269e-01
5.490000000000000000e+02,3.449468733641592735e+03,-5.167033030299644780e-01,5.167033030299644780e-01,9.999999999978372855e-01
5.510000000000000000e+02,3.462035104255951865e+03,-3.732468914440567609e-01,3.732468914440567609e-01,9.999999999977401410e-01
5.530000000000000000e+02,3.474601474870310994e+03,-2.607702096728332086e-01,2.607702096728332086e-01,9.999999999975816012e-01
5.550000000000000000e+02,3.487167845484670579e+03,-1.948690893737823615e-01,1.948690893737823615e-01,9.999999999974771292e-01
5.580000000000000000e+02,3.506017401406209046e+03,1.055357390226136921e-01,1.055357390226136921e-01,9.999999999975014431e-01
5.600000000000000000e+02,3.518583772020568176e+03,3.636372884870971850e-02,3.636372884870971850e-02,9.999999999975577314e-01
5.620000000000000000e+02,3.531150142634927306e+03,1.390412148813323368e-02,1.390412148813323368e-02,9.999999999976108001e-01
5.640000000000000000e+02,3.543716513249286436e+03,3.685092510003779021e-02,3.685092510003779021e-02,9.999999999976176834e-01
5.660000000000000000e+02,3.556282883863646020e+03,6.543654216832318904e-02,6.543654216832318904e-02,9.999999999975280884e-01
5.690000000000000000e+02,3.575132439785184488e+03,-1.077089306371237787e-01,1.077089306371237787e-01,9.999999999975102138e-01
5.710000000000000000e+02,3.587698810399543618e+03,-1.345876473513054339e-01,1.345876473513054339e-01,9.999999999976004750e-01
5.730000000000000000e+02,3.600265181013902748e+03,-1.647259805341889649e-01,1.647259805341889649e-01,9.999999999977073895e-01
5.750000000000000000e+02,3.612831551628261877e+03,-1.777372318254282768e-01,1.777372318254282768e-01,9.999999999977492449e-01
5.780000000000000000e+02,3.631681107549800799e+03,1.777406657682247815e-01,1.777406657682247815e-01,9.999999999976325604e-01
5.800000000000000000e+02,3.644247478164159929e+03,1.719615651737715079e-01,1.719615651737715079e-01,9.999999999975757170e-01
5.820000000000000000e+02,3.656813848778519059e+03,1.703692500996931702e-01,1.703692500996931702e-01,9.999999999975919263e-01
5.840000000000000000e+02,3.669380219392878189e+03,1.505348914049079445e-01,1.505348914049079445e-01,9.999999999976584286e-01
5.870000000000000000e+02,3.688229775314417111e+03,-6.584647155022588239e-02,6.584647155022588239e-02,9.999999999977479126e-01
5.890000000000000000e+02,3.700796145928776241e+03,-4.667464852363783362e-02,4.667464852363783362e-02,9.999999999977451370e-01
5.910000000000000000e+02,3.713362516543135371e+03,-5.968910423848390601e-02,5.968910423848390601e-02,9.999999999976205700e-01
5.930000000000000000e+02,3.725928887157494501e+03,-7.783619369741630323e-02,7.783619369741630323e-02,9.999999999973925302e-01
5.960000000000000000e+02,3.744778443079033423e+03,1.159637484078755165e-01,1.159637484078755165e-01,9.999999999971588283e-01
5.980000000000000000e+02,3.757344813693392553e+03,1.511893895637569374e-01,1.511893895637569374e-01,9.999999999971665998e-01
6.000000000000000000e+02,3.769911184307751682e+03,1.657590065484647601e-01,1.657590065484647601e-01,9.999999999972927212e-01
6.030000000000000000e+02,3.788760740229290604e+03,-1.203786579802251788e-01,1.203786579802251788e-01,9.999999999973943066e-01
6.050000000000000000e+02,3.801327110843649734e+03,-8.031346714932811881e-02,8.031346714932811881e-02,9.999999999973685494e-01
6.070000000000000000e+02,3.813893481458008864e+03,-5.787911075315900489e-02,5.787911075315900489e-02,9.999999999973714360e-01
6.100000000000000000e+02,3.832743037379547786e+03,7.833568832468321141e-02,7.833568832468321141e-02,9.999999999975572873e-01
6.120000000000000000e+02,3.845309407993906916e+03,5.945726997220264487e-02,5.945726997220264487e-02,9.999999999976998399e-01
6.150000000000000000e+02,3.864158963915445383e+03,2.373658977085848359e-02,-2.373658977085848359e-02,9.999999999977011722e-01
6.170000000000000000e+02,3.876725334529804513e+03,7.107077219365830201e-02,-7.107077219365830201e-02,9.999999999976052489e-01
6.190000000000000000e+02,3.889291705144164098e+03,1.389622493469576392e-01,-1.389622493469576392e-01,9.999999999974761300e-01
6.220000000000000000e+02,3.908141261065702565e+03,-2.774059958683090521e-01,-2.774059958683090521e-01,9.999999999973603337e-01
6.240000000000000000e+02,3.920707631680061695e+03,-3.514356923421254608e-01,-3.514356923421254608e-01,9.999999999972417619e-01
6.270000000000000000e+02,3.939557187601600617e+03,3.450075506137049164e-01,-3.450075506137049164e-01,9.999999999973064879e-01
6.290000000000000000e+02,3.952123558215959747e+03,2.691045883286434237e-01,-2.691045883286434237e-01,9.999999999973496756e-01
6.320000000000000000e+02,3.970973114137498669e+03,-1.376240721645135001e-01,-1.376240721645135001e-01,9.999999999971820319e-01
6.340000000000000000e+02,3.983539484751857799e+03,-5.132570247517718315e-02,-5.132570247517718315e-02,9.999999999971510567e-01
6.360000000000000000e+02,3.996105855366216929e+03,2.838043096686169303e-02,2.838043096686169303e-02,9.999999999972360998e-01
6.390000000000000000e+02,4.014955411287755396e+03,-4.928624939241012942e-02,4.928624939241012942e-02,9.999999999973924192e-01
6.410000000000000000e+02,4.027521781902114981e+03,-1.269196677493754193e-02,1.269196677493754193e-02,9.999999999974374942e-01
6.440000000000000000e+02,4.046371337823653448e+03,-1.403693744018824760e-03,-1.403693744018824760e-03,9.999999999973705478e-01
6.460000000000000000e+02,4.058937708438012578e+03,-1.395832544411848043e-02,-1.395832544411848043e-02,9.999999999972493114e-01
6.490000000000000000e+02,4.077787264359551500e+03,9.024347757845421758e-02,-9.024347757845421758e-02,9.999999999970956566e-01
6.510000000000000000e+02,4.090353634973910630e+03,1.558950481687285394e-01,-1.558950481687285394e-01,9.999999999970852205e-01
6.540000000000000000e+02,4.109203190895449552e+03,-2.310850529524282049e-01,-2.310850529524282049e-01,9.999999999971445064e-01
6.570000000000000000e+02,4.128052746816988474e+03,2.689409956867809259e-01,-2.689409956867809259e-01,9.999999999971505016e-01
6.590000000000000000e+02,4.140619117431347149e+03,3.102306467345272711e-01,-3.102306467345272711e-01,9.999999999972160047e-01
6.620000000000000000e+02,4.159468673352886071e+03,-3.394798453458006682e-01,-3.394798453458006682e-01,9.999999999973547826e-01
6.640000000000000000e+02,4.172035043967245656e+03,-3.413996045803247559e-01,-3.413996045803247559e-01,9.999999999974354958e-01
6.670000000000000000e+02,4.190884599888783669e+03,3.463826772215211069e-01,-3.463826772215211069e-01,9.999999999975347498e-01
6.690000000000000000e+02,4.203450970503143253e+03,3.166727794307187538e-01,-3.166727794307187538e-01,9.999999999975391907e-01
6.720000000000000000e+02,4.222300526424682175e+03,-2.335874351092367684e-01,-2.335874351092367684e-01,9.999999999973879783e-01
6.750000000000000000e+02,4.241150082346221097e+03,2.564777070099532597e-01,-2.564777070099532597e-01,9.999999999970227149e-01
6.770000000000000000e+02,4.253716452960579772e+03,3.292881800995463015e-01,-3.292881800995463015e-01,9.999999999969774178e-01
6.800000000000000000e+02,4.272566008882118695e+03,-3.926564432502117619e-01,-3.926564432502117619e-01,9.999999999970520248e-01
6.830000000000000000e+02,4.291415564803657617e+03,3.234044224862411832e-01,-3.234044224862411832e-01,9.999999999970385911e-01
6.850000000000000000e+02,4.303981935418016292e+03,2.927035382906497674e-01,-2.927035382906497674e-01,9.999999999969756415e-01
6.880000000000000000e+02,4.322831491339555214e+03,-2.744000623871320488e-01,-2.744000623871320488e-01,9.999999999970170528e-01
6.910000000000000000e+02,4.341681047261094136e+03,2.599389363570600575e-01,-2.599389363570600575e-01,9.999999999970061726e-01
6.930000000000000000e+02,4.354247417875452811e+03,2.621935683136593642e-01,-2.621935683136593642e-01,9.999999999970116127e-01
6.960000000000000000e+02,4.373096973796991733e+03,-2.390876862500316280e-01,-2.390876862500316280e-01,9.999999999970973219e-01
6.990000000000000000e+02,4.391946529718530655e+03,1.809884583942727165e-01,-1.809884583942727165e-01,9.999999999972127851e-01
7.010000000000000000e+02,4.404512900332890240e+03,1.838685025370531967e-01,-1.838685025370531967e-01,9.999999999972487563e-01
7.040000000000000000e+02,4.423362456254428253e+03,-2.928550175538731093e-01,-2.928550175538731093e-01,9.999999999973075981e-01
7.070000000000000000e+02,4.442212012175967175e+03,4.091742446327834570e-01,-4.091742446327834570e-01,9.999999999972929432e-01
7.100000000000000000e+02,4.461061568097506097e+03,-4.015710720209642592e-01,-4.015710720209642592e-01,9.999999999973401277e-01
7.120000000000000000e+02,4.473627938711865681e+03,-4.007606233544114271e-01,-4.007606233544114271e-01,9.999999999972405407e-01
7.150000000000000000e+02,4.492477494633404604e+03,4.334221243032250204e-01,-4.334221243032250204e-01,9.999999999968988140e-01
7.180000000000000000e+02,4.511327050554942616e+03,-4.629236382149645168e-01,-4.629236382149645168e-01,9.999999999968263165e-01
7.210000000000000000e+02,4.530176606476481538e+03,4.534551414403094616e-01,-4.534551414403094616e-01,9.999999999968104403e-01
7.240000000000000000e+02,4.549026162398020460e+03,-4.043919948020497923e-01,-4.043919948020497923e-01,9.999999999967947861e-01
7.260000000000000000e+02,4.561592533012380045e+03,-3.702861057655087995e-01,-3.702861057655087995e-01,9.999999999967967845e-01
7.290000000000000000e+02,4.580442088933918058e+03,3.477758668707557344e-01,-3.477758668707557344e-01,9.999999999968182118e-01
7.320000000000000000e+02,4.599291644855456980e+03,-3.691382625748022006e-01,-3.691382625748022006e-01,9.999999999969181319e-01
7.350000000000000000e+02,4.618141200776995902e+03,3.084624421729473820e-01,-3.084624421729473820e-01,9.999999999970885511e-01
7.380000000000000000e+02,4.636990756698534824e+03,-2.291705705558307882e-01,-2.291705705558307882e-01,9.999999999970425879e-01
7.410000000000000000e+02,4.655840312620073746e+03,2.157361723067669212e-01,-2.157361723067669212e-01,9.999999999969865216e-01
7.430000000000000000e+02,4.668406683234432421e+03,2.105436883911326051e-01,-2.105436883911326051e-01,9.999999999969113595e-01
7.460000000000000000e+02,4.687256239155971343e+03,-1.774821961834267270e-01,-1.774821961834267270e-01,9.999999999968085529e-01
7.490000000000000000e+02,4.706105795077510265e+03,1.835793042716005186e-01,-1.835793042716005186e-01,9.999999999967957853e-01
7.520000000000000000e+02,4.724955350999049188e+03,-2.733062321630006508e-01,-2.733062321630006508e-01,9.999999999969471087e-01
7.550000000000000000e+02,4.743804906920587200e+03,4.114536766394769618e-01,-4.114536766394769618e-01,9.999999999967592590e-01
7.580000000000000000e+02,4.762654462842126122e+03,-5.682568789460440417e-01,-5.682568789460440417e-01,9.999999999967651432e-01
7.610000000000000000e+02,4.781504018763665044e+03,5.704922770084749351e-01,-5.704922770084749351e-01,9.999999999969660935e-01
7.640000000000000000e+02,4.800353574685203967e+03,-4.326195556338911508e-01,-4.326195556338911508e-01,9.999999999969326758e-01
7.670000000000000000e+02,4.819203130606742889e+03,3.127541983116473023e-01,-3.127541983116473023e-01,9.999999999968191000e-01
7.700000000000000000e+02,4.838052686528281811e+03,-2.444127023089306960e-01,-2.444127023089306960e-01,9.999999999966692199e-01
7.730000000000000000e+02,4.856902242449819823e+03,1.961617501993652146e-01,-1.961617501993652146e-01,9.999999999965679676e-01
7.760000000000000000e+02,4.875751798371358745e+03,-2.143814749206393033e-01,-2.143814749206393033e-01,9.999999999966497910e-01
7.790000000000000000e+02,4.894601354292897668e+03,3.009505719340589969e-01,-3.009505719340589969e-01,9.999999999967513764e-01
7.820000000000000000e+02,4.913450910214436590e+03,-2.951443109144848975e-01,-2.951443109144848975e-01,9.999999999967403852e-01
7.850000000000000000e+02,4.932300466135975512e+03,2.622549952638958959e-01,-2.622549952638958959e-01,9.999999999967754682e-01
7.880000000000000000e+02,4.951150022057513524e+03,-2.002886704407092489e-01,-2.002886704407092489e-01,9.999999999968806064e-01
7.910000000000000000e+02,4.969999577979052447e+03,1.847463739295973628e-01,-1.847463739295973628e-01,9.999999999968069986e-01
7.940000000000000000e+02,4.988849133900591369e+03,-1.956669046409686419e-01,-1.956669046409686419e-01,9.999999999965916153e-01
7.970000000000000000e+02,5.007698689822130291e+03,1.645134055184208355e-01,-1.645134055184208355e-01,9.999999999965948350e-01
8.000000000000000000e+02,5.026548245743669213e+03,-1.017588306115784214e-01,-1.017588306115784214e-01,9.999999999965686337e-01
8.040000000000000000e+02,5.051680986972387473e+03,-1.143139081666796203e-01,-1.143139081666796203e-01,9.999999999967084108e-01
8.070000000000000000e+02,5.070530542893926395e+03,1.584830041370416387e-01,-1.584830041370416387e-01,9.999999999966436848e-01
8.100000000000000000e+02,5.089380098815464407e+03,-1.689184954250282089e-01,-1.689184954250282089e-01,9.999999999964612751e-01
8.130000000000000000e+02,5.108229654737003330e+03,1.873311227781688793e-01,-1.873311227781688793e-01,9.999999999964747088e-01
8.160000000000000000e+02,5.127079210658542252e+03,-2.353465869163328117e-01,-2.353465869163328117e-01,9.999999999966636688e-01
8.190000000000000000e+02,5.145928766580081174e+03,2.723807852920865913e-01,-2.723807852920865913e-01,9.999999999966585618e-01
8.230000000000000000e+02,5.171061507808799433e+03,2.862603574290695785e-01,-2.862603574290695785e-01,9.999999999966472375e-01
8.260000000000000000e+02,5.189911063730338356e+03,-2.391971189007468246e-01,-2.391971189007468246e-01,9.999999999967097430e-01
8.290000000000000000e+02,5.208760619651877278e+03,1.572524627747454995e-01,-1.572524627747454995e-01,9.999999999967019715e-01
8.320000000000000000e+02,5.227610175573416200e+03,-1.101203968154577384e-01,-1.101203968154577384e-01,9.999999999966460162e-01
8.350000000000000000e+02,5.246459731494954212e+03,-3.910294572240782113e-02,3.910294572240782113e-02,9.999999999966411313e-01
8.390000000000000000e+02,5.271592472723672472e+03,-2.464277266170441516e-01,2.464277266170441516e-01,9.999999999964221953e-01
8.420000000000000000e+02,5.290442028645211394e+03,1.887636616006328483e-01,1.887636616006328483e-01,9.999999999965240027e-01
8.450000000000000000e+02,5.309291584566750316e+03,-4.202934670541694402e-03,4.202934670541694402e-03,9.999999999963750108e-01
8.490000000000000000e+02,5.334424325795468576e+03,1.483088653279286961e-01,-1.483088653279286961e-01,9.999999999963278263e-01
8.520000000000000000e+02,5.353273881717007498e+03,-1.635983370893423772e-01,-1.635983370893423772e-01,9.999999999964103159e-01
8.550000000000000000e+02,5.372123437638546420e+03,6.117996519874822209e-02,-6.117996519874822209e-02,9.999999999965096809e-01
8.580000000000000000e+02,5.390972993560085342e+03,2.173407423118822995e-03,2.173407423118822995e-03,9.999999999965389907e-01
8.620000000000000000e+02,5.416105734788803602e+03,1.008364833283054707e-01,1.008364833283054707e-01,9.999999999964717112e-01
8.650000000000000000e+02,5.434955290710342524e+03,-1.925044286695718754e-01,1.925044286695718754e-01,9.999999999964787056e-01
8.690000000000000000e+02,5.460088031939060784e+03,-1.471248820241211064e-01,1.471248820241211064e-01,9.999999999964960251e-01
8.720000000000000000e+02,5.478937587860598796e+03,4.183813762920159107e-02,4.183813762920159107e-02,9.999999999964394037e-01
8.750000000000000000e+02,5.497787143782137719e+03,9.090950605835377077e-03,-9.090950605835377077e-03,9.999999999964773734e-01
8.790000000000000000e+02,5.522919885010855978e+03,4.984516613501400323e-02,-4.984516613501400323e-02,9.999999999966302511e-01
8.820000000000000000e+02,5.541769440932394900e+03,-2.609239046110410978e-02,-2.609239046110410978e-02,9.999999999965809572e-01
8.860000000000000000e+02,5.566902182161113160e+03,4.085665697351614084e-02,4.085665697351614084e-02,9.999999999963499198e-01
8.890000000000000000e+02,5.585751738082652082e+03,-1.668424127799934542e-01,1.668424127799934542e-01,9.999999999961971531e-01
8.920000000000000000e+02,5.604601294004191004e+03,2.862444232490901075e-01,2.862444232490901075e-01,9.999999999960260677e-01
8.960000000000000000e+02,5.629734035232909264e+03,3.199578161931193598e-01,3.199578161931193598e-01,9.999999999960379471e-01
8.990000000000000000e+02,5.648583591154448186e+03,-3.057398174203312391e-01,3.057398174203312391e-01,9.999999999960831332e-01
9.030000000000000000e+02,5.673716332383166446e+03,-2.815123755806400729e-01,2.815123755806400729e-01,9.999999999963832265e-01
9.060000000000000000e+02,5.692565888304705368e+03,2.231307915352518934e-01,2.231307915352518934e-01,9.999999999965516473e-01
9.100000000000000000e+02,5.717698629533423627e+03,1.602795363059447697e-01,1.602795363059447697e-01,9.999999999965629716e-01
9.140000000000000000e+02,5.742831370762141887e+03,5.061315683848537778e-02,5.061315683848537778e-02,9.999999999965942798e-01
9.170000000000000000e+02,5.761680926683680809e+03,-7.069391353331604122e-02,7.069391353331604122e-02,9.999999999964904740e-01
9.210000000000000000e+02,5.786813667912399069e+03,-2.049158915744689335e-01,2.049158915744689335e-01,9.999999999962823072e-01
9.240000000000000000e+02,5.805663223833937991e+03,2.367993560138190456e-01,2.367993560138190456e-01,9.999999999960557107e-01
9.280000000000000000e+02,5.830795965062656251e+03,3.172265757975456513e-01,3.172265757975456513e-01,9.999999999959247043e-01
9.310000000000000000e+02,5.849645520984195173e+03,-3.655279755571819722e-01,3.655279755571819722e-01,9.999999999960931252e-01
9.350000000000000000e+02,5.874778262212913432e+03,-3.690429155535781547e-01,3.690429155535781547e-01,9.999999999962292385e-01
9.390000000000000000e+02,5.899911003441631692e+03,-3.552896948169504965e-01,3.552896948169504965e-01,9.999999999962181363e-01
9.420000000000000000e+02,5.918760559363170614e+03,2.960723715011396306e-01,2.960723715011396306e-01,9.999999999962357888e-01
9.460000000000000000e+02,5.943893300591888874e+03,2.848574233456115379e-01,2.848574233456115379e-01,9.999999999961933783e-01
9.500000000000000000e+02,5.969026041820607134e+03,3.301493873581624605e-01,3.301493873581624605e-01,9.999999999960322850e-01
9.530000000000000000e+02,5.987875597742146056e+03,-3.728324033262853665e-01,3.728324033262853665e-01,9.999999999961920460e-01
9.570000000000000000e+02,6.013008338970864315e+03,-3.858634977484142747e-01,3.858634977484142747e-01,9.999999999963362640e-01
9.610000000000000000e+02,6.038141080199582575e+03,-2.666337999675524872e-01,2.666337999675524872e-01,9.999999999962715380e-01
9.650000000000000000e+02,6.063273821428300835e+03,-2.452030958780535286e-01,2.452030958780535286e-01,9.999999999962135844e-01
9.680000000000000000e+02,6.082123377349839757e+03,2.268896948046315587e-01,2.268896948046315587e-01,9.999999999961242114e-01
9.720000000000000000e+02,6.107256118578558016e+03,2.683673238984939924e-01,2.683673238984939924e-01,9.999999999960414998e-01
9.760000000000000000e+02,6.132388859807276276e+03,3.068077165951204055e-01,3.068077165951204055e-01,9.999999999960365038e-01
9.800000000000000000e+02,6.157521601035994536e+03,2.767682287050112211e-01,2.767682287050112211e-01,9.999999999959634511e-01
9.840000000000000000e+02,6.182654342264712795e+03,3.236109269498455565e-01,3.236109269498455565e-01,9.999999999961354247e-01
9.870000000000000000e+02,6.201503898186251718e+03,-3.729485489347891258e-01,3.729485489347891258e-01,9.999999999960516028e-01
9.910000000000000000e+02,6.226636639414969977e+03,-5.479452940873084099e-01,5.479452940873084099e-01,9.999999999958701924e-01
9.950000000000000000e+02,6.251769380643688237e+03,-5.731498654293820660e-01,5.731498654293820660e-01,9.999999999959465757e-01
9.990000000000000000e+02,6.276902121872406497e+03,-4.213951842590548669e-01,4.213951842590548669e-01,9.999999999960277330e-01
1.003000000000000000e+03,6.302034863101124756e+03,-2.900274944783683972e-01,2.900274944783683972e-01,9.999999999961235453e-01
1.007000000000000000e+03,6.327167604329843016e+03,-2.268800243472753331e-01,2.268800243472753331e-01,9.999999999961883823e-01
1.011000000000000000e+03,6.352300345558561276e+03,-2.392043159327571777e-01,2.392043159327571777e-01,9.999999999960709207e-01
1.015000000000000000e+03,6.377433086787280445e+03,-1.514694748627442022e-01,1.514694748627442022e-01,9.999999999958634200e-01
1.019000000000000000e+03,6.402565828015998704e+03,-1.932118602945482877e-01,1.932118602945482877e-01,9.999999999956106222e-01
1.022000000000000000e+03,6.421415383937536717e+03,2.567132081073957295e-01,2.567132081073957295e-01,9.999999999955493379e-01
1.026000000000000000e+03,6.446548125166255886e+03,3.146693986111778196e-01,3.146693986111778196e-01,9.999999999956860064e-01
1.030000000000000000e+03,6.471680866394974146e+03,3.254974357313379918e-01,3.254974357313379918e-01,9.999999999958928409e-01
1.034000000000000000e+03,6.496813607623692405e+03,3.290808876991366816e-01,3.290808876991366816e-01,9.999999999961526331e-01
1.038000000000000000e+03,6.521946348852410665e+03,3.536955102286136743e-01,3.536955102286136743e-01,9.999999999961987074e-01
1.043000000000000000e+03,6.553362275388308262e+03,-3.619220943845559146e-01,3.619220943845559146e-01,9.999999999957147612e-01
1.047000000000000000e+03,6.578495016617026522e+03,-3.527832699908224345e-01,3.527832699908224345e-01,9.999999999954356511e-01
1.051000000000000000e+03,6.603627757845744782e+03,-1.450970876975966328e-01,1.450970876975966328e-01,9.999999999954297669e-01
1.055000000000000000e+03,6.628760499074463041e+03,-4.062583944137018732e-02,4.062583944137018732e-02,9.999999999956737939e-01
1.059000000000000000e+03,6.653893240303182210e+03,-1.206683984279237898e-01,1.206683984279237898e-01,9.999999999957835950e-01
1.063000000000000000e+03,6.679025981531900470e+03,-2.605818742142050892e-01,2.605818742142050892e-01,9.999999999957362995e-01
1.067000000000000000e+03,6.704158722760618730e+03,-2.490014731763793288e-01,2.490014731763793288e-01,9.999999999956853403e-01
1.071000000000000000e+03,6.729291463989336989e+03,-1.034142117796867516e-01,1.034142117796867516e-01,9.999999999955403451e-01
1.075000000000000000e+03,6.754424205218055249e+03,-2.563642194380780920e-02,2.563642194380780920e-02,9.999999999956007413e-01
1.080000000000000000e+03,6.785840131753952846e+03,-5.837077293602630640e-02,-5.837077293602630640e-02,9.999999999957663865e-01
1.084000000000000000e+03,6.810972872982671106e+03,6.525873925543172749e-02,6.525873925543172749e-02,9.999999999957257524e-01
1.088000000000000000e+03,6.836105614211390275e+03,2.037561972981715985e-01,2.037561972981715985e-01,9.999999999955787588e-01
1.092000000000000000e+03,6.861238355440108535e+03,2.819816248584772755e-01,2.819816248584772755e-01,9.999999999956322716e-01
1.097000000000000000e+03,6.892654281976006132e+03,-1.107116146854859179e-01,1.107116146854859179e-01,9.999999999952833285e-01
1.101000000000000000e+03,6.917787023204724392e+03,2.692834842032526196e-02,-2.692834842032526196e-02,9.999999999951771912e-01
1.105000000000000000e+03,6.942919764433442651e+03,1.331682927541809613e-01,-1.331682927541809613e-01,9.999999999953418373e-01
1.109000000000000000e+03,6.968052505662160911e+03,1.921747563811393722e-01,-1.921747563811393722e-01,9.999999999955085928e-01
1.114000000000000000e+03,6.999468432198059418e+03,-1.705898862221939261e-01,-1.705898862221939261e-01,9.999999999955161423e-01
1.118000000000000000e+03,7.024601173426777677e+03,-7.681402987519675429e-02,-7.681402987519675429e-02,9.999999999955819785e-01
1.122000000000000000e+03,7.049733914655495937e+03,-1.058424116908002243e-03,-1.058424116908002243e-03,9.999999999956165064e-01
1.127000000000000000e+03,7.081149841191393534e+03,-2.781723180195566636e-02,2.781723180195566636e-02,9.999999999953587126e-01
1.131000000000000000e+03,7.106282582420111794e+03,2.890653946551826822e-02,-2.890653946551826822e-02,9.999999999955172525e-01
1.136000000000000000e+03,7.137698508956010301e+03,-1.829304949754256837e-01,-1.829304949754256837e-01,9.999999999954122254e-01
1.140000000000000000e+03,7.162831250184728560e+03,-2.377887212353987367e-01,-2.377887212353987367e-01,9.999999999950880403e-01
1.144000000000000000e+03,7.187963991413446820e+03,-2.499934491340715381e-01,-2.499934491340715381e-01,9.999999999949954477e-01
1.149000000000000000e+03,7.219379917949344417e+03,2.116937929708753718e-01,-2.116937929708753718e-01,9.999999999951422192e-01
1.153000000000000000e+03,7.244512659178062677e+03,2.090903717015437369e-01,-2.090903717015437369e-01,9.999999999951928453e-01
1.158000000000000000e+03,7.275928585713961184e+03,-1.530374488094110308e-01,-1.530374488094110308e-01,9.999999999955474506e-01
1.162000000000000000e+03,7.301061326942679443e+03,-2.073509744736802551e-01,-2.073509744736802551e-01,9.999999999955754282e-01
1.167000000000000000e+03,7.332477253478577040e+03,3.697799757800581677e-01,-3.697799757800581677e-01,9.999999999952686736e-01
1.171000000000000000e+03,7.357609994707295300e+03,4.991905257886586900e-01,-4.991905257886586900e-01,9.999999999953094187e-01
1.176000000000000000e+03,7.389025921243193807e+03,-3.822129608703200288e-01,-3.822129608703200288e-01,9.999999999952534635e-01
1.181000000000000000e+03,7.420441847779091404e+03,2.276759687394635245e-01,-2.276759687394635245e-01,9.999999999949775731e-01
1.185000000000000000e+03,7.445574589007809664e+03,1.833816697536250484e-01,-1.833816697536250484e-01,9.999999999951589835e-01
1.190000000000000000e+03,7.476990515543707261e+03,-2.030464360375912602e-01,-2.030464360375912602e-01,9.999999999951284524e-01
1.194000000000000000e+03,7.502123256772425520e+03,-2.403908660780910145e-01,-2.403908660780910145e-01,9.999999999949464868e-01
1.199000000000000000e+03,7.533539183308324027e+03,3.557531469140067237e-01,-3.557531469140067237e-01,9.999999999950420770e-01
1.204000000000000000e+03,7.564955109844221624e+03,-4.587563825499934578e-01,-4.587563825499934578e-01,9.999999999951407759e-01
1.208000000000000000e+03,7.590087851072939884e+03,-5.267531037664860971e-01,-5.267531037664860971e-01,9.999999999952899898e-01
1.213000000000000000e+03,7.621503777608838391e+03,3.776705959478134922e-01,-3.776705959478134922e-01,9.999999999954399810e-01
1.218000000000000000e+03,7.652919704144735988e+03,-2.394672480104461654e-01,-2.394672480104461654e-01,9.999999999951629803e-01
1.223000000000000000e+03,7.684335630680633585e+03,3.990721129031328807e-01,-3.990721129031328807e-01,9.999999999948391283e-01
1.227000000000000000e+03,7.709468371909352754e+03,4.734111195410783401e-01,-4.734111195410783401e-01,9.999999999949200635e-01
1.232000000000000000e+03,7.740884298445250352e+03,-3.834209017278444875e-01,-3.834209017278444875e-01,9.999999999947851714e-01
1.237000000000000000e+03,7.772300224981147949e+03,4.263459825728640462e-01,-4.263459825728640462e-01,9.999999999950185403e-01
1.242000000000000000e+03,7.803716151517046455e+03,-2.811889993767274776e-01,-2.811889993767274776e-01,9.999999999951787455e-01
1.247000000000000000e+03,7.835132078052944053e+03,1.416471963760532748e-01,-1.416471963760532748e-01,9.999999999951113550e-01
1.251000000000000000e+03,7.860264819281662312e+03,1.992850433391493148e-01,-1.992850433391493148e-01,9.999999999951445506e-01
1.256000000000000000e+03,7.891680745817559909e+03,-3.321015912890923905e-01,-3.321015912890923905e-01,9.999999999950222040e-01
1.261000000000000000e+03,7.923096672353458416e+03,4.372560242722194346e-01,-4.372560242722194346e-01,9.999999999947866147e-01
1.266000000000000000e+03,7.954512598889356013e+03,-3.708504182211125322e-01,-3.708504182211125322e-01,9.999999999947442042e-01
1.271000000000000000e+03,7.985928525425254520e+03,2.968030068144454914e-01,-2.968030068144454914e-01,9.999999999948664398e-01
1.276000000000000000e+03,8.017344451961152117e+03,-3.523627721819378444e-01,-3.523627721819378444e-01,9.999999999948264717e-01
1.281000000000000000e+03,8.048760378497049714e+03,3.105714538146495673e-01,-3.105714538146495673e-01,9.999999999950017759e-01
1.286000000000000000e+03,8.080176305032948221e+03,-1.245648013408178767e-01,-1.245648013408178767e-01,9.999999999948624430e-01
1.291000000000000000e+03,8.111592231568845818e+03,5.821386121485732507e-02,-5.821386121485732507e-02,9.999999999948565588e-01
1.296000000000000000e+03,8.143008158104743416e+03,-9.319935086287511883e-02,-9.319935086287511883e-02,9.999999999947868368e-01
1.301000000000000000e+03,8.174424084640641922e+03,2.429526406761261803e-01,-2.429526406761261803e-01,9.999999999947305485e-01
1.306000000000000000e+03,8.205840011176540429e+03,-3.075867914932178815e-01,-3.075867914932178815e-01,9.999999999948165907e-01
1.311000000000000000e+03,8.237255937712438026e+03,1.559340180903152351e-01,-1.559340180903152351e-01,9.999999999947343232e-01
1.316000000000000000e+03,8.268671864248335623e+03,-9.524167260102853194e-02,-9.524167260102853194e-02,9.999999999943520734e-01
1.321000000000000000e+03,8.300087790784233221e+03,4.108364682391629774e-02,-4.108364682391629774e-02,9.999999999944597651e-01
1.326000000000000000e+03,8.331503717320130818e+03,-1.092704516873519993e-01,-1.092704516873519993e-01,9.999999999947283280e-01
1.332000000000000000e+03,8.369202829163208662e+03,-1.631012959153743669e-02,-1.631012959153743669e-02,9.999999999948868679e-01
1.337000000000000000e+03,8.400618755699106259e+03,-2.431708287757898199e-02,2.431708287757898199e-02,9.999999999948696594e-01
1.342000000000000000e+03,8.432034682235003856e+03,5.760637521697092173e-02,5.760637521697092173e-02,9.999999999944102491e-01
1.347000000000000000e+03,8.463450608770903273e+03,-1.010965789193931930e-01,1.010965789193931930e-01,9.999999999942804640e-01
1.352000000000000000e+03,8.494866535306800870e+03,1.875170335183728998e-02,1.875170335183728998e-02,9.999999999942686957e-01
1.358000000000000000e+03,8.532565647149878714e+03,7.184460741640749659e-02,7.184460741640749659e-02,9.999999999943309792e-01
1.363000000000000000e+03,8.563981573685776311e+03,-1.581837332560149124e-03,1.581837332560149124e-03,9.999999999945642370e-01
1.368000000000000000e+03,8.595397500221673909e+03,2.614663529182838578e-02,2.614663529182838578e-02,9.999999999944996221e-01
1.374000000000000000e+03,8.633096612064751753e+03,5.345187770193506049e-02,5.345187770193506049e-02,9.999999999945329288e-01
1.379000000000000000e+03,8.664512538600649350e+03,-1.790632756250604696e-01,1.790632756250604696e-01,9.999999999945954343e-01
1.384000000000000000e+03,8.695928465136546947e+03,5.299892106223788035e-01,5.299892106223788035e-01,9.999999999943433027e-01
1.390000000000000000e+03,8.733627576979624791e+03,3.400759107967326056e-01,3.400759107967326056e-01,9.999999999943661733e-01
1.395000000000000000e+03,8.765043503515522389e+03,-5.737028961366363866e-02,5.737028961366363866e-02,9.999999999940443196e-01
1.401000000000000000e+03,8.802742615358600233e+03,-9.350222622881794454e-02,9.350222622881794454e-02,9.999999999942671414e-01
1.406000000000000000e+03,8.834158541894497830e+03,1.808544940442471383e-01,1.808544940442471383e-01,9.999999999943112172e-01
1.412000000000000000e+03,8.871857653737575674e+03,3.518321903647033677e-01,3.518321903647033677e-01,9.999999999941889817e-01
1.417000000000000000e+03,8.903273580273473272e+03,-3.192282535702899438e-01,3.192282535702899438e-01,9.999999999943167683e-01
1.423000000000000000e+03,8.940972692116551116e+03,-2.938863253315588397e-01,2.938863253315588397e-01,9.999999999944336748e-01
1.428000000000000000e+03,8.972388618652448713e+03,1.828964730907833847e-01,1.828964730907833847e-01,9.999999999944864104e-01
1.434000000000000000e+03,9.010087730495526557e+03,2.615551625864320218e-01,2.615551625864320218e-01,9.999999999939538364e-01
1.439000000000000000e+03,9.041503657031424154e+03,-5.008562188341411092e-01,5.008562188341411092e-01,9.999999999937615458e-01
1.445000000000000000e+03,9.079202768874501999e+03,-4.074343937735620536e-01,4.074343937735620536e-01,9.999999999938143924e-01
1.450000000000000000e+03,9.110618695410399596e+03,3.617045898032553719e-01,3.617045898032553719e-01,9.999999999941526774e-01
1.456000000000000000e+03,9.148317807253477440e+03,2.702399034731889915e-01,2.702399034731889915e-01,9.999999999944009232e-01
1.462000000000000000e+03,9.186016919096555284e+03,1.634544401912806921e-01,1.634544401912806921e-01,9.999999999942186246e-01
1.467000000000000000e+03,9.217432845632452882e+03,-2.749921155741917311e-01,2.749921155741917311e-01,9.999999999939298556e-01
1.473000000000000000e+03,9.255131957475530726e+03,-4.263194375244899748e-01,4.263194375244899748e-01,9.999999999937728701e-01
1.479000000000000000e+03,9.292831069318608570e+03,-4.501266862669933144e-01,4.501266862669933144e-01,9.999999999939150896e-01
1.485000000000000000e+03,9.330530181161686414e+03,-3.109141992225301077e-01,3.109141992225301077e-01,9.999999999938917750e-01
1.490000000000000000e+03,9.361946107697584011e+03,2.285913350151018431e-01,2.285913350151018431e-01,9.999999999938403716e-01
1.496000000000000000e+03,9.399645219540661856e+03,2.309036226071203013e-01,2.309036226071203013e-01,9.999999999937521089e-01
1.502000000000000000e+03,9.437344331383737881e+03,3.115555954631589741e-01,3.115555954631589741e-01,9.999999999940121231e-01
1.508000000000000000e+03,9.475043443226815725e+03,2.846119296007894039e-01,2.846119296007894039e-01,9.999999999939044315e-01
1.514000000000000000e+03,9.512742555069893569e+03,3.391271097547420288e-01,3.391271097547420288e-01,9.999999999938345985e-01
1.520000000000000000e+03,9.550441666912971414e+03,1.999331754273791228e-01,1.999331754273791228e-01,9.999999999936322048e-01
1.526000000000000000e+03,9.588140778756049258e+03,1.708561871869453408e-01,1.708561871869453408e-01,9.999999999936466377e-01
1.532000000000000000e+03,9.625839890599125283e+03,1.677909203395557269e-01,1.677909203395557269e-01,9.999999999936500794e-01
1.537000000000000000e+03,9.657255817135024699e+03,-3.029951681638260452e-01,3.029951681638260452e-01,9.999999999937567718e-01
1.543000000000000000e+03,9.694954928978100725e+03,-2.999424532844114921e-01,2.999424532844114921e-01,9.999999999939467310e-01
1.549000000000000000e+03,9.732654040821178569e+03,-6.843876305261691051e-02,6.843876305261691051e-02,9.999999999938222750e-01
1.556000000000000000e+03,9.776636337971436660e+03,6.097105057256987926e-02,6.097105057256987926e-02,9.999999999938197215e-01
1.562000000000000000e+03,9.814335449814514504e+03,5.799685669055596599e-02,5.799685669055596599e-02,9.999999999934684469e-01
1.568000000000000000e+03,9.852034561657590530e+03,1.081866393124464587e-01,1.081866393124464587e-01,9.999999999933693040e-01
1.574000000000000000e+03,9.889733673500668374e+03,4.111217583760156530e-02,4.111217583760156530e-02,9.999999999935407224e-01
1.580000000000000000e+03,9.927432785343746218e+03,4.881471493652660143e-02,4.881471493652660143e-02,9.999999999938277151e-01
1.586000000000000000e+03,9.965131897186824062e+03,7.566989913252361588e-02,7.566989913252361588e-02,9.999999999937893014e-01
1.592000000000000000e+03,1.000283100902990191e+04,1.307425333850161520e-01,1.307425333850161520e-01,9.999999999935723638e-01
1.598000000000000000e+03,1.004053012087297793e+04,-1.873214909277306217e-01,-1.873214909277306217e-01,9.999999999934138240e-01
1.605000000000000000e+03,1.008451241802323602e+04,6.497073560452092111e-02,-6.497073560452092111e-02,9.999999999933339989e-01
1.611000000000000000e+03,1.012221152986631387e+04,-1.937476305897355838e-02,1.937476305897355838e-02,9.999999999933153472e-01
1.617000000000000000e+03,1.015991064170939171e+04,2.026570538267552513e-01,-2.026570538267552513e-01,9.999999999931852290e-01
1.623000000000000000e+03,1.019760975355246774e+04,2.635706072306802650e-01,-2.635706072306802650e-01,9.999999999933842920e-01
1.630000000000000000e+03,1.024159205070272583e+04,-1.886965836734154633e-01,-1.886965836734154633e-01,9.999999999935259565e-01
1.636000000000000000e+03,1.027929116254580367e+04,-7.823626884616791122e-02,-7.823626884616791122e-02,9.999999999934817696e-01
1.642000000000000000e+03,1.031699027438887970e+04,-2.137270297532660804e-02,-2.137270297532660804e-02,9.999999999932461803e-01
1.649000000000000000e+03,1.036097257153913779e+04,2.444032908103569435e-01,-2.444032908103569435e-01,9.999999999929313210e-01
1.655000000000000000e+03,1.039867168338221563e+04,3.960387890336989902e-01,-3.960387890336989902e-01,9.999999999931659111e-01
1.662000000000000000e+03,1.044265398053247191e+04,-3.802797213399917720e-01,-3.802797213399917720e-01,9.999999999933295580e-01
1.668000000000000000e+03,1.048035309237554975e+04,-2.729120554033650503e-01,-2.729120554033650503e-01,9.999999999933186778e-01
1.675000000000000000e+03,1.052433538952580784e+04,2.245315716849504151e-01,-2.245315716849504151e-01,9.999999999933074646e-01
1.681000000000000000e+03,1.056203450136888387e+04,2.311293053294744271e-01,-2.311293053294744271e-01,9.999999999932697170e-01
1.688000000000000000e+03,1.060601679851914196e+04,-4.466563714431049381e-01,-4.466563714431049381e-01,9.999999999928982364e-01
1.694000000000000000e+03,1.064371591036221980e+04,-3.743809644374103129e-01,-3.743809644374103129e-01,9.999999999931367123e-01
1.701000000000000000e+03,1.068769820751247607e+04,2.916055007935804411e-01,-2.916055007935804411e-01,9.999999999931352690e-01
1.708000000000000000e+03,1.073168050466273417e+04,-2.910931577682618898e-01,-2.910931577682618898e-01,9.999999999932431827e-01
1.714000000000000000e+03,1.076937961650581019e+04,-4.693365419158783691e-01,-4.693365419158783691e-01,9.999999999930427874e-01
1.721000000000000000e+03,1.081336191365606828e+04,4.128667494020096251e-01,-4.128667494020096251e-01,9.999999999931683536e-01
1.728000000000000000e+03,1.085734421080632455e+04,-2.785609495049246043e-01,-2.785609495049246043e-01,9.999999999930921923e-01
1.734000000000000000e+03,1.089504332264940240e+04,-1.911287866574171157e-01,-1.911287866574171157e-01,9.999999999930435646e-01
1.741000000000000000e+03,1.093902561979966049e+04,2.965682889965551294e-01,-2.965682889965551294e-01,9.999999999926039163e-01
1.748000000000000000e+03,1.098300791694991676e+04,-4.199066599049113835e-01,-4.199066599049113835e-01,9.999999999930133665e-01
1.755000000000000000e+03,1.102699021410017303e+04,5.221289044682146940e-01,-5.221289044682146940e-01,9.999999999933036898e-01
1.761000000000000000e+03,1.106468932594325088e+04,1.784133259474332545e-01,-1.784133259474332545e-01,9.999999999932012162e-01
1.768000000000000000e+03,1.110867162309350897e+04,-1.099187976080944901e-01,-1.099187976080944901e-01,9.999999999925690553e-01
1.775000000000000000e+03,1.115265392024376524e+04,2.149209235857588163e-01,-2.149209235857588163e-01,9.999999999925998084e-01
1.782000000000000000e+03,1.119663621739402333e+04,-2.883164913788100470e-01,-2.883164913788100470e-01,9.999999999927855487e-01
1.789000000000000000e+03,1.124061851454427961e+04,1.636526979293827511e-01,-1.636526979293827511e-01,9.999999999929424233e-01
1.796000000000000000e+03,1.128460081169453770e+04,-6.233389380510744732e-02,-6.233389380510744732e-02,9.999999999930270222e-01
1.803000000000000000e+03,1.132858310884479397e+04,2.076271975469306530e-01,-2.076271975469306530e-01,9.999999999926104666e-01
1.810000000000000000e+03,1.137256540599505024e+04,-1.805705374935075991e-01,-1.805705374935075991e-01,9.999999999925585081e-01
1.817000000000000000e+03,1.141654770314530833e+04,1.045076042363214663e-02,-1.045076042363214663e-02,9.999999999925573979e-01
1.824000000000000000e+03,1.146053000029556461e+04,-6.911597507911321214e-02,-6.911597507911321214e-02,9.999999999925852645e-01
1.831000000000000000e+03,1.150451229744582270e+04,-9.854697619280368415e-02,9.854697619280368415e-02,9.999999999925049954e-01
1.838000000000000000e+03,1.154849459459607897e+04,1.195349751852791687e-01,1.195349751852791687e-01,9.999999999926365568e-01
1.845000000000000000e+03,1.159247689174633706e+04,1.842102755127128164e-02,-1.842102755127128164e-02,9.999999999927489114e-01
1.853000000000000000e+03,1.164274237420377358e+04,-5.719909188252639276e-02,5.719909188252639276e-02,9.999999999927798866e-01
1.860000000000000000e+03,1.168672467135402985e+04,2.210159838894376616e-01,2.210159838894376616e-01,9.999999999922093430e-01
1.867000000000000000e+03,1.173070696850428794e+04,-2.288550021103949728e-01,2.288550021103949728e-01,9.999999999923081528e-01
1.874000000000000000e+03,1.177468926565454422e+04,1.396940456183874690e-01,1.396940456183874690e-01,9.999999999925827110e-01
1.882000000000000000e+03,1.182495474811198073e+04,1.906565183534874031e-01,1.906565183534874031e-01,9.999999999926406646e-01
1.889000000000000000e+03,1.186893704526223883e+04,-2.919634840999950631e-01,2.919634840999950631e-01,9.999999999924384930e-01
1.896000000000000000e+03,1.191291934241249510e+04,2.164831828982183293e-01,2.164831828982183293e-01,9.999999999924310545e-01
1.904000000000000000e+03,1.196318482486993162e+04,4.228592756307987810e-01,4.228592756307987810e-01,9.999999999922064564e-01
1.911000000000000000e+03,1.200716712202018971e+04,-2.720448174358606752e-01,2.720448174358606752e-01,9.999999999921995730e-01
1.919000000000000000e+03,1.205743260447762623e+04,-2.245603260501904119e-01,2.245603260501904119e-01,9.999999999922365435e-01
1.926000000000000000e+03,1.210141490162788250e+04,3.389690571946697428e-01,3.389690571946697428e-01,9.999999999922857263e-01
1.934000000000000000e+03,1.215168038408531902e+04,5.574334651199964741e-01,5.574334651199964741e-01,9.999999999922892790e-01
1.941000000000000000e+03,1.219566268123557711e+04,-2.570414481457301559e-01,2.570414481457301559e-01,9.999999999918237625e-01
1.949000000000000000e+03,1.224592816369301363e+04,-2.066569747423678827e-01,2.066569747423678827e-01,9.999999999921236338e-01
1.956000000000000000e+03,1.228991046084326990e+04,3.702603474032002406e-01,3.702603474032002406e-01,9.999999999919741978e-01
1.964000000000000000e+03,1.234017594330070824e+04,3.858710514858192386e-01,3.858710514858192386e-01,9.999999999920857752e-01
1.971000000000000000e+03,1.238415824045096451e+04,-3.008218041644752927e-01,3.008218041644752927e-01,9.999999999922269955e-01
1.979000000000000000e+03,1.243442372290840103e+04,-2.455393415616878294e-01,2.455393415616878294e-01,9.999999999920218263e-01
1.987000000000000000e+03,1.248468920536583755e+04,-4.602291938809623950e-01,4.602291938809623950e-01,9.999999999919771954e-01
1.995000000000000000e+03,1.253495468782327407e+04,-3.510933916867833848e-01,3.510933916867833848e-01,9.999999999920865523e-01
2.002000000000000000e+03,1.257893698497353216e+04,2.199180083793271789e-01,2.199180083793271789e-01,9.999999999923429028e-01
2.010000000000000000e+03,1.262920246743096868e+04,2.706165274346306743e-02,2.706165274346306743e-02,9.999999999920679006e-01
2.018000000000000000e+03,1.267946794988840520e+04,2.973761009431964975e-01,2.973761009431964975e-01,9.999999999918364191e-01
2.026000000000000000e+03,1.272973343234584172e+04,3.048845903741174146e-01,3.048845903741174146e-01,9.999999999921125315e-01
2.034000000000000000e+03,1.277999891480327824e+04,1.619371052459421256e-01,1.619371052459421256e-01,9.999999999918595117e-01
2.042000000000000000e+03,1.283026439726071476e+04,5.838218730793287570e-02,5.838218730793287570e-02,9.999999999917796867e-01
2.050000000000000000e+03,1.288052987971815128e+04,4.653115019551080922e-02,4.653115019551080922e-02,9.999999999922434268e-01
2.057000000000000000e+03,1.292451217686840937e+04,-2.366241973656054154e-01,2.366241973656054154e-01,9.999999999919768623e-01
2.065000000000000000e+03,1.297477765932584589e+04,5.791138938645304379e-02,-5.791138938645304379e-02,9.999999999916198146e-01
2.074000000000000000e+03,1.303132632709046266e+04,-2.937777660553201470e-02,-2.937777660553201470e-02,9.999999999915996085e-01
2.082000000000000000e+03,1.308159180954789917e+04,4.943001450446805889e-02,4.943001450446805889e-02,9.999999999916853177e-01
2.090000000000000000e+03,1.313185729200533569e+04,-2.429044238580887333e-02,-2.429044238580887333e-02,9.999999999918444127e-01
2.098000000000000000e+03,1.318212277446277221e+04,-2.125394951786264974e-01,-2.125394951786264974e-01,9.999999999918605109e-01
2.106000000000000000e+03,1.323238825692020873e+04,-1.640770992680170015e-01,-1.640770992680170015e-01,9.999999999915315518e-01
2.114000000000000000e+03,1.328265373937764525e+04,-3.084352203422499258e-02,-3.084352203422499258e-02,9.999999999913992133e-01
2.122000000000000000e+03,1.333291922183508177e+04,-1.600123118346416795e-01,-1.600123118346416795e-01,9.999999999917065230e-01
2.131000000000000000e+03,1.338946788959969854e+04,2.083146981540237308e-01,-2.083146981540237308e-01,9.999999999916387994e-01
2.139000000000000000e+03,1.343973337205713506e+04,2.685374058526855401e-01,-2.685374058526855401e-01,9.999999999915157867e-01
2.147000000000000000e+03,1.348999885451457158e+04,4.071826785084708411e-01,-4.071826785084708411e-01,9.999999999916955318e-01
2.156000000000000000e+03,1.354654752227918834e+04,-1.561081635530848222e-01,-1.561081635530848222e-01,9.999999999915152316e-01
2.164000000000000000e+03,1.359681300473662486e+04,-3.300649079011021558e-01,-3.300649079011021558e-01,9.999999999913695703e-01
2.172000000000000000e+03,1.364707848719406138e+04,-3.323060582897464088e-01,-3.323060582897464088e-01,9.999999999915022419e-01
2.181000000000000000e+03,1.370362715495867815e+04,3.437715390921540770e-01,-3.437715390921540770e-01,9.999999999917151827e-01
2.189000000000000000e+03,1.375389263741611467e+04,2.834831035253013165e-01,-2.834831035253013165e-01,9.999999999912652093e-01
2.198000000000000000e+03,1.381044130518073143e+04,-3.954206981541611432e-01,-3.954206981541611432e-01,9.999999999912581039e-01
2.206000000000000000e+03,1.386070678763816795e+04,-4.236346967308731171e-01,-4.236346967308731171e-01,9.999999999914186422e-01
2.215000000000000000e+03,1.391725545540278290e+04,2.929545205929414142e-01,-2.929545205929414142e-01,9.999999999913322668e-01
2.224000000000000000e+03,1.397380412316739967e+04,-1.809626141618103645e-01,-1.809626141618103645e-01,9.999999999912404514e-01
2.232000000000000000e+03,1.402406960562483619e+04,-4.086241555380383250e-01,-4.086241555380383250e-01,9.999999999911720616e-01
2.241000000000000000e+03,1.408061827338945295e+04,3.008664006256789869e-01,-3.008664006256789869e-01,9.999999999912221327e-01
2.250000000000000000e+03,1.413716694115406972e+04,-1.529384737740913380e-01,-1.529384737740913380e-01,9.999999999912327908e-01
2.259000000000000000e+03,1.419371560891868467e+04,3.277758006089837028e-01,-3.277758006089837028e-01,9.999999999910970105e-01
2.267000000000000000e+03,1.424398109137612119e+04,3.127929393324748730e-01,-3.127929393324748730e-01,9.999999999912878579e-01
2.276000000000000000e+03,1.430052975914073795e+04,-1.355643512183575261e-01,-1.355643512183575261e-01,9.999999999910481607e-01
2.285000000000000000e+03,1.435707842690535472e+04,4.853037134045418838e-02,-4.853037134045418838e-02,9.999999999908540937e-01
2.294000000000000000e+03,1.441362709466997148e+04,-1.682793352019275879e-01,-1.682793352019275879e-01,9.999999999912996262e-01
2.303000000000000000e+03,1.447017576243458643e+04,1.984567902143413720e-01,-1.984567902143413720e-01,9.999999999915355486e-01
2.312000000000000000e+03,1.452672443019920320e+04,1.276081677205037346e-01,1.276081677205037346e-01,9.999999999908731896e-01
2.321000000000000000e+03,1.458327309796381996e+04,-2.112762208409950729e-02,2.112762208409950729e-02,9.999999999909806592e-01
2.330000000000000000e+03,1.463982176572843673e+04,-4.967439461605221984e-02,-4.967439461605221984e-02,9.999999999911577397e-01
2.339000000000000000e+03,1.469637043349305168e+04,-2.040610219489543964e-01,2.040610219489543964e-01,9.999999999910943460e-01
2.348000000000000000e+03,1.475291910125766844e+04,2.250847905542508950e-02,2.250847905542508950e-02,9.999999999909883197e-01
2.357000000000000000e+03,1.480946776902228521e+04,-1.182894855078357871e-01,1.182894855078357871e-01,9.999999999909429116e-01
2.366000000000000000e+03,1.486601643678690016e+04,2.189793709451758330e-01,2.189793709451758330e-01,9.999999999906479253e-01
2.375000000000000000e+03,1.492256510455151692e+04,-3.428456871733928657e-01,3.428456871733928657e-01,9.999999999907305259e-01
2.385000000000000000e+03,1.498539695762331394e+04,-2.645952306323143266e-01,2.645952306323143266e-01,9.999999999907918102e-01
2.394000000000000000e+03,1.504194562538792889e+04,1.961740930738051780e-01,1.961740930738051780e-01,9.999999999908688597e-01
2.403000000000000000e+03,1.509849429315254565e+04,-3.017088476502535199e-01,3.017088476502535199e-01,9.999999999905501147e-01
2.413000000000000000e+03,1.516132614622434085e+04,-4.362992976463048733e-01,4.362992976463048733e-01,9.999999999906289405e-01
2.422000000000000000e+03,1.521787481398895761e+04,3.190381541972062696e-01,3.190381541972062696e-01,9.999999999909762183e-01
2.432000000000000000e+03,1.528070666706075281e+04,4.500906182909729103e-01,4.500906182909729103e-01,9.999999999905019310e-01
2.441000000000000000e+03,1.533725533482536957e+04,-2.518139494429989522e-01,2.518139494429989522e-01,9.999999999906066250e-01
2.450000000000000000e+03,1.539380400258998634e+04,4.506045086382237108e-01,4.506045086382237108e-01,9.999999999906707959e-01
2.460000000000000000e+03,1.545663585566178153e+04,3.044758804277144515e-01,3.044758804277144515e-01,9.999999999903385062e-01
2.470000000000000000e+03,1.551946770873357855e+04,3.245810189411314495e-01,3.245810189411314495e-01,9.999999999906160619e-01
2.479000000000000000e+03,1.557601637649819349e+04,-3.815838409476293158e-01,3.815838409476293158e-01,9.999999999904957138e-01
2.489000000000000000e+03,1.563884822956999051e+04,-1.653046764298083393e-01,1.653046764298083393e-01,9.999999999900924808e-01
2.499000000000000000e+03,1.570168008264178570e+04,-2.018000787878010682e-01,2.018000787878010682e-01,9.999999999903598225e-01
2.508000000000000000e+03,1.575822875040640247e+04,3.702511220161385785e-01,3.702511220161385785e-01,9.999999999904303216e-01
2.518000000000000000e+03,1.582106060347819766e+04,1.534681025973758661e-01,1.534681025973758661e-01,9.999999999904044534e-01
2.528000000000000000e+03,1.588389245654999468e+04,-7.713759369855637156e-03,-7.713759369855637156e-03,9.999999999898424585e-01
2.538000000000000000e+03,1.594672430962178987e+04,1.677121417671787740e-01,1.677121417671787740e-01,9.999999999901422187e-01
2.548000000000000000e+03,1.600955616269358507e+04,5.449564329886955744e-02,5.449564329886955744e-02,9.999999999904441994e-01
2.557000000000000000e+03,1.606610483045820183e+04,1.182535865529555918e-01,-1.182535865529555918e-01,9.999999999900929248e-01
2.567000000000000000e+03,1.612893668352999703e+04,-1.033715798838200084e-01,1.033715798838200084e-01,9.999999999900224257e-01
2.577000000000000000e+03,1.619176853660179404e+04,1.007891816699591978e-02,-1.007891816699591978e-02,9.999999999899947811e-01
2.587000000000000000e+03,1.625460038967358923e+04,1.839160340676472549e-01,-1.839160340676472549e-01,9.999999999898658842e-01
2.597000000000000000e+03,1.631743224274538625e+04,1.920892387335906282e-01,-1.920892387335906282e-01,9.999999999903205206e-01
2.608000000000000000e+03,1.638654728112435987e+04,-1.064322346820328058e-01,-1.064322346820328058e-01,9.999999999898979697e-01
2.618000000000000000e+03,1.644937913419615506e+04,-3.381645402142743895e-01,-3.381645402142743895e-01,9.999999999897047909e-01
2.628000000000000000e+03,1.651221098726795390e+04,-1.519014674160912015e-01,-1.519014674160912015e-01,9.999999999900148762e-01
2.638000000000000000e+03,1.657504284033974909e+04,-2.026777020611643110e-01,-2.026777020611643110e-01,9.999999999900817116e-01
2.648000000000000000e+03,1.663787469341154429e+04,-4.807802413524935314e-01,-4.807802413524935314e-01,9.999999999897473124e-01
2.659000000000000000e+03,1.670698973179051973e+04,2.037513795015453710e-01,-2.037513795015453710e-01,9.999999999894977343e-01
2.669000000000000000e+03,1.676982158486231492e+04,3.066040320962116761e-01,-3.066040320962116761e-01,9.999999999897761782e-01
2.679000000000000000e+03,1.683265343793411012e+04,3.140614285569860442e-01,-3.140614285569860442e-01,9.999999999895914371e-01
2.690000000000000000e+03,1.690176847631308556e+04,-4.119058151112175992e-01,-4.119058151112175992e-01,9.999999999894679803e-01
2.700000000000000000e+03,1.696460032938488439e+04,-2.715480219097355374e-01,-2.715480219097355374e-01,9.999999999894191305e-01
2.711000000000000000e+03,1.703371536776385983e+04,3.275998655651615188e-01,-3.275998655651615188e-01,9.999999999894702007e-01
2.721000000000000000e+03,1.709654722083565503e+04,2.626390914448588076e-01,-2.626390914448588076e-01,9.999999999897930536e-01
2.732000000000000000e+03,1.716566225921463047e+04,-2.187678608237796363e-01,-2.187678608237796363e-01,9.999999999893994795e-01
2.743000000000000000e+03,1.723477729759360591e+04,3.149919100637683655e-01,-3.149919100637683655e-01,9.999999999892893454e-01
2.753000000000000000e+03,1.729760915066540110e+04,2.512495780249996424e-01,-2.512495780249996424e-01,9.999999999895692326e-01
2.764000000000000000e+03,1.736672418904437654e+04,-1.487195188960789283e-01,-1.487195188960789283e-01,9.999999999895216041e-01
2.775000000000000000e+03,1.743583922742335199e+04,9.000738892719320483e-02,-9.000738892719320483e-02,9.999999999893312008e-01
2.786000000000000000e+03,1.750495426580232743e+04,-2.038763712431006236e-01,-2.038763712431006236e-01,9.999999999891667768e-01
2.796000000000000000e+03,1.756778611887412262e+04,2.422705148867222713e-02,2.422705148867222713e-02,9.999999999892420499e-01
2.807000000000000000e+03,1.763690115725309806e+04,-6.712797133069352273e-02,6.712797133069352273e-02,9.999999999893852687e-01
2.818000000000000000e+03,1.770601619563207350e+04,-1.292120615020117547e-01,-1.292120615020117547e-01,9.999999999891582281e-01
2.829000000000000000e+03,1.777513123401104895e+04,-1.680379514841604249e-01,1.680379514841604249e-01,9.999999999888629088e-01
2.840000000000000000e+03,1.784424627239002439e+04,7.045298720023983330e-02,7.045298720023983330e-02,9.999999999893667280e-01
2.851000000000000000e+03,1.791336131076899983e+04,-1.582216406170643408e-01,1.582216406170643408e-01,9.999999999892810187e-01
2.862000000000000000e+03,1.798247634914797527e+04,3.967652258104427121e-01,3.967652258104427121e-01,9.999999999890628599e-01
2.874000000000000000e+03,1.805787457283413096e+04,8.607941082371206587e-02,8.607941082371206587e-02,9.999999999891990843e-01
2.885000000000000000e+03,1.812698961121310640e+04,-3.567366410438155278e-01,3.567366410438155278e-01,9.999999999890332170e-01
2.896000000000000000e+03,1.819610464959208184e+04,4.031710449228758653e-01,4.031710449228758653e-01,9.999999999889096491e-01
2.907000000000000000e+03,1.826521968797105728e+04,-3.176122436643023517e-01,3.176122436643023517e-01,9.999999999888256053e-01
2.918000000000000000e+03,1.833433472635003272e+04,3.189994576234921331e-01,3.189994576234921331e-01,9.999999999888221636e-01
2.930000000000000000e+03,1.840973295003618841e+04,3.825524331576140580e-01,3.825524331576140580e-01,9.999999999890705205e-01
2.941000000000000000e+03,1.847884798841516385e+04,-2.712968103341767967e-01,2.712968103341767967e-01,9.999999999889551683e-01
2.953000000000000000e+03,1.855424621210131954e+04,-4.968893077488982790e-01,4.968893077488982790e-01,9.999999999883775192e-01
2.964000000000000000e+03,1.862336125048029498e+04,2.828644341518601890e-01,2.828644341518601890e-01,9.999999999887918545e-01
2.976000000000000000e+03,1.869875947416644703e+04,3.672269829227111648e-01,3.672269829227111648e-01,9.999999999885844648e-01
2.987000000000000000e+03,1.876787451254542248e+04,-1.619044952302265417e-01,1.619044952302265417e-01,9.999999999885261781e-01
2.999000000000000000e+03,1.884327273623157816e+04,-2.351164779017315132e-01,2.351164779017315132e-01,9.999999999884650048e-01
3.011000000000000000e+03,1.891867095991773385e+04,-1.710717494045192189e-01,1.710717494045192189e-01,9.999999999884658930e-01
3.022000000000000000e+03,1.898778599829670929e+04,1.879874623630925501e-01,1.879874623630925501e-01,9.999999999888334878e-01
3.034000000000000000e+03,1.906318422198286498e+04,4.034996212241023783e-02,4.034996212241023783e-02,9.999999999881024060e-01
3.046000000000000000e+03,1.913858244566902067e+04,-6.042644019272258582e-02,-6.042644019272258582e-02,9.999999999883587565e-01
3.058000000000000000e+03,1.921398066935517636e+04,3.299267453249863508e-02,3.299267453249863508e-02,9.999999999883697477e-01
3.070000000000000000e+03,1.928937889304132841e+04,-1.844769182818304654e-01,-1.844769182818304654e-01,9.999999999883031343e-01
3.082000000000000000e+03,1.936477711672748410e+04,-1.130133956731957517e-01,-1.130133956731957517e-01,9.999999999880794244e-01
3.094000000000000000e+03,1.944017534041363979e+04,-1.863708855190175095e-01,-1.863708855190175095e-01,9.999999999884131574e-01
3.106000000000000000e+03,1.951557356409979548e+04,-1.786848137203665143e-01,-1.786848137203665143e-01,9.999999999881865609e-01
3.118000000000000000e+03,1.959097178778595116e+04,-2.048906932671490932e-01,-2.048906932671490932e-01,9.999999999883175672e-01
3.130000000000000000e+03,1.966637001147210322e+04,-4.049139839301644783e-01,-4.049139839301644783e-01,9.999999999879958246e-01
3.142000000000000000e+03,1.974176823515825890e+04,-4.194160023657422243e-01,-4.194160023657422243e-01,9.999999999884761070e-01
3.154000000000000000e+03,1.981716645884441459e+04,-1.308557241684304429e-01,-1.308557241684304429e-01,9.999999999879505275e-01
3.167000000000000000e+03,1.989884786783775053e+04,5.169919134112296311e-01,-5.169919134112296311e-01,9.999999999879471968e-01
3.179000000000000000e+03,1.997424609152390622e+04,1.917748178963882000e-01,-1.917748178963882000e-01,9.999999999881540313e-01
3.191000000000000000e+03,2.004964431521005827e+04,5.153553775410347759e-01,-5.153553775410347759e-01,9.999999999879936041e-01
3.204000000000000000e+03,2.013132572420339420e+04,-1.476961635898573766e-01,-1.476961635898573766e-01,9.999999999877200452e-01
3.216000000000000000e+03,2.020672394788954989e+04,-2.646418398072787337e-01,-2.646418398072787337e-01,9.999999999878464996e-01
3.229000000000000000e+03,2.028840535688288219e+04,3.295032842370687609e-01,-3.295032842370687609e-01,9.999999999879275459e-01
3.241000000000000000e+03,2.036380358056903788e+04,1.396685247021193788e-01,-1.396685247021193788e-01,9.999999999877291490e-01
3.254000000000000000e+03,2.044548498956237381e+04,-1.595824605468594282e-01,-1.595824605468594282e-01,9.999999999875286427e-01
3.266000000000000000e+03,2.052088321324852950e+04,-2.088682871526691687e-01,-2.088682871526691687e-01,9.999999999878399493e-01
3.279000000000000000e+03,2.060256462224186180e+04,5.112741908558763454e-02,-5.112741908558763454e-02,9.999999999875842649e-01
3.292000000000000000e+03,2.068424603123519773e+04,1.576706270845013025e-02,1.576706270845013025e-02,9.999999999875396339e-01
3.305000000000000000e+03,2.076592744022853367e+04,-7.507557505227908934e-02,7.507557505227908934e-02,9.999999999875227585e-01
3.318000000000000000e+03,2.084760884922186597e+04,1.485952249540096193e-01,1.485952249540096193e-01,9.999999999876181267e-01
3.331000000000000000e+03,2.092929025821520190e+04,-5.957665171440913732e-02,5.957665171440913732e-02,9.999999999874848999e-01
3.343000000000000000e+03,2.100468848190135759e+04,-2.698374626503704521e-01,2.698374626503704521e-01,9.999999999872896117e-01
3.356000000000000000e+03,2.108636989089468989e+04,2.725897670202403478e-01,2.725897670202403478e-01,9.999999999877067225e-01
3.370000000000000000e+03,2.117433448519520607e+04,3.491087643251046813e-01,3.491087643251046813e-01,9.999999999871366230e-01
3.383000000000000000e+03,2.125601589418854201e+04,-2.559481732148950472e-01,2.559481732148950472e-01,9.999999999875067713e-01
3.396000000000000000e+03,2.133769730318187430e+04,1.868709717194811382e-01,1.868709717194811382e-01,9.999999999874240597e-01
3.409000000000000000e+03,2.141937871217521024e+04,-4.974140981443094245e-01,4.974140981443094245e-01,9.999999999873733225e-01
3.422000000000000000e+03,2.150106012116854254e+04,2.277431673844573234e-01,2.277431673844573234e-01,9.999999999872339895e-01
3.436000000000000000e+03,2.158902471546905872e+04,3.132524021618544596e-01,3.132524021618544596e-01,9.999999999875746060e-01
3.449000000000000000e+03,2.167070612446239465e+04,-3.261149479400045625e-01,3.261149479400045625e-01,9.999999999873107059e-01
3.462000000000000000e+03,2.175238753345572695e+04,2.745215291084168174e-01,2.745215291084168174e-01,9.999999999871946876e-01
3.476000000000000000e+03,2.184035212775624314e+04,2.395651184814302503e-01,2.395651184814302503e-01,9.999999999872910550e-01
3.489000000000000000e+03,2.192203353674957543e+04,-1.100831924981310606e-01,1.100831924981310606e-01,9.999999999874579215e-01
3.503000000000000000e+03,2.200999813105009162e+04,-2.590250995267670553e-01,2.590250995267670553e-01,9.999999999868233180e-01
3.517000000000000000e+03,2.209796272535060416e+04,5.210883219626487491e-03,-5.210883219626487491e-03,9.999999999871777012e-01
3.530000000000000000e+03,2.217964413434394010e+04,-1.781416525568953017e-03,-1.781416525568953017e-03,9.999999999870986533e-01
3.544000000000000000e+03,2.226760872864445264e+04,8.477264660309347111e-02,8.477264660309347111e-02,9.999999999868779410e-01
3.558000000000000000e+03,2.235557332294496882e+04,-5.948403897626013820e-02,-5.948403897626013820e-02,9.999999999870010647e-01
3.572000000000000000e+03,2.244353791724548137e+04,-1.339926414975703972e-01,-1.339926414975703972e-01,9.999999999868570688e-01
3.586000000000000000e+03,2.253150251154599755e+04,-2.425911376565722533e-01,-2.425911376565722533e-01,9.999999999869084721e-01
3.600000000000000000e+03,2.261946710584651009e+04,-1.828653403195534821e-01,-1.828653403195534821e-01,9.999999999868525169e-01
3.614000000000000000e+03,2.270743170014702628e+04,-3.287991948932355579e-01,-3.287991948932355579e-01,9.999999999868151024e-01
3.628000000000000000e+03,2.279539629444753882e+04,-2.491256829099475767e-01,-2.491256829099475767e-01,9.999999999866241440e-01
3.642000000000000000e+03,2.288336088874805137e+04,-3.671422436436025394e-01,-3.671422436436025394e-01,9.999999999867158484e-01
3.656000000000000000e+03,2.297132548304856755e+04,-4.423462730938211296e-01,-4.423462730938211296e-01,9.999999999865455402e-01
3.670000000000000000e+03,2.305929007734908009e+04,-2.989859870353163140e-01,-2.989859870353163140e-01,9.999999999862878575e-01
3.684000000000000000e+03,2.314725467164959628e+04,-4.694422403238069363e-01,-4.694422403238069363e-01,9.999999999866915346e-01
3.699000000000000000e+03,2.324150245125728907e+04,5.944462534531366749e-02,-5.944462534531366749e-02,9.999999999863232736e-01
3.713000000000000000e+03,2.332946704555780525e+04,4.764617942396993655e-01,-4.764617942396993655e-01,9.999999999865005762e-01
3.728000000000000000e+03,2.342371482516549804e+04,-1.167740298113530417e-01,-1.167740298113530417e-01,9.999999999865144540e-01
3.742000000000000000e+03,2.351167941946601059e+04,-2.212252960646928224e-01,-2.212252960646928224e-01,9.999999999865895051e-01
3.757000000000000000e+03,2.360592719907370702e+04,2.897649154033950236e-02,-2.897649154033950236e-02,9.999999999864550571e-01
3.771000000000000000e+03,2.369389179337421956e+04,1.948181717414403380e-01,-1.948181717414403380e-01,9.999999999862793088e-01
3.786000000000000000e+03,2.378813957298191235e+04,1.804451602869384941e-02,1.804451602869384941e-02,9.999999999863264932e-01
3.801000000000000000e+03,2.388238735258960878e+04,-8.689501049484665840e-02,8.689501049484665840e-02,9.999999999861702848e-01
3.815000000000000000e+03,2.397035194689012133e+04,-1.372966943777701176e-01,1.372966943777701176e-01,9.999999999863881106e-01
3.830000000000000000e+03,2.406459972649781412e+04,1.012864633821295018e-01,1.012864633821295018e-01,9.999999999860004207e-01
3.845000000000000000e+03,2.415884750610551055e+04,-2.928214375385788659e-01,2.928214375385788659e-01,9.999999999859943145e-01
3.860000000000000000e+03,2.425309528571320334e+04,2.635558214132140975e-01,2.635558214132140975e-01,9.999999999862334565e-01
3.875000000000000000e+03,2.434734306532089613e+04,-2.581733630810726932e-01,2.581733630810726932e-01,9.999999999857883681e-01
3.890000000000000000e+03,2.444159084492858892e+04,4.836625784300572772e-01,4.836625784300572772e-01,9.999999999860619271e-01
3.905000000000000000e+03,2.453583862453628535e+04,-2.847488571556671122e-01,2.847488571556671122e-01,9.999999999861046707e-01
3.921000000000000000e+03,2.463636958945115839e+04,-3.953135653629036295e-01,3.953135653629036295e-01,9.999999999857389632e-01
3.936000000000000000e+03,2.473061736905885118e+04,2.654773099734060171e-01,2.654773099734060171e-01,9.999999999860638145e-01
3.951000000000000000e+03,2.482486514866654397e+04,-4.671649328234286358e-01,4.671649328234286358e-01,9.999999999857475119e-01
3.967000000000000000e+03,2.492539611358141701e+04,-1.290551865068911008e-01,1.290551865068911008e-01,9.999999999856259425e-01
3.982000000000000000e+03,2.501964389318911344e+04,1.996891836229870432e-01,1.996891836229870432e-01,9.999999999858003585e-01
3.998000000000000000e+03,2.512017485810398648e+04,6.416848522823247192e-02,6.416848522823247192e-02,9.999999999853994570e-01
4.013000000000000000e+03,2.521442263771167927e+04,-1.209697298189020415e-01,1.209697298189020415e-01,9.999999999856410415e-01
4.029000000000000000e+03,2.531495360262655231e+04,1.695833571280442598e-01,-1.695833571280442598e-01,9.999999999854212174e-01
4.044000000000000000e+03,2.540920138223424510e+04,1.912439910047181169e-01,1.912439910047181169e-01,9.999999999853627086e-01
4.060000000000000000e+03,2.550973234714912178e+04,-2.070070315056237176e-01,-2.070070315056237176e-01,9.999999999856765687e-01
4.076000000000000000e+03,2.561026331206399482e+04,-1.812793538354162681e-01,-1.812793538354162681e-01,9.999999999851889587e-01
4.092000000000000000e+03,2.571079427697886786e+04,-2.184948677792280525e-01,-2.184948677792280525e-01,9.999999999850681665e-01
4.108000000000000000e+03,2.581132524189374089e+04,-2.457276174167256910e-01,-2.457276174167256910e-01,9.999999999855971877e-01
4.124000000000000000e+03,2.591185620680861393e+04,-4.942860369394576070e-01,-4.942860369394576070e-01,9.999999999848195875e-01
4.140000000000000000e+03,2.601238717172348697e+04,-2.776580215502955640e-01,-2.776580215502955640e-01,9.999999999853196320e-01
4.156000000000000000e+03,2.611291813663836001e+04,-2.846054563538809590e-01,-2.846054563538809590e-01,9.999999999852096089e-01
4.172000000000000000e+03,2.621344910155323305e+04,-3.620848243347074558e-01,-3.620848243347074558e-01,9.999999999849181753e-01
4.188000000000000000e+03,2.631398006646810609e+04,-2.966446453501669356e-01,-2.966446453501669356e-01,9.999999999851095778e-01
4.205000000000000000e+03,2.642079421669015937e+04,3.990805618758805351e-01,-3.990805618758805351e-01,9.999999999852137167e-01
4.221000000000000000e+03,2.652132518160503241e+04,2.254152279331511632e-01,-2.254152279331511632e-01,9.999999999849302768e-01
4.237000000000000000e+03,2.662185614651990545e+04,1.323114814500452041e-01,-1.323114814500452041e-01,9.999999999852258181e-01
4.254000000000000000e+03,2.672867029674195874e+04,-2.282310322729659002e-01,-2.282310322729659002e-01,9.999999999846987953e-01
4.270000000000000000e+03,2.682920126165683178e+04,8.889620797295733068e-02,8.889620797295733068e-02,9.999999999848233623e-01
4.287000000000000000e+03,2.693601541187888506e+04,-6.676982975704680301e-02,6.676982975704680301e-02,9.999999999848118160e-01
4.304000000000000000e+03,2.704282956210093835e+04,1.523895826008702103e-01,1.523895826008702103e-01,9.999999999846490573e-01
4.320000000000000000e+03,2.714336052701581139e+04,2.131158700485371454e-02,2.131158700485371454e-02,9.999999999846960197e-01
4.337000000000000000e+03,2.725017467723786467e+04,-4.631809613098924472e-01,4.631809613098924472e-01,9.999999999843006693e-01
4.354000000000000000e+03,2.735698882745991796e+04,1.927004376005196917e-01,1.927004376005196917e-01,9.999999999847550836e-01
4.371000000000000000e+03,2.746380297768197124e+04,-3.005619174364205781e-01,3.005619174364205781e-01,9.999999999844038090e-01
4.388000000000000000e+03,2.757061712790402453e+04,2.795454366597449058e-01,2.795454366597449058e-01,9.999999999841963083e-01
4.405000000000000000e+03,2.767743127812607781e+04,-3.014778742409520707e-01,3.014778742409520707e-01,9.999999999845976539e-01
4.422000000000000000e+03,2.778424542834813110e+04,2.523839488668525588e-01,2.523839488668525588e-01,9.999999999839478404e-01
4.439000000000000000e+03,2.789105957857018439e+04,-4.034178057246302074e-01,4.034178057246302074e-01,9.999999999843665055e-01
4.457000000000000000e+03,2.800415691409941428e+04,-1.724735174884708261e-02,1.724735174884708261e-02,9.999999999840775144e-01
4.474000000000000000e+03,2.811097106432146757e+04,2.451526821752685048e-01,2.451526821752685048e-01,9.999999999841976406e-01
4.492000000000000000e+03,2.822406839985070110e+04,2.897600691894052782e-01,2.897600691894052782e-01,9.999999999840113452e-01
4.509000000000000000e+03,2.833088255007275438e+04,7.080051937870476819e-02,-7.080051937870476819e-02,9.999999999840418763e-01
4.527000000000000000e+03,2.844397988560198792e+04,7.665205347512871192e-02,-7.665205347512871192e-02,9.999999999844380039e-01
4.544000000000000000e+03,2.855079403582404120e+04,-6.468598119832368043e-02,-6.468598119832368043e-02,9.999999999837811959e-01
4.562000000000000000e+03,2.866389137135327110e+04,-1.101680469692234432e-01,-1.101680469692234432e-01,9.999999999841689968e-01
4.580000000000000000e+03,2.877698870688250463e+04,-4.271009754488959143e-01,-4.271009754488959143e-01,9.999999999840408771e-01
4.597000000000000000e+03,2.888380285710455792e+04,2.605026238906034131e-01,-2.605026238906034131e-01,9.999999999836673981e-01
4.615000000000000000e+03,2.899690019263379145e+04,4.543622441291144121e-01,-4.543622441291144121e-01,9.999999999839187526e-01
4.633000000000000000e+03,2.910999752816302134e+04,2.834088849354426953e-01,-2.834088849354426953e-01,9.999999999836636233e-01
4.651000000000000000e+03,2.922309486369225488e+04,4.167778968167198395e-01,-4.167778968167198395e-01,9.999999999839204179e-01
4.669000000000000000e+03,2.933619219922148841e+04,4.396747482072824731e-01,-4.396747482072824731e-01,9.999999999835722519e-01
4.688000000000000000e+03,2.945557272005789855e+04,-1.759286164275858655e-01,-1.759286164275858655e-01,9.999999999836381992e-01
4.706000000000000000e+03,2.956867005558713208e+04,-3.673993990439256563e-01,-3.673993990439256563e-01,9.999999999836699516e-01
4.724000000000000000e+03,2.968176739111636562e+04,-1.688290636906348841e-01,-1.688290636906348841e-01,9.999999999832933639e-01
4.742000000000000000e+03,2.979486472664559915e+04,1.419310507009345981e-02,1.419310507009345981e-02,9.999999999836075570e-01
4.761000000000000000e+03,2.991424524748200929e+04,5.309310573805578817e-03,-5.309310573805578817e-03,9.999999999831844510e-01
4.779000000000000000e+03,3.002734258301124282e+04,-4.069745016085985455e-03,4.069745016085985455e-03,9.999999999838736775e-01
4.798000000000000000e+03,3.014672310384765296e+04,1.385618940296400037e-01,1.385618940296400037e-01,9.999999999833530939e-01
4.817000000000000000e+03,3.026610362468406674e+04,-2.590554286265421280e-01,2.590554286265421280e-01,9.999999999833444342e-01
4.835000000000000000e+03,3.037920096021330028e+04,-3.196126175809176351e-01,3.196126175809176351e-01,9.999999999835771369e-01
4.854000000000000000e+03,3.049858148104971042e+04,3.633730237909637562e-01,3.633730237909637562e-01,9.999999999832772657e-01
4.873000000000000000e+03,3.061796200188612420e+04,-2.746617738754847937e-01,2.746617738754847937e-01,9.999999999836508557e-01
4.892000000000000000e+03,3.073734252272253434e+04,3.345241964654927513e-01,3.345241964654927513e-01,9.999999999831435948e-01
4.911000000000000000e+03,3.085672304355894812e+04,-3.158710005651290120e-01,3.158710005651290120e-01,9.999999999832674957e-01
4.930000000000000000e+03,3.097610356439536190e+04,2.963022257231034406e-01,2.963022257231034406e-01,9.999999999832523967e-01
4.950000000000000000e+03,3.110176727053895229e+04,2.067698884217359090e-01,2.067698884217359090e-01,9.999999999835196274e-01
4.969000000000000000e+03,3.122114779137536243e+04,-1.318476677911899764e-01,1.318476677911899764e-01,9.999999999829447539e-01
4.988000000000000000e+03,3.134052831221177621e+04,9.171646050759779678e-02,9.171646050759779678e-02,9.999999999832233089e-01
5.008000000000000000e+03,3.146619201835536660e+04,-9.054673777707494819e-02,-9.054673777707494819e-02,9.999999999830109232e-01
5.027000000000000000e+03,3.158557253919178038e+04,1.533588536635939192e-01,-1.533588536635939192e-01,9.999999999830539998e-01
5.047000000000000000e+03,3.171123624533537077e+04,1.803884252238073804e-01,-1.803884252238073804e-01,9.999999999829836117e-01
5.066000000000000000e+03,3.183061676617178455e+04,-3.000185455059336537e-01,-3.000185455059336537e-01,9.999999999827168251e-01
5.086000000000000000e+03,3.195628047231537494e+04,-5.571833679338938916e-02,-5.571833679338938916e-02,9.999999999828165231e-01
5.106000000000000000e+03,3.208194417845896896e+04,-3.614138333744857379e-01,-3.614138333744857379e-01,9.999999999828486086e-01
5.126000000000000000e+03,3.220760788460255935e+04,-4.039846238364962483e-01,-4.039846238364962483e-01,9.999999999829293218e-01
5.146000000000000000e+03,3.233327159074614974e+04,-2.618575303856792713e-01,-2.618575303856792713e-01,9.999999999825743835e-01
5.166000000000000000e+03,3.245893529688974377e+04,-2.717551601672695272e-01,-2.717551601672695272e-01,9.999999999825719410e-01
5.186000000000000000e+03,3.258459900303333416e+04,-2.490248973295326462e-01,-2.490248973295326462e-01,9.999999999825075481e-01
5.206000000000000000e+03,3.271026270917692455e+04,-1.867375698273563422e-01,-1.867375698273563422e-01,9.999999999826859609e-01
5.226000000000000000e+03,3.283592641532051493e+04,-7.534715861594332154e-02,-7.534715861594332154e-02,9.999999999827052788e-01
5.246000000000000000e+03,3.296159012146411260e+04,-1.146473475986749951e-01,-1.146473475986749951e-01,9.999999999827522412e-01
5.267000000000000000e+03,3.309353701291487960e+04,-1.139277999076890452e-01,1.139277999076890452e-01,9.999999999822840602e-01
5.287000000000000000e+03,3.321920071905846999e+04,-2.019122429255848505e-01,2.019122429255848505e-01,9.999999999827043906e-01
5.308000000000000000e+03,3.335114761050924426e+04,2.645354530761374057e-01,2.645354530761374057e-01,9.999999999822120067e-01
5.329000000000000000e+03,3.348309450196001853e+04,-3.681029407624685224e-01,3.681029407624685224e-01,9.999999999824268349e-01
5.349000000000000000e+03,3.360875820810360892e+04,-2.110022602504479927e-01,2.110022602504479927e-01,9.999999999824643604e-01
5.370000000000000000e+03,3.374070509955437592e+04,4.027847031337803418e-01,4.027847031337803418e-01,9.999999999822827279e-01
5.391000000000000000e+03,3.387265199100515019e+04,-3.378380724269542945e-01,3.378380724269542945e-01,9.999999999821653773e-01
5.412000000000000000e+03,3.400459888245591719e+04,1.700549904220014785e-01,1.700549904220014785e-01,9.999999999821486130e-01
5.433000000000000000e+03,3.413654577390669147e+04,-4.291267151118665080e-01,4.291267151118665080e-01,9.999999999820136098e-01
5.454000000000000000e+03,3.426849266535746574e+04,-1.697535141258927835e-02,-1.697535141258927835e-02,9.999999999820066154e-01
5.475000000000000000e+03,3.440043955680823274e+04,-7.660683706115967162e-02,7.660683706115967162e-02,9.999999999819511043e-01
5.497000000000000000e+03,3.453866963356618362e+04,9.611665172110632482e-02,-9.611665172110632482e-02,9.999999999823655505e-01
5.518000000000000000e+03,3.467061652501695789e+04,-5.565341455896652412e-02,-5.565341455896652412e-02,9.999999999818289798e-01
5.540000000000000000e+03,3.480884660177490878e+04,-1.811478940103603830e-01,-1.811478940103603830e-01,9.999999999819214613e-01
5.561000000000000000e+03,3.494079349322567577e+04,2.235162480962996079e-01,-2.235162480962996079e-01,9.999999999815633034e-01
5.583000000000000000e+03,3.507902356998362666e+04,1.516930987367074990e-01,-1.516930987367074990e-01,9.999999999818107721e-01
5.604000000000000000e+03,3.521097046143440093e+04,-4.542119905131845603e-01,-4.542119905131845603e-01,9.999999999814543905e-01
5.626000000000000000e+03,3.534920053819235181e+04,-2.182852083594827297e-01,-2.182852083594827297e-01,9.999999999818059981e-01
5.648000000000000000e+03,3.548743061495030270e+04,-4.254601835924000652e-01,-4.254601835924000652e-01,9.999999999818142138e-01
5.670000000000000000e+03,3.562566069170825358e+04,-2.136989309477898835e-01,-2.136989309477898835e-01,9.999999999817259511e-01
5.692000000000000000e+03,3.576389076846620446e+04,-1.188491742838526655e-01,-1.188491742838526655e-01,9.999999999813664608e-01
5.714000000000000000e+03,3.590212084522415535e+04,-6.140959344744326837e-02,-6.140959344744326837e-02,9.999999999813242724e-01
5.737000000000000000e+03,3.604663410728928284e+04,6.986184257411000818e-03,-6.986184257411000818e-03,9.999999999813024010e-01
5.759000000000000000e+03,3.618486418404723372e+04,1.062582157487821505e-02,-1.062582157487821505e-02,9.999999999811455265e-01
5.781000000000000000e+03,3.632309426080518460e+04,-3.797818557073879830e-01,3.797818557073879830e-01,9.999999999811765017e-01
5.804000000000000000e+03,3.646760752287031937e+04,1.838181955562953052e-01,1.838181955562953052e-01,9.999999999811922669e-01
5.826000000000000000e+03,3.660583759962827025e+04,3.647293052268547608e-01,3.647293052268547608e-01,9.999999999815085694e-01
5.849000000000000000e+03,3.675035086169339775e+04,-1.905443093185551495e-01,1.905443093185551495e-01,9.999999999810478268e-01
5.872000000000000000e+03,3.689486412375853251e+04,3.673853566935042503e-01,3.673853566935042503e-01,9.999999999811522988e-01
5.895000000000000000e+03,3.703937738582366001e+04,-1.615633479406030637e-01,1.615633479406030637e-01,9.999999999810624818e-01
5.918000000000000000e+03,3.718389064788879477e+04,4.225280344672562305e-01,4.225280344672562305e-01,9.999999999813790064e-01
5.941000000000000000e+03,3.732840390995392227e+04,-9.419748279354173137e-02,9.419748279354173137e-02,9.999999999811001183e-01
5.964000000000000000e+03,3.747291717201904976e+04,-7.506255635622592626e-02,-7.506255635622592626e-02,9.999999999813853346e-01
5.987000000000000000e+03,3.761743043408418453e+04,5.542781885621932830e-02,-5.542781885621932830e-02,9.999999999809313644e-01
6.010000000000000000e+03,3.776194369614931202e+04,6.077671277866356775e-02,6.077671277866356775e-02,9.999999999808857343e-01
6.034000000000000000e+03,3.791274014352162339e+04,-1.668789071744380959e-01,-1.668789071744380959e-01,9.999999999808787399e-01
6.057000000000000000e+03,3.805725340558675089e+04,4.001201741517425581e-01,-4.001201741517425581e-01,9.999999999806394868e-01
6.081000000000000000e+03,3.820804985295906226e+04,2.433930655237790119e-01,-2.433930655237790119e-01,9.999999999807268614e-01
6.104000000000000000e+03,3.835256311502419703e+04,-3.102218289321576061e-01,-3.102218289321576061e-01,9.999999999806525874e-01
6.128000000000000000e+03,3.850335956239650113e+04,-1.343821124780047727e-01,-1.343821124780047727e-01,9.999999999808426576e-01
6.152000000000000000e+03,3.865415600976881251e+04,-3.983383109795895494e-01,-3.983383109795895494e-01,9.999999999805123663e-01
6.176000000000000000e+03,3.880495245714112389e+04,6.181029577668067237e-02,6.181029577668067237e-02,9.999999999805683215e-01
6.200000000000000000e+03,3.895574890451343526e+04,-1.075781097436606520e-01,-1.075781097436606520e-01,9.999999999804709550e-01
6.224000000000000000e+03,3.910654535188574664e+04,-1.069727226832118544e-01,-1.069727226832118544e-01,9.999999999803982353e-01
6.248000000000000000e+03,3.925734179925805802e+04,-5.235443087586044014e-02,-5.235443087586044014e-02,9.999999999807018813e-01
6.273000000000000000e+03,3.941442143193754600e+04,-2.919947027559456898e-01,2.919947027559456898e-01,9.999999999804676243e-01
6.297000000000000000e+03,3.956521787930985738e+04,-2.709220450056921137e-01,2.709220450056921137e-01,9.999999999805514461e-01
6.322000000000000000e+03,3.972229751198934537e+04,3.458800960969286020e-01,3.458800960969286020e-01,9.999999999801646444e-01
6.346000000000000000e+03,3.987309395936165674e+04,1.194338606986873330e-01,1.194338606986873330e-01,9.999999999804072282e-01
6.371000000000000000e+03,4.003017359204114473e+04,-3.487714756407362393e-01,3.487714756407362393e-01,9.999999999805729844e-01
6.396000000000000000e+03,4.018725322472063272e+04,3.092097550170922471e-01,3.092097550170922471e-01,9.999999999802374751e-01
6.421000000000000000e+03,4.034433285740012070e+04,-3.627989335496401013e-01,3.627989335496401013e-01,9.999999999802934303e-01
6.446000000000000000e+03,4.050141249007961596e+04,-2.673851955126380769e-02,-2.673851955126380769e-02,9.999999999799039641e-01
6.471000000000000000e+03,4.065849212275910395e+04,-1.312945403475053452e-01,1.312945403475053452e-01,9.999999999802180461e-01
6.496000000000000000e+03,4.081557175543859194e+04,-9.470397147810892535e-02,-9.470397147810892535e-02,9.999999999801110206e-01
6.521000000000000000e+03,4.097265138811807992e+04,4.387365412516698593e-02,-4.387365412516698593e-02,9.999999999800747164e-01
6.546000000000000000e+03,4.112973102079756791e+04,-5.564886450643838911e-01,-5.564886450643838911e-01,9.999999999801566508e-01
6.572000000000000000e+03,4.129309383878423978e+04,-4.347812565461346423e-01,-4.347812565461346423e-01,9.999999999797980488e-01
6.597000000000000000e+03,4.145017347146372776e+04,4.979125565431115064e-01,-4.979125565431115064e-01,9.999999999797192229e-01
6.623000000000000000e+03,4.161353628945039964e+04,1.762208873871233816e-01,-1.762208873871233816e-01,9.999999999797122285e-01
6.649000000000000000e+03,4.177689910743707151e+04,8.067570483401512171e-02,-8.067570483401512171e-02,9.999999999795368133e-01
6.675000000000000000e+03,4.194026192542373610e+04,5.552787554345953169e-02,-5.552787554345953169e-02,9.999999999799130679e-01
6.701000000000000000e+03,4.210362474341040797e+04,7.399282636763625243e-02,-7.399282636763625243e-02,9.999999999797679617e-01
6.727000000000000000e+03,4.226698756139707984e+04,-1.159975824049685883e-01,1.159975824049685883e-01,9.999999999796713723e-01
6.753000000000000000e+03,4.243035037938374444e+04,-1.307990468923217464e-01,1.307990468923217464e-01,9.999999999796614913e-01
6.779000000000000000e+03,4.259371319737041631e+04,-3.555488370835609979e-01,3.555488370835609979e-01,9.999999999794806360e-01
6.806000000000000000e+03,4.276335920066426479e+04,2.320685917175579205e-01,2.320685917175579205e-01,9.999999999794316752e-01
6.832000000000000000e+03,4.292672201865093666e+04,2.850582026948052516e-01,2.850582026948052516e-01,9.999999999794347838e-01
6.859000000000000000e+03,4.309636802194478514e+04,-2.314341551517632434e-01,2.314341551517632434e-01,9.999999999793530714e-01
6.885000000000000000e+03,4.325973083993144974e+04,-1.970331749521082865e-01,1.970331749521082865e-01,9.999999999795401440e-01
6.912000000000000000e+03,4.342937684322529822e+04,2.919728557108122735e-01,2.919728557108122735e-01,9.999999999793837135e-01
6.939000000000000000e+03,4.359902284651914670e+04,-7.518869551414769647e-02,7.518869551414769647e-02,9.999999999790847305e-01
6.966000000000000000e+03,4.376866884981299518e+04,6.171465751813501321e-02,6.171465751813501321e-02,9.999999999789709326e-01
6.993000000000000000e+03,4.393831485310684366e+04,1.726332223853043191e-01,-1.726332223853043191e-01,9.999999999788464766e-01
7.020000000000000000e+03,4.410796085640069214e+04,-2.289288806836752288e-01,-2.289288806836752288e-01,9.999999999787400062e-01
7.048000000000000000e+03,4.428389004500172450e+04,-3.343756005346429361e-01,-3.343756005346429361e-01,9.999999999789151994e-01
7.075000000000000000e+03,4.445353604829557298e+04,2.365299171567841197e-01,-2.365299171567841197e-01,9.999999999784972005e-01
7.103000000000000000e+03,4.462946523689659807e+04,2.245722922070346184e-01,-2.245722922070346184e-01,9.999999999786169935e-01
7.130000000000000000e+03,4.479911124019044655e+04,-2.433548129461597098e-01,-2.433548129461597098e-01,9.999999999788855565e-01
7.158000000000000000e+03,4.497504042879147892e+04,-2.677670666874957250e-01,-2.677670666874957250e-01,9.999999999786407523e-01
7.186000000000000000e+03,4.515096961739250401e+04,-2.369272544087612509e-01,-2.369272544087612509e-01,9.999999999788621308e-01
7.214000000000000000e+03,4.532689880599353637e+04,-1.667648112679522704e-02,-1.667648112679522704e-02,9.999999999787843041e-01
7.242000000000000000e+03,4.550282799459456146e+04,2.090781784103137031e-01,2.090781784103137031e-01,9.999999999785078586e-01
7.270000000000000000e+03,4.567875718319559383e+04,2.207882204880383947e-01,2.207882204880383947e-01,9.999999999783346638e-01
7.298000000000000000e+03,4.585468637179661891e+04,3.658578463886003607e-01,3.658578463886003607e-01,9.999999999785679217e-01
7.327000000000000000e+03,4.603689874570482789e+04,-3.644224646704926629e-01,3.644224646704926629e-01,9.999999999783051319e-01
7.355000000000000000e+03,4.621282793430586025e+04,-2.965829418392751382e-01,2.965829418392751382e-01,9.999999999782684945e-01
7.384000000000000000e+03,4.639504030821406195e+04,1.099217872492739279e-01,1.099217872492739279e-01,9.999999999783950599e-01
7.413000000000000000e+03,4.657725268212227093e+04,-6.722484281852625365e-03,6.722484281852625365e-03,9.999999999780654347e-01
7.442000000000000000e+03,4.675946505603047990e+04,-9.102043201762417823e-02,-9.102043201762417823e-02,9.999999999780854187e-01
7.471000000000000000e+03,4.694167742993868887e+04,1.881977720418392674e-01,-1.881977720418392674e-01,9.999999999779465298e-01
7.500000000000000000e+03,4.712388980384689785e+04,-2.697664165235897915e-01,-2.697664165235897915e-01,9.999999999779558557e-01
7.529000000000000000e+03,4.730610217775510682e+04,3.720669995560559884e-01,-3.720669995560559884e-01,9.999999999779191073e-01
7.558000000000000000e+03,4.748831455166331580e+04,-2.821633424329491602e-01,-2.821633424329491602e-01,9.999999999782941407e-01
7.587000000000000000e+03,4.767052692557151749e+04,2.806327414976385604e-01,-2.806327414976385604e-01,9.999999999778628190e-01
7.617000000000000000e+03,4.785902248478691035e+04,2.029416992420969290e-01,-2.029416992420969290e-01,9.999999999774465964e-01
7.647000000000000000e+03,4.804751804400229594e+04,7.602090350395422635e-02,-7.602090350395422635e-02,9.999999999778155235e-01
7.676000000000000000e+03,4.822973041791050491e+04,-6.501234293172387935e-02,-6.501234293172387935e-02,9.999999999779959348e-01
7.706000000000000000e+03,4.841822597712589049e+04,2.260047735707506125e-02,2.260047735707506125e-02,9.999999999778270698e-01
7.736000000000000000e+03,4.860672153634127608e+04,1.669666643459403188e-01,1.669666643459403188e-01,9.999999999777912096e-01
7.766000000000000000e+03,4.879521709555666894e+04,2.811835638890112787e-01,2.811835638890112787e-01,9.999999999777740012e-01
7.797000000000000000e+03,4.898999584007923113e+04,-3.187281857788152317e-01,3.187281857788152317e-01,9.999999999777312576e-01
7.827000000000000000e+03,4.917849139929462399e+04,-2.873486298034613751e-01,2.873486298034613751e-01,9.999999999776246762e-01
7.857000000000000000e+03,4.936698695851000957e+04,-2.638183203619622885e-01,2.638183203619622885e-01,9.999999999777638982e-01
7.888000000000000000e+03,4.956176570303257904e+04,1.281751524555800881e-01,1.281751524555800881e-01,9.999999999775799342e-01
7.919000000000000000e+03,4.975654444755514123e+04,2.709529168438010085e-03,-2.709529168438010085e-03,9.999999999772631876e-01
7.949000000000000000e+03,4.994504000677053409e+04,7.421734773999742740e-02,-7.421734773999742740e-02,9.999999999774443760e-01
7.980000000000000000e+03,5.013981875129309628e+04,-2.175943357109466347e-01,-2.175943357109466347e-01,9.999999999774741299e-01
8.011000000000000000e+03,5.033459749581566575e+04,3.196272369439507877e-01,-3.196272369439507877e-01,9.999999999772560821e-01
8.043000000000000000e+03,5.053565942564541183e+04,3.418736122630949836e-01,-3.418736122630949836e-01,9.999999999769499937e-01
8.074000000000000000e+03,5.073043817016798130e+04,-4.252569252017339152e-01,-4.252569252017339152e-01,9.999999999771462811e-01
8.105000000000000000e+03,5.092521691469054349e+04,2.630443116771372103e-01,-2.630443116771372103e-01,9.999999999772229975e-01
8.137000000000000000e+03,5.112627884452028957e+04,2.020263642684923533e-01,-2.020263642684923533e-01,9.999999999770488035e-01
8.169000000000000000e+03,5.132734077435004292e+04,-2.918085310110135611e-02,2.918085310110135611e-02,9.999999999769357828e-01
8.200000000000000000e+03,5.152211951887260511e+04,1.915168226724725808e-01,1.915168226724725808e-01,9.999999999770149417e-01
8.232000000000000000e+03,5.172318144870235119e+04,3.214360017871263908e-01,3.214360017871263908e-01,9.999999999769835224e-01
8.264000000000000000e+03,5.192424337853209727e+04,3.535971835869419211e-01,3.535971835869419211e-01,9.999999999770260439e-01
8.296000000000000000e+03,5.212530530836185062e+04,4.545915030116080557e-01,4.545915030116080557e-01,9.999999999767907877e-01
8.329000000000000000e+03,5.233265042349877331e+04,-4.516045902702880976e-01,4.516045902702880976e-01,9.999999999768356407e-01
8.361000000000000000e+03,5.253371235332851938e+04,-1.812980434530341023e-01,1.812980434530341023e-01,9.999999999767682501e-01
8.394000000000000000e+03,5.274105746846544935e+04,1.034851346571736830e-01,1.034851346571736830e-01,9.999999999769586534e-01
8.426000000000000000e+03,5.294211939829519542e+04,3.267432879550704466e-02,3.267432879550704466e-02,9.999999999769221271e-01
8.459000000000000000e+03,5.314946451343211811e+04,1.160495369408865995e-01,-1.160495369408865995e-01,9.999999999764338510e-01
8.492000000000000000e+03,5.335680962856904807e+04,-1.265477426395890392e-01,-1.265477426395890392e-01,9.999999999767146264e-01
8.525000000000000000e+03,5.356415474370597076e+04,3.400932379604456046e-01,-3.400932379604456046e-01,9.999999999766334691e-01
8.558000000000000000e+03,5.377149985884290072e+04,-3.047897102326400653e-01,-3.047897102326400653e-01,9.999999999763556913e-01
8.592000000000000000e+03,5.398512815928700729e+04,-2.920974441762866358e-01,-2.920974441762866358e-01,9.999999999763063974e-01
8.625000000000000000e+03,5.419247327442392998e+04,1.698800628090857412e-01,-1.698800628090857412e-01,9.999999999763810044e-01
8.659000000000000000e+03,5.440610157486803655e+04,2.355384195749430365e-01,-2.355384195749430365e-01,9.999999999761406411e-01
8.692000000000000000e+03,5.461344669000496651e+04,1.691864204797165483e-01,1.691864204797165483e-01,9.999999999764115355e-01
8.726000000000000000e+03,5.482707499044907308e+04,1.859440416337162505e-01,1.859440416337162505e-01,9.999999999764649372e-01
8.760000000000000000e+03,5.504070329089317238e+04,3.011678024755850558e-01,3.011678024755850558e-01,9.999999999761154390e-01
8.794000000000000000e+03,5.525433159133727895e+04,1.575557051345226611e-01,1.575557051345226611e-01,9.999999999760769143e-01
8.828000000000000000e+03,5.546795989178138552e+04,2.525327907035853636e-01,2.525327907035853636e-01,9.999999999759640046e-01
8.863000000000000000e+03,5.568787137753267598e+04,-1.691981586648108604e-01,1.691981586648108604e-01,9.999999999762420044e-01
8.897000000000000000e+03,5.590149967797677527e+04,-1.496317921223460634e-01,1.496317921223460634e-01,9.999999999761879366e-01
8.932000000000000000e+03,5.612141116372806573e+04,2.698761450987191557e-02,2.698761450987191557e-02,9.999999999760241787e-01
8.967000000000000000e+03,5.634132264947934891e+04,1.654128560832808237e-01,-1.654128560832808237e-01,9.999999999759870972e-01
9.001000000000000000e+03,5.655495094992345548e+04,3.979158215310165669e-01,-3.979158215310165669e-01,9.999999999757588354e-01
9.036000000000000000e+03,5.677486243567473866e+04,-1.878766252417774507e-01,-1.878766252417774507e-01,9.999999999760188496e-01
9.072000000000000000e+03,5.700105710673320573e+04,-2.148644874335731425e-01,-2.148644874335731425e-01,9.999999999759742186e-01
9.107000000000000000e+03,5.722096859248448891e+04,2.012558653344427295e-01,-2.012558653344427295e-01,9.999999999759775493e-01
9.142000000000000000e+03,5.744088007823577937e+04,-1.921273041102883328e-01,-1.921273041102883328e-01,9.999999999761441938e-01
9.178000000000000000e+03,5.766707474929423915e+04,2.119606654820045677e-02,2.119606654820045677e-02,9.999999999757860358e-01
9.214000000000000000e+03,5.789326942035270622e+04,2.387091367402196240e-01,2.387091367402196240e-01,9.999999999757536173e-01
9.249000000000000000e+03,5.811318090610399668e+04,-2.474746346761882987e-01,2.474746346761882987e-01,9.999999999758697466e-01
9.285000000000000000e+03,5.833937557716245647e+04,-4.679027580395758723e-01,4.679027580395758723e-01,9.999999999758187874e-01
9.322000000000000000e+03,5.857185343352810014e+04,4.303463433572972119e-01,4.303463433572972119e-01,9.999999999758567570e-01
9.358000000000000000e+03,5.879804810458656721e+04,2.261185337340292367e-01,2.261185337340292367e-01,9.999999999759235925e-01
9.394000000000000000e+03,5.902424277564503427e+04,-3.338020231796808013e-02,-3.338020231796808013e-02,9.999999999756302715e-01
9.431000000000000000e+03,5.925672063201067795e+04,2.330721619072908535e-01,-2.330721619072908535e-01,9.999999999752262614e-01
9.468000000000000000e+03,5.948919848837632162e+04,-2.962896394847819859e-01,-2.962896394847819859e-01,9.999999999753027558e-01
9.504000000000000000e+03,5.971539315943478869e+04,-2.906005458941882114e-01,-2.906005458941882114e-01,9.999999999754669577e-01
9.541000000000000000e+03,5.994787101580043236e+04,3.951028904797222463e-01,-3.951028904797222463e-01,9.999999999756798985e-01
9.578000000000000000e+03,6.018034887216607603e+04,-1.451080904808872973e-01,-1.451080904808872973e-01,9.999999999752839930e-01
9.616000000000000000e+03,6.041910991383890359e+04,-3.138205372484922928e-02,-3.138205372484922928e-02,9.999999999754607405e-01
9.653000000000000000e+03,6.065158777020454727e+04,1.265249401254639819e-02,-1.265249401254639819e-02,9.999999999753136359e-01
9.691000000000000000e+03,6.089034881187736755e+04,-2.267988437214769198e-02,2.267988437214769198e-02,9.999999999753582669e-01
9.728000000000000000e+03,6.112282666824301123e+04,3.535695631238202630e-01,3.535695631238202630e-01,9.999999999750033286e-01
9.766000000000000000e+03,6.136158770991583879e+04,4.795684063799095509e-01,4.795684063799095509e-01,9.999999999750185387e-01
9.804000000000000000e+03,6.160034875158866635e+04,3.844320122688711372e-01,3.844320122688711372e-01,9.999999999751513213e-01
9.842000000000000000e+03,6.183910979326148663e+04,9.461677060148938889e-02,9.461677060148938889e-02,9.999999999750112112e-01
9.881000000000000000e+03,6.208415402024149080e+04,-8.694173454430299819e-02,8.694173454430299819e-02,9.999999999749318302e-01
9.919000000000000000e+03,6.232291506191431836e+04,1.026895140954170310e-01,-1.026895140954170310e-01,9.999999999750049939e-01
9.958000000000000000e+03,6.256795928889432253e+04,-1.851278180171830601e-01,-1.851278180171830601e-01,9.999999999750097679e-01
9.997000000000000000e+03,6.281300351587432669e+04,2.880191491127100933e-01,-2.880191491127100933e-01,9.999999999746257417e-01
1.003500000000000000e+04,6.305176455754714698e+04,3.392898625025101977e-01,-3.392898625025101977e-01,9.999999999749764612e-01
1.007500000000000000e+04,6.330309196983432776e+04,2.368558740095501602e-01,-2.368558740095501602e-01,9.999999999748263591e-01
1.011400000000000000e+04,6.354813619681433192e+04,-7.062158286597207402e-02,-7.062158286597207402e-02,9.999999999748738766e-01
1.015300000000000000e+04,6.379318042379433609e+04,-1.599232182754545539e-01,1.599232182754545539e-01,9.999999999746993495e-01
1.019300000000000000e+04,6.404450783608152415e+04,-2.555912431877573332e-01,2.555912431877573332e-01,9.999999999748189206e-01
1.023200000000000000e+04,6.428955206306152832e+04,2.988910682161828869e-01,2.988910682161828869e-01,9.999999999749514812e-01
1.027200000000000000e+04,6.454087947534870909e+04,3.254549959122445824e-01,3.254549959122445824e-01,9.999999999744306756e-01
1.031200000000000000e+04,6.479220688763588987e+04,3.773733654213968225e-01,3.773733654213968225e-01,9.999999999745479151e-01
1.035200000000000000e+04,6.504353429992307792e+04,2.289960591789913513e-01,2.289960591789913513e-01,9.999999999746651547e-01
1.039200000000000000e+04,6.529486171221025870e+04,-1.991294899068750124e-01,-1.991294899068750124e-01,9.999999999743286461e-01
1.043300000000000000e+04,6.555247230980462336e+04,5.347451546255536092e-01,-5.347451546255536092e-01,9.999999999744441093e-01
1.047300000000000000e+04,6.580379972209180414e+04,3.394517601910008731e-01,-3.394517601910008731e-01,9.999999999745616819e-01
1.051400000000000000e+04,6.606141031968616880e+04,-1.599918956329011155e-01,-1.599918956329011155e-01,9.999999999744074719e-01
1.055500000000000000e+04,6.631902091728053347e+04,2.578158888053633246e-01,-2.578158888053633246e-01,9.999999999744961787e-01
1.059600000000000000e+04,6.657663151487489813e+04,-6.540886590237353360e-02,-6.540886590237353360e-02,9.999999999743807155e-01
1.063700000000000000e+04,6.683424211246926279e+04,1.857614694178278889e-02,-1.857614694178278889e-02,9.999999999744311197e-01
1.067900000000000000e+04,6.709813589537079679e+04,-8.462090794694053508e-02,8.462090794694053508e-02,9.999999999746547186e-01
1.072000000000000000e+04,6.735574649296516145e+04,3.917175551663058530e-01,3.917175551663058530e-01,9.999999999742735790e-01
1.076200000000000000e+04,6.761964027586671000e+04,4.420043823591128795e-01,4.420043823591128795e-01,9.999999999741410184e-01
1.080400000000000000e+04,6.788353405876824399e+04,5.227777803298492287e-01,5.227777803298492287e-01,9.999999999745591284e-01
1.084600000000000000e+04,6.814742784166979254e+04,-4.251557221199926684e-02,-4.251557221199926684e-02,9.999999999745681212e-01
1.088800000000000000e+04,6.841132162457134109e+04,-1.738128969734967222e-01,-1.738128969734967222e-01,9.999999999744060286e-01
1.093100000000000000e+04,6.868149859278005897e+04,3.478935772806843740e-01,-3.478935772806843740e-01,9.999999999744474399e-01
1.097300000000000000e+04,6.894539237568159297e+04,3.785608485397113920e-01,-3.785608485397113920e-01,9.999999999743677259e-01
1.101600000000000000e+04,6.921556934389032540e+04,-3.074024471666114700e-01,-3.074024471666114700e-01,9.999999999742594792e-01
1.105900000000000000e+04,6.948574631209904328e+04,-3.745195643489183240e-02,3.745195643489183240e-02,9.999999999739994649e-01
1.110200000000000000e+04,6.975592328030776116e+04,-1.398067906657264430e-02,-1.398067906657264430e-02,9.999999999742716916e-01
1.114500000000000000e+04,7.002610024851649359e+04,-2.716181227104518259e-01,2.716181227104518259e-01,9.999999999740332157e-01
1.118800000000000000e+04,7.029627721672521147e+04,3.408418083589730974e-01,3.408418083589730974e-01,9.999999999740922796e-01
1.123200000000000000e+04,7.057273737024111324e+04,2.122500235655583323e-01,2.122500235655583323e-01,9.999999999740972756e-01
1.127600000000000000e+04,7.084919752375701501e+04,2.083817997552323831e-01,2.083817997552323831e-01,9.999999999740032397e-01
1.131900000000000000e+04,7.111937449196573289e+04,-2.288973985378459641e-01,2.288973985378459641e-01,9.999999999741134848e-01
1.136300000000000000e+04,7.139583464548163465e+04,1.699448760784281198e-01,-1.699448760784281198e-01,9.999999999739618284e-01
1.140800000000000000e+04,7.167857798430472030e+04,-1.200299232609554068e-01,-1.200299232609554068e-01,9.999999999740893930e-01
1.145200000000000000e+04,7.195503813782062207e+04,-3.491599206295976088e-01,-3.491599206295976088e-01,9.999999999739151990e-01
1.149700000000000000e+04,7.223778147664370772e+04,2.973812470854020895e-01,-2.973812470854020895e-01,9.999999999743660606e-01
1.154100000000000000e+04,7.251424163015960949e+04,1.721695831441562297e-01,-1.721695831441562297e-01,9.999999999739955792e-01
1.158600000000000000e+04,7.279698496898268058e+04,-9.871096188168267116e-02,-9.871096188168267116e-02,9.999999999742120727e-01
1.163100000000000000e+04,7.307972830780576624e+04,3.208349647061307930e-02,-3.208349647061307930e-02,9.999999999741857604e-01
1.167700000000000000e+04,7.336875483193602122e+04,-1.517385975983822355e-01,1.517385975983822355e-01,9.999999999743546253e-01
1.172200000000000000e+04,7.365149817075910687e+04,2.087313416515388376e-01,2.087313416515388376e-01,9.999999999744035861e-01
1.176800000000000000e+04,7.394052469488937641e+04,1.963894005721960045e-01,1.963894005721960045e-01,9.999999999743370838e-01
1.181300000000000000e+04,7.422326803371244750e+04,-1.250694115228004055e-01,1.250694115228004055e-01,9.999999999741815415e-01
1.185900000000000000e+04,7.451229455784271704e+04,5.050038701175497968e-02,-5.050038701175497968e-02,9.999999999742993362e-01
1.190600000000000000e+04,7.480760426728015591e+04,-3.201688042448657678e-01,-3.201688042448657678e-01,9.999999999739423995e-01
1.195200000000000000e+04,7.509663079141041089e+04,-2.814808535618653629e-01,-2.814808535618653629e-01,9.999999999743126589e-01
1.199800000000000000e+04,7.538565731554068043e+04,-2.877225451962963088e-01,-2.877225451962963088e-01,9.999999999742745782e-01
1.204500000000000000e+04,7.568096702497811930e+04,9.979292862010169518e-02,-9.979292862010169518e-02,9.999999999746598256e-01
1.209200000000000000e+04,7.597627673441555817e+04,1.270368844714015177e-01,1.270368844714015177e-01,9.999999999745771140e-01
1.213900000000000000e+04,7.627158644385299704e+04,-2.778974885620705826e-01,2.778974885620705826e-01,9.999999999746992385e-01
1.218600000000000000e+04,7.656689615329043590e+04,5.354798448020037238e-01,5.354798448020037238e-01,9.999999999743734991e-01
1.223400000000000000e+04,7.686848904803505866e+04,2.518761918832289060e-01,2.518761918832289060e-01,9.999999999743499624e-01
1.228100000000000000e+04,7.716379875747249753e+04,-2.706575259219506924e-01,2.706575259219506924e-01,9.999999999745389223e-01
1.232900000000000000e+04,7.746539165221712028e+04,7.298970750813202346e-02,-7.298970750813202346e-02,9.999999999742125167e-01
1.237700000000000000e+04,7.776698454696174304e+04,1.765673112458323313e-01,-1.765673112458323313e-01,9.999999999744645374e-01
1.242500000000000000e+04,7.806857744170636579e+04,4.310556126574607294e-01,-4.310556126574607294e-01,9.999999999745060597e-01
1.247300000000000000e+04,7.837017033645097399e+04,3.644457729154595982e-01,-3.644457729154595982e-01,9.999999999743263146e-01
1.252200000000000000e+04,7.867804641650278063e+04,-3.573485631985204858e-01,-3.573485631985204858e-01,9.999999999745774470e-01
1.257100000000000000e+04,7.898592249655457272e+04,-8.736670109975470944e-02,8.736670109975470944e-02,9.999999999742739121e-01
1.262000000000000000e+04,7.929379857660637936e+04,1.377084933098180475e-01,1.377084933098180475e-01,9.999999999742303913e-01
1.266900000000000000e+04,7.960167465665817144e+04,-3.403490177028858921e-01,3.403490177028858921e-01,9.999999999745893264e-01
1.271800000000000000e+04,7.990955073670997808e+04,2.032086206785799209e-01,2.032086206785799209e-01,9.999999999746153057e-01
1.276800000000000000e+04,8.022371000206895405e+04,2.134590476484188870e-01,2.134590476484188870e-01,9.999999999748130364e-01
1.281700000000000000e+04,8.053158608212076069e+04,8.477494521208911449e-02,-8.477494521208911449e-02,9.999999999748279134e-01
1.286700000000000000e+04,8.084574534747973667e+04,3.200595045942847827e-01,-3.200595045942847827e-01,9.999999999746284063e-01
1.291700000000000000e+04,8.115990461283871264e+04,1.976990213863467905e-01,-1.976990213863467905e-01,9.999999999747682944e-01
1.296700000000000000e+04,8.147406387819768861e+04,4.837118738800608719e-01,-4.837118738800608719e-01,9.999999999748866442e-01
1.301800000000000000e+04,8.179450632886384847e+04,-2.950397810549272304e-01,-2.950397810549272304e-01,9.999999999749417112e-01
1.306900000000000000e+04,8.211494877953000832e+04,1.117786534350593830e-01,-1.117786534350593830e-01,9.999999999751302271e-01
1.311900000000000000e+04,8.242910804488899885e+04,-3.961363711717347247e-01,3.961363711717347247e-01,9.999999999750572854e-01
1.317000000000000000e+04,8.274955049555514415e+04,4.453023433637353090e-01,4.453023433637353090e-01,9.999999999748599988e-01
1.322200000000000000e+04,8.307627613152848789e+04,1.549185127047378319e-01,1.549185127047378319e-01,9.999999999753232949e-01
1.327300000000000000e+04,8.339671858219464775e+04,-1.538654360514138952e-01,1.538654360514138952e-01,9.999999999753765856e-01
1.332500000000000000e+04,8.372344421816799149e+04,7.026289550046792287e-02,-7.026289550046792287e-02,9.999999999753306223e-01
1.337700000000000000e+04,8.405016985414132068e+04,1.567622502138617813e-01,-1.567622502138617813e-01,9.999999999753751423e-01
1.342900000000000000e+04,8.437689549011466443e+04,2.684685248763283294e-01,-2.684685248763283294e-01,9.999999999758578673e-01
1.348100000000000000e+04,8.470362112608800817e+04,2.675542441101774749e-01,-2.675542441101774749e-01,9.999999999758737435e-01
1.353300000000000000e+04,8.503034676206133736e+04,4.668752396566269725e-02,-4.668752396566269725e-02,9.999999999756861158e-01
1.358600000000000000e+04,8.536335558334186499e+04,-9.142064943364331189e-03,-9.142064943364331189e-03,9.999999999756257196e-01
1.363900000000000000e+04,8.569636440462237806e+04,-2.111091157633439019e-01,2.111091157633439019e-01,9.999999999758916180e-01
1.369200000000000000e+04,8.602937322590289114e+04,3.910931629690925782e-01,3.910931629690925782e-01,9.999999999759725533e-01
1.374500000000000000e+04,8.636238204718341876e+04,-8.438023027216773331e-02,8.438023027216773331e-02,9.999999999758435454e-01
1.379900000000000000e+04,8.670167405377111572e+04,4.088069639164543245e-02,-4.088069639164543245e-02,9.999999999758150127e-01
1.385200000000000000e+04,8.703468287505162880e+04,-1.529260882934729004e-01,-1.529260882934729004e-01,9.999999999762748670e-01
1.390600000000000000e+04,8.737397488163932576e+04,-3.535343140320124644e-01,-3.535343140320124644e-01,9.999999999763394820e-01
1.396000000000000000e+04,8.771326688822702272e+04,-2.763937997158825155e-01,-2.763937997158825155e-01,9.999999999760034175e-01
1.401500000000000000e+04,8.805884208012190356e+04,1.492375622162227071e-02,-1.492375622162227071e-02,9.999999999759173752e-01
1.406900000000000000e+04,8.839813408670960052e+04,-2.031118188236289424e-01,2.031118188236289424e-01,9.999999999764140890e-01
1.412400000000000000e+04,8.874370927860448137e+04,2.862950926870805324e-01,2.862950926870805324e-01,9.999999999765784020e-01
1.417900000000000000e+04,8.908928447049934766e+04,-3.304653370053924899e-01,3.304653370053924899e-01,9.999999999767201775e-01
1.423400000000000000e+04,8.943485966239422851e+04,1.590815846123831423e-01,1.590815846123831423e-01,9.999999999766234771e-01
1.429000000000000000e+04,8.978671803959629324e+04,-2.052271239183444951e-01,-2.052271239183444951e-01,9.999999999767553716e-01
1.434500000000000000e+04,9.013229323149115953e+04,2.565271969747910386e-01,-2.565271969747910386e-01,9.999999999768494074e-01
1.440100000000000000e+04,9.048415160869322426e+04,2.950963782817400682e-01,-2.950963782817400682e-01,9.999999999770933234e-01
1.445700000000000000e+04,9.083600998589527444e+04,2.045542719475531845e-01,-2.045542719475531845e-01,9.999999999770320391e-01
1.451300000000000000e+04,9.118786836309733917e+04,9.542782089611835661e-02,-9.542782089611835661e-02,9.999999999770916581e-01
1.457000000000000000e+04,9.154600992560657323e+04,1.979986302985715096e-01,1.979986302985715096e-01,9.999999999775355253e-01
1.462600000000000000e+04,9.189786830280862341e+04,3.100376193798892732e-01,3.100376193798892732e-01,9.999999999775628368e-01
1.468300000000000000e+04,9.225600986531785748e+04,-2.877471380769346943e-01,2.877471380769346943e-01,9.999999999774199511e-01
1.474100000000000000e+04,9.262043461313427542e+04,-2.119402126365405731e-02,2.119402126365405731e-02,9.999999999778776960e-01
1.479800000000000000e+04,9.297857617564352404e+04,-1.612810901172021527e-01,-1.612810901172021527e-01,9.999999999779478621e-01
1.485500000000000000e+04,9.333671773815275810e+04,2.749050497585630581e-01,-2.749050497585630581e-01,9.999999999778707016e-01
1.491300000000000000e+04,9.370114248596917605e+04,2.506943009607353612e-01,-2.506943009607353612e-01,9.999999999784290328e-01
1.497100000000000000e+04,9.406556723378557945e+04,2.420260494835593246e-01,-2.420260494835593246e-01,9.999999999781394866e-01
1.503000000000000000e+04,9.443627516690918128e+04,4.967298881254940401e-02,4.967298881254940401e-02,9.999999999782366311e-01
1.508800000000000000e+04,9.480069991472559923e+04,2.867333959107682406e-01,2.867333959107682406e-01,9.999999999785343929e-01
1.514700000000000000e+04,9.517140784784918651e+04,-4.096457446840675587e-01,4.096457446840675587e-01,9.999999999785889049e-01
1.520600000000000000e+04,9.554211578097278834e+04,2.707040425278363083e-01,2.707040425278363083e-01,9.999999999788622418e-01
1.526500000000000000e+04,9.591282371409639018e+04,9.388499692406877817e-02,-9.388499692406877817e-02,9.999999999787417826e-01
1.532400000000000000e+04,9.628353164721997746e+04,-3.187462090171904738e-01,-3.187462090171904738e-01,9.999999999789772609e-01
1.538400000000000000e+04,9.666052276565074862e+04,-4.274886472123126113e-01,-4.274886472123126113e-01,9.999999999791309158e-01
1.544400000000000000e+04,9.703751388408153434e+04,-3.260762054568013824e-01,-3.260762054568013824e-01,9.999999999791761018e-01
1.550400000000000000e+04,9.741450500251230551e+04,-2.748946776027285863e-02,-2.748946776027285863e-02,9.999999999792867911e-01
1.556400000000000000e+04,9.779149612094307668e+04,2.305175682935154124e-01,2.305175682935154124e-01,9.999999999793611760e-01
1.562500000000000000e+04,9.817477042468103173e+04,-2.691405804597294393e-01,2.691405804597294393e-01,9.999999999795667893e-01
1.568600000000000000e+04,9.855804472841898678e+04,5.214728627351175039e-01,5.214728627351175039e-01,9.999999999795883276e-01
1.574700000000000000e+04,9.894131903215694183e+04,-1.862818690775733810e-01,1.862818690775733810e-01,9.999999999798468986e-01
1.580800000000000000e+04,9.932459333589489688e+04,-2.718048523437858743e-01,-2.718048523437858743e-01,9.999999999800202044e-01
1.586900000000000000e+04,9.970786763963285193e+04,4.240165165019950111e-01,-4.240165165019950111e-01,9.999999999803167450e-01
1.593100000000000000e+04,1.000974251286779909e+05,2.201437440196006290e-01,-2.201437440196006290e-01,9.999999999805413431e-01
1.599300000000000000e+04,1.004869826177231298e+05,9.862943296078692523e-02,-9.862943296078692523e-02,9.999999999806086226e-01
1.605500000000000000e+04,1.008765401067682542e+05,-1.696044580776927546e-01,1.696044580776927546e-01,9.999999999806180595e-01
1.611800000000000000e+04,1.012723807811205770e+05,1.426583313918559082e-01,1.426583313918559082e-01,9.999999999805375683e-01
1.618000000000000000e+04,1.016619382701657014e+05,2.742927873248490189e-01,2.742927873248490189e-01,9.999999999810085249e-01
1.624300000000000000e+04,1.020577789445180242e+05,1.379272923815115515e-01,-1.379272923815115515e-01,9.999999999809076057e-01
1.630700000000000000e+04,1.024599028041775164e+05,4.444873873996707525e-01,-4.444873873996707525e-01,9.999999999810550433e-01
1.637000000000000000e+04,1.028557434785298246e+05,-4.634685622490251067e-01,-4.634685622490251067e-01,9.999999999812830831e-01
1.643400000000000000e+04,1.032578673381893168e+05,2.386274197575890058e-02,2.386274197575890058e-02,9.999999999814112028e-01
1.649800000000000000e+04,1.036599911978488090e+05,1.049131455637404564e-01,1.049131455637404564e-01,9.999999999816996388e-01
1.656200000000000000e+04,1.040621150575083011e+05,1.100743433120398018e-01,1.100743433120398018e-01,9.999999999818958152e-01
1.662600000000000000e+04,1.044642389171678078e+05,3.389279810467940024e-01,3.389279810467940024e-01,9.999999999821550523e-01
1.669100000000000000e+04,1.048726459621344693e+05,-5.135437227248892955e-02,5.135437227248892955e-02,9.999999999819274565e-01
1.675600000000000000e+04,1.052810530071011453e+05,-1.829530209291893861e-01,-1.829530209291893861e-01,9.999999999823924179e-01
1.682100000000000000e+04,1.056894600520678214e+05,4.300168832966476673e-01,-4.300168832966476673e-01,9.999999999824522590e-01
1.688700000000000000e+04,1.061041502823416668e+05,2.901561199775049560e-01,-2.901561199775049560e-01,9.999999999826191255e-01
1.695200000000000000e+04,1.065125573273083428e+05,-1.009331048227402050e-01,-1.009331048227402050e-01,9.999999999829108921e-01
1.701800000000000000e+04,1.069272475575822027e+05,2.063054692672546819e-01,2.063054692672546819e-01,9.999999999832230868e-01
1.708500000000000000e+04,1.073482209731632320e+05,-2.326838127088569630e-01,2.326838127088569630e-01,9.999999999830962993e-01
1.715100000000000000e+04,1.077629112034370773e+05,-8.317410749096940115e-02,8.317410749096940115e-02,9.999999999835043063e-01
1.721800000000000000e+04,1.081838846190181212e+05,-3.590222291178495062e-02,-3.590222291178495062e-02,9.999999999835880171e-01
1.728500000000000000e+04,1.086048580345991504e+05,3.573732168966643474e-01,-3.573732168966643474e-01,9.999999999838335984e-01
1.735200000000000000e+04,1.090258314501801797e+05,-3.427874651253053351e-01,-3.427874651253053351e-01,9.999999999842837939e-01
1.742000000000000000e+04,1.094530880510683928e+05,-5.241781640780433099e-02,-5.241781640780433099e-02,9.999999999842476006e-01
1.748700000000000000e+04,1.098740614666494221e+05,-1.535736632962869108e-01,1.535736632962869108e-01,9.999999999841766574e-01
1.755500000000000000e+04,1.103013180675376352e+05,-1.615467354808753919e-01,1.615467354808753919e-01,9.999999999845990972e-01
1.762400000000000000e+04,1.107348578537330322e+05,2.729825355008583254e-01,2.729825355008583254e-01,9.999999999849096266e-01
1.769200000000000000e+04,1.111621144546212454e+05,-1.215464703122309670e-01,-1.215464703122309670e-01,9.999999999849940036e-01
1.776100000000000000e+04,1.115956542408166279e+05,3.849648546193258913e-01,-3.849648546193258913e-01,9.999999999851875154e-01
1.783000000000000000e+04,1.120291940270120249e+05,-3.820424848398100703e-01,-3.820424848398100703e-01,9.999999999853110833e-01
1.790000000000000000e+04,1.124690169985145913e+05,-1.978540796297377224e-01,-1.978540796297377224e-01,9.999999999854185528e-01
1.796900000000000000e+04,1.129025567847099883e+05,-2.993241341394696220e-01,2.993241341394696220e-01,9.999999999856279409e-01
1.803900000000000000e+04,1.133423797562125546e+05,-2.933482833509651888e-01,2.933482833509651888e-01,9.999999999857187571e-01
1.810900000000000000e+04,1.137822027277151210e+05,-1.898981425594760131e-01,1.898981425594760131e-01,9.999999999858920630e-01
1.818000000000000000e+04,1.142283088845248712e+05,1.358731068513614575e-02,1.358731068513614575e-02,9.999999999858520949e-01
1.825100000000000000e+04,1.146744150413346215e+05,1.001841120661586954e-01,-1.001841120661586954e-01,9.999999999860870181e-01
1.832200000000000000e+04,1.151205211981443717e+05,-2.025856600416519326e-01,-2.025856600416519326e-01,9.999999999864885858e-01
1.839300000000000000e+04,1.155666273549541365e+05,1.460128931023355336e-01,-1.460128931023355336e-01,9.999999999865134548e-01
1.846400000000000000e+04,1.160127335117638868e+05,6.489647611266396998e-02,6.489647611266396998e-02,9.999999999866756584e-01
1.853600000000000000e+04,1.164651228538808064e+05,2.386623265141876726e-01,2.386623265141876726e-01,9.999999999870196055e-01
1.860800000000000000e+04,1.169175121959977405e+05,4.157881303089418501e-01,4.157881303089418501e-01,9.999999999871599377e-01
1.868100000000000000e+04,1.173761847234218440e+05,8.315864102945985659e-02,-8.315864102945985659e-02,9.999999999872541956e-01
1.875400000000000000e+04,1.178348572508459620e+05,-3.874625310893962116e-01,-3.874625310893962116e-01,9.999999999875360812e-01
1.882600000000000000e+04,1.182872465929628961e+05,-4.102538581926443162e-01,-4.102538581926443162e-01,9.999999999878868007e-01
1.890000000000000000e+04,1.187522023056941835e+05,2.426186576694625008e-02,2.426186576694625008e-02,9.999999999877472456e-01
1.897300000000000000e+04,1.192108748331182869e+05,-1.235442132438525492e-01,1.235442132438525492e-01,9.999999999881038493e-01
1.904700000000000000e+04,1.196758305458495743e+05,-3.448302756780560197e-01,3.448302756780560197e-01,9.999999999879166657e-01
1.912100000000000000e+04,1.201407862585808616e+05,-1.980925589601008063e-01,1.980925589601008063e-01,9.999999999886185487e-01
1.919600000000000000e+04,1.206120251566193328e+05,-2.494036687920922479e-01,-2.494036687920922479e-01,9.999999999887330127e-01
1.927000000000000000e+04,1.210769808693506202e+05,-4.986812779947734642e-01,-4.986812779947734642e-01,9.999999999888298241e-01
1.934500000000000000e+04,1.215482197673890914e+05,1.265121789453946544e-01,-1.265121789453946544e-01,9.999999999887699831e-01
1.942100000000000000e+04,1.220257418507347465e+05,8.950775134190959437e-02,-8.950775134190959437e-02,9.999999999889306324e-01
1.949600000000000000e+04,1.224969807487732178e+05,2.606047563108607190e-01,2.606047563108607190e-01,9.999999999892882352e-01
1.957200000000000000e+04,1.229745028321188584e+05,2.121550478194189626e-01,2.121550478194189626e-01,9.999999999896179714e-01
1.964800000000000000e+04,1.234520249154645135e+05,3.532791305436729784e-02,3.532791305436729784e-02,9.999999999895923253e-01
1.972500000000000000e+04,1.239358301841173379e+05,2.903215637068509158e-01,-2.903215637068509158e-01,9.999999999897826175e-01
1.980100000000000000e+04,1.244133522674629930e+05,3.622606108058575303e-01,-3.622606108058575303e-01,9.999999999901827419e-01
1.987800000000000000e+04,1.248971575361158175e+05,1.265553438300710820e-03,1.265553438300710820e-03,9.999999999905864190e-01
1.995600000000000000e+04,1.253872459900758258e+05,3.483231433947899247e-01,3.483231433947899247e-01,9.999999999906462600e-01
2.003300000000000000e+04,1.258710512587286503e+05,-4.163083002690894374e-01,4.163083002690894374e-01,9.999999999909449100e-01
2.011100000000000000e+04,1.263611397126886586e+05,-8.516378641410853045e-02,8.516378641410853045e-02,9.999999999908822934e-01
2.019000000000000000e+04,1.268575113519558508e+05,-2.490260321005158817e-01,-2.490260321005158817e-01,9.999999999911693971e-01
2.026800000000000000e+04,1.273475998059158592e+05,-4.678391060253559441e-01,-4.678391060253559441e-01,9.999999999914733761e-01
2.034700000000000000e+04,1.278439714451830368e+05,1.211028372781797757e-01,-1.211028372781797757e-01,9.999999999918532945e-01
2.042600000000000000e+04,1.283403430844502291e+05,3.250063362806259182e-01,3.250063362806259182e-01,9.999999999920300420e-01
2.050600000000000000e+04,1.288429979090245906e+05,3.331088009089612778e-01,3.331088009089612778e-01,9.999999999920992089e-01
2.058500000000000000e+04,1.293393695482917828e+05,-6.546199669766591955e-02,6.546199669766591955e-02,9.999999999923597782e-01
2.066600000000000000e+04,1.298483075581733283e+05,-1.480443188785605935e-01,-1.480443188785605935e-01,9.999999999926183492e-01
2.074600000000000000e+04,1.303509623827476898e+05,-4.016109094044451600e-01,-4.016109094044451600e-01,9.999999999927796646e-01
2.082700000000000000e+04,1.308599003926292353e+05,4.138928572301334152e-02,-4.138928572301334152e-02,9.999999999928479433e-01
2.090800000000000000e+04,1.313688384025107953e+05,3.841831158155057518e-02,3.841831158155057518e-02,9.999999999931499239e-01
2.098900000000000000e+04,1.318777764123923262e+05,-3.826194402459425215e-01,3.826194402459425215e-01,9.999999999933260053e-01
2.107100000000000000e+04,1.323929976075810555e+05,-1.684217478098278542e-01,1.684217478098278542e-01,9.999999999933728567e-01
2.115300000000000000e+04,1.329082188027697848e+05,9.235696507782846509e-02,-9.235696507782846509e-02,9.999999999933861794e-01
2.123500000000000000e+04,1.334234399979585141e+05,4.683580860253817590e-01,-4.683580860253817590e-01,9.999999999939300777e-01
2.131800000000000000e+04,1.339449443784544128e+05,-2.124553039418336595e-03,-2.124553039418336595e-03,9.999999999941179274e-01
2.140100000000000000e+04,1.344664487589503115e+05,-2.060526216228447116e-01,2.060526216228447116e-01,9.999999999941989737e-01
2.148400000000000000e+04,1.349879531394462392e+05,2.137770737823950773e-01,2.137770737823950773e-01,9.999999999946911355e-01
2.156800000000000000e+04,1.355157407052493072e+05,2.830617284569313385e-01,2.830617284569313385e-01,9.999999999950777152e-01
2.165100000000000000e+04,1.360372450857452350e+05,3.985983523482079516e-01,-3.985983523482079516e-01,9.999999999953251839e-01
2.173600000000000000e+04,1.365713158368554723e+05,-4.602005575920503633e-01,-4.602005575920503633e-01,9.999999999953458341e-01
2.182000000000000000e+04,1.370991034026585694e+05,2.230111891200575736e-02,2.230111891200575736e-02,9.999999999954669594e-01
2.190500000000000000e+04,1.376331741537688358e+05,-1.246828152299414294e-01,1.246828152299414294e-01,9.999999999959904295e-01
2.199000000000000000e+04,1.381672449048791023e+05,4.084226391160907799e-01,4.084226391160907799e-01,9.999999999961107777e-01
2.207600000000000000e+04,1.387075988412965380e+05,2.384101649646762355e-02,2.384101649646762355e-02,9.999999999961629582e-01
2.216200000000000000e+04,1.392479527777140029e+05,-2.881109788392450244e-01,-2.881109788392450244e-01,9.999999999963700148e-01
2.224800000000000000e+04,1.397883067141314386e+05,-3.582455225118604814e-01,-3.582455225118604814e-01,9.999999999966862063e-01
2.233500000000000000e+04,1.403349438358560728e+05,-8.808101406076948581e-02,8.808101406076948581e-02,9.999999999969122477e-01
2.242200000000000000e+04,1.408815809575806779e+05,2.768084516473777734e-01,2.768084516473777734e-01,9.999999999971020959e-01
2.250900000000000000e+04,1.414282180793053121e+05,-3.389717726734162717e-01,3.389717726734162717e-01,9.999999999977153831e-01
2.259600000000000000e+04,1.419748552010299172e+05,-4.381735385968451961e-03,-4.381735385968451961e-03,9.999999999976424414e-01
2.268400000000000000e+04,1.425277755080617208e+05,-3.801923570573604305e-01,-3.801923570573604305e-01,9.999999999984040544e-01
2.277300000000000000e+04,1.430869790004007227e+05,4.149182849035584209e-01,-4.149182849035584209e-01,9.999999999983826271e-01
2.286100000000000000e+04,1.436398993074325263e+05,-1.674504280625696839e-01,1.674504280625696839e-01,9.999999999985390575e-01
2.295000000000000000e+04,1.441991027997714991e+05,3.709290599980467062e-01,3.709290599980467062e-01,9.999999999989265254e-01
2.303900000000000000e+04,1.447583062921105011e+05,-1.669168949851936590e-01,1.669168949851936590e-01,9.999999999988746779e-01
2.312900000000000000e+04,1.453237929697566433e+05,3.349317310897601541e-01,-3.349317310897601541e-01,9.999999999994417799e-01
2.321900000000000000e+04,1.458892796474028146e+05,4.296445469797409711e-01,-4.296445469797409711e-01,9.999999999994226840e-01
2.330900000000000000e+04,1.464547663250489859e+05,-1.334433128687346481e-01,1.334433128687346481e-01,9.999999999998716582e-01
2.340000000000000000e+04,1.470265361880023265e+05,5.999935674999566926e-01,5.999935674999566926e-01,1.000000000000155653e+00
2.349100000000000000e+04,1.475983060509556672e+05,-3.821380609846855569e-01,3.821380609846855569e-01,1.000000000000446754e+00
2.358300000000000000e+04,1.481763590992161771e+05,4.002978209969140083e-02,-4.002978209969140083e-02,1.000000000000582645e+00
2.367400000000000000e+04,1.487481289621695178e+05,-4.188219055066743635e-01,-4.188219055066743635e-01,1.000000000000893507e+00
2.376600000000000000e+04,1.493261820104300568e+05,-2.692243544100742514e-01,-2.692243544100742514e-01,1.000000000001226574e+00
2.385900000000000000e+04,1.499105182439977361e+05,-1.503415660845126567e-01,1.503415660845126567e-01,1.000000000001696865e+00
2.395200000000000000e+04,1.504948544775654445e+05,3.659614648182531460e-01,3.659614648182531460e-01,1.000000000001894485e+00
2.404500000000000000e+04,1.510791907111331529e+05,1.364181190130352508e-02,-1.364181190130352508e-02,1.000000000002271294e+00
2.413900000000000000e+04,1.516698101300080307e+05,2.983593452275493663e-01,-2.983593452275493663e-01,1.000000000002629230e+00
2.423200000000000000e+04,1.522541463635757391e+05,-1.940760926146987697e-01,-1.940760926146987697e-01,1.000000000002778222e+00
2.432700000000000000e+04,1.528510489677577862e+05,-3.357140156647144824e-01,3.357140156647144824e-01,1.000000000003028244e+00
2.442100000000000000e+04,1.534416683866326639e+05,-4.301453775432445004e-01,4.301453775432445004e-01,1.000000000003512302e+00
2.451600000000000000e+04,1.540385709908147401e+05,1.081841499841590254e-01,1.081841499841590254e-01,1.000000000003577583e+00
2.461200000000000000e+04,1.546417567803039856e+05,-2.903889363740850271e-01,-2.903889363740850271e-01,1.000000000004179990e+00
2.470800000000000000e+04,1.552449425697932311e+05,-3.169035691889242057e-01,-3.169035691889242057e-01,1.000000000004497958e+00
2.480400000000000000e+04,1.558481283592824475e+05,9.020959473273346347e-04,9.020959473273346347e-04,1.000000000004467093e+00
2.490000000000000000e+04,1.564513141487716930e+05,3.449063981902870668e-01,3.449063981902870668e-01,1.000000000004673817e+00
2.499700000000000000e+04,1.570607831235681078e+05,-6.832553436297238159e-02,6.832553436297238159e-02,1.000000000005110357e+00
2.509400000000000000e+04,1.576702520983645227e+05,-3.962992241855648468e-01,-3.962992241855648468e-01,1.000000000005466516e+00
2.519200000000000000e+04,1.582860042584681360e+05,-2.555792681484048701e-01,-2.555792681484048701e-01,1.000000000005859979e+00
2.529000000000000000e+04,1.589017564185717492e+05,1.221987452447192563e-01,1.221987452447192563e-01,1.000000000006113554e+00
2.538800000000000000e+04,1.595175085786753334e+05,3.513364988495471519e-01,3.513364988495471519e-01,1.000000000006103784e+00
2.548700000000000000e+04,1.601395439240861160e+05,-1.575721063014100254e-01,1.575721063014100254e-01,1.000000000006806333e+00
2.558600000000000000e+04,1.607615792694968986e+05,-3.270121480468136665e-01,-3.270121480468136665e-01,1.000000000007154943e+00
2.568600000000000000e+04,1.613898978002148506e+05,-2.656865041848834874e-01,-2.656865041848834874e-01,1.000000000007039258e+00
2.578600000000000000e+04,1.620182163309328025e+05,7.478410196669893484e-02,7.478410196669893484e-02,1.000000000007730705e+00
2.588600000000000000e+04,1.626465348616507836e+05,2.642616590300149726e-01,2.642616590300149726e-01,1.000000000008137491e+00
2.598700000000000000e+04,1.632811365776759048e+05,6.617941303985303003e-02,-6.617941303985303003e-02,1.000000000008052670e+00
2.608800000000000000e+04,1.639157382937010552e+05,-3.819131210599601700e-01,-3.819131210599601700e-01,1.000000000008631096e+00
2.619000000000000000e+04,1.645566231950333749e+05,-2.568734347071435220e-01,-2.568734347071435220e-01,1.000000000008673728e+00
2.629200000000000000e+04,1.651975080963656947e+05,2.855109863475745469e-01,2.855109863475745469e-01,1.000000000009060308e+00
2.639400000000000000e+04,1.658383929976979853e+05,3.246243532655327391e-01,3.246243532655327391e-01,1.000000000009413359e+00
2.649700000000000000e+04,1.664855610843375034e+05,1.476246368655565744e-01,-1.476246368655565744e-01,1.000000000009648726e+00
2.660000000000000000e+04,1.671327291709769925e+05,-2.651907922603655154e-01,-2.651907922603655154e-01,1.000000000009967138e+00
2.670300000000000000e+04,1.677798972576164815e+05,5.352789171777821292e-02,-5.352789171777821292e-02,1.000000000010141887e+00
2.680700000000000000e+04,1.684333485295631690e+05,-6.047408707410220075e-01,6.047408707410220075e-01,1.000000000010558221e+00
2.691100000000000000e+04,1.690867998015098565e+05,-1.999093378206133476e-01,1.999093378206133476e-01,1.000000000010876855e+00
2.701600000000000000e+04,1.697465342587637133e+05,-2.744489021316018351e-01,-2.744489021316018351e-01,1.000000000011332491e+00
2.712100000000000000e+04,1.704062687160175701e+05,3.195556538245947209e-01,-3.195556538245947209e-01,1.000000000011462387e+00
2.722700000000000000e+04,1.710722863585785963e+05,3.526977971057026345e-02,-3.526977971057026345e-02,1.000000000011709966e+00
2.733300000000000000e+04,1.717383040011396224e+05,-3.428370423322503746e-01,3.428370423322503746e-01,1.000000000012071011e+00
2.743900000000000000e+04,1.724043216437006777e+05,-1.002509213741979988e-01,1.002509213741979988e-01,1.000000000012147394e+00
2.754600000000000000e+04,1.730766224715688732e+05,-1.686202695297381871e-01,-1.686202695297381871e-01,1.000000000012430057e+00
2.765300000000000000e+04,1.737489232994370977e+05,2.633251837770168580e-01,-2.633251837770168580e-01,1.000000000012613466e+00
2.776100000000000000e+04,1.744275073126124917e+05,-1.727631075667656890e-01,1.727631075667656890e-01,1.000000000013111956e+00
2.786900000000000000e+04,1.751060913257878856e+05,-3.919293882308788612e-01,3.919293882308788612e-01,1.000000000013278045e+00
2.797700000000000000e+04,1.757846753389632795e+05,2.250211226290932121e-01,-2.250211226290932121e-01,1.000000000013463231e+00
2.808600000000000000e+04,1.764695425374458719e+05,-3.928465767818781207e-01,-3.928465767818781207e-01,1.000000000014015678e+00
2.819500000000000000e+04,1.771544097359284351e+05,-1.563703659732179618e-01,1.563703659732179618e-01,1.000000000013983703e+00
2.830500000000000000e+04,1.778455601197181968e+05,-1.813374458957947577e-01,1.813374458957947577e-01,1.000000000014378054e+00
2.841500000000000000e+04,1.785367105035079294e+05,-1.885884660968902837e-01,1.885884660968902837e-01,1.000000000014647616e+00
2.852600000000000000e+04,1.792341440726048895e+05,-3.566742460642540191e-01,-3.566742460642540191e-01,1.000000000015097479e+00
2.863700000000000000e+04,1.799315776417018205e+05,7.316577709640141591e-02,-7.316577709640141591e-02,1.000000000015036639e+00
2.874800000000000000e+04,1.806290112107987516e+05,2.464012067629520186e-01,2.464012067629520186e-01,1.000000000015365931e+00
2.886000000000000000e+04,1.813327279652028519e+05,2.893792971410963921e-01,2.893792971410963921e-01,1.000000000015697443e+00
2.897200000000000000e+04,1.820364447196069814e+05,-1.524892255811587660e-01,-1.524892255811587660e-01,1.000000000015756729e+00
2.908500000000000000e+04,1.827464446593182511e+05,2.254827535377960934e-01,-2.254827535377960934e-01,1.000000000015742296e+00
2.919800000000000000e+04,1.834564445990295499e+05,-4.347402987613050579e-02,-4.347402987613050579e-02,1.000000000016219026e+00
2.931200000000000000e+04,1.841727277240480180e+05,5.297020680221263822e-01,5.297020680221263822e-01,1.000000000016220802e+00
2.942600000000000000e+04,1.848890108490665152e+05,-3.556827856776866303e-01,-3.556827856776866303e-01,1.000000000016298074e+00
2.954000000000000000e+04,1.856052939740849833e+05,-3.209914973600279109e-01,-3.209914973600279109e-01,1.000000000016556534e+00
2.965500000000000000e+04,1.863278602844106208e+05,5.099362417245591195e-02,-5.099362417245591195e-02,1.000000000016942669e+00
2.977100000000000000e+04,1.870567097800434567e+05,-2.010591718685104112e-01,2.010591718685104112e-01,1.000000000017254864e+00
2.988600000000000000e+04,1.877792760903691233e+05,3.370736787357544312e-02,3.370736787357544312e-02,1.000000000017265744e+00
3.000300000000000000e+04,1.885144087713091285e+05,3.337605753452765889e-01,-3.337605753452765889e-01,1.000000000017307489e+00
3.011900000000000000e+04,1.892432582669419644e+05,1.074247822631460292e-01,-1.074247822631460292e-01,1.000000000017650770e+00
3.023700000000000000e+04,1.899846741331891390e+05,-2.880494135649699916e-01,2.880494135649699916e-01,1.000000000017633672e+00
3.035400000000000000e+04,1.907198068141291733e+05,1.958440192661416168e-01,1.958440192661416168e-01,1.000000000017494006e+00
3.047200000000000000e+04,1.914612226803763479e+05,-3.315933556018483275e-01,-3.315933556018483275e-01,1.000000000017726931e+00
3.059100000000000000e+04,1.922089217319307209e+05,1.315951905429213198e-01,-1.315951905429213198e-01,1.000000000018430368e+00
3.071000000000000000e+04,1.929566207834850939e+05,2.116793636675681212e-01,2.116793636675681212e-01,1.000000000018362867e+00
3.082900000000000000e+04,1.937043198350394669e+05,-3.263924612051027907e-01,3.263924612051027907e-01,1.000000000018438140e+00
3.094900000000000000e+04,1.944583020719010092e+05,1.329961019770149189e-01,-1.329961019770149189e-01,1.000000000018462343e+00
3.107000000000000000e+04,1.952185674940697500e+05,-3.265076297273682426e-01,-3.265076297273682426e-01,1.000000000018722135e+00
3.119100000000000000e+04,1.959788329162384616e+05,-1.765269560377029645e-01,1.765269560377029645e-01,1.000000000018995472e+00
3.131200000000000000e+04,1.967390983384072024e+05,1.726267267436732977e-01,1.726267267436732977e-01,1.000000000019233726e+00
3.143400000000000000e+04,1.975056469458831125e+05,1.493506755946694131e-02,1.493506755946694131e-02,1.000000000019351853e+00
3.155600000000000000e+04,1.982721955533590226e+05,-2.787763573412813112e-01,-2.787763573412813112e-01,1.000000000019551250e+00
3.167900000000000000e+04,1.990450273461421020e+05,-1.939959565633651017e-01,1.939959565633651017e-01,1.000000000019892088e+00
3.180200000000000000e+04,1.998178591389252106e+05,5.484181356117633771e-02,5.484181356117633771e-02,1.000000000019577451e+00
3.192600000000000000e+04,2.005969741170154593e+05,-2.912428068635659062e-01,-2.912428068635659062e-01,1.000000000019850788e+00
3.205000000000000000e+04,2.013760890951057372e+05,-1.921956420882582339e-01,-1.921956420882582339e-01,1.000000000020019764e+00
3.217500000000000000e+04,2.021614872585031844e+05,-3.909863401631841207e-01,3.909863401631841207e-01,1.000000000019999558e+00
3.230000000000000000e+04,2.029468854219006316e+05,2.451765937298264475e-01,2.451765937298264475e-01,1.000000000020365265e+00
3.242600000000000000e+04,2.037385667706052773e+05,-2.236223078856444113e-01,-2.236223078856444113e-01,1.000000000020389246e+00
3.255200000000000000e+04,2.045302481193098938e+05,-1.867626314548565536e-01,-1.867626314548565536e-01,1.000000000020426105e+00
3.267900000000000000e+04,2.053282126533217088e+05,-3.945653702478730818e-01,3.945653702478730818e-01,1.000000000020386803e+00
3.280600000000000000e+04,2.061261771873334947e+05,2.086829252118522701e-02,2.086829252118522701e-02,1.000000000020634605e+00
3.293400000000000000e+04,2.069304249066524790e+05,-2.635434991556650508e-01,-2.635434991556650508e-01,1.000000000020900170e+00
3.306200000000000000e+04,2.077346726259714924e+05,-5.878970315034336841e-02,-5.878970315034336841e-02,1.000000000021074920e+00
3.319000000000000000e+04,2.085389203452904767e+05,2.383667709598983608e-01,2.383667709598983608e-01,1.000000000020996982e+00
3.331900000000000000e+04,2.093494512499166303e+05,-2.560086697317064466e-02,2.560086697317064466e-02,1.000000000020944579e+00
3.344900000000000000e+04,2.101662653398499824e+05,3.990923202473502518e-01,-3.990923202473502518e-01,1.000000000021166846e+00
3.357900000000000000e+04,2.109830794297833345e+05,-6.537643549797417242e-02,6.537643549797417242e-02,1.000000000021101343e+00
3.371000000000000000e+04,2.118061767050238559e+05,4.601577361332280791e-01,4.601577361332280791e-01,1.000000000021245006e+00
3.384100000000000000e+04,2.126292739802643773e+05,8.898375154518436969e-02,-8.898375154518436969e-02,1.000000000021590285e+00
3.397300000000000000e+04,2.134586544408120972e+05,1.771077238447537339e-01,-1.771077238447537339e-01,1.000000000021445068e+00
3.410500000000000000e+04,2.142880349013597879e+05,-3.122087312421382155e-01,3.122087312421382155e-01,1.000000000021811664e+00
3.423800000000000000e+04,2.151236985472146771e+05,2.374102752047681786e-01,2.374102752047681786e-01,1.000000000021998625e+00
3.437100000000000000e+04,2.159593621930695663e+05,3.531964942714389544e-01,-3.531964942714389544e-01,1.000000000021704638e+00
3.450500000000000000e+04,2.168013090242316248e+05,2.808315357392733858e-01,-2.808315357392733858e-01,1.000000000022037039e+00
3.463900000000000000e+04,2.176432558553936833e+05,-3.986590834009795525e-01,3.986590834009795525e-01,1.000000000021665114e+00
3.477400000000000000e+04,2.184914858718629403e+05,1.518889349257542543e-01,1.518889349257542543e-01,1.000000000022117863e+00
3.490900000000000000e+04,2.193397158883321681e+05,3.267196183459702419e-01,-3.267196183459702419e-01,1.000000000022164492e+00
3.504500000000000000e+04,2.201942290901085944e+05,-1.440132009553433401e-01,1.440132009553433401e-01,1.000000000022544633e+00
3.518100000000000000e+04,2.210487422918850207e+05,-3.571571422434020038e-01,3.571571422434020038e-01,1.000000000022555291e+00
3.531800000000000000e+04,2.219095386789686163e+05,-6.727537852775736238e-02,-6.727537852775736238e-02,1.000000000022759350e+00
3.545500000000000000e+04,2.227703350660522410e+05,1.922863384074519066e-01,-1.922863384074519066e-01,1.000000000022740698e+00
3.559300000000000000e+04,2.236374146384430060e+05,-2.601660703053159662e-01,2.601660703053159662e-01,1.000000000023130164e+00
3.573200000000000000e+04,2.245107773961409694e+05,2.490390632136083582e-01,2.490390632136083582e-01,1.000000000022715385e+00
3.587100000000000000e+04,2.253841401538389327e+05,2.328725307592307558e-01,-2.328725307592307558e-01,1.000000000023164359e+00
3.601100000000000000e+04,2.262637860968440655e+05,1.115751590265037091e-01,-1.115751590265037091e-01,1.000000000023024693e+00
3.615100000000000000e+04,2.271434320398492273e+05,-1.027276836164839335e-01,1.027276836164839335e-01,1.000000000022771562e+00
3.629100000000000000e+04,2.280230779828543600e+05,1.186610269529126543e-01,-1.186610269529126543e-01,1.000000000023299140e+00
3.643300000000000000e+04,2.289152902964738605e+05,1.819100376019372745e-01,-1.819100376019372745e-01,1.000000000023145041e+00
3.657400000000000000e+04,2.298012194247861917e+05,5.450301342597017040e-01,5.450301342597017040e-01,1.000000000022908786e+00
3.671700000000000000e+04,2.306997149237128615e+05,-8.938946753466484041e-02,8.938946753466484041e-02,1.000000000023360647e+00
3.685900000000000000e+04,2.315919272373323620e+05,1.942109317268393698e-01,-1.942109317268393698e-01,1.000000000023247404e+00
3.700300000000000000e+04,2.324967059215662302e+05,-1.019967670309979146e-01,1.019967670309979146e-01,1.000000000023260283e+00
3.714700000000000000e+04,2.334014846058000985e+05,-1.656897115809513321e-01,1.656897115809513321e-01,1.000000000022994051e+00
3.729100000000000000e+04,2.343062632900339377e+05,2.583391066854089368e-01,-2.583391066854089368e-01,1.000000000022912783e+00
3.743700000000000000e+04,2.352236083448821737e+05,1.782802079439531617e-01,-1.782802079439531617e-01,1.000000000023219426e+00
3.758200000000000000e+04,2.361346702144232113e+05,3.685819516733028212e-01,3.685819516733028212e-01,1.000000000022954083e+00
3.772800000000000000e+04,2.370520152692714182e+05,-8.284316465667303231e-02,-8.284316465667303231e-02,1.000000000023161695e+00
3.787500000000000000e+04,2.379756435094268236e+05,3.185418881570300509e-01,-3.185418881570300509e-01,1.000000000022698066e+00
3.802300000000000000e+04,2.389055549348893983e+05,-3.380358401258811707e-01,3.380358401258811707e-01,1.000000000023113067e+00
3.817100000000000000e+04,2.398354663603519730e+05,-2.812120746283025552e-02,2.812120746283025552e-02,1.000000000022603697e+00
3.831900000000000000e+04,2.407653777858145768e+05,3.575328439412150394e-01,-3.575328439412150394e-01,1.000000000022691626e+00
3.846800000000000000e+04,2.417015723965843208e+05,1.427501495323526548e-01,1.427501495323526548e-01,1.000000000022464253e+00
3.861800000000000000e+04,2.426440501926612633e+05,1.754170848961194573e-01,1.754170848961194573e-01,1.000000000022309710e+00
3.876800000000000000e+04,2.435865279887382057e+05,-1.664760183051449960e-01,-1.664760183051449960e-01,1.000000000022117419e+00
3.891900000000000000e+04,2.445352889701223176e+05,1.650575145970466229e-02,-1.650575145970466229e-02,1.000000000021873614e+00
3.907000000000000000e+04,2.454840499515064294e+05,2.421290689359878456e-01,2.421290689359878456e-01,1.000000000022025715e+00
3.922200000000000000e+04,2.464390941181977396e+05,-1.911082391407070424e-01,-1.911082391407070424e-01,1.000000000021547653e+00
3.937500000000000000e+04,2.474004214701962192e+05,7.652283329974013393e-02,-7.652283329974013393e-02,1.000000000021315616e+00
3.952800000000000000e+04,2.483617488221946987e+05,3.418279461177184952e-01,3.418279461177184952e-01,1.000000000021197266e+00
3.968200000000000000e+04,2.493293593595003476e+05,-1.294417812498363241e-01,-1.294417812498363241e-01,1.000000000020940361e+00
3.983600000000000000e+04,2.502969698968059965e+05,-2.827356524158415318e-01,-2.827356524158415318e-01,1.000000000020794921e+00
3.999100000000000000e+04,2.512708636194188439e+05,-3.403197625811987814e-01,3.403197625811987814e-01,1.000000000020615509e+00
4.014700000000000000e+04,2.522510405273388606e+05,-1.658750052367178804e-02,1.658750052367178804e-02,1.000000000020121016e+00
4.030300000000000000e+04,2.532312174352588772e+05,1.779158309266871130e-01,-1.779158309266871130e-01,1.000000000019796165e+00
4.046000000000000000e+04,2.542176775284860632e+05,2.875270680236962639e-01,2.875270680236962639e-01,1.000000000019505064e+00
4.061800000000000000e+04,2.552104208070204477e+05,1.204367754282746061e-01,1.204367754282746061e-01,1.000000000019124258e+00
4.077600000000000000e+04,2.562031640855548030e+05,-5.053357810602883138e-01,-5.053357810602883138e-01,1.000000000019054758e+00
4.093400000000000000e+04,2.571959073640891875e+05,7.023614637675106021e-02,7.023614637675106021e-02,1.000000000018880009e+00
4.109400000000000000e+04,2.582012170132379106e+05,-2.680248307468950653e-02,-2.680248307468950653e-02,1.000000000018383739e+00
4.125300000000000000e+04,2.592002434770794644e+05,3.612118859162569140e-01,-3.612118859162569140e-01,1.000000000018117507e+00
4.141400000000000000e+04,2.602118363115353859e+05,1.801036735094177499e-02,1.801036735094177499e-02,1.000000000017567503e+00
4.157500000000000000e+04,2.612234291459913075e+05,-7.198192641606872277e-02,7.198192641606872277e-02,1.000000000017157387e+00
4.173700000000000000e+04,2.622413051657543983e+05,4.284243218650449214e-01,-4.284243218650449214e-01,1.000000000016558754e+00
4.189900000000000000e+04,2.632591811855174601e+05,-1.673054618235965407e-01,1.673054618235965407e-01,1.000000000016427304e+00
4.206200000000000000e+04,2.642833403905877494e+05,2.288801013833664799e-01,2.288801013833664799e-01,1.000000000016135537e+00
4.222600000000000000e+04,2.653137827809652081e+05,-4.726803063863777021e-01,-4.726803063863777021e-01,1.000000000016066259e+00
4.239000000000000000e+04,2.663442251713426667e+05,2.557775180539783588e-01,2.557775180539783588e-01,1.000000000015365265e+00
4.255500000000000000e+04,2.673809507470272947e+05,-2.616800104294662033e-01,2.616800104294662033e-01,1.000000000015047963e+00
4.272100000000000000e+04,2.684239595080190920e+05,3.743444585024365834e-01,-3.743444585024365834e-01,1.000000000014329427e+00
4.288700000000000000e+04,2.694669682690108893e+05,-1.973081129286880508e-01,1.973081129286880508e-01,1.000000000014293455e+00
4.305400000000000000e+04,2.705162602153099142e+05,7.421999251123984759e-03,7.421999251123984759e-03,1.000000000013771206e+00
4.322100000000000000e+04,2.715655521616088809e+05,2.784314433812992151e-01,-2.784314433812992151e-01,1.000000000013341328e+00
4.339000000000000000e+04,2.726274104785222444e+05,4.163894652305734079e-01,4.163894652305734079e-01,1.000000000012899237e+00
4.355800000000000000e+04,2.736829856101284386e+05,1.947375804728224413e-01,1.947375804728224413e-01,1.000000000012651880e+00
4.372800000000000000e+04,2.747511271123489714e+05,-4.040740496575433993e-01,-4.040740496575433993e-01,1.000000000012363222e+00
4.389800000000000000e+04,2.758192686145695043e+05,2.551878275634485993e-01,2.551878275634485993e-01,1.000000000011831203e+00
4.406900000000000000e+04,2.768936933020972065e+05,1.540745596137709297e-02,-1.540745596137709297e-02,1.000000000011472379e+00
4.424000000000000000e+04,2.779681179896249087e+05,-3.733038459489853023e-01,-3.733038459489853023e-01,1.000000000010841328e+00
4.441200000000000000e+04,2.790488258624597802e+05,3.410843669579954884e-01,3.410843669579954884e-01,1.000000000010088597e+00
4.458500000000000000e+04,2.801358169206018792e+05,1.971676207153665594e-01,-1.971676207153665594e-01,1.000000000009763301e+00
4.475900000000000000e+04,2.812290911640510894e+05,2.046670634019076562e-01,-2.046670634019076562e-01,1.000000000009469980e+00
4.493300000000000000e+04,2.823223654075003578e+05,-2.834863752268463322e-01,2.834863752268463322e-01,1.000000000008850698e+00
4.510800000000000000e+04,2.834219228362567956e+05,-3.326448145057179229e-01,-3.326448145057179229e-01,1.000000000008463452e+00
4.528300000000000000e+04,2.845214802650131751e+05,2.588945032980023708e-02,-2.588945032980023708e-02,1.000000000008167467e+00
4.545900000000000000e+04,2.856273208790767821e+05,-1.769366742466883524e-01,1.769366742466883524e-01,1.000000000007965628e+00
4.563600000000000000e+04,2.867394446784476168e+05,-3.210938898830844046e-01,-3.210938898830844046e-01,1.000000000007343903e+00
4.581400000000000000e+04,2.878578516631255625e+05,3.954303351499247055e-02,3.954303351499247055e-02,1.000000000006890266e+00
4.599200000000000000e+04,2.889762586478035082e+05,3.311087143772460384e-01,3.311087143772460384e-01,1.000000000006423084e+00
4.617100000000000000e+04,2.901009488177886815e+05,4.336012508713004698e-01,-4.336012508713004698e-01,1.000000000005927481e+00
4.635100000000000000e+04,2.912319221730810241e+05,-2.769248454874999044e-01,2.769248454874999044e-01,1.000000000005574430e+00
4.653100000000000000e+04,2.923628955283733085e+05,9.134615073050504630e-02,-9.134615073050504630e-02,1.000000000004921175e+00
4.671200000000000000e+04,2.935001520689728204e+05,-1.770571896082877295e-01,-1.770571896082877295e-01,1.000000000004557243e+00
4.689400000000000000e+04,2.946436917948795017e+05,4.746441204373728073e-01,4.746441204373728073e-01,1.000000000004119372e+00
4.707600000000000000e+04,2.957872315207861830e+05,-3.574177081436669123e-01,-3.574177081436669123e-01,1.000000000003316680e+00
4.726000000000000000e+04,2.969433376173072611e+05,1.427527084680940640e-04,1.427527084680940640e-04,1.000000000003004264e+00
4.744300000000000000e+04,2.980931605285211117e+05,-1.339178691071568894e-01,1.339178691071568894e-01,1.000000000002399414e+00
4.762800000000000000e+04,2.992555498103493592e+05,-1.922585133174509464e-01,-1.922585133174509464e-01,1.000000000001921130e+00
4.781300000000000000e+04,3.004179390921775484e+05,-2.288665234907798218e-01,2.288665234907798218e-01,1.000000000001279199e+00
4.799900000000000000e+04,3.015866115593129653e+05,3.677791917454955595e-01,-3.677791917454955595e-01,1.000000000000516920e+00
4.818600000000000000e+04,3.027615672117555514e+05,-2.885701718823017320e-02,-2.885701718823017320e-02,1.000000000000113687e+00
4.837400000000000000e+04,3.039428060495053069e+05,3.449261543347183490e-01,3.449261543347183490e-01,9.999999999993223199e-01
4.856200000000000000e+04,3.051240448872550623e+05,-3.301457733813180084e-01,-3.301457733813180084e-01,9.999999999989214183e-01
4.875100000000000000e+04,3.063115669103119872e+05,-1.841325628681159676e-01,1.841325628681159676e-01,9.999999999980241361e-01
4.894100000000000000e+04,3.075053721186761395e+05,5.609676084245431016e-02,-5.609676084245431016e-02,9.999999999976547649e-01
4.913100000000000000e+04,3.086991773270402336e+05,3.277101201573360822e-01,-3.277101201573360822e-01,9.999999999971967979e-01
4.932200000000000000e+04,3.098992657207115553e+05,2.929741917295148323e-01,2.929741917295148323e-01,9.999999999965256681e-01
4.951400000000000000e+04,3.111056372996900463e+05,-4.004956388367277853e-01,-4.004956388367277853e-01,9.999999999953385066e-01
4.970700000000000000e+04,3.123182920639757067e+05,4.497017449441639836e-02,-4.497017449441639836e-02,9.999999999951234564e-01
4.990000000000000000e+04,3.135309468282613670e+05,-8.136758379369878058e-02,-8.136758379369878058e-02,9.999999999939543915e-01
5.009400000000000000e+04,3.147498847778541967e+05,-2.116317673266144839e-01,-2.116317673266144839e-01,9.999999999935640371e-01
5.028900000000000000e+04,3.159751059127541957e+05,-3.352059734380859468e-01,3.352059734380859468e-01,9.999999999926980632e-01
5.048500000000000000e+04,3.172066102329614223e+05,2.337725661069861571e-01,-2.337725661069861571e-01,9.999999999919518823e-01
5.068100000000000000e+04,3.184381145531685906e+05,-2.772012918739238940e-01,2.772012918739238940e-01,9.999999999912375648e-01
5.087900000000000000e+04,3.196821852439901559e+05,-2.371371971789972832e-01,2.371371971789972832e-01,9.999999999909265913e-01
5.107700000000000000e+04,3.209262559348117211e+05,4.240266497740855650e-02,-4.240266497740855650e-02,9.999999999897454250e-01
5.127500000000000000e+04,3.221703266256332863e+05,-4.699842184370419673e-01,4.699842184370419673e-01,9.999999999893146585e-01
5.147500000000000000e+04,3.234269636870691902e+05,2.772420701510270313e-01,-2.772420701510270313e-01,9.999999999884554569e-01
5.167500000000000000e+04,3.246836007485050941e+05,-2.814125921455188917e-01,2.814125921455188917e-01,9.999999999878153023e-01
5.187600000000000000e+04,3.259465209952482255e+05,3.740428549281577669e-02,3.740428549281577669e-02,9.999999999873625534e-01
5.207800000000000000e+04,3.272157244272984681e+05,-2.059740473457315757e-01,-2.059740473457315757e-01,9.999999999864125355e-01
5.228100000000000000e+04,3.284912110446559382e+05,-1.312061219910831689e-01,1.312061219910831689e-01,9.999999999857561717e-01
5.248400000000000000e+04,3.297666976620134083e+05,-4.313773161699276937e-01,-4.313773161699276937e-01,9.999999999852109411e-01
5.268800000000000000e+04,3.310484674646780477e+05,1.379284693007042095e-01,1.379284693007042095e-01,9.999999999844196852e-01
5.289300000000000000e+04,3.323365204526498565e+05,1.567189223866495840e-01,-1.567189223866495840e-01,9.999999999837982934e-01
5.309900000000000000e+04,3.336308566259288345e+05,-1.278064156848870425e-01,1.278064156848870425e-01,9.999999999830231356e-01
5.330600000000000000e+04,3.349314759845150402e+05,2.784334954818261723e-02,2.784334954818261723e-02,9.999999999824147334e-01
5.351300000000000000e+04,3.362320953431011876e+05,1.850672118517428522e-01,-1.850672118517428522e-01,9.999999999816392426e-01
5.372100000000000000e+04,3.375389978869945626e+05,-2.178200595902176906e-01,2.178200595902176906e-01,9.999999999815054608e-01
5.393000000000000000e+04,3.388521836161951069e+05,-1.903662466015782206e-01,-1.903662466015782206e-01,9.999999999806331585e-01
5.414000000000000000e+04,3.401716525307028205e+05,2.639558563591188900e-01,2.639558563591188900e-01,9.999999999803063089e-01
5.435100000000000000e+04,3.414974046305177035e+05,1.232715757739632212e-01,-1.232715757739632212e-01,9.999999999796856942e-01
5.456200000000000000e+04,3.428231567303325864e+05,1.362098924625319146e-02,1.362098924625319146e-02,9.999999999794016992e-01
5.477500000000000000e+04,3.441614752007618081e+05,-1.231389048365084948e-01,1.231389048365084948e-01,9.999999999788768967e-01
5.498800000000000000e+04,3.454997936711910879e+05,-3.297608533820686749e-01,-3.297608533820686749e-01,9.999999999786013394e-01
5.520200000000000000e+04,3.468443953269275371e+05,2.452145998823586082e-01,2.452145998823586082e-01,9.999999999779745075e-01
5.541700000000000000e+04,3.481952801679711556e+05,3.723201123384165534e-01,-3.723201123384165534e-01,9.999999999772949399e-01
5.563200000000000000e+04,3.495461650090147159e+05,3.070363973554401382e-01,3.070363973554401382e-01,9.999999999771925774e-01
5.584900000000000000e+04,3.509096162206727313e+05,4.212694089593118640e-01,-4.212694089593118640e-01,9.999999999768439674e-01
5.606600000000000000e+04,3.522730674323306885e+05,2.200548574351017528e-01,2.200548574351017528e-01,9.999999999765349923e-01
5.628400000000000000e+04,3.536428018292958150e+05,-1.781034585201577980e-01,-1.781034585201577980e-01,9.999999999759981995e-01
5.650300000000000000e+04,3.550188194115681690e+05,-6.739932601899738251e-02,6.739932601899738251e-02,9.999999999756775670e-01
5.672300000000000000e+04,3.564011201791476924e+05,-6.529506481556951458e-02,6.529506481556951458e-02,9.999999999754543012e-01
5.694400000000000000e+04,3.577897041320343851e+05,-1.459902826776487694e-01,-1.459902826776487694e-01,9.999999999755065927e-01
5.716500000000000000e+04,3.591782880849210196e+05,-2.350799376558877496e-01,2.350799376558877496e-01,9.999999999751683077e-01
5.738800000000000000e+04,3.605794384084221092e+05,-3.401233303148201159e-01,-3.401233303148201159e-01,9.999999999751586488e-01
5.761100000000000000e+04,3.619805887319231406e+05,-2.720946271505439440e-01,2.720946271505439440e-01,9.999999999752394730e-01
5.783500000000000000e+04,3.633880222407313413e+05,2.522214473949500047e-01,-2.522214473949500047e-01,9.999999999745329271e-01
5.806000000000000000e+04,3.648017389348467696e+05,2.564977267334273003e-01,2.564977267334273003e-01,9.999999999746671531e-01
5.828600000000000000e+04,3.662217388142693671e+05,-2.342840774799983261e-01,-2.342840774799983261e-01,9.999999999745483592e-01
5.851300000000000000e+04,3.676480218789991341e+05,-7.371916849535511962e-02,7.371916849535511962e-02,9.999999999743032220e-01
5.874100000000000000e+04,3.690805881290360703e+05,1.881722950620409451e-01,-1.881722950620409451e-01,9.999999999743176549e-01
5.896900000000000000e+04,3.705131543790730066e+05,-1.026298571850604857e-01,1.026298571850604857e-01,9.999999999739964673e-01
5.919900000000000000e+04,3.719582869997243397e+05,-1.123285377845015948e-02,1.123285377845015948e-02,9.999999999742410495e-01
5.942900000000000000e+04,3.734034196203756146e+05,-1.284799132937767263e-01,1.284799132937767263e-01,9.999999999737462231e-01
5.966000000000000000e+04,3.748548354263341171e+05,1.113177313738522856e-01,1.113177313738522856e-01,9.999999999736534084e-01
5.989200000000000000e+04,3.763125344175997889e+05,-1.608578846964111853e-01,-1.608578846964111853e-01,9.999999999736007839e-01
6.012500000000000000e+04,3.777765165941726300e+05,-8.809721725696742500e-02,8.809721725696742500e-02,9.999999999737005929e-01
6.035900000000000000e+04,3.792467819560526405e+05,1.536768571976309394e-01,-1.536768571976309394e-01,9.999999999736348677e-01
6.059400000000000000e+04,3.807233305032398202e+05,2.040072187815143989e-01,2.040072187815143989e-01,9.999999999740434298e-01
6.083000000000000000e+04,3.822061622357342276e+05,-3.015301082714068048e-01,-3.015301082714068048e-01,9.999999999738244938e-01
6.106700000000000000e+04,3.836952771535358042e+05,-2.367290496945457789e-01,2.367290496945457789e-01,9.999999999738163892e-01
6.130400000000000000e+04,3.851843920713373809e+05,-2.123442312654034714e-01,-2.123442312654034714e-01,9.999999999741068235e-01
6.154300000000000000e+04,3.866860733597532962e+05,-3.421108590293286955e-01,3.421108590293286955e-01,9.999999999740706302e-01
6.178200000000000000e+04,3.881877546481692116e+05,-1.693526598908229319e-01,-1.693526598908229319e-01,9.999999999743427459e-01
6.202300000000000000e+04,3.897020023071994656e+05,-3.211073437741564507e-01,3.211073437741564507e-01,9.999999999745440293e-01
6.226400000000000000e+04,3.912162499662297778e+05,-3.458877820521383817e-01,-3.458877820521383817e-01,9.999999999745680102e-01
6.250600000000000000e+04,3.927367808105672011e+05,2.437112722328104442e-01,2.437112722328104442e-01,9.999999999745844415e-01
6.274900000000000000e+04,3.942635948402118520e+05,4.302429764822623404e-01,-4.302429764822623404e-01,9.999999999750840418e-01
6.299400000000000000e+04,3.958029752404708415e+05,3.016417594782098699e-01,3.016417594782098699e-01,9.999999999757147595e-01
6.323900000000000000e+04,3.973423556407298311e+05,4.107374256594207296e-01,-4.107374256594207296e-01,9.999999999761232106e-01
6.348500000000000000e+04,3.988880192262960481e+05,-2.849846935436486928e-01,2.849846935436486928e-01,9.999999999763200531e-01
6.373200000000000000e+04,4.004399659971693764e+05,-2.757622967274148129e-01,-2.757622967274148129e-01,9.999999999768012238e-01
6.398000000000000000e+04,4.019981959533499321e+05,2.956133781334429056e-01,2.956133781334429056e-01,9.999999999772296588e-01
6.422900000000000000e+04,4.035627090948376572e+05,4.366548338122571149e-01,-4.366548338122571149e-01,9.999999999776769677e-01
6.447900000000000000e+04,4.051335054216325516e+05,-4.013749748684299345e-01,4.013749748684299345e-01,9.999999999783880655e-01
6.473000000000000000e+04,4.067105849337346153e+05,-1.935879379042376724e-01,-1.935879379042376724e-01,9.999999999789869198e-01
6.498100000000000000e+04,4.082876644458366791e+05,-2.416683208319847509e-01,2.416683208319847509e-01,9.999999999793099947e-01
6.523400000000000000e+04,4.098773103285531397e+05,-1.964553416229585792e-01,-1.964553416229585792e-01,9.999999999802940964e-01
6.548800000000000000e+04,4.114732393965767696e+05,1.993184629834596766e-01,1.993184629834596766e-01,9.999999999809051632e-01
6.574300000000000000e+04,4.130754516499075107e+05,2.919234815786577175e-01,-2.919234815786577175e-01,9.999999999821773677e-01
6.599900000000000000e+04,4.146839470885455376e+05,1.931376391784022858e-02,-1.931376391784022858e-02,9.999999999826955088e-01
6.625500000000000000e+04,4.162924425271835062e+05,2.187690193551396767e-01,-2.187690193551396767e-01,9.999999999837413389e-01
6.651300000000000000e+04,4.179135043364358135e+05,7.784290666395010660e-02,-7.784290666395010660e-02,9.999999999847520860e-01
6.677200000000000000e+04,4.195408493309953483e+05,8.817104185571128863e-03,8.817104185571128863e-03,9.999999999857550614e-01
6.703200000000000000e+04,4.211744775108620524e+05,-2.687437494769923663e-01,-2.687437494769923663e-01,9.999999999863359301e-01
6.729300000000000000e+04,4.228143888760358677e+05,-9.165451220653401607e-03,9.165451220653401607e-03,9.999999999871775902e-01
6.755500000000000000e+04,4.244605834265169688e+05,2.655873106583465648e-01,-2.655873106583465648e-01,9.999999999883116830e-01
6.781700000000000000e+04,4.261067779769980116e+05,-3.947857078108303330e-01,3.947857078108303330e-01,9.999999999890563096e-01
6.808100000000000000e+04,4.277655388980933931e+05,3.881372787575047556e-01,-3.881372787575047556e-01,9.999999999898334657e-01
6.834600000000000000e+04,4.294305830044960021e+05,3.398371172890684577e-01,3.398371172890684577e-01,9.999999999910833548e-01
6.861200000000000000e+04,4.311019102962057805e+05,-3.352663737906882435e-01,-3.352663737906882435e-01,9.999999999922518645e-01
6.887900000000000000e+04,4.327795207732227282e+05,-3.063602558973007040e-01,3.063602558973007040e-01,9.999999999930381245e-01
6.914700000000000000e+04,4.344634144355468452e+05,2.618808799043723101e-01,-2.618808799043723101e-01,9.999999999938052886e-01
6.941600000000000000e+04,4.361535912831781316e+05,-1.176707280024624248e-02,-1.176707280024624248e-02,9.999999999950645035e-01
6.968600000000000000e+04,4.378500513161166455e+05,8.628722223144084935e-02,8.628722223144084935e-02,9.999999999960207386e-01
6.995700000000000000e+04,4.395527945343623287e+05,2.550595841880888837e-01,-2.550595841880888837e-01,9.999999999967973396e-01
7.023000000000000000e+04,4.412681041232223506e+05,4.113680476036612466e-01,4.113680476036612466e-01,9.999999999976411091e-01
7.050300000000000000e+04,4.429834137120823725e+05,4.471854388126305091e-01,-4.471854388126305091e-01,9.999999999983623100e-01
7.077700000000000000e+04,4.447050064862495637e+05,-4.407747565515831578e-01,4.407747565515831578e-01,9.999999999995404787e-01
7.105300000000000000e+04,4.464391656310311519e+05,4.993313779691355148e-01,-4.993313779691355148e-01,1.000000000000831113e+00
7.132900000000000000e+04,4.481733247758126818e+05,-2.618557923295816159e-01,2.618557923295816159e-01,1.000000000001338929e+00
7.160700000000000000e+04,4.499200502912086085e+05,8.617619304553827964e-02,-8.617619304553827964e-02,1.000000000002260414e+00
7.188500000000000000e+04,4.516667758066045353e+05,4.172189218698035829e-02,-4.172189218698035829e-02,1.000000000003001821e+00
7.216500000000000000e+04,4.534260676926148590e+05,-8.993684876519469906e-02,8.993684876519469906e-02,1.000000000003908873e+00
7.244600000000000000e+04,4.551916427639322937e+05,-8.422787201647018163e-02,-8.422787201647018163e-02,1.000000000005001999e+00
7.272800000000000000e+04,4.569635010205569561e+05,2.673549833420120758e-01,2.673549833420120758e-01,1.000000000005673906e+00
7.301100000000000000e+04,4.587416424624887877e+05,5.280926838265023182e-01,-5.280926838265023182e-01,1.000000000006451950e+00
7.329500000000000000e+04,4.605260670897277887e+05,-2.746498503971587790e-01,2.746498503971587790e-01,1.000000000007253087e+00
7.358000000000000000e+04,4.623167749022739590e+05,1.052533271180200736e-01,1.052533271180200736e-01,1.000000000008381074e+00
7.386600000000000000e+04,4.641137659001272987e+05,-7.488291140621665398e-02,-7.488291140621665398e-02,1.000000000009379386e+00
7.415400000000000000e+04,4.659233232685950352e+05,2.823598554665613380e-01,2.823598554665613380e-01,1.000000000010164758e+00
7.444200000000000000e+04,4.677328806370627717e+05,-2.822373722851934663e-01,-2.822373722851934663e-01,1.000000000010767831e+00
7.473200000000000000e+04,4.695550043761448469e+05,3.898530543700934325e-01,3.898530543700934325e-01,1.000000000011883605e+00
7.502300000000000000e+04,4.713834113005340914e+05,6.360308200339354068e-02,-6.360308200339354068e-02,1.000000000012485346e+00
7.531400000000000000e+04,4.732118182249233359e+05,2.832717172408161926e-02,2.832717172408161926e-02,1.000000000013955059e+00
7.560800000000000000e+04,4.750590747052341467e+05,2.553815749974535643e-01,2.553815749974535643e-01,1.000000000014803936e+00
7.590200000000000000e+04,4.769063311855449574e+05,-3.087268519190398131e-01,-3.087268519190398131e-01,1.000000000015201396e+00
7.619700000000000000e+04,4.787598708511629375e+05,-3.415550917780170725e-01,3.415550917780170725e-01,1.000000000015988544e+00
7.649400000000000000e+04,4.806259768873952562e+05,7.295879203211025343e-02,7.295879203211025343e-02,1.000000000016929791e+00
7.679100000000000000e+04,4.824920829236276331e+05,5.782336065379467538e-02,-5.782336065379467538e-02,1.000000000017794211e+00
7.709000000000000000e+04,4.843707553304742905e+05,2.019021810349335144e-01,2.019021810349335144e-01,1.000000000018498314e+00
7.739000000000000000e+04,4.862557109226281755e+05,-3.028896192030414158e-01,-3.028896192030414158e-01,1.000000000019206192e+00
7.769100000000000000e+04,4.881469497000892297e+05,-2.244219218148062189e-01,2.244219218148062189e-01,1.000000000020347501e+00
7.799300000000000000e+04,4.900444716628574533e+05,2.303145243574249990e-01,-2.303145243574249990e-01,1.000000000021039170e+00
7.829700000000000000e+04,4.919545599962400738e+05,3.721197032280749717e-01,-3.721197032280749717e-01,1.000000000021397994e+00
7.860100000000000000e+04,4.938646483296226361e+05,-2.481281915276234151e-01,2.481281915276234151e-01,1.000000000021632030e+00
7.890700000000000000e+04,4.957873030336195952e+05,1.651703153839685079e-01,-1.651703153839685079e-01,1.000000000022212232e+00
7.921400000000000000e+04,4.977162409229237237e+05,2.434732866435210252e-02,2.434732866435210252e-02,1.000000000022566615e+00
7.952300000000000000e+04,4.996577451828422491e+05,-3.215802319941939436e-01,3.215802319941939436e-01,1.000000000023032243e+00
7.983200000000000000e+04,5.015992494427607162e+05,-3.689699846761278490e-01,-3.689699846761278490e-01,1.000000000023582913e+00
8.014300000000000000e+04,5.035533200732935802e+05,-1.441048160784312859e-01,1.441048160784312859e-01,1.000000000023760327e+00
8.045400000000000000e+04,5.055073907038264442e+05,1.319175667201862301e-01,1.319175667201862301e-01,1.000000000023621993e+00
8.076800000000000000e+04,5.074803108902808162e+05,-2.540707402318198027e-01,-2.540707402318198027e-01,1.000000000024472868e+00
8.108200000000000000e+04,5.094532310767351883e+05,3.198860250834869579e-01,3.198860250834869579e-01,1.000000000023696822e+00
8.139700000000000000e+04,5.114324344484967878e+05,3.026479968905516071e-01,-3.026479968905516071e-01,1.000000000023790747e+00
8.171400000000000000e+04,5.134242041908727260e+05,-2.884848159352041974e-01,-2.884848159352041974e-01,1.000000000023611779e+00
8.203200000000000000e+04,5.154222571185558336e+05,3.175784780976065313e-01,3.175784780976065313e-01,1.000000000023935520e+00
8.235100000000000000e+04,5.174265932315461105e+05,8.170152038616097789e-02,-8.170152038616097789e-02,1.000000000023324898e+00
8.267200000000000000e+04,5.194434957151507260e+05,-1.476838568829032805e-01,-1.476838568829032805e-01,1.000000000023281377e+00
8.299300000000000000e+04,5.214603981987553998e+05,-2.847623917668865023e-01,2.847623917668865023e-01,1.000000000023128388e+00
8.331600000000000000e+04,5.234898670529744122e+05,-1.146858416978600581e-01,-1.146858416978600581e-01,1.000000000022892577e+00
8.364000000000000000e+04,5.255256190925005358e+05,-1.726559522350085141e-01,-1.726559522350085141e-01,1.000000000022963631e+00
8.396600000000000000e+04,5.275739375026411144e+05,1.721738033831172465e-01,1.721738033831172465e-01,1.000000000022621460e+00
8.429300000000000000e+04,5.296285390980888624e+05,1.725600266162385932e-01,-1.725600266162385932e-01,1.000000000022451818e+00
8.462000000000000000e+04,5.316831406935366103e+05,-1.522051027760669140e-01,-1.522051027760669140e-01,1.000000000021866509e+00
8.495000000000000000e+04,5.337565918449058663e+05,2.974655451893110647e-01,2.974655451893110647e-01,1.000000000021544544e+00
8.528000000000000000e+04,5.358300429962751223e+05,1.050009343928828137e-02,1.050009343928828137e-02,1.000000000021318503e+00
8.561200000000000000e+04,5.379160605182587169e+05,-3.105976681259159378e-01,-3.105976681259159378e-01,1.000000000020444757e+00
8.594500000000000000e+04,5.400083612255494809e+05,-3.120135257543500962e-01,3.120135257543500962e-01,1.000000000020053736e+00
8.628000000000000000e+04,5.421132283034546999e+05,-2.591899279779600884e-01,-2.591899279779600884e-01,1.000000000020000890e+00
8.661500000000000000e+04,5.442180953813599190e+05,2.318323163657662056e-01,-2.318323163657662056e-01,1.000000000019693802e+00
8.695200000000000000e+04,5.463355288298793603e+05,3.430895118945728739e-01,3.430895118945728739e-01,1.000000000019054758e+00
8.729100000000000000e+04,5.484655286490132567e+05,-1.559333337489813565e-01,1.559333337489813565e-01,1.000000000018735680e+00
8.763000000000000000e+04,5.505955284681471530e+05,-5.540432160905650605e-01,-5.540432160905650605e-01,1.000000000018264057e+00
8.797100000000000000e+04,5.527380946578953881e+05,-1.315479049819179014e-01,1.315479049819179014e-01,1.000000000017438717e+00
8.831400000000000000e+04,5.548932272182579618e+05,2.047945803836127010e-01,2.047945803836127010e-01,1.000000000016807000e+00
8.865700000000000000e+04,5.570483597786205355e+05,3.472432093770170813e-01,-3.472432093770170813e-01,1.000000000016223023e+00
8.900200000000000000e+04,5.592160587095975643e+05,-1.075515598171481457e-01,-1.075515598171481457e-01,1.000000000016132207e+00
8.934900000000000000e+04,5.613963240111888153e+05,-3.156978219926564466e-01,3.156978219926564466e-01,1.000000000015288881e+00
8.969600000000000000e+04,5.635765893127801828e+05,-9.103174834919472436e-02,-9.103174834919472436e-02,1.000000000014099610e+00
9.004500000000000000e+04,5.657694209849858889e+05,4.777500890374153375e-01,-4.777500890374153375e-01,1.000000000013242074e+00
9.039600000000000000e+04,5.679748190278059337e+05,9.399770761910052064e-02,9.399770761910052064e-02,1.000000000012364332e+00
9.074700000000000000e+04,5.701802170706258621e+05,-1.805336346074557508e-01,1.805336346074557508e-01,1.000000000011323165e+00
9.110000000000000000e+04,5.723981814840603620e+05,-3.482962509091311887e-01,-3.482962509091311887e-01,1.000000000010504264e+00
9.145500000000000000e+04,5.746287122681090841e+05,2.031156452839144588e-01,-2.031156452839144588e-01,1.000000000009285683e+00
9.181100000000000000e+04,5.768655262374649756e+05,-2.622846400050881654e-01,2.622846400050881654e-01,1.000000000008446577e+00
9.216800000000000000e+04,5.791086233921281528e+05,-1.717593173654936509e-02,-1.717593173654936509e-02,1.000000000007367218e+00
9.252700000000000000e+04,5.813642869174055522e+05,2.442089588213995910e-01,-2.442089588213995910e-01,1.000000000006202816e+00
9.288700000000000000e+04,5.836262336279902374e+05,8.522177966476042477e-02,-8.522177966476042477e-02,1.000000000004728662e+00
9.324800000000000000e+04,5.858944635238820920e+05,2.640750229760739365e-01,2.640750229760739365e-01,1.000000000003959277e+00
9.361100000000000000e+04,5.881752597903882852e+05,4.525296007831743766e-02,-4.525296007831743766e-02,1.000000000002831069e+00
9.397500000000000000e+04,5.904623392422016477e+05,2.594391816323856625e-01,-2.594391816323856625e-01,1.000000000001471934e+00
9.434100000000000000e+04,5.927619850646293489e+05,5.867814265209721214e-02,-5.867814265209721214e-02,1.000000000000566880e+00
9.470800000000000000e+04,5.950679140723642195e+05,2.515572990018314359e-01,2.515572990018314359e-01,9.999999999994776401e-01
9.507600000000000000e+04,5.973801262654063758e+05,6.602755515747758819e-02,6.602755515747758819e-02,9.999999999981148413e-01
9.544600000000000000e+04,5.997049048290627543e+05,-3.718788394831369359e-01,-3.718788394831369359e-01,9.999999999970542452e-01
9.581800000000000000e+04,6.020422497633335879e+05,-6.642147707210328822e-02,-6.642147707210328822e-02,9.999999999964960251e-01
9.619000000000000000e+04,6.043795946976044215e+05,3.138316736714465982e-01,3.138316736714465982e-01,9.999999999955371255e-01
9.656500000000000000e+04,6.067357891877967631e+05,1.115629438854667116e-01,-1.115629438854667116e-01,9.999999999946231899e-01
9.694100000000000000e+04,6.090982668632962741e+05,2.525989095589371014e-01,-2.525989095589371014e-01,9.999999999934343631e-01
9.731800000000000000e+04,6.114670277241029544e+05,-6.803004760806470597e-02,-6.803004760806470597e-02,9.999999999927023930e-01
9.769600000000000000e+04,6.138420717702168040e+05,1.887178930514719355e-01,1.887178930514719355e-01,9.999999999918270932e-01
9.807700000000000000e+04,6.162359653722522780e+05,-1.237104349316394264e-01,1.237104349316394264e-01,9.999999999910479387e-01
9.845800000000000000e+04,6.186298589742877521e+05,-4.822107464131736299e-02,-4.822107464131736299e-02,9.999999999901489911e-01
9.884100000000000000e+04,6.210363189469374483e+05,3.382340438149572526e-01,-3.382340438149572526e-01,9.999999999892209557e-01
9.922600000000000000e+04,6.234553452902015997e+05,-5.347296668709342060e-02,-5.347296668709342060e-02,9.999999999883100177e-01
9.961200000000000000e+04,6.258806548187729204e+05,3.583465004516237506e-01,3.583465004516237506e-01,9.999999999873631085e-01
1.000000000000000000e+05,6.283185307179585798e+05,1.722362564708380950e-01,1.722362564708380950e-01,9.999999999866402423e-01
