n,t,mx,z,norm
0.000000000000000000e+00,0.000000000000000000e+00,9.999999999999996669e-01,9.999999999999996669e-01,1.000000000000000000e+00
1.000000000000000000e+00,6.283185307179586232e+00,-9.985266368578300522e-01,9.985266368578300522e-01,9.999999999999008571e-01
2.000000000000000000e+00,1.256637061435917246e+01,9.992628522755861997e-01,9.992628522755861997e-01,1.000000000000013323e+00
3.000000000000000000e+00,1.884955592153875870e+01,-9.993551825117684695e-01,9.993551825117684695e-01,9.999999999999222844e-01
4.000000000000000000e+00,2.513274122871834493e+01,9.982878726747328457e-01,9.982878726747328457e-01,1.000000000000035971e+00
5.000000000000000000e+00,3.141592653589793116e+01,-9.995448916279253693e-01,9.995448916279253693e-01,9.999999999999386047e-01
6.000000000000000000e+00,3.769911184307751739e+01,9.981701786198398096e-01,9.981701786198398096e-01,1.000000000000047073e+00
7.000000000000000000e+00,4.398229715025710362e+01,-9.989991110053992873e-01,9.989991110053992873e-01,9.999999999999383826e-01
8.000000000000000000e+00,5.026548245743668986e+01,9.987687115878665089e-01,9.987687115878665089e-01,1.000000000000039524e+00
9.000000000000000000e+00,5.654866776461627609e+01,-9.984634028393056804e-01,9.984634028393056804e-01,9.999999999999251710e-01
1.000000000000000000e+01,6.283185307179586232e+01,9.991998617921500347e-01,9.991998617921500347e-01,1.000000000000021538e+00
1.100000000000000000e+01,6.911503837897544145e+01,-9.985114585634138340e-01,9.985114585634138340e-01,9.999999999999089617e-01
1.200000000000000000e+01,7.539822368615503478e+01,9.990831566015654364e-01,9.990831566015654364e-01,1.000000000000007994e+00
1.300000000000000000e+01,8.168140899333462812e+01,-9.988745664609306463e-01,9.988745664609306463e-01,9.999999999999010791e-01
1.400000000000000000e+01,8.796459430051420725e+01,9.986899811627891754e-01,9.986899811627891754e-01,1.000000000000007550e+00
1.500000000000000000e+01,9.424777960769378637e+01,-9.988945400717498257e-01,9.988945400717498257e-01,9.999999999999055200e-01
1.600000000000000000e+01,1.005309649148733797e+02,9.986180920042496689e-01,9.986180920042496689e-01,1.000000000000017986e+00
1.700000000000000000e+01,1.068141502220529730e+02,-9.984104108611125961e-01,9.984104108611125961e-01,9.999999999999190647e-01
1.800000000000000000e+01,1.130973355292325522e+02,9.990043951798729394e-01,9.990043951798729394e-01,1.000000000000031086e+00
1.900000000000000000e+01,1.193805208364121313e+02,-9.985322824379226914e-01,9.985322824379226914e-01,9.999999999999338307e-01
2.000000000000000000e+01,1.256637061435917246e+02,9.988398730720403629e-01,9.988398730720403629e-01,1.000000000000043077e+00
2.100000000000000000e+01,1.319468914507713180e+02,-9.992226483826431860e-01,9.992226483826431860e-01,9.999999999999421574e-01
2.200000000000000000e+01,1.382300767579508829e+02,9.982609519667063891e-01,9.982609519667063891e-01,1.000000000000044409e+00
2.300000000000000000e+01,1.445132620651304762e+02,-9.994118159015159542e-01,9.994118159015159542e-01,9.999999999999318323e-01
2.400000000000000000e+01,1.507964473723100696e+02,9.982236449778364440e-01,9.982236449778364440e-01,1.000000000000029310e+00
2.500000000000000000e+01,1.570796326794896629e+02,-9.986894199242581927e-01,9.986894199242581927e-01,9.999999999999101830e-01
2.600000000000000000e+01,1.633628179866692562e+02,9.990381018505894994e-01,9.990381018505894994e-01,1.000000000000008660e+00
2.700000000000000000e+01,1.696460032938488212e+02,-9.980069405387695936e-01,9.980069405387695936e-01,9.999999999998951949e-01
2.800000000000000000e+01,1.759291886010284145e+02,9.995681074453636183e-01,9.995681074453636183e-01,1.000000000000001554e+00
2.900000000000000000e+01,1.822123739082080078e+02,-9.981315837262938473e-01,9.981315837262938473e-01,9.999999999999025224e-01
3.000000000000000000e+01,1.884955592153875727e+02,9.991534344371478804e-01,9.991534344371478804e-01,1.000000000000014655e+00
3.100000000000000000e+01,1.947787445225671661e+02,-9.989111140851308912e-01,9.989111140851308912e-01,9.999999999999247269e-01
3.200000000000000000e+01,2.010619298297467594e+02,9.983153621566297486e-01,9.983153621566297486e-01,1.000000000000038192e+00
3.300000000000000000e+01,2.073451151369263528e+02,-9.996339543141193884e-01,9.996339543141193884e-01,9.999999999999414912e-01
3.400000000000000000e+01,2.136283004441059461e+02,9.978945734946190749e-01,9.978945734946190749e-01,1.000000000000049294e+00
3.500000000000000000e+01,2.199114857512855110e+02,-9.991952463562916442e-01,9.991952463562916442e-01,9.999999999999391598e-01
3.600000000000000000e+01,2.261946710584651044e+02,9.985459541472856415e-01,9.985459541472856415e-01,1.000000000000038414e+00
3.700000000000000000e+01,2.324778563656446977e+02,-9.983337149085139695e-01,9.983337149085139695e-01,9.999999999999203970e-01
3.800000000000000000e+01,2.387610416728242626e+02,9.993112177850282940e-01,9.993112177850282940e-01,1.000000000000015543e+00
3.900000000000000000e+01,2.450442269800038559e+02,-9.982089594609796501e-01,9.982089594609796501e-01,9.999999999999030775e-01
4.000000000000000000e+01,2.513274122871834493e+02,9.992736789426169830e-01,9.992736789426169830e-01,1.000000000000003109e+00
4.100000000000000000e+01,2.576105975943630142e+02,-9.988042234811427278e-01,9.988042234811427278e-01,9.999999999998994138e-01
4.200000000000000000e+01,2.638937829015426360e+02,9.986633058091238802e-01,9.986633058091238802e-01,1.000000000000007327e+00
4.300000000000000000e+01,2.701769682087222009e+02,-9.989983740177612592e-01,9.989983740177612592e-01,9.999999999999080735e-01
4.400000000000000000e+01,2.764601535159017658e+02,9.986011530979068684e-01,9.986011530979068684e-01,1.000000000000020650e+00
4.500000000000000000e+01,2.827433388230813875e+02,-9.988044954378116902e-01,9.988044954378116902e-01,9.999999999999216183e-01
4.600000000000000000e+01,2.890265241302609525e+02,9.989236926062883271e-01,9.989236926062883271e-01,1.000000000000033751e+00
4.700000000000000000e+01,2.953097094374405742e+02,-9.987980076451776767e-01,9.987980076451776767e-01,9.999999999999333866e-01
4.800000000000000000e+01,3.015928947446201391e+02,9.990059187215275527e-01,9.990059187215275527e-01,1.000000000000040190e+00
4.900000000000000000e+01,3.078760800517997041e+02,-9.990504673596865004e-01,9.990504673596865004e-01,9.999999999999359401e-01
5.000000000000000000e+01,3.141592653589793258e+02,9.986537767929241083e-01,9.986537767929241083e-01,1.000000000000035971e+00
5.100000000000000000e+01,3.204424506661588907e+02,-9.992802282220584198e-01,9.992802282220584198e-01,9.999999999999249489e-01
5.200000000000000000e+01,3.267256359733385125e+02,9.983483320944174233e-01,9.983483320944174233e-01,1.000000000000022871e+00
5.300000000000000000e+01,3.330088212805180774e+02,-9.989015448342446479e-01,9.989015448342446479e-01,9.999999999999064082e-01
5.400000000000000000e+01,3.392920065876976423e+02,9.987819956449976999e-01,9.987819956449976999e-01,1.000000000000006661e+00
5.500000000000000000e+01,3.455751918948772641e+02,-9.981608475952514770e-01,9.981608475952514770e-01,9.999999999998941957e-01
5.600000000000000000e+01,3.518583772020568290e+02,9.994443146582169257e-01,9.994443146582169257e-01,1.000000000000001110e+00
5.700000000000000000e+01,3.581415625092363939e+02,-9.979850670213059605e-01,9.979850670213059605e-01,9.999999999999016342e-01
5.800000000000000000e+01,3.644247478164160157e+02,9.993638479752955384e-01,9.993638479752955384e-01,1.000000000000013989e+00
5.900000000000000000e+01,3.707079331235955806e+02,-9.989161484715618489e-01,9.989161484715618489e-01,9.999999999999231726e-01
6.000000000000000000e+01,3.769911184307751455e+02,9.983617191534132074e-01,9.983617191534132074e-01,1.000000000000036415e+00
6.100000000000000000e+01,3.832743037379547673e+02,-9.996249848534208837e-01,9.996249848534208837e-01,9.999999999999399369e-01
6.200000000000000000e+01,3.895574890451343322e+02,9.977859481768345251e-01,9.977859481768345251e-01,1.000000000000046407e+00
6.300000000000000000e+01,3.958406743523139539e+02,-9.991567048776401894e-01,9.991567048776401894e-01,9.999999999999354960e-01
6.400000000000000000e+01,4.021238596594935188e+02,9.982379897754821707e-01,9.982379897754821707e-01,1.000000000000034195e+00
6.500000000000000000e+01,4.084070449666730838e+02,-9.982332288453042990e-01,9.982332288453042990e-01,9.999999999999148459e-01
6.600000000000000000e+01,4.146902302738527055e+02,9.990684151854891670e-01,9.990684151854891670e-01,1.000000000000010658e+00
6.700000000000000000e+01,4.209734155810322704e+02,-9.978870716187447920e-01,9.978870716187447920e-01,9.999999999998964162e-01
6.800000000000000000e+01,4.272566008882118922e+02,9.993416684941766048e-01,9.993416684941766048e-01,9.999999999999972244e-01
6.900000000000000000e+01,4.335397861953914571e+02,-9.984168806554006848e-01,9.984168806554006848e-01,9.999999999998946398e-01
7.000000000000000000e+01,4.398229715025710220e+02,9.988095658311302305e-01,9.988095658311302305e-01,1.000000000000003553e+00
7.100000000000000000e+01,4.461061568097506438e+02,-9.990242973790496306e-01,9.990242973790496306e-01,9.999999999999076294e-01
7.200000000000000000e+01,4.523893421169302087e+02,9.982770652883760087e-01,9.982770652883760087e-01,1.000000000000021982e+00
7.300000000000000000e+01,4.586725274241097736e+02,-9.990390527202388515e-01,9.990390527202388515e-01,9.999999999999236167e-01
7.400000000000000000e+01,4.649557127312893954e+02,9.983861812727208296e-01,9.983861812727208296e-01,1.000000000000035527e+00
7.500000000000000000e+01,4.712388980384689603e+02,-9.985360801496195871e-01,9.985360801496195871e-01,9.999999999999321654e-01
7.600000000000000000e+01,4.775220833456485252e+02,9.988398036822719872e-01,9.988398036822719872e-01,1.000000000000037081e+00
7.700000000000000000e+01,4.838052686528281470e+02,-9.985714862610889364e-01,9.985714862610889364e-01,9.999999999999303890e-01
7.800000000000000000e+01,4.900884539600077119e+02,9.986333190891841793e-01,9.986333190891841793e-01,1.000000000000030198e+00
7.900000000000000000e+01,4.963716392671873336e+02,-9.989345253672432534e-01,9.989345253672432534e-01,9.999999999999192868e-01
8.000000000000000000e+01,5.026548245743668986e+02,9.983658496965119866e-01,9.983658496965119866e-01,1.000000000000017097e+00
8.100000000000000000e+01,5.089380098815464635e+02,-9.988542236238558969e-01,9.988542236238558969e-01,9.999999999999028555e-01
8.200000000000000000e+01,5.152211951887260284e+02,9.986525799246257495e-01,9.986525799246257495e-01,1.000000000000004219e+00
8.300000000000000000e+01,5.215043804959057070e+02,-9.982786069933680118e-01,9.982786069933680118e-01,9.999999999998937517e-01
8.400000000000000000e+01,5.277875658030852719e+02,9.991882213545317803e-01,9.991882213545317803e-01,1.000000000000002220e+00
8.500000000000000000e+01,5.340707511102648368e+02,-9.980683540736423609e-01,9.980683540736423609e-01,9.999999999999030775e-01
8.600000000000000000e+01,5.403539364174444017e+02,9.991847436591125842e-01,9.991847436591125842e-01,1.000000000000015765e+00
8.700000000000000000e+01,5.466371217246239667e+02,-9.986769729875082380e-01,9.986769729875082380e-01,9.999999999999238387e-01
8.800000000000000000e+01,5.529203070318035316e+02,9.985292470746687243e-01,9.985292470746687243e-01,1.000000000000035305e+00
8.900000000000000000e+01,5.592034923389832102e+02,-9.994092269816760021e-01,9.994092269816760021e-01,9.999999999999390488e-01
9.000000000000000000e+01,5.654866776461627751e+02,9.978951635571381429e-01,9.978951635571381429e-01,1.000000000000043965e+00
9.100000000000000000e+01,5.717698629533423400e+02,-9.994157693772621753e-01,9.994157693772621753e-01,9.999999999999332756e-01
9.200000000000000000e+01,5.780530482605219049e+02,9.981066554556026205e-01,9.981066554556026205e-01,1.000000000000031308e+00
9.300000000000000000e+01,5.843362335677014698e+02,-9.984752335975048965e-01,9.984752335975048965e-01,9.999999999999107381e-01
9.400000000000000000e+01,5.906194188748811484e+02,9.992223344594322043e-01,9.992223344594322043e-01,1.000000000000005329e+00
9.500000000000000000e+01,5.969026041820607134e+02,-9.979114359423789660e-01,9.979114359423789660e-01,9.999999999998900879e-01
9.600000000000000000e+01,6.031857894892402783e+02,9.996912273955937955e-01,9.996912273955937955e-01,9.999999999999915623e-01
9.700000000000000000e+01,6.094689747964198432e+02,-9.983919539566070700e-01,9.983919539566070700e-01,9.999999999998911981e-01
9.800000000000000000e+01,6.157521601035994081e+02,9.990037078244425883e-01,9.990037078244425883e-01,1.000000000000001998e+00
9.900000000000000000e+01,6.220353454107790867e+02,-9.991588113720143438e-01,9.991588113720143438e-01,9.999999999999082956e-01
1.000000000000000000e+02,6.283185307179586516e+02,9.981831189103751445e-01,9.981831189103751445e-01,1.000000000000023093e+00
1.010000000000000000e+02,6.346017160251382165e+02,-9.991968934411485925e-01,9.991968934411485925e-01,9.999999999999255040e-01
1.020000000000000000e+02,6.408849013323177815e+02,9.982514651377697446e-01,9.982514651377697446e-01,1.000000000000036193e+00
1.030000000000000000e+02,6.471680866394973464e+02,-9.987335601723108525e-01,9.987335601723108525e-01,9.999999999999307221e-01
1.040000000000000000e+02,6.534512719466770250e+02,9.986986469333782868e-01,9.986986469333782868e-01,1.000000000000034861e+00
1.050000000000000000e+02,6.597344572538565899e+02,-9.984861397052565701e-01,9.984861397052565701e-01,9.999999999999239497e-01
1.060000000000000000e+02,6.660176425610361548e+02,9.988651066002542933e-01,9.988651066002542933e-01,1.000000000000021982e+00
1.070000000000000000e+02,6.723008278682157197e+02,-9.986044885008642513e-01,9.986044885008642513e-01,9.999999999999101830e-01
1.080000000000000000e+02,6.785840131753952846e+02,9.986971752407050040e-01,9.986971752407050040e-01,1.000000000000007994e+00
1.090000000000000000e+02,6.848671984825748495e+02,-9.988214498060692392e-01,9.988214498060692392e-01,9.999999999998971933e-01
1.100000000000000000e+02,6.911503837897545282e+02,9.984126896909573112e-01,9.984126896909573112e-01,1.000000000000001776e+00
1.110000000000000000e+02,6.974335690969340931e+02,-9.984091064030125029e-01,9.984091064030125029e-01,9.999999999998948619e-01
1.120000000000000000e+02,7.037167544041136580e+02,9.986892342573429060e-01,9.986892342573429060e-01,1.000000000000005107e+00
1.130000000000000000e+02,7.099999397112932229e+02,-9.979896271749997272e-01,9.979896271749997272e-01,9.999999999999052980e-01
1.140000000000000000e+02,7.162831250184727878e+02,9.990084732258838196e-01,9.990084732258838196e-01,1.000000000000018208e+00
1.150000000000000000e+02,7.225663103256524664e+02,-9.983684106959554994e-01,9.983684106959554994e-01,9.999999999999241718e-01
1.160000000000000000e+02,7.288494956328320313e+02,9.986323700042257778e-01,9.986323700042257778e-01,1.000000000000035083e+00
1.170000000000000000e+02,7.351326809400115962e+02,-9.992661783175549317e-01,9.992661783175549317e-01,9.999999999999376055e-01
1.180000000000000000e+02,7.414158662471911612e+02,9.978589997006850343e-01,9.978589997006850343e-01,1.000000000000042188e+00
1.190000000000000000e+02,7.476990515543707261e+02,-9.993229411661593842e-01,9.993229411661593842e-01,9.999999999999310552e-01
1.200000000000000000e+02,7.539822368615502910e+02,9.980298277123873518e-01,9.980298277123873518e-01,1.000000000000028866e+00
1.210000000000000000e+02,7.602654221687299696e+02,-9.984740798744413670e-01,9.984740798744413670e-01,9.999999999999082956e-01
1.220000000000000000e+02,7.665486074759095345e+02,9.989387565583988104e-01,9.989387565583988104e-01,1.000000000000005107e+00
1.230000000000000000e+02,7.728317927830890994e+02,-9.978207549577406965e-01,9.978207549577406965e-01,9.999999999998900879e-01
1.240000000000000000e+02,7.791149780902686643e+02,9.994481648452531175e-01,9.994481648452531175e-01,9.999999999999938938e-01
1.250000000000000000e+02,7.853981633974482293e+02,-9.980181228781600522e-01,9.980181228781600522e-01,9.999999999998931965e-01
1.260000000000000000e+02,7.916813487046279079e+02,9.990753158248696364e-01,9.990753158248696364e-01,1.000000000000003553e+00
1.270000000000000000e+02,7.979645340118074728e+02,-9.989321842224185843e-01,9.989321842224185843e-01,9.999999999999119593e-01
1.280000000000000000e+02,8.042477193189870377e+02,9.982224020740940729e-01,9.982224020740940729e-01,1.000000000000026645e+00
1.290000000000000000e+02,8.105309046261666026e+02,-9.994229342886118417e-01,9.994229342886118417e-01,9.999999999999303890e-01
1.300000000000000000e+02,8.168140899333461675e+02,9.979652015427040723e-01,9.979652015427040723e-01,1.000000000000040412e+00
1.310000000000000000e+02,8.230972752405258461e+02,-9.989863750511581708e-01,9.989863750511581708e-01,9.999999999999328315e-01
1.320000000000000000e+02,8.293804605477054110e+02,9.985123569255401899e-01,9.985123569255401899e-01,1.000000000000034639e+00
1.330000000000000000e+02,8.356636458548849760e+02,-9.982726779690396235e-01,9.982726779690396235e-01,9.999999999999201750e-01
1.340000000000000000e+02,8.419468311620645409e+02,9.991386918837572573e-01,9.991386918837572573e-01,1.000000000000016209e+00
1.350000000000000000e+02,8.482300164692441058e+02,-9.984169277348740046e-01,9.984169277348740046e-01,9.999999999999039657e-01
1.360000000000000000e+02,8.545132017764237844e+02,9.988946985784198374e-01,9.988946985784198374e-01,1.000000000000003331e+00
1.370000000000000000e+02,8.607963870836033493e+02,-9.988113913921652376e-01,9.988113913921652376e-01,9.999999999998955280e-01
1.380000000000000000e+02,8.670795723907829142e+02,9.985231328049574140e-01,9.985231328049574140e-01,1.000000000000000666e+00
1.390000000000000000e+02,8.733627576979624791e+02,-9.986914111376775649e-01,9.986914111376775649e-01,9.999999999998965272e-01
1.400000000000000000e+02,8.796459430051420441e+02,9.987344434654552572e-01,9.987344434654552572e-01,1.000000000000007550e+00
1.410000000000000000e+02,8.859291283123216090e+02,-9.984701602542067622e-01,9.984701602542067622e-01,9.999999999999076294e-01
1.420000000000000000e+02,8.922123136195012876e+02,9.990672102819072586e-01,9.990672102819072586e-01,1.000000000000020650e+00
1.430000000000000000e+02,8.984954989266808525e+02,-9.986394496275068366e-01,9.986394496275068366e-01,9.999999999999239497e-01
1.440000000000000000e+02,9.047786842338604174e+02,9.988817173392073867e-01,9.988817173392073867e-01,1.000000000000033085e+00
1.450000000000000000e+02,9.110618695410399823e+02,-9.991672270547520274e-01,9.991672270547520274e-01,9.999999999999332756e-01
1.460000000000000000e+02,9.173450548482195472e+02,9.983075927528549665e-01,9.983075927528549665e-01,1.000000000000035749e+00
1.470000000000000000e+02,9.236282401553992258e+02,-9.993578148100669134e-01,9.993578148100669134e-01,9.999999999999259481e-01
1.480000000000000000e+02,9.299114254625787908e+02,9.981773445463759664e-01,9.981773445463759664e-01,1.000000000000023093e+00
1.490000000000000000e+02,9.361946107697583557e+02,-9.988628434732392813e-01,9.988628434732392813e-01,9.999999999999045208e-01
1.500000000000000000e+02,9.424777960769379206e+02,9.987840613471169471e-01,9.987840613471169471e-01,1.000000000000002887e+00
1.510000000000000000e+02,9.487609813841174855e+02,-9.979530571966421792e-01,9.979530571966421792e-01,9.999999999998873124e-01
1.520000000000000000e+02,9.550441666912970504e+02,9.996154268259354048e-01,9.996154268259354048e-01,9.999999999999907851e-01
1.530000000000000000e+02,9.613273519984767290e+02,-9.979978421473708616e-01,9.979978421473708616e-01,9.999999999998897549e-01
1.540000000000000000e+02,9.676105373056562939e+02,9.993410008781323794e-01,9.993410008781323794e-01,1.000000000000001776e+00
1.550000000000000000e+02,9.738937226128358589e+02,-9.989698974961760403e-01,9.989698974961760403e-01,9.999999999999108491e-01
1.560000000000000000e+02,9.801769079200154238e+02,9.982878121002320970e-01,9.982878121002320970e-01,1.000000000000025757e+00
1.570000000000000000e+02,9.864600932271949887e+02,-9.995229551165586424e-01,9.995229551165586424e-01,9.999999999999303890e-01
1.580000000000000000e+02,9.927432785343746673e+02,9.977756616941256818e-01,9.977756616941256818e-01,1.000000000000038636e+00
1.590000000000000000e+02,9.990264638415542322e+02,-9.990123574793031702e-01,9.990123574793031702e-01,9.999999999999299449e-01
1.600000000000000000e+02,1.005309649148733797e+03,9.983090477502977178e-01,9.983090477502977178e-01,1.000000000000031086e+00
1.610000000000000000e+02,1.011592834455913362e+03,-9.982456072618456355e-01,9.982456072618456355e-01,9.999999999999142908e-01
1.620000000000000000e+02,1.017876019763092927e+03,9.990542092332255208e-01,9.990542092332255208e-01,1.000000000000010436e+00
1.630000000000000000e+02,1.024159205070272492e+03,-9.981430754584501575e-01,9.981430754584501575e-01,9.999999999998963052e-01
1.640000000000000000e+02,1.030442390377452057e+03,9.991316117242189376e-01,9.991316117242189376e-01,9.999999999999955591e-01
1.650000000000000000e+02,1.036725575684631622e+03,-9.985129546746492890e-01,9.985129546746492890e-01,9.999999999998899769e-01
1.660000000000000000e+02,1.043008760991811414e+03,9.987169874268991832e-01,9.987169874268991832e-01,9.999999999999960032e-01
1.670000000000000000e+02,1.049291946298990979e+03,-9.989254993922360715e-01,9.989254993922360715e-01,9.999999999998961941e-01
1.680000000000000000e+02,1.055575131606170544e+03,9.984072955153234785e-01,9.984072955153234785e-01,1.000000000000009104e+00
1.690000000000000000e+02,1.061858316913350109e+03,-9.987265323575095222e-01,9.987265323575095222e-01,9.999999999999107381e-01
1.700000000000000000e+02,1.068141502220529674e+03,9.987249154758084391e-01,9.987249154758084391e-01,1.000000000000023759e+00
1.710000000000000000e+02,1.074424687527709239e+03,-9.985005109941287316e-01,9.985005109941287316e-01,9.999999999999241718e-01
1.720000000000000000e+02,1.080707872834888803e+03,9.988854701892413424e-01,9.988854701892413424e-01,1.000000000000031752e+00
1.730000000000000000e+02,1.086991058142068368e+03,-9.988438689356400335e-01,9.988438689356400335e-01,9.999999999999297229e-01
1.740000000000000000e+02,1.093274243449247933e+03,9.985211316468753928e-01,9.985211316468753928e-01,1.000000000000031308e+00
1.750000000000000000e+02,1.099557428756427498e+03,-9.993092703600825466e-01,9.993092703600825466e-01,9.999999999999210631e-01
1.760000000000000000e+02,1.105840614063607063e+03,9.982619208290892665e-01,9.982619208290892665e-01,1.000000000000018652e+00
1.770000000000000000e+02,1.112123799370786855e+03,-9.989593452459550882e-01,9.989593452459550882e-01,9.999999999999013012e-01
1.780000000000000000e+02,1.118406984677966420e+03,9.988088511001351755e-01,9.988088511001351755e-01,1.000000000000000000e+00
1.790000000000000000e+02,1.124690169985145985e+03,-9.981830910259262835e-01,9.981830910259262835e-01,9.999999999998860911e-01
1.800000000000000000e+02,1.130973355292325550e+03,9.994939952620071066e-01,9.994939952620071066e-01,9.999999999999921174e-01
1.810000000000000000e+02,1.137256540599505115e+03,-9.981234677803302313e-01,9.981234677803302313e-01,9.999999999998913092e-01
1.820000000000000000e+02,1.143539725906684680e+03,9.993747250850223418e-01,9.993747250850223418e-01,1.000000000000003553e+00
1.830000000000000000e+02,1.149822911213864245e+03,-9.988028828629819111e-01,9.988028828629819111e-01,9.999999999999128475e-01
1.840000000000000000e+02,1.156106096521043810e+03,9.985868373559793065e-01,9.985868373559793065e-01,1.000000000000025313e+00
1.850000000000000000e+02,1.162389281828223375e+03,-9.995895186940130239e-01,9.995895186940130239e-01,9.999999999999307221e-01
1.860000000000000000e+02,1.168672467135402940e+03,9.978924502933788077e-01,9.978924502933788077e-01,1.000000000000038192e+00
1.870000000000000000e+02,1.174955652442582732e+03,-9.994266929208150962e-01,9.994266929208150962e-01,9.999999999999295008e-01
1.880000000000000000e+02,1.181238837749762297e+03,9.983041165428909736e-01,9.983041165428909736e-01,1.000000000000028644e+00
1.890000000000000000e+02,1.187522023056941862e+03,-9.985726293315684288e-01,9.985726293315684288e-01,9.999999999999092948e-01
1.900000000000000000e+02,1.193805208364121427e+03,9.992980764314289832e-01,9.992980764314289832e-01,1.000000000000004219e+00
1.910000000000000000e+02,1.200088393671300992e+03,-9.980879128079245266e-01,9.980879128079245266e-01,9.999999999998889777e-01
1.920000000000000000e+02,1.206371578978480557e+03,9.996132129672299360e-01,9.996132129672299360e-01,9.999999999999885647e-01
1.930000000000000000e+02,1.212654764285660121e+03,-9.985917279405864821e-01,9.985917279405864821e-01,9.999999999998856470e-01
1.940000000000000000e+02,1.218937949592839686e+03,9.989294699950850287e-01,9.989294699950850287e-01,9.999999999999937828e-01
1.950000000000000000e+02,1.225221134900019251e+03,-9.991742768538709463e-01,9.991742768538709463e-01,9.999999999998973044e-01
1.960000000000000000e+02,1.231504320207198816e+03,9.984494027318165932e-01,9.984494027318165932e-01,1.000000000000010658e+00
1.970000000000000000e+02,1.237787505514378381e+03,-9.990649152028538982e-01,9.990649152028538982e-01,9.999999999999122924e-01
1.980000000000000000e+02,1.244070690821558173e+03,9.986420578572764439e-01,9.986420578572764439e-01,1.000000000000024869e+00
1.990000000000000000e+02,1.250353876128737738e+03,-9.987789035379924796e-01,9.987789035379924796e-01,9.999999999999228395e-01
2.000000000000000000e+02,1.256637061435917303e+03,9.988906265218402414e-01,9.988906265218402414e-01,1.000000000000029310e+00
2.010000000000000000e+02,1.262920246743096868e+03,-9.987643557325270871e-01,9.987643557325270871e-01,9.999999999999233946e-01
2.030000000000000000e+02,1.275486617357455998e+03,-9.990614112175431050e-01,9.990614112175431050e-01,9.999999999999118483e-01
2.050000000000000000e+02,1.288052987971815128e+03,-9.989494997269852128e-01,9.989494997269852128e-01,9.999999999998961941e-01
2.070000000000000000e+02,1.300619358586174258e+03,-9.983716214443861814e-01,9.983716214443861814e-01,9.999999999998859801e-01
2.100000000000000000e+02,1.319468914507713180e+03,9.993660662255612337e-01,9.993660662255612337e-01,1.000000000000004219e+00
2.120000000000000000e+02,1.332035285122072310e+03,9.986290210782681198e-01,9.986290210782681198e-01,1.000000000000025091e+00
2.140000000000000000e+02,1.344601655736431439e+03,9.978495290014051111e-01,9.978495290014051111e-01,1.000000000000036859e+00
2.170000000000000000e+02,1.363451211657970134e+03,-9.985826472844968604e-01,9.985826472844968604e-01,9.999999999999060751e-01
2.190000000000000000e+02,1.376017582272329491e+03,-9.979518925769248483e-01,9.979518925769248483e-01,9.999999999998862021e-01
2.220000000000000000e+02,1.394867138193868186e+03,9.991554902233933388e-01,9.991554902233933388e-01,9.999999999999925615e-01
2.240000000000000000e+02,1.407433508808227316e+03,9.984958701010647752e-01,9.984958701010647752e-01,1.000000000000012434e+00
2.270000000000000000e+02,1.426283064729766011e+03,-9.989468194424930836e-01,9.989468194424930836e-01,9.999999999999235056e-01
2.290000000000000000e+02,1.438849435344125141e+03,-9.985820598507448853e-01,9.985820598507448853e-01,9.999999999999177325e-01
2.320000000000000000e+02,1.457698991265664063e+03,9.987604587383970278e-01,9.987604587383970278e-01,1.000000000000002665e+00
2.340000000000000000e+02,1.470265361880023192e+03,9.986281326240904477e-01,9.986281326240904477e-01,9.999999999999931166e-01
2.370000000000000000e+02,1.489114917801561887e+03,-9.983233983856130145e-01,9.983233983856130145e-01,9.999999999998923084e-01
2.400000000000000000e+02,1.507964473723100582e+03,9.988549181433052926e-01,9.988549181433052926e-01,1.000000000000022204e+00
2.420000000000000000e+02,1.520530844337459939e+03,9.982350172275007427e-01,9.982350172275007427e-01,1.000000000000031086e+00
2.450000000000000000e+02,1.539380400258998634e+03,-9.988628885337391683e-01,9.988628885337391683e-01,9.999999999999015232e-01
2.480000000000000000e+02,1.558229956180537329e+03,9.996928785427133812e-01,9.996928785427133812e-01,9.999999999999812372e-01
2.500000000000000000e+02,1.570796326794896459e+03,9.993734506361268144e-01,9.993734506361268144e-01,9.999999999999886757e-01
2.530000000000000000e+02,1.589645882716435381e+03,-9.994544637639304341e-01,9.994544637639304341e-01,9.999999999999165112e-01
2.560000000000000000e+02,1.608495438637974075e+03,9.985211315359765472e-01,9.985211315359765472e-01,1.000000000000024425e+00
2.590000000000000000e+02,1.627344994559512770e+03,-9.983699446759269902e-01,9.983699446759269902e-01,9.999999999998963052e-01
2.620000000000000000e+02,1.646194550481051692e+03,9.985786942221029916e-01,9.985786942221029916e-01,9.999999999999887867e-01
2.650000000000000000e+02,1.665044106402590387e+03,-9.984364694662505313e-01,9.984364694662505313e-01,9.999999999998956390e-01
2.680000000000000000e+02,1.683893662324129082e+03,9.989056526811790349e-01,9.989056526811790349e-01,1.000000000000022204e+00
2.710000000000000000e+02,1.702743218245667777e+03,-9.995286065487007932e-01,9.995286065487007932e-01,9.999999999999190647e-01
2.740000000000000000e+02,1.721592774167206699e+03,9.988386540148912474e-01,9.988386540148912474e-01,9.999999999999944489e-01
2.770000000000000000e+02,1.740442330088745393e+03,-9.980388024754035525e-01,9.980388024754035525e-01,9.999999999998787636e-01
2.800000000000000000e+02,1.759291886010284088e+03,9.984781595588825276e-01,9.984781595588825276e-01,1.000000000000012434e+00
2.830000000000000000e+02,1.778141441931823010e+03,-9.992896609974245559e-01,9.992896609974245559e-01,9.999999999999208411e-01
2.860000000000000000e+02,1.796990997853361705e+03,9.991590466057508335e-01,9.991590466057508335e-01,1.000000000000001554e+00
2.890000000000000000e+02,1.815840553774900400e+03,-9.986328379170661407e-01,9.986328379170661407e-01,9.999999999998795408e-01
2.920000000000000000e+02,1.834690109696439094e+03,9.984752940350004602e-01,9.984752940350004602e-01,9.999999999999965583e-01
2.960000000000000000e+02,1.859822850925157582e+03,9.988393375298918464e-01,9.988393375298918464e-01,1.000000000000020872e+00
2.990000000000000000e+02,1.878672406846696276e+03,-9.991459306789322037e-01,9.991459306789322037e-01,9.999999999999118483e-01
3.020000000000000000e+02,1.897521962768234971e+03,9.984168568265971988e-01,9.984168568265971988e-01,9.999999999999924505e-01
3.060000000000000000e+02,1.922654703996953458e+03,9.993240312530455860e-01,9.993240312530455860e-01,9.999999999999902300e-01
3.090000000000000000e+02,1.941504259918492153e+03,-9.993393678506135025e-01,9.993393678506135025e-01,9.999999999999195088e-01
3.130000000000000000e+02,1.966637001147210412e+03,-9.983397579566997138e-01,9.983397579566997138e-01,9.999999999999035216e-01
3.160000000000000000e+02,1.985486557068749335e+03,9.992457835169752389e-01,9.992457835169752389e-01,9.999999999999830136e-01
3.200000000000000000e+02,2.010619298297467594e+03,9.983631547733824441e-01,9.983631547733824441e-01,9.999999999999988898e-01
3.230000000000000000e+02,2.029468854219006289e+03,-9.986351097424963630e-01,9.986351097424963630e-01,9.999999999999128475e-01
3.270000000000000000e+02,2.054601595447724776e+03,-9.990117039993861026e-01,9.990117039993861026e-01,9.999999999999058531e-01
3.300000000000000000e+02,2.073451151369263243e+03,9.984631888396567900e-01,9.984631888396567900e-01,9.999999999999884537e-01
3.340000000000000000e+02,2.098583892597981958e+03,9.992955368733458243e-01,9.992955368733458243e-01,9.999999999999915623e-01
3.380000000000000000e+02,2.123716633826700217e+03,9.978897473291108433e-01,9.978897473291108433e-01,1.000000000000025757e+00
3.420000000000000000e+02,2.148849375055418477e+03,9.987919283244862667e-01,9.987919283244862667e-01,9.999999999999950040e-01
3.450000000000000000e+02,2.167698930976957399e+03,-9.980766947459752680e-01,9.980766947459752680e-01,9.999999999998714362e-01
3.490000000000000000e+02,2.192831672205675659e+03,-9.990719512826367055e-01,9.990719512826367055e-01,9.999999999999037437e-01
3.530000000000000000e+02,2.217964413434393919e+03,-9.984010692908601436e-01,9.984010692908601436e-01,9.999999999999102940e-01
3.570000000000000000e+02,2.243097154663112178e+03,-9.986743408281827383e-01,9.986743408281827383e-01,9.999999999998843148e-01
3.610000000000000000e+02,2.268229895891830438e+03,-9.980780289332455979e-01,9.980780289332455979e-01,9.999999999998833156e-01
3.650000000000000000e+02,2.293362637120549152e+03,-9.991650255534930691e-01,9.991650255534930691e-01,9.999999999999181766e-01
3.690000000000000000e+02,2.318495378349267412e+03,-9.987837742515834893e-01,9.987837742515834893e-01,9.999999999998968603e-01
3.730000000000000000e+02,2.343628119577985672e+03,-9.981262260940377828e-01,9.981262260940377828e-01,9.999999999998707700e-01
3.780000000000000000e+02,2.375044046113883724e+03,9.980334759176282544e-01,9.980334759176282544e-01,1.000000000000018208e+00
3.820000000000000000e+02,2.400176787342601983e+03,9.990394752273067391e-01,9.990394752273067391e-01,1.000000000000002442e+00
3.860000000000000000e+02,2.425309528571320243e+03,9.985587097839195847e-01,9.985587097839195847e-01,9.999999999999816813e-01
3.900000000000000000e+02,2.450442269800038503e+03,9.989966027631933532e-01,9.989966027631933532e-01,9.999999999999965583e-01
3.950000000000000000e+02,2.481858196335936555e+03,-9.993912842130886487e-01,9.993912842130886487e-01,9.999999999999117373e-01
3.990000000000000000e+02,2.506990937564654814e+03,-9.980454610105582436e-01,9.980454610105582436e-01,9.999999999998724354e-01
4.040000000000000000e+02,2.538406864100552866e+03,9.984527600055909113e-01,9.984527600055909113e-01,1.000000000000001998e+00
4.080000000000000000e+02,2.563539605329271126e+03,9.982699359318303323e-01,9.982699359318303323e-01,1.000000000000016653e+00
4.130000000000000000e+02,2.594955531865169178e+03,-9.985864191181033078e-01,9.985864191181033078e-01,9.999999999998733236e-01
4.170000000000000000e+02,2.620088273093887437e+03,-9.988336568863087628e-01,9.988336568863087628e-01,9.999999999998876454e-01
4.220000000000000000e+02,2.651504199629785489e+03,9.987482302885308805e-01,9.987482302885308805e-01,1.000000000000013545e+00
4.270000000000000000e+02,2.682920126165683541e+03,-9.983311042520356393e-01,9.983311042520356393e-01,9.999999999998686606e-01
4.310000000000000000e+02,2.708052867394401801e+03,-9.986661475993076076e-01,9.986661475993076076e-01,9.999999999998864242e-01
4.360000000000000000e+02,2.739468793930299398e+03,9.980592841766589007e-01,9.980592841766589007e-01,1.000000000000013989e+00
4.410000000000000000e+02,2.770884720466197450e+03,-9.983891421460251436e-01,9.983891421460251436e-01,9.999999999998659961e-01
4.460000000000000000e+02,2.802300647002095502e+03,9.984856144101730280e-01,9.984856144101730280e-01,1.000000000000001554e+00
4.510000000000000000e+02,2.833716573537993554e+03,-9.989618446642598570e-01,9.989618446642598570e-01,9.999999999998988587e-01
4.560000000000000000e+02,2.865132500073891151e+03,9.990279257550120917e-01,9.990279257550120917e-01,9.999999999999733546e-01
4.610000000000000000e+02,2.896548426609789203e+03,-9.993768133621531158e-01,9.993768133621531158e-01,9.999999999999080735e-01
4.660000000000000000e+02,2.927964353145687255e+03,9.989899477620497459e-01,9.989899477620497459e-01,9.999999999999878986e-01
4.710000000000000000e+02,2.959380279681585307e+03,-9.989594960842117510e-01,9.989594960842117510e-01,9.999999999998725464e-01
4.770000000000000000e+02,2.997079391524662697e+03,-9.985903628383333563e-01,9.985903628383333563e-01,9.999999999999004130e-01
4.820000000000000000e+02,3.028495318060560749e+03,9.984348600785196703e-01,9.984348600785196703e-01,9.999999999999762412e-01
4.870000000000000000e+02,3.059911244596458346e+03,-9.983155413223319119e-01,9.983155413223319119e-01,9.999999999998866462e-01
4.930000000000000000e+02,3.097610356439536190e+03,-9.988664475805903997e-01,9.988664475805903997e-01,9.999999999998894218e-01
4.980000000000000000e+02,3.129026282975433787e+03,9.993363022248820116e-01,9.993363022248820116e-01,9.999999999999670264e-01
5.040000000000000000e+02,3.166725394818511631e+03,9.983578517051796553e-01,9.983578517051796553e-01,1.000000000000008660e+00
5.090000000000000000e+02,3.198141321354409229e+03,-9.986641615240769987e-01,9.986641615240769987e-01,9.999999999998702149e-01
5.150000000000000000e+02,3.235840433197487073e+03,-9.983539584393534838e-01,9.983539584393534838e-01,9.999999999998876454e-01
5.210000000000000000e+02,3.273539545040564462e+03,-9.990745907564821948e-01,9.990745907564821948e-01,9.999999999998853140e-01
5.270000000000000000e+02,3.311238656883641852e+03,-9.985482211924857632e-01,9.985482211924857632e-01,9.999999999998722133e-01
5.330000000000000000e+02,3.348937768726719241e+03,-9.984186422996297328e-01,9.984186422996297328e-01,9.999999999998927525e-01
5.390000000000000000e+02,3.386636880569797086e+03,-9.987629928677194124e-01,9.987629928677194124e-01,9.999999999998637756e-01
5.450000000000000000e+02,3.424335992412874475e+03,-9.986393023483108866e-01,9.986393023483108866e-01,9.999999999999009681e-01
5.510000000000000000e+02,3.462035104255951865e+03,-9.982166846963389517e-01,9.982166846963389517e-01,9.999999999998624434e-01
5.570000000000000000e+02,3.499734216099029709e+03,-9.993387528116177698e-01,9.993387528116177698e-01,9.999999999998966382e-01
5.630000000000000000e+02,3.537433327942107098e+03,-9.980386355389478936e-01,9.980386355389478936e-01,9.999999999998693268e-01
5.690000000000000000e+02,3.575132439785184488e+03,-9.989744284617523284e-01,9.989744284617523284e-01,9.999999999998766542e-01
5.760000000000000000e+02,3.619114736935441670e+03,9.983342207958800785e-01,9.983342207958800785e-01,9.999999999999900080e-01
5.820000000000000000e+02,3.656813848778519059e+03,9.993026668693926196e-01,9.993026668693926196e-01,9.999999999999678035e-01
5.880000000000000000e+02,3.694512960621596903e+03,9.977621961090152869e-01,9.977621961090152869e-01,1.000000000000004663e+00
5.950000000000000000e+02,3.738495257771853630e+03,-9.987413759942005420e-01,9.987413759942005420e-01,9.999999999998631095e-01
6.020000000000000000e+02,3.782477554922110812e+03,9.988201182678896339e-01,9.988201182678896339e-01,9.999999999999958922e-01
6.080000000000000000e+02,3.820176666765188202e+03,9.987924281507224444e-01,9.987924281507224444e-01,9.999999999999639178e-01
6.150000000000000000e+02,3.864158963915445383e+03,-9.996796781757626427e-01,9.996796781757626427e-01,9.999999999999006350e-01
6.220000000000000000e+02,3.908141261065702565e+03,9.994555788371123350e-01,9.994555788371123350e-01,9.999999999999562572e-01
6.290000000000000000e+02,3.952123558215959747e+03,-9.985316875174672369e-01,9.985316875174672369e-01,9.999999999998896438e-01
6.360000000000000000e+02,3.996105855366216929e+03,9.985585459926483720e-01,9.985585459926483720e-01,9.999999999999638067e-01
6.430000000000000000e+02,4.040088152516474111e+03,-9.994267778364085419e-01,9.994267778364085419e-01,9.999999999998966382e-01
6.500000000000000000e+02,4.084070449666730838e+03,9.996500273373843948e-01,9.996500273373843948e-01,9.999999999999553690e-01
6.580000000000000000e+02,4.134335932124167812e+03,9.990525996260887220e-01,9.990525996260887220e-01,9.999999999999835687e-01
6.650000000000000000e+02,4.178318229274424993e+03,-9.988624777079961881e-01,9.988624777079961881e-01,9.999999999998617772e-01
6.720000000000000000e+02,4.222300526424682175e+03,9.982250960052628797e-01,9.982250960052628797e-01,9.999999999999896749e-01
6.800000000000000000e+02,4.272566008882118695e+03,9.987846915391517255e-01,9.987846915391517255e-01,9.999999999999739098e-01
6.870000000000000000e+02,4.316548306032375876e+03,-9.980589025589812202e-01,9.980589025589812202e-01,9.999999999998627764e-01
6.950000000000000000e+02,4.366813788489812396e+03,-9.986421495535259263e-01,9.986421495535259263e-01,9.999999999998789857e-01
7.030000000000000000e+02,4.417079270947248915e+03,-9.985836979737148233e-01,9.985836979737148233e-01,9.999999999998502309e-01
7.110000000000000000e+02,4.467344753404685434e+03,-9.996753831336706586e-01,9.996753831336706586e-01,9.999999999998917533e-01
7.190000000000000000e+02,4.517610235862122863e+03,-9.987549032389622106e-01,9.987549032389622106e-01,9.999999999998486766e-01
7.270000000000000000e+02,4.567875718319559383e+03,-9.985489941154173099e-01,9.985489941154173099e-01,9.999999999998752109e-01
7.350000000000000000e+02,4.618141200776995902e+03,-9.980612968661752848e-01,9.980612968661752848e-01,9.999999999998617772e-01
7.430000000000000000e+02,4.668406683234432421e+03,-9.981150362920960806e-01,9.981150362920960806e-01,9.999999999998532285e-01
7.510000000000000000e+02,4.718672165691868940e+03,-9.990689277317555961e-01,9.990689277317555961e-01,9.999999999998813172e-01
7.600000000000000000e+02,4.775220833456485707e+03,9.986065146156134498e-01,9.986065146156134498e-01,9.999999999999518163e-01
7.680000000000000000e+02,4.825486315913922226e+03,9.978193615302871633e-01,9.978193615302871633e-01,9.999999999999883427e-01
7.770000000000000000e+02,4.882034983678538083e+03,-9.990347922018858462e-01,9.990347922018858462e-01,9.999999999998702149e-01
7.850000000000000000e+02,4.932300466135975512e+03,-9.983051525442093732e-01,9.983051525442093732e-01,9.999999999998485656e-01
7.940000000000000000e+02,4.988849133900591369e+03,9.986006135138372208e-01,9.986006135138372208e-01,9.999999999999868994e-01
8.030000000000000000e+02,5.045397801665208135e+03,-9.981908837691719771e-01,9.981908837691719771e-01,9.999999999998482325e-01
8.120000000000000000e+02,5.101946469429823992e+03,9.992442546121260705e-01,9.992442546121260705e-01,9.999999999999522604e-01
8.210000000000000000e+02,5.158495137194439849e+03,-9.985117364028108788e-01,9.985117364028108788e-01,9.999999999998767652e-01
8.300000000000000000e+02,5.215043804959056615e+03,9.993616376842333615e-01,9.993616376842333615e-01,9.999999999999453770e-01
8.390000000000000000e+02,5.271592472723672472e+03,-9.982427566976639355e-01,9.982427566976639355e-01,9.999999999998521183e-01
8.490000000000000000e+02,5.334424325795468576e+03,-9.986360396202494938e-01,9.986360396202494938e-01,9.999999999998749889e-01
8.580000000000000000e+02,5.390972993560085342e+03,9.992110164237515413e-01,9.992110164237515413e-01,9.999999999999468203e-01
8.680000000000000000e+02,5.453804846631880537e+03,9.994132887569158186e-01,9.994132887569158186e-01,9.999999999999430456e-01
8.770000000000000000e+02,5.510353514396497303e+03,-9.986488408499604175e-01,9.986488408499604175e-01,9.999999999998735456e-01
8.870000000000000000e+02,5.573185367468293407e+03,-9.982950599058894037e-01,9.982950599058894037e-01,9.999999999998510081e-01
8.970000000000000000e+02,5.636017220540088601e+03,-9.979894324102045466e-01,9.979894324102045466e-01,9.999999999998281375e-01
9.070000000000000000e+02,5.698849073611884705e+03,-9.983000667140967677e-01,9.983000667140967677e-01,9.999999999998542277e-01
9.170000000000000000e+02,5.761680926683680809e+03,-9.985814609954076770e-01,9.985814609954076770e-01,9.999999999998679945e-01
9.270000000000000000e+02,5.824512779755476004e+03,-9.981464811125093650e-01,9.981464811125093650e-01,9.999999999998357980e-01
9.380000000000000000e+02,5.893627818134451445e+03,9.992118040123794120e-01,9.992118040123794120e-01,9.999999999999334976e-01
9.480000000000000000e+02,5.956459671206247549e+03,9.984007476623752986e-01,9.984007476623752986e-01,9.999999999999676925e-01
9.590000000000000000e+02,6.025574709585222990e+03,-9.995333683804150660e-01,9.995333683804150660e-01,9.999999999998723244e-01
9.690000000000000000e+02,6.088406562657019094e+03,-9.989656308407148799e-01,9.989656308407148799e-01,9.999999999998422373e-01
9.800000000000000000e+02,6.157521601035994536e+03,9.985500637404716162e-01,9.985500637404716162e-01,9.999999999999360512e-01
9.910000000000000000e+02,6.226636639414969977e+03,-9.984236943784244867e-01,9.984236943784244867e-01,9.999999999998399058e-01
1.002000000000000000e+03,6.295751677793945419e+03,9.987372926333315526e-01,9.987372926333315526e-01,9.999999999999649170e-01
1.013000000000000000e+03,6.364866716172920860e+03,-9.984960534635946017e-01,9.984960534635946017e-01,9.999999999998588907e-01
1.025000000000000000e+03,6.440264939859075639e+03,-9.990659710872314969e-01,9.990659710872314969e-01,9.999999999998467892e-01
1.036000000000000000e+03,6.509379978238051081e+03,9.985674242725146588e-01,9.985674242725146588e-01,9.999999999999327205e-01
1.048000000000000000e+03,6.584778201924206769e+03,9.989274090205582102e-01,9.989274090205582102e-01,9.999999999999320544e-01
1.059000000000000000e+03,6.653893240303182210e+03,-9.981572373933448317e-01,9.981572373933448317e-01,9.999999999998434586e-01
1.071000000000000000e+03,6.729291463989336989e+03,-9.989536374440600719e-01,9.989536374440600719e-01,9.999999999998604450e-01
1.083000000000000000e+03,6.804689687675491768e+03,-9.996215914313872908e-01,9.996215914313872908e-01,9.999999999998631095e-01
1.095000000000000000e+03,6.880087911361646547e+03,-9.990027357438940880e-01,9.990027357438940880e-01,9.999999999998457900e-01
1.107000000000000000e+03,6.955486135047802236e+03,-9.980807503694978378e-01,9.980807503694978378e-01,9.999999999998256950e-01
1.120000000000000000e+03,7.037167544041136352e+03,9.990057296482816040e-01,9.990057296482816040e-01,9.999999999999263922e-01
1.132000000000000000e+03,7.112565767727292041e+03,9.986710932369032845e-01,9.986710932369032845e-01,9.999999999999240607e-01
1.145000000000000000e+03,7.194247176720626157e+03,-9.979280036534684539e-01,9.979280036534684539e-01,9.999999999998102629e-01
1.158000000000000000e+03,7.275928585713961184e+03,9.987877042425948870e-01,9.987877042425948870e-01,9.999999999999251710e-01
1.170000000000000000e+03,7.351326809400115962e+03,9.981115202418712196e-01,9.981115202418712196e-01,9.999999999999463762e-01
1.184000000000000000e+03,7.439291403700630326e+03,9.991135961322457071e-01,9.991135961322457071e-01,9.999999999999322764e-01
1.197000000000000000e+03,7.520972812693964443e+03,-9.991845459404032903e-01,9.991845459404032903e-01,9.999999999998424594e-01
1.210000000000000000e+03,7.602654221687299469e+03,9.980824674998344248e-01,9.980824674998344248e-01,9.999999999999515943e-01
1.224000000000000000e+03,7.690618815987813832e+03,9.986259801428926108e-01,9.986259801428926108e-01,9.999999999999454880e-01
1.237000000000000000e+03,7.772300224981147949e+03,-9.993271901404384705e-01,9.993271901404384705e-01,9.999999999998477884e-01
1.251000000000000000e+03,7.860264819281662312e+03,-9.983605785792051268e-01,9.983605785792051268e-01,9.999999999998406830e-01
1.265000000000000000e+03,7.948229413582176676e+03,-9.995970913279372816e-01,9.995970913279372816e-01,9.999999999998474554e-01
1.279000000000000000e+03,8.036194007882691039e+03,-9.985325021062128048e-01,9.985325021062128048e-01,9.999999999998355760e-01
1.293000000000000000e+03,8.124158602183205403e+03,-9.994197769510599905e-01,9.994197769510599905e-01,9.999999999998424594e-01
1.308000000000000000e+03,8.218406381790899104e+03,9.992284001226574564e-01,9.992284001226574564e-01,9.999999999999262812e-01
1.322000000000000000e+03,8.306370976091413468e+03,9.983635207594206973e-01,9.983635207594206973e-01,9.999999999999328315e-01
1.337000000000000000e+03,8.400618755699106259e+03,-9.981856364333761000e-01,9.981856364333761000e-01,9.999999999998047118e-01
1.352000000000000000e+03,8.494866535306800870e+03,9.985495609083377966e-01,9.985495609083377966e-01,9.999999999999110711e-01
1.367000000000000000e+03,8.589114314914493661e+03,-9.983595525094861589e-01,9.983595525094861589e-01,9.999999999997942757e-01
1.382000000000000000e+03,8.683362094522188272e+03,9.988845688765843889e-01,9.988845688765843889e-01,9.999999999999031886e-01
1.398000000000000000e+03,8.783893059437061311e+03,9.983685029810640543e-01,9.983685029810640543e-01,9.999999999999205080e-01
1.413000000000000000e+03,8.878140839044755921e+03,-9.984880314539186230e-01,9.984880314539186230e-01,9.999999999998210320e-01
1.429000000000000000e+03,8.978671803959628960e+03,-9.990489236256565597e-01,9.990489236256565597e-01,9.999999999998333555e-01
1.445000000000000000e+03,9.079202768874501999e+03,-9.992548832295864436e-01,9.992548832295864436e-01,9.999999999998298028e-01
1.461000000000000000e+03,9.179733733789375037e+03,-9.980297280684929939e-01,9.980297280684929939e-01,9.999999999997994937e-01
1.477000000000000000e+03,9.280264698704248076e+03,-9.983337491453728729e-01,9.983337491453728729e-01,9.999999999997892797e-01
1.494000000000000000e+03,9.387078848926301362e+03,9.984252296610016675e-01,9.984252296610016675e-01,9.999999999999091838e-01
1.510000000000000000e+03,9.487609813841174400e+03,9.989883344039443003e-01,9.989883344039443003e-01,9.999999999999225064e-01
1.527000000000000000e+03,9.594423964063227686e+03,-9.985443060382334091e-01,9.985443060382334091e-01,9.999999999998199218e-01
1.544000000000000000e+03,9.701238114285280972e+03,9.986619220084543835e-01,9.986619220084543835e-01,9.999999999999052980e-01
1.562000000000000000e+03,9.814335449814514504e+03,9.987281585291866159e-01,9.987281585291866159e-01,9.999999999998944178e-01
1.579000000000000000e+03,9.921149600036565971e+03,-9.993827096888523442e-01,9.993827096888523442e-01,9.999999999998171463e-01
1.597000000000000000e+03,1.003424693556579950e+04,-9.990922874726417824e-01,9.990922874726417824e-01,9.999999999998142597e-01
1.614000000000000000e+03,1.014106108578785279e+04,9.995017237129106835e-01,9.995017237129106835e-01,9.999999999998829825e-01
1.632000000000000000e+03,1.025415842131708450e+04,9.991811212905523654e-01,9.991811212905523654e-01,9.999999999998914202e-01
1.651000000000000000e+03,1.037353894215349646e+04,-9.984363450495422621e-01,9.984363450495422621e-01,9.999999999998117062e-01
1.669000000000000000e+03,1.048663627768273000e+04,-9.980425716378404921e-01,9.980425716378404921e-01,9.999999999997791766e-01
1.688000000000000000e+03,1.060601679851914196e+04,9.987479485331045570e-01,9.987479485331045570e-01,9.999999999998984146e-01
1.706000000000000000e+03,1.071911413404837367e+04,9.979747848770353924e-01,9.979747848770353924e-01,9.999999999999201750e-01
1.725000000000000000e+03,1.083849465488478563e+04,-9.984642066143898376e-01,9.984642066143898376e-01,9.999999999997756239e-01
1.745000000000000000e+03,1.096415836102837784e+04,-9.989810266455946275e-01,9.989810266455946275e-01,9.999999999998027134e-01
1.764000000000000000e+03,1.108353888186478980e+04,9.985154094885129172e-01,9.985154094885129172e-01,9.999999999998965272e-01
1.784000000000000000e+03,1.120920258800838201e+04,9.991447409138869418e-01,9.991447409138869418e-01,9.999999999998827604e-01
1.804000000000000000e+03,1.133486629415197422e+04,9.988822205679199762e-01,9.988822205679199762e-01,9.999999999998984146e-01
1.824000000000000000e+03,1.146053000029556461e+04,9.995129753590744626e-01,9.995129753590744626e-01,9.999999999998651079e-01
1.844000000000000000e+03,1.158619370643915681e+04,9.988122360030486924e-01,9.988122360030486924e-01,9.999999999999026334e-01
1.865000000000000000e+03,1.171814059788992745e+04,-9.986044955242331378e-01,9.986044955242331378e-01,9.999999999997615241e-01
1.885000000000000000e+03,1.184380430403351966e+04,-9.996500915928513420e-01,9.996500915928513420e-01,9.999999999998046007e-01
1.906000000000000000e+03,1.197575119548429211e+04,9.984836212905169317e-01,9.984836212905169317e-01,9.999999999998661071e-01
1.928000000000000000e+03,1.211398127224224299e+04,9.988045904822071552e-01,9.988045904822071552e-01,9.999999999998935296e-01
1.949000000000000000e+03,1.224592816369301363e+04,-9.981922636649888103e-01,9.981922636649888103e-01,9.999999999997579714e-01
1.971000000000000000e+03,1.238415824045096451e+04,-9.992333198093406033e-01,9.992333198093406033e-01,9.999999999997800648e-01
1.993000000000000000e+03,1.252238831720891540e+04,-9.989374449853340998e-01,9.989374449853340998e-01,9.999999999997782885e-01
2.015000000000000000e+03,1.266061839396686628e+04,-9.979163242234396769e-01,9.979163242234396769e-01,9.999999999997459810e-01
2.038000000000000000e+03,1.280513165603199741e+04,9.978835485572210562e-01,9.978835485572210562e-01,9.999999999998945288e-01
2.060000000000000000e+03,1.294336173278994829e+04,9.987714418285333906e-01,9.987714418285333906e-01,9.999999999998615552e-01
2.083000000000000000e+03,1.308787499485507760e+04,-9.983377342684148781e-01,9.983377342684148781e-01,9.999999999997490896e-01
2.106000000000000000e+03,1.323238825692020873e+04,9.977550976663920324e-01,9.977550976663920324e-01,9.999999999998931965e-01
2.130000000000000000e+03,1.338318470429251829e+04,9.993090791971437348e-01,9.993090791971437348e-01,9.999999999998590017e-01
2.154000000000000000e+03,1.353398115166482785e+04,9.984957316982291387e-01,9.984957316982291387e-01,9.999999999998494538e-01
2.178000000000000000e+03,1.368477759903713923e+04,9.991211334681699974e-01,9.991211334681699974e-01,9.999999999998626654e-01
2.202000000000000000e+03,1.383557404640944878e+04,9.980131080376744013e-01,9.980131080376744013e-01,9.999999999998835376e-01
2.227000000000000000e+03,1.399265367908893859e+04,-9.988567663272285291e-01,9.988567663272285291e-01,9.999999999997539746e-01
2.251000000000000000e+03,1.414345012646124815e+04,-9.982218163280610623e-01,9.982218163280610623e-01,9.999999999997298827e-01
2.276000000000000000e+03,1.430052975914073795e+04,9.984545344376436482e-01,9.984545344376436482e-01,9.999999999998487876e-01
2.302000000000000000e+03,1.446389257712740800e+04,9.989697305450229159e-01,9.989697305450229159e-01,9.999999999998560041e-01
2.327000000000000000e+03,1.462097220980689781e+04,-9.989937938286104213e-01,9.989937938286104213e-01,9.999999999997664091e-01
2.353000000000000000e+03,1.478433502779356604e+04,-9.995845362779134380e-01,9.995845362779134380e-01,9.999999999997646327e-01
2.380000000000000000e+03,1.495398103108741452e+04,9.986946239166715200e-01,9.986946239166715200e-01,9.999999999998571143e-01
2.406000000000000000e+03,1.511734384907408457e+04,9.994941445318157314e-01,9.994941445318157314e-01,9.999999999998367972e-01
2.433000000000000000e+03,1.528698985236793305e+04,-9.983913787567694209e-01,9.983913787567694209e-01,9.999999999997278843e-01
2.460000000000000000e+03,1.545663585566178153e+04,9.986406246620629368e-01,9.986406246620629368e-01,9.999999999998283595e-01
2.488000000000000000e+03,1.563256504426281026e+04,9.984544623952301690e-01,9.984544623952301690e-01,9.999999999998291367e-01
2.515000000000000000e+03,1.580221104755665874e+04,-9.987400564692781035e-01,9.987400564692781035e-01,9.999999999997167821e-01
2.543000000000000000e+03,1.597814023615768747e+04,-9.988565915918485860e-01,9.988565915918485860e-01,9.999999999997165601e-01
2.572000000000000000e+03,1.616035261006589644e+04,9.984364842384190197e-01,9.984364842384190197e-01,9.999999999998314681e-01
2.600000000000000000e+03,1.633628179866692335e+04,9.987586537372298290e-01,9.987586537372298290e-01,9.999999999998314681e-01
2.629000000000000000e+03,1.651849417257513051e+04,-9.993937754433397380e-01,9.993937754433397380e-01,9.999999999997397637e-01
2.659000000000000000e+03,1.670698973179051973e+04,-9.996054062136967566e-01,9.996054062136967566e-01,9.999999999997445377e-01
2.688000000000000000e+03,1.688920210569872870e+04,9.979798675217846915e-01,9.979798675217846915e-01,9.999999999998410161e-01
2.718000000000000000e+03,1.707769766491411428e+04,9.983624997134286083e-01,9.983624997134286083e-01,9.999999999998163691e-01
2.749000000000000000e+03,1.727247640943668375e+04,-9.977363717079568151e-01,9.977363717079568151e-01,9.999999999996894706e-01
2.779000000000000000e+03,1.746097196865206934e+04,-9.982930244445218371e-01,9.982930244445218371e-01,9.999999999997059019e-01
2.810000000000000000e+03,1.765575071317463880e+04,9.982203556549555934e-01,9.982203556549555934e-01,9.999999999998366862e-01
2.842000000000000000e+03,1.785681264300438488e+04,9.982909658033337630e-01,9.982909658033337630e-01,9.999999999998118172e-01
2.873000000000000000e+03,1.805159138752695071e+04,-9.980466344520495525e-01,9.980466344520495525e-01,9.999999999996801447e-01
2.905000000000000000e+03,1.825265331735669679e+04,-9.989719279028819177e-01,9.989719279028819177e-01,9.999999999997155609e-01
2.938000000000000000e+03,1.845999843249362311e+04,9.981275264215705434e-01,9.981275264215705434e-01,9.999999999998084865e-01
2.970000000000000000e+03,1.866106036232337283e+04,9.995402828029652520e-01,9.995402828029652520e-01,9.999999999997761790e-01
3.003000000000000000e+03,1.886840547746029915e+04,-9.994905962026214841e-01,9.994905962026214841e-01,9.999999999997187805e-01
3.037000000000000000e+03,1.908203377790440209e+04,-9.977359463246140425e-01,9.977359463246140425e-01,9.999999999996693756e-01
3.071000000000000000e+03,1.929566207834850866e+04,-9.994204099014812881e-01,9.994204099014812881e-01,9.999999999997039035e-01
3.105000000000000000e+03,1.950929037879261523e+04,-9.984845026423974090e-01,9.984845026423974090e-01,9.999999999996737055e-01
3.140000000000000000e+03,1.972920186454390205e+04,9.986123795149254301e-01,9.986123795149254301e-01,9.999999999997994937e-01
3.175000000000000000e+03,1.994911335029518523e+04,-9.988665399303284786e-01,9.988665399303284786e-01,9.999999999996661559e-01
3.210000000000000000e+03,2.016902483604647205e+04,9.987272252103723824e-01,9.987272252103723824e-01,9.999999999997984945e-01
3.246000000000000000e+03,2.039521950710493547e+04,9.994897438927481392e-01,9.994897438927481392e-01,9.999999999997569722e-01
3.282000000000000000e+03,2.062141417816340254e+04,9.981362943581629787e-01,9.981362943581629787e-01,9.999999999997941647e-01
3.319000000000000000e+03,2.085389203452904621e+04,-9.993246948403934349e-01,9.993246948403934349e-01,9.999999999996803668e-01
3.356000000000000000e+03,2.108636989089468989e+04,9.987114361787864381e-01,9.987114361787864381e-01,9.999999999997525313e-01
3.393000000000000000e+03,2.131884774726033720e+04,-9.991629558437425951e-01,9.991629558437425951e-01,9.999999999996743716e-01
3.431000000000000000e+03,2.155760878893316112e+04,-9.992923810159342057e-01,9.992923810159342057e-01,9.999999999996838085e-01
3.469000000000000000e+03,2.179636983060598504e+04,-9.986993819555813889e-01,9.986993819555813889e-01,9.999999999996520561e-01
3.508000000000000000e+03,2.204141405758598921e+04,9.987597753618138174e-01,9.987597753618138174e-01,9.999999999997409850e-01
3.547000000000000000e+03,2.228645828456599338e+04,-9.991521753029171116e-01,9.991521753029171116e-01,9.999999999996443956e-01
3.586000000000000000e+03,2.253150251154599755e+04,9.980525682750522876e-01,9.980525682750522876e-01,9.999999999997700728e-01
3.626000000000000000e+03,2.278282992383317833e+04,9.981527131171783473e-01,9.981527131171783473e-01,9.999999999997719602e-01
3.667000000000000000e+03,2.304044052142754299e+04,-9.986082046751585395e-01,9.986082046751585395e-01,9.999999999996621591e-01
3.708000000000000000e+03,2.329805111902190401e+04,9.982367904226289168e-01,9.982367904226289168e-01,9.999999999997685185e-01
3.749000000000000000e+03,2.355566171661626868e+04,-9.995524009493834683e-01,9.995524009493834683e-01,9.999999999996607158e-01
3.791000000000000000e+03,2.381955549951780995e+04,-9.985348713531561060e-01,9.985348713531561060e-01,9.999999999996497246e-01
3.833000000000000000e+03,2.408344928241935486e+04,-9.995133813215004714e-01,9.995133813215004714e-01,9.999999999996548317e-01
3.876000000000000000e+03,2.435362625062807638e+04,9.986773625511743413e-01,9.986773625511743413e-01,9.999999999997406519e-01
3.919000000000000000e+03,2.462380321883679790e+04,-9.991991725321809348e-01,9.991991725321809348e-01,9.999999999996258548e-01
3.963000000000000000e+03,2.490026337235269966e+04,-9.979801543887850679e-01,9.979801543887850679e-01,9.999999999995945466e-01
4.007000000000000000e+03,2.517672352586860143e+04,-9.988362003093818053e-01,9.988362003093818053e-01,9.999999999996047606e-01
4.051000000000000000e+03,2.545318367938450319e+04,-9.988706882706950285e-01,9.988706882706950285e-01,9.999999999996241895e-01
4.097000000000000000e+03,2.574221020351476545e+04,-9.983983013011448193e-01,9.983983013011448193e-01,9.999999999996183053e-01
4.142000000000000000e+03,2.602495354233784747e+04,9.989998429011619496e-01,9.989998429011619496e-01,9.999999999996973532e-01
4.188000000000000000e+03,2.631398006646810609e+04,9.983482678964960000e-01,9.983482678964960000e-01,9.999999999997113420e-01
4.235000000000000000e+03,2.660928977590554859e+04,-9.994399149825485829e-01,9.994399149825485829e-01,9.999999999996178612e-01
4.282000000000000000e+03,2.690459948534298746e+04,9.986620730100856935e-01,9.986620730100856935e-01,9.999999999996833644e-01
4.330000000000000000e+03,2.720619238008760658e+04,9.977538962903254038e-01,9.977538962903254038e-01,9.999999999997243316e-01
4.378000000000000000e+03,2.750778527483222933e+04,9.986399291019225632e-01,9.986399291019225632e-01,9.999999999996774802e-01
4.427000000000000000e+03,2.781566135488402870e+04,-9.994316394750681898e-01,9.994316394750681898e-01,9.999999999996082023e-01
4.476000000000000000e+03,2.812353743493582806e+04,9.988349971069754307e-01,9.988349971069754307e-01,9.999999999996707079e-01
4.526000000000000000e+03,2.843769670029480767e+04,9.989523743113205567e-01,9.989523743113205567e-01,9.999999999996832534e-01
4.577000000000000000e+03,2.875813915096096753e+04,-9.993290892562189942e-01,9.993290892562189942e-01,9.999999999995951017e-01
4.628000000000000000e+03,2.907858160162712375e+04,9.986859235343044094e-01,9.986859235343044094e-01,9.999999999996602718e-01
4.679000000000000000e+03,2.939902405229328360e+04,-9.980822812797971455e-01,9.980822812797971455e-01,9.999999999995539124e-01
4.732000000000000000e+03,2.973203287357380032e+04,9.977476666759601542e-01,9.977476666759601542e-01,9.999999999996873612e-01
4.784000000000000000e+03,3.005875850954714042e+04,9.987474887777921806e-01,9.987474887777921806e-01,9.999999999996774802e-01
4.838000000000000000e+03,3.039805051613483738e+04,9.982709225939612185e-01,9.982709225939612185e-01,9.999999999996691535e-01
4.892000000000000000e+03,3.073734252272253434e+04,9.988608224940134228e-01,9.988608224940134228e-01,9.999999999996499467e-01
4.946000000000000000e+03,3.107663452931023494e+04,9.994575281585709181e-01,9.994575281585709181e-01,9.999999999996309619e-01
5.001000000000000000e+03,3.142220972120511215e+04,-9.984843989941641906e-01,9.984843989941641906e-01,9.999999999995254907e-01
5.057000000000000000e+03,3.177406809840716596e+04,-9.990534365732364197e-01,9.990534365732364197e-01,9.999999999995289324e-01
5.113000000000000000e+03,3.212592647560922342e+04,-9.992257235886663480e-01,9.992257235886663480e-01,9.999999999995301536e-01
5.170000000000000000e+03,3.248406803811846112e+04,9.981591847034101406e-01,9.981591847034101406e-01,9.999999999996462829e-01
5.228000000000000000e+03,3.284849278593487543e+04,9.979545897825261580e-01,9.979545897825261580e-01,9.999999999996558309e-01
5.286000000000000000e+03,3.321291753375129338e+04,9.982401300667554933e-01,9.982401300667554933e-01,9.999999999996324052e-01
5.345000000000000000e+03,3.358362546687488793e+04,-9.982882134538169083e-01,9.982882134538169083e-01,9.999999999994939603e-01
5.405000000000000000e+03,3.396061658530566638e+04,-9.983594534535490395e-01,9.983594534535490395e-01,9.999999999995212718e-01
5.465000000000000000e+03,3.433760770373643754e+04,-9.990889611848317031e-01,9.990889611848317031e-01,9.999999999995156097e-01
5.526000000000000000e+03,3.472088200747439259e+04,9.988345051088750592e-01,9.988345051088750592e-01,9.999999999995925481e-01
5.587000000000000000e+03,3.510415631121234765e+04,-9.985711665593600683e-01,9.985711665593600683e-01,9.999999999995148325e-01
5.650000000000000000e+03,3.549999698556466319e+04,9.986140425725266168e-01,9.986140425725266168e-01,9.999999999995835553e-01
5.713000000000000000e+03,3.589583765991697874e+04,-9.990356898224593829e-01,9.990356898224593829e-01,9.999999999995009548e-01
5.776000000000000000e+03,3.629167833426928701e+04,9.990629932309318395e-01,9.990629932309318395e-01,9.999999999995806688e-01
5.841000000000000000e+03,3.670008537923596305e+04,-9.984980002304816304e-01,9.984980002304816304e-01,9.999999999994608757e-01
5.906000000000000000e+03,3.710849242420263909e+04,9.978673911420496978e-01,9.978673911420496978e-01,9.999999999995986544e-01
5.972000000000000000e+03,3.752318265447649173e+04,9.982354147315515291e-01,9.982354147315515291e-01,9.999999999995933253e-01
6.038000000000000000e+03,3.793787288475034438e+04,9.989015927040754139e-01,9.989015927040754139e-01,9.999999999995569100e-01
6.106000000000000000e+03,3.836512948563855025e+04,9.985469780670057638e-01,9.985469780670057638e-01,9.999999999995486943e-01
6.174000000000000000e+03,3.879238608652676339e+04,9.987253761888660319e-01,9.987253761888660319e-01,9.999999999995414779e-01
6.242000000000000000e+03,3.921964268741497654e+04,9.986004175877655209e-01,9.986004175877655209e-01,9.999999999995357047e-01
6.312000000000000000e+03,3.965946565891755017e+04,9.995690785680848567e-01,9.995690785680848567e-01,9.999999999995227151e-01
6.382000000000000000e+03,4.009928863042011653e+04,9.990150493081559890e-01,9.990150493081559890e-01,9.999999999995239364e-01
6.453000000000000000e+03,4.054539478722986678e+04,-9.987021238126527756e-01,9.987021238126527756e-01,9.999999999994286792e-01
6.525000000000000000e+03,4.099778412934680091e+04,-9.992368108625570011e-01,9.992368108625570011e-01,9.999999999994488853e-01
6.598000000000000000e+03,4.145645665677091165e+04,9.992309718122529549e-01,9.992309718122529549e-01,9.999999999995242694e-01
6.672000000000000000e+03,4.192141236950219900e+04,9.986655607012009384e-01,9.986655607012009384e-01,9.999999999995052846e-01
6.746000000000000000e+03,4.238636808223348635e+04,9.980383912818310277e-01,9.980383912818310277e-01,9.999999999995369260e-01
6.821000000000000000e+03,4.285760698027195758e+04,-9.985938796527874528e-01,9.985938796527874528e-01,9.999999999993909316e-01
6.897000000000000000e+03,4.333512906361760542e+04,-9.990624597745694224e-01,9.990624597745694224e-01,9.999999999994135802e-01
6.974000000000000000e+03,4.381893433227043715e+04,9.990157922574752769e-01,9.990157922574752769e-01,9.999999999994763078e-01
7.052000000000000000e+03,4.430902278623044549e+04,9.979215076111878080e-01,9.979215076111878080e-01,9.999999999995136113e-01
7.130000000000000000e+03,4.479911124019044655e+04,9.982512836859375183e-01,9.982512836859375183e-01,9.999999999994854116e-01
7.210000000000000000e+03,4.530176606476481538e+04,9.995986874389114485e-01,9.995986874389114485e-01,9.999999999994536592e-01
7.290000000000000000e+03,4.580442088933918421e+04,9.985758379289269016e-01,9.985758379289269016e-01,9.999999999994674260e-01
7.372000000000000000e+03,4.631964208452790626e+04,9.990909934891674116e-01,9.990909934891674116e-01,9.999999999994596545e-01
7.454000000000000000e+03,4.683486327971663559e+04,9.981061006796200230e-01,9.981061006796200230e-01,9.999999999994724220e-01
7.537000000000000000e+03,4.735636766021254152e+04,-9.989779679666231926e-01,9.989779679666231926e-01,9.999999999993549604e-01
7.621000000000000000e+03,4.788415522601562407e+04,-9.980040724716094935e-01,9.980040724716094935e-01,9.999999999993326449e-01
7.706000000000000000e+03,4.841822597712589049e+04,9.993559780424340344e-01,9.993559780424340344e-01,9.999999999994186872e-01
7.792000000000000000e+03,4.895857991354333353e+04,9.994302531283039137e-01,9.994302531283039137e-01,9.999999999994203526e-01
7.878000000000000000e+03,4.949893384996078385e+04,9.988115117058825598e-01,9.988115117058825598e-01,9.999999999994414468e-01
7.966000000000000000e+03,5.005185415699258738e+04,9.991697961361792890e-01,9.991697961361792890e-01,9.999999999994159117e-01
8.055000000000000000e+03,5.061105764933156752e+04,-9.991892772018783342e-01,9.991892772018783342e-01,9.999999999993082200e-01
8.145000000000000000e+03,5.117654432697773154e+04,-9.982853162248697121e-01,9.982853162248697121e-01,9.999999999993016697e-01
8.236000000000000000e+03,5.174831418993107218e+04,9.980845933644868495e-01,9.980845933644868495e-01,9.999999999994133582e-01
8.327000000000000000e+03,5.232008405288441281e+04,-9.976789380982782340e-01,9.976789380982782340e-01,9.999999999992668087e-01
8.420000000000000000e+03,5.290442028645211394e+04,9.980740929107073667e-01,9.980740929107073667e-01,9.999999999994025890e-01
8.514000000000000000e+03,5.349503970532699896e+04,9.977310010127379281e-01,9.977310010127379281e-01,9.999999999994046984e-01
8.609000000000000000e+03,5.409194230950906058e+04,-9.994362840796080505e-01,9.994362840796080505e-01,9.999999999992817967e-01
8.705000000000000000e+03,5.469512809899829881e+04,-9.992133272870493688e-01,9.992133272870493688e-01,9.999999999992661426e-01
8.802000000000000000e+03,5.530459707379472093e+04,9.984598524681280729e-01,9.984598524681280729e-01,9.999999999993663957e-01
8.900000000000000000e+03,5.592034923389831965e+04,9.988961666730999944e-01,9.988961666730999944e-01,9.999999999993632871e-01
8.999000000000000000e+03,5.654238457930909499e+04,-9.995122553969457702e-01,9.995122553969457702e-01,9.999999999992613686e-01
9.100000000000000000e+03,5.717698629533423809e+04,9.994894789185301276e-01,9.994894789185301276e-01,9.999999999993158806e-01
9.201000000000000000e+03,5.781158801135937392e+04,-9.990969028356215809e-01,9.990969028356215809e-01,9.999999999992168487e-01
9.304000000000000000e+03,5.845875609799887025e+04,9.985689996929019152e-01,9.985689996929019152e-01,9.999999999993332001e-01
9.407000000000000000e+03,5.910592418463836657e+04,-9.978238942792088118e-01,9.978238942792088118e-01,9.999999999991874278e-01
9.512000000000000000e+03,5.976565864189222339e+04,9.990240618369665704e-01,9.990240618369665704e-01,9.999999999993059996e-01
9.618000000000000000e+03,6.043167628445325681e+04,9.988419945709647862e-01,9.988419945709647862e-01,9.999999999993079980e-01
9.725000000000000000e+03,6.110397711232147412e+04,-9.989131032245535113e-01,9.989131032245535113e-01,9.999999999991686650e-01
9.834000000000000000e+03,6.178884431080405193e+04,9.988652076565298632e-01,9.988652076565298632e-01,9.999999999992599253e-01
9.943000000000000000e+03,6.247371150928662246e+04,-9.983993261923705953e-01,9.983993261923705953e-01,9.999999999991462385e-01
1.005400000000000000e+04,6.317114507838356076e+04,9.989551322443755987e-01,9.989551322443755987e-01,9.999999999992429389e-01
1.016600000000000000e+04,6.387486183278767567e+04,9.986629669492770311e-01,9.986629669492770311e-01,9.999999999992401634e-01
1.027900000000000000e+04,6.458486177249896718e+04,-9.991163544524804818e-01,9.991163544524804818e-01,9.999999999991405764e-01
1.039400000000000000e+04,6.530742808282461920e+04,9.980226981474619175e-01,9.980226981474619175e-01,9.999999999992609245e-01
1.051000000000000000e+04,6.603627757845744782e+04,9.985478037512035554e-01,9.985478037512035554e-01,9.999999999992128519e-01
1.062700000000000000e+04,6.677141025939746760e+04,-9.987671060956476721e-01,9.987671060956476721e-01,9.999999999991306954e-01
1.074500000000000000e+04,6.751282612564465671e+04,-9.981021239521917776e-01,9.981021239521917776e-01,9.999999999990824007e-01
1.086500000000000000e+04,6.826680836250619905e+04,-9.988336683447777142e-01,9.988336683447777142e-01,9.999999999991060484e-01
1.098600000000000000e+04,6.902707378467493982e+04,9.981169122885881206e-01,9.981169122885881206e-01,9.999999999992141841e-01
1.110900000000000000e+04,6.979990557745801925e+04,-9.990726725101817252e-01,9.990726725101817252e-01,9.999999999990893951e-01
1.123300000000000000e+04,7.057902055554829712e+04,-9.991028814889668652e-01,9.991028814889668652e-01,9.999999999990778488e-01
1.135800000000000000e+04,7.136441871894574433e+04,9.983830515000614581e-01,9.983830515000614581e-01,9.999999999991768806e-01
1.148400000000000000e+04,7.215610006765037542e+04,9.978358753589294805e-01,9.978358753589294805e-01,9.999999999991805444e-01
1.161200000000000000e+04,7.296034778696935973e+04,9.989559064213824335e-01,9.989559064213824335e-01,9.999999999991402433e-01
1.174200000000000000e+04,7.377716187690269726e+04,9.985542779437989180e-01,9.985542779437989180e-01,9.999999999991248112e-01
1.187300000000000000e+04,7.460025915214323322e+04,-9.991332303636100143e-01,9.991332303636100143e-01,9.999999999990357713e-01
1.200500000000000000e+04,7.542963961269093852e+04,-9.982370652415388790e-01,9.982370652415388790e-01,9.999999999990017985e-01
1.213900000000000000e+04,7.627158644385299704e+04,-9.980866083581597659e-01,9.980866083581597659e-01,9.999999999989781507e-01
1.227400000000000000e+04,7.711981646032223944e+04,9.984510935058724668e-01,9.984510935058724668e-01,9.999999999991050492e-01
1.241100000000000000e+04,7.798061284740584961e+04,-9.992952686043299337e-01,9.992952686043299337e-01,9.999999999989965804e-01
1.254900000000000000e+04,7.884769241979662911e+04,-9.987183164160967630e-01,9.987183164160967630e-01,9.999999999989843680e-01
1.268900000000000000e+04,7.972733836280177638e+04,-9.987773111978894836e-01,9.987773111978894836e-01,9.999999999989588328e-01
1.283100000000000000e+04,8.061955067642127688e+04,-9.988480309768230647e-01,9.988480309768230647e-01,9.999999999989267474e-01
1.297400000000000000e+04,8.151804617534794670e+04,9.980711729145270716e-01,9.980711729145270716e-01,9.999999999990570876e-01
1.311800000000000000e+04,8.242282485958181496e+04,9.982296826800969303e-01,9.982296826800969303e-01,9.999999999990301092e-01
1.326400000000000000e+04,8.334016991443003644e+04,9.989083539902795517e-01,9.989083539902795517e-01,9.999999999990282218e-01
1.341200000000000000e+04,8.427008133989261114e+04,9.985026630243387658e-01,9.985026630243387658e-01,9.999999999989911403e-01
1.356200000000000000e+04,8.521255913596955361e+04,9.994114982271251613e-01,9.994114982271251613e-01,9.999999999989722665e-01
1.371300000000000000e+04,8.616132011735366541e+04,-9.980265619755080975e-01,9.980265619755080975e-01,9.999999999988610222e-01
1.386600000000000000e+04,8.712264746935214498e+04,9.995530850127199995e-01,9.995530850127199995e-01,9.999999999989503952e-01
1.402000000000000000e+04,8.809025800665779389e+04,9.993962030064236224e-01,9.993962030064236224e-01,9.999999999989388488e-01
1.417600000000000000e+04,8.907043491457781056e+04,9.979945337975840713e-01,9.979945337975840713e-01,9.999999999989683808e-01
1.433500000000000000e+04,9.006946137841936434e+04,-9.981681778495969937e-01,9.981681778495969937e-01,9.999999999988106181e-01
1.449400000000000000e+04,9.106848784226091811e+04,9.980251599494501802e-01,9.980251599494501802e-01,9.999999999989449551e-01
1.465600000000000000e+04,9.208636386202400899e+04,9.986745867956771106e-01,9.986745867956771106e-01,9.999999999989024335e-01
1.481900000000000000e+04,9.311052306709428376e+04,-9.981888005150493237e-01,9.981888005150493237e-01,9.999999999987743138e-01
1.498400000000000000e+04,9.414724864277892630e+04,9.996160881364493100e-01,9.996160881364493100e-01,9.999999999988674615e-01
1.515100000000000000e+04,9.519654058907790750e+04,-9.987629023923002558e-01,9.987629023923002558e-01,9.999999999987519983e-01
1.532000000000000000e+04,9.625839890599125647e+04,9.990755132594637544e-01,9.990755132594637544e-01,9.999999999988542498e-01
1.549100000000000000e+04,9.733282359351897321e+04,-9.987488458454651941e-01,9.987488458454651941e-01,9.999999999987611021e-01
1.566400000000000000e+04,9.841981465166104317e+04,9.991178734425292252e-01,9.991178734425292252e-01,9.999999999988180566e-01
1.583800000000000000e+04,9.951308889511028246e+04,9.980964238915867037e-01,9.980964238915867037e-01,9.999999999988324895e-01
1.601500000000000000e+04,1.006252126944810734e+05,-9.984682694661555225e-01,9.984682694661555225e-01,9.999999999987223553e-01
1.619300000000000000e+04,1.017436196791590337e+05,-9.993331791158404087e-01,9.993331791158404087e-01,9.999999999987109200e-01
1.637400000000000000e+04,1.028808762197585456e+05,9.978308205636813311e-01,9.978308205636813311e-01,9.999999999988066213e-01
1.655600000000000000e+04,1.040244159456652269e+05,9.981888800538322171e-01,9.981888800538322171e-01,9.999999999987791988e-01
1.674100000000000000e+04,1.051868052274934598e+05,-9.980178222289901591e-01,9.980178222289901591e-01,9.999999999986294297e-01
1.692700000000000000e+04,1.063554776946288621e+05,-9.995530740084679344e-01,9.995530740084679344e-01,9.999999999986600718e-01
1.711600000000000000e+04,1.075429997176858014e+05,9.988609318642421853e-01,9.988609318642421853e-01,9.999999999987230215e-01
1.730700000000000000e+04,1.087430881113570940e+05,-9.985888248745301565e-01,9.985888248745301565e-01,9.999999999985853538e-01
1.750000000000000000e+04,1.099557428756427544e+05,9.986329890633399708e-01,9.986329890633399708e-01,9.999999999986791677e-01
1.769500000000000000e+04,1.111809640105427825e+05,-9.980446157494798909e-01,9.980446157494798909e-01,9.999999999985632604e-01
1.789200000000000000e+04,1.124187515160571638e+05,9.978226916305401595e-01,9.978226916305401595e-01,9.999999999986907140e-01
1.809100000000000000e+04,1.136691053921858984e+05,-9.988452735315720421e-01,9.988452735315720421e-01,9.999999999985402788e-01
1.829300000000000000e+04,1.149383088242361700e+05,-9.995740624094859861e-01,9.995740624094859861e-01,9.999999999985568211e-01
1.849700000000000000e+04,1.162200786269008095e+05,-9.981498795829621962e-01,9.981498795829621962e-01,9.999999999985123011e-01
1.870300000000000000e+04,1.175144148001798021e+05,-9.989354533217057464e-01,9.989354533217057464e-01,9.999999999984918730e-01
1.891100000000000000e+04,1.188213173440731480e+05,-9.987166114497214586e-01,9.987166114497214586e-01,9.999999999984789945e-01
1.912200000000000000e+04,1.201470694438880455e+05,9.980937180693495447e-01,9.980937180693495447e-01,9.999999999985983434e-01
1.933500000000000000e+04,1.214853879143172962e+05,-9.985153839469783632e-01,9.985153839469783632e-01,9.999999999984356958e-01
1.955100000000000000e+04,1.228425559406680841e+05,-9.990807677423543254e-01,9.990807677423543254e-01,9.999999999984585664e-01
1.976900000000000000e+04,1.242122903376332397e+05,-9.983775616919944307e-01,9.983775616919944307e-01,9.999999999984268140e-01
1.998900000000000000e+04,1.255945911052127485e+05,-9.985037052083017839e-01,9.985037052083017839e-01,9.999999999984018340e-01
2.021200000000000000e+04,1.269957414287137944e+05,9.979620810058412728e-01,9.979620810058412728e-01,9.999999999985124122e-01
2.043700000000000000e+04,1.284094581228292082e+05,-9.982564387928457572e-01,9.982564387928457572e-01,9.999999999983725241e-01
2.066500000000000000e+04,1.298420243728661444e+05,-9.980133259288150871e-01,9.980133259288150871e-01,9.999999999983424370e-01
2.089500000000000000e+04,1.312871569935174484e+05,-9.978207043002615961e-01,9.978207043002615961e-01,9.999999999983161247e-01
2.112800000000000000e+04,1.327511391700902896e+05,9.982255212075913375e-01,9.982255212075913375e-01,9.999999999984288124e-01
2.136400000000000000e+04,1.342339709025846678e+05,9.991859366539271869e-01,9.991859366539271869e-01,9.999999999983922860e-01
2.160200000000000000e+04,1.357293690056934138e+05,9.996390840526582222e-01,9.996390840526582222e-01,9.999999999983609777e-01
2.184200000000000000e+04,1.372373334794165276e+05,9.987878711866209347e-01,9.987878711866209347e-01,9.999999999983831822e-01
2.208600000000000000e+04,1.387704306943683478e+05,9.987144766170656940e-01,9.987144766170656940e-01,9.999999999983332222e-01
2.233200000000000000e+04,1.403160942799345066e+05,9.984671130278965911e-01,9.984671130278965911e-01,9.999999999983195664e-01
2.258100000000000000e+04,1.418806074214222317e+05,-9.989672542812272349e-01,9.989672542812272349e-01,9.999999999981914467e-01
2.283300000000000000e+04,1.434639701188314939e+05,-9.979621349693715837e-01,9.979621349693715837e-01,9.999999999981725729e-01
2.308700000000000000e+04,1.450598991868550947e+05,-9.994702070567540453e-01,9.994702070567540453e-01,9.999999999981921128e-01
2.334400000000000000e+04,1.466746778108002618e+05,9.985008151739226401e-01,9.985008151739226401e-01,9.999999999982435162e-01
2.360500000000000000e+04,1.483145891759741353e+05,-9.981619121401147376e-01,9.981619121401147376e-01,9.999999999981094012e-01
2.386800000000000000e+04,1.499670669117623765e+05,9.990676180742581458e-01,9.990676180742581458e-01,9.999999999981943333e-01
2.413400000000000000e+04,1.516383942034721258e+05,9.990920450112089624e-01,9.990920450112089624e-01,9.999999999982032151e-01
2.440300000000000000e+04,1.533285710511034413e+05,-9.985906256272681913e-01,9.985906256272681913e-01,9.999999999980588861e-01
2.467500000000000000e+04,1.550375974546562938e+05,-9.987169849462921301e-01,9.987169849462921301e-01,9.999999999980659915e-01
2.495000000000000000e+04,1.567654734141306835e+05,9.979510226412493523e-01,9.979510226412493523e-01,9.999999999981546983e-01
2.522800000000000000e+04,1.585121989295266103e+05,9.982146231475298448e-01,9.982146231475298448e-01,9.999999999981309395e-01
2.550900000000000000e+04,1.602777740008440742e+05,-9.980675200575097605e-01,9.980675200575097605e-01,9.999999999979607423e-01
2.579300000000000000e+04,1.620621986280830752e+05,-9.986524072987880141e-01,9.986524072987880141e-01,9.999999999979797272e-01
2.608100000000000000e+04,1.638717559965507826e+05,-9.984066505499593625e-01,9.984066505499593625e-01,9.999999999979467535e-01
2.637100000000000000e+04,1.656938797356328578e+05,-9.993450084410885337e-01,9.993450084410885337e-01,9.999999999979309884e-01
2.666500000000000000e+04,1.675411362159436685e+05,-9.988071639940789836e-01,9.988071639940789836e-01,9.999999999979128917e-01
2.696200000000000000e+04,1.694072422521760163e+05,9.992813353231227991e-01,9.992813353231227991e-01,9.999999999979610754e-01
2.726300000000000000e+04,1.712984810296370706e+05,-9.980256316915823156e-01,9.980256316915823156e-01,9.999999999978298471e-01
2.756700000000000000e+04,1.732085693630196620e+05,-9.985737156809428861e-01,9.985737156809428861e-01,9.999999999978127496e-01
2.787400000000000000e+04,1.751375072523237905e+05,9.990344708481523339e-01,9.990344708481523339e-01,9.999999999978956833e-01
2.818500000000000000e+04,1.770915778828566254e+05,-9.991780520595903159e-01,9.991780520595903159e-01,9.999999999977967624e-01
2.849900000000000000e+04,1.790644980693110265e+05,-9.989127490969273993e-01,9.989127490969273993e-01,9.999999999977754461e-01
2.881700000000000000e+04,1.810625509969941340e+05,-9.995008284684495647e-01,9.995008284684495647e-01,9.999999999977531306e-01
2.913800000000000000e+04,1.830794534805987787e+05,9.990532962561693431e-01,9.990532962561693431e-01,9.999999999978215204e-01
2.946200000000000000e+04,1.851152055201249605e+05,9.996085554988257682e-01,9.996085554988257682e-01,9.999999999977671195e-01
2.979100000000000000e+04,1.871823734861870471e+05,-9.989650047781252207e-01,9.989650047781252207e-01,9.999999999976435516e-01
3.012300000000000000e+04,1.892683910081706708e+05,-9.985662551630485329e-01,9.985662551630485329e-01,9.999999999976119103e-01
3.045900000000000000e+04,1.913795412713830301e+05,-9.993548926392252785e-01,9.993548926392252785e-01,9.999999999976175724e-01
3.079800000000000000e+04,1.935095410905168974e+05,9.992720668872441259e-01,9.992720668872441259e-01,9.999999999976708631e-01
3.114100000000000000e+04,1.956646736508795002e+05,-9.983441218287414376e-01,9.983441218287414376e-01,9.999999999975623943e-01
3.148800000000000000e+04,1.978449389524708095e+05,9.990147407836276194e-01,9.990147407836276194e-01,9.999999999976253440e-01
3.183900000000000000e+04,2.000503369952908542e+05,-9.981778298303991548e-01,9.981778298303991548e-01,9.999999999974938936e-01
3.219400000000000000e+04,2.022808677793396055e+05,9.994840319456766986e-01,9.994840319456766986e-01,9.999999999975596188e-01
3.255300000000000000e+04,2.045365313046170631e+05,-9.982327119824369044e-01,9.982327119824369044e-01,9.999999999974312770e-01
3.291600000000000000e+04,2.068173275711232563e+05,9.987871573306833506e-01,9.987871573306833506e-01,9.999999999975190956e-01
3.328300000000000000e+04,2.091232565788581560e+05,-9.985367748663114273e-01,9.985367748663114273e-01,9.999999999973899767e-01
3.365400000000000000e+04,2.114543183278217912e+05,9.989049464653089183e-01,9.989049464653089183e-01,9.999999999974817921e-01
3.402900000000000000e+04,2.138105128180141328e+05,-9.989683560280259167e-01,9.989683560280259167e-01,9.999999999973367970e-01
3.440800000000000000e+04,2.161918400494352099e+05,9.992372918838757778e-01,9.992372918838757778e-01,9.999999999974049647e-01
3.479100000000000000e+04,2.185983000220849935e+05,-9.978541198705495052e-01,9.978541198705495052e-01,9.999999999972548625e-01
3.517900000000000000e+04,2.210361759212706529e+05,-9.984761574286086239e-01,9.984761574286086239e-01,9.999999999972288833e-01
3.557100000000000000e+04,2.234991845616850478e+05,-9.989482839600465347e-01,9.989482839600465347e-01,9.999999999972378761e-01
3.596800000000000000e+04,2.259936091286353476e+05,9.989803843546636308e-01,9.989803843546636308e-01,9.999999999972823961e-01
3.636900000000000000e+04,2.285131664368143829e+05,-9.985839194776267025e-01,9.985839194776267025e-01,9.999999999971525000e-01
3.677400000000000000e+04,2.310578564862220956e+05,9.980100724848395277e-01,9.980100724848395277e-01,9.999999999972555287e-01
3.718400000000000000e+04,2.336339624621657422e+05,9.984719027058330809e-01,9.984719027058330809e-01,9.999999999971981302e-01
3.759800000000000000e+04,2.362352011793380952e+05,9.993666107941161503e-01,9.993666107941161503e-01,9.999999999971571629e-01
3.801700000000000000e+04,2.388678558230463241e+05,-9.987167829806410380e-01,9.987167829806410380e-01,9.999999999970511366e-01
3.844100000000000000e+04,2.415319263932904869e+05,-9.987280674523355550e-01,9.987280674523355550e-01,9.999999999969978459e-01
3.886900000000000000e+04,2.442211297047633270e+05,-9.981134389697428055e-01,9.981134389697428055e-01,9.999999999969602094e-01
3.930300000000000000e+04,2.469480321280792705e+05,-9.994117675111540144e-01,9.994117675111540144e-01,9.999999999969569897e-01
3.974100000000000000e+04,2.497000672926239495e+05,-9.994176335216684581e-01,9.994176335216684581e-01,9.999999999969171327e-01
4.018400000000000000e+04,2.524835183837045042e+05,9.982803834062239368e-01,9.982803834062239368e-01,9.999999999969918507e-01
4.063100000000000000e+04,2.552921022160137654e+05,-9.990051381897778748e-01,9.990051381897778748e-01,9.999999999968379738e-01
4.108400000000000000e+04,2.581383851601661299e+05,9.987646731670297706e-01,9.987646731670297706e-01,9.999999999969221287e-01
4.154200000000000000e+04,2.610160840308543702e+05,9.990985998931618539e-01,9.990985998931618539e-01,9.999999999968713915e-01
4.200500000000000000e+04,2.639251988280785154e+05,-9.993822047845984935e-01,9.993822047845984935e-01,9.999999999967336128e-01
4.247300000000000000e+04,2.668657295518385945e+05,-9.991581917949674541e-01,9.991581917949674541e-01,9.999999999966832087e-01
4.294700000000000000e+04,2.698439593874416896e+05,-9.986849845715678464e-01,9.986849845715678464e-01,9.999999999966772135e-01
4.342500000000000000e+04,2.728473219642735203e+05,-9.980601932781250074e-01,9.980601932781250074e-01,9.999999999965999420e-01
4.390900000000000000e+04,2.758883836529484252e+05,-9.979621405856788918e-01,9.979621405856788918e-01,9.999999999965678565e-01
4.439900000000000000e+04,2.789671444534664624e+05,-9.988633322941522508e-01,9.988633322941522508e-01,9.999999999965685227e-01
4.489400000000000000e+04,2.820773211805203464e+05,9.989708483970685116e-01,9.989708483970685116e-01,9.999999999966308062e-01
4.539400000000000000e+04,2.852189138341101352e+05,9.983239016853691083e-01,9.983239016853691083e-01,9.999999999965962783e-01
4.590000000000000000e+04,2.883982055995429982e+05,9.985978311885471692e-01,9.985978311885471692e-01,9.999999999965399899e-01
4.641100000000000000e+04,2.916089132915117661e+05,-9.984540242273767241e-01,9.984540242273767241e-01,9.999999999963946617e-01
4.692900000000000000e+04,2.948636032806307776e+05,-9.981075357294427741e-01,9.981075357294427741e-01,9.999999999963522512e-01
4.745200000000000000e+04,2.981497091962857521e+05,9.982253093188288018e-01,9.982253093188288018e-01,9.999999999964396258e-01
4.798100000000000000e+04,3.014735142237837426e+05,-9.983634203998312806e-01,9.983634203998312806e-01,9.999999999962589925e-01
4.851500000000000000e+04,3.048287351778176380e+05,-9.987175637705316689e-01,9.987175637705316689e-01,9.999999999962529973e-01
4.905600000000000000e+04,3.082279384290017770e+05,9.986234083539594630e-01,9.986234083539594630e-01,9.999999999963030684e-01
4.960300000000000000e+04,3.116648407920289901e+05,-9.984391448378027167e-01,9.984391448378027167e-01,9.999999999961620700e-01
5.015600000000000000e+04,3.151394422668993357e+05,9.989026523063183616e-01,9.989026523063183616e-01,9.999999999962306818e-01
5.071500000000000000e+04,3.186517428536126972e+05,-9.988653137558384243e-01,9.988653137558384243e-01,9.999999999960601516e-01
5.128000000000000000e+04,3.222017425521691912e+05,9.982652206319504451e-01,9.982652206319504451e-01,9.999999999961348696e-01
5.185100000000000000e+04,3.257894413625687012e+05,-9.988307035587271621e-01,9.988307035587271621e-01,9.999999999959698904e-01
5.242900000000000000e+04,3.294211224701185129e+05,-9.979669940908255654e-01,9.979669940908255654e-01,9.999999999959142682e-01
5.301400000000000000e+04,3.330967858748185681e+05,9.987729526531036184e-01,9.987729526531036184e-01,9.999999999960071939e-01
5.360500000000000000e+04,3.368101483913616976e+05,-9.979298919976650195e-01,9.979298919976650195e-01,9.999999999958290031e-01
5.420200000000000000e+04,3.405612100197479594e+05,9.980595570506006764e-01,9.980595570506006764e-01,9.999999999959211516e-01
5.480600000000000000e+04,3.443562539452844067e+05,9.993279321573498297e-01,9.993279321573498297e-01,9.999999999958426589e-01
5.541700000000000000e+04,3.481952801679711556e+05,-9.982843917861696781e-01,9.982843917861696781e-01,9.999999999957163155e-01
5.603500000000000000e+04,3.520782886878080899e+05,-9.986529985393328701e-01,9.986529985393328701e-01,9.999999999956479257e-01
5.665900000000000000e+04,3.559989963194881566e+05,-9.982199936778626270e-01,9.982199936778626270e-01,9.999999999956108443e-01
5.729100000000000000e+04,3.599699694336256944e+05,-9.980161410064090077e-01,9.980161410064090077e-01,9.999999999955438978e-01
5.792900000000000000e+04,3.639786416596062481e+05,-9.982130160750382064e-01,9.982130160750382064e-01,9.999999999955080376e-01
5.857500000000000000e+04,3.680375793680442730e+05,-9.988534243342176433e-01,9.988534243342176433e-01,9.999999999954564123e-01
5.922800000000000000e+04,3.721404993736325414e+05,9.992474284980445987e-01,9.992474284980445987e-01,9.999999999955191399e-01
5.988800000000000000e+04,3.762874016763710533e+05,9.995292638464082779e-01,9.995292638464082779e-01,9.999999999954523044e-01
6.055500000000000000e+04,3.804782862762598670e+05,-9.983597529509625756e-01,9.983597529509625756e-01,9.999999999953249619e-01
6.123000000000000000e+04,3.847194363586060936e+05,9.985252878641800445e-01,9.985252878641800445e-01,9.999999999953681495e-01
6.191200000000000000e+04,3.890045687381025637e+05,9.987058044520182865e-01,9.987058044520182865e-01,9.999999999953399499e-01
6.260200000000000000e+04,3.933399666000564466e+05,9.987230717118459333e-01,9.987230717118459333e-01,9.999999999952902119e-01
6.330000000000000000e+04,3.977256299444678007e+05,9.990644068554065393e-01,9.990644068554065393e-01,9.999999999951956209e-01
6.400600000000000000e+04,4.021615587713365676e+05,9.991306711111337391e-01,9.991306711111337391e-01,9.999999999951483254e-01
6.471900000000000000e+04,4.066414698953556363e+05,-9.982041761112372402e-01,9.982041761112372402e-01,9.999999999950001106e-01
6.544000000000000000e+04,4.111716465018321178e+05,9.989037751418626820e-01,9.989037751418626820e-01,9.999999999950349716e-01
6.617000000000000000e+04,4.157583717760732397e+05,9.987726756801507122e-01,9.987726756801507122e-01,9.999999999949915619e-01
6.690700000000000000e+04,4.203890793474645470e+05,-9.980067554031752941e-01,9.980067554031752941e-01,9.999999999948268048e-01
6.765300000000000000e+04,4.250763355866205529e+05,-9.983279440794832205e-01,9.983279440794832205e-01,9.999999999947718488e-01
6.840700000000000000e+04,4.298138573082339717e+05,-9.981241448890584289e-01,9.981241448890584289e-01,9.999999999947152274e-01
6.916900000000000000e+04,4.346016445123048034e+05,-9.980441316975892097e-01,9.980441316975892097e-01,9.999999999946445062e-01
6.994000000000000000e+04,4.394459803841402754e+05,9.980486573501509140e-01,9.980486573501509140e-01,9.999999999947160045e-01
7.072000000000000000e+04,4.443468649237403297e+05,9.989751902737152855e-01,9.989751902737152855e-01,9.999999999946510565e-01
7.150800000000000000e+04,4.492980149457978550e+05,9.984677105745739523e-01,9.984677105745739523e-01,9.999999999946007634e-01
7.230500000000000000e+04,4.543057136356199626e+05,-9.982805741359787044e-01,9.982805741359787044e-01,9.999999999944054752e-01
7.311100000000000000e+04,4.593699609932067106e+05,-9.993842838270222684e-01,9.993842838270222684e-01,9.999999999943837148e-01
7.392600000000000000e+04,4.644907570185580989e+05,9.989382371267443439e-01,9.989382371267443439e-01,9.999999999944200191e-01
7.474900000000000000e+04,4.696618185263669002e+05,-9.979904169525678492e-01,9.979904169525678492e-01,9.999999999942201789e-01
7.558300000000000000e+04,4.749019950725546805e+05,-9.994126863394443561e-01,9.994126863394443561e-01,9.999999999941937556e-01
7.642500000000000000e+04,4.801924371011998737e+05,-9.991449090776394204e-01,9.991449090776394204e-01,9.999999999941229234e-01
7.727700000000000000e+04,4.855457109829168767e+05,-9.979165179483824311e-01,9.979165179483824311e-01,9.999999999940270001e-01
7.813800000000000000e+04,4.909555335323985200e+05,9.989439271917630592e-01,9.989439271917630592e-01,9.999999999940946127e-01
7.900900000000000000e+04,4.964281879349519149e+05,-9.988640439042394403e-01,9.988640439042394403e-01,9.999999999939354067e-01
7.988900000000000000e+04,5.019573910052699503e+05,-9.986609986555641250e-01,9.986609986555641250e-01,9.999999999938362638e-01
8.078000000000000000e+04,5.075557091139669647e+05,9.978154887715483534e-01,9.978154887715483534e-01,9.999999999939106488e-01
8.168000000000000000e+04,5.132105758904286195e+05,9.987689137225216340e-01,9.987689137225216340e-01,9.999999999938177231e-01
8.259000000000000000e+04,5.189282745199620258e+05,9.988055095832653052e-01,9.988055095832653052e-01,9.999999999937625450e-01
8.351100000000000000e+04,5.247150881878744112e+05,-9.991628419144152895e-01,9.991628419144152895e-01,9.999999999935902384e-01
8.444200000000000000e+04,5.305647337088586064e+05,9.992844065236605733e-01,9.992844065236605733e-01,9.999999999936078909e-01
8.538300000000000000e+04,5.364772110829146113e+05,-9.988316318826084839e-01,9.988316318826084839e-01,9.999999999934221506e-01
8.633400000000000000e+04,5.424525203100424260e+05,9.986877780358316414e-01,9.986877780358316414e-01,9.999999999934703343e-01
8.729700000000000000e+04,5.485032277608563891e+05,-9.986582759366946505e-01,9.986582759366946505e-01,9.999999999933092409e-01
8.827000000000000000e+04,5.546167670647420455e+05,9.992951747984547550e-01,9.992951747984547550e-01,9.999999999933000261e-01
8.925300000000000000e+04,5.607931382216996280e+05,-9.978705880351912416e-01,9.978705880351912416e-01,9.999999999931197259e-01
9.024800000000000000e+04,5.670449076023432426e+05,9.995586492617175578e-01,9.995586492617175578e-01,9.999999999931481476e-01
9.125400000000000000e+04,5.733657920213659527e+05,9.985776317831711602e-01,9.985776317831711602e-01,9.999999999930795358e-01
9.227100000000000000e+04,5.797557914787676418e+05,-9.984324496307186436e-01,9.984324496307186436e-01,9.999999999929259920e-01
9.329900000000000000e+04,5.862149059745481936e+05,-9.989450965967473506e-01,9.989450965967473506e-01,9.999999999928154137e-01
9.433900000000000000e+04,5.927494186940150103e+05,-9.993122671734152584e-01,9.993122671734152584e-01,9.999999999927648986e-01
9.539100000000000000e+04,5.993593296371678589e+05,-9.993018701261106029e-01,9.993018701261106029e-01,9.999999999926985073e-01
9.645400000000000000e+04,6.060383556186998030e+05,9.987446323519670877e-01,9.987446323519670877e-01,9.999999999927152716e-01
9.752900000000000000e+04,6.127927798239178956e+05,-9.992946304470337049e-01,9.992946304470337049e-01,9.999999999925168748e-01
9.861600000000000000e+04,6.196226022528220201e+05,9.992747137318842565e-01,9.992747137318842565e-01,9.999999999925146543e-01
9.971500000000000000e+04,6.265278229054124095e+05,-9.994983459047601659e-01,9.994983459047601659e-01,9.999999999923704364e-01
1.008260000000000000e+05,6.335084417816889472e+05,9.986758523531871212e-01,9.986758523531871212e-01,9.999999999923526728e-01
1.019500000000000000e+05,6.405707420669588028e+05,9.981846579470174952e-01,9.981846579470174952e-01,9.999999999922942751e-01
1.030860000000000000e+05,6.477084405759148067e+05,9.980780742289845353e-01,9.980780742289845353e-01,9.999999999922167815e-01
1.042350000000000000e+05,6.549278204938641284e+05,-9.988765489248276896e-01,9.988765489248276896e-01,9.999999999920007321e-01
1.053970000000000000e+05,6.622288818208068842e+05,-9.985396854113377518e-01,9.985396854113377518e-01,9.999999999919003679e-01
1.065720000000000000e+05,6.696116245567428414e+05,9.988936289475871533e-01,9.988936289475871533e-01,9.999999999919121363e-01
1.077590000000000000e+05,6.770697655163650634e+05,-9.985258598303570210e-01,9.985258598303570210e-01,9.999999999917191795e-01
1.089600000000000000e+05,6.846158710702877725e+05,9.985725967072961451e-01,9.985725967072961451e-01,9.999999999917389415e-01
1.101750000000000000e+05,6.922499412185109686e+05,-9.987775525558868495e-01,9.987775525558868495e-01,9.999999999915420990e-01
1.114030000000000000e+05,6.999656927757274825e+05,-9.986973016247688850e-01,9.986973016247688850e-01,9.999999999914584992e-01
1.126440000000000000e+05,7.077631257419373142e+05,9.986022255251376656e-01,9.986022255251376656e-01,9.999999999914845894e-01
1.139000000000000000e+05,7.156548064877549186e+05,9.980452443705365440e-01,9.980452443705365440e-01,9.999999999913958826e-01
1.151690000000000000e+05,7.236281686425657244e+05,-9.995134417088711309e-01,9.995134417088711309e-01,9.999999999911947102e-01
1.164530000000000000e+05,7.316957785769843031e+05,-9.983882740204997885e-01,9.983882740204997885e-01,9.999999999910877957e-01
1.177510000000000000e+05,7.398513531057034852e+05,-9.984244553633557784e-01,9.984244553633557784e-01,9.999999999909879866e-01
1.190630000000000000e+05,7.480948922287230380e+05,-9.989779091209313178e-01,9.989779091209313178e-01,9.999999999908921744e-01
1.203900000000000000e+05,7.564326791313503636e+05,9.984703795207621191e-01,9.984703795207621191e-01,9.999999999908993908e-01
1.217320000000000000e+05,7.648647138135853456e+05,9.981320869271939067e-01,9.981320869271939067e-01,9.999999999907968062e-01
1.230880000000000000e+05,7.733847130901209312e+05,9.985910165748084211e-01,9.985910165748084211e-01,9.999999999906772352e-01
1.244600000000000000e+05,7.820052433315713424e+05,9.987568963256947541e-01,9.987568963256947541e-01,9.999999999905557768e-01
1.258470000000000000e+05,7.907200213526294101e+05,-9.991499299165251813e-01,9.991499299165251813e-01,9.999999999903821379e-01
1.272500000000000000e+05,7.995353303386023035e+05,9.984812788207761969e-01,9.984812788207761969e-01,9.999999999903452785e-01
1.286680000000000000e+05,8.084448871041829698e+05,9.992978023508103380e-01,9.992978023508103380e-01,9.999999999902454695e-01
1.301020000000000000e+05,8.174549748346785782e+05,9.985584796637270166e-01,9.985584796637270166e-01,9.999999999901596492e-01
1.315520000000000000e+05,8.265655935300888959e+05,9.988647437644015969e-01,9.988647437644015969e-01,9.999999999900477388e-01
1.330180000000000000e+05,8.357767431904141558e+05,9.978206313227518942e-01,9.978206313227518942e-01,9.999999999899346070e-01
1.345010000000000000e+05,8.450947070009615272e+05,-9.980206421934951777e-01,9.980206421934951777e-01,9.999999999896812541e-01
1.360000000000000000e+05,8.545132017764237244e+05,9.984540094251305176e-01,9.984540094251305176e-01,9.999999999897094538e-01
1.375160000000000000e+05,8.640385107021080330e+05,9.980690301410168885e-01,9.980690301410168885e-01,9.999999999895970992e-01
1.390480000000000000e+05,8.736643505927070510e+05,9.989845229424864081e-01,9.989845229424864081e-01,9.999999999894644276e-01
1.405980000000000000e+05,8.834032878188354662e+05,9.984011358045864482e-01,9.984011358045864482e-01,9.999999999893677272e-01
1.421650000000000000e+05,8.932490391951858765e+05,-9.986552265514259119e-01,9.986552265514259119e-01,9.999999999891024949e-01
1.437500000000000000e+05,9.032078879070655676e+05,9.985612166172123105e-01,9.985612166172123105e-01,9.999999999891122648e-01
1.453520000000000000e+05,9.132735507691672537e+05,9.988810082785631872e-01,9.988810082785631872e-01,9.999999999889853664e-01
1.469720000000000000e+05,9.234523109667981043e+05,9.986185985035073154e-01,9.986185985035073154e-01,9.999999999888459223e-01
1.486100000000000000e+05,9.337441684999583522e+05,9.986491144038572854e-01,9.986491144038572854e-01,9.999999999887524416e-01
1.502660000000000000e+05,9.441491233686476480e+05,9.976899222379111976e-01,9.976899222379111976e-01,9.999999999886373114e-01
1.519410000000000000e+05,9.546734587581735104e+05,-9.981178703443953637e-01,9.981178703443953637e-01,9.999999999883725232e-01
1.536340000000000000e+05,9.653108914832285373e+05,9.986424262764329596e-01,9.986424262764329596e-01,9.999999999883661950e-01
1.553460000000000000e+05,9.760677047291200142e+05,9.979791411346362606e-01,9.979791411346362606e-01,9.999999999882328572e-01
1.570780000000000000e+05,9.869501816811549943e+05,9.987910601659637511e-01,9.987910601659637511e-01,9.999999999880991863e-01
1.588280000000000000e+05,9.979457559687193716e+05,9.989280427439291010e-01,9.989280427439291010e-01,9.999999999879736201e-01
1.605990000000000000e+05,1.009073277147734421e+06,-9.991678256298730521e-01,9.991678256298730521e-01,9.999999999877406953e-01
1.623890000000000000e+05,1.020320178847585805e+06,-9.979458105954015501e-01,9.979458105954015501e-01,9.999999999875777146e-01
1.641980000000000000e+05,1.031686461068273755e+06,9.984405758209243809e-01,9.984405758209243809e-01,9.999999999875457402e-01
1.660280000000000000e+05,1.043184690180412377e+06,9.989653818250373574e-01,9.989653818250373574e-01,9.999999999874215062e-01
1.678790000000000000e+05,1.054814866184001788e+06,-9.984152580888745465e-01,9.984152580888745465e-01,9.999999999871714840e-01
1.697500000000000000e+05,1.066570705893734703e+06,9.988645861607947651e-01,9.988645861607947651e-01,9.999999999871208578e-01
1.716420000000000000e+05,1.078458492494918639e+06,9.993588592424608175e-01,9.993588592424608175e-01,9.999999999869705336e-01
1.735550000000000000e+05,1.090478225987553131e+06,-9.988776427528862634e-01,9.988776427528862634e-01,9.999999999867522638e-01
1.754890000000000000e+05,1.102629906371638412e+06,-9.986334659133624392e-01,9.986334659133624392e-01,9.999999999866011624e-01
1.774450000000000000e+05,1.114919816832481651e+06,-9.992790035535833448e-01,9.992790035535833448e-01,9.999999999864483957e-01
1.794230000000000000e+05,1.127347957370082848e+06,-9.991744574778540500e-01,9.991744574778540500e-01,9.999999999863127265e-01
1.814220000000000000e+05,1.139908044799134834e+06,9.991835907257130556e-01,9.991835907257130556e-01,9.999999999862365652e-01
1.834440000000000000e+05,1.152612645490251947e+06,9.979929182714498692e-01,9.979929182714498692e-01,9.999999999861088895e-01
1.854890000000000000e+05,1.165461759443434188e+06,-9.983941808859250200e-01,9.983941808859250200e-01,9.999999999858361077e-01
1.875560000000000000e+05,1.178449103473374387e+06,9.984573493954290724e-01,9.984573493954290724e-01,9.999999999857875910e-01
1.896460000000000000e+05,1.191580960765379714e+06,9.988293246206055853e-01,9.988293246206055853e-01,9.999999999856304944e-01
1.917600000000000000e+05,1.204863614504757570e+06,9.979206751813001208e-01,9.979206751813001208e-01,9.999999999854712884e-01
1.938970000000000000e+05,1.218290781506200321e+06,-9.994793844198510691e-01,9.994793844198510691e-01,9.999999999852130506e-01
1.960580000000000000e+05,1.231868744955015369e+06,9.985362633500631802e-01,9.985362633500631802e-01,9.999999999851221233e-01
1.982430000000000000e+05,1.245597504851202713e+06,-9.987625298596868317e-01,9.987625298596868317e-01,9.999999999848444565e-01
2.004530000000000000e+05,1.259483344380069524e+06,-9.981721694977692128e-01,9.981721694977692128e-01,9.999999999846750365e-01
2.026870000000000000e+05,1.273519980356308864e+06,-9.983771039943786230e-01,9.983771039943786230e-01,9.999999999845144982e-01
2.049460000000000000e+05,1.287713695965227438e+06,9.985946612704730274e-01,9.985946612704730274e-01,9.999999999844707554e-01
2.072300000000000000e+05,1.302064491206825711e+06,9.982681084013722561e-01,9.982681084013722561e-01,9.999999999842869025e-01
2.095400000000000000e+05,1.316578649266410386e+06,9.991152370524212234e-01,9.991152370524212234e-01,9.999999999840870624e-01
2.118750000000000000e+05,1.331249886958674761e+06,-9.981666652559608721e-01,9.981666652559608721e-01,9.999999999838040665e-01
2.142360000000000000e+05,1.346084487468925770e+06,9.995293838290590926e-01,9.995293838290590926e-01,9.999999999837269060e-01
2.166240000000000000e+05,1.361088733982470585e+06,9.995541669034331278e-01,9.995541669034331278e-01,9.999999999835494924e-01
2.190380000000000000e+05,1.376256343314002268e+06,9.985556419464519662e-01,9.985556419464519662e-01,9.999999999833966147e-01
2.214800000000000000e+05,1.391599881834134692e+06,9.978273329701985439e-01,9.978273329701985439e-01,9.999999999832270836e-01
2.239480000000000000e+05,1.407106783172253985e+06,9.992815064491100685e-01,9.992815064491100685e-01,9.999999999830001540e-01
2.264440000000000000e+05,1.422789613698974252e+06,9.986878930887164163e-01,9.986878930887164163e-01,9.999999999828108610e-01
2.289680000000000000e+05,1.438648373414295493e+06,9.979581656130461775e-01,9.979581656130461775e-01,9.999999999826540975e-01
2.315200000000000000e+05,1.454683062318217708e+06,9.987144442734244842e-01,9.987144442734244842e-01,9.999999999824519259e-01
2.341000000000000000e+05,1.470893680410741130e+06,9.994475717949797833e-01,9.994475717949797833e-01,9.999999999822308805e-01
2.367090000000000000e+05,1.487286510877172695e+06,-9.981608391267752234e-01,9.981608391267752234e-01,9.999999999819182417e-01
2.393470000000000000e+05,1.503861553717512405e+06,-9.987893592457007808e-01,9.987893592457007808e-01,9.999999999817223983e-01
2.420150000000000000e+05,1.520625092117067659e+06,-9.985266235034537807e-01,9.985266235034537807e-01,9.999999999815347707e-01
2.447120000000000000e+05,1.537570842890530825e+06,9.988371109959519600e-01,9.988371109959519600e-01,9.999999999814566110e-01
2.474400000000000000e+05,1.554711372408516705e+06,9.992011994079801340e-01,9.992011994079801340e-01,9.999999999812080320e-01
2.501970000000000000e+05,1.572034114300410962e+06,-9.994027411167003550e-01,9.994027411167003550e-01,9.999999999809338069e-01
2.529860000000000000e+05,1.589557918122134870e+06,9.976602273972194901e-01,9.976602273972194901e-01,9.999999999808311113e-01
2.558050000000000000e+05,1.607270217503074091e+06,-9.989570727002917705e-01,9.989570727002917705e-01,9.999999999804998208e-01
2.586560000000000000e+05,1.625183578813842963e+06,9.992458096003258294e-01,9.992458096003258294e-01,9.999999999803562689e-01
2.615390000000000000e+05,1.643298002054441720e+06,-9.983665983702991742e-01,9.983665983702991742e-01,9.999999999800446293e-01
2.644540000000000000e+05,1.661613487224870361e+06,9.985769952310307174e-01,9.985769952310307174e-01,9.999999999799279449e-01
2.674010000000000000e+05,1.680130034325128654e+06,-9.980919486420289921e-01,9.980919486420289921e-01,9.999999999795994299e-01
2.703820000000000000e+05,1.698860209725830937e+06,9.995375625137093989e-01,9.995375625137093989e-01,9.999999999794618732e-01
2.733950000000000000e+05,1.717791447056362871e+06,-9.987069984370994247e-01,9.987069984370994247e-01,9.999999999791452376e-01
2.764420000000000000e+05,1.736936312687339261e+06,9.984606152125468093e-01,9.984606152125468093e-01,9.999999999790233352e-01
2.795230000000000000e+05,1.756294806618759409e+06,-9.985040557977022946e-01,9.985040557977022946e-01,9.999999999786725047e-01
2.826390000000000000e+05,1.775873212035931181e+06,-9.994475356245713371e-01,9.994475356245713371e-01,9.999999999784738858e-01
2.857890000000000000e+05,1.795665245753546711e+06,-9.994758171007069869e-01,9.994758171007069869e-01,9.999999999782366311e-01
2.889740000000000000e+05,1.815677190956913866e+06,9.994342872163439750e-01,9.994342872163439750e-01,9.999999999780572191e-01
2.921940000000000000e+05,1.835909047646031948e+06,9.990746447482674597e-01,9.990746447482674597e-01,9.999999999778277360e-01
2.954510000000000000e+05,1.856373382191515993e+06,-9.980337280381335052e-01,9.980337280381335052e-01,9.999999999774534798e-01
2.987440000000000000e+05,1.877063911408058368e+06,9.987817566970055294e-01,9.987817566970055294e-01,9.999999999773478976e-01
3.020730000000000000e+05,1.897980635295659071e+06,-9.995188989158562132e-01,9.995188989158562132e-01,9.999999999769982884e-01
3.054400000000000000e+05,1.919136120224932907e+06,9.991569948890433039e-01,9.991569948890433039e-01,9.999999999768222070e-01
3.088440000000000000e+05,1.940524083010572242e+06,9.980380986334836946e-01,9.980380986334836946e-01,9.999999999765710745e-01
3.122860000000000000e+05,1.962150806837884244e+06,9.993540371648341747e-01,9.993540371648341747e-01,9.999999999762774205e-01
3.157670000000000000e+05,1.984022574892176315e+06,-9.989212507965961052e-01,9.989212507965961052e-01,9.999999999759140445e-01
3.192860000000000000e+05,2.006133103988141287e+06,9.990592728773534104e-01,9.990592728773534104e-01,9.999999999757657188e-01
3.228450000000000000e+05,2.028494960496393498e+06,-9.993928940951815054e-01,9.993928940951815054e-01,9.999999999754151103e-01
3.264430000000000000e+05,2.051101861231625779e+06,-9.985564943390173864e-01,9.985564943390173864e-01,9.999999999751054691e-01
3.300810000000000000e+05,2.073960089379145065e+06,-9.992263599435453614e-01,9.992263599435453614e-01,9.999999999748596657e-01
3.337600000000000000e+05,2.097075928124258760e+06,9.979338751861803747e-01,9.979338751861803747e-01,9.999999999746845836e-01
3.374800000000000000e+05,2.120449377466966864e+06,9.994278679786701147e-01,9.994278679786701147e-01,9.999999999743632850e-01
3.412410000000000000e+05,2.144080437407269143e+06,-9.983307975172467374e-01,9.983307975172467374e-01,9.999999999740044609e-01
3.450440000000000000e+05,2.167975391130472999e+06,9.989569659879743435e-01,9.989569659879743435e-01,9.999999999738197198e-01
3.488900000000000000e+05,2.192140521821885835e+06,9.990220520056848352e-01,9.990220520056848352e-01,9.999999999735075251e-01
3.527780000000000000e+05,2.216569546296200249e+06,9.987439509994310294e-01,9.987439509994310294e-01,9.999999999732375189e-01
3.567100000000000000e+05,2.241275030924030114e+06,9.980662679678901084e-01,9.980662679678901084e-01,9.999999999729372036e-01
3.606860000000000000e+05,2.266256975705376361e+06,9.994084964096489054e-01,9.994084964096489054e-01,9.999999999726114641e-01
3.647060000000000000e+05,2.291515380640238058e+06,9.991666906084353261e-01,9.991666906084353261e-01,9.999999999723129251e-01
3.687700000000000000e+05,2.317050245728616137e+06,9.978714429949774312e-01,9.978714429949774312e-01,9.999999999720358135e-01
3.728800000000000000e+05,2.342874137341124006e+06,9.989949141385285891e-01,9.989949141385285891e-01,9.999999999716780996e-01
3.770360000000000000e+05,2.368987055477762595e+06,9.995024977177640046e-01,9.995024977177640046e-01,9.999999999713597987e-01
3.812380000000000000e+05,2.395389000138530973e+06,9.993641611440626793e-01,9.993641611440626793e-01,9.999999999710483811e-01
3.854870000000000000e+05,2.422086254508737009e+06,-9.980719138918735522e-01,9.980719138918735522e-01,9.999999999706248310e-01
3.897830000000000000e+05,2.449078818588380702e+06,-9.983933044545241220e-01,9.983933044545241220e-01,9.999999999702974263e-01
3.941280000000000000e+05,2.476379258748075925e+06,9.980005678824434012e-01,9.980005678824434012e-01,9.999999999701042475e-01
3.985200000000000000e+05,2.503975008617208805e+06,9.976845304640259426e-01,9.976845304640259426e-01,9.999999999697719577e-01
4.029620000000000000e+05,2.531884917751700617e+06,9.987961635345545819e-01,9.987961635345545819e-01,9.999999999693961472e-01
4.074530000000000000e+05,2.560102702966243960e+06,-9.981645863151389353e-01,9.981645863151389353e-01,9.999999999689563879e-01
4.119940000000000000e+05,2.588634647446146235e+06,9.983768121713150201e-01,9.983768121713150201e-01,9.999999999687128049e-01
4.165860000000000000e+05,2.617487034376715310e+06,9.981911331575803459e-01,9.981911331575803459e-01,9.999999999683986118e-01
4.212290000000000000e+05,2.646659863757949788e+06,-9.995372696962658843e-01,9.995372696962658843e-01,9.999999999679433094e-01
4.259230000000000000e+05,2.676153135589851066e+06,-9.983479291145788137e-01,9.983479291145788137e-01,9.999999999675801554e-01
4.306700000000000000e+05,2.705979416243032552e+06,9.994586182825732079e-01,9.994586182825732079e-01,9.999999999672878337e-01
4.354700000000000000e+05,2.736138705717494246e+06,9.980309852177658980e-01,9.980309852177658980e-01,9.999999999669609840e-01
4.403240000000000000e+05,2.766637287198544014e+06,9.994216183396185116e-01,9.994216183396185116e-01,9.999999999665513117e-01
4.452310000000000000e+05,2.797468877500874456e+06,-9.985989943657606061e-01,9.985989943657606061e-01,9.999999999661077776e-01
4.501930000000000000e+05,2.828646042995099444e+06,-9.992923501960956356e-01,9.992923501960956356e-01,9.999999999657421812e-01
4.552110000000000000e+05,2.860175066866526846e+06,-9.980854527156817202e-01,9.980854527156817202e-01,9.999999999653197413e-01
4.602840000000000000e+05,2.892049665929848794e+06,9.994232525338914153e-01,9.994232525338914153e-01,9.999999999650499571e-01
4.654140000000000000e+05,2.924282406555680092e+06,9.986549905943085115e-01,9.986549905943085115e-01,9.999999999646834725e-01
4.706010000000000000e+05,2.956873288744020276e+06,-9.986729201674693357e-01,9.986729201674693357e-01,9.999999999641611126e-01
4.758460000000000000e+05,2.989828595680177212e+06,9.983393927051912309e-01,9.983393927051912309e-01,9.999999999638654602e-01
4.811500000000000000e+05,3.023154610549457837e+06,9.993830844491443655e-01,9.993830844491443655e-01,9.999999999634511250e-01
4.865120000000000000e+05,3.056845050166554749e+06,9.986163247951145294e-01,9.986163247951145294e-01,9.999999999630536651e-01
4.919350000000000000e+05,3.090918764087389689e+06,-9.987836943775649790e-01,9.987836943775649790e-01,9.999999999625467373e-01
4.974170000000000000e+05,3.125363185941348318e+06,-9.989673823896597638e-01,9.989673823896597638e-01,9.999999999621437263e-01
5.029610000000000000e+05,3.160197165284351911e+06,-9.981998593341336878e-01,9.981998593341336878e-01,9.999999999616924207e-01
5.085670000000000000e+05,3.195420702116400469e+06,-9.979885120647490337e-01,9.979885120647490337e-01,9.999999999612636525e-01
5.142350000000000000e+05,3.231033796437494457e+06,-9.992615156060449255e-01,9.992615156060449255e-01,9.999999999608679691e-01
5.199660000000000000e+05,3.267042731432940811e+06,9.982925437426480864e-01,9.982925437426480864e-01,9.999999999605294621e-01
5.257610000000000000e+05,3.303453790288046468e+06,-9.984254392252958077e-01,9.984254392252958077e-01,9.999999999599704648e-01
5.316210000000000000e+05,3.340273256188118830e+06,-9.980544395636239408e-01,9.980544395636239408e-01,9.999999999595160505e-01
5.375460000000000000e+05,3.377501129133157898e+06,9.991249231629674155e-01,9.991249231629674155e-01,9.999999999591674404e-01
5.435370000000000000e+05,3.415143692308470607e+06,-9.987011070757443321e-01,9.987011070757443321e-01,9.999999999586226540e-01
5.495950000000000000e+05,3.453207228899364825e+06,-9.985346353693081989e-01,9.985346353693081989e-01,9.999999999581855592e-01
5.557200000000000000e+05,3.491691738905839622e+06,9.989945002494693416e-01,9.989945002494693416e-01,9.999999999577908749e-01
5.619140000000000000e+05,3.530609788698509801e+06,9.984507006691114572e-01,9.984507006691114572e-01,9.999999999573483400e-01
5.681760000000000000e+05,3.569955095092068426e+06,9.980169262931989360e-01,9.980169262931989360e-01,9.999999999568731646e-01
5.745090000000000000e+05,3.609746507642436773e+06,-9.985148786156161638e-01,9.985148786156161638e-01,9.999999999562771968e-01
5.809120000000000000e+05,3.649977743164307903e+06,9.990191002938410003e-01,9.990191002938410003e-01,9.999999999558815134e-01
5.873860000000000000e+05,3.690655084842988290e+06,9.987283252795743360e-01,9.987283252795743360e-01,9.999999999554201047e-01
5.939320000000000000e+05,3.731784815863785800e+06,9.975725214399263630e-01,9.975725214399263630e-01,9.999999999549324947e-01
6.005520000000000000e+05,3.773379502597314771e+06,9.983666513441280532e-01,9.983666513441280532e-01,9.999999999543999207e-01
6.072450000000000000e+05,3.815432861858267803e+06,-9.993503326228495576e-01,9.993503326228495576e-01,9.999999999538076167e-01
6.140130000000000000e+05,3.857957460017259233e+06,-9.988423011009305297e-01,9.988423011009305297e-01,9.999999999532916961e-01
6.208560000000000000e+05,3.900953297074289061e+06,9.985509681407676030e-01,9.985509681407676030e-01,9.999999999528536021e-01
6.277760000000000000e+05,3.944432939399972092e+06,9.984562342163120219e-01,9.984562342163120219e-01,9.999999999523249139e-01
6.347730000000000000e+05,3.988396386994307395e+06,-9.986970130643482157e-01,9.986970130643482157e-01,9.999999999517147353e-01
6.418470000000000000e+05,4.032843639857295901e+06,-9.988939748418904641e-01,9.988939748418904641e-01,9.999999999511760551e-01
6.490010000000000000e+05,4.077793547544858418e+06,-9.984934018772464448e-01,9.984934018772464448e-01,9.999999999506331561e-01
6.562340000000000000e+05,4.123239826871688478e+06,9.990719573459028169e-01,9.990719573459028169e-01,9.999999999501690828e-01
6.635480000000000000e+05,4.169195044208399951e+06,9.991212566581566534e-01,9.991212566581566534e-01,9.999999999496068659e-01
6.709430000000000000e+05,4.215659199554992840e+06,-9.989186538919130331e-01,9.989186538919130331e-01,9.999999999489452840e-01
6.784210000000000000e+05,4.262644859282081947e+06,-9.992071136274859322e-01,9.992071136274859322e-01,9.999999999484036062e-01
6.859820000000000000e+05,4.310152023389667273e+06,9.992967154299826626e-01,9.992967154299826626e-01,9.999999999478881296e-01
6.936270000000000000e+05,4.358186975063054822e+06,-9.989351714575879226e-01,9.989351714575879226e-01,9.999999999472461987e-01
7.013580000000000000e+05,4.406762280672860332e+06,9.988092490254274480e-01,9.988092490254274480e-01,9.999999999467457101e-01
7.091750000000000000e+05,4.455877940219082870e+06,-9.984062835358344934e-01,9.984062835358344934e-01,9.999999999460440492e-01
7.170790000000000000e+05,4.505540236887030303e+06,-9.994903521271831792e-01,9.994903521271831792e-01,9.999999999454716182e-01
7.250710000000000000e+05,4.555755453862009570e+06,-9.983175903138477025e-01,9.983175903138477025e-01,9.999999999448238031e-01
7.331520000000000000e+05,4.606529874329327606e+06,9.984509765594448139e-01,9.984509765594448139e-01,9.999999999443260901e-01
7.413230000000000000e+05,4.657869781474292278e+06,-9.980941505300626737e-01,9.980941505300626737e-01,9.999999999435917886e-01
7.495850000000000000e+05,4.709781458482210524e+06,-9.979038181136902219e-01,9.979038181136902219e-01,9.999999999429514119e-01
7.579390000000000000e+05,4.762271188538388349e+06,-9.979224283459301459e-01,9.979224283459301459e-01,9.999999999423272445e-01
7.663870000000000000e+05,4.815351538013441488e+06,-9.994009907893325328e-01,9.994009907893325328e-01,9.999999999417238383e-01
7.749280000000000000e+05,4.869016223722062074e+06,9.990252855920740416e-01,9.990252855920740416e-01,9.999999999411441909e-01
7.835650000000000000e+05,4.923284095220172778e+06,-9.986349565779035764e-01,9.986349565779035764e-01,9.999999999403861306e-01
7.922980000000000000e+05,4.978155152507771738e+06,9.978157023624123489e-01,9.978157023624123489e-01,9.999999999398576644e-01
8.011280000000000000e+05,5.033635678770167753e+06,9.984861080454419113e-01,9.984861080454419113e-01,9.999999999391647743e-01
8.100570000000000000e+05,5.089738240377973765e+06,-9.987565043100394835e-01,9.987565043100394835e-01,9.999999999383809568e-01
8.190850000000000000e+05,5.146462837331191637e+06,-9.986004597233156810e-01,9.986004597233156810e-01,9.999999999376870674e-01
8.282140000000000000e+05,5.203822036000433378e+06,9.984221232411805147e-01,9.984221232411805147e-01,9.999999999371039783e-01
8.374440000000000000e+05,5.261815836385701783e+06,9.994232140866504688e-01,9.994232140866504688e-01,9.999999999363858860e-01
8.467780000000000000e+05,5.320463088042915799e+06,9.986973792000841676e-01,9.986973792000841676e-01,9.999999999356836700e-01
8.562150000000000000e+05,5.379757507786769420e+06,-9.988440627605067457e-01,9.988440627605067457e-01,9.999999999348637703e-01
8.657580000000000000e+05,5.439717945173184387e+06,9.988219777953466494e-01,9.988219777953466494e-01,9.999999999342383816e-01
8.754070000000000000e+05,5.500344400202159770e+06,-9.984635300082843612e-01,9.984635300082843612e-01,9.999999999334259204e-01
8.851640000000000000e+05,5.561649439244311303e+06,9.989396024955466968e-01,9.989396024955466968e-01,9.999999999327632283e-01
8.950290000000000000e+05,5.623633062299638055e+06,-9.984706504460106880e-01,9.984706504460106880e-01,9.999999999319336697e-01
9.050040000000000000e+05,5.686307835738753900e+06,9.983379595955992336e-01,9.983379595955992336e-01,9.999999999312940702e-01
9.150910000000000000e+05,5.749686325932274573e+06,-9.989978784239887943e-01,9.989978784239887943e-01,9.999999999303951226e-01
9.252890000000000000e+05,5.813762249694892205e+06,-9.988304299018226917e-01,9.988304299018226917e-01,9.999999999296201869e-01
9.356020000000000000e+05,5.878560739767835476e+06,9.989045371015929931e-01,9.989045371015929931e-01,9.999999999289352903e-01
9.460290000000000000e+05,5.944075512965796515e+06,-9.979602481127681779e-01,9.979602481127681779e-01,9.999999999280443364e-01
9.565730000000000000e+05,6.010325418844697997e+06,-9.981123302569762101e-01,9.981123302569762101e-01,9.999999999272426443e-01
9.672340000000000000e+05,6.077310457404539920e+06,9.984616243667986391e-01,9.984616243667986391e-01,9.999999999265292150e-01
9.780140000000000000e+05,6.145043195015936159e+06,9.982051131755138584e-01,9.982051131755138584e-01,9.999999999257478400e-01
9.889140000000000000e+05,6.213529914864193648e+06,9.980540387366837463e-01,9.980540387366837463e-01,9.999999999249097327e-01
9.999360000000000000e+05,6.282783183319927193e+06,9.982719193768589960e-01,9.982719193768589960e-01,9.999999999240684057e-01
1.011080000000000000e+06,6.352803000383135863e+06,9.978888186590935128e-01,9.978888186590935128e-01,9.999999999232376258e-01
1.022349000000000000e+06,6.423608215609743260e+06,-9.992081880177329234e-01,9.992081880177329234e-01,9.999999999222740632e-01
1.033743000000000000e+06,6.495198828999746591e+06,-9.988693249792209850e-01,9.988693249792209850e-01,9.999999999214050916e-01
1.045265000000000000e+06,6.567593690109070390e+06,-9.986713547739433094e-01,9.986713547739433094e-01,9.999999999205303469e-01
1.056914000000000000e+06,6.640786515752404928e+06,9.992165108918155125e-01,9.992165108918155125e-01,9.999999999197090039e-01
1.068694000000000000e+06,6.714802438670980744e+06,9.982085312360124973e-01,9.982085312360124973e-01,9.999999999188280420e-01
1.080605000000000000e+06,6.789641458864796907e+06,-9.986509251153887767e-01,9.986509251153887767e-01,9.999999999178299515e-01
1.092648000000000000e+06,6.865309859519160353e+06,9.985602652170840754e-01,9.985602652170840754e-01,9.999999999170117171e-01
1.104826000000000000e+06,6.941826490189993754e+06,9.992722976590100448e-01,9.992722976590100448e-01,9.999999999160742448e-01
1.117139000000000000e+06,7.019191350877296180e+06,-9.989270282663078593e-01,9.989270282663078593e-01,9.999999999150716024e-01
1.129590000000000000e+06,7.097423291136988439e+06,9.992487331518991045e-01,9.992487331518991045e-01,9.999999999141964135e-01
1.142180000000000000e+06,7.176528594154380262e+06,9.983092324525947303e-01,9.983092324525947303e-01,9.999999999132719308e-01
1.154909000000000000e+06,7.256507259929468855e+06,-9.979982251346936062e-01,9.979982251346936062e-01,9.999999999121593763e-01
1.167781000000000000e+06,7.337384421203484759e+06,-9.976935988506258068e-01,9.976935988506258068e-01,9.999999999111832683e-01
1.180796000000000000e+06,7.419160077976427041e+06,9.986885241409917402e-01,9.986885241409917402e-01,9.999999999103185155e-01
1.193956000000000000e+06,7.501846796618910506e+06,9.990598888495354490e-01,9.990598888495354490e-01,9.999999999093012182e-01
1.207263000000000000e+06,7.585457143501549028e+06,-9.987801654244408134e-01,9.987801654244408134e-01,9.999999999082277435e-01
1.220718000000000000e+06,7.669997401809650473e+06,9.987326433530230307e-01,9.987326433530230307e-01,9.999999999072987089e-01
1.234323000000000000e+06,7.755480137913828716e+06,-9.985222315153891026e-01,9.985222315153891026e-01,9.999999999061632838e-01
1.248080000000000000e+06,7.841917918184697628e+06,9.984115997808866716e-01,9.984115997808866716e-01,9.999999999052198163e-01
1.261990000000000000e+06,7.929317025807566009e+06,9.984115790808980595e-01,9.984115790808980595e-01,9.999999999041510046e-01
1.276055000000000000e+06,8.017690027153046802e+06,-9.986889043085107609e-01,9.986889043085107609e-01,9.999999999029669517e-01
1.290277000000000000e+06,8.107049488591754809e+06,-9.981050676522418286e-01,9.981050676522418286e-01,9.999999999018934771e-01
1.304658000000000000e+06,8.197407976494304836e+06,9.983137031107613968e-01,9.983137031107613968e-01,9.999999999008990503e-01
1.319198000000000000e+06,8.288765490860695951e+06,9.988711825712388581e-01,9.988711825712388581e-01,9.999999998998078121e-01
1.333901000000000000e+06,8.381147164432156831e+06,-9.986217929092195966e-01,9.986217929092195966e-01,9.999999998985832361e-01
1.348767000000000000e+06,8.474552997208688408e+06,-9.991117072513269193e-01,9.991117072513269193e-01,9.999999998974784532e-01
1.363800000000000000e+06,8.569008121931519359e+06,9.983741526478342454e-01,9.983741526478342454e-01,9.999999998964027581e-01
1.378999000000000000e+06,8.664506255415342748e+06,-9.982198071291974451e-01,9.982198071291974451e-01,9.999999998951724089e-01
1.394369000000000000e+06,8.761078813586693257e+06,-9.987347166077733540e-01,9.987347166077733540e-01,9.999999998939888002e-01
1.409909000000000000e+06,8.858719513260263950e+06,-9.990981138372125869e-01,9.990981138372125869e-01,9.999999998928217337e-01
1.425623000000000000e+06,8.957453487177282572e+06,-9.976591304523195758e-01,9.976591304523195758e-01,9.999999998915951593e-01
1.441512000000000000e+06,9.057287018523059785e+06,9.981344097530464587e-01,9.981344097530464587e-01,9.999999998905332310e-01
1.457578000000000000e+06,9.158232673668207601e+06,9.986035890885786026e-01,9.986035890885786026e-01,9.999999998893063236e-01
1.473822000000000000e+06,9.260296735798032954e+06,9.988953009238304981e-01,9.988953009238304981e-01,9.999999998880626517e-01
1.490248000000000000e+06,9.363504337653763592e+06,9.991862621650091647e-01,9.991862621650091647e-01,9.999999998867885598e-01
1.506858000000000000e+06,9.467868045606017113e+06,9.980851231981688887e-01,9.980851231981688887e-01,9.999999998855707561e-01
1.523652000000000000e+06,9.573387859654791653e+06,9.980706202536713256e-01,9.980706202536713256e-01,9.999999998842946658e-01
1.540633000000000000e+06,9.680082629356008023e+06,-9.977081580637104929e-01,9.977081580637104929e-01,9.999999998828595915e-01
1.557804000000000000e+06,9.787971204265588894e+06,9.990222599985234542e-01,9.990222599985234542e-01,9.999999998816639923e-01
1.575166000000000000e+06,9.897059867568839341e+06,9.989112028747442196e-01,9.989112028747442196e-01,9.999999998803471568e-01
1.592721000000000000e+06,1.000736118563637696e+07,-9.980032066906610044e-01,9.980032066906610044e-01,9.999999998789099731e-01
1.610472000000000000e+06,1.011889400802412257e+07,9.984084993660083951e-01,9.984084993660083951e-01,9.999999998776906152e-01
1.628421000000000000e+06,1.023167090110268816e+07,-9.983580254417034894e-01,9.983580254417034894e-01,9.999999998761956999e-01
1.646570000000000000e+06,1.034570443124269135e+07,9.982889133730687981e-01,9.982889133730687981e-01,9.999999998749253827e-01
1.664922000000000000e+06,1.046101344800005108e+07,9.976920017077015590e-01,9.976920017077015590e-01,9.999999998735640272e-01
1.683478000000000000e+06,1.057760423456007615e+07,9.985428165736230932e-01,9.985428165736230932e-01,9.999999998721155192e-01
1.702240000000000000e+06,1.069548935729337856e+07,9.986196178945192514e-01,9.986196178945192514e-01,9.999999998707225224e-01
1.721212000000000000e+06,1.081469394894118980e+07,9.982674728719307389e-01,9.982674728719307389e-01,9.999999998692542524e-01
1.740395000000000000e+06,1.093522429268881679e+07,-9.980645986271460268e-01,9.980645986271460268e-01,9.999999998676859514e-01
1.759792000000000000e+06,1.105709923809217848e+07,9.981067954224788208e-01,9.981067954224788208e-01,9.999999998663439138e-01
1.779405000000000000e+06,1.118033135152189247e+07,-9.981824001973053084e-01,9.981824001973053084e-01,9.999999998647470800e-01
1.799237000000000000e+06,1.130493948253387772e+07,-9.984021489565013674e-01,9.984021489565013674e-01,9.999999998632286280e-01
1.819290000000000000e+06,1.143093619749874994e+07,9.982236975120845068e-01,9.982236975120845068e-01,9.999999998617988828e-01
1.839566000000000000e+06,1.155833406278712302e+07,9.982506354213592781e-01,9.982506354213592781e-01,9.999999998602600026e-01
1.860068000000000000e+06,1.168715192795491777e+07,9.978892097378745385e-01,9.978892097378745385e-01,9.999999998587382199e-01
1.880799000000000000e+06,1.181740864255805872e+07,-9.985213684412657109e-01,9.985213684412657109e-01,9.999999998570535675e-01
1.901761000000000000e+06,1.194911677296715789e+07,-9.975162048622906452e-01,9.975162048622906452e-01,9.999999998554243152e-01
1.922957000000000000e+06,1.208229516873813607e+07,-9.989161944851092656e-01,9.989161944851092656e-01,9.999999998538463553e-01
1.944388000000000000e+06,1.221695011305630207e+07,9.977643358789198835e-01,9.977643358789198835e-01,9.999999998523222411e-01
1.966059000000000000e+06,1.235311302184819058e+07,-9.980841311699677476e-01,9.980841311699677476e-01,9.999999998505657572e-01
1.987971000000000000e+06,1.249079017829910852e+07,-9.984248133977946527e-01,9.984248133977946527e-01,9.999999998488920960e-01
2.010127000000000000e+06,1.263000043196498044e+07,-9.981695102128146369e-01,9.981695102128146369e-01,9.999999998471972296e-01
2.032530000000000000e+06,1.277076263240172528e+07,9.991395916726193427e-01,9.991395916726193427e-01,9.999999998455945116e-01
2.055183000000000000e+06,1.291309562916526385e+07,-9.975882286184701853e-01,9.975882286184701853e-01,9.999999998437684168e-01
2.078089000000000000e+06,1.305701827181151882e+07,-9.989211248565599277e-01,9.989211248565599277e-01,9.999999998420696645e-01
2.101249000000000000e+06,1.320253684352579899e+07,-9.982719115010699751e-01,9.982719115010699751e-01,9.999999998402908652e-01
2.124668000000000000e+06,1.334968276023463719e+07,9.989442320316606061e-01,9.989442320316606061e-01,9.999999998386051026e-01
2.148348000000000000e+06,1.349846858830864914e+07,9.979183032901710604e-01,9.979183032901710604e-01,9.999999998368250820e-01
2.172291000000000000e+06,1.364890689411845058e+07,-9.983927037786479719e-01,9.983927037786479719e-01,9.999999998348886310e-01
2.196502000000000000e+06,1.380102909359057620e+07,9.981681305762107881e-01,9.981681305762107881e-01,9.999999998331650097e-01
2.220982000000000000e+06,1.395484146991033107e+07,9.988532876108368042e-01,9.988532876108368042e-01,9.999999998312794069e-01
2.245736000000000000e+06,1.411037543900425546e+07,9.983838007904686229e-01,9.983838007904686229e-01,9.999999998294237802e-01
2.270765000000000000e+06,1.426763728405765258e+07,-9.981552367855309749e-01,9.981552367855309749e-01,9.999999998274278212e-01
2.296073000000000000e+06,1.442665213781175390e+07,-9.977860592174390142e-01,9.977860592174390142e-01,9.999999998254840428e-01
2.321663000000000000e+06,1.458743884982248023e+07,-9.988007482999230469e-01,9.988007482999230469e-01,9.999999998235671317e-01
2.347538000000000000e+06,1.475001626964575239e+07,9.989469691520105332e-01,9.989469691520105332e-01,9.999999998216643204e-01
2.373702000000000000e+06,1.491440953002279811e+07,9.980260450335498579e-01,9.980260450335498579e-01,9.999999998196951179e-01
2.400157000000000000e+06,1.508063119732423499e+07,-9.979709160057913531e-01,9.979709160057913531e-01,9.999999998175946869e-01
2.426907000000000000e+06,1.524870640429128893e+07,-9.979760531841670446e-01,9.979760531841670446e-01,9.999999998155566505e-01
2.453956000000000000e+06,1.541866028366518952e+07,9.983341438662312051e-01,9.983341438662312051e-01,9.999999998136054336e-01
2.481306000000000000e+06,1.559050540181655064e+07,9.991015415456389048e-01,9.991015415456389048e-01,9.999999998115048916e-01
2.508960000000000000e+06,1.576426060830129497e+07,9.984804176614107130e-01,9.984804176614107130e-01,9.999999998094073472e-01
2.536923000000000000e+06,1.593995731904595718e+07,-9.979008644864718613e-01,9.979008644864718613e-01,9.999999998072016671e-01
2.565197000000000000e+06,1.611760810042115301e+07,-9.986790309450672698e-01,9.986790309450672698e-01,9.999999998050532746e-01
2.593787000000000000e+06,1.629724436835341714e+07,-9.979730697531309369e-01,9.979730697531309369e-01,9.999999998028803461e-01
2.622695000000000000e+06,1.647887868921336532e+07,-9.981447426414155055e-01,9.981447426414155055e-01,9.999999998006853241e-01
2.651925000000000000e+06,1.666253619574222341e+07,-9.974120466580429500e-01,9.974120466580429500e-01,9.999999997984356792e-01
2.681482000000000000e+06,1.684824830386653170e+07,9.984456359017639393e-01,9.984456359017639393e-01,9.999999997963018306e-01
2.711367000000000000e+06,1.703602129677159339e+07,-9.980526970141996301e-01,9.980526970141996301e-01,9.999999997939509333e-01
2.741586000000000000e+06,1.722589287356925383e+07,9.976192072592694471e-01,9.976192072592694471e-01,9.999999997917703443e-01
2.772141000000000000e+06,1.741787560063012689e+07,-9.978438567281232574e-01,9.978438567281232574e-01,9.999999997893217474e-01
2.803037000000000000e+06,1.761200089388074726e+07,-9.977059652259430145e-01,9.977059652259430145e-01,9.999999997869828405e-01
2.834278000000000000e+06,1.780829388606234267e+07,9.978744179953391580e-01,9.978744179953391580e-01,9.999999997847244249e-01
2.865866000000000000e+06,1.800676714354553074e+07,9.981585220855907492e-01,9.981585220855907492e-01,9.999999997823214581e-01
2.897807000000000000e+06,1.820745836544215679e+07,-9.982637916199648132e-01,9.982637916199648132e-01,9.999999997797671680e-01
2.930103000000000000e+06,1.841038011812282726e+07,-9.983072039934963726e-01,9.983072039934963726e-01,9.999999997773396654e-01
2.962760000000000000e+06,1.861557010069939122e+07,9.979893713400980193e-01,9.979893713400980193e-01,9.999999997749408065e-01
2.995780000000000000e+06,1.882304087954246253e+07,9.975204713574774562e-01,9.975204713574774562e-01,9.999999997724599021e-01
3.029169000000000000e+06,1.903283015376387909e+07,-9.982101164921101111e-01,9.982101164921101111e-01,9.999999997697852638e-01
3.062929000000000000e+06,1.924495048973426223e+07,-9.979850387147233270e-01,9.979850387147233270e-01,9.999999997672237573e-01
3.097066000000000000e+06,1.945943958656545356e+07,9.982052738285219773e-01,9.982052738285219773e-01,9.999999997647432970e-01
3.131583000000000000e+06,1.967631629381337017e+07,-9.982355632659305478e-01,9.982355632659305478e-01,9.999999997620154790e-01
3.166485000000000000e+06,1.989561202740455046e+07,-9.976746301603687250e-01,9.976746301603687250e-01,9.999999997593624901e-01
3.201776000000000000e+06,2.011735192008022591e+07,9.974504083262059062e-01,9.974504083262059062e-01,9.999999997567814436e-01
3.237461000000000000e+06,2.034156738776693121e+07,-9.978878831095330249e-01,9.978878831095330249e-01,9.999999997539901209e-01
3.273543000000000000e+06,2.056827728002058342e+07,-9.980192401887688636e-01,9.980192401887688636e-01,9.999999997512202254e-01
3.310027000000000000e+06,2.079751301276772469e+07,-9.984687765308601914e-01,9.984687765308601914e-01,9.999999997484754211e-01
3.346918000000000000e+06,2.102930600193488598e+07,9.972114528675742884e-01,9.972114528675742884e-01,9.999999997457756917e-01
3.384220000000000000e+06,2.126368138026329875e+07,9.975093247575277378e-01,9.975093247575277378e-01,9.999999997429176446e-01
3.421938000000000000e+06,2.150067056367949769e+07,9.984448572103883368e-01,9.984448572103883368e-01,9.999999997400450535e-01
3.460076000000000000e+06,2.174029868492471427e+07,9.974661059834751820e-01,9.974661059834751820e-01,9.999999997371602500e-01
3.498639000000000000e+06,2.198259715992547944e+07,-9.981251170657418070e-01,9.981251170657418070e-01,9.999999997341250113e-01
3.537632000000000000e+06,2.222759740460833535e+07,9.972343688030200770e-01,9.972343688030200770e-01,9.999999997312817301e-01
3.577059000000000000e+06,2.247532455171450227e+07,-9.972061581108019324e-01,9.972061581108019324e-01,9.999999997281578956e-01
3.616926000000000000e+06,2.272581630035583302e+07,9.972566396669831912e-01,9.972566396669831912e-01,9.999999997252566608e-01
3.657237000000000000e+06,2.297909778327354789e+07,-9.979676236648602483e-01,9.979676236648602483e-01,9.999999997220758718e-01
3.697998000000000000e+06,2.323520669957949594e+07,9.974572019133447487e-01,9.974572019133447487e-01,9.999999997190808232e-01
3.739213000000000000e+06,2.349416818201490119e+07,-9.975964662075175182e-01,9.975964662075175182e-01,9.999999997158413034e-01
3.780887000000000000e+06,2.375601364650630578e+07,-9.972388993530071355e-01,9.972388993530071355e-01,9.999999997126913787e-01
3.823026000000000000e+06,2.402078079216554388e+07,9.972220684698536175e-01,9.972220684698536175e-01,9.999999997095914139e-01
3.865634000000000000e+06,2.428849475173385441e+07,9.983716712197652221e-01,9.983716712197652221e-01,9.999999997063391266e-01
3.908717000000000000e+06,2.455919322432307154e+07,-9.980424671237936307e-01,9.980424671237936307e-01,9.999999997029884735e-01
3.952280000000000000e+06,2.483290762585973367e+07,9.975719925296412383e-01,9.975719925296412383e-01,9.999999996997825935e-01
3.996329000000000000e+06,2.510967565545568988e+07,-9.979961418513862981e-01,9.979961418513862981e-01,9.999999996963385707e-01
4.040869000000000000e+06,2.538952872903746739e+07,-9.972637638352015443e-01,9.972637638352015443e-01,9.999999996929446189e-01
4.085905000000000000e+06,2.567249826253160834e+07,-9.967822073439620567e-01,9.967822073439620567e-01,9.999999996894987087e-01
4.131443000000000000e+06,2.595862195504995063e+07,-9.974118374882323668e-01,9.974118374882323668e-01,9.999999996860419182e-01
4.177489000000000000e+06,2.624793750570434332e+07,-9.970398904912063376e-01,9.970398904912063376e-01,9.999999996825533755e-01
4.224048000000000000e+06,2.654047633042131737e+07,9.980318504191235673e-01,9.980318504191235673e-01,9.999999996791235635e-01
4.271125000000000000e+06,2.683626984512741119e+07,-9.979053055718811738e-01,9.979053055718811738e-01,9.999999996754421749e-01
4.318728000000000000e+06,2.713536831530508026e+07,9.977333711714625464e-01,9.977333711714625464e-01,9.999999996719356465e-01
4.366861000000000000e+06,2.743779687369555607e+07,-9.976104801475618178e-01,9.976104801475618178e-01,9.999999996681858683e-01
4.415530000000000000e+06,2.774359321941068023e+07,9.971445728609662496e-01,9.971445728609662496e-01,9.999999996645856370e-01
4.464742000000000000e+06,2.805280133474760130e+07,9.969312930481577517e-01,9.969312930481577517e-01,9.999999996608501807e-01
4.514502000000000000e+06,2.836545263563285768e+07,9.979954256022467440e-01,9.979954256022467440e-01,9.999999996570456684e-01
4.564817000000000000e+06,2.868159110436359793e+07,-9.975559579338734162e-01,9.975559579338734162e-01,9.999999996531285795e-01
4.615693000000000000e+06,2.900125444005166739e+07,-9.974368049083667254e-01,9.974368049083667254e-01,9.999999996492757726e-01
4.667135000000000000e+06,2.932447405862359703e+07,-9.975912616630271401e-01,9.975912616630271401e-01,9.999999996453571294e-01
4.719151000000000000e+06,2.965130022556184977e+07,-9.965398828215779048e-01,9.965398828215779048e-01,9.999999996413965198e-01
4.771747000000000000e+06,2.998177063997826725e+07,-9.976493278646521023e-01,9.976493278646521023e-01,9.999999996374080435e-01
4.824929000000000000e+06,3.031592300098469481e+07,-9.971798639921530816e-01,9.971798639921530816e-01,9.999999996333774899e-01
4.878704000000000000e+06,3.065380129087827727e+07,9.977666393602403483e-01,9.977666393602403483e-01,9.999999996293935656e-01
4.933078000000000000e+06,3.099544320877085999e+07,9.966663365486825299e-01,9.966663365486825299e-01,9.999999996252777468e-01
4.988058000000000000e+06,3.134089273695959151e+07,9.969316161329926373e-01,9.969316161329926373e-01,9.999999996210782172e-01
5.043651000000000000e+06,3.169019385774162784e+07,-9.967974632959397674e-01,9.967974632959397674e-01,9.999999996167447947e-01
5.099863000000000000e+06,3.204338427022880688e+07,-9.966753406281573247e-01,9.966753406281573247e-01,9.999999996124736557e-01
5.156702000000000000e+06,3.240051423990358785e+07,9.968073042658501803e-01,9.968073042658501803e-01,9.999999996082692411e-01
5.214174000000000000e+06,3.276162146587781236e+07,9.969042467342721370e-01,9.969042467342721370e-01,9.999999996039061756e-01
5.272287000000000000e+06,3.312675621363393962e+07,-9.975474537442006184e-01,9.975474537442006184e-01,9.999999995993966717e-01
5.331047000000000000e+06,3.349595618228381127e+07,-9.975517929709767362e-01,9.975517929709767362e-01,9.999999995949175879e-01
5.390463000000000000e+06,3.386927792049519718e+07,-9.966604328934600687e-01,9.966604328934600687e-01,9.999999995904058636e-01
5.450540000000000000e+06,3.424675284419462085e+07,9.967697974336421352e-01,9.967697974336421352e-01,9.999999995859590873e-01
5.511288000000000000e+06,3.462844378523516655e+07,9.969666129425563961e-01,9.969666129425563961e-01,9.999999995813423359e-01
5.572712000000000000e+06,3.501438215954336524e+07,9.966469446779395724e-01,9.966469446779395724e-01,9.999999995766709615e-01
5.634821000000000000e+06,3.540462451578698307e+07,-9.967629417345484910e-01,9.967629417345484910e-01,9.999999995718518164e-01
5.697622000000000000e+06,3.579921483626316488e+07,9.975164580879133380e-01,9.975164580879133380e-01,9.999999995671859931e-01
5.761123000000000000e+06,3.619820338645438105e+07,-9.972734054038060458e-01,9.972734054038060458e-01,9.999999995622433913e-01
5.825331000000000000e+06,3.660163414865776896e+07,-9.972410872969409423e-01,9.972410872969409423e-01,9.999999995573749523e-01
5.890256000000000000e+06,3.700956995472639799e+07,9.974821425213118431e-01,9.974821425213118431e-01,9.999999995525481467e-01
5.955904000000000000e+06,3.742204850377212465e+07,9.973129924092968279e-01,9.973129924092968279e-01,9.999999995475631343e-01
6.022283000000000000e+06,3.783912006127739698e+07,-9.968581473102324786e-01,9.968581473102324786e-01,9.999999995424142529e-01
6.089402000000000000e+06,3.826084117590998858e+07,9.972984005928003937e-01,9.972984005928003937e-01,9.999999995374101447e-01
6.157270000000000000e+06,3.868726839633765072e+07,9.965428849715660675e-01,9.965428849715660675e-01,9.999999995322720325e-01
6.225894000000000000e+06,3.911844570485754311e+07,9.973942495165332156e-01,9.973942495165332156e-01,9.999999995270364428e-01
6.295282000000000000e+06,3.955442336695212126e+07,9.971714173668593251e-01,9.971714173668593251e-01,9.999999995217699889e-01
6.365444000000000000e+06,3.999526421447445452e+07,9.963135132110306769e-01,9.963135132110306769e-01,9.999999995164536859e-01
6.436388000000000000e+06,4.044101851290700585e+07,9.969219422546076181e-01,9.969219422546076181e-01,9.999999995110507856e-01
6.508123000000000000e+06,4.089174281091753393e+07,-9.967577289369711213e-01,9.967577289369711213e-01,9.999999995054993374e-01
6.580657000000000000e+06,4.134748737398849428e+07,-9.966075967128601443e-01,9.966075967128601443e-01,9.999999994999930752e-01
6.654000000000000000e+06,4.180831503397296369e+07,9.965694900072596951e-01,9.965694900072596951e-01,9.999999994945319992e-01
6.728160000000000000e+06,4.227427605635340512e+07,9.972842900447904668e-01,9.972842900447904668e-01,9.999999994888861821e-01
6.803146000000000000e+06,4.274542698979756981e+07,9.973849587619127988e-01,9.973849587619127988e-01,9.999999994831862971e-01
6.878968000000000000e+06,4.322183066615854204e+07,9.963360371341979382e-01,9.963360371341979382e-01,9.999999994774428913e-01
6.955635000000000000e+06,4.370354363410408050e+07,-9.973372468237453603e-01,9.973372468237453603e-01,9.999999994715071949e-01
7.033157000000000000e+06,4.419062872548725456e+07,-9.964868189315589930e-01,9.964868189315589930e-01,9.999999994656088020e-01
7.111543000000000000e+06,4.468314248897583783e+07,-9.969287919684065580e-01,9.969287919684065580e-01,9.999999994596597830e-01
7.190802000000000000e+06,4.518114147323758155e+07,9.973183629030470954e-01,9.973183629030470954e-01,9.999999994537394077e-01
7.270945000000000000e+06,4.568469479331087321e+07,-9.962868696875486485e-01,9.962868696875486485e-01,9.999999994475452514e-01
7.351981000000000000e+06,4.619385899786347896e+07,-9.970263699690984360e-01,9.970263699690984360e-01,9.999999994413951709e-01
7.433920000000000000e+06,4.670869691874846816e+07,9.968679661163843964e-01,9.968679661163843964e-01,9.999999994352734012e-01
7.516772000000000000e+06,4.722927138781891018e+07,9.968342877581206629e-01,9.968342877581206629e-01,9.999999994289816563e-01
7.600548000000000000e+06,4.775565152011319250e+07,9.973610662789808012e-01,9.973610662789808012e-01,9.999999994226107525e-01
7.685257000000000000e+06,4.828789386429906636e+07,-9.964927310789329917e-01,9.964927310789329917e-01,9.999999994160722050e-01
7.770911000000000000e+06,4.882607381860022247e+07,-9.963948187166512538e-01,9.963948187166512538e-01,9.999999994095650768e-01
7.857519000000000000e+06,4.937024793168443441e+07,-9.963485135106682211e-01,9.963485135106682211e-01,9.999999994029851180e-01
7.945092000000000000e+06,4.992048531859007478e+07,9.967724264302492143e-01,9.967724264302492143e-01,9.999999993964409084e-01
8.033642000000000000e+06,5.047686137754082680e+07,9.972946331647047913e-01,9.972946331647047913e-01,9.999999993897096262e-01
8.123178000000000000e+06,5.103943265720445663e+07,9.964338441974824878e-01,9.964338441974824878e-01,9.999999993829153944e-01
8.213712000000000000e+06,5.160827455580465496e+07,9.965414767363868220e-01,9.965414767363868220e-01,9.999999993760353423e-01
8.305255000000000000e+06,5.218345618837979436e+07,-9.961862449458909197e-01,9.961862449458909197e-01,9.999999993689695499e-01
8.397819000000000000e+06,5.276505295315356553e+07,-9.973026473503999734e-01,9.973026473503999734e-01,9.999999993619453909e-01
8.491414000000000000e+06,5.335312768197903782e+07,9.971883563840180376e-01,9.971883563840180376e-01,9.999999993549321120e-01
8.586052000000000000e+06,5.394775577307990193e+07,9.963197987910560327e-01,9.963197987910560327e-01,9.999999993477499682e-01
8.681745000000000000e+06,5.454901262467983365e+07,-9.967395953739072167e-01,9.967395953739072167e-01,9.999999993403740906e-01
8.778505000000000000e+06,5.515697363500253111e+07,-9.970517672706842305e-01,9.970517672706842305e-01,9.999999993330200843e-01
8.876343000000000000e+06,5.577170791908636689e+07,-9.973103281188736569e-01,9.973103281188736569e-01,9.999999993255940245e-01
8.975271000000000000e+06,5.639329087515503168e+07,-9.969600219172557454e-01,9.969600219172557454e-01,9.999999993180731517e-01
9.075302000000000000e+06,5.702180418461751193e+07,9.963767545207780074e-01,9.963767545207780074e-01,9.999999993105873619e-01
9.176448000000000000e+06,5.765732324569749832e+07,9.968679061062420965e-01,9.968679061062420965e-01,9.999999993028968470e-01
9.278721000000000000e+06,5.829992345661867410e+07,-9.962838906518325377e-01,9.962838906518325377e-01,9.999999992950184824e-01
9.382134000000000000e+06,5.894968649879004061e+07,9.962838278520372848e-01,9.962838278520372848e-01,9.999999992872796728e-01
9.486699000000000000e+06,5.960668777043527365e+07,-9.970379892306534542e-01,9.970379892306534542e-01,9.999999992792200088e-01
9.592430000000000000e+06,6.027101523614867777e+07,9.971538025887227707e-01,9.971538025887227707e-01,9.999999992712899077e-01
9.699339000000000000e+06,6.094274429415394366e+07,-9.975811156963850790e-01,9.975811156963850790e-01,9.999999992630749235e-01
9.807440000000000000e+06,6.162196290904536098e+07,9.971558926282915181e-01,9.971558926282915181e-01,9.999999992549571948e-01
9.916746000000000000e+06,6.230875276223193109e+07,9.966003752270315985e-01,9.966003752270315985e-01,9.999999992466552801e-01
1.002726900000000000e+07,6.300318925193734467e+07,-9.974838124990053068e-01,9.974838124990053068e-01,9.999999992381534142e-01
1.013902500000000000e+07,6.370537290912650526e+07,-9.974527122484172503e-01,9.974527122484172503e-01,9.999999992296749740e-01
1.025202600000000000e+07,6.441537913202310354e+07,9.976378208067299136e-01,9.976378208067299136e-01,9.999999992211722200e-01
1.036628700000000000e+07,6.513330216840675473e+07,-9.977027878885401657e-01,9.977027878885401657e-01,9.999999992124113390e-01
1.048182100000000000e+07,6.585922369968643785e+07,-9.973947643880940461e-01,9.973947643880940461e-01,9.999999992036272545e-01
1.059864200000000000e+07,6.659323169045646489e+07,9.968254988752074386e-01,9.968254988752074386e-01,9.999999991948572697e-01
1.071676600000000000e+07,6.733542667168174684e+07,9.967117342734568286e-01,9.967117342734568286e-01,9.999999991858853354e-01
1.083620600000000000e+07,6.808589032477127016e+07,9.968440623672704115e-01,9.968440623672704115e-01,9.999999991768084850e-01
1.095697800000000000e+07,6.884472318068997562e+07,9.966406471883795248e-01,9.966406471883795248e-01,9.999999991676373767e-01
1.107909500000000000e+07,6.961200692084681988e+07,-9.972794428728275484e-01,9.972794428728275484e-01,9.999999991582443348e-01
1.120257300000000000e+07,7.038784207620674372e+07,-9.971526515883054609e-01,9.971526515883054609e-01,9.999999991488637274e-01
1.132742800000000000e+07,7.117232917773464322e+07,9.974839035919625951e-01,9.974839035919625951e-01,9.999999991394934451e-01
1.145367400000000000e+07,7.196555619002483785e+07,9.970954585162896677e-01,9.970954585162896677e-01,9.999999991298929025e-01
1.158132700000000000e+07,7.276762364404223859e+07,-9.966440899730705238e-01,9.966440899730705238e-01,9.999999991200747562e-01
1.171040300000000000e+07,7.357863207075174153e+07,-9.971583462299236089e-01,9.971583462299236089e-01,9.999999991102906938e-01
1.184091700000000000e+07,7.439867571793298423e+07,-9.970310552784467095e-01,9.970310552784467095e-01,9.999999991003707400e-01
1.197288600000000000e+07,7.522786139973616600e+07,9.970182042780777465e-01,9.970182042780777465e-01,9.999999990904639979e-01
1.210632600000000000e+07,7.606628964712621272e+07,9.967273477961244854e-01,9.967273477961244854e-01,9.999999990803243310e-01
1.224125300000000000e+07,7.691406099106803536e+07,-9.973299113269185057e-01,9.973299113269185057e-01,9.999999990699692809e-01
1.237768400000000000e+07,7.777128224571184814e+07,9.972226505497439053e-01,9.972226505497439053e-01,9.999999990597091548e-01
1.251563500000000000e+07,7.863805394202257693e+07,-9.972860811553628801e-01,9.972860811553628801e-01,9.999999990491055257e-01
1.265512400000000000e+07,7.951448917733575404e+07,9.975698252007515476e-01,9.975698252007515476e-01,9.999999990386313486e-01
1.279616800000000000e+07,8.040069476580159366e+07,9.977939478705093457e-01,9.977939478705093457e-01,9.999999990278974904e-01
1.293878300000000000e+07,8.129677123838500679e+07,-9.976978871238117996e-01,9.976978871238117996e-01,9.999999990169735620e-01
1.308298800000000000e+07,8.220283797560684383e+07,9.980789588843235194e-01,9.980789588843235194e-01,9.999999990061191335e-01
1.322880000000000000e+07,8.311900179161730409e+07,9.975700055891492113e-01,9.975700055891492113e-01,9.999999989950439927e-01
1.337623800000000000e+07,8.404538206693725288e+07,9.977972168293492983e-01,9.977972168293492983e-01,9.999999989838233017e-01
1.352531800000000000e+07,8.498207933253158629e+07,9.978777746816643868e-01,9.978777746816643868e-01,9.999999989725260052e-01
1.367606000000000000e+07,8.592921925210645795e+07,9.968358283090060779e-01,9.968358283090060779e-01,9.999999989610847129e-01
1.382848200000000000e+07,8.688691492299738526e+07,9.982965363365763345e-01,9.982965363365763345e-01,9.999999989494626762e-01
1.398260300000000000e+07,8.785528572572520375e+07,-9.976590532190208194e-01,9.976590532190208194e-01,9.999999989376776588e-01
1.413844100000000000e+07,8.883444475762546062e+07,-9.978095208914317116e-01,9.978095208914317116e-01,9.999999989258464561e-01
1.429601600000000000e+07,8.982451768240427971e+07,9.984735946296124931e-01,9.984735946296124931e-01,9.999999989139483070e-01
1.445534800000000000e+07,9.082563016376781464e+07,9.983932136483283371e-01,9.983932136483283371e-01,9.999999989018366620e-01
1.461645500000000000e+07,9.183789529905159771e+07,-9.985751724827083287e-01,9.985751724827083287e-01,9.999999988895297287e-01
1.477935800000000000e+07,9.286144503514707088e+07,9.975907246321457089e-01,9.975907246321457089e-01,9.999999988772462212e-01
1.494407700000000000e+07,9.389640503576038778e+07,-9.984846960531648108e-01,9.984846960531648108e-01,9.999999988646421922e-01
1.511063100000000000e+07,9.494289468141238391e+07,-9.988890294374238588e-01,9.988890294374238588e-01,9.999999988519889804e-01
1.527904100000000000e+07,9.600104591899448633e+07,-9.979401056050142271e-01,9.979401056050142271e-01,9.999999988391953254e-01
1.544932900000000000e+07,9.707099697858348489e+07,-9.979744754484187741e-01,9.979744754484187741e-01,9.999999988262561201e-01
1.562151400000000000e+07,9.815286724070020020e+07,9.982591722927252054e-01,9.982591722927252054e-01,9.999999988132469708e-01
1.579561900000000000e+07,9.924680121860671043e+07,-9.989328843986569062e-01,9.989328843986569062e-01,9.999999987999539375e-01
1.597166300000000000e+07,1.003529182928238362e+08,-9.983539311439134645e-01,9.983539311439134645e-01,9.999999987865590967e-01
1.614967000000000000e+07,1.014713692597989440e+08,9.978572048854735810e-01,9.978572048854735810e-01,9.999999987731351681e-01
1.632966100000000000e+07,1.026022860664235055e+08,-9.976754309770567986e-01,9.976754309770567986e-01,9.999999987593586326e-01
1.651165800000000000e+07,1.037458069427742660e+08,9.981609760984252455e-01,9.981609760984252455e-01,9.999999987456551498e-01
1.669568300000000000e+07,1.049020701189280003e+08,-9.987035324422581795e-01,9.987035324422581795e-01,9.999999987315580929e-01
1.688175900000000000e+07,1.060712201081467420e+08,-9.982694520214394629e-01,9.982694520214394629e-01,9.999999987174358340e-01
1.706990900000000000e+07,1.072534014236925840e+08,-9.980443963816494346e-01,9.980443963816494346e-01,9.999999987031302773e-01
1.726015600000000000e+07,1.084487585788275748e+08,9.982451333750641531e-01,9.982451333750641531e-01,9.999999986887645465e-01
1.745252400000000000e+07,1.096574423699990958e+08,9.974853072413820687e-01,9.974853072413820687e-01,9.999999986741864300e-01
1.764703500000000000e+07,1.108795910272839069e+08,-9.979419425530500209e-01,9.979419425530500209e-01,9.999999986592952306e-01
1.784371400000000000e+07,1.121153616303146780e+08,9.976442791312370995e-01,9.976442791312370995e-01,9.999999986444434441e-01
1.804258500000000000e+07,1.133649049755387902e+08,-9.983968218136809458e-01,9.983968218136809458e-01,9.999999986292361642e-01
1.824367300000000000e+07,1.146283781425889283e+08,-9.978041932927195212e-01,9.978041932927195212e-01,9.999999986139519459e-01
1.844700200000000000e+07,1.159059319279124439e+08,9.977994156145876259e-01,9.977994156145876259e-01,9.999999985985987827e-01
1.865259700000000000e+07,1.171977234111420214e+08,-9.982169361177164468e-01,9.982169361177164468e-01,9.999999985829058913e-01
1.886048300000000000e+07,1.185039096719103605e+08,-9.977219492747899654e-01,9.977219492747899654e-01,9.999999985671044200e-01
1.907068600000000000e+07,1.198246540730354339e+08,9.971664996674696191e-01,9.971664996674696191e-01,9.999999985512485479e-01
1.928323200000000000e+07,1.211601199773352295e+08,9.972113259622695791e-01,9.972113259622695791e-01,9.999999985350856990e-01
1.949814700000000000e+07,1.225104707476277351e+08,-9.980803656298784521e-01,9.980803656298784521e-01,9.999999985186687201e-01
1.971545700000000000e+07,1.238758697467309237e+08,-9.971507053969639323e-01,9.971507053969639323e-01,9.999999985021306159e-01
1.993519000000000000e+07,1.252564929038334191e+08,9.974356723485741094e-01,9.974356723485741094e-01,9.999999984855454382e-01
2.015737100000000000e+07,1.266524972985678762e+08,-9.970376311072810527e-01,9.970376311072810527e-01,9.999999984685611354e-01
2.038202800000000000e+07,1.280640588601229340e+08,9.970511604749172641e-01,9.970511604749172641e-01,9.999999984516216855e-01
2.060918900000000000e+07,1.294913535176871568e+08,-9.970194803054757138e-01,9.970194803054757138e-01,9.999999984342535786e-01
2.083888200000000000e+07,1.309345572004491538e+08,9.965650709041163902e-01,9.965650709041163902e-01,9.999999984169130052e-01
2.107113500000000000e+07,1.323938458375975341e+08,-9.966702349356748591e-01,9.966702349356748591e-01,9.999999983991489927e-01
2.130597600000000000e+07,1.338693953583208919e+08,9.965817774497263137e-01,9.965817774497263137e-01,9.999999983814258364e-01
2.154343500000000000e+07,1.353613942581784427e+08,-9.970056477908264547e-01,9.970056477908264547e-01,9.999999983632655853e-01
2.178354000000000000e+07,1.368700184663588107e+08,9.970681467640315487e-01,9.970681467640315487e-01,9.999999983451265395e-01
2.202632100000000000e+07,1.383954564784211814e+08,-9.962989177834261634e-01,9.962989177834261634e-01,9.999999983265930315e-01
2.227180800000000000e+07,1.399378967899247706e+08,9.961579467299324087e-01,9.961579467299324087e-01,9.999999983080389843e-01
2.252003100000000000e+07,1.414975278964287937e+08,-9.960505443551457283e-01,9.960505443551457283e-01,9.999999982890774852e-01
2.277102100000000000e+07,1.430745445766777992e+08,-9.963182800630203673e-01,9.963182800630203673e-01,9.999999982700139567e-01
2.302480800000000000e+07,1.446691353262310028e+08,9.966616101836495156e-01,9.966616101836495156e-01,9.999999982508379626e-01
2.328142300000000000e+07,1.462814949238328934e+08,-9.966343486999662549e-01,9.966343486999662549e-01,9.999999982312440805e-01
2.354089800000000000e+07,1.479118244314132929e+08,9.957246662726124686e-01,9.957246662726124686e-01,9.999999982116344333e-01
2.380326600000000000e+07,1.495603311940873861e+08,9.958648844704507397e-01,9.958648844704507397e-01,9.999999981917039316e-01
2.406855700000000000e+07,1.512272037074143887e+08,-9.964935089617080743e-01,9.964935089617080743e-01,9.999999981714425834e-01
2.433680500000000000e+07,1.529126555996946990e+08,-9.957316960993383148e-01,9.957316960993383148e-01,9.999999981510594438e-01
2.460804300000000000e+07,1.546168942160434723e+08,-9.959013024929069813e-01,9.959013024929069813e-01,9.999999981304518171e-01
2.488230400000000000e+07,1.563401269015758336e+08,9.965578365007972117e-01,9.965578365007972117e-01,9.999999981097195123e-01
2.515962100000000000e+07,1.580825610014069676e+08,-9.964895530716273431e-01,9.964895530716273431e-01,9.999999980885522222e-01
2.544003000000000000e+07,1.598444227102078795e+08,9.961333399895400120e-01,9.961333399895400120e-01,9.999999980673518474e-01
2.572356300000000000e+07,1.616259130899084508e+08,-9.966355996004225837e-01,9.966355996004225837e-01,9.999999980457170423e-01
2.601025600000000000e+07,1.634272583351796865e+08,9.960313272092924386e-01,9.960313272092924386e-01,9.999999980240401598e-01
2.630014500000000000e+07,1.652486846406926513e+08,-9.966098122359327016e-01,9.966098122359327016e-01,9.999999980019133039e-01
2.659326500000000000e+07,1.670904119179331362e+08,-9.962851047121916714e-01,9.962851047121916714e-01,9.999999979796310168e-01
2.688965100000000000e+07,1.689526600783868730e+08,-9.966433102570836366e-01,9.966433102570836366e-01,9.999999979571307929e-01
2.718934100000000000e+07,1.708356678830955327e+08,-9.966684386607721491e-01,9.966684386607721491e-01,9.999999979343660028e-01
2.749237100000000000e+07,1.727396615267301500e+08,-9.964749549673754814e-01,9.964749549673754814e-01,9.999999979113410875e-01
2.779877800000000000e+07,1.746648734871471226e+08,9.967931089339260309e-01,9.967931089339260309e-01,9.999999978881685125e-01
2.810860000000000000e+07,1.766115425253881216e+08,9.973297312751597810e-01,9.973297312751597810e-01,9.999999978646152421e-01
2.842187500000000000e+07,1.785799074024947882e+08,-9.973112206817851266e-01,9.973112206817851266e-01,9.999999978407290158e-01
2.873864100000000000e+07,1.805702068795088530e+08,-9.970847707707864993e-01,9.970847707707864993e-01,9.999999978166405068e-01
2.905893800000000000e+07,1.825826922838425636e+08,9.974286188145211618e-01,9.974286188145211618e-01,9.999999977924142192e-01
2.938280500000000000e+07,1.846176086597228944e+08,-9.969978768668994462e-01,9.969978768668994462e-01,9.999999977677229701e-01
2.971028100000000000e+07,1.866752010513768196e+08,-9.969552634855954887e-01,9.969552634855954887e-01,9.999999977428227771e-01
3.004140800000000000e+07,1.887557333525872827e+08,9.977680277502442019e-01,9.977680277502442019e-01,9.999999977177683741e-01
3.037622400000000000e+07,1.908594443243959248e+08,9.976164962149275395e-01,9.976164962149275395e-01,9.999999976923427125e-01
3.071477200000000000e+07,1.929866041437709630e+08,9.972524063909071756e-01,9.972524063909071756e-01,9.999999976666514856e-01
3.105709400000000000e+07,1.951374767044952810e+08,9.979323851361998621e-01,9.979323851361998621e-01,9.999999976406060975e-01
3.140323000000000000e+07,1.973123133339811862e+08,9.969946750752325393e-01,9.969946750752325393e-01,9.999999976143333358e-01
3.175322400000000000e+07,1.995113904923821986e+08,9.972595998859468125e-01,9.972595998859468125e-01,9.999999975877382763e-01
3.210711900000000000e+07,2.017349783566665351e+08,-9.974636876269870056e-01,9.974636876269870056e-01,9.999999975607589686e-01
3.246495900000000000e+07,2.039833533869876862e+08,-9.978945853531732135e-01,9.978945853531732135e-01,9.999999975335843727e-01
3.282678600000000000e+07,2.062567794771285355e+08,9.976785470793295696e-01,9.976785470793295696e-01,9.999999975061691915e-01
3.319264600000000000e+07,2.085555456536132693e+08,9.969954843000640166e-01,9.969954843000640166e-01,9.999999974783803092e-01
3.356258400000000000e+07,2.108799346597806513e+08,9.970392125717419951e-01,9.970392125717419951e-01,9.999999974502752353e-01
3.393664400000000000e+07,2.132302229557842612e+08,9.966615354048052877e-01,9.966615354048052877e-01,9.999999974218789500e-01
3.431487400000000000e+07,2.156067121345188022e+08,9.965877935867974990e-01,9.965877935867974990e-01,9.999999973931443797e-01
3.469731900000000000e+07,2.180096849393230975e+08,-9.964901075309818834e-01,9.964901075309818834e-01,9.999999973639711603e-01
3.508402700000000000e+07,2.204394429630919099e+08,-9.968034640540462954e-01,9.968034640540462954e-01,9.999999973346084259e-01
3.547504400000000000e+07,2.228962752323493361e+08,9.960098467352933582e-01,9.960098467352933582e-01,9.999999973050140989e-01
3.587041900000000000e+07,2.253804896231754720e+08,-9.962550774527312303e-01,9.962550774527312303e-01,9.999999972748530030e-01
3.627020100000000000e+07,2.278923940116503239e+08,-9.959687995624215695e-01,9.959687995624215695e-01,9.999999972444706398e-01
3.667443900000000000e+07,2.304322962738539875e+08,-9.961342810859108443e-01,9.961342810859108443e-01,9.999999972137807447e-01
3.708318100000000000e+07,2.330004980026811957e+08,-9.957606375475974714e-01,9.957606375475974714e-01,9.999999971827163714e-01
3.749648000000000000e+07,2.355973322069531977e+08,9.960356885729964027e-01,9.960356885729964027e-01,9.999999971514257346e-01
3.791438400000000000e+07,2.382231004795647860e+08,9.955215964674609674e-01,9.955215964674609674e-01,9.999999971196762427e-01
3.833694600000000000e+07,2.408781358293372095e+08,9.954117221230044388e-01,9.954117221230044388e-01,9.999999970875772526e-01
3.876421800000000000e+07,2.435627649819064438e+08,9.956661252784950733e-01,9.956661252784950733e-01,9.999999970551173289e-01
3.919625200000000000e+07,2.462773146629084647e+08,9.952933881433294605e-01,9.952933881433294605e-01,9.999999970222969159e-01
3.963310100000000000e+07,2.490221178811645806e+08,-9.952944345305279050e-01,9.952944345305279050e-01,9.999999969890062124e-01
4.007481800000000000e+07,2.517975076454960108e+08,9.950474183315152210e-01,9.950474183315152210e-01,9.999999969555564139e-01
4.052145900000000000e+07,2.546038358142800033e+08,-9.949496948059594059e-01,9.949496948059594059e-01,9.999999969215147555e-01
4.097307700000000000e+07,2.574414353963378370e+08,-9.953386153940789738e-01,9.953386153940789738e-01,9.999999968872074207e-01
4.142972900000000000e+07,2.603106645332320035e+08,-9.951985408288996915e-01,9.951985408288996915e-01,9.999999968525141725e-01
4.189147100000000000e+07,2.632118750833397210e+08,-9.950265414632042393e-01,9.950265414632042393e-01,9.999999968174303477e-01
4.235835800000000000e+07,2.661454126218528748e+08,9.954817584982761369e-01,9.954817584982761369e-01,9.999999967820689672e-01
4.283044900000000000e+07,2.691116478567045927e+08,-9.955787578363189949e-01,9.955787578363189949e-01,9.999999967461017381e-01
4.330780200000000000e+07,2.721109452126426697e+08,9.957681114318369664e-01,9.957681114318369664e-01,9.999999967099375553e-01
4.379047400000000000e+07,2.751436628312296867e+08,9.960363580878702772e-01,9.960363580878702772e-01,9.999999966732762147e-01
4.427852700000000000e+07,2.782101902699546218e+08,-9.954707986277686604e-01,9.954707986277686604e-01,9.999999966360785253e-01
4.477201800000000000e+07,2.813108856703799367e+08,9.960718198026671244e-01,9.960718198026671244e-01,9.999999965987178552e-01
4.527101000000000000e+07,2.844461448731800914e+08,9.966694202913111145e-01,9.966694202913111145e-01,9.999999965607829777e-01
4.577556300000000000e+07,2.876163448694735169e+08,-9.967545799180355104e-01,9.967545799180355104e-01,9.999999965223800302e-01
4.628573900000000000e+07,2.908218752167491317e+08,-9.963204945166433957e-01,9.963204945166433957e-01,9.999999964836016053e-01
4.680160200000000000e+07,2.940631380388667583e+08,9.966003619014816017e-01,9.966003619014816017e-01,9.999999964445042133e-01
4.732321300000000000e+07,2.973405166101300120e+08,-9.968099173006873537e-01,9.968099173006873537e-01,9.999999964047977530e-01
4.785063900000000000e+07,3.006544319039545059e+08,-9.969024511890398621e-01,9.969024511890398621e-01,9.999999963647375756e-01
4.838394200000000000e+07,3.040052734778292775e+08,9.959669355302005478e-01,9.959669355302005478e-01,9.999999963243337842e-01
4.892318900000000000e+07,3.073934623051699400e+08,-9.964715507983312737e-01,9.964715507983312737e-01,9.999999962832483158e-01
4.946844600000000000e+07,3.108194130762068033e+08,9.966330483477054969e-01,9.966330483477054969e-01,9.999999962419042765e-01
5.001978000000000000e+07,3.142835467643553019e+08,9.961545537725939869e-01,9.961545537725939869e-01,9.999999962000480913e-01
5.057725900000000000e+07,3.177862906262164712e+08,-9.961427851892538099e-01,9.961427851892538099e-01,9.999999961575976037e-01
5.114095100000000000e+07,3.213280719183911681e+08,-9.960368715334564360e-01,9.960368715334564360e-01,9.999999961147706395e-01
5.171092600000000000e+07,3.249093304638508558e+08,9.956533259425095483e-01,9.956533259425095483e-01,9.999999960715763025e-01
5.228725300000000000e+07,3.285304998023817539e+08,-9.958806082972536666e-01,9.958806082972536666e-01,9.999999960276860778e-01
5.287000300000000000e+07,3.321920260401406288e+08,-9.954334878203479064e-01,9.954334878203479064e-01,9.999999959834054986e-01
5.345924800000000000e+07,3.358943615664696693e+08,9.950703604517574519e-01,9.950703604517574519e-01,9.999999959387508852e-01
5.405506100000000000e+07,3.396379650538962483e+08,-9.951095396063392995e-01,9.951095396063392995e-01,9.999999958933663002e-01
5.465751300000000000e+07,3.434232826085772514e+08,-9.950910879561641886e-01,9.950910879561641886e-01,9.999999958476110118e-01
5.526668000000000000e+07,3.472507917525959015e+08,9.950169299229920661e-01,9.950169299229920661e-01,9.999999958014310630e-01
5.588263700000000000e+07,3.511209637248502970e+08,-9.949462145328937801e-01,9.949462145328937801e-01,9.999999957545336882e-01
5.650545800000000000e+07,3.550342634810532331e+08,9.948631331600066297e-01,9.948631331600066297e-01,9.999999957073240076e-01
5.713522100000000000e+07,3.589911811096585393e+08,-9.949918884972324129e-01,9.949918884972324129e-01,9.999999956593778050e-01
5.777200300000000000e+07,3.629922004159349799e+08,-9.948805036821778414e-01,9.948805036821778414e-01,9.999999956109946186e-01
5.841588200000000000e+07,3.670378114883364439e+08,9.950927693814419772e-01,9.950927693814419772e-01,9.999999955621849956e-01
5.906693600000000000e+07,3.711285044153169394e+08,9.953048372926338594e-01,9.953048372926338594e-01,9.999999955127170104e-01
5.972524700000000000e+07,3.752647944180716872e+08,-9.956007021513206823e-01,9.956007021513206823e-01,9.999999954626239695e-01
6.039089500000000000e+07,3.794471841514251232e+08,-9.956962417388363074e-01,9.956962417388363074e-01,9.999999954120569745e-01
6.106396200000000000e+07,3.836761888365725875e+08,9.954466726134407750e-01,9.954466726134407750e-01,9.999999953610251291e-01
6.174453000000000000e+07,3.879523236947091818e+08,9.957088892186511941e-01,9.957088892186511941e-01,9.999999953093258176e-01
6.243268300000000000e+07,3.922761165134007335e+08,-9.963441553494831737e-01,9.963441553494831737e-01,9.999999952569481598e-01
6.312850600000000000e+07,3.966481013633983731e+08,9.964492642852317283e-01,9.964492642852317283e-01,9.999999952041539464e-01
6.383208400000000000e+07,4.010688123154531717e+08,9.966140833597342263e-01,9.966140833597342263e-01,9.999999951507047014e-01
6.454350300000000000e+07,4.055387897235015631e+08,-9.961872674463881916e-01,9.961872674463881916e-01,9.999999950965706708e-01
6.526285100000000000e+07,4.100585865078505874e+08,-9.967082729574846534e-01,9.967082729574846534e-01,9.999999950419425909e-01
6.599021700000000000e+07,4.146287618719925284e+08,-9.960584342839151617e-01,9.960584342839151617e-01,9.999999949866620330e-01
6.672568900000000000e+07,4.192498687362345457e+08,-9.955854136956923117e-01,9.955854136956923117e-01,9.999999949307741831e-01
6.746935800000000000e+07,4.239224788704394698e+08,9.956258210813184739e-01,9.956258210813184739e-01,9.999999948744153766e-01
6.822131500000000000e+07,4.286471640444703102e+08,-9.957759552027831695e-01,9.957759552027831695e-01,9.999999948171679476e-01
6.898165300000000000e+07,4.334245085945606232e+08,-9.954053164009748489e-01,9.954053164009748489e-01,9.999999947594075955e-01
6.975046500000000000e+07,4.382550968569439650e+08,-9.949525233894664922e-01,9.949525233894664922e-01,9.999999947009992063e-01
7.052784600000000000e+07,4.431395257342245579e+08,9.948757643829795327e-01,9.948757643829795327e-01,9.999999946420465857e-01
7.131389100000000000e+07,4.480783921290065050e+08,-9.948595426682985687e-01,9.948595426682985687e-01,9.999999945822258818e-01
7.210869600000000000e+07,4.530722992270793915e+08,9.948856488014566901e-01,9.948856488014566901e-01,9.999999945219504305e-01
7.291236000000000000e+07,4.581218690637885928e+08,9.950580972915198386e-01,9.950580972915198386e-01,9.999999944608959357e-01
7.372498000000000000e+07,4.632277111081088781e+08,9.951932495426540903e-01,9.951932495426540903e-01,9.999999943991676465e-01
7.454665800000000000e+07,4.683904662449415326e+08,9.957709805215553267e-01,9.957709805215553267e-01,9.999999943367285926e-01
7.537749300000000000e+07,4.736107565096321106e+08,-9.958923864794032577e-01,9.958923864794032577e-01,9.999999942735257052e-01
7.621758700000000000e+07,4.788892227870818377e+08,-9.962115502942957557e-01,9.962115502942957557e-01,9.999999942097108629e-01
7.706704500000000000e+07,4.842265248117479682e+08,-9.964003764758566639e-01,9.964003764758566639e-01,9.999999941451750418e-01
7.792597000000000000e+07,4.896233097517172098e+08,9.960968802253195031e-01,9.960968802253195031e-01,9.999999940800198273e-01
7.879446800000000000e+07,4.950802436246320605e+08,9.969593657743525128e-01,9.969593657743525128e-01,9.999999940140187338e-01
7.967264600000000000e+07,5.005979987313204408e+08,9.962620491582042659e-01,9.962620491582042659e-01,9.999999939473347421e-01
8.056061100000000000e+07,5.061772473726101518e+08,-9.969769238575720838e-01,9.969769238575720838e-01,9.999999938797557997e-01
8.145847300000000000e+07,5.118186806988850236e+08,-9.967549190663229641e-01,9.967549190663229641e-01,9.999999938115569087e-01
8.236634100000000000e+07,5.175229835773435235e+08,-9.966102415131740111e-01,9.966102415131740111e-01,9.999999937425929630e-01
8.328432800000000000e+07,5.232908660079253912e+08,9.966011244578147910e-01,9.966011244578147910e-01,9.999999936729272454e-01
8.421254600000000000e+07,5.291230317073850632e+08,9.960446137568640390e-01,9.960446137568640390e-01,9.999999936024219771e-01
8.515110900000000000e+07,5.350201969588474035e+08,-9.959906694522445703e-01,9.959906694522445703e-01,9.999999935310248667e-01
8.610013200000000000e+07,5.409830843286229372e+08,9.957004812133987137e-01,9.957004812133987137e-01,9.999999934590184658e-01
8.705973300000000000e+07,5.470124352325778008e+08,-9.958048270696322479e-01,9.958048270696322479e-01,9.999999933860241885e-01
8.803002800000000000e+07,5.531089785202075243e+08,9.952473192653850109e-01,9.952473192653850109e-01,9.999999933124118501e-01
8.901113700000000000e+07,5.592734681737492085e+08,-9.954138112003163563e-01,9.954138112003163563e-01,9.999999932377683365e-01
9.000318200000000000e+07,5.655066707418102026e+08,9.957683090032521944e-01,9.957683090032521944e-01,9.999999931625187521e-01
9.100628200000000000e+07,5.718093339234420061e+08,9.962604208409511219e-01,9.962604208409511219e-01,9.999999930863051611e-01
9.202056200000000000e+07,5.781822431168081760e+08,9.966133642877044174e-01,9.966133642877044174e-01,9.999999930092640099e-01
9.304614700000000000e+07,5.846261837200719118e+08,-9.972447613798363086e-01,9.972447613798363086e-01,9.999999929312314295e-01
9.408316200000000000e+07,5.911419411313967705e+08,9.966553469677759125e-01,9.966553469677759125e-01,9.999999928525764581e-01
9.513173500000000000e+07,5.977303195985020399e+08,-9.976793282124174489e-01,9.976793282124174489e-01,9.999999927728133731e-01
9.619199400000000000e+07,6.043921233691068888e+08,9.970305382494963897e-01,9.970305382494963897e-01,9.999999926923575089e-01
9.726407000000000000e+07,6.111281755404868126e+08,9.975385701760353108e-01,9.975385701760353108e-01,9.999999926109204296e-01
9.834809400000000000e+07,6.179392992099168301e+08,9.971134691950584994e-01,9.971134691950584994e-01,9.999999925285514291e-01
9.944420000000000000e+07,6.248263363242281675e+08,9.968082982121533320e-01,9.968082982121533320e-01,9.999999924452808164e-01
1.005525230000000000e+08,6.317901351134374142e+08,-9.971588974930452043e-01,9.971588974930452043e-01,9.999999923609695918e-01
1.016731970000000000e+08,6.388315375243755579e+08,-9.965628755896800417e-01,9.965628755896800417e-01,9.999999922758284754e-01
1.028063620000000000e+08,6.459514232029857635e+08,9.969203693113336540e-01,9.969203693113336540e-01,9.999999921898539146e-01
1.039521570000000000e+08,6.531506655120255947e+08,-9.960553547660737639e-01,9.960553547660737639e-01,9.999999921027040717e-01
1.051107210000000000e+08,6.604301378142527342e+08,-9.961285341907424318e-01,9.961285341907424318e-01,9.999999920146839250e-01
1.062821980000000000e+08,6.677907448883515596e+08,9.969707864387160612e-01,9.969707864387160612e-01,9.999999919258036885e-01
1.074667310000000000e+08,6.752333852298209667e+08,-9.966925296011105440e-01,9.966925296011105440e-01,9.999999918357018736e-01
1.086644650000000000e+08,6.827589699005303383e+08,-9.980032700716305882e-01,9.980032700716305882e-01,9.999999917447164322e-01
1.098755490000000000e+08,6.903684350950906277e+08,-9.976058785383316030e-01,9.976058785383316030e-01,9.999999916526947086e-01
1.111001310000000000e+08,6.980627107249273062e+08,-9.985140151025135857e-01,9.985140151025135857e-01,9.999999915596782252e-01
1.123383600000000000e+08,7.058427329846509695e+08,9.985169354238623285e-01,9.985169354238623285e-01,9.999999914657218270e-01
1.135903900000000000e+08,7.137094694847990274e+08,9.984251938631065748e-01,9.984251938631065748e-01,9.999999913706002497e-01
1.148563740000000000e+08,7.216638815527234077e+08,9.982075909811414238e-01,9.982075909811414238e-01,9.999999912744164110e-01
1.161364680000000000e+08,7.297069493653322458e+08,9.970795779160431804e-01,9.970795779160431804e-01,9.999999911771756400e-01
1.174308280000000000e+08,7.378396530995332003e+08,9.966976139226538800e-01,9.966976139226538800e-01,9.999999910788377466e-01
1.187396150000000000e+08,7.460630043481608629e+08,-9.973029743186994089e-01,9.973029743186994089e-01,9.999999909793056974e-01
1.200629880000000000e+08,7.543780021376789808e+08,9.968538948171135061e-01,9.968538948171135061e-01,9.999999908788765879e-01
1.214011100000000000e+08,7.627856706272927523e+08,9.966107028367903187e-01,9.966107028367903187e-01,9.999999907772276764e-01
1.227541460000000000e+08,7.712870465425777435e+08,9.972880794276943739e-01,9.972880794276943739e-01,9.999999906744213574e-01
1.241222610000000000e+08,7.798831666091097593e+08,-9.971882842483195120e-01,9.971882842483195120e-01,9.999999905703911285e-01
1.255056250000000000e+08,7.885750989683909416e+08,-9.974502942340738310e-01,9.974502942340738310e-01,9.999999904652940863e-01
1.269044060000000000e+08,7.973638991955529451e+08,9.980298280116616239e-01,9.980298280116616239e-01,9.999999903591465511e-01
1.283187770000000000e+08,8.062506542816538811e+08,-9.979855350093379540e-01,9.979855350093379540e-01,9.999999902515867012e-01
1.297489110000000000e+08,8.152364512177517414e+08,-9.988451756122697089e-01,9.988451756122697089e-01,9.999999901429432736e-01
1.311949850000000000e+08,8.243224021276462078e+08,-9.971557876582899382e-01,9.971557876582899382e-01,9.999999900330567293e-01
1.326571750000000000e+08,8.335096128519511223e+08,-9.973294208933000116e-01,9.973294208933000116e-01,9.999999899220051169e-01
1.341356610000000000e+08,8.427992143640218973e+08,-9.965329292489745194e-01,9.965329292489745194e-01,9.999999898096688655e-01
1.356306260000000000e+08,8.521923564867695570e+08,9.968763636932376215e-01,9.968763636932376215e-01,9.999999896962041834e-01
1.371422520000000000e+08,8.616901827599202394e+08,9.958961798487764305e-01,9.958961798487764305e-01,9.999999895813775908e-01
1.386707260000000000e+08,8.712938681391261816e+08,9.971826190341241958e-01,9.971826190341241958e-01,9.999999894652421562e-01
1.402162340000000000e+08,8.810045812968547344e+08,9.971451121787572314e-01,9.971451121787572314e-01,9.999999893478304092e-01
1.417789680000000000e+08,8.908235286046847105e+08,9.975196612491707970e-01,9.975196612491707970e-01,9.999999892291043802e-01
1.433591180000000000e+08,9.007519038678245544e+08,9.979597663464009338e-01,9.979597663464009338e-01,9.999999891090581849e-01
1.449568800000000000e+08,9.107909385905944109e+08,9.979683362522892009e-01,9.979683362522892009e-01,9.999999889876715065e-01
1.465724480000000000e+08,9.209418517109439373e+08,9.965907135837532849e-01,9.965907135837532849e-01,9.999999888649699908e-01
1.482060230000000000e+08,9.312059061491198540e+08,-9.972280488639828633e-01,9.972280488639828633e-01,9.999999887407611254e-01
1.498578040000000000e+08,9.415843522589982748e+08,9.962996856989138061e-01,9.962996856989138061e-01,9.999999886153794204e-01
1.515279940000000000e+08,9.520784655271965265e+08,9.958397206598654794e-01,9.958397206598654794e-01,9.999999884884891443e-01
1.532167990000000000e+08,9.626895402898879051e+08,-9.953053952728696530e-01,9.953053952728696530e-01,9.999999883600848571e-01
1.549244260000000000e+08,9.734188771664310694e+08,9.964517378465173048e-01,9.964517378465173048e-01,9.999999882304551058e-01
1.566510850000000000e+08,9.842677956257405281e+08,-9.967913792704502507e-01,9.967913792704502507e-01,9.999999880991963241e-01
1.583969880000000000e+08,9.952376277031012774e+08,9.970049436170157486e-01,9.970049436170157486e-01,9.999999879666566782e-01
1.601623490000000000e+08,1.006329718000169039e+09,-9.967759101849695824e-01,9.967759101849695824e-01,9.999999878324320468e-01
1.619473850000000000e+08,1.017545429968155742e+09,-9.962998749816425192e-01,9.962998749816425192e-01,9.999999876968215240e-01
1.637523160000000000e+08,1.028886145907828689e+09,9.959307465570512719e-01,9.959307465570512719e-01,9.999999875598039045e-01
1.655773630000000000e+08,1.040353254403140903e+09,-9.948808118237295606e-01,9.948808118237295606e-01,9.999999874210456774e-01
1.674227510000000000e+08,1.051948169170786381e+09,-9.950367461791206347e-01,9.950367461791206347e-01,9.999999872808651435e-01
1.692887060000000000e+08,1.063672310210644722e+09,9.951779859871637823e-01,9.951779859871637823e-01,9.999999871392125650e-01
1.711754570000000000e+08,1.075527116372151136e+09,-9.950344376067041807e-01,9.950344376067041807e-01,9.999999869957618692e-01
1.730832360000000000e+08,1.087514045354296923e+09,9.954676518212114411e-01,9.954676518212114411e-01,9.999999868509471534e-01
1.750122780000000000e+08,1.099634573705629110e+09,9.967793285934475334e-01,9.967793285934475334e-01,9.999999867043742885e-01
1.769628190000000000e+08,1.111890184257880449e+09,-9.963515871711049465e-01,9.963515871711049465e-01,9.999999865561105539e-01
1.789350990000000000e+08,1.124282384975524664e+09,-9.961963053477890240e-01,9.961963053477890240e-01,9.999999864062903976e-01
1.809293610000000000e+08,1.136812702672591209e+09,-9.953337679501358393e-01,9.953337679501358393e-01,9.999999862547794827e-01
1.829458490000000000e+08,1.149482670446295261e+09,-9.947902590141519674e-01,9.947902590141519674e-01,9.999999861015729241e-01
1.849848120000000000e+08,1.162293852809777975e+09,9.949073923230283834e-01,9.949073923230283834e-01,9.999999859467839647e-01
1.870464990000000000e+08,1.175247814276181221e+09,-9.950246744921952269e-01,9.950246744921952269e-01,9.999999857900452316e-01
1.891311630000000000e+08,1.188346144491387367e+09,-9.959236792383381331e-01,9.959236792383381331e-01,9.999999856316990066e-01
1.912390620000000000e+08,1.201590464517205954e+09,9.962950411376380044e-01,9.962950411376380044e-01,9.999999854716504766e-01
1.933704530000000000e+08,1.214982389132260799e+09,-9.960714322522128406e-01,9.960714322522128406e-01,9.999999853096157576e-01
1.955256000000000000e+08,1.228523577097472906e+09,9.956872646535933624e-01,9.956872646535933624e-01,9.999999851460128486e-01
1.977047650000000000e+08,1.242215674607393026e+09,-9.949715497819495713e-01,9.949715497819495713e-01,9.999999849803453689e-01
1.999082180000000000e+08,1.256060378122053623e+09,9.947105101100897073e-01,9.947105101100897073e-01,9.999999848130582958e-01
2.021362290000000000e+08,1.270059384101488113e+09,-9.951369669299175991e-01,9.951369669299175991e-01,9.999999846436883333e-01
2.043890710000000000e+08,1.284214407855285168e+09,-9.956364467988200184e-01,9.956364467988200184e-01,9.999999844725249165e-01
2.066670220000000000e+08,1.298527196108960390e+09,9.964252782657374574e-01,9.964252782657374574e-01,9.999999842996097899e-01
2.089703600000000000e+08,1.312999495588028669e+09,9.970087611833524655e-01,9.970087611833524655e-01,9.999999841246234311e-01
2.112993700000000000e+08,1.327633097000303030e+09,9.970614341806168790e-01,9.970614341806168790e-01,9.999999839476657604e-01
2.136543370000000000e+08,1.342429791053595781e+09,-9.960259619956737254e-01,9.960259619956737254e-01,9.999999837686700532e-01
2.160355510000000000e+08,1.357391399871646166e+09,-9.960652668422036449e-01,9.960652668422036449e-01,9.999999835877633192e-01
2.184433030000000000e+08,1.372519751861378431e+09,-9.965410738128648305e-01,9.965410738128648305e-01,9.999999834048578506e-01
2.208778910000000000e+08,1.387816719412014246e+09,-9.971561702810041172e-01,9.971561702810041172e-01,9.999999832198768202e-01
2.233396120000000000e+08,1.403284168629589558e+09,9.979815674193915909e-01,9.979815674193915909e-01,9.999999830329656669e-01
2.258287700000000000e+08,1.418924009602438211e+09,9.983293025640680440e-01,9.983293025640680440e-01,9.999999828438792537e-01
2.283456690000000000e+08,1.434738152418893099e+09,-9.964453385618488035e-01,9.964453385618488035e-01,9.999999826525542979e-01
2.308906200000000000e+08,1.450728551149585009e+09,9.963387806152216308e-01,9.963387806152216308e-01,9.999999824593324149e-01
2.334639350000000000e+08,1.466897166148329973e+09,-9.964004717773997655e-01,9.964004717773997655e-01,9.999999822637258839e-01
2.360659300000000000e+08,1.483245982901684761e+09,9.971099713613089666e-01,9.971099713613089666e-01,9.999999820661650274e-01
2.386969240000000000e+08,1.499777005745762348e+09,9.975992431086644352e-01,9.975992431086644352e-01,9.999999818662960172e-01
2.413572420000000000e+08,1.516492276715787649e+09,9.989969696931441101e-01,9.989969696931441101e-01,9.999999816641701456e-01
2.440472090000000000e+08,1.533393837846985579e+09,-9.977416606832885115e-01,9.977416606832885115e-01,9.999999814597125836e-01
2.467671560000000000e+08,1.550483768873692989e+09,9.968857552998866556e-01,9.968857552998866556e-01,9.999999812531932264e-01
2.495174170000000000e+08,1.567764168379801989e+09,-9.971844285527732277e-01,9.971844285527732277e-01,9.999999810441544401e-01
2.522983310000000000e+08,1.585237166365131855e+09,-9.968922311834802485e-01,9.968922311834802485e-01,9.999999808328806639e-01
2.551102380000000000e+08,1.602904899112687349e+09,9.973527713524410476e-01,9.973527713524410476e-01,9.999999806193926588e-01
2.579534850000000000e+08,1.620769546887769699e+09,-9.978774710951526794e-01,9.978774710951526794e-01,9.999999804032879691e-01
2.608284200000000000e+08,1.638833296238866091e+09,9.965684255158122618e-01,9.965684255158122618e-01,9.999999801849799308e-01
2.637353960000000000e+08,1.657098365130389929e+09,9.966502643555635865e-01,9.966502643555635865e-01,9.999999799641233755e-01
2.666747720000000000e+08,1.675567009225866079e+09,9.965148228198670299e-01,9.965148228198670299e-01,9.999999797408194446e-01
2.696469070000000000e+08,1.694241484188820362e+09,-9.973407748076872359e-01,9.973407748076872359e-01,9.999999795149336901e-01
2.726521670000000000e+08,1.713124089665074825e+09,-9.970325529869527026e-01,9.970325529869527026e-01,9.999999792866065551e-01
2.756909210000000000e+08,1.732217144150007963e+09,-9.959262833560347250e-01,9.959262833560347250e-01,9.999999790557431156e-01
2.787635430000000000e+08,1.751522997554924726e+09,-9.961193505274308357e-01,9.961193505274308357e-01,9.999999788223329356e-01
2.818704100000000000e+08,1.771044018640685797e+09,9.957230794677243146e-01,9.957230794677243146e-01,9.999999785864117641e-01
2.850119030000000000e+08,1.790782601300893545e+09,-9.956504378490367291e-01,9.956504378490367291e-01,9.999999783476303250e-01
2.881884080000000000e+08,1.810741170845075846e+09,9.966228962539933622e-01,9.966228962539933622e-01,9.999999781064364823e-01
2.914003170000000000e+08,1.830922190281873703e+09,-9.957142687971040074e-01,9.957142687971040074e-01,9.999999778623216429e-01
2.946480220000000000e+08,1.851328122619927406e+09,9.949373242080548074e-01,9.949373242080548074e-01,9.999999776156980325e-01
2.979319240000000000e+08,1.871961487416545153e+09,9.949268992952428059e-01,9.949268992952428059e-01,9.999999773662271441e-01
3.012524250000000000e+08,1.892824810512220144e+09,-9.953099744578685071e-01,9.953099744578685071e-01,9.999999771138436966e-01
3.046099340000000000e+08,1.913920661729743481e+09,9.964441673841843983e-01,9.964441673841843983e-01,9.999999768588843096e-01
3.080048630000000000e+08,1.935251629741461277e+09,-9.959395241803892240e-01,9.959395241803892240e-01,9.999999766008964563e-01
3.114376290000000000e+08,1.956820334635647058e+09,-9.949477569522789944e-01,9.949477569522789944e-01,9.999999763400970743e-01
3.149086540000000000e+08,1.978629427916500092e+09,9.952354525493017912e-01,9.952354525493017912e-01,9.999999760765118095e-01
3.184183640000000000e+08,2.000681586220961332e+09,9.961149240842739339e-01,9.961149240842739339e-01,9.999999758098911951e-01
3.219671900000000000e+08,2.022979517601898193e+09,9.962921016235761762e-01,9.962921016235761762e-01,9.999999755402618762e-01
3.255555690000000000e+08,2.045525967811290026e+09,-9.956461123268092184e-01,9.956461123268092184e-01,9.999999752675691189e-01
3.291839400000000000e+08,2.068323695167486429e+09,9.952613227224198500e-01,9.952613227224198500e-01,9.999999749920164271e-01
3.328527510000000000e+08,2.091375514537505388e+09,-9.962133449270749175e-01,9.962133449270749175e-01,9.999999747131872452e-01
3.365624510000000000e+08,2.114684247071549416e+09,-9.968673612199355771e-01,9.968673612199355771e-01,9.999999744313458061e-01
3.403134960000000000e+08,2.138252757902118921e+09,9.968984004067746874e-01,9.968984004067746874e-01,9.999999741465126490e-01
3.441063470000000000e+08,2.162083943577640057e+09,-9.958788856888922680e-01,9.958788856888922680e-01,9.999999738582575626e-01
3.479414700000000000e+08,2.186180732062466621e+09,9.972224911843006190e-01,9.972224911843006190e-01,9.999999735670176415e-01
3.518193360000000000e+08,2.210546082736877918e+09,9.977943129745764361e-01,9.977943129745764361e-01,9.999999732724238477e-01
3.557404220000000000e+08,2.235182992680265427e+09,9.978741777465295337e-01,9.978741777465295337e-01,9.999999729745212562e-01
3.597052090000000000e+08,2.260094484104762077e+09,-9.969517583105642622e-01,9.969517583105642622e-01,9.999999726732198280e-01
3.637141840000000000e+08,2.285283616921612740e+09,9.978350194257183947e-01,9.978350194257183947e-01,9.999999723687653663e-01
3.677678400000000000e+08,2.310753488741172791e+09,9.990177467100820330e-01,9.990177467100820330e-01,9.999999720607982701e-01
3.718666740000000000e+08,2.336507222306540966e+09,9.975887071832159059e-01,9.975887071832159059e-01,9.999999717494179041e-01
3.760111910000000000e+08,2.362547990626296997e+09,-9.959533581091021270e-01,9.959533581091021270e-01,9.999999714344577351e-01
3.802018990000000000e+08,2.388878985558577061e+09,-9.969187960149463734e-01,9.969187960149463734e-01,9.999999711160894034e-01
3.844393130000000000e+08,2.415503442943814278e+09,-9.981804048524023365e-01,9.981804048524023365e-01,9.999999707941731319e-01
3.887239540000000000e+08,2.442424636321553230e+09,9.972535369892174817e-01,9.972535369892174817e-01,9.999999704687668745e-01
3.930563480000000000e+08,2.469645870647266388e+09,9.959650094939708209e-01,9.959650094939708209e-01,9.999999701396515839e-01
3.974370270000000000e+08,2.497170488575536728e+09,-9.971538026977539992e-01,9.971538026977539992e-01,9.999999698067647547e-01
4.018665290000000000e+08,2.525001870460059166e+09,-9.970754691290810712e-01,9.970754691290810712e-01,9.999999694702516040e-01
4.063453990000000000e+08,2.553143440636826515e+09,-9.957608960793362662e-01,9.957608960793362662e-01,9.999999691299892302e-01
4.108741870000000000e+08,2.581598654857757568e+09,-9.954705230502670643e-01,9.954705230502670643e-01,9.999999687859335573e-01
4.154534490000000000e+08,2.610371006573883533e+09,-9.958402923835336651e-01,9.958402923835336651e-01,9.999999684380215248e-01
4.200837480000000000e+08,2.639464033218532085e+09,9.956380453470556890e-01,9.956380453470556890e-01,9.999999680863785878e-01
4.247656520000000000e+08,2.668881303640957355e+09,9.945546680019412555e-01,9.945546680019412555e-01,9.999999677307046531e-01
4.294997360000000000e+08,2.698626430672711372e+09,9.954422028331872951e-01,9.954422028331872951e-01,9.999999673710723291e-01
4.342865830000000000e+08,2.728703077410827637e+09,-9.963134521905328000e-01,9.963134521905328000e-01,9.999999670073159708e-01
4.391267800000000000e+08,2.759114932085082531e+09,9.948591906343040581e-01,9.948591906343040581e-01,9.999999666396948150e-01
4.440209220000000000e+08,2.789865733190732956e+09,9.959343160513727256e-01,9.959343160513727256e-01,9.999999662678772383e-01
4.489696100000000000e+08,2.820959256922149181e+09,9.969568845411889146e-01,9.969568845411889146e-01,9.999999658919287437e-01
4.539734520000000000e+08,2.852399323455996990e+09,9.953832473590280561e-01,9.953832473590280561e-01,9.999999655118027020e-01
4.590330620000000000e+08,2.884189790668056011e+09,9.959907515778253506e-01,9.959907515778253506e-01,9.999999651274253942e-01
4.641490630000000000e+08,2.916334572982772350e+09,-9.968438104804875355e-01,9.968438104804875355e-01,9.999999647386289547e-01
4.693220820000000000e+08,2.948837609957333088e+09,9.969873929317571992e-01,9.969873929317571992e-01,9.999999643457693210e-01
4.745527560000000000e+08,2.981702903980779171e+09,9.969625496459006975e-01,9.969625496459006975e-01,9.999999639483950764e-01
4.798417260000000000e+08,3.014934482574892998e+09,9.978521751151330221e-01,9.978521751151330221e-01,9.999999635465820491e-01
4.851896430000000000e+08,3.048536436093308926e+09,-9.977508622847119923e-01,9.977508622847119923e-01,9.999999631402194389e-01
4.905971630000000000e+08,3.082512886305588722e+09,-9.971531973296109408e-01,9.971531973296109408e-01,9.999999627294035021e-01
4.960649510000000000e+08,3.116868011529961586e+09,-9.982676368765457386e-01,9.982676368765457386e-01,9.999999623140081173e-01
5.015936780000000000e+08,3.151606027783768654e+09,9.972580320039514667e-01,9.972580320039514667e-01,9.999999618940860202e-01
5.071840240000000000e+08,3.186731207633018494e+09,9.968712294666532969e-01,9.968712294666532969e-01,9.999999614693887429e-01
5.128366750000000000e+08,3.222247861342832565e+09,-9.976746554398909783e-01,9.976746554398909783e-01,9.999999610398909722e-01
5.185523260000000000e+08,3.258160355726998806e+09,9.961873001333650945e-01,9.961873001333650945e-01,9.999999606057544677e-01
5.243316790000000000e+08,3.294473101581603050e+09,-9.960737056268662570e-01,9.960737056268662570e-01,9.999999601666063054e-01
5.301754440000000000e+08,3.331190559968213558e+09,9.969828349185289040e-01,9.969828349185289040e-01,9.999999597227278159e-01
5.360843390000000000e+08,3.368317242213880539e+09,-9.945614694426979652e-01,9.945614694426979652e-01,9.999999592737500720e-01
5.420590890000000000e+08,3.405857703627951622e+09,-9.959624367143868895e-01,9.959624367143868895e-01,9.999999588198507094e-01
5.481004280000000000e+08,3.443816556068442822e+09,9.955083018857241450e-01,9.955083018857241450e-01,9.999999583609967546e-01
5.542091000000000000e+08,3.482198474225222111e+09,9.944581695151516465e-01,9.944581695151516465e-01,9.999999578969231973e-01
5.603858540000000000e+08,3.521008164204084873e+09,9.966941926336879698e-01,9.966941926336879698e-01,9.999999574276537961e-01
5.666314480000000000e+08,3.560250388659493923e+09,9.953135024931767383e-01,9.953135024931767383e-01,9.999999569531999866e-01
5.729466510000000000e+08,3.599929979360949993e+09,-9.956088342696104432e-01,9.956088342696104432e-01,9.999999564733135227e-01
5.793322380000000000e+08,3.640051805777067184e+09,9.964568172613956776e-01,9.964568172613956776e-01,9.999999559883108180e-01
5.857889930000000000e+08,3.680620793925125599e+09,-9.962561512185911239e-01,9.962561512185911239e-01,9.999999554977024863e-01
5.923177100000000000e+08,3.721641932654259205e+09,9.975134451233446109e-01,9.975134451233446109e-01,9.999999550018078276e-01
5.989191900000000000e+08,3.763120254795898914e+09,9.968212349005072248e-01,9.968212349005072248e-01,9.999999545003024348e-01
6.055942460000000000e+08,3.805060868579699993e+09,9.972547438398650099e-01,9.972547438398650099e-01,9.999999539932227233e-01
6.123436950000000000e+08,3.847468907368057728e+09,-9.978531879906769042e-01,9.978531879906769042e-01,9.999999534803656331e-01
6.191683690000000000e+08,3.890349598771148205e+09,-9.965203721040835072e-01,9.965203721040835072e-01,9.999999529618890381e-01
6.260691040000000000e+08,3.933708195531888485e+09,9.974493233228939326e-01,9.974493233228939326e-01,9.999999524377256588e-01
6.330467500000000000e+08,3.977550038357788563e+09,9.955000903637944987e-01,9.955000903637944987e-01,9.999999519076530063e-01
6.401021620000000000e+08,4.021880499372287273e+09,9.963012209337883673e-01,9.963012209337883673e-01,9.999999513716721911e-01
6.472362090000000000e+08,4.066705038663415909e+09,-9.950079877724207211e-01,9.950079877724207211e-01,9.999999508295689399e-01
6.544497650000000000e+08,4.112029147735133171e+09,-9.964094079260216175e-01,9.964094079260216175e-01,9.999999502815748453e-01
6.617437180000000000e+08,4.157858406055991650e+09,9.946677359165593257e-01,9.946677359165593257e-01,9.999999497275595672e-01
6.691189630000000000e+08,4.204198437076841354e+09,-9.955123638733429647e-01,9.955123638733429647e-01,9.999999491671573981e-01
6.765764060000000000e+08,4.251054933363570213e+09,9.948911021473714200e-01,9.948911021473714200e-01,9.999999486007279392e-01
6.841169640000000000e+08,4.298433656597105980e+09,9.950568558178830569e-01,9.950568558178830569e-01,9.999999480278717323e-01
6.917415630000000000e+08,4.346340425007041931e+09,-9.963289200218616859e-01,9.963289200218616859e-01,9.999999474485322670e-01
6.994511390000000000e+08,4.394781119654826164e+09,-9.958199888699250657e-01,9.958199888699250657e-01,9.999999468628245625e-01
7.072466400000000000e+08,4.443761697000130653e+09,9.970298459267719071e-01,9.970298459267719071e-01,9.999999462707107600e-01
7.151290220000000000e+08,4.493288163768107414e+09,9.965806995999373363e-01,9.965806995999373363e-01,9.999999456718766666e-01
7.230992560000000000e+08,4.543366620931690216e+09,9.967713479884597882e-01,9.967713479884597882e-01,9.999999450664029954e-01
7.311583180000000000e+08,4.594003200879739761e+09,9.964228651003037562e-01,9.964228651003037562e-01,9.999999444541455285e-01
7.393072010000000000e+08,4.645204142815264702e+09,-9.975272038802318608e-01,9.975272038802318608e-01,9.999999438349720382e-01
7.475469040000000000e+08,4.696975723640388489e+09,9.966551407700503518e-01,9.966551407700503518e-01,9.999999432091060125e-01
7.558784400000000000e+08,4.749324308221826553e+09,9.974863582354803748e-01,9.974863582354803748e-01,9.999999425761398886e-01
7.643028320000000000e+08,4.802256324258147240e+09,9.961380406041029367e-01,9.961380406041029367e-01,9.999999419361581543e-01
7.728211160000000000e+08,4.855778281129330635e+09,9.955474955113848834e-01,9.955474955113848834e-01,9.999999412890231421e-01
7.814343370000000000e+08,4.909896744764020920e+09,-9.951686705894637885e-01,9.951686705894637885e-01,9.999999406345657649e-01
7.901435540000000000e+08,4.964618369055459976e+09,9.947876737129762725e-01,9.947876737129762725e-01,9.999999399730408189e-01
7.989498370000000000e+08,5.019949877011925697e+09,-9.953170778367903537e-01,9.953170778367903537e-01,9.999999393039229467e-01
8.078542680000000000e+08,5.075898067039919853e+09,9.945700545369136059e-01,9.945700545369136059e-01,9.999999386275719715e-01
8.168579390000000000e+08,5.132469800377799034e+09,-9.960808027523070374e-01,9.960808027523070374e-01,9.999999379434477698e-01
8.259619580000000000e+08,5.189672038794882774e+09,9.954033641491456530e-01,9.954033641491456530e-01,9.999999372519365881e-01
8.351674430000000000e+08,5.247511806892344475e+09,-9.971871127916611677e-01,9.971871127916611677e-01,9.999999365524862016e-01
8.444755250000000000e+08,5.305996210952767372e+09,-9.961553112229518669e-01,9.961553112229518669e-01,9.999999358453551812e-01
8.538873470000000000e+08,5.365132432656956673e+09,-9.960108846636231972e-01,9.960108846636231972e-01,9.999999351303485717e-01
8.634040650000000000e+08,5.424927735367128372e+09,-9.969789836064721911e-01,9.969789836064721911e-01,9.999999344073633445e-01
8.730268480000000000e+08,5.485389464126906395e+09,9.962023864680920049e-01,9.962023864680920049e-01,9.999999336764252567e-01
8.827568800000000000e+08,5.546525058227693558e+09,9.961006480136355146e-01,9.961006480136355146e-01,9.999999329372589729e-01
8.925953530000000000e+08,5.608342007226376534e+09,-9.956417989410861757e-01,9.956417989410861757e-01,9.999999321897254934e-01
9.025434790000000000e+08,5.670847926343547821e+09,-9.941680330760613860e-01,9.941680330760613860e-01,9.999999314339476086e-01
9.126024780000000000e+08,5.734050481065281868e+09,9.954049974735630357e-01,9.954049974735630357e-01,9.999999306699032253e-01
9.227735860000000000e+08,5.797957437408617973e+09,9.943232051396515558e-01,9.943232051396515558e-01,9.999999298971864459e-01
9.330580530000000000e+08,5.862576649355191231e+09,-9.952369171369455092e-01,9.952369171369455092e-01,9.999999291157632975e-01
9.434571420000000000e+08,5.927916052568044662e+09,9.959108674303490671e-01,9.959108674303490671e-01,9.999999283258738103e-01
9.539721300000000000e+08,5.993983670674814224e+09,9.956264258694142999e-01,9.956264258694142999e-01,9.999999275270370358e-01
9.646043100000000000e+08,6.060787627834102631e+09,9.969166455713539543e-01,9.969166455713539543e-01,9.999999267193028230e-01
9.753549870000000000e+08,6.128336123602736473e+09,-9.968613438291736850e-01,9.968613438291736850e-01,9.999999259024709986e-01
9.862254830000000000e+08,6.196637464351691246e+09,-9.959607087508960399e-01,9.959607087508960399e-01,9.999999250766559156e-01
9.972171320000000000e+08,6.265700031850166321e+09,9.960665142471412103e-01,9.960665142471412103e-01,9.999999242417272338e-01
1.008331284000000000e+09,6.335532308398326874e+09,9.964458142526597673e-01,9.964458142526597673e-01,9.999999233973905222e-01
1.019569306000000000e+09,6.406142883110487938e+09,9.947369795578717699e-01,9.947369795578717699e-01,9.999999225436337902e-01
1.030932578000000000e+09,6.477540426782372475e+09,9.940361220655431485e-01,9.940361220655431485e-01,9.999999216803735491e-01
1.042422494000000000e+09,6.549733698174300194e+09,9.954536463583816275e-01,9.954536463583816275e-01,9.999999208074830115e-01
1.054040469000000000e+09,6.622731587993479729e+09,-9.952299145422858206e-01,9.952299145422858206e-01,9.999999199247737725e-01
1.065787927000000000e+09,6.696543043495789528e+09,-9.950886153916278509e-01,9.950886153916278509e-01,9.999999190323266562e-01
1.077666313000000000e+09,6.771177143883996964e+09,-9.955701908366805242e-01,9.955701908366805242e-01,9.999999181299314976e-01
1.089677085000000000e+09,6.846643050042281151e+09,-9.969074954727743521e-01,9.969074954727743521e-01,9.999999172174632855e-01
1.101821719000000000e+09,6.922950035952155113e+09,-9.968106031813939172e-01,9.968106031813939172e-01,9.999999162948317588e-01
1.114101708000000000e+09,7.000107482409281731e+09,9.950781753402966334e-01,9.950781753402966334e-01,9.999999153620422465e-01
1.126518559000000000e+09,7.078124858173919678e+09,-9.955971236097195254e-01,9.955971236097195254e-01,9.999999144186446642e-01
1.139073798000000000e+09,7.157011751386847496e+09,9.957824032115250024e-01,9.957824032115250024e-01,9.999999134649141252e-01
1.151768967000000000e+09,7.236777850719809532e+09,-9.947581313450686302e-01,9.947581313450686302e-01,9.999999125003526945e-01
1.164605625000000000e+09,7.317432951658699036e+09,-9.945067330833650132e-01,9.945067330833650132e-01,9.999999115251874127e-01
1.177585351000000000e+09,7.398986975353116035e+09,-9.941123406366250137e-01,9.941123406366250137e-01,9.999999105391115251e-01
1.190709738000000000e+09,7.481449930917254448e+09,9.945418000007418824e-01,9.945418000007418824e-01,9.999999095421644446e-01
1.203980398000000000e+09,7.564831946845830917e+09,9.964287160034134283e-01,9.964287160034134283e-01,9.999999085339951188e-01
1.217398962000000000e+09,7.649143271014079094e+09,9.971503599952303842e-01,9.971503599952303842e-01,9.999999075145675764e-01
1.230967078000000000e+09,7.734394258111387253e+09,9.967763433537760731e-01,9.967763433537760731e-01,9.999999064838185348e-01
1.244686414000000000e+09,7.820595388490847588e+09,9.960546692034499827e-01,9.960546692034499827e-01,9.999999054415468214e-01
1.258558653000000000e+09,7.907757236753331184e+09,-9.939051533313973952e-01,9.939051533313973952e-01,9.999999043875829052e-01
1.272585501000000000e+09,7.995890522012972832e+09,-9.935673054031790574e-01,9.935673054031790574e-01,9.999999033219739708e-01
1.286768680000000000e+09,8.085006063914870262e+09,9.936867679224082872e-01,9.936867679224082872e-01,9.999999022445827945e-01
1.301109934000000000e+09,8.175114820334200859e+09,9.942725187265047948e-01,9.942725187265047948e-01,9.999999011550960715e-01
1.315611023000000000e+09,8.266227849677104950e+09,-9.956762846305479142e-01,9.956762846305479142e-01,9.999999000533466020e-01
1.330273729000000000e+09,8.358356348579798698e+09,-9.969162771398067946e-01,9.969162771398067946e-01,9.999998989394228710e-01
1.345099854000000000e+09,8.451511639342206955e+09,9.976437034211120825e-01,9.976437034211120825e-01,9.999998978131587890e-01
1.360091218000000000e+09,8.545705157361587524e+09,9.965642616862435688e-01,9.965642616862435688e-01,9.999998966742980055e-01
1.375249663000000000e+09,8.640948476265277863e+09,-9.952336003662494157e-01,9.952336003662494157e-01,9.999998955226235831e-01
1.390577052000000000e+09,8.737253301627504349e+09,9.939856367356516564e-01,9.939856367356516564e-01,9.999998943583054967e-01
1.406075267000000000e+09,8.834631458403013229e+09,-9.941852348425618269e-01,9.941852348425618269e-01,9.999998931807986269e-01
1.421746212000000000e+09,8.933094909776632309e+09,9.944834574694869644e-01,9.944834574694869644e-01,9.999998919903719807e-01
1.437591813000000000e+09,9.032655757163263321e+09,-9.951689846354609958e-01,9.951689846354609958e-01,9.999998907864946496e-01
1.453614016000000000e+09,9.133326227641511917e+09,9.962401378486487324e-01,9.962401378486487324e-01,9.999998895694025558e-01
1.469814788000000000e+09,9.235118680236879349e+09,9.953272386131039040e-01,9.953272386131039040e-01,9.999998883386441717e-01
1.486196122000000000e+09,9.338045637337678909e+09,9.952953465636668051e-01,9.952953465636668051e-01,9.999998870941561036e-01
1.502760027000000000e+09,9.442119721863199234e+09,-9.938040693299833306e-01,9.938040693299833306e-01,9.999998858356646814e-01
1.519508541000000000e+09,9.547353738945089340e+09,-9.939240453638750195e-01,9.939240453638750195e-01,9.999998845632921407e-01
1.536443719000000000e+09,9.653760600529161453e+09,-9.940732583411899803e-01,9.940732583411899803e-01,9.999998832767293955e-01
1.553567643000000000e+09,9.761353388207220078e+09,-9.957079169030818022e-01,9.957079169030818022e-01,9.999998819758642021e-01
1.570882415000000000e+09,9.870145309234785080e+09,-9.963361809698709770e-01,9.963361809698709770e-01,9.999998806604598611e-01
1.588390164000000000e+09,9.980149740513372421e+09,9.948543066292029335e-01,9.948543066292029335e-01,9.999998793305123757e-01
1.606093040000000000e+09,1.009138019089139557e+10,9.942078179956687078e-01,9.942078179956687078e-01,9.999998779856054121e-01
1.623993217000000000e+09,1.020385032001371002e+10,-9.929120106079247776e-01,9.929120106079247776e-01,9.999998766256285032e-01
1.642092894000000000e+09,1.031757394460480499e+10,9.923452231269330737e-01,9.923452231269330737e-01,9.999998752507104349e-01
1.660394296000000000e+09,1.043256504475199318e+10,9.931866494549330682e-01,9.931866494549330682e-01,9.999998738603621540e-01
1.678899669000000000e+09,1.054883773248947144e+10,-9.953385415393353197e-01,9.953385415393353197e-01,9.999998724544311157e-01
1.697611289000000000e+09,1.066640630834699821e+10,-9.961440726828340031e-01,9.961440726828340031e-01,9.999998710328932283e-01
1.716531452000000000e+09,1.078528519851804161e+10,9.950018859303138008e-01,9.950018859303138008e-01,9.999998695956390238e-01
1.735662484000000000e+09,1.090548901769162369e+10,9.929383376500953151e-01,9.929383376500953151e-01,9.999998681422682667e-01
1.755006734000000000e+09,1.102703252507003212e+10,9.924954429826140512e-01,9.924954429826140512e-01,9.999998666726743757e-01
1.774566579000000000e+09,1.114993065578474236e+10,-9.932863904786497500e-01,9.932863904786497500e-01,9.999998651866375265e-01
1.794344422000000000e+09,1.127419850833004761e+10,9.942466176622826168e-01,9.942466176622826168e-01,9.999998636841930244e-01
1.814342693000000000e+09,1.139985135084624290e+10,-9.944436573851525019e-01,9.944436573851525019e-01,9.999998621648358288e-01
1.834563847000000000e+09,1.152690460855325890e+10,-9.937018691861470021e-01,9.937018691861470021e-01,9.999998606286455427e-01
1.855010370000000000e+09,1.165537390144976807e+10,9.944428289712660129e-01,9.944428289712660129e-01,9.999998590754387573e-01
1.875684773000000000e+09,1.178527500661407661e+10,-9.931469584385507199e-01,9.931469584385507199e-01,9.999998575047206462e-01
1.896589595000000000e+09,1.191662387705368233e+10,-9.915483966566228657e-01,9.915483966566228657e-01,9.999998559165650391e-01
1.917727405000000000e+09,1.204943665427163506e+10,-9.936284436502863526e-01,9.936284436502863526e-01,9.999998543107437854e-01
1.939100800000000000e+09,1.218372965570018196e+10,9.939688906411995317e-01,9.939688906411995317e-01,9.999998526871340943e-01
1.960712404000000000e+09,1.231951936841756439e+10,9.937989998610574638e-01,9.937989998610574638e-01,9.999998510452762224e-01
1.982564874000000000e+09,1.245682248684714699e+10,9.939653759975867198e-01,9.939653759975867198e-01,9.999998493851388615e-01
2.004660893000000000e+09,1.259565586877510834e+10,-9.921939295591077901e-01,9.921939295591077901e-01,9.999998477064293567e-01
2.027003176000000000e+09,1.273603657304955673e+10,9.913621184928995689e-01,9.913621184928995689e-01,9.999998460091950037e-01
2.049594467000000000e+09,1.287798184073097610e+10,-9.941074074355438217e-01,9.941074074355438217e-01,9.999998442928179632e-01
2.072437542000000000e+09,1.302150911394177628e+10,9.930832695535809496e-01,9.930832695535809496e-01,9.999998425575622463e-01
2.095535207000000000e+09,1.316663602329993248e+10,-9.938127830061141976e-01,9.938127830061141976e-01,9.999998408027351848e-01
2.118890299000000000e+09,1.331338039420215988e+10,-9.917858660814623528e-01,9.917858660814623528e-01,9.999998390284626781e-01
2.142505688000000000e+09,1.346176025939029121e+10,9.917175772488754371e-01,9.917175772488754371e-01,9.999998372345071385e-01
2.166384275000000000e+09,1.361179384638490105e+10,-9.921308512101681965e-01,9.921308512101681965e-01,9.999998354203537554e-01
2.190528992000000000e+09,1.376349957748530960e+10,9.942382947901748924e-01,9.942382947901748924e-01,9.999998335861657317e-01
2.214942806000000000e+09,1.391689609490232468e+10,9.926066374241022672e-01,9.926066374241022672e-01,9.999998317314758856e-01
2.239628716000000000e+09,1.407200224190868187e+10,9.922076257367529184e-01,9.922076257367529184e-01,9.999998298560794918e-01
2.264589755000000000e+09,1.422883707540541840e+10,-9.901827941770190433e-01,9.901827941770190433e-01,9.999998279597063222e-01
2.289828988000000000e+09,1.438741985335550117e+10,9.930847363212773615e-01,9.930847363212773615e-01,9.999998260423978991e-01
2.315349518000000000e+09,1.454777007248293686e+10,9.919594470594138569e-01,9.919594470594138569e-01,9.999998241036149871e-01
2.341154478000000000e+09,1.470990741800729370e+10,9.924470096062538715e-01,9.924470096062538715e-01,9.999998221432183643e-01
2.367247038000000000e+09,1.487385180762599564e+10,9.910981285350395353e-01,9.910981285350395353e-01,9.999998201609608950e-01
2.393630404000000000e+09,1.503962338523113632e+10,9.899430992104534255e-01,9.899430992104534255e-01,9.999998181566371880e-01
2.420307818000000000e+09,1.520724252090948486e+10,9.925326802108686008e-01,9.925326802108686008e-01,9.999998161299695765e-01
2.447282556000000000e+09,1.537672979837610245e+10,9.920525465828684553e-01,9.920525465828684553e-01,9.999998140807129232e-01
2.474557931000000000e+09,1.554810603382391548e+10,-9.902526824139363804e-01,9.902526824139363804e-01,9.999998120084937492e-01
2.502137296000000000e+09,1.572139229477326012e+10,9.897607362118592267e-01,9.897607362118592267e-01,9.999998099134134177e-01
2.530024037000000000e+09,1.589660985608958244e+10,-9.909815916303618133e-01,9.909815916303618133e-01,9.999998077947431785e-01
2.558221580000000000e+09,1.607378024396574593e+10,9.911908537376347139e-01,9.911908537376347139e-01,9.999998056527124035e-01
2.586733390000000000e+09,1.625292522963884163e+10,9.905090325368379744e-01,9.905090325368379744e-01,9.999998034866623975e-01
2.615562969000000000e+09,1.643406681682381630e+10,-9.890132135069711339e-01,9.890132135069711339e-01,9.999998012963734473e-01
2.644713858000000000e+09,1.661722725427983856e+10,9.903334691390033306e-01,9.903334691390033306e-01,9.999997990819089466e-01
2.674189639000000000e+09,1.680242904837668228e+10,-9.922888993682769110e-01,9.922888993682769110e-01,9.999997968425266004e-01
2.703993932000000000e+09,1.698969494424515724e+10,9.907680082894311235e-01,9.907680082894311235e-01,9.999997945784131481e-01
2.734130400000000000e+09,1.717904795719304466e+10,9.888950962997642424e-01,9.888950962997642424e-01,9.999997922889558577e-01
2.764602743000000000e+09,1.737051133500598145e+10,-9.886688665455856118e-01,9.886688665455856118e-01,9.999997899738850560e-01
2.795414705000000000e+09,1.756410860192975616e+10,-9.893956098578629010e-01,9.893956098578629010e-01,9.999997876330980473e-01
2.826570072000000000e+09,1.775986354610394669e+10,9.894026301225455899e-01,9.894026301225455899e-01,9.999997852663392583e-01
2.858072671000000000e+09,1.795780021327871704e+10,-9.876469493772801478e-01,9.876469493772801478e-01,9.999997828729945137e-01
2.889926372000000000e+09,1.815794291938120651e+10,9.880499231091853796e-01,9.880499231091853796e-01,9.999997804531812751e-01
2.922135088000000000e+09,1.836031625051552582e+10,9.894211643376351617e-01,9.894211643376351617e-01,9.999997780062972463e-01
2.954702775000000000e+09,1.856494506296274948e+10,-9.879139871092285086e-01,9.879139871092285086e-01,9.999997755320364501e-01
2.987633434000000000e+09,1.877185449574729156e+10,9.872119873042479732e-01,9.872119873042479732e-01,9.999997730304042154e-01
3.020931111000000000e+09,1.898106997063690186e+10,-9.879462280203825664e-01,9.879462280203825664e-01,9.999997705006965498e-01
3.054599897000000000e+09,1.919261719214267731e+10,-9.897439556186056198e-01,9.897439556186056198e-01,9.999997679428960229e-01
3.088643926000000000e+09,1.940652213495267487e+10,9.877709914428280946e-01,9.877709914428280946e-01,9.999997653566941036e-01
3.123067382000000000e+09,1.962281108791421509e+10,9.873678266966321448e-01,9.873678266966321448e-01,9.999997627415468937e-01
3.157874494000000000e+09,1.984151062261796951e+10,9.885659035325267130e-01,9.885659035325267130e-01,9.999997600972353462e-01
3.193069536000000000e+09,2.006264759339793777e+10,9.873915797841061881e-01,9.873915797841061881e-01,9.999997574234898989e-01
3.228656833000000000e+09,2.028624917503057480e+10,-9.856293579898105506e-01,9.856293579898105506e-01,9.999997547198358205e-01
3.264640757000000000e+09,2.051234283760204315e+10,-9.883618518800754149e-01,9.883618518800754149e-01,9.999997519861633100e-01
3.301025727000000000e+09,2.074095634650821304e+10,-9.880153026205240607e-01,9.880153026205240607e-01,9.999997492219888651e-01
3.337816214000000000e+09,2.097211779387059402e+10,9.851764987353219816e-01,9.851764987353219816e-01,9.999997464271291880e-01
3.375016737000000000e+09,2.120585557340359116e+10,-9.854601415312247426e-01,9.854601415312247426e-01,9.999997436009012697e-01
3.412631867000000000e+09,2.144219840554724121e+10,-9.874587986032129505e-01,9.874587986032129505e-01,9.999997407433094398e-01
3.450666223000000000e+09,2.168117531233447647e+10,-9.845933006299791845e-01,9.845933006299791845e-01,9.999997378538463266e-01
3.489124478000000000e+09,2.192281565509024429e+10,9.851436827247624928e-01,9.851436827247624928e-01,9.999997349322946594e-01
3.528011357000000000e+09,2.216714912186511230e+10,-9.859744507919011580e-01,9.859744507919011580e-01,9.999997319779584393e-01
3.567331637000000000e+09,2.241420572743530273e+10,-9.853587227861230202e-01,9.853587227861230202e-01,9.999997289908278963e-01
3.607090149000000000e+09,2.266401582586902618e+10,-9.838752875950025345e-01,9.838752875950025345e-01,9.999997259703741204e-01
3.647291775000000000e+09,2.291661009167695236e+10,-9.853396664664103577e-01,9.853396664664103577e-01,9.999997229162774781e-01
3.687941455000000000e+09,2.317201956379450607e+10,-9.841873904831051068e-01,9.841873904831051068e-01,9.999997198281266320e-01
3.729044183000000000e+09,2.343027562044910431e+10,-9.839065939673057315e-01,9.839065939673057315e-01,9.999997167055821867e-01
3.770605008000000000e+09,2.369140998544336700e+10,9.836852114393996871e-01,9.836852114393996871e-01,9.999997135483077448e-01
3.812629035000000000e+09,2.395545473443828583e+10,-9.842153073199773061e-01,9.842153073199773061e-01,9.999997103556432787e-01
3.855121427000000000e+09,2.422244230751959991e+10,-9.822808022744844436e-01,9.822808022744844436e-01,9.999997071275081861e-01
3.898087404000000000e+09,2.449240550291461563e+10,9.832010715204728690e-01,9.832010715204728690e-01,9.999997038635071167e-01
3.941532243000000000e+09,2.476537747699219894e+10,-9.821189296086448861e-01,9.821189296086448861e-01,9.999997005628946667e-01
3.985461283000000000e+09,2.504139177567870331e+10,-9.825151425748878120e-01,9.825151425748878120e-01,9.999996972256470773e-01
4.029879920000000000e+09,2.532048230304204559e+10,9.828930941792540787e-01,9.828930941792540787e-01,9.999996938512727418e-01
4.074793609000000000e+09,2.560268333385807800e+10,-9.803277300427064578e-01,9.803277300427064578e-01,9.999996904390919816e-01
4.120207870000000000e+09,2.588802955130970001e+10,9.816770319579440907e-01,9.816770319579440907e-01,9.999996869890871443e-01
4.166128279000000000e+09,2.617655599043817520e+10,-9.822949526898435701e-01,9.822949526898435701e-01,9.999996835004328899e-01
4.212560480000000000e+09,2.646829811354138565e+10,9.799770643707982343e-01,9.799770643707982343e-01,9.999996799731093455e-01
4.259510175000000000e+09,2.676329174734194946e+10,-9.823207844825255775e-01,9.823207844825255775e-01,9.999996764062515364e-01
4.306983132000000000e+09,2.706157313325271606e+10,9.799399842933125271e-01,9.799399842933125271e-01,9.999996727998516910e-01
4.354985184000000000e+09,2.736317892109358597e+10,9.793842369783964941e-01,9.793842369783964941e-01,9.999996691531520820e-01
4.403522226000000000e+09,2.766814615024194717e+10,9.803051267194246021e-01,9.803051267194246021e-01,9.999996654658001027e-01
4.452600222000000000e+09,2.797651229361496353e+10,9.782331633614227417e-01,9.782331633614227417e-01,9.999996617373649865e-01
4.502225201000000000e+09,2.828831523253685760e+10,-9.795489627192491833e-01,9.795489627192491833e-01,9.999996579672499886e-01
4.552403258000000000e+09,2.860359326302207947e+10,9.774397350662493711e-01,9.774397350662493711e-01,9.999996541553523022e-01
4.603140558000000000e+09,2.892238512090804291e+10,9.765062737264473824e-01,9.765062737264473824e-01,9.999996503008500293e-01
4.654443334000000000e+09,2.924472996928876877e+10,9.771000235037310411e-01,9.771000235037310411e-01,9.999996464034012211e-01
4.706317887000000000e+09,2.957066739851487732e+10,-9.761568760539098832e-01,9.761568760539098832e-01,9.999996424623758262e-01
4.758770592000000000e+09,2.990023746389270020e+10,9.777706657330194062e-01,9.777706657330194062e-01,9.999996384776923541e-01
4.811807891000000000e+09,3.023348064170199203e+10,-9.742827542155634291e-01,9.742827542155634291e-01,9.999996344483568222e-01
4.865436299000000000e+09,3.057043786689502335e+10,-9.772080880406582848e-01,9.772080880406582848e-01,9.999996303742361148e-01
4.919662405000000000e+09,3.091115053937978745e+10,-9.743901183954699619e-01,9.743901183954699619e-01,9.999996262546844150e-01
4.974492870000000000e+09,3.125566051145361328e+10,9.742619342210879774e-01,9.742619342210879774e-01,9.999996220893241361e-01
5.029934430000000000e+09,3.160401010665272522e+10,9.741967571260042869e-01,9.741967571260042869e-01,9.999996178774769318e-01
5.085993895000000000e+09,3.195624211346907425e+10,-9.730043451458538772e-01,9.730043451458538772e-01,9.999996136185470563e-01
5.142678153000000000e+09,3.231239981048305130e+10,-9.736892909844835353e-01,9.736892909844835353e-01,9.999996093122360818e-01
5.199994166000000000e+09,3.267252694123076630e+10,9.713117044279512280e-01,9.713117044279512280e-01,9.999996049580761603e-01
5.257948975000000000e+09,3.303666774561996460e+10,-9.717901538625197677e-01,9.717901538625197677e-01,9.999996005551587963e-01
5.316549701000000000e+09,3.340486696621322250e+10,-9.717311972351178051e-01,9.717311972351178051e-01,9.999995961033052438e-01
5.375803542000000000e+09,3.377716982937837601e+10,9.713812327889604914e-01,9.713812327889604914e-01,9.999995916019015496e-01
5.435717777000000000e+09,3.415362207042128372e+10,-9.684611711492538966e-01,9.684611711492538966e-01,9.999995870501263706e-01
5.496299765000000000e+09,3.453426992730261230e+10,-9.709058687768732376e-01,9.709058687768732376e-01,9.999995824477484474e-01
5.557556951000000000e+09,3.491916017833698273e+10,-9.691657152555678278e-01,9.691657152555678278e-01,9.999995777940621222e-01
5.619496858000000000e+09,3.530834009192745209e+10,9.692764155155511041e-01,9.692764155155511041e-01,9.999995730886066525e-01
5.682127096000000000e+09,3.570185748311421204e+10,9.677210295872925583e-01,9.677210295872925583e-01,9.999995683305782368e-01
5.745455358000000000e+09,3.609976068844182587e+10,9.679654619177435748e-01,9.679654619177435748e-01,9.999995635195659816e-01
5.809489424000000000e+09,3.650209859109199524e+10,9.661043446420418679e-01,9.661043446420418679e-01,9.999995586549339510e-01
5.874237161000000000e+09,3.690892062088352203e+10,-9.664091612614322813e-01,9.664091612614322813e-01,9.999995537359429587e-01
5.939706522000000000e+09,3.732027674798915863e+10,9.659533732743856849e-01,9.659533732743856849e-01,9.999995487623659640e-01
6.005905551000000000e+09,3.773621751435151672e+10,-9.657363358739097237e-01,9.657363358739097237e-01,9.999995437331523629e-01
6.072842378000000000e+09,3.815679400226713562e+10,9.643155829905080134e-01,9.643155829905080134e-01,9.999995386480782233e-01
6.140525228000000000e+09,3.858205789093518066e+10,9.614567170843758559e-01,9.614567170843758559e-01,9.999995335062419333e-01
6.208962415000000000e+09,3.901206141875827789e+10,-9.631849714443607713e-01,9.631849714443607713e-01,9.999995283070031160e-01
6.278162345000000000e+09,3.944685740219213867e+10,-9.610017877018575128e-01,9.610017877018575128e-01,9.999995230498824883e-01
6.348133521000000000e+09,3.988649926716141510e+10,-9.609577946025082973e-01,9.609577946025082973e-01,9.999995177342073660e-01
6.418884537000000000e+09,4.033104101136064148e+10,-9.595752403880780657e-01,9.595752403880780657e-01,9.999995123592718693e-01
6.490424084000000000e+09,4.078053724195332336e+10,9.592435854402779905e-01,9.592435854402779905e-01,9.999995069245510848e-01
6.562760953000000000e+09,4.123504319442150116e+10,-9.587499456842050183e-01,9.587499456842050183e-01,9.999995014290270490e-01
6.635904027000000000e+09,4.169461468230024719e+10,-9.558035403764130189e-01,9.558035403764130189e-01,9.999994958723782412e-01
6.709862294000000000e+09,4.215930817885911560e+10,9.575839752502380842e-01,9.575839752502380842e-01,9.999994902539184327e-01
6.784644838000000000e+09,4.262918076055342102e+10,9.546242726277016644e-01,9.546242726277016644e-01,9.999994845726828396e-01
6.860260846000000000e+09,4.310429015100659943e+10,9.544016831694644987e-01,9.544016831694644987e-01,9.999994788281677538e-01
6.936719607000000000e+09,4.358469471472695160e+10,-9.547637443191269169e-01,9.547637443191269169e-01,9.999994730195240766e-01
7.014030514000000000e+09,4.407045346967407990e+10,9.530707125528335988e-01,9.530707125528335988e-01,9.999994671463240392e-01
7.092203064000000000e+09,4.456162608725884247e+10,9.524012156622743142e-01,9.524012156622743142e-01,9.999994612076258393e-01
7.171246860000000000e+09,4.505827290490974426e+10,9.520691542531782847e-01,9.520691542531782847e-01,9.999994552026715278e-01
7.251171612000000000e+09,4.556045493235611725e+10,9.489012490008713607e-01,9.489012490008713607e-01,9.999994491308340505e-01
7.331987140000000000e+09,4.606823387047767639e+10,9.506596808110073793e-01,9.506596808110073793e-01,9.999994429912664184e-01
7.413703370000000000e+09,4.658167208617178345e+10,9.488655308497856433e-01,9.488655308497856433e-01,9.999994367833516806e-01
7.496330341000000000e+09,4.710083265633573914e+10,-9.458822144387488695e-01,9.458822144387488695e-01,9.999994305060737609e-01
7.579878203000000000e+09,4.762577935530040741e+10,-9.453734156366805363e-01,9.453734156366805363e-01,9.999994241589855726e-01
7.664357221000000000e+09,4.815657667996296692e+10,-9.443356606586109647e-01,9.443356606586109647e-01,9.999994177411436480e-01
7.749777771000000000e+09,4.869328982465416718e+10,-9.431621119295926503e-01,9.431621119295926503e-01,9.999994112517639477e-01
7.836150348000000000e+09,4.923598473140380096e+10,9.413547415849641276e-01,9.413547415849641276e-01,9.999994046901914402e-01
7.923485562000000000e+09,4.978472806480798340e+10,9.425877852065659424e-01,9.425877852065659424e-01,9.999993980553716355e-01
8.011794141000000000e+09,5.033958723087869263e+10,-9.385019772959115603e-01,9.385019772959115603e-01,9.999993913464829687e-01
8.101086935000000000e+09,5.090063040217650604e+10,-9.383095544034546487e-01,9.383095544034546487e-01,9.999993845629492339e-01
8.191374911000000000e+09,5.146792648639469147e+10,-9.372502822074535445e-01,9.372502822074535445e-01,9.999993777038035381e-01
8.282669162000000000e+09,5.204154518290785980e+10,9.369330158370854367e-01,9.369330158370854367e-01,9.999993707683065836e-01
8.374980904000000000e+09,5.262155696392240906e+10,9.344840667152491953e-01,9.344840667152491953e-01,9.999993637554372983e-01
8.468321474000000000e+09,5.320803306191017914e+10,9.324014228213040045e-01,9.324014228213040045e-01,9.999993566643785581e-01
8.562702342000000000e+09,5.380104554500662994e+10,9.325141680698245672e-01,9.325141680698245672e-01,9.999993494942712724e-01
8.658135100000000000e+09,5.440066724789585876e+10,9.316720368605134750e-01,9.316720368605134750e-01,9.999993422442818858e-01
8.754631472000000000e+09,5.500697183464239502e+10,9.292865728191626040e-01,9.292865728191626040e-01,9.999993349134895793e-01
8.852203312000000000e+09,5.562003378612487030e+10,9.265463591063728410e-01,9.265463591063728410e-01,9.999993275010221616e-01
8.950862607000000000e+09,5.623992841888556671e+10,-9.253507073883355805e-01,9.253507073883355805e-01,9.999993200057823994e-01
9.050621476000000000e+09,5.686673187884722137e+10,9.243464740936823132e-01,9.243464740936823132e-01,9.999993124272579248e-01
9.151492175000000000e+09,5.750052117272895813e+10,-9.229552988298005411e-01,9.229552988298005411e-01,9.999993047640362009e-01
9.253487095000000000e+09,5.814137415547991180e+10,-9.228379008714218124e-01,9.228379008714218124e-01,9.999992970155331395e-01
9.356618765000000000e+09,5.878936954912880707e+10,-9.189078490375677255e-01,9.189078490375677255e-01,9.999992891806447348e-01
9.460899855000000000e+09,5.944458696163347626e+10,-9.174360712675208029e-01,9.174360712675208029e-01,9.999992812584655999e-01
9.566343175000000000e+09,6.010710688059770966e+10,-9.143091353642905927e-01,9.143091353642905927e-01,9.999992732479621171e-01
9.672961679000000000e+09,6.077701069840398407e+10,-9.147374064695736884e-01,9.147374064695736884e-01,9.999992651481802719e-01
9.780768464000000000e+09,6.145438070593025208e+10,9.129659819170967694e-01,9.129659819170967694e-01,9.999992569582618618e-01
9.889776774000000000e+09,6.213930011768272400e+10,9.111488498070490216e-01,9.111488498070490216e-01,9.999992486769120337e-01
1.000000000000000000e+10,6.283185307179586029e+10,9.088579791801285612e-01,9.088579791801285612e-01,9.999992403033062249e-01
